canonical_smiles,pIC50,n_measurements,pIC50_std
C#CCC(CCCCCC(=O)Nc1ccccc1)C(=O)NO,4.060480747381382,1,
C#CCN(C)CCCOc1cc(NC(=O)CCCCCCC(=O)NO)c(Cl)cc1Cl,7.221848749616356,1,
C#CCN(C)CCCOc1cc(NC(=O)CCCCCCC(=O)NO)ccc1Cl,8.0,1,
C#CCN(C)CCCOc1cc(NC(=O)CCCCCCCC(=O)NO)ccc1Cl,7.096910013008056,1,
C#CCN(C)CCCOc1cc(NC(=O)CCCCCCCCC(=O)NO)ccc1Cl,6.795880017344075,1,
C#CCN(C)CCCOc1cc(NCc2ccc(/C=C/C(=O)NO)cc2)ccc1Cl,7.0,1,
C#CCN(C)CCCOc1cc(NCc2ccc(C(=O)NO)cc2)ccc1Cl,8.0,1,
C#CCN(C)CCCOc1ccc(NC(=O)CCCCCCC(=O)NO)cc1Cl,8.221848749616356,1,
C#CCN(C)CCCOc1cccc(NC(=O)CCCCCCC(=O)NO)c1Cl,7.045757490560675,1,
C#CCN(C)Cc1cccc(NC(=O)CCCCCCC(=O)NO)c1,7.698970004336019,2,0.0
C#CCN1C(=O)/C(=C2\Nc3ccccc3\C2=N/OCCCC(=O)NO)c2ccccc21,5.729088360589518,1,
C#CCN1C(=O)CNC(=O)/C1=C/c1ccc(C(=O)NCCCNC(=O)c2ccc(C(=O)NO)cc2)cc1,7.318758762624412,1,
C#CCN1C(=O)CNC(=O)/C1=C/c1ccc(C(=O)NCCNC(=O)c2ccc(C(=O)NO)cc2)cc1,6.752026733638193,1,
C#CCN1C(=O)CNC(=O)/C1=C/c1ccc(C(=O)NCc2ccc(C(=O)NO)cc2)cc1,8.18045606445813,1,
C#CCN1C(=O)CNC(=O)/C1=C/c1ccc(C(=O)NCc2cccc(C(=O)NO)c2)cc1,6.251037138743838,1,
C#CCN1C(=O)CNC(=O)/C1=C/c1ccc(C(=O)NO)cc1,6.399027104313252,1,
C#CCN1C(=O)CNC(=O)/C1=C/c1ccc(C(=O)Nc2ccc(C(=O)NO)cc2)cc1,7.366531544420414,1,
C#CCN1C(=O)CNC(=O)/C1=C/c1ccc(C(=O)Nc2cccc(C(=O)NO)c2)cc1,6.910094888560602,1,
C#CCN1CCN(CCCOc2ccc3c(ccn3S(=O)(=O)c3ccc(C(=O)NO)cc3)c2)CC1,7.455931955649724,1,
C#CCn1c(=O)c(OCc2ccc(C(=O)NO)cc2)c(-c2ccccc2)c2ccccc21,7.086186147616283,1,
C#Cc1cc(Nc2ncnc3cc(OC)c(OCCCCCCC(=O)NO)cc23)ccc1F,8.468521082957745,1,
C#Cc1ccc(-c2nc3ccc(C(=O)NO)cc3[nH]2)cc1,7.721246399047171,1,
C#Cc1ccc(CNC(=O)O[C@H]2C[C@@H](C)C=C3C=C[C@H](C)[C@H](CC[C@@H]4C[C@@H](O[Si](C)(C)C(C)(C)C)CC(=O)O4)[C@H]32)cc1,7.468521082957745,1,
C#Cc1ccc(NC(=O)O[C@H]2C[C@@H](C)C=C3C=C[C@H](C)[C@H](CC[C@@H]4C[C@@H](O[Si](C)(C)C(C)(C)C)CC(=O)O4)[C@H]32)cc1,6.896196279044043,1,
C#Cc1cccc(Nc2ncnc3cc(NC(=O)CCCCCCC(=O)NO)sc23)c1,7.6777807052660805,1,
C#Cc1cccc(Nc2ncnc3cc(OC)c(OCCCCCCC(=O)NO)cc23)c1,8.335174823643229,3,0.037018255660608144
C#Cc1cccc(OCc2ccc(-c3nnc(C(F)F)o3)cn2)c1,7.301029995663981,2,0.0
C#Cc1cccc(OCc2ncc(-c3nnc(C(F)F)o3)cc2F)c1,7.301029995663981,2,0.0
C#Cc1ccccc1OCc1ccc(-c2nnc(C(F)F)o2)cn1,7.301029995663981,2,0.0
C#Cc1ccccc1OCc1ncc(-c2nnc(C(F)F)o2)cn1,7.301029995663981,1,
C#Cc1nc(/C=C/C(=O)NO)cs1,6.795880017344075,1,
C#Cc1nc(/C=C/C=C/C(=O)NO)cs1,6.795880017344075,1,
C#Cc1nc(/C=C/CCCCCC(=O)NO)cs1,8.0,1,
C#Cc1nc(/C=C\CCCCCC(=O)NO)cs1,7.6020599913279625,1,
C#Cc1nc(C(=O)NCCCCCCC(=O)NO)cs1,9.0,1,
C/C(=C\[C@@H](C)/C=C/C(=O)NO)C(=O)c1ccc(N(C)C)cc1,7.958607314841775,1,
C/C(=C\[C@H](C)/C=C/C(=O)NO)C(=O)c1ccc(N(C)C)cc1,8.330683119433887,1,
C/C(=C\c1ccc(C(=O)NO)cc1)CNc1cnc2c(Br)cccc2c1,7.552841968657781,1,
C/C(=N\N(C)C(=O)c1ccc(N(C)C)cc1)c1ccc(C(=O)NO)cc1,7.013228265733755,1,
C/C(=N\NC(=O)c1ccc(N(C)C)cc1)c1ccc(C(=O)NO)cc1,7.251811972993799,1,
C/C(=N\NC(=S)NCCCCCC(=O)NO)c1ccc(Br)cc1,7.455931955649724,1,
C/C(=N\NC(=S)NCCCCCC(=O)NO)c1ccc(F)cc1,7.200659450546418,1,
C/C(=N\NC(=S)NCCCCCC(=O)NO)c1cccc(Br)c1,7.42021640338319,1,
C/C(=N\O)c1ccc2c(c1)N(Cc1ccc(C(=O)NO)cc1)c1ccccc1S2,7.220046687481943,2,1.044482455847055
C/C(=N\O)c1ccc2c(c1)N(Cc1ccc(C(=O)NO)cc1)c1ccccc1[S+]2[O-],6.793182501400722,2,1.418028426004902
C/C=C/c1sc(-c2nccs2)nc1C(=O)NCCCCC(=O)NO,6.422514279227764,2,0.003249687184046668
C/C=C/c1sc(-c2nccs2)nc1C(=O)NCCCNC(=O)CS,6.327902142064282,1,
C/C=C1/NC(=O)[C@@H](CS)NC(=O)[C@@H](C(C)C)NC(=O)C[C@@H](/C=C/CCS)OC(=O)[C@H](C(C)C)NC1=O,6.481486060122112,1,
C/C=C1\NC(=O)[C@@H](CS)NC(=O)[C@@H](C(C)C)CC(=O)C[C@@H](/C=C/CCS)OC(=O)[C@H](C(C)C)NC1=O,5.607372776060222,5,0.7176272691157668
C/C=C1\NC(=O)[C@@H](CS)NC(=O)[C@@H](C(C)C)NC(=O)C[C@@H](/C=C/CCS)OC(=O)[C@H](C(C)C)NC1=O,6.102372908709558,1,
C/C=C1\NC(=O)[C@H](CS)NC(=O)[C@@H](C(C)C)NC(=O)C[C@@H](/C=C/CCS)OC(=O)[C@H](C(C)C)NC1=O,6.826813731587726,1,
C/C=C1\NC(=O)[C@H](CS)NC(=O)[C@@H](C(C)C)NC(=O)C[C@@H](/C=C/CS)OC(=O)[C@H](C(C)C)NC1=O,6.102372908709558,1,
C/C=C1\NC(=O)[C@H]2CSSCC/C=C/[C@@H](CC(=O)N[C@H](C(C)C)C(=O)N2)OC(=O)[C@H](C(C)C)NC1=O,6.6392864290844615,9,0.995856348513555
C/C=C1\NC(=O)[C@H]2CSSCC/C=C/[C@H](CC(=O)N[C@H](C(C)C)C(=O)N2)OC(=O)[C@H](C(C)C)NC1=O,6.871026433027317,6,0.9988718611629489
C/C=C1\NC(=O)c2csc(n2)CNC(=O)C[C@@H](/C=C/CCS)OC(=O)[C@H](C(C)C)NC1=O,6.480172006224281,1,
C/C=C1\NC(=O)c2csc(n2)CNC(=O)C[C@@H](/C=C/CCSC(=O)CCCCCCC)OC(=O)[C@H](C(C)C)NC1=O,5.450168310270351,2,0.41316689732521333
C/C=C1\NC(=O)c2csc(n2)CNC(=O)C[C@@H](/C=C/CCSC(C)=O)OC(=O)[C@H](C(C)C)NC1=O,5.334419008982047,1,
C/C=C1\NC(=O)c2csc(n2)CNC(=O)C[C@@H](/C=C/CCSSCCCCCCC)OC(=O)[C@H](CCCCNC(=O)CCCCC[N+]2=C(/C=C/C=C/C=C3/N(CC)c4ccc5c(S(=O)(=O)O)cc(S(=O)(=O)O)cc5c4C3(C)C)C(C)(C)c3c2ccc2c(S(=O)(=O)[O-])cc(S(=O)(=O)O)cc32)NC1=O,6.619487374144313,2,0.7571905687893229
C/C=C1\NC(=O)c2csc(n2)[C@@H](C(C)C)NC(=O)C[C@@H](/C=C/CCS)OC(=O)[C@H](C(C)C)NC1=O,6.338187314462739,1,
C1=CCCCCCC[n+]2cccc(c2)CCCCCCCCCCCCC[n+]2cccc(c2)CCCCCC1,4.522878745280337,1,
C1=CCCCCCC[n+]2cccc(c2)CCCCCCCCCCCC[n+]2cccc(c2)CCCCCC1,4.769551078621726,1,
C1=CCCCC[n+]2cccc(c2)CCCCCCCCCCCC[n+]2cccc(c2)CCCCCC1,4.214670164989233,1,
C1=CCCC[n+]2cccc(c2)CCCCCCCCCCCC[n+]2cccc(c2)CCCCCC1,4.096910013008056,1,
C=C(CC)CCCCC[C@@H]1NC(=O)[C@H]2CCCCN2CC(=O)[C@H]([C@@H](C)CC)NC(=O)[C@H](Cc2cn(OC)c3ccccc23)NC1=O,5.838631997765026,1,
C=C(CCCCCNc1cc(-c2ccc(N3CCN(C(=O)OC(C)(C)C)CC3)nc2)cc(C(=O)NCc2c(C)cc(C)[nH]c2=O)c1C)NO,5.910094888560602,1,
C=C(Cc1ccc(O)c(Br)c1)C(=O)NCCS,5.958607314841775,1,
C=C(Cc1ccc(O)c(Br)c1)C(=O)NCCSSCCNC(=O)C(=C)Cc1ccc(O)c(Br)c1,4.694648630553377,1,
C=C(c1cc(OC)c(OC)c(OC)c1)c1ccc(OC)cc1/C=C/C(=O)NO,5.301029995663981,1,
C=C(c1cc(OC)c(OC)c(OC)c1)c1ccc2c(c1)c(/C=C/C(=O)NO)cn2C,5.161150909262744,1,
C=C(c1cc(OC)c(OC)c(OC)c1)c1ccc2c(c1)cc(/C=C/C(=O)NO)n2C,5.42021640338319,1,
C=C(c1ccc(C(=O)NO)cc1)c1cc2c(cc1C)C(C)(C)CCC2(C)C,5.173925197299173,1,
C=C(c1ccc(OC)c(/C=C/C(=O)NO)c1)c1cc(OC)c(OC)c(OC)c1,4.823908740944319,2,0.0
C=C(c1ccc(OC)c(OC(C)C(=O)NO)c1)c1cc(C)nc2ccccc12,5.329568590639394,1,
C=C(c1ccc(OC)c(OC(F)C(=O)NO)c1)c1cc(C)nc2ccccc12,6.338187314462739,1,
C=C1C(=O)O[C@@H]2C[C@@]3(C)CC[C@@H](OC(=O)CNC(=O)c4ccc(C(=O)NO)cc4)C(=C)[C@@H]3C[C@H]12,7.055517327849831,1,
C=C1C(=O)O[C@@H]2C[C@@]3(C)CC[C@@H](OC(=O)CNC(=O)c4cccc(/C=C/C(=O)NO)c4)C(=C)[C@@H]3C[C@H]12,7.346787486224656,1,
C=C1C(=O)O[C@@H]2C[C@@]3(C)CC[C@@H](OC(=O)[C@@H](C)NC(=O)c4ccc(/C=C/C(=O)NO)cc4)C(=C)[C@@H]3C[C@H]12,7.1938200260161125,1,
C=C1C(=O)O[C@@H]2C[C@@]3(C)CC[C@@H](OC(=O)[C@@H](C)NC(=O)c4ccc(C(=O)NO)cc4)C(=C)[C@@H]3C[C@H]12,6.787812395596042,1,
C=C1C(=O)O[C@@H]2C[C@@]3(C)CC[C@@H](OC(=O)[C@@H](C)NC(=O)c4cccc(/C=C/C(=O)NO)c4)C(=C)[C@@H]3C[C@H]12,7.060480747381382,1,
C=C1C(=O)O[C@@H]2C[C@@]3(C)CC[C@@H](OC(=O)[C@H](C)NC(=O)c4ccc(/C=C/C(=O)NO)cc4)C(=C)[C@@H]3C[C@H]12,8.113509274827518,1,
C=C1C(=O)O[C@@H]2C[C@@]3(C)CC[C@@H](OC(=O)[C@H](C)NC(=O)c4ccc(C(=O)NO)cc4)C(=C)[C@@H]3C[C@H]12,6.573488738635424,1,
C=C1C(=O)O[C@@H]2C[C@@]3(C)CC[C@@H](OC(=O)[C@H](C)NC(=O)c4cccc(/C=C/C(=O)NO)c4)C(=C)[C@@H]3C[C@H]12,7.207608310501746,1,
C=CCC(/C=C/c1ccccc1)n1cc(/C=C/C(=O)NO)nn1,7.045757490560675,1,
C=CCC(CCCCCC(=O)Nc1ccccc1)C(=O)NO,3.8416375079047507,1,
C=CCCC(=O)NCCCCN1CCc2nc(C(=O)NO)sc2C1,4.606424796730413,1,
C=CCCC(=O)NCCCN1CCc2nc(C(=O)NO)sc2C1,4.231583911783669,1,
C=CCCC(=O)Nc1ccc(C(=O)N2CCc3nc(C(=O)NO)sc3C2)cc1,6.4089353929735005,1,
C=CCCC(=O)Nc1ccc(C(C)N2CCc3nc(C(=O)NO)sc3C2)cn1,4.8696662315049934,1,
C=CCCCNc1cc(/C=C/C(=O)NO)ccc1SCCN(CC)CC,6.508638306165727,1,
C=CCCn1cc(-c2nc(Nc3ccc(NC(=O)CCCCCCC(=O)NO)cc3)nc3[nH]ccc23)cn1,9.602059991327963,1,
C=CCN1CCC=C(CCC(=O)NO)C1=O,5.369572124974976,2,0.0
C=CCN1CCc2c(c3ccccc3n2Cc2ccc(C(=O)NO)cc2)C1,9.012333735073726,1,
C=CCNc1cc(/C=C/C(=O)NO)ccc1SCCN(CC)CC,6.455931955649724,1,
C=CCn1c(SCCCCCC(=O)NO)nnc1-c1ccncc1,3.540667835107996,1,
C=CCn1c(SCCCCCC(=O)Nc2ccccc2N)nnc1-c1ccncc1,5.009217308196862,1,
C=CCn1c(SCc2ccc(C(=O)NO)cc2)nnc1-c1ccncc1,5.006123085058789,1,
C=CCn1c(SCc2ccc(C(=O)Nc3ccccc3N)cc2)nnc1-c1ccncc1,5.001740661576301,1,
C=C[C@@]1(C)CC[C@H](C(=C)CN2CCN(C(=O)CCCCCCC(=O)NO)CC2)C[C@@H]1C(=C)Cn1cccn1,8.045757490560675,1,
C=C[C@]1(C)CC[C@@H](C(=C)Cn2cccn2)C[C@H]1C(=C)CN1CCN(C(=O)CCCCCCC(=O)NO)CC1,7.853871964321762,1,
C=Cc1sc(-c2nccs2)nc1C(=O)NCCCCC(=O)NO,6.0106589354316595,3,0.6441744609876591
C=Cc1sc(-c2nccs2)nc1C(=O)NCCCNC(=O)CS,6.1598939055432425,1,
C=c1[nH]n(-c2ccc(C(=O)O)cc2)c(=O)c1=Cc1ccc(-c2cc(C)c(C)cc2[N+](=O)[O-])o1,5.154901959985743,1,
CC(/C=C/C(=O)NO)=C\C(C)Sc1ccc(N(C)C)cc1,5.275724130399211,1,
CC(/C=C/C(=O)NO)=C\[C@@H](C)C(=O)c1ccc(N(C)C)cc1,8.237794152827963,90,0.8595728671099375
CC(/C=C/C(=O)NO)=C\[C@@H](C)[C@H]1CC[C@H]2/C(=C/C=C3\C[C@@H](O)C[C@@H](O)C3)CCC[C@]12C,6.236572006437063,1,
CC(/C=C/C(=O)NO)=C\[C@H](C)C(=O)c1ccc(N(C)C)cc1,7.657577319177793,1,
CC(/C=C/C(=O)NO)=C\c1ccc(Cl)cc1,6.51999305704285,1,
CC(/C=C/C(=O)NO)=C\c1ccc(N(C)C)cc1,6.103473782510445,1,
CC(/C=C/C(=O)NO)=C\c1ccc(NS(=O)(=O)c2ccc(Cl)cc2)cc1,7.309803919971486,1,
CC(/C=C/C(=O)NO)=C\c1ccc(NS(=O)(=O)c2ccc(N(CCCl)CCCl)cc2)cc1,6.319664486585436,1,
CC(/C=C/C(=O)NO)=C\c1ccc(NS(=O)(=O)c2ccccc2)cc1,6.764471553092451,1,
CC(/C=C/C(=O)NO[C@@H]1O[C@H](CO)[C@@H](O)[C@H](O)[C@H]1O)=C\[C@@H](C)C(=O)c1ccc(N(C)C)cc1,4.626536278367631,1,
CC(/C=C/C(=O)Nc1ccc(C(=O)N[C@@H](CCC(N)=O)C(=O)O)cc1)=C\[C@@H](C)C(=O)c1ccc(N(C)C)cc1,4.699839463048647,1,
CC(/C=C/c1ccccc1)=C\C(=O)NCCCCCC(=O)NO,8.020479303839453,2,0.6158230459614147
CC(/C=C/c1ccccc1)n1cc(/C=C/C(=O)NO)nn1,7.207608310501746,1,
CC(=C/[C@@H](C)C(=O)c1ccc(N(C)C)cc1)/C=C/C(=O)NO,7.301029995663981,1,
CC(=CC(C)C=CC(=O)NO)C(=O)c1ccc(N(C)C)cc1,7.9463425959780105,24,0.9547827282716045
CC(=CC(C)C=CC(=O)O)C(=O)c1ccc(N(C)C)cc1,4.021682503253249,1,
CC(=O)CCCCC[C@H](NC(=O)C1CCCCN1C)C(=O)Nc1nc(-c2ccccc2)cs1,7.886056647693163,1,
CC(=O)CCCCC[C@H](NC(=O)C1CCN(C)CC1)c1nc(-c2ccc3ccccc3c2)c[nH]1,8.0,1,
CC(=O)CCCCC[C@H](NC1CCCCN1C)C(=O)Nc1nc(-c2ccccc2)cs1,7.886056647693163,1,
CC(=O)N(C)C[C@@H](Nc1ncc(-c2nnc(C(F)F)o2)cn1)c1ccc(F)cc1,6.443697499232712,1,
CC(=O)N(C)C[C@H](Nc1ncc(-c2nnc(C(F)F)o2)cn1)c1ccc(F)cc1,7.031517051446065,1,
CC(=O)N(CC1CCN(c2ncc(C(=O)NO)cn2)CC1)C1(C(=O)NC(C)(C)C)CCNC1,6.1938200260161125,1,
CC(=O)N(CC1CCN(c2ncc(C(=O)NO)cn2)CC1)C1(C(=O)NCCc2c[nH]c3ccccc23)CCNC1,6.455931955649724,1,
CC(=O)N(CC1CCN(c2ncc(C(=O)NO)cn2)CC1)C1(C(=O)NCc2ccccc2)CCNC1,6.3979400086720375,1,
CC(=O)N(CC1CCN(c2ncc(C(=O)NO)cn2)CC1)C1(C(=O)NCc2ccccc2)CCOC1,6.494850021680094,1,
CC(=O)N(C[C@@H](Nc1ncc(-c2nnc(C(F)F)o2)cn1)c1ccc(F)cc1)CC(F)(F)F,6.958607314841775,1,
CC(=O)N(C[C@H](Nc1ncc(-c2nnc(C(F)F)o2)cn1)c1ccc(F)cc1)CC(F)(F)F,6.161150909262744,1,
CC(=O)N(Cc1ccc(C(C)(C)C)cc1)c1ccc(C(=O)NO)cc1,7.1487416512809245,1,
CC(=O)N(Cc1cccc(C(F)(F)F)c1)c1ccc(C(=O)NO)cc1,6.928117992693874,1,
CC(=O)N(Cc1ccco1)c1cccc(-c2cn(Cc3c(F)cc(-c4nnc(C(F)F)o4)cc3F)nn2)c1,7.031517051446065,1,
CC(=O)N(c1ccc(C(=O)N(C)CCCCCCC(=O)NO)cc1)c1c(C)cccc1C,6.939713034397075,2,0.9367000494882087
CC(=O)N(c1ccc(C(=O)NCCCCCCC(=O)NO)cc1)c1c(C)cccc1C,7.180456064458131,2,0.674751349321014
CC(=O)N(c1ccccc1)c1ccc(C(=O)N(C)CCCCCCC(=O)NO)cc1,6.869475678327888,2,0.7952442439620255
CC(=O)N(c1ccccc1)c1ccc(C(=O)NCCCCCCC(=O)NO)cc1,7.848401971289755,2,0.953854201283134
CC(=O)N1CC2(C1)C(=O)N(Cc1ccc(-c3nnc(C(F)F)o3)cn1)C(=O)N2c1ccccc1,6.432973633840939,1,
CC(=O)N1CC2(C1)CN(C(=S)N(Cc1ccc(-c3nnc(C(F)F)o3)cc1F)c1ccc(F)c(F)c1)C2,7.455931955649724,1,
CC(=O)N1CC2(CC(=O)c3cc(/C=C/C(=O)NO)ccc3O2)C1,6.314258261397736,1,
CC(=O)N1CCC(C)(C(=O)N2Cc3c(F)cc(-c4noc(C(F)(F)F)n4)cc3OC[C@@H]2C)CC1,6.455931955649724,1,
CC(=O)N1CCC(CNCc2ccc(-c3noc(C(F)(F)F)n3)cn2)CC1,7.0,1,
CC(=O)N1CCC(Nc2ncc(-c3nnc(C(F)F)o3)cn2)(c2ccc(F)cc2)CC1,6.853871964321762,1,
CC(=O)N1CCC(Nc2ncc(C(=O)NO)cn2)(C(C)C)CC1,8.229147988357855,1,
CC(=O)N1CCC(Nc2ncc(C(=O)NO)cn2)(c2ccccc2)CC1,8.795880017344075,1,
CC(=O)N1CCC(c2ccc3c(c2)C(=O)N(Cc2ccc(-c4nnc(C(F)F)o4)cn2)C(=O)C3(C)C)CC1,7.769551078621726,1,
CC(=O)N1CCC(c2nnn(Cc3ccc(-c4nnc(C(F)F)o4)cc3)n2)CC1,6.403402904373539,1,
CC(=O)N1CCC2(CC(=O)c3cc(/C=C/C(=O)NO)ccc3O2)C1,6.019996628416253,1,
CC(=O)N1CCC2(CC1)C(=O)N(Cc1ccc(C(=O)NO)cc1)CN2c1ccccc1,7.698970004336019,1,
CC(=O)N1CCC2(CC1)CC(N1CCc3cc(C(=O)NO)cnc3C1)C2,6.259637310505756,1,
CC(=O)N1CCC2(CC1)CN(Cc1ccc(C(=O)NO)cc1)c1ccccc12,7.200659450546418,1,
CC(=O)N1CCCC2(CC(=O)c3cc(/C=C/C(=O)NO)ccc3O2)C1,6.684029654543082,1,
CC(=O)N1CCCC2(CC1)CC(=O)c1cc(/C=C/C(=O)NO)ccc1O2,6.490797477668897,1,
CC(=O)N1CCN(CC(=O)N(Cc2ccc(-c3noc(C(F)(F)F)n3)cc2)c2cccc(C(F)(F)F)c2)CC1,7.6777807052660805,1,
CC(=O)N1CCN(c2ccc3c(c2)C(C)(C)C(=O)N(Cc2ccc(-c4nnc(C(F)F)o4)cn2)C3=O)CC1,7.568636235841012,1,
CC(=O)N1CCN(c2ccc3c(c2)C(C)(C)C(=O)N(Cc2ccc(-c4nnc(C(F)F)o4)cn2)C3=O)CC12CC2,7.958607314841775,1,
CC(=O)N1CCN(c2ncc(C(=O)NO)s2)CC1,5.552841968657781,1,
CC(=O)N1CCc2c(c3ccccc3n2Cc2ccc(C(=O)NO)cc2)C1,7.102372908709558,1,
CC(=O)N1CCc2c1cccc2N1C(=O)N(Cc2ccc(-c3nnc(C(F)F)o3)cn2)C(=O)C1(C)C,7.167491087293763,1,
CC(=O)N1Cc2c(F)cc(-c3noc(C(F)(F)F)n3)cc2OC[C@@H]1C,6.455931955649724,1,
CC(=O)N1[C@H](C)CN(S(=O)(=O)N(Cc2ccc(-c3nnc(C(F)F)o3)cc2)c2cccnc2)C[C@@H]1C,4.116440763807179,1,
CC(=O)N1[C@H](C)CN(S(=O)(=O)N(Cc2ccc(-c3nnc(C(F)F)o3)cn2)c2ccccc2)C[C@@H]1C,4.140387421469351,1,
CC(=O)N1c2ccc(-c3ccc(NC(=O)CCCCCCC(=O)NO)cc3)cc2[C@H](NC(=O)OC(C)C)C[C@@H]1C,6.376750709602099,1,
CC(=O)NC(Cc1ccc(-c2noc(C(F)(F)F)n2)cn1)c1cccc(C(F)(F)F)c1,7.795880017344075,1,
CC(=O)NCC(Nc1ncc(-c2nnc(C(F)F)o2)cn1)c1ccc(F)cc1,6.852326425833191,2,0.672565627829308
CC(=O)NCCC(=O)N(Cc1ccc(-c2noc(C(F)(F)F)n2)cc1)c1cccc(C(F)(F)F)c1,7.4089353929735005,1,
CC(=O)NCCCC[C@@H]1NC(=O)C[C@H](CC(C)C)NC(=O)[C@H](Cc2cccc3ccccc23)NC(=O)[C@H](CCCCCC(=O)O)NC1=O,5.777283528852417,1,
CC(=O)NCCCC[C@@H]1NC(=O)C[C@H](Cc2ccc(O)cc2)NC(=O)[C@H](Cc2cccc3ccccc23)NC(=O)[C@H](CCCCCC(=O)O)NC1=O,5.356547323513812,1,
CC(=O)NCCCc1nc2ccccc2n1Cc1ccc(C(=O)NO)cc1,7.327902142064282,1,
CC(=O)NCCc1ccc(C(=O)CSc2nc(C(F)(F)F)nc3ccccc23)s1,6.522878745280337,1,
CC(=O)NCCc1ccc(C(=O)CSc2nc(C3CC3)nc3ccccc23)s1,6.522878745280337,1,
CC(=O)NCCc1ccc(C(=O)CSc2nc3nc(C)ccc3o2)s1,6.522878745280337,1,
CC(=O)NC[C@H](Nc1ncc(-c2nnc(C(F)F)o2)cn1)c1ccc(F)cc1,7.318758762624412,1,
CC(=O)NCc1ccc(C(=O)CSc2ncnc3c2cnn3C)s1,6.1249387366083,1,
CC(=O)NCc1ccc(C(=O)NO)cc1,6.187086643357144,1,
CC(=O)N[C@@H](CCCNC(=N)N)C(=O)N[C@@H](CC(C)C)C(=O)N[C@@H](CC(C)C)C(=O)N[C@@H](CCCNC(=N)N)C(=O)N[C@@H](CC(C)C)C(=O)N[C@H]1CC[S+](C)Cc2cccc(c2)C[S+](C)CC[C@@H](C(=O)N[C@@H](CC(C)C)C(=O)N[C@@H](CC(C)C)C(=O)N[C@@H](CCCNC(=N)N)C(=O)N[C@@H](CC(C)C)C(=O)NCCCCCC(=O)NO)NC(=O)[C@H](CCCNC(=N)N)NC(=O)[C@H](CC(C)C)NC(=O)[C@H](CCCNC(=N)N)NC1=O,6.508638306165727,1,
CC(=O)N[C@@H](CS)C(=O)O,2.5003129173815966,1,
CC(=O)N[C@@H](CSC(=S)NC1CCCCC1NC(=S)SC[C@H](NC(C)=O)C(=O)O)C(=O)O,2.779891911959945,1,
CC(=O)N[C@@H](CSC(=S)NCC1CCCC(CNC(=S)SC[C@H](NC(C)=O)C(=O)O)C1)C(=O)O,2.5718652059712115,1,
CC(=O)N[C@@H](CSC(=S)NCCCC(C)CNC(=S)SC[C@H](NC(C)=O)C(=O)O)C(=O)O,2.6595558851598815,1,
CC(=O)N[C@@H](CSC(=S)NCCCCNC(=S)SC[C@H](NC(C)=O)C(=O)O)C(=O)O,2.632644078973981,1,
CC(=O)N[C@@H](CSC(=S)NCCCNC(=S)SC[C@H](NC(C)=O)C(=O)O)C(=O)O,2.2247537402597635,1,
CC(=O)N[C@@H](CSC(=S)NCCOCCOCCNC(=S)SC[C@H](NC(C)=O)C(=O)O)C(=O)O,2.359518563029578,1,
CC(=O)N[C@@H](CSC(=S)NCCc1ccccc1)C(=O)O,2.4621809049267256,1,
CC(=O)N[C@@H](CSC(=S)NCc1ccccc1)C(=O)O,2.46344155742847,1,
CC(=O)N[C@@H](CSC(=S)N[C@H]1CC[C@H](NC(=S)SC[C@H](NC(C)=O)C(=O)O)CC1)C(=O)O,2.42712839779952,1,
CC(=O)N[C@@H](CSC(=S)Nc1ccc(C)c(NC(=S)SC[C@H](NC(C)=O)C(=O)O)c1)C(=O)O,3.346787486224656,1,
CC(=O)N[C@@H](CSC(=S)Nc1ccc(NC(=S)SC[C@H](NC(C)=O)C(=O)O)cc1)C(=O)O,3.5376020021010435,1,
CC(=O)N[C@@H](CSC(=S)Nc1cccc(NC(=S)SC[C@H](NC(C)=O)C(=O)O)c1)C(=O)O,3.013228265733755,1,
CC(=O)Nc1cc(-c2nnn(Cc3ccc(-c4nnc(C(F)F)o4)cc3)n2)cnc1C,7.292429823902063,1,
CC(=O)Nc1ccc(-c2cc(C(=O)NCCCCCCC(=O)NO)no2)cc1,8.166852888087215,1,
CC(=O)Nc1ccc(-c2ccnc(NCc3ccc(OCCCCCC(=O)NO)cc3)n2)cc1,7.698970004336019,1,
CC(=O)Nc1ccc(-c2ccnc(Nc3ccc(NC(=O)CCCCC(=O)NO)cc3)n2)cc1,6.931814138253838,1,
CC(=O)Nc1ccc(-c2ccnc(Nc3ccc(NC(=O)CCCCCCC(=O)NO)cc3)n2)cc1,10.0,1,
CC(=O)Nc1ccc(-c2ccnc(Nc3ccc(OCCCCCC(=O)NO)cc3)n2)cc1,8.886056647693163,1,
CC(=O)Nc1ccc(-c2ccnc(Nc3ccc(OCCCCCCC(=O)NO)cc3)n2)cc1,8.522878745280337,1,
CC(=O)Nc1ccc(-c2ccnc(Nc3ccc(OCCCCCCCC(=O)NO)cc3)n2)cc1,7.853871964321762,1,
CC(=O)Nc1ccc(-c2ccnc(Nc3cccc(NC(=O)CCCCC(=O)NO)c3)n2)cc1,8.337242168318426,1,
CC(=O)Nc1ccc(-c2ccnc(Nc3cccc(NC(=O)CCCCCCC(=O)NO)c3)n2)cc1,9.09151498112135,1,
CC(=O)Nc1ccc(-c2ccnc(Nc3cccc(OCCCCCC(=O)NO)c3)n2)cc1,8.619788758288394,1,
CC(=O)Nc1ccc(-c2ccnc(Nc3cccc(OCCCCCCC(=O)NO)c3)n2)cc1,8.744727494896694,1,
CC(=O)Nc1ccc(-c2ccnc(Nc3cccc(OCCCCCCCC(=O)NO)c3)n2)cc1,8.173925197299173,1,
CC(=O)Nc1ccc(-c2nc(Nc3ccc(OCCCCCC(=O)NO)cc3)ncc2C)cc1,8.455931955649724,1,
CC(=O)Nc1ccc(-c2nc(Nc3cccc(OCCCCCCC(=O)NO)c3)ncc2C)cc1,8.214670164989233,1,
CC(=O)Nc1ccc(-c2nc(Nc3cccc(OCCCCCCCC(=O)NO)c3)ncc2C)cc1,8.013228265733755,1,
CC(=O)Nc1ccc(C(=O)COc2nc(C)cc(=O)[nH]2)cc1,4.055517327849832,1,
CC(=O)Nc1ccc(C(=O)CSc2nc(C)cc(=O)[nH]2)cc1,4.950781977329818,2,0.0
CC(=O)Nc1ccc(C(=O)NO)cc1,6.642585819046464,3,0.1280844353103855
CC(=O)Nc1ccc(C(=O)NO)cc1F,7.236572006437063,1,
CC(=O)Nc1ccc(C(=O)Nc2cc(-c3cccs3)ccc2N)cc1,6.690369832574101,1,
CC(=O)Nc1ccc(C(=O)Nc2ccccc2N)cc1,5.690447695393459,3,0.08984793548319715
CC(=O)Nc1ccc(CN2CCC=C(CCC(=O)NO)C2=O)cc1,6.086186147616283,1,
CC(=O)Nc1cccc(-c2cn(Cc3c(F)cc(-c4nnc(C(F)F)o4)cc3F)nn2)c1,7.468521082957745,1,
CC(=O)Nc1cccc(-c2cn(Cc3ccc(-c4nnc(C(F)F)o4)cc3)nn2)c1,7.259637310505756,1,
CC(=O)Nc1cccc(-c2cn(Cc3ccc(-c4nnc(C(F)F)o4)cn3)nn2)c1,7.769551078621726,1,
CC(=O)Nc1cccc(-c2csc(NC(=O)CCCCCC(=O)Nc3ccccc3N)n2)c1,4.950781977329818,1,
CC(=O)Nc1cccc(N2C(=O)N(Cc3ccc(-c4nnc(C(F)F)o4)cn3)C(=O)C2(C)C)c1,7.455931955649724,1,
CC(=O)Nc1cnc(-c2noc(C(F)(F)F)n2)cn1,5.769551078621726,1,
CC(=O)O[C@H](C)C(=O)CCCCCCC(=O)Nc1ccccc1,4.195179321278838,1,
CC(=O)SCC(=O)NCCCCCC(=O)Nc1ccccc1,4.657577319177793,2,0.0
CC(=O)SCC(=O)NCCCCCOc1cc2nccc(Oc3ccc(NC(=O)C4(C(=O)Nc5ccc(F)cc5)CC4)cc3F)c2cc1C(N)=O,7.568636235841012,1,
CC(=O)SCC(=O)NCCCCCOc1cc2nccc(Oc3ccc(NC(=O)NC4CC4)c(Cl)c3)c2cc1C(N)=O,8.048662481204083,1,
CC(=O)SCC(=O)c1ccc(CCCN)cc1,6.455931955649724,1,
CC(=O)SCC(=O)c1ccc(CCN)cc1,6.6777807052660805,1,
CC(=O)SCC(=O)c1ccc(CN)cc1,6.494850021680094,1,
CC(=O)SCC(=O)c1cccc(CCCN)c1,6.0,1,
CC(=O)SCC(=O)c1cccc(CCN)c1,6.221848749616356,1,
CC(=O)SCC(=O)c1cccc(CN)c1,5.958607314841775,1,
CC(=O)SCC/C=C/[C@@H]1CC(=O)NCc2ccc(cc2)C2=N[C@@](C)(CS2)C(=O)N[C@@H](C(C)C)C(=O)O1,5.79317412396815,1,
CC(=O)SCC/C=C/[C@@H]1CC(=O)N[C@H](C(C)C)C(=O)N[C@H](Cc2ccccc2)C(=O)N[C@H](C(C)C)c2cn(nn2)CC(=O)O1,5.061980902523789,1,
CC(=O)SCC/C=C/[C@@H]1CC(=O)N[C@H](C(C)C)C(=O)N[C@H](Cc2cn(C)cn2)C(=O)N[C@H](C(C)C)c2cn(nn2)CC(=O)O1,5.004803708402821,1,
CC(=O)SCCCCCC(NC(=O)OCc1ccccc1)C(=O)Nc1cccc2cccnc12,7.468521082957745,1,
CC(=O)SCCCCCCC(=O)Nc1ccccc1,5.1487416512809245,1,
CC(=O)SCCCCCCNC(=O)c1cc(-c2ccc(F)cc2)nn1C,5.0,1,
CC(=O)SCCCCC[C@@H]1NC(=O)[C@H]2CCCN2C(=O)[C@H](CCCCCSC(C)=O)NC(=O)C(C)(C)NC1=O,5.34518491628705,2,0.6001443821859206
CC(=O)SCCCCC[C@@H]1NC(=O)[C@H]2CCCN2C(=O)[C@H](CCOCCSC(C)=O)NC(=O)C(C)(C)NC1=O,5.328788659588897,2,0.5235154782788902
CC(=O)SCCCCC[C@@H]1NC(=O)[C@H]2CCCN2C(=O)[C@H](Cc2ccccc2)NC(=O)[C@@H](CCOCCSC(C)=O)NC1=O,5.187086643357144,1,
CC(=O)SCCCCC[C@H](NC(=O)[C@@H]1CC(=O)N1)C(=O)Nc1ccccc1,7.404834150914854,2,0.1468012441864667
CC(=O)SCCCCC[C@H](NC(=O)[C@@H]1CCCC(=O)N1)C(=O)Nc1ccccc1,7.0,2,0.0
CC(=O)SCCCCC[C@H](NC(=O)[C@H]1CCC(=O)N1)C(=O)Nc1ccccc1,7.5,2,1.1328274837356638
CC(=O)c1c(-c2ccc([N+](=O)[O-])cc2)cn(CCCCCC(=O)NO)c1C,7.2839966563652006,1,
CC(=O)c1c(C)c2cnc(Nc3ccc(N(C)CCCCCCC(=O)NO)cn3)nc2n(C2CCCC2)c1=O,7.522878745280337,1,
CC(=O)c1c(C)c2cnc(Nc3ccc(N(C)CCN(C)c4ccc(C(=O)NO)cn4)cn3)nc2n(C2CCCC2)c1=O,7.055517327849831,1,
CC(=O)c1c(C)c2cnc(Nc3ccc(N(C)CCN(C)c4ncc(C(=O)NO)cn4)cn3)nc2n(C2CCCC2)c1=O,7.522878745280337,1,
CC(=O)c1c(C)c2cnc(Nc3ccc(N(C)Cc4ccc(/C=C/C(=O)NO)cc4)cn3)nc2n(C2CCCC2)c1=O,7.207608310501746,1,
CC(=O)c1c(C)c2cnc(Nc3ccc(OCCN(C)c4ccc(C(=O)NO)cn4)cn3)nc2n(C2CCCC2)c1=O,8.1249387366083,1,
CC(=O)c1c(C)c2cnc(Nc3ccc(OCCN(C)c4ncc(C(=O)NO)cn4)cn3)nc2n(C2CCCC2)c1=O,7.522878745280337,1,
CC(=O)c1ccc(-c2ccc(C(=O)C(F)(F)F)s2)cc1,7.537602002101044,1,
CC(=O)c1ccc(C(=O)N[C@H](C)c2ccccc2)s1,5.161150909262744,1,
CC(=O)c1cccc(-c2nnn(Cc3ccc(-c4nnc(C(F)F)o4)cc3)n2)c1,7.259637310505756,1,
CC(C(=O)N(Cc1ccc(-c2noc(C(F)(F)F)n2)cc1)c1cccc(C(F)(F)F)c1)c1ncccn1,7.337242168318426,1,
CC(C(=O)N(Cc1ccc(-c2noc(C(F)(F)F)n2)cc1)c1cccc(C(F)(F)F)c1)n1cncn1,7.769551078621726,1,
CC(C(=O)N(Cc1ccc(-c2noc(C(F)(F)F)n2)cn1)c1cccc(F)c1)c1ccn(C)n1,8.065501548756432,1,
CC(C(=O)N(Cc1ccc(-c2noc(C(F)(F)F)n2)cn1)c1cccc(F)c1)n1cccn1,8.060480747381382,1,
CC(C(=O)NOCc1ccc(/C=C/C(=O)NO)cc1)(c1ccccc1)c1ccccc1,5.397054228407302,2,0.11200473095199956
CC(C)(C#N)C(=O)N(Cc1ccc(-c2noc(C(F)(F)F)n2)cc1)c1cccc(C(F)(F)F)c1,7.207608310501746,1,
CC(C)(C(=O)N(Cc1ccc(-c2noc(C(F)(F)F)n2)cn1)c1cccc(F)c1)n1cccn1,7.721246399047171,1,
CC(C)(C(=O)N(Cc1ccc(-c2noc(C(F)(F)F)n2)cn1)c1cccc(F)c1)n1cncn1,8.05551732784983,1,
CC(C)(C(=O)NC1CCCCC1)N(CCCCCC(=O)NO)C(=O)c1ccccc1,4.429336175532319,4,0.10626708015581365
CC(C)(C(=O)Nc1ccc(C(=O)NO)cc1)c1ccccc1,7.008773924307505,1,
CC(C)(C)C(/C=C/c1ccccc1)n1cc(/C=C/C(=O)NO)nn1,7.7447274948966935,1,
CC(C)(C)C(=O)N1CCC2(CC1)CN(Cc1ccc(C(=O)NO)cc1)c1ccccc12,7.221848749616356,1,
CC(C)(C)C(=O)N1Cc2c(F)cc(-c3noc(C(F)(F)F)n3)cc2OC[C@@H]1c1ccccc1,6.455931955649724,1,
CC(C)(C)C(=O)N1Cc2ccc(-c3noc(C(F)(F)F)n3)cc2OCC12CC2,5.560667306169737,1,
CC(C)(C)C(=O)N1Cc2ccc(-c3noc(C(F)(F)F)n3)cc2OC[C@@H]1c1ccccc1,6.455931955649724,1,
CC(C)(C)C(=O)NCCc1ccc(C(=O)CSc2nc(C(F)(F)F)nc3ccccc23)s1,6.522878745280337,1,
CC(C)(C)C(=O)NCc1ccc(C(=O)CSc2nc(C(F)(F)F)cc3ccccc23)s1,5.461889199592969,2,0.2860273645627158
CC(C)(C)C(=O)NCc1ccc(C(=O)CSc2nc(C(F)F)nc3ccccc23)s1,6.522878745280337,1,
CC(C)(C)C(=O)NCc1ccc(C(=O)CSc2nc(C3CC3)nc3ccccc23)s1,6.522878745280337,1,
CC(C)(C)C(=O)NCc1ccc(C(=O)CSc2nc(C3CCC3)nc3ccccc23)s1,6.522878745280337,1,
CC(C)(C)C(=O)NCc1ccc(C(=O)CSc2nncc3ccccc23)s1,6.522878745280337,1,
CC(C)(C)C(CCCCC(=O)NO)CC(=O)Nc1ccccc1,5.619788758288394,1,
CC(C)(C)CC(=O)NC(Cc1ccc(-c2noc(C(F)(F)F)n2)cn1)c1cccc(C(F)(F)F)c1,7.113509274827518,1,
CC(C)(C)CC(C)(C)NC(=O)CN(Cc1ccc(C(=O)NO)cc1)C(=O)c1c[nH]c2ccccc12,7.619788758288394,1,
CC(C)(C)CC(C)(C)n1nnnc1CNCC1CCN(c2ncc(C(=O)NO)cn2)CC1,6.536107011014092,1,
CC(C)(C)NC(=O)C(C)(C)N(CCCCCC(=O)NO)C(=O)c1ccccc1,3.9502201108343105,4,0.07443449273374884
CC(C)(C)NC(=O)CN(C(=O)Cc1ccc(C(=O)NO)cc1)c1ccccc1,7.229147988357855,1,
CC(C)(C)NC(=O)CN(CCCCCC(=O)NO)C(=O)c1ccccc1,5.142759972341398,4,0.14434426406417286
CC(C)(C)NC(=O)CN(Cc1ccc(C(=O)NO)cc1)C(=O)c1c[nH]c2ccccc12,8.045757490560675,1,
CC(C)(C)NC(=O)CN(Cc1ccc(C(=O)NO)cc1)C(=O)c1cc2ccccc2[nH]1,7.886056647693163,1,
CC(C)(C)NC(=O)CN(Cc1ccc(C(=O)NO)cc1)C(=O)c1ccc2ccccc2n1,7.4089353929735005,1,
CC(C)(C)NC(=O)CN(Cc1ccc(C(=O)NO)cc1)C(=O)c1nccc2ccccc12,7.366531544420414,1,
CC(C)(C)NC(=O)CN(Cc1ccc(C(=O)NO)cc1F)C(=O)c1ccccc1C(F)(F)F,7.568636235841012,1,
CC(C)(C)NC(=O)CN(Cc1ccc(C(=O)NO)cc1F)C(=O)c1ccccc1Cl,7.6777807052660805,1,
CC(C)(C)NC(=O)CN(Cc1ccc(C(=O)NO)cc1F)C(=O)c1ccccc1F,7.585026652029182,1,
CC(C)(C)NC(=O)[C@@H](NC(=O)c1ccc(C(=O)NO)cc1)c1c[nH]c2ccccc12,6.297569463554474,1,
CC(C)(C)NC(=O)[C@@H]1CCC(=O)N1c1ccc(-c2noc(C(F)(F)F)n2)cc1,7.040958607678906,1,
CC(C)(C)NC(=O)[C@H](Cc1c[nH]c2ccccc12)NC(=O)/C=C/c1ccc(C(=O)NO)cc1,6.779891911959945,1,
CC(C)(C)OC(=O)C1COCC(=O)N1c1ccc(-c2noc(C(F)(F)F)n2)c(F)c1,7.721246399047171,1,
CC(C)(C)OC(=O)CC(O)/C=C/CCSSCC/C=C/C(O)CC(=O)OC(C)(C)C,4.920818753952375,1,
CC(C)(C)OC(=O)CC[C@@H]1N=C(c2ccccc2)c2ccccc2N(CCCCC(=O)NO)C1=O,5.628932137728263,1,
CC(C)(C)OC(=O)C[C@@H]1N=C(c2ccccc2)c2ccccc2N(CCCCC(=O)NO)C1=O,5.191789027075778,1,
CC(C)(C)OC(=O)Cn1ccc(-c2nnc(C(F)(F)F)o2)cc1=O,6.1295960947209736,1,
CC(C)(C)OC(=O)Cn1ccc(-c2nnc(C(F)F)o2)cc1=O,6.838631997765026,1,
CC(C)(C)OC(=O)N(Cc1ccc(-c2noc(C(F)(F)F)n2)cn1)c1cccc(F)c1,7.267606240177031,1,
CC(C)(C)OC(=O)N(Cc1ccc(C(C)(C)C)cc1)c1ccc(C(=O)NO)cc1,7.552841968657781,1,
CC(C)(C)OC(=O)N1CC(=O)N(Cc2ccc(C(=O)NO)cc2)c2ccccc21,8.194669918455059,2,1.0269295314617333
CC(C)(C)OC(=O)N1CC(=O)N(c2ccc(-c3noc(C(F)(F)F)n3)cc2)[C@H](c2ccccc2)C1,7.468521082957745,1,
CC(C)(C)OC(=O)N1CC(C(=O)N[C@@H](CCCCCC(=O)c2ncco2)c2[nH]c(-c3ccc(F)cc3)nc2Cl)C1,4.346787486224656,1,
CC(C)(C)OC(=O)N1CC=C(c2ccc3c(c2)C(=O)N(Cc2ccc(-c4nnc(C(F)F)o4)cn2)C(=O)C3(C)C)CC1,6.369572124974976,1,
CC(C)(C)OC(=O)N1CC=C(c2ccc3c(c2)C(C)(C)C(=O)N(Cc2ccc(-c4nnc(C(F)F)o4)cn2)C3=O)CC1,6.872895201635192,1,
CC(C)(C)OC(=O)N1CC=C(c2ccc3c(c2)C(C)(C)C(=O)N(Cc2ncc(-c4nnc(C(F)F)o4)cn2)C3=O)CC1,6.3829996588791005,1,
CC(C)(C)OC(=O)N1CCC(Cn2c(=O)n(Cc3ccc(-c4nnc(C(F)F)o4)cn3)c(=O)c3cc(F)ccc32)CC1,6.508638306165727,1,
CC(C)(C)OC(=O)N1CCC(NC(=O)c2ccc(-c3noc(C(F)(F)F)n3)cc2)C1,5.236572006437063,1,
CC(C)(C)OC(=O)N1CCC2(C1)C(=O)Nc1ccc(-c3cn(Cc4ccc(-c5nnc(C(F)F)o5)cc4)nn3)cc12,7.050609993355087,1,
CC(C)(C)OC(=O)N1CCC2(C1)C(=O)Nc1ccc(-c3cn(Cc4ccc(-c5nnc(C(F)F)o5)cn4)nn3)cc12,7.520479303839453,2,0.09128373522513283
CC(C)(C)OC(=O)N1CCC2(CC1)C(=O)N(Cc1ccc(-c3nnc(C(F)F)o3)cn1)C(=O)N2c1cccc(F)c1,6.686132779630847,1,
CC(C)(C)OC(=O)N1CCC2(CC1)C(=O)N(Cc1ccc(C(=O)NO)cc1)CN2c1ccccc1,7.721246399047171,1,
CC(C)(C)OC(=O)N1CCC2(CC1)C(=O)Nc1ccc(-c3cn(Cc4ccc(-c5nnc(C(F)F)o5)cc4)nn3)cc12,6.821023052706831,1,
CC(C)(C)OC(=O)N1CCC2(CC1)CN(Cc1ccc(C(=O)NO)cc1)c1ccccc12,7.376750709602099,2,0.0
CC(C)(C)OC(=O)N1CCC2(CC1)CN(Cc1ccc(C(=O)NO)s1)c1ccccc12,6.1432711096171175,1,
CC(C)(C)OC(=O)N1CCC2(CC1)Nc1cc(-c3cn(Cc4ccc(-c5nnc(C(F)F)o5)cc4)nn3)ccc1NC2=O,6.5951662833800615,1,
CC(C)(C)OC(=O)N1CCC2(CC1)Nc1ccc(-c3cn(Cc4ccc(-c5nnc(C(F)F)o5)cc4)nn3)cc1NC2=O,6.543633966870956,1,
CC(C)(C)OC(=O)N1CCC2(CC1)c1ccccc1N(Cc1ccc(C(=O)NO)cc1)C2c1cccnc1,6.818156412055227,1,
CC(C)(C)OC(=O)N1CCCC(NC(=O)c2ccc(-c3noc(C(F)(F)F)n3)cc2)C1,5.638272163982407,1,
CC(C)(C)OC(=O)N1CCN(CC2CCc3c(c4cc(F)ccc4n3Cc3ccc(C(=O)NO)cc3)C2=O)CC1,7.568636235841012,1,
CC(C)(C)OC(=O)N1CCN(CC2CCc3c(c4ccccc4n3Cc3ccc(C(=O)NO)cc3)C2=O)CC1,7.7447274948966935,1,
CC(C)(C)OC(=O)N1CCN(c2c(F)cc(-c3noc(C(F)(F)F)n3)cc2F)[C@@H](c2ccccc2)C1,5.886056647693163,1,
CC(C)(C)OC(=O)N1CCN(c2ccc(-c3noc(C(F)(F)F)n3)cn2)[C@@H](c2ccccc2)C1,6.619788758288394,1,
CC(C)(C)OC(=O)N1CCN(c2ccc3c(c2)C(=O)N(Cc2ccc(-c4nnc(C(F)F)o4)cn2)C(=O)C3(C)C)CC1,6.698970004336019,1,
CC(C)(C)OC(=O)N1CCN(c2ccc3c(c2)C(C)(C)C(=O)N(Cc2ccc(-c4nnc(C(F)F)o4)cn2)C3=O)CC1,6.801342913045577,1,
CC(C)(C)OC(=O)N1CCN(c2ccc3c(c2)C(C)(C)C(=O)N(Cc2ccc(-c4nnc(C(F)F)o4)cn2)C3=O)CC12CC2,6.94692155651658,1,
CC(C)(C)OC(=O)N1CCc2[nH]c(-c3cccc(-c4nnn(Cc5ccc(-c6nnc(C(F)F)o6)cc5)n4)c3)nc2C1,6.39040559077478,1,
CC(C)(C)OC(=O)N1CCc2c(c3ccccc3n2Cc2ccc(C(=O)NO)cc2)C1,8.647817481888637,1,
CC(C)(C)OC(=O)N1CCc2c1cccc2N1C(=O)N(Cc2ccc(-c3nnc(C(F)F)o3)cn2)C(=O)C1(C)C,6.500312917381596,1,
CC(C)(C)OC(=O)N1CCn2ncc(-c3cccc(-c4nnn(Cc5ccc(-c6nnc(C(F)F)o6)cc5)n4)c3)c2C1,6.667561540084394,1,
CC(C)(C)OC(=O)N1C[C@@H](c2cc(F)cc(F)c2)N(c2ccc(-c3noc(C(F)(F)F)n3)cn2)C(=O)C1C1CCOCC1,7.3872161432802645,1,
CC(C)(C)OC(=O)N1Cc2ccc(-c3noc(C(F)(F)F)n3)cc2OC[C@@H]1c1ccccc1,5.560667306169737,1,
CC(C)(C)OC(=O)NC1CCCCC1NC(=O)c1ccc(-c2noc(C(F)(F)F)n2)cc1,5.657577319177793,1,
CC(C)(C)OC(=O)NCC(=O)N[C@H](COc1cccc(/C=C/C(=O)NO)c1)Cc1c[nH]c2ccccc12,6.052566278112949,1,
CC(C)(C)OC(=O)NCC(=O)Nc1cccc(-c2cn(Cc3c(F)cc(-c4nnc(C(F)F)o4)cc3F)nn2)c1,7.0655015487564325,1,
CC(C)(C)OC(=O)NCCCC[C@@H]1C(=O)Nc2ccccc2N1Cc1ccc(C(=O)NO)cc1,7.3979400086720375,1,
CC(C)(C)OC(=O)NCCCC[C@@H]1N=C(c2ccccc2)c2ccccc2N(CCCCC(=O)NO)C1=O,5.514278573518419,1,
CC(C)(C)OC(=O)NCc1cn(Cc2ccc(C(=O)NO)cc2)c2ccccc12,7.102372908709558,1,
CC(C)(C)OC(=O)NCc1nc(-c2nc(C(=O)NCCCCC(=O)NO)cs2)cs1,5.937042165915489,1,
CC(C)(C)OC(=O)NCc1nc(-c2nc(C(=O)NCCCCCC(=O)NO)cs2)cs1,6.247183568811728,1,
CC(C)(C)OC(=O)NCc1nc(-c2nc(C(=O)NCCCCCCC(=O)NO)cs2)cs1,5.846490010699163,1,
CC(C)(C)OC(=O)N[C@@H](CCCCCC(=O)NO)C(=O)NC1CCCC1,7.55395269865476,2,0.04394520629865708
CC(C)(C)OC(=O)N[C@@H](CCCCCO)C(=O)NC1CCCC1,6.619788758288394,1,
CC(C)(C)OC(=O)N[C@@H](CCCCCS)C(=O)NC1CCCC1,6.918663406535965,3,0.8490113506990538
CC(C)(C)OC(=O)N[C@@H](CCCCCS)C(=O)NC1CCCCC1,7.443697499232712,1,
CC(C)(C)OC(=O)N[C@@H](CCCCCS)C(=O)NC1CCCCCC1,7.638272163982407,1,
CC(C)(C)OC(=O)N[C@@H]1CCCC[C@H]1N1Cc2ccc(-c3nnc(C(F)F)o3)cc2S1(=O)=O,6.649751981665837,1,
CC(C)(C)OC(=O)N[C@H](COc1cccc(/C=C/C(=O)NO)c1)Cc1c[nH]c2ccccc12,6.0376306643299795,1,
CC(C)(C)OC(=O)Nc1ccc(-c2cc(C(=O)NCC(=O)Nc3ccc(-c4cc(C(=O)NO)no4)cc3)no2)cc1,5.767003889607846,1,
CC(C)(C)OC(=O)Nc1ccc(-c2cc(C(=O)NCCCCC(=O)NO)no2)cc1,7.494850021680094,1,
CC(C)(C)OC(=O)Nc1ccc(-c2cc(C(=O)NCCCCCCC(=O)NO)no2)cc1,8.32344938686679,7,1.5578954324509513
CC(C)(C)OC(=O)Nc1ccc(-c2cc(C(=O)NCCc3cc(C(=O)NO)no3)no2)cc1,8.221848749616356,1,
CC(C)(C)OC(=O)Nc1ccc(-c2cc(C(=O)NCc3ccc(C(=O)NO)cc3)no2)cc1,9.481486060122112,1,
CC(C)(C)OC(=O)Nc1ccc(-c2cc(NC(=O)CCCCCCC(=O)NO)no2)cc1,11.698970004336019,1,
CC(C)(C)OC(=O)Nc1ccc(-c2ncc(C(=O)NCCCCCCC(=O)NO)s2)cc1,6.855763599700109,2,0.449948446350888
CC(C)(C)OC(=O)Nc1cccc(-c2cc(C(=O)NCCCCC(=O)NO)no2)c1,8.400116927926312,1,
CC(C)(C)OC(=O)Nc1cccc(-c2cc(C(=O)NCCCCCCC(=O)NO)no2)c1,8.097589660639418,2,0.19655071835745644
CC(C)(C)OC(=O)Nc1cccc(-c2cc(C(=O)NCCc3cc(C(=O)NO)no3)no2)c1,8.113509274827518,1,
CC(C)(C)OC(=O)Nc1cccc(-c2csc(NC(=O)CCCCCC(=O)Nc3ccccc3N)n2)c1,5.823908740944319,1,
CC(C)(C)OC(=O)Nc1cccc(C(=O)/C=C/c2ccc(/C=C/C(=O)NO)cc2)c1,7.979303657420887,2,0.029269048366900915
CC(C)(C)OC(=O)ON(C(=O)CCCCCCC(=O)N(OC(=O)OC(C)(C)C)C(=O)OC(C)(C)C)C(=O)OC(C)(C)C,5.4698003017969175,1,
CC(C)(C)OC(=O)[C@@H]1CCC(=O)N1c1cc(F)c(-c2noc(C(F)(F)F)n2)cc1F,8.142667503568731,1,
CC(C)(C)OC(=O)[C@@H]1CCC(=O)N1c1ccc(-c2noc(C(F)(F)F)n2)c(F)c1,7.6020599913279625,1,
CC(C)(C)OC(=O)[C@@H]1CCC(=O)N1c1ccc(-c2noc(C(F)(F)F)n2)c(F)c1F,7.795880017344075,1,
CC(C)(C)OC(=O)[C@@H]1CCC(=O)N1c1ccc(-c2noc(C(F)(F)F)n2)cc1F,7.853871964321762,1,
CC(C)(C)OC(=O)[C@@H]1COCC(=O)N1c1ccc(-c2noc(C(F)(F)F)n2)c(F)c1,7.657577319177793,1,
CC(C)(C)OC(=O)n1c(C[C@@H]2N=C(c3ccccc3)c3ccccc3N(CCCCC(=O)NO)C2=O)cc2ccccc21,5.1598939055432425,1,
CC(C)(C)OC(=O)n1ccc2c(N3C(=O)N(Cc4ccc(-c5nnc(C(F)F)o5)cn4)C(=O)C3(C)C)cccc21,6.2380721615794705,1,
CC(C)(C)OC[C@@H]1N=C(c2ccccc2)c2ccccc2N(CCCCC(=O)NO)C1=O,5.296708621881338,1,
CC(C)(C)Oc1ccc(C[C@@H]2C(=O)Nc3ccccc3N2Cc2ccc(C(=O)NO)cc2)cc1,7.301029995663981,1,
CC(C)(C)Oc1ccc(C[C@@H]2N=C(c3ccccc3)c3ccccc3N(CCCCC(=O)NO)C2=O)cc1,5.542118103266008,1,
CC(C)(C)SC[C@H]1N=C(c2ccccc2)c2ccccc2N(CCCCC(=O)NO)C1=O,5.270025714300445,1,
CC(C)(C)c1[nH]c2ccccc2c1[C@@H]1CCCN(Cc2ccc(/C=C/C(=O)NO)cc2F)C1,6.958607314841775,1,
CC(C)(C)c1[nH]c2ccccc2c1[C@H]1CCCN(Cc2ccc(/C=C/C(=O)NO)cc2F)C1,6.928117992693874,1,
CC(C)(C)c1cc(C(=O)NOCCCCCC(=O)NO)cc(C(C)(C)C)c1,5.958786849569614,2,0.1028560378878096
CC(C)(C)c1cc(C(=O)Nc2ccc(C(=O)NO)cc2)cc(C(C)(C)C)c1,6.721246399047171,1,
CC(C)(C)c1cc(CN(C(=O)c2cccc(C(F)(F)F)c2)c2ccc(C(=O)NO)cc2)cc(C(C)(C)C)c1,6.123782159408358,1,
CC(C)(C)c1cc(NC(=O)c2ccc(-c3noc(C(F)(F)F)n3)cc2)ccn1,5.167491087293763,1,
CC(C)(C)c1cc2ccccc2n1Cc1ccc(C(=O)NO)cc1,5.700057099977233,1,
CC(C)(C)c1ccc(-c2nc3cc(C(=O)NO)ccc3o2)cc1,8.301029995663981,2,0.0
CC(C)(C)c1ccc(-c2nc3cc(C(=O)NO)ccc3s2)cc1,7.657577319177793,1,
CC(C)(C)c1ccc(-c2nc3ccc(C(=O)NO)cc3[nH]2)cc1,7.721246399047171,1,
CC(C)(C)c1ccc(-c2nc3ccc(C(=O)NO)cc3o2)cc1,7.657577319177793,1,
CC(C)(C)c1ccc(-c2noc(-c3ccc(C(=O)C(F)(F)F)s3)n2)cc1,5.450996737974212,1,
CC(C)(C)c1ccc(C(=O)N(Cc2ccc(C(=O)NO)cc2)C2CC2)cc1,7.6777807052660805,1,
CC(C)(C)c1ccc(C(=O)NCc2ccc(C(=O)NO)cc2)cc1,7.494850021680094,1,
CC(C)(C)c1ccc(C(=O)Nc2ccc(C(=O)NO)cc2)cc1,7.3431454079181275,5,0.6185933369512066
CC(C)(C)c1ccc(CC(=O)Nc2ccc(C(=O)NO)cc2)cc1,7.886056647693163,1,
CC(C)(C)c1ccc(CC2(c3ccccc3)NC(=O)N(Cc3ccc(C(=O)NO)cc3)C2=O)cc1,6.939302159646388,1,
CC(C)(C)c1ccc(CCCn2cccc(/C=C/C(=O)NO)c2=O)cc1,6.42021640338319,1,
CC(C)(C)c1ccc(CCn2cccc(/C=C/C(=O)NO)c2=O)cc1,6.958607314841775,1,
CC(C)(C)c1ccc(CN(C(=O)CN(Cc2c(F)c(F)c(F)c(F)c2F)S(=O)(=O)c2ccc(F)cc2)c2ccc(C(=O)NO)cc2)cc1,6.721246399047171,2,0.0
CC(C)(C)c1ccc(CN(C(=O)CN(Cc2c(F)c(F)c(F)c(F)c2F)S(C)(=O)=O)c2ccc(C(=O)NO)cc2)cc1,7.552841968657781,1,
CC(C)(C)c1ccc(CN(C(=O)CN(Cc2ccccc2C(F)(F)F)S(=O)(=O)c2ccc(F)c(F)c2)c2ccc(C(=O)NO)cc2)cc1,6.441291429466834,1,
CC(C)(C)c1ccc(CN(C(=O)CN(Cc2ccccc2C(F)(F)F)S(=O)(=O)c2ccc(F)cc2)c2ccc(C(=O)NO)cc2)cc1,6.638272163982407,1,
CC(C)(C)c1ccc(CN(C(=O)CN(Cc2ccccc2C(F)(F)F)S(=O)(=O)c2ccc(F)cc2F)c2ccc(C(=O)NO)cc2)cc1,6.539102157243452,1,
CC(C)(C)c1ccc(CN(C(=O)CNS(=O)(=O)c2ccc(F)cc2)c2ccc(C(=O)NO)cc2)cc1,7.275724130399211,1,
CC(C)(C)c1ccc(CN(Cc2ccc(C(=O)NO)cc2)S(=O)(=O)c2c(F)c(F)c(F)c(F)c2F)cc1,7.376750709602099,1,
CC(C)(C)c1ccc(CN2C(=O)N(Cc3ccc(C(=O)NO)cc3)C(=O)C2Cc2ccccc2)cc1,6.856985199745905,1,
CC(C)(C)c1ccc(CN2CC(=O)N(Cc3ccc(C(=O)NO)cc3)C2=O)cc1,7.3872161432802645,1,
CC(C)(C)c1ccc(CN2Cc3ccc(/C=C/C(=O)NO)cc3C2=O)cc1,6.004364805402449,1,
CC(C)(C)c1ccc(CNCCCCNCCCNC(=O)CCCCC(=O)NO)cc1,4.599634726650061,1,
CC(C)(C)c1ccc(CNCCCCNCCCNC(=O)CCCCC(=O)O)cc1,4.006475596832934,1,
CC(C)(C)c1ccc(CNCCCCNCCCNC(=O)CCCCCCC(=O)NCc2ccc(C(=O)Nc3ccccc3N)cc2)cc1,5.309803919971486,2,0.0
CC(C)(C)c1ccc(CNCCCCNCCCNC(=O)CCCCCCC(=O)NO)cc1,4.2955063029907015,1,
CC(C)(C)c1ccc(CNc2ccc(C(=O)NO)cc2)cc1,6.958607314841775,1,
CC(C)(C)c1ccc(COc2cccc3ccc(C(=O)NCCCCCC(=O)NO)nc23)cc1,6.7281583934635005,1,
CC(C)(C)c1ccc(Cn2c(SCc3ccc(/C=C/C(=O)NO)cc3)nc3ccccc32)cc1,6.42021640338319,1,
CC(C)(C)c1ccc(Cn2c(SCc3ccc(C(=O)NO)cc3)nc3ccccc32)cc1,5.638272163982407,1,
CC(C)(C)c1ccc(Cn2cccc(/C=C/C(=O)NO)c2=O)cc1,7.045757490560675,1,
CC(C)(C)c1ccc(NC(=O)c2ccc(C(=O)NO)cc2)cc1,8.0,1,
CC(C)(C)c1ccc(NS(=O)(=O)c2ccc(C(=O)NO)cc2)cc1,7.7447274948966935,1,
CC(C)(C)c1ccc(OCc2cc3cc(C(=O)NO)ccc3o2)cc1,7.236572006437063,1,
CC(C)(C)c1ccc(S(=O)(=O)N2CCN(Cc3nc4cc(F)ccc4o3)CC2)cc1,5.948847477552619,1,
CC(C)(C)c1ccc(S(=O)(=O)NCc2ccc(C(=O)NO)cc2)cc1,7.376750709602099,1,
CC(C)(C)c1ccc(S(=O)(=O)Nc2ccc(C(=O)NO)cc2)cc1,8.698970004336019,1,
CC(C)(C)c1cccc(C(=O)Nc2ccc(C(=O)NO)cc2)c1,7.164598857869528,2,0.022425476618954852
CC(C)(C)c1cccc(NC(=O)c2ccc(C(=O)NO)cc2)c1,6.3829996588791005,1,
CC(C)(C)c1cccc(Nc2ncnc3cc(NC(=O)CCCCCCC(=O)NO)sc23)c1,7.251811972993799,1,
CC(C)(C)c1cn(Cc2ccc(-c3nnc(C(F)F)o3)cc2)nn1,6.5638373529592435,1,
CC(C)(C)c1csc(NC(=O)[C@H](CCCCNS(N)(=O)=O)NC(=O)OCc2ccccc2)n1,6.075720713938118,1,
CC(C)(C)c1nc(-c2cccc(NS(=O)(=O)c3c(F)cccc3F)c2F)c(-c2ccnc(NCCCCCCC(=O)NO)n2)s1,7.548455006504028,2,0.34991180600030436
CC(C)(C)n1nnnc1CNCC1CCN(c2ncc(C(=O)NO)cn2)CC1,6.301029995663981,1,
CC(C)(C)n1nnnc1CNCc1ccc(C(=O)NO)cc1,6.481486060122112,1,
CC(C)(CCc1ccccc1)C(=O)Nc1ccc(C(=O)NO)cc1,7.6020599913279625,1,
CC(C)(F)CN1CCc2cc(O)ccc2C1c1ccc(OC2CN(CC(=O)NO)C2)cc1,6.756961951313706,1,
CC(C)(F)CN1CCc2cc(O)ccc2C1c1ccc(OCCCCCC(=O)NO)cc1,7.180456064458131,1,
CC(C)(F)CN1CCc2cc(O)ccc2C1c1ccc(OCCCCCCC(=O)NO)cc1,7.200659450546418,1,
CC(C)(F)c1cncc(N(Cc2ncc(-c3nnc(C(F)F)o3)s2)S(C)(=O)=O)c1,7.42021640338319,3,0.0
CC(C)(NC(=O)c1nc(-c2nccs2)sc1C1CC1)c1ccc(C(=O)NO)cc1,6.8297382846050425,1,
CC(C)(Nc1ncc(-c2nnc(C(F)F)o2)cn1)c1c(F)cccc1F,7.795880017344075,1,
CC(C)(Nc1ncc(-c2nnc(C(F)F)o2)cn1)c1ccc(F)cc1,7.42021640338319,1,
CC(C)(Nc1ncc(-c2nnc(C(F)F)o2)cn1)c1ccc(F)cc1F,7.468521082957745,1,
CC(C)(Nc1ncc(C(=O)NO)cc1F)c1ccccc1,9.1944991418416,1,
CC(C)(Nc1ncc(C(=O)NO)cc1F)c1ccccn1,9.212250065945375,3,0.015372751214516929
CC(C)(Nc1ncc(C(=O)NO)cn1)c1cc(C(F)(F)F)cc(C(F)(F)F)c1,7.481486060122112,1,
CC(C)(Nc1ncc(C(=O)NO)cn1)c1ccc(C(F)(F)F)cc1,8.221848749616356,1,
CC(C)(Nc1ncc(C(=O)NO)cn1)c1ccc(C(F)(F)F)cc1F,7.886056647693163,1,
CC(C)(Nc1ncc(C(=O)NO)cn1)c1ccc(Cl)c(Cl)c1,8.698970004336019,1,
CC(C)(Nc1ncc(C(=O)NO)cn1)c1ccc(Cl)cc1F,8.522878745280337,1,
CC(C)(Nc1ncc(C(=O)NO)cn1)c1ccc(F)c(F)c1,8.397940008672037,1,
CC(C)(Nc1ncc(C(=O)NO)cn1)c1ccc(F)cc1,8.522878745280337,1,
CC(C)(Nc1ncc(C(=O)NO)cn1)c1ccc(F)cc1F,8.522878745280337,1,
CC(C)(Nc1ncc(C(=O)NO)cn1)c1cccc(F)c1,8.522878745280337,1,
CC(C)(Nc1ncc(C(=O)NO)cn1)c1ccccc1,8.397940008672037,1,
CC(C)(Nc1ncc(C(=O)NO)cn1)c1ccccc1F,8.698970004336019,1,
CC(C)(O)Cc1sc(-c2nccs2)nc1C(=O)NCCCCC(=O)NO,5.020542691449872,2,0.00012878699001333638
CC(C)(c1ccncc1)c1nnn(Cc2ccc(-c3nnc(C(F)F)o3)cc2)n1,6.806875401645538,1,
CC(C)/C=C/c1sc(-c2nccs2)nc1C(=O)NCCCCC(=O)NO,6.761005511874555,2,0.02302059237863134
CC(C)/C=C/c1sc(-c2nccs2)nc1C(=O)NCCCNC(=O)CS,6.673664139071249,1,
CC(C)C(/C=C/c1ccccc1)n1cc(/C=C/C(=O)NO)nn1,7.657577319177793,1,
CC(C)C(=O)N(c1ccccc1)c1ccc(C(=O)N(C)CCCCCCC(=O)NO)cc1,6.7235989941363,2,0.6368574240049164
CC(C)C(=O)N1CCC(C(=O)N(Cc2ccc(-c3noc(C(F)(F)F)n3)cc2)c2cccc(C(F)(F)F)c2)CC1,7.267606240177031,1,
CC(C)C(=O)N1CCOc2cc(-c3noc(C(F)(F)F)n3)ccc2C1,6.455931955649724,1,
CC(C)C(=O)NC(Cc1ccc(-c2noc(C(F)(F)F)n2)cn1)c1cccc(C(F)(F)F)c1,7.6020599913279625,1,
CC(C)C(C(=O)Nc1ccc(/C=C/C(=O)NO)nc1)c1ccccc1,8.0,1,
CC(C)C(C(=O)Nc1ccc(C(=O)NO)cc1)c1ccccc1,7.522878745280337,1,
CC(C)C(C(=O)Nc1ccc(C(=O)NO)nc1)c1ccccc1,7.3872161432802645,1,
CC(C)C(NC(=O)CCCNC(=O)CS)C(=O)Nc1cnc2ccccc2c1,5.51999305704285,1,
CC(C)C(NC(=O)CCNC(=O)CS)C(=O)Nc1cnc2ccccc2c1,4.600326278518962,1,
CC(C)C(Nc1ncc(-c2nnc(C(F)F)o2)cn1)c1ccc(F)cc1,7.022276394711152,1,
CC(C)C(c1ccc(C(=O)NO)cc1)C(C)C,6.906578314837764,1,
CC(C)C(c1nc2ccccc2o1)n1cc(/C=C/C(=O)NO)nn1,7.638272163982407,1,
CC(C)C(c1nc2ccccc2s1)n1cc(/C=C/C(=O)NO)nn1,8.301029995663981,1,
CC(C)C1(Nc2ncc(-c3nnc(C(F)F)o3)cn2)CC1,6.214670164989233,1,
CC(C)C1(Nc2ncc(C(=O)NO)cn2)CCN(C(=O)OCc2ccccc2)CC1,8.292429823902063,1,
CC(C)C1CC1c1sc(-c2nccs2)nc1C(=O)NCCCCC(=O)NO,6.723544274891745,2,0.0032496871840463543
CC(C)CC(/C=C/c1ccccc1)n1cc(/C=C/C(=O)NO)nn1,6.076755981369724,1,
CC(C)CC(CO)NC(=O)c1ccc(-c2noc(C(F)(F)F)n2)cc1,5.259637310505756,1,
CC(C)CC(c1nc2ccccc2o1)n1cc(/C=C/C(=O)NO)nn1,7.721246399047171,1,
CC(C)CC1C(=O)N(Cc2ccc(C(=O)NO)cc2)C(=O)N1C,6.600326278518962,1,
CC(C)CC1C(=O)N(Cc2ccc(C(=O)NO)cc2)C(=O)N1Cc1ccccc1,6.889410289700751,1,
CC(C)CCN(CCCCCCC(=O)NO)c1ncc(C(=O)NCCCn2ccnc2)s1,9.193820026016112,1,
CC(C)CCN1CC(=O)N2Cc3c(c4ccccc4n3Cc3ccc(C(=O)NO)cc3)CC2C1=O,7.619788758288394,1,
CC(C)CCN1CCN(c2ccc3c(c2)C(=O)N(Cc2ccc(-c4nnc(C(F)F)o4)cn2)C(=O)C3(C)C)CC1,7.161150909262744,1,
CC(C)CCOc1ccccc1C(=O)NC(=O)NC1CC2CCC(C1)N2C,8.481486060122112,1,
CC(C)CCc1c(OCCCCCCC(=O)NO)ccc(CCC(=O)NO)c1O,7.795880017344075,1,
CC(C)CCc1c(OCCCCCCC(=O)NO)ccc2c1OC(=O)CC2,7.3979400086720375,1,
CC(C)CCc1c(OCCCCCCC(=O)NO)ccc2ccc(=O)oc12,7.823908740944319,1,
CC(C)CCc1c(OCCCCCCCC(=O)NO)ccc(CCC(=O)NO)c1O,7.853871964321762,1,
CC(C)CCc1c(OCCCCOc2ccc(/C=C/C(=O)NO)cc2)ccc2c1OC(=O)CC2,7.080921907623926,1,
CC(C)CCc1c(OCCCOc2cccc(/C=C/C(=O)NO)c2)ccc2c1OC(=O)CC2,7.920818753952375,2,0.0
CC(C)CCc1c(OCCOc2ccc(/C=C/C(=O)NO)cc2)ccc2c1OC(=O)CC2,7.251811972993799,2,0.0
CC(C)CCc1c(OCCOc2cccc(/C=C/C(=O)NO)c2)ccc2c1OC(=O)CC2,8.200659450546418,2,0.0
CC(C)CCn1ccc2ccc(NC(=O)CCCCCCC(=O)NO)cc2c1=O,7.267606240177031,1,
CC(C)CN(Cc1ccc(C(=O)NO)cc1)C(=O)Nc1ccccc1,7.920818753952375,1,
CC(C)CN(Cc1ccc(C(=O)NO)cc1)S(=O)(=O)c1cc(F)c(F)c(F)c1F,7.6020599913279625,1,
CC(C)CN(Cc1ccccc1)Cc1ccc(/C=C/C(=O)NO)o1,5.728774026312012,2,0.3250333537235994
CC(C)CN(Cc1nc2cc(C(=O)NO)ccc2s1)CC(C)C,7.795880017344075,1,
CC(C)CN1CC(=O)N2Cc3c(c4ccccc4n3Cc3ccc(C(=O)NO)cc3)CC2C1=O,8.42021640338319,1,
CC(C)CN1CCC(c2ccc3c(c2)C(=O)N(Cc2ccc(-c4nnc(C(F)F)o4)cn2)C(=O)C3(C)C)CC1,7.468521082957745,1,
CC(C)CN1CCN(c2ccc3c(c2)C(=O)N(Cc2ccc(-c4nnc(C(F)F)o4)cn2)C(=O)C3(C)C)CC1,7.207608310501746,1,
CC(C)CN1CCN(c2ccc3c(c2)C(C)(C)C(=O)N(Cc2ccc(-c4nnc(C(F)F)o4)cn2)C3=O)CC1,7.022276394711152,1,
CC(C)CNC(=O)C(Cc1c[nH]c2ccccc12)NC(=O)c1ccc(/C=C/C(=O)NO)cc1,6.823908740944319,1,
CC(C)CNC(=O)[C@@H](NC(=O)c1ccc(C(=O)NO)cc1)c1c[nH]c2ccccc12,6.278189384787453,1,
CC(C)CNC(=O)[C@H](Cc1c[nH]c2ccccc12)NC(=O)/C=C/c1ccc(C(=O)NO)cc1,6.505845405981557,1,
CC(C)CS(=O)(=O)N(Cc1ncc(-c2nnc(C(F)F)o2)s1)c1cccnc1,7.795880017344075,3,0.0
CC(C)CS(=O)(=O)N(Cc1ncc(-c2nnc(C(F)F)o2)s1)c1cncc(C#N)c1,7.522878745280337,3,0.0
CC(C)CS(=O)(=O)N(Cc1ncc(-c2nnc(C(F)F)o2)s1)c1cncc(F)c1,8.249491605148654,3,0.0
CC(C)CS(=O)(=O)N(Cc1ncc(-c2nnc(C(F)F)o2)s1)c1cncc(OC(F)F)c1,8.159266765388193,3,0.0
CC(C)CS(=O)(=O)NCC(Nc1ncc(-c2nnc(C(F)F)o2)cn1)c1ccc(F)cc1,7.494850021680094,1,
CC(C)C[C@@H](C(=O)N1CCC(Nc2ncc(C(=O)NO)cn2)(c2ccccc2)CC1)c1ccccc1,7.920818753952375,1,
CC(C)C[C@@H](NC(=O)[C@H](Cc1ccccc1)NC(=O)c1cnc(C(=O)Nc2ccccc2N)cn1)B1OC2CC3CC(C3(C)C)[C@@]2(C)O1,7.619788758288394,1,
CC(C)C[C@@H]1CC(=O)N(CC(=O)NCCCCCC(=O)NO)C1=O,5.301029995663981,1,
CC(C)C[C@@H]1CC(=O)N([C@@H](CC2CCCCC2)C(=O)NCCCCCC(=O)NO)C1=O,6.1938200260161125,1,
CC(C)C[C@@H]1CC(=O)N([C@@H](Cc2ccccc2)C(=O)NCCCCCC(=O)NO)C1=O,7.00436480540245,1,
CC(C)C[C@@H]1N=C(c2ccccc2)c2ccccc2N(CCCCC(=O)NO)C1=O,5.632644078973981,1,
CC(C)C[C@@H]1NC(=O)C(C)(C)NC(=O)[C@H](CCCCCSSc2ccccn2)NC(=O)[C@H]2CCCN2C1=O,6.638272163982407,1,
CC(C)C[C@H](C(=O)N1CCC(Nc2ncc(C(=O)NO)cn2)(c2ccccc2)CC1)c1ccccc1,7.958607314841775,1,
CC(C)C[C@H](NC(=O)CNC(=O)c1cccc(/C=C/C(=O)NO)c1)B1O[C@@H]2[C@@H]3C[C@H](C[C@]2(C)O1)C3(C)C,6.892790030352131,1,
CC(C)C[C@H](NC(=O)OCc1ccccc1)C(=O)N[C@@H](C)C(=O)NCc1ccc(C(=O)NO)cc1,6.503070351926786,2,0.0
CC(C)C[C@H](NC(=O)OCc1ccccc1)C(=O)N[C@@H](C)C(=O)NCc1cccc(C(=O)NO)c1,5.0746879085003505,1,
CC(C)C[C@H](NC(=O)[C@@H](O)[C@H](N)Cc1ccccc1)C(=O)NCc1ccc(C(=O)NO)cc1,6.481486060122112,1,
CC(C)C[C@H](NC(=O)[C@H](Cc1ccccc1)NC(=O)c1cnccn1)B(O)O,4.158390287831565,1,
CC(C)C[C@H]1C(=O)N([C@@H](Cc2ccccc2)C(=O)NCCCCCC(=O)NO)C(=O)C12CCCC2,7.180456064458131,1,
CC(C)C[C@H]1C(=O)N2C[C@@H]1CCCCCOc1ccc(cc1)C[C@H]2C(=O)NCCCCCC(=O)NO,7.42021640338319,1,
CC(C)C[C@H]1CC(=O)NC(C)(C)C(=O)N[C@@H](CCCCCC(=O)O)C(=O)N[C@@H](Cc2cccc3ccccc23)C(=O)N1,5.154901959985743,1,
CC(C)C[C@H]1CC(=O)N[C@@H](C)C(=O)N[C@@H](CCCCCC(=O)C(F)(F)F)C(=O)N[C@@H](Cc2c[nH]c3ccccc23)C(=O)N1,5.510681525807763,2,0.05962387007415119
CC(C)C[C@H]1CC(=O)N[C@@H](C)C(=O)N[C@@H](CCCCCC(=O)NO)C(=O)N[C@@H](Cc2c[nH]c3ccccc23)C(=O)N1,7.508638306165726,3,0.0
CC(C)C[C@H]1CC(=O)N[C@@H](C)C(=O)N[C@@H](CCCCCC(=O)O)C(=O)N[C@@H](Cc2c[nH]c3ccccc23)C(=O)N1,5.637330092045131,2,0.001332290910426691
CC(C)C[C@H]1CC(=O)N[C@@H](C)C(=O)N[C@@H](CCCCCC(=O)O)C(=O)N[C@@H](Cc2cccc3ccccc23)C(=O)N1,5.309803919971486,3,0.0
CC(C)C[C@H]1CC(=O)N[C@@H](C)C(=O)N[C@@H](CCCCCC(N)=O)C(=O)N[C@@H](Cc2c[nH]c3ccccc23)C(=O)N1,5.568636235841012,1,
CC(C)C[C@H]1CC(=O)N[C@@H](CCCCN)C(=O)N[C@@H](CCCCCC(=O)O)C(=O)N[C@@H](Cc2cccc3ccccc23)C(=O)N1,5.950781977329818,2,0.0
CC(C)C[C@H]1CC(=O)N[C@@H](Cc2ccccc2)C(=O)N[C@@H](CCCCCC(=O)NO)C(=O)N[C@@H](Cc2c[nH]c3ccccc23)C(=O)N1,7.154901959985743,3,0.0
CC(C)C[C@H]1CC(=O)N[C@@H](Cc2ccccc2)C(=O)N[C@@H](CCCCCC(=O)O)C(=O)N[C@@H](Cc2cccc3ccccc23)C(=O)N1,5.236572006437063,1,
CC(C)C[C@H]1CN[C@H](C(=O)NCCCCCC(=O)NO)Cc2ccc(cc2)OCCCCC[C@H]1C(=O)OC(C)(C)C,8.67778070526608,1,
CC(C)Cc1c(OCCOc2cccc(/C=C/C(=O)NO)c2)ccc2c1OC(=O)CC2,8.221848749616356,1,
CC(C)Cc1sc(-c2cscn2)nc1C(=O)NCCCCC(=O)NO,5.500450374094851,1,
CC(C)Cc1sc(-c2nccs2)nc1C(=O)NCCCC(=O)NO,4.709720471079483,1,
CC(C)Cc1sc(-c2nccs2)nc1C(=O)NCCCCC(=O)C(F)(F)F,7.050609993355087,1,
CC(C)Cc1sc(-c2nccs2)nc1C(=O)NCCCCC(=O)NO,6.244966399630379,3,0.5760227891057227
CC(C)Cc1sc(-c2nccs2)nc1C(=O)NCCCCCC(=O)NO,6.3036436112666685,1,
CC(C)Cc1sc(-c2nccs2)nc1C(=O)NCCCCCCC(=O)NO,5.904481957676849,1,
CC(C)Cc1sc(-c2nccs2)nc1C(=O)NCCCCCCCC(=O)NO,6.2403321553103694,1,
CC(C)Cc1sc(-c2nccs2)nc1C(=O)NCCCCCCNC(=O)CS,5.778846678045294,1,
CC(C)Cc1sc(-c2nccs2)nc1C(=O)NCCCCCNC(=O)CS,6.721246399047171,1,
CC(C)Cc1sc(-c2nccs2)nc1C(=O)NCCCCNC(=O)CS,6.060980223551334,1,
CC(C)Cc1sc(-c2nccs2)nc1C(=O)NCCCNC(=O)CS,7.055517327849831,1,
CC(C)Cc1sc(-c2nccs2)nc1C(=O)Nc1ccc(/C=C/C(=O)NO)cc1,6.508638306165727,1,
CC(C)Cc1sc(-c2nccs2)nc1C(=O)Nc1ccc(C(=O)NO)cc1,6.526528364651087,2,0.005161341211613632
CC(C)Cc1sc(-c2nccs2)nc1C(=O)Nc1cccc(/C=C/C(=O)NO)c1,6.515700160653214,1,
CC(C)N(C(=O)/C=C/c1ccccc1)c1cccc(CN2CCc3nc(C(=O)NO)sc3C2)c1,5.913640169325252,1,
CC(C)N(C)C[C@@H](C)NC(=O)c1ccc(-c2noc(C(F)(F)F)n2)cc1F,5.267606240177031,1,
CC(C)N(CCc1c[nH]c2ccccc12)Cc1ccc(/C=C/C(=O)NO)cc1,7.638272163982407,1,
CC(C)N(CCn1c(-c2cccc(/C=C/C(=O)NO)c2)nc2ccccc21)C(C)C,7.0,1,
CC(C)N(Cc1ccc(-c2ccccc2)cc1)Cc1ccc(/C=C/C(=O)NO)o1,5.79317412396815,1,
CC(C)N(Cc1ccc(C(=O)NO)cc1)C(=O)c1c(F)c(F)c(F)c(F)c1F,7.853871964321762,2,0.0
CC(C)N(Cc1ccc(C(=O)NO)cc1)C(C)C,6.906578314837764,1,
CC(C)N(Cc1ccc(C(=O)NO)cc1)Cc1cc(F)c(F)c(F)c1F,7.795880017344075,1,
CC(C)N(Cc1ccc(C(=O)NO)cc1)S(=O)(=O)c1c(F)c(F)c(F)c(F)c1F,8.382235776546224,2,0.022209138058978374
CC(C)N(Cc1ccc(C(=O)NO)cc1)S(=O)(=O)c1cc(F)c(F)c(F)c1F,8.221848749616356,1,
CC(C)N(Cc1ccc(C(=O)NO)cn1)S(=O)(=O)c1cc(F)c(F)c(F)c1F,6.917214629683549,1,
CC(C)N(Cc1ccc(CC(=O)NO)cc1)S(=O)(=O)c1cc(F)c(F)c(F)c1F,6.844663962534938,1,
CC(C)N(Cc1ccccc1)Cc1ccc(/C=C/C(=O)NO)o1,6.606624288927219,2,0.19530742688923575
CC(C)N1CC2(C1)C(=O)N(Cc1ccc(-c3nnc(C(F)F)o3)cn1)C(=O)N2c1ccccc1,6.718966632752272,1,
CC(C)N1CC2(CN(C(=S)N(Cc3ccc(-c4nnc(C(F)F)o4)cc3)c3ccc(F)c(Cl)c3)C2)C1,7.154901959985743,1,
CC(C)N1CC2(CN(C(=S)N(Cc3ccc(-c4nnc(C(F)F)o4)cc3)c3ccc(F)c(F)c3)C2)C1,7.455931955649724,1,
CC(C)N1CC2(CN(C(=S)N(Cc3ccc(-c4nnc(C(F)F)o4)cc3)c3ccc(F)cc3)C2)C1,7.154901959985743,1,
CC(C)N1CC2(CN(C(=S)N(Cc3ccc(-c4nnc(C(F)F)o4)cc3)c3cccc(F)c3)C2)C1,7.200659450546418,1,
CC(C)N1CC2(CN(C(=S)N(Cc3ccc(-c4nnc(C(F)F)o4)cc3F)c3ccc(F)c(Cl)c3)C2)C1,7.113509274827518,1,
CC(C)N1CC2(CN(C(=S)N(Cc3ccc(-c4nnc(C(F)F)o4)cc3F)c3ccc(F)cc3)C2)C1,7.214670164989233,1,
CC(C)N1CC2(CN(C(=S)N(Cc3ccc(-c4nnc(C(F)F)o4)cc3F)c3cccc(F)c3)C2)C1,7.173925197299173,1,
CC(C)N1CC=C(c2ccc3c(=O)n(Cc4ccc(-c5nnc(C(F)F)o5)cn4)c(=O)n(C)c3c2)CC1,7.42021640338319,1,
CC(C)N1CCC(NCc2ccc(-c3noc(C(F)(F)F)n3)cn2)C1=O,7.4089353929735005,1,
CC(C)N1CCC(c2ccc3c(c2)C(=O)N(Cc2ccc(-c4nnc(C(F)F)o4)cn2)C(=O)C3(C)C)CC1,7.721246399047171,1,
CC(C)N1CCC(c2ccc3c(c2)C(C)(C)C(=O)N(Cc2ccc(-c4nnc(C(F)F)o4)cn2)C3=O)CC1,7.657577319177793,1,
CC(C)N1CCC2(CC1)C(=O)N(Cc1ccc(-c3nnc(C(F)F)o3)cn1)C(=O)N2c1cccc(F)c1,7.00436480540245,1,
CC(C)N1CCCC(C(=O)N(Cc2ccc(-c3noc(C(F)(F)F)n3)cn2)c2cccc(F)c2)C1,7.958607314841775,1,
CC(C)N1CCN(CC2CCc3c(c4cc(F)ccc4n3Cc3ccc(C(=O)NO)cc3)C2=O)CC1,7.346787486224656,1,
CC(C)N1CCN(c2ccc3c(c2)C(=O)N(Cc2ccc(-c4nnc(C(F)F)o4)cn2)C(=O)C3(C)C)CC1,7.6777807052660805,1,
CC(C)N1CCN(c2ccc3c(c2)C(C)(C)C(=O)N(Cc2ccc(-c4nnc(C(F)F)o4)cn2)C3=O)CC1,7.657577319177793,1,
CC(C)N1CCN(c2nccc3ccc(NC(=O)CCCCCCC(=O)NO)cc23)CC1,7.6020599913279625,1,
CC(C)N1CCc2c(c3ccccc3n2Cc2ccc(C(=O)NO)cc2)C1,8.047691990337874,1,
CC(C)N1C[C@@H]2C[C@H]1CN2C(=S)N(Cc1ccc(-c2nnc(C(F)F)o2)cc1F)c1ccc(F)cc1,7.259637310505756,1,
CC(C)N1C[C@@H]2C[C@H]1CN2c1c(N(Cc2ccc(-c3nnc(C(F)F)o3)cn2)c2ccccc2)c(=O)c1=O,7.552841968657781,1,
CC(C)NC(=O)Cc1ccc(-c2noc(C(F)(F)F)n2)cc1,5.508638306165727,1,
CC(C)NC(=O)OCc1ccc(-c2noc(C(F)(F)F)n2)cn1,7.638272163982407,1,
CC(C)NC(=O)[C@H]1CC[C@@H](n2/c(=N/C(=O)c3ccccc3)[nH]c3cc(/C=C/C(=O)NO)ccc32)CC1,5.987162775294828,1,
CC(C)NC(=O)c1ccccc1NCc1ccc(-c2noc(C(F)(F)F)n2)cn1,7.886056647693163,1,
CC(C)Nc1nc2c(s1)Cc1cc(/C=C/C(=O)NO)ccc1-2,6.669586226650809,1,
CC(C)OC(=O)N(CCc1ccccc1)Cc1ccc(C(=O)NO)cc1,7.275724130399211,1,
CC(C)Oc1ccc(-c2nc3ccc(C(=O)NO)cc3[nH]2)cc1,7.920818753952375,2,0.0
CC(C)Oc1ccc(C(=O)NO)cc1NC(=O)c1ccccc1,5.585026652029182,1,
CC(C)Oc1ccc(C(C)(C)O)cc1-c1cn(C)c(=O)c2[nH]c(C(=O)NCCCCCCC(=O)NO)cc12,8.267606240177031,1,
CC(C)Oc1ccc(C(C)(C)O)cc1-c1cn(C)c(=O)c2[nH]c(C(=O)NCc3ccc(C(=O)NO)cc3)cc12,7.2839966563652006,1,
CC(C)Oc1cccc(-c2ccc3c(NC(=O)c4ccc(C(=O)NO)cc4)n[nH]c3c2)c1,7.107905397309519,1,
CC(C)S(=O)(=O)N(Cc1cnc(-c2nnc(C(F)F)o2)s1)c1cccnc1,7.376750709602099,1,
CC(C)S(=O)(=O)N(Cc1ncc(-c2nnc(C(F)F)o2)s1)c1cccnc1,7.376750709602099,2,0.0
CC(C)S(=O)(=O)N(Cc1ncc(-c2nnc(C(F)F)o2)s1)c1cncc(C#N)c1,7.638272163982407,3,0.0
CC(C)S(=O)(=O)N(Cc1ncc(-c2nnc(C(F)F)o2)s1)c1cncc(OC(F)F)c1,8.0,3,0.0
CC(C)S(=O)(=O)NCC(Nc1ncc(-c2nnc(C(F)F)o2)cn1)c1ccc(F)cc1,7.431798275933005,1,
CC(C)S(=O)(=O)c1ccccc1Nc1nc(Nc2ccc(C(=O)NCCCCCCC(=O)NO)cc2)ncc1Cl,8.173925197299173,1,
CC(C)S(=O)(=O)c1ccccc1Nc1nc(Nc2ccc(NC(=O)CCCCCCC(=O)NO)cc2)ncc1Cl,8.356547323513812,1,
CC(C)[C@@H](C#Cc1ccc(C(=O)NO)cc1)NC(=O)C1Cc2ccccc2O1,6.379863945026242,1,
CC(C)[C@@H](C(=O)N1CCC(Nc2ncc(C(=O)NO)cn2)(c2ccccc2)CC1)c1ccccc1,7.886056647693163,1,
CC(C)[C@@H](C(=O)Nc1ccc(C(=O)NO)cc1)c1ccccc1,7.075720713938118,1,
CC(C)[C@@H](c1nc2ccccc2o1)n1cc(/C=C/C(=O)NO)nn1,8.154901959985743,1,
CC(C)[C@@H]1C(=O)N(c2ccccc2)C(=O)N1Cc1ccc(C(=O)NO)cc1,7.657577319177793,2,0.0
CC(C)[C@@H]1N=C(c2ccccc2)c2ccccc2N(CCCCC(=O)NO)C1=O,5.8696662315049934,1,
CC(C)[C@@H]1NC(=O)[C@@H]2CCCN2C(=O)[C@H]2CCCN2C(=O)C[C@@H](C(=O)NCCCC(=O)NO)NC1=O,5.2949920406666635,1,
CC(C)[C@@H]1NC(=O)[C@H]2CCCN2C(=O)[C@@H]2CCCN2C(=O)C[C@H](C(=O)NCCCC(=O)NO)NC1=O,5.115771230367396,1,
CC(C)[C@@H]1NC(=O)[C@]2(C)CSC(=N2)c2cccc(n2)CNC(=O)C[C@@H](/C=C/CCS)OC1=O,7.309803919971486,1,
CC(C)[C@@H]1NC(=O)[C@]2(C)CSC(=N2)c2ccnc(c2)CNC(=O)C[C@@H](/C=C/CCS)NC1=O,5.545307550760523,1,
CC(C)[C@@H]1NC(=O)[C@]2(C)CSC(=N2)c2ccnc(c2)CNC(=O)C[C@@H](/C=C/CCS)OC1=O,7.455931955649724,1,
CC(C)[C@@H]1NC(=O)[C@]2(C)CSC(=N2)c2csc(n2)CNC(=O)C(F)(F)[C@@H](/C=C/CCS)NC1=O,5.852014679316195,1,
CC(C)[C@@H]1NC(=O)[C@]2(C)CSC(=N2)c2csc(n2)CNC(=O)C[C@@H](/C(F)=C/CCS)NC1=O,6.47755576649368,1,
CC(C)[C@@H]1NC(=O)[C@]2(C)CSC(=N2)c2csc(n2)CNC(=O)C[C@@H](/C(F)=C/CCS)OC1=O,6.522878745280337,1,
CC(C)[C@@H]1NC(=O)[C@]2(C)CSC(=N2)c2csc(n2)CNC(=O)C[C@@H](/C=C(\F)CCS)OC1=O,7.698970004336019,1,
CC(C)[C@@H]1NC(=O)[C@]2(C)CSC(=N2)c2csc(n2)CNC(=O)C[C@@H](/C=C/C(F)(F)CS)OC1=O,6.0467236633326955,1,
CC(C)[C@@H]1NC(=O)[C@]2(C)CSC(=N2)c2csc(n2)CNC(=O)C[C@@H](/C=C/CCC(=O)NO)OC1=O,6.221848749616356,1,
CC(C)[C@@H]1NC(=O)[C@]2(C)CSC(=N2)c2csc(n2)CNC(=O)C[C@@H](/C=C/CCNC(=O)CS)OC1=O,6.619788758288394,1,
CC(C)[C@@H]1NC(=O)[C@]2(C)CSC(=N2)c2csc(n2)CNC(=O)C[C@@H](/C=C/CCS)NC1=O,6.991399828238082,1,
CC(C)[C@@H]1NC(=O)[C@]2(C)CSC(=N2)c2csc(n2)CNC(=O)C[C@@H](/C=C/CCS)OC1=O,7.28226910264781,3,0.3281777095604822
CC(C)[C@@H]1NC(=O)[C@]2(C)CSC(=N2)c2csc(n2)CNC(=O)C[C@@H](/C=C/CCSCCS)OC1=O,5.552841968657781,1,
CC(C)[C@@H]1NC(=O)[C@]2(C)CSC(=N2)c2csc(n2)CNC(=O)C[C@@H](/C=C/CCSSCC/C=C/[C@@H]2CC(=O)NCc3nc(cs3)C3=N[C@@](C)(CS3)C(=O)N[C@@H](C(C)C)C(=O)O2)OC1=O,7.214670164989233,1,
CC(C)[C@@H]1NC(=O)[C@]2(C)CSC(=N2)c2csc(n2)CNC(=O)C[C@@H](/C=C/CCSSC[C@H](NC(=O)OC(C)(C)C)C(=O)OC(C)(C)C)OC1=O,6.8696662315049934,1,
CC(C)[C@@H]1NC(=O)[C@]2(C)CSC(=N2)c2csc(n2)CNC(=O)C[C@H](/C(F)=C/CCS)OC1=O,5.738261452647462,1,
CC(C)[C@@H]1Oc2cc(-c3noc(C(F)(F)F)n3)ccc2CNC1=O,6.455931955649724,1,
CC(C)[C@H](C(=O)N1CCC(Nc2ncc(C(=O)NO)cn2)(c2ccccc2)CC1)c1ccccc1,8.301029995663981,1,
CC(C)[C@H](C(=O)Nc1ccc(C(=O)NO)cc1)c1ccccc1,7.988168040901103,2,0.27193633079626606
CC(C)[C@H](NC(=O)/C=N/O[C@H]1O[C@H](CO)[C@@H](O)[C@H](O)[C@@H]1O)C(=O)N[C@@H](CCC(=O)O)C(=O)N[C@@H](CCCCN)C(=O)N[C@@H](CC(N)=O)C(=O)N[C@@H](CC(=O)O)C(=O)N[C@@H](CCC(N)=O)C(=O)N[C@@H](CCCCN)C(=O)N[C@H](C(=O)N[C@@H](Cc1ccc(O)cc1)C(=O)N[C@@H](Cc1cnc[nH]1)C(=O)N[C@@H](C)C(N)=O)[C@@H](C)O,7.455931955649724,1,
CC(C)[C@H](NC(=O)/C=N/O[C@H]1O[C@H](CO)[C@H](O)[C@H](O)[C@H]1O)C(=O)N[C@@H](CCC(=O)O)C(=O)N[C@@H](CCCCN)C(=O)N[C@@H](CC(N)=O)C(=O)N[C@@H](CC(=O)O)C(=O)N[C@@H](CCC(N)=O)C(=O)N[C@@H](CCCCN)C(=O)N[C@H](C(=O)N[C@@H](Cc1ccc(O)cc1)C(=O)N[C@@H](Cc1cnc[nH]1)C(=O)N[C@@H](C)C(N)=O)[C@@H](C)O,7.455931955649724,1,
CC(C)[C@H](NC(=O)c1csc(-c2cscn2)n1)C(=O)NCCCC(=O)NO,4.530899954285754,1,
CC(C)[C@H](NC(=O)c1csc(-c2cscn2)n1)C(=O)OC/C=C/CCS,5.430275192531674,2,0.0004962445031155791
CC(C)[C@H](NC(=O)c1nc(-c2nccs2)sc1C1CC1)c1ccc(C(=O)NO)cc1,7.853871964321762,1,
CC(C)[C@H](NS(=O)(=O)c1cccc(C(=O)NO)c1)C(=O)Nc1ccccc1,4.392544976785332,1,
CC(C)[C@H](c1nc2ccccc2o1)n1cc(/C=C/C(=O)NO)nn1,7.508638306165727,1,
CC(C)[C@H]1NC(=O)[C@@H](C)[C@@H](CC=CCCC(=O)O)NC(=O)[C@@H](Cc2ccccc2)NC(=O)[C@@H](C)NC1=O,4.920818753952375,1,
CC(C)[C@H]1NC(=O)[C@H]2CSSCC/C=C/[C@H](CC(=O)N[C@H](C)C(=O)N2)OC(=O)C[C@@H]1O,5.795880017344075,1,
CC(C)[C@H]1NC(=O)[C@]2(C)CSC(=N2)c2csc(n2)CNC(=O)C[C@@H](/C=C/CCS)OC1=O,7.382867937810605,2,0.10332812494955197
CC(C)c1c(C(=O)Nc2ccccc2)c(-c2ccccc2)c(-c2ccc(F)cc2)n1CC[C@@H](O)C[C@@H](O)CC(=O)NO,7.06810073065975,2,0.010776283697324371
CC(C)c1c(C(=O)Nc2ccccc2)c(-c2ccccc2)c(-c2ccc(F)cc2)n1CC[C@@H](O)C[C@@H](O)CC(=O)O,4.844432204136769,2,0.006760881135724175
CC(C)c1cc(-c2n[nH]c(=O)n2-c2ccc(C(=O)NCCCCCCCC(=O)NO)cc2)c(O)cc1O,5.522878745280337,1,
CC(C)c1cc(-n2nnc(C(=O)NCCCCCCC(=O)NO)c2-c2ccc(CN3CCOCC3)cc2)c(O)cc1O,7.920818753952375,1,
CC(C)c1cc(C(=O)N(C)Cc2ccc(C(=O)NO)cc2)c(O)cc1O,6.97469413473523,2,0.0
CC(C)c1cc(C(=O)N(C)c2ccc(NC(=O)CCCCCC(=O)NO)cc2)c(O)cc1O,3.407379178678018,1,
CC(C)c1cc(C(=O)N(C)c2ccc(NC(=O)CCCCCCC(=O)NO)cc2)c(O)cc1O,5.554454386766138,2,2.6070823685391225
CC(C)c1cc(C(=O)N(C)c2ccc(NC(=O)CCCCCCCC(=O)NO)cc2)c(O)cc1O,4.971511157602704,2,2.1620521828591635
CC(C)c1cc(C(=O)N(C)c2ccc(NC(=O)CCCCCCCCC(=O)NO)cc2)c(O)cc1O,3.1727406070088575,1,
CC(C)c1cc(C(=O)N(C)c2cccc(NC(=O)CCCCCCC(=O)NO)c2)c(O)cc1O,3.6750388469626456,1,
CC(C)c1cc(C(=O)N2CCc3cc(NC(=O)CCCC(=O)NO)ccc32)c(O)cc1O,5.537492294293127,2,0.7445790706577372
CC(C)c1cc(C(=O)N2CCc3cc(NC(=O)CCCCC(=O)NO)ccc32)c(O)cc1O,4.583359492661719,1,
CC(C)c1cc(C(=O)N2CCc3cc(NC(=O)CCCCCC(=O)NO)ccc32)c(O)cc1O,6.366050571971322,2,0.9820725721860335
CC(C)c1cc(C(=O)N2CCc3cc(NC(=O)CCCCCCC(=O)NO)ccc32)c(O)cc1O,7.358263692862665,3,1.4959360368898953
CC(C)c1cc(C(=O)N2CCc3cc(NC(=O)CCCCCCCC(=O)NO)ccc32)c(O)cc1O,5.896654509489184,2,1.220178147323686
CC(C)c1cc(C(=O)N2CCc3cc(NC(=O)CCCCCCCCC(=O)NO)ccc32)c(O)cc1O,5.870382298900633,2,1.567554479069555
CC(C)c1cc(C(=O)N2CCc3cc(NCc4ccc(C(=O)NO)cc4)ccc32)c(O)cc1O,4.128427064454121,1,
CC(C)c1cc(C(=O)N2CCc3onc(C(=O)NCCCCCCC(=O)NO)c3C2)c(O)cc1O,8.387216143280265,1,
CC(C)c1cc(C(=O)N2Cc3ccc(/C=C/C(=O)NO)cc3C2)c(O)cc1O,6.518557371497695,1,
CC(C)c1cc(C(=O)N2Cc3ccc(NC(=O)CCCC(=O)NO)cc3C2)c(O)cc1O,7.161150909262744,1,
CC(C)c1cc(C(=O)N2Cc3ccc(NC(=O)CCCCC(=O)NO)cc3C2)c(O)cc1O,6.481486060122112,1,
CC(C)c1cc(C(=O)N2Cc3ccc(NC(=O)CCCCCC(=O)NO)cc3C2)c(O)cc1O,7.155017211550388,2,1.232989073286658
CC(C)c1cc(C(=O)N2Cc3ccc(NC(=O)CCCCCCC(=O)NO)cc3C2)c(O)cc1O,6.214761805169532,2,0.6234502806006227
CC(C)c1cc(C(=O)N2Cc3ccc(NC(=O)CCCCCCCC(=O)NO)cc3C2)c(O)cc1O,7.689463814428187,2,1.3976911509453587
CC(C)c1cc(C(=O)N2Cc3ccc(NC(=O)CCCCCCCCC(=O)NO)cc3C2)c(O)cc1O,6.38728332592969,2,0.03219750305095051
CC(C)c1cc(C(=O)N2Cc3ccc(NCc4ccc(C(=O)NO)cc4)cc3C2)c(O)cc1O,7.481486060122112,1,
CC(C)c1cc(C(=O)Nc2ccc(NC(=O)CCCCCCC(=O)NO)cc2)c(O)cc1O,3.381878654974379,1,
CC(C)c1cc(C(=O)Nc2cccc(NC(=O)CCCCCCC(=O)NO)c2)c(O)cc1O,3.9768710539895045,1,
CC(C)c1ccc(-c2cc3cc(C(=O)NO)ccc3[nH]2)cc1,7.207608310501746,1,
CC(C)c1ccc(-c2cc3cc(C(=O)NO)ccc3s2)cc1,7.422331981267469,2,0.23008500991703992
CC(C)c1ccc(-c2cc3cc(C(=O)NO)cnc3[nH]2)cc1,7.721246399047171,1,
CC(C)c1ccc(-c2cc3cc(C(=O)NO)cnc3o2)cc1,7.657577319177793,2,0.0
CC(C)c1ccc(-c2cc3cc(C(=O)NO)cnc3s2)cc1,7.376750709602099,1,
CC(C)c1ccc(-c2cc3ccc(C(=O)NO)cc3o2)cc1,8.154901959985743,1,
CC(C)c1ccc(-c2cc3ccc(C(=O)NO)cc3s2)cc1,7.642835120127383,2,0.2984511672201077
CC(C)c1ccc(-c2cc3ncc(C(=O)NO)cc3o2)cc1,7.638272163982407,1,
CC(C)c1ccc(-c2cc3ncc(C(=O)NO)cc3s2)cc1,7.301029995663981,1,
CC(C)c1ccc(-c2csc(NC(=O)[C@H](CCCCNS(N)(=O)=O)NC(=O)OCc3ccccc3)n2)cc1,5.853871964321762,1,
CC(C)c1ccc(-c2nc3cc(C(=O)NO)ccc3n2C)cc1,7.552841968657781,2,0.0
CC(C)c1ccc(-c2nc3cc(C(=O)NO)ccc3o2)cc1,7.590704431795442,3,0.009834203029349207
CC(C)c1ccc(-c2nc3cc(C(=O)NO)ccc3o2)cc1F,7.42021640338319,1,
CC(C)c1ccc(-c2nc3cc(C(=O)NO)ccc3s2)cc1,8.20446769648675,2,0.4503012236133323
CC(C)c1ccc(-c2nc3ccc(C(=O)NO)cc3[nH]2)cc1,7.853871964321762,2,0.0
CC(C)c1ccc(-c2nc3ccc(C(=O)NO)cc3o2)cc1,8.045757490560675,1,
CC(C)c1ccc(-c2nc3ncc(C(=O)NO)cc3[nH]2)cc1,7.958607314841775,1,
CC(C)c1ccc(C(=O)N(CC(=O)NC23CC4CC(CC(C4)C2)C3)Cc2ccc(C(=O)NO)cc2)cc1,6.6020599913279625,1,
CC(C)c1ccc(C(=O)N(CC(=O)NC2CCCCC2)CC2CCN(c3ncc(C(=O)NO)cn3)CC2)cc1,6.359518563029578,1,
CC(C)c1ccc(C(=O)N(CC(=O)NC2CCCCC2)Cc2ccc(C(=O)NO)cc2)cc1,7.1938200260161125,1,
CC(C)c1ccc(C(=O)N(CC(=O)NCc2ccccc2)CC2CCN(c3ncc(C(=O)NO)cn3)CC2)cc1,6.795880017344075,1,
CC(C)c1ccc(C(=O)N(Cc2ccc(C(=O)NO)cc2)C(C)(C)C(=O)NC2CCCCC2)cc1,6.568636235841012,1,
CC(C)c1ccc(C(=O)N(Cc2ccc(C(=O)NO)cc2)C(C)(C)C(=O)NCc2ccccc2)cc1,7.221848749616356,1,
CC(C)c1ccc(C(=O)N(Cc2ccc(C(=O)NO)cc2)Cc2nnnn2Cc2ccccc2)cc1,6.494850021680094,1,
CC(C)c1ccc(C/C(=N\O)C(=O)NCCSSCCNC(=O)/C(Cc2ccc(C(C)C)cc2)=N/O)cc1,6.6777807052660805,2,0.0
CC(C)c1ccc(CC(=O)N(CC(=O)NC2CCCCC2)Cc2ccc(C(=O)NO)cc2)cc1,7.3979400086720375,1,
CC(C)c1ccc(CC(=O)N(CC(=O)NCc2ccccc2)Cc2ccc(C(=O)NO)cc2)cc1,7.698970004336019,1,
CC(C)c1ccc(Cn2cc3ccc(C(=O)NO)cc3n2)cc1,7.537602002101044,1,
CC(C)c1ccc(NCc2nc3cc(C(=O)NO)ccc3s2)cc1,8.096910013008056,1,
CC(C)c1ccc(Nc2nc3cc(C(=O)NO)ccc3n2C)cc1,7.657577319177793,1,
CC(C)c1ccc(Nc2nc3cc(C(=O)NO)ccc3o2)cc1,7.292429823902063,1,
CC(C)c1ccc(Nc2ncnc3cc(NC(=O)CCCCCCC(=O)NO)sc23)cc1,7.431798275933005,1,
CC(C)c1ccc(S(=O)(=O)N2CCC(CCCC(=O)NO)CC2)cc1,6.270025714300445,1,
CC(C)c1cccc(C(C)C)c1N(C)c1ccc(C(=O)NCCCCCCC(=O)NO)cc1,6.65789160243056,2,0.9742459019246105
CC(C)c1cccc(C(C)C)c1Nc1ccc(C(=O)N(C)CCCCCCC(=O)NO)cc1,6.498215884660172,2,0.6567008403172114
CC(C)c1cccc(C(C)C)c1Nc1ccc(C(=O)NCCCCCCC(=O)NO)cc1,7.065971819088479,2,0.8951946185346275
CC(C)c1cccc(C(C)C)c1Nc1ncc(C(=O)N(C)CCCCCCC(=O)NO)cn1,6.834073864033197,2,0.6482132148410877
CC(C)c1cccc(Nc2ncnc3cc(NC(=O)CCCCCCC(=O)NO)sc23)c1,7.443697499232712,1,
CC(C)c1ccccc1C(=O)N(CC(=O)NC(C)(C)C)Cc1ccc(C(=O)NO)cc1F,7.376750709602099,1,
CC(C)c1ccccc1N(C)c1ncc(C(=O)N(C)CCCCCCC(=O)NO)cn1,6.746747483797564,2,0.7838738456677136
CC(C)c1ccccc1N(C)c1ncc(C(=O)NCCCCCCC(=O)NO)cn1,7.645789549932644,2,0.719993675069546
CC(C)c1cn(CCCCCCNC(=O)CS)c2cc(Cl)c(Cl)cc12,5.804100347590767,1,
CC(C)c1nc(N(C)S(C)(=O)=O)nc(-c2ccc(F)cc2)c1/C=C/[C@@H](O)C[C@@H](O)CC(=O)NO,6.876148359032914,2,0.0
CC(C)c1nc(SCC(=O)c2ccc(CNC(=O)C(C)(C)C)s2)c2ccccc2n1,6.522878745280337,1,
CC(C)c1nc2ccccc2n1Cc1ccc(C(=O)NO)cc1,7.327902142064282,1,
CC(C)c1ncc(C(=O)N(Cc2ccc(-c3noc(C(F)(F)F)n3)cn2)c2cccc(F)c2)cn1,8.136677139879545,1,
CC(C)c1ncncc1C(=O)N(Cc1ccc(-c2noc(C(F)(F)F)n2)cn1)c1cccc(F)c1,7.585026652029182,1,
CC(C)c1sc(-c2nccs2)nc1C(=O)NCCCCC(=O)NO,5.917933660939708,2,0.0010168637542300914
CC(C)n1c(-c2cccc(/C=C/C(=O)NO)c2)nc2ccccc21,7.0,1,
CC(C)n1c(CNc2ccccc2)nc2cc(C(=O)NO)ccc21,5.821023052706831,1,
CC(C)n1cc(C2CC2NCC2CCN(CCCc3ccc(C(=O)NO)cc3)CC2)cn1,6.565431095965801,1,
CC(C)n1cc(N(Cc2ncc(-c3nnc(C(F)F)o3)s2)S(C)(=O)=O)cn1,6.928117992693874,3,0.0
CC(C)n1ccc(COc2cc(-c3noc(C(F)(F)F)n3)ccn2)n1,7.008773924307505,1,
CC(C)n1ccc(OCc2ccc(-c3nnc(C(F)F)o3)cn2)n1,7.301029995663981,1,
CC(C)n1ccc2cc(-c3cnc([C@@H](N)CCCCCC(=O)c4ncco4)[nH]3)ccc2c1=O,4.346787486224656,1,
CC(C)n1cnc2c(-c3cccc(OCCCC(=O)NO)c3)nc(N3CCOCC3)nc21,7.565169824075504,3,0.0946027691119871
CC(C)n1cnc2cc(OCc3ccc(-c4nnc(C(F)F)o4)cn3)ccc21,6.259637310505756,1,
CC(C)n1cnc2ccc(OCc3ccc(-c4nnc(C(F)F)o4)cn3)cc21,5.259637310505756,1,
CC(C)n1nc(-c2ccc(F)cc2)cc1C(=O)NCCCCCCS,5.130768280269024,1,
CC(CC12CC3CC(CC(C3)C1)C2)N(C)Cc1ccc(C(=O)NO)cc1,6.537602002101044,1,
CC(CC12CC3CC(CC(C3)C1)C2)NCc1ccc(C(=O)NO)cc1,6.490797477668897,1,
CC(CCC(=O)NO)Cc1ccc(NS(=O)(=O)c2ccc(Cl)cc2)cc1,5.931814138253838,1,
CC(CCCC(=O)Nc1ccccc1)CCC(=O)NO,5.481486060122112,1,
CC(CCCCCC(=O)NO)n1cc(-c2ncnc3[nH]ccc23)cn1,9.0,1,
CC(CCCCCC(=O)Nc1ccccc1)C(=O)NO,3.8728952016351927,1,
CC(CNC(=O)c1ccc(-c2noc(C(F)(F)F)n2)cc1)N(C)C,5.0,1,
CC(CNC(=O)c1ccc(-c2noc(C(F)(F)F)n2)cc1F)N(C)C,5.619788758288394,1,
CC(CNC(=O)c1ccc(/C=C/C(=O)NO)cc1)Oc1no[n+]([O-])c1S(=O)(=O)c1ccccc1,6.552841968657781,2,0.0
CC(CO)NC(=O)c1ccc(-c2noc(C(F)(F)F)n2)cc1F,5.292429823902063,1,
CC(Cc1c[nH]c2ccccc12)NCc1ccc(/C=C/C(=O)NO)cc1,7.619788758288394,1,
CC(Cn1cncn1)C(=O)N(Cc1ccc(-c2noc(C(F)(F)F)n2)cc1)c1cccc(C(F)(F)F)c1,7.4089353929735005,1,
CC(F)(F)C(=O)N[C@@H]1CCCC(F)(F)[C@H]1N1Cc2ccc(-c3nnc(C(F)F)o3)cc2S1(=O)=O,7.366531544420414,1,
CC(F)(F)C(=O)N[C@@H]1CCCC[C@H]1N1Cc2c(F)cc(-c3nnc(C(F)F)o3)cc2S1(=O)=O,6.583359492661719,1,
CC(F)(F)C(=O)N[C@@H]1CCCC[C@H]1N1Cc2ccc(-c3nnc(C(F)F)o3)cc2S1(=O)=O,7.229147988357855,1,
CC(F)(F)C(=O)N[C@H]1[C@H](N2Cc3ccc(-c4nnc(C(F)F)o4)cc3S2(=O)=O)CCCC1(F)F,7.2441251443275085,1,
CC(F)(F)CN1CCN(c2ccc3c(c2)C(C)(C)C(=O)N(Cc2ccc(-c4nnc(C(F)F)o4)cn2)C3=O)CC1,7.017728766960431,1,
CC(F)(F)COc1cccc(C2(Nc3ncc(-c4nnc(C(F)F)o4)cn3)CC2)c1Cl,6.920818753952375,1,
CC(F)(F)COc1cncc(N(Cc2ncc(-c3nnc(C(F)F)o3)s2)S(C)(=O)=O)c1,7.698970004336019,3,0.0
CC(F)(F)c1cncc(N(Cc2ncc(-c3nnc(C(F)F)o3)s2)S(C)(=O)=O)c1,7.585026652029182,3,0.0
CC(F)c1cncc(N(Cc2ncc(-c3nnc(C(F)F)o3)s2)S(C)(=O)=O)c1,7.431798275933005,3,0.0
CC(N(C)Cc1ccc(C(=O)NO)cc1)C12CC3CC(CC(C3)C1)C2,6.537602002101044,1,
CC(NC(=O)OC(C)(C)C)C(=O)N[C@H](COc1cccc(/C=C/C(=O)NO)c1)Cc1c[nH]c2ccccc12,6.064492734175287,1,
CC(NC(=O)c1ccc(C(=O)C(F)(F)F)s1)c1cccc2ccccc12,6.443697499232712,1,
CC(NC(=O)c1ccc(C(=O)C(F)(F)F)s1)c1ccncc1,6.585026652029182,1,
CC(NC(=O)c1nc(-c2nccs2)sc1C1CC1)c1ccc(C(=O)NO)cc1,7.376750709602099,1,
CC(NCCc1c[nH]c2ccccc12)c1ccc(/C=C/C(=O)NO)cc1,7.638272163982407,1,
CC(NCc1ccc(C(=O)NO)cc1)C12CC3CC(CC(C3)C1)C2,6.490797477668897,1,
CC(NS(C)(=O)=O)[C@@H](Nc1ncc(-c2nnc(C(F)F)o2)cn1)c1ccc(F)cc1,7.309803919971486,1,
CC(NS(C)(=O)=O)[C@H](Nc1ncc(-c2nnc(C(F)F)o2)cn1)c1ccc(F)cc1,7.346787486224656,1,
CC(Nc1ccc(-c2noc(C(F)(F)F)n2)cn1)c1ccccc1,6.1938200260161125,1,
CC(Nc1ncc(-c2nnc(C(F)(F)F)o2)cn1)c1ccccc1,6.4089353929735005,1,
CC(Nc1ncc(-c2nnc(C(F)F)o2)cn1)c1ccc(F)cc1,7.481486060122112,1,
CC(Nc1ncc(-c2nnc(C(F)F)o2)cn1)c1ccc(F)cn1,6.920818753952375,1,
CC(Nc1ncc(-c2nnc(C(F)F)o2)cn1)c1ccccc1,7.2441251443275085,1,
CC(Nc1ncc(-c2noc(C(F)(F)F)n2)cc1Cl)c1ccncc1,5.958607314841775,1,
CC(Nc1ncc(-c2noc(C(F)(F)F)n2)cn1)c1ccncc1,6.251811972993799,1,
CC(Nc1ncc(C(=O)NO)cn1)(c1ccc(F)cc1)c1ccc(F)cc1,8.045757490560675,1,
CC(Nc1ncc(C(=O)NO)cn1)(c1ccccc1)c1ccccc1,8.221848749616356,1,
CC(Nc1ncc(C(=O)NO)cn1)c1ccccc1,8.698970004336019,2,0.0
CC(Nc1ncc(C(=O)NO)cn1)c1ccncc1,8.397940008672037,1,
CC(O)(c1ccc(C(=O)NCCCCCCC(=O)NO)cc1)c1ccccn1,7.5138985808104675,2,0.9065156723566583
CC(O)(c1ccc(F)cc1)c1ccc(C(=O)NCCCCCCC(=O)NO)cc1,7.949814727441218,4,0.6617173299246075
CC(O)C(Nc1ncc(-c2nnc(C(F)F)o2)cn1)c1ccc(F)cc1F,7.366531544420414,1,
CC(O)COC[C@H]1O[C@@H]2O[C@H]3[C@@H](O)[C@H](O)[C@@H](O[C@H]4[C@@H](O)[C@H](O)[C@@H](O[C@H]5[C@@H](O)[C@H](O)[C@@H](O[C@H]6[C@@H](O)[C@H](O)[C@@H](O[C@H]7[C@@H](O)[C@H](O)[C@@H](O[C@H]8[C@@H](O)[C@H](O)[C@@H](O[C@H]1[C@@H](O)[C@@H]2O)O[C@@H]8COCC(C)O)O[C@@H]7COCC(C)O)O[C@@H]6COCC(C)O)O[C@@H]5COCC(C)O)O[C@@H]4COCC(C)O)O[C@@H]3COCC(C)O,8.125518182300533,1,
CC(Oc1cc(-c2noc(C(F)(F)F)n2)ccn1)c1nc2ccccc2[nH]1,7.221848749616356,1,
CC(Oc1ccc(F)cc1)c1ccc(-c2nnc(C(F)F)o2)cn1,5.259637310505756,2,0.0
CC(Oc1nccc(-c2noc(C(F)(F)F)n2)c1Cl)c1cccnc1,7.251811972993799,1,
CC(c1ccc(-c2nnc(C(F)F)o2)c(F)c1)n1cc(-c2ccc(N)nc2)nn1,7.008773924307505,1,
CC(c1ccc(-c2nnc(C(F)F)o2)c(F)c1)n1cc(-c2cccc(NC(=O)N3CCOCC3)c2)nn1,7.00436480540245,1,
CC(c1ccc(-c2nnc(C(F)F)o2)cc1)n1cc(-c2ccc(N)nc2)nn1,7.356547323513812,1,
CC(c1ccc(-c2nnc(C(F)F)o2)cc1)n1cc(-c2ccccc2)nn1,6.826813731587726,1,
CC(c1ccc(-c2nnc(C(F)F)o2)cc1)n1cnc2ccccc21,6.229884705212898,1,
CC(c1ccc(-c2nnc(C(F)F)o2)cc1)n1nnc(-c2ccc3c(c2)C(=O)N(C)CC3)n1,6.747146969020107,1,
CC(c1ccc(-c2nnc(C(F)F)o2)cc1F)n1cc(-c2ccc(N)nc2)nn1,7.017728766960431,1,
CC(c1ccc(-c2nnc(C(F)F)o2)cc1F)n1cc(-c2cccc(NC(=O)N3CCOCC3)c2)nn1,7.107905397309519,1,
CC(c1ccc(-c2nnc(C(F)F)o2)cn1)n1cc(-c2ccc(N)nc2)nn1,7.619788758288394,1,
CC(c1ccc(-c2nnc(C(F)F)o2)cn1)n1cc(-c2cccc(NC(=O)N3CCOCC3)c2)nn1,7.552841968657781,1,
CC(c1ccc(C(=O)NO)cc1)N1CCCc2cc(Cl)ccc21,5.746054531231774,2,0.9501847864180812
CC(c1ccc(C(=O)NO)cc1)n1[se]c2ccccc2c1=O,6.06398920428479,1,
CC(c1ccc(NC(=O)/C=C/c2ccccc2)nc1)N1CCc2nc(C(=O)NO)sc2C1,5.97061622231479,1,
CC(c1ccc(NC(=O)c2ccc(-c3ccccc3)s2)nc1)N1CCc2nc(C(=O)NO)sc2C1,5.876148359032914,1,
CC(c1nc2c(cnn2C2CCCC2)c(=O)[nH]1)C1CC(Cc2ccc(C(=O)NO)cc2)C1,7.3979400086720375,1,
CC(c1nc2ccccc2o1)n1cc(/C=C/C(=O)NO)nn1,7.0655015487564325,1,
CC/C(=C(\c1ccc(O)cc1)c1ccc(OCCN(C)C)cc1)c1ccc(/C=C/C(=O)NO)cc1,6.284832642151542,1,
CC/C(=C(\c1ccc(O)cc1)c1ccc(OCCN(C)C)cc1)c1ccc(C(=O)NO)cc1,4.1432711096171175,1,
CC/C(=C(\c1ccc(O)cc1)c1ccc(OCCN(C)C)cc1)c1ccc(CCC(=O)NO)cc1,6.315154638355588,1,
CC/C(=C(\c1ccc(O)cc1)c1ccc(OCCN(C)C)cc1)c1ccc(CCCCC(=O)NO)cc1,6.522878745280337,1,
CC/C(=C(\c1ccc(O)cc1)c1ccc(OCCN(C)C)cc1)c1ccc(OCCCCC(=O)NO)cc1,5.7495799976911055,1,
CC/C(=C(\c1ccccc1)c1ccc(OCCN(C)Cc2ccc(-c3cn(CCCCCC(=O)NO)nn3)cc2)cc1)c1ccccc1,6.246416941107094,1,
CC/C(=C(\c1ccccc1)c1ccc(OCCN(C)Cc2ccc(NC(=O)CCCCCCC(=O)NO)cc2)cc1)c1ccccc1,6.322930923935857,3,0.5762131242200339
CC1(C(=O)N2CCOc3cc(-c4noc(C(F)(F)F)n4)ccc3C2)COC1,6.455931955649724,1,
CC1(C(=O)N2Cc3ccc(-c4noc(C(F)(F)F)n4)cc3OCC23CC3)COC1,6.455931955649724,1,
CC1(C(=O)NC(Cc2ccc(-c3noc(C(F)(F)F)n3)cn2)c2cccc(C(F)(F)F)c2)COC1,7.585026652029182,1,
CC1(C)C(=O)C(C#N)=C[C@]2(C)[C@H]3C(=O)C=C4[C@@H]5C[C@@](C)(C(=O)N6CCN(c7ccc(NC(=O)CCCCCCC(=O)NO)cc7)CC6)CC[C@]5(C)CC[C@@]4(C)[C@]3(C)CC[C@@H]12,6.434152181326482,1,
CC1(C)C(=O)N(Cc2ccc(-c3nnc(C(F)F)o3)cc2)C(=O)c2ccccc21,6.189095719331299,1,
CC1(C)C(=O)N(Cc2ccc(-c3nnc(C(F)F)o3)cc2)c2ccccc21,6.669586226650809,1,
CC1(C)C(=O)N(Cc2ccc(-c3nnc(C(F)F)o3)cc2F)C(=O)c2ccccc21,6.838631997765026,1,
CC1(C)C(=O)N(Cc2ccc(-c3nnc(C(F)F)o3)cn2)C(=O)N1c1c(F)cccc1F,7.568636235841012,1,
CC1(C)C(=O)N(Cc2ccc(-c3nnc(C(F)F)o3)cn2)C(=O)N1c1cc(F)cc(F)c1,7.161150909262744,1,
CC1(C)C(=O)N(Cc2ccc(-c3nnc(C(F)F)o3)cn2)C(=O)N1c1ccc(-c2cccc(F)c2)cc1,6.774690718274137,1,
CC1(C)C(=O)N(Cc2ccc(-c3nnc(C(F)F)o3)cn2)C(=O)N1c1ccc(-c2ccccc2F)cc1,6.782516055786093,1,
CC1(C)C(=O)N(Cc2ccc(-c3nnc(C(F)F)o3)cn2)C(=O)N1c1ccc(-c2cccnc2)cc1,7.259637310505756,1,
CC1(C)C(=O)N(Cc2ccc(-c3nnc(C(F)F)o3)cn2)C(=O)N1c1ccc(-c2ccncc2)cc1,7.318758762624412,1,
CC1(C)C(=O)N(Cc2ccc(-c3nnc(C(F)F)o3)cn2)C(=O)N1c1ccc(-c2ccoc2)cc1,6.97469413473523,1,
CC1(C)C(=O)N(Cc2ccc(-c3nnc(C(F)F)o3)cn2)C(=O)N1c1ccc(F)c(F)c1,6.847711655616944,1,
CC1(C)C(=O)N(Cc2ccc(-c3nnc(C(F)F)o3)cn2)C(=O)N1c1ccc(F)cc1,7.221848749616356,1,
CC1(C)C(=O)N(Cc2ccc(-c3nnc(C(F)F)o3)cn2)C(=O)N1c1ccc(F)cc1F,7.251811972993799,1,
CC1(C)C(=O)N(Cc2ccc(-c3nnc(C(F)F)o3)cn2)C(=O)N1c1cccc(Br)c1,7.251811972993799,1,
CC1(C)C(=O)N(Cc2ccc(-c3nnc(C(F)F)o3)cn2)C(=O)N1c1cccc(F)c1,7.275724130399211,1,
CC1(C)C(=O)N(Cc2ccc(-c3nnc(C(F)F)o3)cn2)C(=O)N1c1cccc(F)c1F,7.366531544420414,1,
CC1(C)C(=O)N(Cc2ccc(-c3nnc(C(F)F)o3)cn2)C(=O)N1c1cccc(N)c1,7.2839966563652006,1,
CC1(C)C(=O)N(Cc2ccc(-c3nnc(C(F)F)o3)cn2)C(=O)N1c1cccc([N+](=O)[O-])c1,7.337242168318426,1,
CC1(C)C(=O)N(Cc2ccc(-c3nnc(C(F)F)o3)cn2)C(=O)N1c1cccc2[nH]ccc12,7.259637310505756,1,
CC1(C)C(=O)N(Cc2ccc(-c3nnc(C(F)F)o3)cn2)C(=O)N1c1cccc2c1CCN2,7.236572006437063,1,
CC1(C)C(=O)N(Cc2ccc(-c3nnc(C(F)F)o3)cn2)C(=O)N1c1ccccc1,7.102372908709558,1,
CC1(C)C(=O)N(Cc2ccc(-c3nnc(C(F)F)o3)cn2)C(=O)c2c(-c3cccnc3)cccc21,7.301029995663981,1,
CC1(C)C(=O)N(Cc2ccc(-c3nnc(C(F)F)o3)cn2)C(=O)c2c(-c3ccco3)cccc21,7.036212172654444,1,
CC1(C)C(=O)N(Cc2ccc(-c3nnc(C(F)F)o3)cn2)C(=O)c2c(-c3ccncc3)cccc21,7.102372908709558,1,
CC1(C)C(=O)N(Cc2ccc(-c3nnc(C(F)F)o3)cn2)C(=O)c2c(-c3ccoc3)cccc21,7.229147988357855,1,
CC1(C)C(=O)N(Cc2ccc(-c3nnc(C(F)F)o3)cn2)C(=O)c2c(N3CCOCC3)cccc21,7.008773924307505,1,
CC1(C)C(=O)N(Cc2ccc(-c3nnc(C(F)F)o3)cn2)C(=O)c2cc(-c3cccc(F)c3)ccc21,6.675717544702307,1,
CC1(C)C(=O)N(Cc2ccc(-c3nnc(C(F)F)o3)cn2)C(=O)c2cc(-c3cccc4[nH]ccc34)ccc21,7.229147988357855,1,
CC1(C)C(=O)N(Cc2ccc(-c3nnc(C(F)F)o3)cn2)C(=O)c2cc(-c3ccccc3F)ccc21,6.97061622231479,1,
CC1(C)C(=O)N(Cc2ccc(-c3nnc(C(F)F)o3)cn2)C(=O)c2cc(-c3cccnc3)ccc21,7.769551078621726,1,
CC1(C)C(=O)N(Cc2ccc(-c3nnc(C(F)F)o3)cn2)C(=O)c2cc(-c3ccco3)ccc21,7.366531544420414,1,
CC1(C)C(=O)N(Cc2ccc(-c3nnc(C(F)F)o3)cn2)C(=O)c2cc(-c3ccncc3)ccc21,7.823908740944319,1,
CC1(C)C(=O)N(Cc2ccc(-c3nnc(C(F)F)o3)cn2)C(=O)c2cc(-c3ccoc3)ccc21,7.301029995663981,1,
CC1(C)C(=O)N(Cc2ccc(-c3nnc(C(F)F)o3)cn2)C(=O)c2cc(Br)ccc21,7.42021640338319,1,
CC1(C)C(=O)N(Cc2ccc(-c3nnc(C(F)F)o3)cn2)C(=O)c2cc(C3=CCS(=N)(=O)CC3)ccc21,7.494850021680094,1,
CC1(C)C(=O)N(Cc2ccc(-c3nnc(C(F)F)o3)cn2)C(=O)c2cc(C3=CCS(=O)(=NC(=O)C(F)(F)F)CC3)ccc21,7.366531544420414,1,
CC1(C)C(=O)N(Cc2ccc(-c3nnc(C(F)F)o3)cn2)C(=O)c2cc(C3=CCS(=O)CC3)ccc21,7.769551078621726,1,
CC1(C)C(=O)N(Cc2ccc(-c3nnc(C(F)F)o3)cn2)C(=O)c2cc(C3=CCSCC3)ccc21,7.443697499232712,1,
CC1(C)C(=O)N(Cc2ccc(-c3nnc(C(F)F)o3)cn2)C(=O)c2cc(C3CCN(C(=O)CO)CC3)ccc21,7.920818753952375,1,
CC1(C)C(=O)N(Cc2ccc(-c3nnc(C(F)F)o3)cn2)C(=O)c2cc(C3CCN(C4CCC4)CC3)ccc21,7.431798275933005,1,
CC1(C)C(=O)N(Cc2ccc(-c3nnc(C(F)F)o3)cn2)C(=O)c2cc(C3CCN(C4CCOC4)CC3)ccc21,7.236572006437063,1,
CC1(C)C(=O)N(Cc2ccc(-c3nnc(C(F)F)o3)cn2)C(=O)c2cc(C3CCN(C4COC4)CC3)ccc21,7.698970004336019,1,
CC1(C)C(=O)N(Cc2ccc(-c3nnc(C(F)F)o3)cn2)C(=O)c2cc(C3CCN(CC(F)(F)F)CC3)ccc21,7.0,1,
CC1(C)C(=O)N(Cc2ccc(-c3nnc(C(F)F)o3)cn2)C(=O)c2cc(C3CCN(S(C)(=O)=O)CC3)ccc21,7.154901959985743,1,
CC1(C)C(=O)N(Cc2ccc(-c3nnc(C(F)F)o3)cn2)C(=O)c2cc(N3CCN(CC(F)(F)F)CC3)ccc21,7.119186407719209,1,
CC1(C)C(=O)N(Cc2ccc(-c3nnc(C(F)F)o3)cn2)C(=O)c2cc(N3CCOCC3)ccc21,7.3979400086720375,1,
CC1(C)C(=O)N(Cc2ccc(-c3nnc(C(F)F)o3)cn2)C(=O)c2ccc(-c3ccccc3F)cc21,7.229147988357855,1,
CC1(C)C(=O)N(Cc2ccc(-c3nnc(C(F)F)o3)cn2)C(=O)c2ccc(-c3cccnc3)cc21,7.698970004336019,1,
CC1(C)C(=O)N(Cc2ccc(-c3nnc(C(F)F)o3)cn2)C(=O)c2ccc(-c3ccco3)cc21,7.309803919971486,1,
CC1(C)C(=O)N(Cc2ccc(-c3nnc(C(F)F)o3)cn2)C(=O)c2ccc(-c3ccncc3)cc21,8.0,1,
CC1(C)C(=O)N(Cc2ccc(-c3nnc(C(F)F)o3)cn2)C(=O)c2ccc(-c3ccoc3)cc21,7.522878745280337,1,
CC1(C)C(=O)N(Cc2ccc(-c3nnc(C(F)F)o3)cn2)C(=O)c2ccc(Br)cc21,7.187086643357144,1,
CC1(C)C(=O)N(Cc2ccc(-c3nnc(C(F)F)o3)cn2)C(=O)c2ccc(C3=CCN(C4COC4)CC3)cc21,7.42021640338319,1,
CC1(C)C(=O)N(Cc2ccc(-c3nnc(C(F)F)o3)cn2)C(=O)c2ccc(C3CCN(C4CC5(COC5)C4)CC3)cc21,7.481486060122112,1,
CC1(C)C(=O)N(Cc2ccc(-c3nnc(C(F)F)o3)cn2)C(=O)c2ccc(C3CCN(C4CCC4)CC3)cc21,7.6020599913279625,1,
CC1(C)C(=O)N(Cc2ccc(-c3nnc(C(F)F)o3)cn2)C(=O)c2ccc(C3CCN(C4COC4)CC3)cc21,7.455931955649724,1,
CC1(C)C(=O)N(Cc2ccc(-c3nnc(C(F)F)o3)cn2)C(=O)c2ccc(C3CCN(CC4CCOCC4)CC3)cc21,7.214670164989233,1,
CC1(C)C(=O)N(Cc2ccc(-c3nnc(C(F)F)o3)cn2)C(=O)c2ccc(N3CC(F)(F)C3)cc21,7.3872161432802645,1,
CC1(C)C(=O)N(Cc2ccc(-c3nnc(C(F)F)o3)cn2)C(=O)c2ccc(N3CC4(COC4)C3)cc21,7.657577319177793,1,
CC1(C)C(=O)N(Cc2ccc(-c3nnc(C(F)F)o3)cn2)C(=O)c2ccc(N3CCC3)cc21,7.619788758288394,1,
CC1(C)C(=O)N(Cc2ccc(-c3nnc(C(F)F)o3)cn2)C(=O)c2ccc(N3CCCCC3)cc21,7.366531544420414,1,
CC1(C)C(=O)N(Cc2ccc(-c3nnc(C(F)F)o3)cn2)C(=O)c2ccc(N3CCN(C(C)(C)C)CC3)cc21,7.619788758288394,1,
CC1(C)C(=O)N(Cc2ccc(-c3nnc(C(F)F)o3)cn2)C(=O)c2ccc(N3CCN(C4CC4)CC3)cc21,7.309803919971486,1,
CC1(C)C(=O)N(Cc2ccc(-c3nnc(C(F)F)o3)cn2)C(=O)c2ccc(N3CCN(C4CCC(F)(F)CC4)CC3)cc21,7.292429823902063,1,
CC1(C)C(=O)N(Cc2ccc(-c3nnc(C(F)F)o3)cn2)C(=O)c2ccc(N3CCN(C4CCCCC4)CC3)cc21,6.917214629683549,1,
CC1(C)C(=O)N(Cc2ccc(-c3nnc(C(F)F)o3)cn2)C(=O)c2ccc(N3CCN(C4COC4)CC3)cc21,7.337242168318426,1,
CC1(C)C(=O)N(Cc2ccc(-c3nnc(C(F)F)o3)cn2)C(=O)c2ccc(N3CCN(CC(=O)N4CCCC4)CC3)cc21,7.468521082957745,1,
CC1(C)C(=O)N(Cc2ccc(-c3nnc(C(F)F)o3)cn2)C(=O)c2ccc(N3CCN(CC(F)(F)C(F)(F)C(F)(F)F)CC3)cc21,6.2716462179787715,1,
CC1(C)C(=O)N(Cc2ccc(-c3nnc(C(F)F)o3)cn2)C(=O)c2ccc(N3CCN(CC(F)(F)C(F)F)CC3)cc21,7.050609993355087,1,
CC1(C)C(=O)N(Cc2ccc(-c3nnc(C(F)F)o3)cn2)C(=O)c2ccc(N3CCN(CC(F)(F)F)CC3)cc21,7.2839966563652006,1,
CC1(C)C(=O)N(Cc2ccc(-c3nnc(C(F)F)o3)cn2)C(=O)c2ccc(N3CCN(CC4CCCCC4)CC3)cc21,6.465973893943865,1,
CC1(C)C(=O)N(Cc2ccc(-c3nnc(C(F)F)o3)cn2)C(=O)c2ccc(N3CCN(c4ncccn4)CC3)cc21,7.2839966563652006,1,
CC1(C)C(=O)N(Cc2ccc(-c3nnc(C(F)F)o3)cn2)C(=O)c2ccc(N3CCOCC3)cc21,7.6777807052660805,1,
CC1(C)C(=O)N(Cc2ccc(-c3nnc(C(F)F)o3)cn2)C(=O)c2ccc(N3C[C@@H]4C[C@H]3CN4S(C)(=O)=O)cc21,7.853871964321762,1,
CC1(C)C(=O)N(Cc2ccc(-c3nnc(C(F)F)o3)cn2)C(=O)c2ccccc21,7.522878745280337,1,
CC1(C)C(=O)N(Cc2ncc(-c3nnc(C(F)F)o3)cn2)C(=O)c2ccc(Br)cc21,6.903089986991944,1,
CC1(C)C(=O)N(Cc2ncc(-c3nnc(C(F)F)o3)cn2)C(=O)c2ccccc21,7.080921907623926,1,
CC1(C)C(=O)N(Cc2ncc(-c3nnc(C(F)F)o3)s2)c2cnccc21,6.826813731587726,3,0.0
CC1(C)C(=O)N(c2ccc(C#N)c(C(F)(F)F)c2)C(=O)N1Cc1ccc(-c2cn(CCCCCCC(=O)NO)nn2)cc1,6.161150909262744,1,
CC1(C)C(=O)N(c2ccc(C#N)c(C(F)(F)F)c2)C(=S)N1c1ccc(/C=C/C(=O)Nc2ccccc2N)c(F)c1,4.221848749616356,1,
CC1(C)C(=O)N(c2ccc(C#N)c(C(F)(F)F)c2)C(=S)N1c1ccc(C(=O)NCCCCCC(=O)NO)c(F)c1,7.443697499232712,1,
CC1(C)C(=O)N(c2ccc(C#N)c(C(F)(F)F)c2)C(=S)N1c1ccc(C(=O)NCCCCCCNS(N)(=O)=O)c(F)c1,5.950781977329818,1,
CC1(C)C(=O)N(c2ccc(C#N)c(C(F)(F)F)c2)C(=S)N1c1ccc(C(=O)NCCCn2cccc(O)c2=O)c(F)c1,4.853871964321762,1,
CC1(C)C(=O)N(c2ccc(C#N)c(C(F)(F)F)c2)C(=S)N1c1ccc(C(=O)NCCOCCC(=O)NO)c(F)c1,6.305394801066431,1,
CC1(C)C(=O)N(c2ccc(C#N)c(C(F)(F)F)c2)C(=S)N1c1ccc(C(=O)Nc2ccccc2N)c(F)c1,4.325138859262188,1,
CC1(C)C(=O)N(c2ccc(C#N)c(C(F)(F)F)c2)C(=S)N1c1ccc(C(=O)OCCCCCC(=O)NO)c(F)c1,8.698970004336019,1,
CC1(C)C(=O)N(c2ccc(C#N)c(C(F)(F)F)c2)C(=S)N1c1ccc(Cn2ccc3cc(/C=C/C(=O)NO)ccc32)c(F)c1,5.692503962086787,1,
CC1(C)C(=O)N(c2ccccc2)C(=O)N1Cc1ccc(-c2nnc(C(F)(F)F)o2)cc1F,6.018634490921455,1,
CC1(C)C(=O)N(c2ccccc2)C(=O)N1Cc1ccc(-c2nnc(C(F)F)o2)cc1F,6.1771783546968955,1,
CC1(C)C(=O)NCCN1C(=O)[C@@H]1CCC(=O)N1c1ccc(-c2noc(C(F)(F)F)n2)c(F)c1,7.173925197299173,1,
CC1(C)C(=O)Nc2ccc(-c3cn(Cc4ccc(-c5nnc(C(F)F)o5)cn4)nn3)cc21,7.7447274948966935,1,
CC1(C)C2CCC(CNCc3ccc(C(=O)NO)cc3)C1C2,6.826813731587726,2,0.0
CC1(C)CC(=O)N(Cc2ccc(C(=O)NO)cc2)c2ccc(Cl)cc21,7.537602002101044,1,
CC1(C)CC(=O)Nc2ccc(C(=O)NCC3CCC(/C=C/C(=O)NO)CC3)cc21,8.823908740944319,1,
CC1(C)CC(=O)Nc2ccc(C(=O)NCCCCCCC(=O)NO)cc21,7.036212172654444,1,
CC1(C)CC(=O)Nc2ccc(C(=O)NC[C@H]3CC[C@@H](/C=C/C(=O)NO)CC3)cc21,6.142667503568731,1,
CC1(C)CC(=O)Nc2ccc(C(=O)NC[C@H]3CC[C@@H](CCC(=O)NO)CC3)cc21,6.275724130399211,1,
CC1(C)CC(=O)Nc2ccc(C(=O)NC[C@H]3CC[C@H](/C=C/C(=O)NO)CC3)cc21,7.236572006437063,1,
CC1(C)CC(=O)Nc2ccc(C(=O)NC[C@H]3CC[C@H](CCC(=O)NO)CC3)cc21,6.356547323513812,1,
CC1(C)CC(=O)Nc2ccc(C(=O)NCc3ccc(/C=C/C(=O)NO)cc3)cc21,6.958607314841775,1,
CC1(C)CC(=O)Nc2ccc(C(=O)NCc3cccc(/C=C/C(=O)NO)c3)cc21,6.537602002101044,1,
CC1(C)CC(=O)Nc2ccc(NC(=O)CCCCCCC(=O)NO)cc21,6.259637310505756,1,
CC1(C)CC(=O)c2c(C(F)(F)F)nn(Cc3ccc(C(=O)NO)cc3)c2C1,7.619788758288394,2,0.17669005577721764
CC1(C)CC(=O)c2c(n(Cc3ccc(C(=O)NO)cc3)c3ccc(Br)cc23)C1,6.886056647693163,1,
CC1(C)CC(=O)c2c(n(Cc3ccc(C(=O)NO)cc3)c3ccccc23)C1,7.920818753952375,1,
CC1(C)CC(C(=O)N(Cc2ccc(-c3noc(C(F)(F)F)n3)cn2)c2cccc(F)c2)CCO1,7.920818753952375,1,
CC1(C)CC(c2ccccc2)N(c2ccc(-c3noc(C(F)(F)F)n3)cc2F)C1=O,7.721246399047171,1,
CC1(C)CCC(CN2CCN(c3ccc(C(=O)NS(=O)(=O)c4ccc(NCCCCCC(=O)NO)c([N+](=O)[O-])c4)c(Oc4cnc5[nH]ccc5c4)c3)CC2)=C(c2ccc(Cl)cc2)C1,7.552841968657781,1,
CC1(C)CCC(CN2CCN(c3ccc(C(=O)NS(=O)(=O)c4ccc(NCCCCCCC(=O)NO)c([N+](=O)[O-])c4)c(Oc4cnc5[nH]ccc5c4)c3)CC2)=C(c2ccc(Cl)cc2)C1,7.552841968657781,1,
CC1(C)CCC(CN2CCN(c3ccc(C(=O)NS(=O)(=O)c4ccc(NCCCCCCCC(=O)NO)c([N+](=O)[O-])c4)c(Oc4cnc5[nH]ccc5c4)c3)CC2)=C(c2ccc(Cl)cc2)C1,7.721246399047171,1,
CC1(C)CCCCN1C(=O)[C@@H]1CCC(=O)N1c1ccc(-c2noc(C(F)(F)F)n2)c(F)c1,7.1938200260161125,1,
CC1(C)CCCN1C(=O)[C@@H]1CCC(=O)N1c1cc(F)c(-c2noc(C(F)(F)F)n2)cc1F,7.552841968657781,1,
CC1(C)CCCN1C(=O)[C@@H]1CCC(=O)N1c1ccc(-c2noc(C(F)(F)F)n2)c(F)c1,7.013228265733755,1,
CC1(C)CCN(CCCCc2cc(C(=O)NO)no2)c2ccc(Cl)cc21,5.701146923590294,1,
CC1(C)CCN(Cc2ccc(C(=O)NO)cc2)c2ccc(Cl)cc21,6.063980166013357,2,1.9180076806702744
CC1(C)CCN(Cc2ccc(C(=O)NO)cc2)c2ccc(F)cc21,6.0112525154634815,2,1.888731668674008
CC1(C)CCc2cc(Cl)ccc2N1Cc1ccc(C(=O)NO)cc1,5.596489697278217,2,1.255307518788918
CC1(C)CCc2cc(F)ccc2N1Cc1ccc(C(=O)NO)cc1,5.821977505656385,2,1.3734794293473838
CC1(C)CCc2ccncc2N(Cc2ncc(-c3nnc(C(F)F)o3)s2)C1=O,7.455931955649724,3,0.0
CC1(C)CN(c2cccc(-c3cn(Cc4c(F)cc(-c5nnc(C(F)F)o5)cc4F)nn3)c2)C1=O,7.455931955649724,1,
CC1(C)COCCN1C(=O)[C@@H]1CCC(=O)N1c1ccc(-c2noc(C(F)(F)F)n2)c(F)c1,7.173925197299173,1,
CC1(C)Cc2c(c3cc(F)ccc3n2Cc2ccc(C(=O)NO)cc2)C(=O)C1CN1CCOCC1,7.356547323513812,1,
CC1(C)Cc2c(c3ccccc3n2Cc2ccc(C(=O)NO)cc2)C(=O)C1CN1CCOCC1,7.3872161432802645,1,
CC1(C)NC(=O)C[C@H](Cc2c[nH]c3ccccc23)NC(=O)[C@H](Cc2cccc3ccccc23)NC(=O)[C@H](CCCCCC(=O)O)NC1=O,5.431798275933005,1,
CC1(C)NC(=O)[C@H](CCCCCC(=O)NO)NC(=O)[C@H]2CCCN2C(=O)[C@H](Cc2ccccc2)NC1=O,7.3979400086720375,1,
CC1(C)NC(=O)[C@H](CCCCCC(=O)[C@@H]2CO2)NC(=O)[C@H]2CCCN2C(=O)[C@H](Cc2ccccc2)NC1=O,5.958607314841775,1,
CC1(C)NC(=O)[C@H](CCCCCC(=O)[C@H](O)CO)NC(=O)[C@H]2CCCN2C(=O)[C@H](Cc2ccccc2)NC1=O,3.496209316942819,1,
CC1(C)NC(=O)[C@H](CCCCCSSc2ccccn2)NC(=O)[C@H]2CCCN2C(=O)[C@H](Cc2ccccc2)NC1=O,6.393618634889394,1,
CC1(C)NC(=O)c2cc(-c3cn(Cc4ccc(-c5nnc(C(F)F)o5)cc4)nn3)ccc21,6.578396073130168,1,
CC1(C)Oc2cccnc2N(Cc2ncc(-c3nnc(C(F)F)o3)s2)C1=O,6.96859623341392,6,0.0022127869738334553
CC1(C)Oc2cccnc2N(Cc2ncc(C(=O)NO)cc2F)C1=O,8.6345120151091,1,
CC1(C)[C@@H]2CC[C@@H](CNCc3ccc(C(=O)NO)cc3)[C@H]1C2,6.826813731587726,1,
CC1(C)c2ccccc2N(Cc2ccc(C(=O)NO)cc2)C1c1ccccc1,6.779891911959945,1,
CC1(C)c2ccccc2N(Cc2ccc(C(=O)NO)cc2)C1c1cccnc1,7.38023918749482,3,0.006042220951274926
CC1(C)c2ccccc2N(Cc2ccc(C(=O)NO)cc2)C1c1ccncc1,7.214670164989233,1,
CC1(C)c2ccccc2N(Cc2ccc(C(=O)NO)cc2)[C@@H]1c1cccnc1,7.1487416512809245,1,
CC1(C)c2ccccc2N(Cc2ccc(C(=O)NO)cc2)[C@H]1c1cccnc1,7.040958607678906,1,
CC1(C)c2ccccc2N(Cc2ccc(C(=O)NO)s2)C1c1cccnc1,6.090979145788844,1,
CC1(C)c2ccccc2N(Cc2ccc(OCCCC(=O)NO)cc2)C1c1cccnc1,6.210419287835574,1,
CC1(Cc2ccc(-c3noc(C(F)(F)F)n3)cc2)C(=O)Nc2ccc(F)cc21,7.186317071703634,2,0.1264406749791731
CC1(NC(=O)CC(=O)NCc2ccc(/C=C/C(=O)NO)cc2)CCN(c2cnc(-c3cccc(Cl)c3Cl)c(N)n2)CC1,7.026872146400302,1,
CC1(NC(=O)CC(=O)NCc2cccc(/C=C/C(=O)NO)c2)CCN(c2cnc(-c3cccc(Cl)c3Cl)c(N)n2)CC1,6.346787486224656,1,
CC1(NC(=O)CCCC(=O)NO)CCN(c2cnc(-c3cccc(Cl)c3Cl)c(N)n2)CC1,7.443697499232712,1,
CC1(NC(=O)CCCCCC(=O)NO)CCN(c2cnc(-c3cccc(Cl)c3Cl)c(N)n2)CC1,6.35261702988538,1,
CC1(NC(=O)CCCCCCC(=O)NO)CCN(c2cnc(-c3cccc(Cl)c3Cl)c(N)n2)CC1,6.440093374963888,1,
CC1(NC(=O)CNC(=O)c2ccc(C(=O)NO)cc2)CCN(c2cnc(-c3cccc(Cl)c3Cl)c(N)n2)CC1,6.036684488613888,1,
CC1(NC(=O)c2ccc(C(=O)NO)cc2)CCN(c2cnc(-c3cccc(Cl)c3Cl)c(N)n2)CC1,6.493494967595128,1,
CC1(NCC(=O)NCc2ccc(/C=C/C(=O)NO)cc2)CCN(c2cnc(-c3cccc(Cl)c3Cl)c(N)n2)CC1,7.044847915965716,2,0.3747043742971409
CC1(NCC(=O)Nc2ccc(/C=C/C(=O)NO)cc2)CCN(c2cnc(-c3cccc(Cl)c3Cl)c(N)n2)CC1,7.070581074285707,1,
CC1(NCc2ccc(/C=C/C(=O)NO)cc2)CCN(c2cnc(-c3cccc(Cl)c3Cl)c(N)n2)CC1,6.546681659952963,1,
CC1(NCc2ccc(C(=O)NCc3ccc(/C=C/C(=O)NO)cc3)cc2)CCN(c2cnc(-c3cccc(Cl)c3Cl)c(N)n2)CC1,7.525061147981562,2,0.061624480232433505
CC1(NCc2ccc(C(=O)Nc3ccc(/C=C/C(=O)NO)cc3)cc2)CCN(c2cnc(-c3cccc(Cl)c3Cl)c(N)n2)CC1,6.6439741428068775,1,
CC1(NCc2ccc(C(=O)Nc3ccccc3N)cc2)CCN(c2cnc(-c3cccc(Cl)c3Cl)c(N)n2)CC1,4.718171533439482,1,
CC1(Nc2ccc(C(=O)NO)cc2)CCN(c2ccc(Cl)cc2)C1=O,7.6777807052660805,1,
CC1(Nc2ccc(C(=O)NO)cc2)CCN(c2ccc3ncccc3c2)C1=O,7.7447274948966935,1,
CC1(Nc2ccc(C(=O)NO)cc2)CCN(c2ccccc2)C1=O,6.337242168318426,1,
CC1(Nc2ncc(C(=O)NO)cn2)CCCCC1,7.3872161432802645,1,
CC1(S(=O)(=O)N(Cc2ncc(-c3nnc(C(F)F)o3)s2)c2cccnc2)CC1,7.886056647693163,3,0.0
CC1(c2ccccc2)NC(=O)N(Cc2ccc(C(=O)NO)cc2)C1=O,7.1249387366083,1,
CC12CC3CC(C)(C1)CC(NC(=O)/C=C/c1ccc(C(=O)NO)cc1)(C3)C2,6.7447274948966935,2,0.0
CC12CC3CC(C)(C1)CC(NC(=O)CCCCCC(=O)NO)(C3)C2,6.686132779630847,1,
CC12CC3CC(C)(C1)CC(NC(=O)CCCCCCC(=O)NO)(C3)C2,6.443697499232712,1,
CC12CC3CC(C)(C1)CC(NC(=O)CCCCCCCC(=O)NO)(C3)C2,6.6439741428068775,1,
CC12CC3CC(C)(C1)CC(NC(=O)CCCCCCCCC(=O)NO)(C3)C2,6.568636235841012,1,
CC12CC3CC(C)(C1)CC(NC(=O)Nc1ccc(C(=O)NCCCCC(=O)NO)cc1)(C3)C2,6.449771646944906,1,
CC12CC3CC(C)(C1)CC(NC(=O)Nc1ccc(C(=O)NCCCCC(=O)NO)cc1F)(C3)C2,6.053547734986926,1,
CC12CC3CC(C)(C1)CC(NC(=O)Nc1ccc(C(=O)NCCCCCC(=O)NO)cc1)(C3)C2,7.769551078621726,1,
CC12CC3CC(C)(C1)CC(NC(=O)Nc1ccc(C(=O)NCCCCCC(=O)NO)cc1F)(C3)C2,7.327902142064282,1,
CC12CC3CC(C)(C1)CC(NC(=O)Nc1ccc(C(=O)NCCCCCCC(=O)NO)cc1)(C3)C2,8.301029995663981,1,
CC12CC3CC(C)(C1)CC(NC(=O)Nc1ccc(C(=O)NCCCCCCC(=O)NO)cc1F)(C3)C2,7.823908740944319,1,
CC12CC3CC(C)(C1)CC(NCc1ccc(/C=C/C(=O)NO)cc1)(C3)C2,7.113509274827518,1,
CC12CC3CC(C)(C1)CC(NCc1ccc(C(=O)NO)cc1)(C3)C2,5.494850021680094,1,
CC12CC3CC(C)(C1)CC(NCc1ccc(NC(=O)CCCCCCC(=O)NO)cc1)(C3)C2,8.267606240177031,1,
CC12CC3CC(C)(C1)CC(NCc1ccc(NCc4ccc(C(=O)NO)cc4)cc1)(C3)C2,7.113509274827518,1,
CC12CC3CC(C)(C1)CC(NCc1cccc(NC(=O)CCCCCCC(=O)NO)c1)(C3)C2,7.214670164989233,1,
CC12CC3CC(C)(C1)CC(NS(=O)(=O)c1ccc(/C=C/C(=O)NO)cc1)(C3)C2,6.987162775294828,1,
CC12CC3CC(C)(C1)CC(NS(=O)(=O)c1cccc(/C=C/C(=O)NO)c1)(C3)C2,7.026872146400302,1,
CC1=C(C)C(=O)C(CONC(=O)CCCCCCC(=O)Nc2ccccc2)=C(C)C1=O,7.638272163982407,1,
CC1=C(NCCCCNC(=O)CS)C(=O)c2ccccc2C1=O,4.522155523661242,1,
CC1=C(NCc2ccc(C(=O)Nc3ccccc3N)cc2)C(=O)c2ccccc2C1=O,5.424812155072339,1,
CC1=CCC[C@@]2(C)CCC3=C(C)CC[C@@H](C[C@H]12)C3(C)C,4.096910013008056,1,
CC1=NN(CC(=O)N(Cc2ccc(-c3noc(C(F)(F)F)n3)cn2)c2cccc(F)c2)C(=O)C1,7.7447274948966935,1,
CC1CC(=O)N(Cc2ncc(-c3nnc(C(F)F)o3)s2)c2cnccc21,7.2441251443275085,3,0.0
CC1CCN(C(=O)CSC2=NC3CCCCC3N2)CC1,6.333482019445119,1,
CC1CCN(Cc2ccc(C(=O)CSc3ncnc4c3cnn4C)s2)C1=O,6.522878745280337,1,
CC1CCN(c2ccc(-c3nc4cc(C(=O)NO)ccc4o3)cn2)CC1,7.522878745280337,1,
CC1CCc2ccncc2N(Cc2ncc(-c3nnc(C(F)F)o3)s2)C1=O,7.136677139879544,3,0.0
CC1CN(CC2CCc3c(c4ccccc4n3Cc3ccc(C(=O)NO)cc3)C2=O)CC(C)O1,7.958607314841775,1,
CC1Cc2ccncc2N(Cc2ncc(-c3nnc(C(F)F)o3)s2)C1=O,7.443697499232712,3,0.0
CC=C(C=C(C)C(F)(F)F)Cn1cc2ccc(C(=O)NO)cc2n1,8.481486060122112,1,
CC=C(C=C(C)F)Cn1cc2ccc(C(=O)NO)cc2n1,8.744727494896694,1,
CC=C(C=C(C)OBr)Cn1cc2ccc(C(=O)NO)cc2n1,7.853871964321762,1,
CC=C(C=C(C)OC(F)(F)F)Cn1cc2ccc(C(=O)NO)cc2n1,8.356547323513812,1,
CC=C(C=C(C)OC)Cn1cc2ccc(C(=O)NO)cc2n1,8.744727494896694,1,
CC=C(C=C(C)Oc1ccccc1)Cn1cc2ccc(C(=O)NO)cc2n1,7.638272163982407,1,
CCC(/C=C/c1ccccc1)n1cc(/C=C/C(=O)NO)nn1,7.259637310505756,1,
CCC(=O)C(=O)CCCC[C@@H]1NC(=O)[C@H]2CCCCN2CC(=O)[C@H]([C@@H](C)CC)NC(=O)[C@H](Cc2cn(OC)c3ccccc23)NC1=O,7.7447274948966935,1,
CCC(=O)C(F)CCCC[C@@H]1NC(=O)[C@H]2CCCCN2CC(=O)[C@H]([C@@H](C)CC)NC(=O)[C@H](Cc2cn(OC)c3ccccc23)NC1=O,6.958607314841775,1,
CCC(=O)C(O)CCCC[C@@H]1NC(=O)[C@H]2CCCCN2CC(=O)[C@H]([C@@H](C)CC)NC(=O)[C@H](Cc2cn(OC)c3ccccc23)NC1=O,7.4089353929735005,1,
CCC(=O)C1OC1CCC[C@@H]1NC(=O)[C@H]2CCCCN2CC(=O)[C@H]([C@@H](C)CC)NC(=O)[C@H](Cc2cn(OC)c3ccccc23)NC1=O,8.301029995663981,1,
CCC(=O)CCCCC[C@@H]1NC(=O)C2CCCCN2C(=O)[C@H](C(C)CC)NC(=O)[C@H](Cc2cn(OC)c3ccccc23)NC1=O,5.583359492661719,1,
CCC(=O)CCCCC[C@@H]1NC(=O)C2CCN2CCCCCCOc2ccccc2-c2cnc1[nH]2,5.2557852751858345,1,
CCC(=O)CCCCC[C@@H]1NC(=O)C2CCN2CCCCCCc2ccccc2-c2cnc1[nH]2,5.007689588572637,2,0.0002813205101486401
CCC(=O)CCCCC[C@@H]1NC(=O)C2CCN2CCCCCOc2ccccc2-c2cnc1[nH]2,5.268089057883127,1,
CCC(=O)CCCCC[C@@H]1NC(=O)[C@@H](C)n2nncc2[C@H](CC(C)C)NC(=O)[C@H](Cc2c[nH]c3ccccc23)NC1=O,5.214670164989233,2,0.0
CCC(=O)CCCCC[C@@H]1NC(=O)[C@H]2CC23CCN(CCCCCCCCn2ccc4cc(c(OC)cc4c2=O)-c2cnc1[nH]2)CC3,6.661543506395395,1,
CCC(=O)CCCCC[C@@H]1NC(=O)[C@H]2CC23CCN(CCCCCn2c(=O)ccc4cc(ccc42)-c2cnc1o2)CC3,6.066512712151295,1,
CCC(=O)CCCCC[C@@H]1NC(=O)[C@H]2CCCCN2C(=O)[C@H](C(C)CC)NC(=O)[C@H](Cc2cn(OC)c3ccccc23)NC1=O,5.366531544420413,1,
CCC(=O)CCCCC[C@@H]1NC(=O)[C@H]2CCCCN2C(=O)[C@H]([C@@H](C)CC)NC(=O)[C@@H](C(=O)Cc2ccccc2)NC1=O,6.590066876668706,1,
CCC(=O)CCCCC[C@@H]1NC(=O)[C@H]2CCCCN2C(=O)[C@H]([C@@H](C)CC)NC(=O)[C@@H](c2cnc3ccccc3c2Cl)NC1=O,7.173925197299173,1,
CCC(=O)CCCCC[C@@H]1NC(=O)[C@H]2CCCCN2C(=O)[C@H]([C@@H](C)CC)NC(=O)[C@@H](c2cnc3ccccc3c2N2CCCCC2)NC1=O,7.886056647693163,1,
CCC(=O)CCCCC[C@@H]1NC(=O)[C@H]2CCCCN2C(=O)[C@H]([C@@H](C)CC)NC(=O)[C@H](CC(=O)C(C)(C)C)NC1=O,6.35261702988538,1,
CCC(=O)CCCCC[C@@H]1NC(=O)[C@H]2CCCCN2C(=O)[C@H]([C@@H](C)CC)NC(=O)[C@H](CC(=O)Cc2ccccc2)NC1=O,6.377785977033705,1,
CCC(=O)CCCCC[C@@H]1NC(=O)[C@H]2CCCCN2C(=O)[C@H]([C@@H](C)CC)NC(=O)[C@H](CCOc2ccccc2)NC1=O,7.468521082957745,1,
CCC(=O)CCCCC[C@@H]1NC(=O)[C@H]2CCCCN2C(=O)[C@H]([C@@H](C)CC)NC(=O)[C@H](Cc2c(-c3cc(OC)cc(OC)c3)[nH]c3ccccc23)NC1=O,9.698970004336019,1,
CCC(=O)CCCCC[C@@H]1NC(=O)[C@H]2CCCCN2C(=O)[C@H]([C@@H](C)CC)NC(=O)[C@H](Cc2c(-c3ccccc3)[nH]c3ccccc23)NC1=O,8.397940008672037,1,
CCC(=O)CCCCC[C@@H]1NC(=O)[C@H]2CCCCN2C(=O)[C@H]([C@@H](C)CC)NC(=O)[C@H](Cc2c[nH]c3ccccc23)NC1=O,8.698970004336019,1,
CCC(=O)CCCCC[C@@H]1NC(=O)[C@H]2CCCCN2C(=O)[C@H]([C@@H](C)CC)NC(=O)[C@H](Cc2cc3ccccc3n2OC)CC1=O,9.0,1,
CCC(=O)CCCCC[C@@H]1NC(=O)[C@H]2CCCCN2C(=O)[C@H]([C@@H](C)CC)NC(=O)[C@H](Cc2cn(CCN)c3ccccc23)NC1=O,8.886056647693163,1,
CCC(=O)CCCCC[C@@H]1NC(=O)[C@H]2CCCCN2C(=O)[C@H]([C@@H](C)CC)NC(=O)[C@H](Cc2cn(OC)c3ccccc23)NC1=O,6.731635707219109,3,2.048215872460244
CCC(=O)CCCCC[C@@H]1NC(=O)[C@H]2CCCCN2C(=O)[C@H]([C@@H](C)CC)NC(=O)[C@H](c2cn(CC)c3ccccc3c2=O)NC1=O,6.481486060122112,1,
CCC(=O)CCCCC[C@@H]1NC(=O)[C@H]2CCCCN2C(=O)[C@H]([C@@H](C)CC)NC(=O)[C@H](c2cn(OC)c3ccccc3c2=O)NC1=O,7.0655015487564325,1,
CCC(=O)CCCCC[C@@H]1NC(=O)[C@H]2CCCCN2CC(=O)[C@H]([C@@H](C)CC)NC(=O)[C@H](Cc2cn(OC)c3ccccc23)NC1=O,9.0,1,
CCC(=O)CCCCC[C@@H]1NC(=O)[C@H]2CCCCN2CC(=O)[C@H]([C@@H](C)CC)NC(=S)[C@H](Cc2cn(OC)c3ccccc23)NC1=O,7.070581074285707,1,
CCC(=O)CCCCC[C@@H]1NC(=O)[C@H]2CCCCN2CC(=O)[C@H]([C@@H](C)CC)NC(=S)[C@H](Cc2cn(OC)c3ccccc23)NC1=S,7.070581074285707,1,
CCC(=O)CCCCC[C@@H]1NC(=S)[C@H]2CCCCN2CC(=O)[C@H]([C@@H](C)CC)NC(=S)[C@H](Cc2cn(OC)c3ccccc23)NC1=O,7.070581074285707,1,
CCC(=O)CCCCC[C@H](NC(=O)C1=NOC2(CCN(C)CC2)C1)c1ncc(-c2cc3ccccc3nc2OC)[nH]1,5.822175028135318,1,
CCC(=O)CCCCC[C@H](NC(=O)C1CC2(C1)CN(C)C2)c1ncc(-c2cc3ccccc3nc2OC)[nH]1,6.415668775632469,1,
CCC(=O)CCCCC[C@H](NC(=O)C1CCC2(CC1)CN(C)C2)c1ncc(-c2cc3ccccc3nc2OC)[nH]1,6.339134521996131,1,
CCC(=O)CCCCC[C@H](NC(=O)C1CCN(C)CC1)c1nc(-c2ccc3ccccc3c2)c[nH]1,6.096910013008056,1,
CCC(=O)CCCCC[C@H](NC(=O)C1CN(C)C1)c1[nH]c(-c2ccccc2)nc1C(N)=O,5.007490664932225,1,
CCC(=O)CCCCC[C@H](NC(=O)C1CN(C)C1)c1ncc(-c2cc3ccccc3nc2OC)[nH]1,5.71356419889976,2,0.6419495618926184
CCC(=O)CCCCC[C@H](NC(=O)C1CN(C)C1)c1ncc(-c2cc3ccccc3nc2OC)o1,6.752026733638193,1,
CCC(=O)CCCCC[C@H](NC(=O)C1CN(C)C1)c1ncc(-c2ccccc2)[nH]1,5.240407691354025,1,
CCC(=O)CCCCC[C@H](NC(=O)CC1CC2(C1)CN(C)C2)c1ncc(-c2cc3ccccc3nc2OC)[nH]1,6.393618634889394,1,
CCC(=O)CCCCC[C@H](NC(=O)[C@@H]1CC12CCC(N(C)C)CC2)c1ncc(-c2cc3ccccc3nc2OC)[nH]1,6.11975822410452,1,
CCC(=O)CCCCC[C@H](NC(=O)[C@@H]1CC12CCCN(C)C2)c1ncc(-c2cc3ccccc3nc2OC)[nH]1,6.585026652029182,1,
CCC(=O)CCCCC[C@H](NC(=O)[C@@H]1CC12CCN(C)CC2)c1ncc(-c2cc3ccccc3nc2OC)[nH]1,6.149353764816933,1,
CCC(=O)CCCCC[C@H](NC(=O)[C@@H]1CC12CCOCC2)c1ncc(-c2cc3ccccc3nc2OC)[nH]1,5.446116973356125,1,
CCC(=O)CCCCC[C@H](NC(=O)[C@@H]1CC12CN(C)C2)c1ncc(-c2cc3ccccc3nc2OC)[nH]1,6.6595558851598815,1,
CCC(=O)CCCCC[C@H](NC(=O)[C@@H]1CCC12CCN(CC)CC2)c1ncc(-c2cc3ccccc3nc2OC)[nH]1,6.285670240254767,1,
CCC(=O)CCCCC[C@H](NC(=O)[C@@H]1C[C@@]12CCN(C)C2)c1ncc(-c2cc3ccccc3nc2OC)[nH]1,6.199970640755866,1,
CCC(=O)CCCCC[C@H](NC(=O)[C@@H]1C[C@]12CCN(C)C2)c1ncc(-c2cc3ccccc3nc2OC)[nH]1,6.826813731587726,1,
CCC(=O)CCCCC[C@H](NC(=O)[C@H]1CC12CCC(N(C)C)CC2)c1ncc(-c2cc3ccccc3nc2OC)[nH]1,6.440093374963888,1,
CCC(=O)CCCCC[C@H](NC(=O)[C@H]1CC12CCCN(C)C2)c1ncc(-c2cc3ccccc3nc2OC)[nH]1,6.454692883534176,1,
CCC(=O)CCCCC[C@H](NC(=O)[C@H]1CC12CCN(C(C)=O)CC2)c1ncc(-c2cc3ccccc3nc2OC)[nH]1,5.93218548883816,1,
CCC(=O)CCCCC[C@H](NC(=O)[C@H]1CC12CCN(C(C)C)CC2)c1ncc(-c2cc3ccc(C)nc3cc2OC)[nH]1,6.337242168318426,1,
CCC(=O)CCCCC[C@H](NC(=O)[C@H]1CC12CCN(C(C)C)CC2)c1ncc(-c2cc3ccccc3nc2OC)[nH]1,6.795880017344075,1,
CCC(=O)CCCCC[C@H](NC(=O)[C@H]1CC12CCN(C(C)C)CC2)c1ncc(-c2cc3ccccc3nc2OC)o1,6.962573502059376,1,
CCC(=O)CCCCC[C@H](NC(=O)[C@H]1CC12CCN(C)CC2)c1ncc(-c2cc3ccc(C)nc3cc2OC)[nH]1,6.494850021680094,1,
CCC(=O)CCCCC[C@H](NC(=O)[C@H]1CC12CCN(C)CC2)c1ncc(-c2cc3ccc(C)nc3cc2OC)o1,6.337242168318426,1,
CCC(=O)CCCCC[C@H](NC(=O)[C@H]1CC12CCN(C)CC2)c1ncc(-c2cc3ccc(C4CC4)nc3cc2F)o1,5.376750709602099,1,
CCC(=O)CCCCC[C@H](NC(=O)[C@H]1CC12CCN(C)CC2)c1ncc(-c2cc3ccc(C4CC4)nc3cc2OC)[nH]1,5.366531544420413,1,
CCC(=O)CCCCC[C@H](NC(=O)[C@H]1CC12CCN(C)CC2)c1ncc(-c2cc3ccc(N4CCCC4)nc3cc2OC)[nH]1,7.346787486224656,1,
CCC(=O)CCCCC[C@H](NC(=O)[C@H]1CC12CCN(C)CC2)c1ncc(-c2cc3ccccc3[nH]c2=O)[nH]1,6.259637310505756,1,
CCC(=O)CCCCC[C@H](NC(=O)[C@H]1CC12CCN(C)CC2)c1ncc(-c2cc3ccccc3n(C)c2=O)[nH]1,6.180456064458131,1,
CCC(=O)CCCCC[C@H](NC(=O)[C@H]1CC12CCN(C)CC2)c1ncc(-c2cc3ccccc3nc2OC)[nH]1,6.804100347590767,1,
CCC(=O)CCCCC[C@H](NC(=O)[C@H]1CC12CCN(C)CC2)c1ncc(-c2cc3ccccc3nc2OC)o1,6.7055337738384075,1,
CCC(=O)CCCCC[C@H](NC(=O)[C@H]1CC12CCN(C)CC2)c1ncc(-c2cc3cccnc3cc2OC)[nH]1,6.698970004336019,1,
CCC(=O)CCCCC[C@H](NC(=O)[C@H]1CC12CCN(C)CC2)c1ncc(-c2cc3cccnc3cc2OC)o1,7.130768280269024,2,0.0
CCC(=O)CCCCC[C@H](NC(=O)[C@H]1CC12CCN(C)CC2)c1ncc(-c2cc3ccncc3nc2OC)[nH]1,6.1249387366083,1,
CCC(=O)CCCCC[C@H](NC(=O)[C@H]1CC12CCN(C)CC2)c1ncc(-c2ccc(-c3cccnc3)cc2)[nH]1,5.356547323513812,1,
CCC(=O)CCCCC[C@H](NC(=O)[C@H]1CC12CCN(C)CC2)c1ncc(-c2ccc(-c3cccnc3)cc2)o1,5.508638306165727,1,
CCC(=O)CCCCC[C@H](NC(=O)[C@H]1CC12CCN(C)CC2)c1ncc(-c2ccc(-c3ccncc3)cc2)[nH]1,5.113509274827518,1,
CCC(=O)CCCCC[C@H](NC(=O)[C@H]1CC12CCN(C)CC2)c1ncc(-c2ccc(-c3cnccn3)cc2)[nH]1,5.107905397309519,1,
CCC(=O)CCCCC[C@H](NC(=O)[C@H]1CC12CCN(C)CC2)c1ncc(-c2ccc3c(=O)n(C)ccc3c2)[nH]1,5.698970004336019,2,0.0
CCC(=O)CCCCC[C@H](NC(=O)[C@H]1CC12CCN(C)CC2)c1ncc(-c2ccc3c(c2)C2CCC3C2)[nH]1,5.1052963473907695,1,
CCC(=O)CCCCC[C@H](NC(=O)[C@H]1CC12CCN(C)CC2)c1ncc(-c2ccc3nc(C)ccc3c2)[nH]1,5.823908740944319,1,
CCC(=O)CCCCC[C@H](NC(=O)[C@H]1CC12CCN(C)CC2)c1ncc(-c2ccc3nc(C4CC4)ccc3c2)[nH]1,5.107905397309519,1,
CCC(=O)CCCCC[C@H](NC(=O)[C@H]1CC12CCN(C)CC2)c1ncc(-c2ccc3nc(CC)ccc3c2)[nH]1,5.537602002101044,1,
CCC(=O)CCCCC[C@H](NC(=O)[C@H]1CC12CCN(C)CC2)c1ncc(-c2ccc3nc(N4CCCC4)ccc3c2)[nH]1,5.823908740944319,1,
CCC(=O)CCCCC[C@H](NC(=O)[C@H]1CC12CCN(C)CC2)c1ncc(-c2ccc3nc(OC)ccc3c2)[nH]1,5.376750709602099,1,
CCC(=O)CCCCC[C@H](NC(=O)[C@H]1CC12CCN(C)CC2)c1ncc(-c2ccc3ncccc3c2)[nH]1,6.161150909262744,1,
CCC(=O)CCCCC[C@H](NC(=O)[C@H]1CC12CCN(C)CC2)c1ncc(-c2ccc3nccnc3c2)[nH]1,7.075720713938118,1,
CCC(=O)CCCCC[C@H](NC(=O)[C@H]1CC12CCN(C)CC2)c1ncc(-c2ccc3nn(C)cc3c2)[nH]1,5.251811972993799,1,
CCC(=O)CCCCC[C@H](NC(=O)[C@H]1CC12CCN(C)CC2)c1ncc(-c2ccc3nnccc3c2)[nH]1,5.0,1,
CCC(=O)CCCCC[C@H](NC(=O)[C@H]1CC12CCN(C)CC2)c1ncc(-c2cn(C)c3ccccc3c2=O)[nH]1,6.346787486224656,1,
CCC(=O)CCCCC[C@H](NC(=O)[C@H]1CC12CCN(C)CC2)c1ncc(-c2cnc3ccccc3c2)[nH]1,5.823908740944319,1,
CCC(=O)CCCCC[C@H](NC(=O)[C@H]1CC12CCN(C)CC2)c1ncc(-c2cnc3ncccc3c2)[nH]1,5.7447274948966935,1,
CCC(=O)CCCCC[C@H](NC(=O)[C@H]1CC12CCN(C)CC2)c1ncc(C2=CC3OC=NC3C=C2)[nH]1,5.119186407719209,1,
CCC(=O)CCCCC[C@H](NC(=O)[C@H]1CC12CCN(C)CC2)c1ncc(C2=CC3SC=NC3C=C2)[nH]1,5.920818753952375,1,
CCC(=O)CCCCC[C@H](NC(=O)[C@H]1CC12CCN(C)CC2)c1nnc(-c2cc3ccccc3nc2OC)[nH]1,7.036212172654444,1,
CCC(=O)CCCCC[C@H](NC(=O)[C@H]1CC12CCN(C)CC2)c1nnc(-c2cc3ccccc3nc2OC)o1,5.93218548883816,1,
CCC(=O)CCCCC[C@H](NC(=O)[C@H]1CC12CCN(C1CCC1)CC2)c1ncc(-c2cc3ccc(C)nc3cc2OC)[nH]1,6.508638306165727,1,
CCC(=O)CCCCC[C@H](NC(=O)[C@H]1CC12CCN(CC(F)(F)F)CC2)c1ncc(-c2cc3ccccc3nc2OC)[nH]1,5.955852379121277,1,
CCC(=O)CCCCC[C@H](NC(=O)[C@H]1CC12CCN(CC)CC2)c1[nH]c(-c2ccc(F)cc2)nc1C(N)=O,4.757955760630449,1,
CCC(=O)CCCCC[C@H](NC(=O)[C@H]1CC12CCN(CC)CC2)c1ncc(-c2cc3ccc(=O)n(C)c3cc2OC)o1,6.508638306165727,1,
CCC(=O)CCCCC[C@H](NC(=O)[C@H]1CC12CCN(CC)CC2)c1ncc(-c2cc3ccc(C)nc3cc2OC)[nH]1,6.455931955649724,1,
CCC(=O)CCCCC[C@H](NC(=O)[C@H]1CC12CCN(CC)CC2)c1ncc(-c2cc3ccc(C)nc3cc2OC)o1,6.657577319177793,1,
CCC(=O)CCCCC[C@H](NC(=O)[C@H]1CC12CCN(CC)CC2)c1ncc(-c2cc3ccccc3nc2OC)[nH]1,6.801342913045577,1,
CCC(=O)CCCCC[C@H](NC(=O)[C@H]1CC12CCN(CC)CC2)c1ncc(-c2cc3ccccc3nc2OC)o1,6.863279432843593,1,
CCC(=O)CCCCC[C@H](NC(=O)[C@H]1CC12CCN(CC)CC2)c1ncc(-c2cc3cccnc3cc2OC)[nH]1,6.84163750790475,1,
CCC(=O)CCCCC[C@H](NC(=O)[C@H]1CC12CCN(CC)CC2)c1ncc(-c2cc3cccnc3cc2OC)o1,7.080921907623926,1,
CCC(=O)CCCCC[C@H](NC(=O)[C@H]1CC12CCN(CC)CC2)c1ncc(-c2cc3cccnc3nc2OC)o1,7.080921907623926,1,
CCC(=O)CCCCC[C@H](NC(=O)[C@H]1CC12CCN(CC)CC2)c1ncc(-c2cc3ccn(CC)c(=O)c3cc2OC)o1,6.013228265733755,1,
CCC(=O)CCCCC[C@H](NC(=O)[C@H]1CC12CCN(CC)CC2)c1ncc(-c2cc3ccncc3nc2OC)o1,6.522878745280337,1,
CCC(=O)CCCCC[C@H](NC(=O)[C@H]1CC12CCN(CC)CC2)c1ncc(-c2cc3cn(C)nc3cc2OC)[nH]1,6.251811972993799,1,
CCC(=O)CCCCC[C@H](NC(=O)[C@H]1CC12CCN(CC)CC2)c1ncc(-c2cc3cn(C)nc3cc2OC)o1,6.795880017344075,1,
CCC(=O)CCCCC[C@H](NC(=O)[C@H]1CC12CCN(CC)CC2)c1ncc(-c2cc3nccnc3cc2OC)[nH]1,6.508638306165727,1,
CCC(=O)CCCCC[C@H](NC(=O)[C@H]1CC12CCN(CC)CC2)c1ncc(-c2ccc(-c3ccccc3)[nH]c2=O)[nH]1,4.346787486224656,1,
CCC(=O)CCCCC[C@H](NC(=O)[C@H]1CC12CCN(CC)CC2)c1ncc(-c2ccc3c(=O)n(CC)ccc3c2)[nH]1,5.526221165353276,1,
CCC(=O)CCCCC[C@H](NC(=O)[C@H]1CC12CCN(CC)CC2)c1ncc(-c2ccc3ccncc3c2)[nH]1,6.585026652029182,1,
CCC(=O)CCCCC[C@H](NC(=O)[C@H]1CC12CCN(CC)CC2)c1ncc(-c2ccc3cnccc3c2)[nH]1,6.004364805402449,1,
CCC(=O)CCCCC[C@H](NC(=O)[C@H]1CC12CCN(CC)CC2)c1nnc(-c2cc3ccccc3nc2OC)[nH]1,7.022276394711152,1,
CCC(=O)CCCCC[C@H](NC(=O)[C@H]1CC12CCN(CC1CC1)CC2)c1ncc(-c2cc3ccc(C)nc3cc2OC)[nH]1,6.568636235841012,1,
CCC(=O)CCCCC[C@H](NC(=O)[C@H]1CC12CCN(CC1CC1)CC2)c1ncc(-c2cc3ccc(C)nc3cc2OC)o1,6.94692155651658,1,
CCC(=O)CCCCC[C@H](NC(=O)[C@H]1CC12CCN(CC1CC1)CC2)c1ncc(-c2cc3ccc(C4CC4)nc3cc2OC)[nH]1,6.207608310501746,1,
CCC(=O)CCCCC[C@H](NC(=O)[C@H]1CC12CCN(CC1CC1)CC2)c1ncc(-c2cc3ccc(CC)nc3cc2OC)[nH]1,6.522878745280337,1,
CCC(=O)CCCCC[C@H](NC(=O)[C@H]1CC12CCN(CC1CC1)CC2)c1ncc(-c2cc3ccccc3nc2OC)[nH]1,6.7258421507363195,1,
CCC(=O)CCCCC[C@H](NC(=O)[C@H]1CC12CCN(CC1CC1)CC2)c1ncc(-c2cc3cccnc3cc2OC)[nH]1,7.119186407719209,1,
CCC(=O)CCCCC[C@H](NC(=O)[C@H]1CC12CCN(CCC(F)(F)F)CC2)c1ncc(-c2cc3ccccc3nc2OC)[nH]1,6.128427064454121,1,
CCC(=O)CCCCC[C@H](NC(=O)[C@H]1CC12CCN(Cc1ccc(OC)cc1)CC2)c1ncc(-c2cc3ccccc3nc2OC)[nH]1,6.012333735073725,1,
CCC(=O)CCCCC[C@H](NC(=O)[C@H]1CC12CCN(Cc1ccccc1)CC2)c1ncc(-c2cc3ccccc3nc2OC)[nH]1,6.139063379299906,1,
CCC(=O)CCCCC[C@H](NC(=O)[C@H]1CC12CCN(Cc1cccnc1)CC2)c1ncc(-c2cc3ccccc3nc2OC)[nH]1,6.3819519032879075,1,
CCC(=O)CCCCC[C@H](NC(=O)[C@H]1CC12CCOCC2)c1ncc(-c2cc3ccccc3nc2OC)[nH]1,6.209011524911184,1,
CCC(=O)CCCCC[C@H](NC(=O)[C@H]1CC12CN(C)C2)c1ncc(-c2cc3ccccc3nc2OC)[nH]1,6.52432881167557,1,
CCC(=O)CCCCC[C@H](NC(=O)[C@H]1CCC12CCN(CC)CC2)c1ncc(-c2cc3ccccc3nc2OC)[nH]1,6.393618634889394,1,
CCC(=O)CCCCC[C@H](NC(=O)[C@H]1C[C@@]12CCN(C)C2)c1ncc(-c2cc3ccccc3nc2OC)[nH]1,6.404503778174426,1,
CCC(=O)CCCCC[C@H](NC(=O)[C@H]1C[C@]12CCN(C)C2)c1ncc(-c2cc3ccccc3nc2OC)[nH]1,6.7281583934635005,1,
CCC(=O)CCCCCc1[nH]c(O)c2n(c(O)c([C@@H](C)CC)[nH]c(=O)c(CC(O)c3ccccc3[N+](=O)[O-])nc1O)CCCC2,7.040958607678906,1,
CCC(=O)CCCC[C@@H]1NC(=O)[C@H]2CCCCN2C(=O)C([C@@H](C)CC)NC(=O)C(Cc2c[nH]c3ccccc23)NC1=O,9.522878745280337,1,
CCC(=O)N(Cc1ccc(-c2noc(C(F)(F)F)n2)cc1)c1cccc(C(F)(F)F)c1,6.823908740944319,1,
CCC(=O)N(Cc1nc(-c2nnc(C(F)F)o2)cs1)c1cccc(Cl)c1,5.387216143280265,3,0.0
CCC(=O)N(Cc1ncc(-c2nnc(C(F)F)o2)s1)c1cccnc1,6.449771646944906,3,0.0
CCC(=O)N(Cc1ncc(-c2nnc(C(F)F)o2)s1)c1cncc(Cl)c1,6.52432881167557,3,0.0
CCC(=O)N(Cc1ncc(-c2nnc(C(F)F)o2)s1)c1cncc(F)c1,6.546681659952963,3,0.0
CCC(C(=O)Nc1ccc(/C=C/C(=O)NO)nc1)c1ccccc1,7.958607314841775,1,
CCC(C(=O)Nc1ccc(C(=O)NO)cc1)c1ccccc1,7.267606240177031,1,
CCC(C(=O)Nc1ccc(C(=O)NO)nc1)c1ccccc1,7.292429823902063,1,
CCC(C)(C)C(=O)O[C@H]1C[C@@H](C)C=C2C=C[C@H](C)[C@H](CC[C@@H](O)C[C@@H](O)CC(=O)NO)[C@H]21,7.164413578642458,2,0.013451460104447335
CCC(C)C(=O)OC1C[C@@H](C)C=C2C=C[C@H](C)[C@H](CC[C@@H](O)C[C@@H](O)CC(=O)NO)[C@H]21,7.301029995663981,1,
CCC(C)C(c1nc2ccccc2o1)n1cc(/C=C/C(=O)NO)nn1,8.397940008672037,1,
CCC(C)S(=O)(=O)N(Cc1ncc(-c2nnc(C(F)F)o2)s1)c1cccnc1,8.170696227168975,3,0.0
CCC(C)S(=O)(=O)N(Cc1ncc(-c2nnc(C(F)F)o2)s1)c1cncc(OC(F)F)c1,8.221848749616356,3,0.0
CCC(C)[C@@H]1NC(=O)[C@@H](Cc2ccc(OC)cc2)NC(=O)[C@H](CCCCCC(=O)C(F)(F)C(F)(F)F)NC(=O)[C@H]2CCCN2C1=O,5.2441251443275085,1,
CCC(C)[C@@H]1NC(=O)[C@@H](Cc2ccc(OC)cc2)NC(=O)[C@H](CCCCCC(=O)C(F)(F)F)NC(=O)[C@H]2CCCN2C1=O,5.84163750790475,1,
CCC(C)[C@@H]1NC(=O)[C@@H](Cc2ccc(OC)cc2)NC(=O)[C@H](CCCCSCC(=O)C(F)(F)F)NC(=O)[C@H]2CCCN2C1=O,6.7447274948966935,1,
CCC(CC)(c1ccc(C(=O)NCCCCC(=O)NO)cc1)c1ccc(OCC(O)C(C)(C)C)c(C)n1,8.200659450546418,1,
CCC(CC)(c1ccc(C(=O)NCCCCCC(=O)NO)cc1)c1ccc(OCC(O)C(C)(C)C)c(C)c1,6.2541448048262716,1,
CCC(CC)(c1ccc(CCC(=O)NO)c(C)c1)c1ccc(OC[C@H](O)C(C)(C)C)c(C)c1,4.442492798094342,1,
CCC(CC)(c1ccc(OCC(=O)NO)c(C)c1)c1ccc(OCC(=O)ON)c(C)c1,5.327902142064282,1,
CCC(CC)(c1ccc(OCC(=O)NO)c(C)c1)c1ccc(OCC(C)(C)O)c(C)c1,4.47755576649368,1,
CCC(CC)(c1ccc(OCC(=O)NO)c(C)c1)c1ccc(OCC(CO)CO)c(C)c1,4.421360790031928,1,
CCC(CC)(c1ccc(OCC(=O)NO)c(C)c1)c1ccc(OCC(O)C(C)(C)C)c(C)c1,3.236572006437063,1,
CCC(CC)(c1ccc(OCC(=O)NO)c(C)c1)c1ccc(OC[C@H](O)C(C)(C)C)c(C)c1,4.583359492661719,1,
CCC(CC)(c1ccc(OCC(=O)NO)cc1)c1ccc(OCC(O)C(C)(C)C)c(C)c1,5.130768280269024,1,
CCC(CC)(c1ccc(OCC(O)C(C)(C)C)c(C)c1)c1cc(C)c(CCC(=O)NO)s1,4.603800652904264,1,
CCC(CC)(c1ccc(OCC(O)C(C)(C)C)c(C)c1)c1ccc(C(=O)NCCCCCC(=O)NO)c(C)c1,5.468521082957745,1,
CCC(CC)(c1ccc(OCC(O)C(C)(C)C)c(C)c1)c1ccc(C(=O)NCCCCCCC(=O)NO)c(C)c1,5.96657624451305,1,
CCC(CC)(c1ccc(OCC(O)CCC(=O)NO)c(C)c1)c1ccc(OCC(O)C(C)(C)C)c(C)c1,4.534617148551582,1,
CCC(CC)(c1ccc(OCCCC(=O)NO)c(C)c1)c1ccc(OC[C@H](O)C(C)(C)C)c(C)c1,4.326979092871103,1,
CCC(CC)(c1ccc(OCCCCC(=O)NO)c(C)c1)c1ccc(OCC(O)C(C)(C)C)c(C)c1,5.298432014944073,1,
CCC(CC)(c1ccc(OCCCCC(=O)NO)cc1)c1ccc(OCC(O)C(C)(C)C)c(C)c1,5.504455662453552,1,
CCC(CC)(c1ccc(OCCCCC(=O)NO)cc1)c1ccc(OCCC(C)(C)C)c(C)c1,5.7055337738384075,1,
CCC(CC)(c1ccc(OCCCCCC(=O)NO)c(C)c1)c1ccc(OCC(O)C(C)(C)C)c(C)c1,5.576754126063192,1,
CCC(CC)(c1ccc(OCCCCCC(=O)NO)cc1)c1ccc(OCC(O)C(C)(C)C)c(C)c1,5.804100347590767,1,
CCC(CC)(c1ccc(OCCCCCCC(=O)NO)c(C)c1)c1ccc(OCC(O)C(C)(C)C)c(C)c1,5.404503778174426,1,
CCC(CC)c1ccc(C(=O)NO)cc1,5.202040356262804,1,
CCC(CCCC(=O)Nc1ccccc1)CCC(=O)NO,5.824875990832918,2,1.3732070634109619
CCC(CCCCC(=O)Nc1ccccc1)CC(=O)NO,5.096910013008056,1,
CCC(CCCCCC(=O)Nc1ccccc1)C(=O)NO,3.3477536589966768,1,
CCC(CCCCC[C@@H]1NC(=O)[C@H]2CCCCN2CC(=O)[C@H]([C@@H](C)CC)NC(=O)[C@H](Cc2cn(OC)c3ccccc23)NC1=O)SC(C)=O,7.136677139879544,1,
CCC(CO)NC(=O)c1ccc(-c2noc(C(F)(F)F)n2)cc1,5.167491087293763,1,
CCC(F)(F)CN1CCN(c2ccc3c(c2)C(C)(C)C(=O)N(Cc2ccc(-c4nnc(C(F)F)o4)cn2)C3=O)CC1,6.165579296318468,1,
CCC(N(C)Cc1ccc(C(=O)NO)cc1)C12CC3CC(CC(C3)C1)C2,6.917214629683549,2,0.0
CCC(N)CCCCC[C@@H]1NC(=O)[C@H]2CCCCN2CC(=O)[C@H]([C@@H](C)CC)NC(=O)[C@H](Cc2cn(OC)c3ccccc23)NC1=O,6.84163750790475,1,
CCC(NCc1ccc(C(=O)NO)cc1)C12CC3CC(CC(C3)C1)C2,6.671620396561263,2,0.0
CCC(Nc1ncc(-c2nnc(C(F)F)o2)cn1)c1ccc(F)cc1,7.1487416512809245,1,
CCC(Nc1ncc(-c2noc(C(F)(F)F)n2)cn1)c1ccncc1,6.6777807052660805,1,
CCC(O)(CC)COc1ccc(C(CC)(CC)c2ccc(OCC(=O)NO)c(C)c2)cc1C,4.501689446210399,1,
CCC1(CC)C(=O)N(Cc2ccc(-c3nnc(C(F)F)o3)cn2)C(=O)c2ccc(N3CCN(C(C)=O)CC3)cc21,7.259637310505756,1,
CCCC(/C=C/c1ccccc1)n1cc(/C=C/C(=O)NO)nn1,6.8794260687941495,1,
CCCC(=O)CCCCC[C@@H]1NC(=O)[C@H]2CCCCN2CC(=O)[C@H]([C@@H](C)CC)NC(=O)[C@H](Cc2cn(OC)c3ccccc23)NC1=O,9.0,1,
CCCC(=O)CCCCC[C@H](NC(=O)C1CCN(C)CC1)c1nc(-c2ccc3ccccc3c2)c[nH]1,5.853871964321762,1,
CCCC(=O)NC(Cc1ccc(-c2noc(C(F)(F)F)n2)cn1)c1cccc(C(F)(F)F)c1,7.552841968657781,1,
CCCC(=O)NCc1ccc(C(=O)Nc2ccccc2N)cc1,5.221848749616356,1,
CCCC(=O)NO,5.698970004336019,1,
CCCC(=O)Nc1ccc(C(=O)NO)cc1,5.823908740944319,1,
CCCC(=O)Nc1ccc(CCC(=O)NO)cc1,5.795880017344075,1,
CCCC(=O)[O-],3.475390988664909,2,0.5352529288741225
CCCC(=S)SCC(=O)c1ccc(NC(C)=O)cc1,7.638272163982407,1,
CCCC(=S)SCC(=O)c1ccc(OC)cc1,6.958607314841775,1,
CCCC(CCC)C(=O)N1Cc2cc(OCC(=O)NO)ccc2C[C@H]1C(=O)Nc1ccc(OC)cc1,6.170696227168975,1,
CCCC(CCC)C(=O)NCCSS(C)(=O)=O,4.756961951313706,1,
CCCC(CCC)C(=O)NO,4.795880017344075,1,
CCCC(CCC)C(=O)N[C@H](COc1ccc(/C=C/C(=O)NO)cc1OC)Cc1c[nH]c2ccccc12,6.225265398097254,2,0.2805704272331304
CCCC(CCC)C(=O)Nc1ccc(CC(=O)Nc2ccccc2N)cc1,4.096910013008056,1,
CCCC(CCC)C(=O)Nc1ccc(CCC(=O)NO)cc1,5.301029995663981,1,
CCCC(CCC)C(=O)O,2.9524949234669813,4,0.626029726048748
CCCC(CCC)C(=O)OCCSS(C)(=O)=O,5.017728766960431,1,
CCCC(CCC)C(=O)Oc1ccc(-c2cc(=S)ss2)cc1,4.248720896016658,1,
CCCC(CCCCCC(=O)Nc1ccccc1)C(=O)NO,3.8124792791635373,1,
CCCC(Nc1ncc(-c2nnc(C(F)F)o2)cn1)c1ccc(F)cc1,7.0,1,
CCCC1(c2ccccc2)NC(=O)N(Cc2ccc(C(=O)NO)cc2)C1=O,7.292429823902063,1,
CCCC1=C(Nc2ccc(C(=O)NO)cc2)C2N=CC=CC2=N1,7.236572006437063,1,
CCCCC(/C=C/c1ccccc1)n1cc(/C=C/C(=O)NO)nn1,6.863279432843593,1,
CCCCC(=O)CCCCC[C@H](NC(=O)C1CCN(C)CC1)c1nc(-c2ccc3ccccc3c2)c[nH]1,5.455931955649724,1,
CCCCC(=O)N(CCCC)Cc1ccc(C(=O)NO)cc1,7.494850021680094,1,
CCCCC(=O)NCc1ccc(C(=O)NO)cc1,5.443697499232712,1,
CCCCC(CCCC(=O)NO)CCC(=O)Nc1ccccc1,6.494850021680094,1,
CCCCC(CCCC(=O)Nc1ccccc1)CCC(=O)NO,5.665620729124521,2,1.9656106202135692
CCCCC(CCCCCC(=O)Nc1ccccc1)C(=O)NO,4.142667503568732,1,
CCCCC(NCc1ccc(C(=O)NO)cc1)c1nnnn1Cc1ccccc1,6.920818753952375,1,
CCCCC(c1ccc(-c2nnc(C(F)F)o2)cc1)n1cc(-c2ccc(N)nc2)nn1,6.694648630553376,1,
CCCCC(c1ccc(-c2nnc(C(F)F)o2)cc1)n1cc(-c2cccc(NC(=O)N3CCOCC3)c2)nn1,6.619788758288394,1,
CCCCCC(CCCCCC(=O)Nc1ccccc1)C(=O)NO,6.070581074285707,1,
CCCCCCC(=O)N(O)C1CC(=O)C(c2ccc(Cl)cc2)C1=O,5.576754126063192,1,
CCCCCCC(CCCC(=O)NO)CCC(=O)Nc1ccccc1,6.3872161432802645,1,
CCCCCCC(CCCC(=O)Nc1ccccc1)CCC(=O)NO,5.537860356969059,2,1.8611214633586086
CCCCCCC(CCCCCC(=O)Nc1ccccc1)C(=O)NO,6.221848749616356,1,
CCCCCCCC(=O)SCC/C=C/[C@@H]1CC(=O)NCc2cccc(n2)-c2cccc(n2)C(=O)N[C@@H](C(C)C)C(=O)O1,4.886056647693163,1,
CCCCCCCC(=O)SCC/C=C/[C@@H]1CC(=O)NCc2nc(cs2)-c2nc(cs2)C(=O)N[C@@H](C(C)C)C(=O)O1,4.8326826652518236,1,
CCCCCCCC(=O)SCC/C=C/[C@@H]1CC(=O)NCc2nc(cs2)C2=N[C@@](C)(CS2)C(=O)N[C@@H](C(C)C)C(=O)O1,5.667575718706288,5,0.7433993453573261
CCCCCCCC(=O)SCC/C=C/[C@@H]1CC(=O)N[C@H](C(C)C)C(=O)N[C@H](C)C(=O)N[C@H](C(C)C)C(=O)NCC(=O)O1,4.73754891026957,1,
CCCCCCCCCCCCCCCCNNC(=O)c1cccs1,4.110138278741812,1,
CCCCCCCCCCCCOc1c(CC)cc(Cc2cnc(N)nc2N)cc1CC,7.958607314841775,1,
CCCCCCCCN(Cc1ccccc1)Cc1ccc(/C=C/C(=O)NO)o1,5.5934598195660445,1,
CCCCCCCCSSCC/C=C/[C@@H]1CC(=O)N[C@H](C(C)C)C(=O)N[C@H](C)C(=O)N[C@H](C(C)C)C(=O)NCC(=O)O1,5.050609993355087,1,
CCCCCCCC[C@@H]1NC(=O)[C@H]2CCCCN2CC(=O)[C@H]([C@@H](C)CC)NC(=O)[C@H](Cc2cn(OC)c3ccccc23)NC1=O,7.214670164989233,1,
CCCCCCCNC(=O)Nc1cc(/C=C/C(=O)NO)ccc1OCCN(CC)CC,6.3872161432802645,1,
CCCCCCN(Cc1ccccc1)Cc1ccc(/C=C/C(=O)NO)o1,5.576754126063192,1,
CCCCCCNC(=O)Nc1cc(/C=C/C(=O)NO)ccc1OCCN(CC)CC,6.517126416391246,1,
CCCCCCNC(=S)Nc1cc(/C=C/C(=O)NO)ccc1OCCN(CC)CC,6.7281583934635005,1,
CCCCCCNNC(=O)c1ccc(Br)cc1,4.407823242604133,1,
CCCCCN(CCc1ccc2c(c1)OCO2)Cc1ccc(/C=C/C(=O)NO)o1,5.45717457304082,1,
CCCCCN(Cc1ccc(C(=O)NO)cc1)CC1CCC2CC1C2(C)C,5.924453038607469,2,0.0
CCCCCN1CCN(c2ccc3c(c2)C(C)(C)C(=O)N(Cc2ccc(-c4nnc(C(F)F)o4)cn2)C3=O)CC1,6.806875401645538,1,
CCCCCNC(=O)Nc1cc(/C=C/C(=O)NO)ccc1OCCN(CC)CC,6.730487055782083,1,
CCCCCNC(=O)Nc1cc(/C=C/C(=O)NO)ccc1SCCN(CC)CC,6.692551391983432,2,0.009077288640642294
CCCCCNC(=S)Nc1cc(/C=C/C(=O)NO)ccc1OCCN(CC)CC,6.665546248849069,1,
CCCCCNC(=S)SC[C@H](NC(C)=O)C(=O)O,2.4948500216800937,1,
CCCCCNNC(=O)c1ccc(Br)cc1,5.24184537803261,1,
CCCCCNc1cc(/C=C/C(=O)NO)ccc1SCCN(CC)CC,6.2380721615794705,1,
CCCCCNc1nc(Cl)nc2c1ncn2CCCC(=O)NCc1ccc(C(=O)Nc2ccccc2N)cc1,5.464705879957229,1,
CCCCCNc1nc(Cl)nc2c1ncn2Cc1ccc(C(=O)Nc2ccc(Br)cc2N)cc1,4.728623128105926,1,
CCCCCNc1nc(Cl)nc2c1ncn2Cc1ccc(C(=O)Nc2ccc(C)cc2N)cc1,5.692503962086787,1,
CCCCCNc1nc(Cl)nc2c1ncn2Cc1ccc(C(=O)Nc2ccc(F)cc2N)cc1,5.543633966870956,1,
CCCCCOc1ccccc1C(=O)NC(=O)NC1CC2CCC(C1)N2C,7.309803919971486,1,
CCCCC[C@@H]1NC(=O)[C@@H](CCCCC)NC(=O)[C@H](CCCCCC(=O)NO)NC(=O)[C@H]2CCCN2C1=O,6.468521082957745,1,
CCCCN(C(=O)NCc1ccc(C(=O)NO)cc1)c1ccccc1,7.6020599913279625,5,0.0
CCCCN(C(=O)Nc1cccc(N(C)C)c1)c1ccc(C(=O)NO)cc1,5.747146969020107,1,
CCCCN(C)C[C@@H](C)NC(=O)c1ccc(-c2noc(C(F)(F)F)n2)cc1,5.508638306165727,1,
CCCCN(C)C[C@@H](C)NC(=O)c1ccc(-c2noc(C(F)(F)F)n2)cc1F,5.585026652029182,1,
CCCCN(Cc1ccc(C(=O)NNCC)cc1)C(=O)Nc1ccccc1,6.8794260687941495,1,
CCCCN(Cc1ccc(C(=O)NNCC)cc1)C(=O)c1ccccc1,6.723538195826755,1,
CCCCN(Cc1ccc(C(=O)NO)cc1)C(=O)CCCCn1cc(COc2cccc(Cc3cnc(NC(=O)CSc4nc(C)cc(C)n4)s3)c2)nn1,7.366531544420414,2,0.0
CCCCN(Cc1ccc(C(=O)NO)cc1)C(=O)NCCN1CCCC1,7.130768280269024,1,
CCCCN(Cc1ccc(C(=O)NO)cc1)C(=O)Nc1cc(C)ccn1,7.366531544420414,1,
CCCCN(Cc1ccc(C(=O)NO)cc1)C(=O)Nc1ccc(CN)cc1,9.045757490560675,1,
CCCCN(Cc1ccc(C(=O)NO)cc1)C(=O)Nc1ccc(OCCCCCn2cc(CNc3cccc4c3C(=O)N(C3CCC(=O)NC3=O)C4=O)nn2)cc1,8.060480747381382,1,
CCCCN(Cc1ccc(C(=O)NO)cc1)C(=O)Nc1ccc2cn[nH]c2c1,8.662070861368067,3,0.11588212833417787
CCCCN(Cc1ccc(C(=O)NO)cc1)C(=O)Nc1cccc(N(C)C)c1,8.398682744776869,3,0.3211813985688558
CCCCN(Cc1ccc(C(=O)NO)cc1)C(=O)Nc1ccccc1,8.080764512360874,23,0.6254463652656136
CCCCN(Cc1ccc(C(=O)NO)cc1)C(=O)Nc1ccccc1OC,8.671620396561263,1,
CCCCN(Cc1ccc(C(=O)NO)cc1)C(=O)Nc1ncccn1,8.080983038094324,3,0.12199328470025018
CCCCN(Cc1ccc(C(=O)NO)cc1)C(=O)c1ccccc1,7.229147988357855,1,
CCCCN(Cc1ccc(N(O)C=O)cc1)C(=O)Nc1ccccc1,5.989276134608227,1,
CCCCN(Cc1ccccc1)Cc1ccc(/C=C/C(=O)NO)o1,6.452939202079719,2,0.2621003882775575
CCCCN(Cc1nc2cc(C(=O)NO)ccc2n1C)c1cccc(F)c1,7.886056647693163,1,
CCCCN(Cc1nc2cc(C(=O)NO)ccc2n1C)c1ccccc1,8.017728766960431,1,
CCCCN(O)C(=O)c1cccc(NC(=O)CCCCCS[C@@H]2Cc3cc(O)ccc3[C@H]3CC[C@]4(C)[C@@H](O)CC[C@H]4[C@@H]32)c1,4.359518563029578,1,
CCCCN(c1ccccc1)c1cnc2ccc(C(=O)NO)cc2c1,6.157390760389438,1,
CCCCN1C(=O)C2Cc3c(n(Cc4ccc(C(=O)NO)cc4)c4ccccc34)CN2C1=O,8.031517051446064,1,
CCCCN1CC(=O)N2Cc3c(c4ccccc4n3Cc3ccc(C(=O)NO)cc3)CC2C1=O,8.481486060122112,1,
CCCCN1CCN(CC2CCc3c(c4cc(F)ccc4n3Cc3ccc(C(=O)NO)cc3)C2=O)CC1,8.221848749616356,1,
CCCCN1CCN(c2ccc3c(c2)C(C)(C)C(=O)N(Cc2ccc(-c4nnc(C(F)F)o4)cn2)C3=O)CC1,7.161150909262744,1,
CCCCNC(=O)C(Cc1c[nH]c2ccccc12)NC(=O)c1ccc(/C=C/C(=O)NO)cc1,7.096910013008056,1,
CCCCNC(=O)CN(C(=O)Cc1ccc(C(=O)NO)cc1)c1ccccc1,7.221848749616356,1,
CCCCNC(=O)CN(CCCCCC(=O)NO)C(=O)c1ccc(N(C)C)cc1,6.051537602516275,4,0.06124749878312153
CCCCNC(=O)CN(Cc1ccc(C(=O)NO)cc1)C(=O)c1ccc(N(C)C)cc1,7.455931955649724,1,
CCCCNC(=O)Cc1ccc(-c2noc(C(F)(F)F)n2)cc1,5.494850021680094,1,
CCCCNC(=O)Nc1cc(/C=C/C(=O)NO)ccc1SCCN(CC)CC,6.764471553092451,1,
CCCCNC(=O)[C@@H](NC(=O)c1ccc(C(=O)NO)cc1)c1c[nH]c2ccccc12,5.758951849328356,1,
CCCCNC(=O)[C@H](Cc1c[nH]c2ccccc12)NC(=O)/C=C/c1ccc(C(=O)NO)cc1,7.070581074285707,1,
CCCCNC(=S)Nc1cc(/C=C/C(=O)NO)ccc1OCCN(CC)CC,6.886056647693163,1,
CCCCNC(=S)SC[C@H](NC(C)=O)C(=O)O,2.4609239012072237,1,
CCCCNNC(=O)c1ccc(-c2cc(C(=O)OCC)ccc2F)cc1,5.187086643357144,2,0.0
CCCCNNC(=O)c1ccc(-c2cc(C)cc(F)c2)cc1,5.431798275933005,2,0.0
CCCCNNC(=O)c1ccc(-c2cccc(F)c2F)cc1,5.431798275933005,2,0.0
CCCCNNC(=O)c1ccc(Br)cc1,4.996320033956659,7,0.12065220739541563
CCCCNNC(=O)c1ccc(C(C)(C)C)cc1,6.61971808958926,3,1.2593211356009542
CCCCNNC(=O)c1ccc(CN=[N+]=[N-])cc1,8.045757490560675,2,0.0
CCCCNNC(=O)c1ccc(C[N-][N+]#N)cc1,4.966576244513051,1,
CCCCNNC(=O)c1ccc(N(C)C)cc1,5.019088062223156,1,
CCCCNc1nc(Cl)nc2c1ncn2CCCC(=O)NCc1ccc(C(=O)Nc2ccccc2N)cc1,6.022276394711152,1,
CCCCNc1nc(Cl)nc2c1ncn2Cc1ccc(C(=O)Nc2ccc(Br)cc2N)cc1,5.690369832574101,1,
CCCCNc1nc(Cl)nc2c1ncn2Cc1ccc(C(=O)Nc2ccc(C)cc2N)cc1,5.995678626217357,1,
CCCCNc1nc(Cl)nc2c1ncn2Cc1ccc(C(=O)Nc2ccc(F)cc2N)cc1,5.892790030352131,1,
CCCCNc1nc(Cl)nc2c1ncn2Cc1ccc(C(=O)Nc2ccccc2N)cc1,6.009407931300823,2,2.182745348258472
CCCCOc1c(CCC)cc(Cc2cnc(N)nc2N)cc1CCC,7.920818753952375,1,
CCCCOc1ccc(C(=O)NOCc2ccc(/C=C/C(=O)NO)cc2)cc1,5.321032576499773,2,0.28545358940252297
CCCCS(=O)(=O)N(Cc1ncc(-c2nnc(C(F)F)o2)s1)c1cccnc1,7.585026652029182,3,0.0
CCCC[C@@H]1NC(=O)C(C)(C)NC(=O)[C@H](CCCCCSSc2ccccn2)NC(=O)[C@H]2CCCN2C1=O,6.552841968657781,1,
CCCC[C@@H]1NC(=O)[C@H](Cc2ccccc2)NC(=O)[C@H](CCCCCS)NC(=O)[C@H](CCCNC(=N)N)NC(=O)[C@H](CC(=O)O)NC(=O)[C@H](CO)NC(=O)[C@H](C)NC(=O)[C@H](CCCCN)NC1=O,7.769551078621726,1,
CCCC[C@H]1NC(=O)C[C@@H](/C=C/CCS)OC(=O)C[C@H](O)[C@@H]([C@@H](C)CC)NC(=O)[C@@H](CS)NC1=O,6.214670164989233,1,
CCCC[C@H]1NC(=O)C[C@H]2/C=C/CCSSC[C@@H](NC1=O)C(=O)N[C@H](C(C)C)[C@@H](O)CC(=O)O2,6.031517051446064,1,
CCCC[C@H]1NC(=O)C[C@H]2/C=C/CCSSC[C@@H](NC1=O)C(=O)N[C@H](CC(C)C)[C@@H](O)CC(=O)O2,5.71669877129645,1,
CCCC[C@H]1NC(=O)C[C@H]2/C=C/CCSSC[C@@H](NC1=O)C(=O)N[C@H]([C@@H](C)CC)[C@@H](O)CC(=O)O2,5.441530176724622,2,0.6829560608547515
CCCCc1cc(-c2ccccc2)nn1Cc1ccc(C(=O)NO)cc1,7.173925197299173,1,
CCCCc1cc(C(=O)Nc2ccccc2)nn1Cc1ccc(C(=O)NO)cc1,7.7447274948966935,1,
CCCCc1ccc(-c2nc3ccc(C(=O)NO)cc3[nH]2)cc1,7.508638306165727,2,0.0
CCCCc1nc2cc(/C=C/C(=O)NO)ccc2n1CCN(C)C,8.075720713938118,1,
CCCCc1nc2cc(/C=C/C(=O)NO)ccc2n1CCN(CC)CC,6.965573253164251,2,0.09325861388453768
CCCCc1sc(-c2nccs2)nc1C(=O)NCCCCC(=O)NO,6.2037839251849185,2,0.004418674409058678
CCCCn1ccc2ccc(NC(=O)CCCCCCC(=O)NO)cc2c1=O,7.494850021680094,1,
CCCN(C)C[C@@H](C)NC(=O)c1ccc(-c2noc(C(F)(F)F)n2)cc1,5.017728766960431,1,
CCCN(C)C[C@@H](C)NC(=O)c1ccc(-c2noc(C(F)(F)F)n2)cc1F,5.481486060122112,1,
CCCN(CC)C[C@@H](C)NC(=O)c1ccc(-c2noc(C(F)(F)F)n2)cc1,5.431798275933005,1,
CCCN(CC)C[C@@H](C)NC(=O)c1ccc(-c2noc(C(F)(F)F)n2)cc1F,5.619788758288394,1,
CCCN(CCC)C[C@@H](C)NC(=O)c1ccc(-c2noc(C(F)(F)F)n2)cc1,5.358349385648225,2,0.23267965180029387
CCCN(CCC)C[C@@H](C)NC(=O)c1ccc(-c2noc(C(F)(F)F)n2)cc1F,5.853871964321762,1,
CCCN(CCc1ccc2c(c1)OCO2)Cc1ccc(/C=C/C(=O)NO)o1,5.798602875679549,1,
CCCN(Cc1ccc(C(=O)NO)cc1)C(=O)c1cc2c([nH]c3ccccc32)c(-c2ccc(OC)cc2)n1,6.585026652029182,1,
CCCN(Cc1ccc(C(=O)NO)cc1)C(=O)c1ccccc1,7.376750709602099,1,
CCCN(Cc1ccc(C(=O)NO)cn1)C12CC3C[C@@](C)(C1)C[C@](C)(C3)C2,6.991399828238082,1,
CCCN(Cc1ccccc1)Cc1ccc(/C=C/C(=O)NO)o1,6.75713928675921,2,0.017552924385322393
CCCN(Cc1nc2cc(C(=O)NO)ccc2n1C)c1ccccc1,7.886056647693163,1,
CCCN1C(=O)C2Cc3c(n(Cc4ccc(C(=O)NO)cc4)c4ccccc34)CN2C1=O,8.0,1,
CCCN1C(=O)N(Cc2ccc(C(=O)NO)cc2)C(=O)C1CC(C)C,6.7594507517174005,1,
CCCN1C(=O)N(Cc2ccc(C(=O)NO)cc2)C(=O)C1Cc1ccccc1,7.2441251443275085,1,
CCCN1C(=O)N(c2ccc(Cl)cc2)C(=O)C1CCC(=O)Nc1ccc(C(=O)NO)cc1,7.886056647693163,1,
CCCN1CC(=O)N(Cc2ccc(C(=O)NO)cc2)C1=O,7.275724130399211,1,
CCCN1CC(=O)N2Cc3c(c4cc(O)ccc4n3Cc3ccc(C(=O)NO)cc3)CC2C1=O,9.050609993355087,1,
CCCN1CC(=O)N2Cc3c(c4cc(OC)ccc4n3Cc3ccc(C(=O)NO)cc3)CC2C1=O,8.769551078621726,1,
CCCN1CC(=O)N2Cc3c(c4cc(OCc5ccccc5)ccc4n3Cc3ccc(C(=O)NO)cc3)CC2C1=O,8.886056647693163,1,
CCCN1CC(=O)N2Cc3c(c4ccccc4n3Cc3ccc(C(=O)NO)cc3)CC2C1=O,8.431798275933005,2,0.0
CCCN1CC(=O)N2[C@@H](Cc3c(n(Cc4ccc(C(=O)NO)cc4)c4ccccc34)[C@@H]2C)C1=O,7.075720713938118,1,
CCCN1CC(=O)N2[C@H](C)c3c(c4ccccc4n3Cc3ccc(C(=O)NO)cc3)C[C@H]2C1=O,7.214670164989233,1,
CCCN1CC(=O)N2[C@H](Cc3c(n(Cc4ccc(C(=O)NO)cc4)c4ccccc34)[C@@H]2C)C1=O,8.744727494896694,1,
CCCN1CC(=O)N2[C@H](Cc3c(n(Cc4ccc(C(=O)NO)cc4)c4ccccc34)[C@H]2C)C1=O,7.721246399047171,1,
CCCN1CCC(c2ccc3c(c2)C(=O)N(Cc2ccc(-c4nnc(C(F)F)o4)cn2)C(=O)C3(C)C)CC1,7.6777807052660805,1,
CCCN1CCC2(CC1)C[C@@H]2C(=O)N[C@@H](CCCCCC(=O)CC)c1ncc(-c2cc3ccccc3nc2OC)[nH]1,6.309803919971486,1,
CCCN1CCN(c2ccc3c(c2)C(=O)N(Cc2ccc(-c4nnc(C(F)F)o4)cn2)C(=O)C3(C)C)CC1,7.522878745280337,1,
CCCN1CCN(c2ccc3c(c2)C(C)(C)C(=O)N(Cc2ccc(-c4nnc(C(F)F)o4)cn2)C3=O)CC1,7.494850021680094,1,
CCCNC(=O)Nc1cc(/C=C/C(=O)NO)ccc1OCCN(CC)CC,6.630784142589857,1,
CCCNC(=O)Nc1cc(/C=C/C(=O)NO)ccc1SCCN(CC)CC,6.703334809738469,1,
CCCNC(=O)[C@@H](NC(=O)c1ccc(C(=O)NO)cc1)c1c[nH]c2ccccc12,5.781464494783473,1,
CCCNC(=S)Nc1cc(/C=C/C(=O)NO)ccc1OCCN(CC)CC,6.6777807052660805,1,
CCCNNC(=O)c1ccc(Br)cc1,5.334419008982047,1,
CCCNNC(=O)c1ccc(CNC(=O)c2cnc(-c3ccc(F)cc3)[nH]2)cc1,5.044793462458058,1,
CCCNNC(=O)c1ccc(CNC(=O)c2cnc(-c3cccc4ccccc34)[nH]2)cc1,5.014124642691606,1,
CCCNNC(=O)c1ccc(CNC(=O)c2cnc(-c3ccccc3)[nH]2)cc1,5.050122295963125,1,
CCCNNC(=O)c1ccc(Cn2c3ccccc3c3c(-c4ccccn4)nc4ccccc4c32)cc1,5.086186147616283,1,
CCCNNC(=O)c1ccc(NC(=O)Cc2ccccc2)cc1,4.332229614493109,1,
CCCNNC(=O)c1ccc(Nc2ccccc2)cc1,4.3096089743722885,1,
CCCNNC(=O)c1ccc(Nc2nccc(N(C)c3ccc4c(C)n(C)cc4c3)n2)cc1,5.047691990337874,1,
CCCNNC(=O)c1ccc(Nc2nccc(N(C)c3ccc4c(C)n(C)nc4c3)n2)cc1,5.047691990337874,1,
CCCNNC(=O)c1cnc(NCc2ccc(OC)cc2)cn1,4.586197483230649,1,
CCCNc1cc(/C=C/C(=O)NO)ccc1SCCN(CC)CC,6.185086818724926,1,
CCCNc1ccc2c3c(cccc13)C(=O)N(CCCC(=O)NO)C2=O,5.950781977329818,1,
CCCNc1ccc2c3c(cccc13)C(=O)N(CCCCCC(=O)NO)C2=O,8.318758762624412,2,0.0
CCCNc1nc(Cl)nc2c1ncn2CCCC(=O)NCc1ccc(C(=O)Nc2ccccc2N)cc1,5.899629454882437,1,
CCCNc1nc(Cl)nc2c1ncn2Cc1ccc(C(=O)Nc2ccc(Br)cc2N)cc1,5.033389013318066,1,
CCCNc1nc(Cl)nc2c1ncn2Cc1ccc(C(=O)Nc2ccc(C)cc2N)cc1,5.504455662453552,1,
CCCNc1nc(Cl)nc2c1ncn2Cc1ccc(C(=O)Nc2ccc(F)cc2N)cc1,5.355561410532161,1,
CCCNc1nc(Cl)nc2c1ncn2Cc1ccc(C(=O)Nc2ccccc2N)cc1,5.300303335315802,2,1.330470584241262
CCCNc1nc(Nc2cnn(CCCCCCC(=O)NO)c2)ncc1Cl,7.585026652029182,1,
CCCOc1ccc(C(C)=O)cc1C(=O)Nc1cc(C(=O)NO)ccc1C,7.698970004336019,1,
CCCOc1cccc(-c2ccc3c(NC(=O)c4ccc(C(=O)NO)cc4)n[nH]c3c2)c1,6.462180904926726,1,
CCCS(=O)(=O)Cc1noc(-c2ccc(C(=O)C(F)(F)F)s2)n1,6.513535837413589,3,0.18403545740775656
CCCS(=O)(=O)N(Cc1ncc(-c2nnc(C(F)(F)F)o2)s1)c1cccc(F)c1,7.275724130399211,3,0.0
CCCS(=O)(=O)N(Cc1ncc(-c2nnc(C(F)(F)F)o2)s1)c1cccnc1,7.221848749616356,1,
CCCS(=O)(=O)N(Cc1ncc(-c2nnc(C(F)(F)F)o2)s1)c1cncc(C#N)c1,6.735182176990463,3,0.0
CCCS(=O)(=O)N(Cc1ncc(-c2nnc(C(F)(F)F)o2)s1)c1cncc(Cl)c1,7.060480747381381,3,0.0
CCCS(=O)(=O)N(Cc1ncc(-c2nnc(C(F)(F)F)o2)s1)c1cncc(OC(F)F)c1,7.214670164989233,3,0.0
CCCS(=O)(=O)N(Cc1ncc(-c2nnc(C(F)F)o2)s1)c1ccc(Cl)cn1,7.568636235841012,3,0.0
CCCS(=O)(=O)N(Cc1ncc(-c2nnc(C(F)F)o2)s1)c1ccc(Cl)nc1,7.568636235841012,1,
CCCS(=O)(=O)N(Cc1ncc(-c2nnc(C(F)F)o2)s1)c1ccc(F)cn1,7.568636235841012,3,0.0
CCCS(=O)(=O)N(Cc1ncc(-c2nnc(C(F)F)o2)s1)c1cccc(C)n1,7.4387657267137595,4,0.1397451589039359
CCCS(=O)(=O)N(Cc1ncc(-c2nnc(C(F)F)o2)s1)c1cccnc1,7.221848749616356,3,0.0
CCCS(=O)(=O)N(Cc1ncc(-c2nnc(C(F)F)o2)s1)c1cncc(C#N)c1,7.366531544420414,3,0.0
CCCS(=O)(=O)N(Cc1ncc(-c2nnc(C(F)F)o2)s1)c1cncc(C)c1,7.958607314841775,3,0.0
CCCS(=O)(=O)N(Cc1ncc(-c2nnc(C(F)F)o2)s1)c1cncc(Cl)c1,8.406713932979542,3,0.0
CCCS(=O)(=O)N(Cc1ncc(-c2nnc(C(F)F)o2)s1)c1cncc(F)c1,8.0,3,0.0
CCCS(=O)(=O)N(Cc1ncc(-c2nnc(C(F)F)o2)s1)c1cncc(OC(F)F)c1,7.853871964321762,3,0.0
CCCS(=O)(=O)NCC(Nc1ncc(-c2nnc(C(F)F)o2)cn1)c1ccc(F)cc1,7.494850021680094,1,
CCCSC(=S)SCC(=O)c1ccc(C(=O)N[C@H](C)c2ccccc2)s1,6.782516055786093,1,
CCC[C@@H](c1ccc(-c2nnc(C(F)F)o2)cc1)n1cc(-c2ccc(N)nc2)nn1,6.758049520173555,2,0.31808087054439865
CCC[C@@H](c1ccc(-c2nnc(C(F)F)o2)cc1)n1cc(-c2cccc(NC(=O)N3CCOCC3)c2)nn1,6.913640169325252,1,
CCC[C@H](c1ccc(-c2nnc(C(F)F)o2)cc1)n1cc(-c2ccc(N)nc2)nn1,7.221848749616356,1,
CCC[C@H]1C(=O)N([C@@H](Cc2ccc(OC)cc2)C(=O)NCCCCCC(=O)NO)C(=O)[C@@H]1CC(C)C,7.42021640338319,1,
CCC[C@H]1C(=O)N([C@@H](Cc2ccccc2)C(=O)NCCCCCC(=O)NO)C(=O)[C@@H]1CC(C)C,7.292429823902063,1,
CCCc1cc(-c2ccc(F)cc2)n(Cc2ccc(C(=O)NO)cc2)n1,6.097212533313959,2,0.9617656252670603
CCCc1cc(-c2ccc(F)cc2)nn1Cc1ccc(C(=O)NO)cc1,6.646504634797148,2,0.45836300278972353
CCCc1cc(C(=O)NC2CCCCC2)nn1Cc1ccc(C(=O)NO)cc1,6.856985199745905,1,
CCCc1cc(C(=O)NC2CCOCC2)nn1Cc1ccc(C(=O)NO)cc1,7.036212172654444,1,
CCCc1cc(C(=O)NCc2ccccc2)nn1Cc1ccc(C(=O)NO)cc1,7.229147988357855,1,
CCCc1cc(C(=O)Nc2cc(C)cc(F)c2)nn1Cc1ccc(C(=O)NO)cc1,7.619788758288394,1,
CCCc1cc(C(=O)Nc2ccc(C(F)(F)F)c(Cl)c2)nn1Cc1ccc(C(=O)NO)cc1,6.410050398674292,1,
CCCc1cc(C(=O)Nc2ccc(Cl)c(C(F)(F)F)c2)nn1Cc1ccc(C(=O)NO)cc1,6.669586226650809,1,
CCCc1cc(C(=O)Nc2ccc(F)cc2)nn1Cc1ccc(C(=O)NO)cc1,7.327902142064282,1,
CCCc1cc(C(=O)Nc2cccc(C(F)(F)F)c2)nn1Cc1ccc(C(=O)NO)cc1,7.267606240177031,1,
CCCc1cc(C(=O)Nc2cccc(Cl)c2)nn1Cc1ccc(C(=O)NO)cc1,7.657577319177793,1,
CCCc1cc(C(=O)Nc2cccc(F)c2)nn1Cc1ccc(C(=O)NO)cc1,8.040958607678906,1,
CCCc1cc(C(=O)Nc2ccccc2)nn1Cc1ccc(C(=O)NO)cc1,8.301029995663981,1,
CCCc1cc(C(=O)Nc2ccccc2F)nn1Cc1ccc(C(=O)NO)cc1,7.920818753952375,1,
CCCc1cc(C(=O)Nc2ccccn2)nn1Cc1ccc(C(=O)NO)cc1,7.886056647693163,1,
CCCc1cc(C(=O)Nc2cccnc2)nn1Cc1ccc(C(=O)NO)cc1,7.698970004336019,1,
CCCc1cc(C(=O)Nc2ccncc2)nn1Cc1ccc(C(=O)NO)cc1,6.3223930472795065,1,
CCCc1ccc2c(c1)CCC(=O)N2Cc1ccc(C(=O)NO)cc1,7.920818753952375,1,
CCCc1nc(C)c2c(=O)[nH]c(-c3cc(-c4ccc(C(=O)NO)cc4)ccc3OCC)nn12,6.486782399932061,1,
CCCc1nc(C)c2c(=O)[nH]c(-c3cc(CC4CC(C(=O)NO)C4)ccc3OCC)nn12,6.958607314841775,1,
CCCc1nc(C)c2c(=O)[nH]c(-c3cc(Cc4ccc(C(=O)NO)cc4)ccc3OCC)nn12,6.59176003468815,1,
CCCc1nc(C)c2c(=O)[nH]c(-c3cc(Cc4ccc(C(=O)NO)s4)ccc3OCC)nn12,7.008773924307505,1,
CCCc1nn(C)c2c(=O)[nH]c(-c3cc(-c4ccc(C(=O)NO)cc4)ccc3OCC)nc12,7.376750709602099,1,
CCCc1nn(C)c2c(=O)[nH]c(-c3cc(-c4ccc(C(=O)NO)s4)ccc3OCC)nc12,7.431798275933005,1,
CCCc1nn(C)c2c(=O)[nH]c(-c3cc(-c4ccc(CC(=O)NO)cc4)ccc3OCC)nc12,6.088842391260023,1,
CCCc1nn(C)c2c(=O)[nH]c(-c3cc(C(=O)c4ccc(C(=O)NO)s4)ccc3OCC)nc12,6.71669877129645,1,
CCCc1nn(C)c2c(=O)[nH]c(-c3cc(C(O)c4ccc(C(=O)NO)cc4)ccc3OCC)nc12,7.050609993355087,1,
CCCc1nn(C)c2c(=O)[nH]c(-c3cc(C(OC)c4ccc(C(=O)NO)cc4)ccc3OCC)nc12,7.113509274827518,1,
CCCc1nn(C)c2c(=O)[nH]c(-c3cc(C4=CCC(C(=O)NO)CC4)ccc3OCC)nc12,6.468521082957745,1,
CCCc1nn(C)c2c(=O)[nH]c(-c3cc(C4=CCC(CC(=O)NO)CC4)ccc3OCC)nc12,6.66354026615147,1,
CCCc1nn(C)c2c(=O)[nH]c(-c3cc(C4CCC(C(=O)NO)CC4)ccc3OCC)nc12,5.507239610973162,1,
CCCc1nn(C)c2c(=O)[nH]c(-c3cc(CC4CC(C(=O)NO)C4)ccc3OCC)nc12,7.0915149811213505,1,
CCCc1nn(C)c2c(=O)[nH]c(-c3cc(Cc4ccc(C(=O)NO)c(F)c4)ccc3OCC)nc12,6.847711655616944,1,
CCCc1nn(C)c2c(=O)[nH]c(-c3cc(Cc4ccc(C(=O)NO)cc4)ccc3OCC)nc12,7.207608310501746,1,
CCCc1nn(C)c2c(=O)[nH]c(-c3cc(Cc4ccc(C(=O)NO)cc4F)ccc3OCC)nc12,7.060480747381382,1,
CCCc1nn(C)c2c(=O)[nH]c(-c3cc(Cc4ccc(C(=O)NO)o4)ccc3OCC)nc12,6.774690718274137,1,
CCCc1nn(C)c2c(=O)[nH]c(-c3cc(Cc4ccc(C(=O)NO)s4)ccc3OCC)nc12,7.823908740944319,1,
CCCc1nn(C)c2c(=O)[nH]c(-c3cc(Cc4ccc(CC(=O)NO)cc4)ccc3OCC)nc12,6.790484985457369,1,
CCCc1nn(C)c2c(=O)[nH]c(-c3cc(N(C)C4CCN(c5ncc(C(=O)NO)cn5)CC4)ccc3OCC)nc12,6.2335871528876,1,
CCCc1nn(C)c2c(=O)[nH]c(-c3cc(N4CCC(C(=O)NO)CC4)ccc3OCC)nc12,5.928117992693874,1,
CCCc1nn(C)c2c(=O)[nH]c(-c3cc(N4CCC(CC(=O)NO)CC4)ccc3OCC)nc12,5.962573502059376,1,
CCCc1nn(C)c2c(=O)[nH]c(-c3cc(N4CCC(CCC(=O)NO)CC4)ccc3OCC)nc12,5.97469413473523,1,
CCCc1nn(C)c2c(=O)[nH]c(-c3cc(N4CCC5(CCC(C(=O)NO)C5)CC4)ccc3OCC)nc12,5.362510270487489,1,
CCCc1nn(C)c2c(=O)[nH]c(-c3cc(N4CCC5(CCN(c6ncc(C(=O)NO)cn6)CC5)C4)ccc3OCC)nc12,5.721246399047171,1,
CCCc1nn(C)c2c(=O)[nH]c(-c3cc(N4CCCC5(CCC(C(=O)NO)CC5)C4)ccc3OCC)nc12,4.995678626217358,1,
CCCc1nn(C)c2c(=O)[nH]c(-c3cc(NC4CCC(C(=O)NO)CC4)ccc3OCC)nc12,4.896196279044043,1,
CCCc1nn(C)c2c(=O)[nH]c(-c3cc(NC4CCN(c5ccc(C(=O)NO)cc5)CC4)ccc3OCC)nc12,5.795880017344075,1,
CCCc1nn(C)c2c(=O)[nH]c(-c3cc(NC4CCN(c5ncc(C(=O)NO)cn5)CC4)ccc3OCC)nc12,6.355561410532161,1,
CCCc1nn(C)c2c(=O)[nH]c(-c3cc(NCC4CCN(c5ncc(C(=O)NO)cn5)CC4)ccc3OCC)nc12,6.149353764816933,1,
CCCc1nn(C)c2c(=O)[nH]c(-c3cc(NCCC(=O)NO)ccc3OCC)nc12,4.982966660701219,1,
CCCc1nn(C)c2c(=O)[nH]c(-c3cc(Nc4ccc(C(=O)NO)cc4)ccc3OCC)nc12,7.180456064458131,1,
CCCc1nn(C)c2c(=O)[nH]c(-c3cc(OCc4ccc(C(=O)NO)cc4)ccc3OCC)nc12,7.481486060122112,1,
CCCc1nn(C)c2c(=O)[nH]c(-c3cc(S(=O)(=O)N4CCC(CCC(=O)NO)CC4)ccc3OCC)nc12,7.060480747381382,1,
CCCc1nn(C)c2c(=O)[nH]c(-c3cc(S(=O)(=O)N4CCN(CCC(=O)NO)CC4)ccc3OCC)nc12,5.627087997029893,1,
CCCc1nn(C)c2c(=O)[nH]c(-c3cc(S(=O)(=O)N4CCN(CCCC(=O)NO)CC4)ccc3OCC)nc12,6.443697499232712,1,
CCCc1nn(C)c2c(=O)[nH]c(-c3cc(S(=O)(=O)N4CCN(Cc5ccc(/C=C/C(=O)NO)cc5)CC4)ccc3OCC)nc12,7.050609993355087,1,
CCCc1nn(C)c2c(=O)[nH]c(-c3cc(S(=O)(=O)N4CCN(c5ncc(C(=O)NO)cn5)CC4)ccc3OCC)nc12,6.571865205971211,1,
CCCc1nn(C)c2c(=O)[nH]c(-c3cc(S(=O)(=O)NC4CCN(c5ncc(C(=O)NO)cn5)CC4)ccc3OCC)nc12,7.229147988357855,1,
CCCc1nn(C)c2c(=O)[nH]c(-c3cc(S(=O)(=O)Nc4ccc(/C=C/C(=O)NO)cc4)ccc3OCC)nc12,7.075720713938118,1,
CCCc1nn(C)c2c(=O)[nH]c(-c3cc([C@H]4CC[C@@H](C(=O)NO)CC4)ccc3OCC)nc12,7.318758762624412,1,
CCCc1nn(C)c2c(=O)[nH]c(-c3cc([C@H]4CC[C@H](C(=O)NO)CC4)ccc3OCC)nc12,5.26440110030182,1,
CCCn1c(CCC(=O)O)nc2ccccc2c1=O,4.209714835966758,1,
CCCn1cc(-c2nc(Nc3ccc(NC(=O)CCCCCCC(=O)NO)cc3)nc3[nH]ccc23)cn1,8.795880017344075,1,
CCCn1cc(C(O)c2nc(O)c(CCCCCC(=O)CC)[nH]c(O)c3n(c(O)c([C@@H](C)CC)[nH]c2=O)CCCC3)c2ccccc21,7.823908740944319,1,
CCCn1cc(N(Cc2ncc(-c3nnc(C(F)F)o3)s2)S(=O)(=O)C(F)F)cn1,6.63320752045798,3,0.05695198165434553
CCCn1cc(N(Cc2ncc(-c3nnc(C(F)F)o3)s2)S(C)(=O)=O)cn1,6.928117992693874,3,0.0
CCN(C(=O)NCc1ccc(C(=O)NO)cc1)c1ccccc1,7.3872161432802645,5,0.0
CCN(C(=O)c1cc(C(C)C)c(O)cc1O)c1ccc(NC(=O)CCCCCCC(=O)NO)cc1,3.335640125448859,1,
CCN(C(=O)c1cc(C(C)C)c(O)cc1O)c1cccc(NC(=O)CCCCCCC(=O)NO)c1,3.899594988434111,1,
CCN(C(=O)c1ccccc1C(F)(F)F)c1ccc(C(=O)NO)cc1,6.085656842880559,1,
CCN(CC(Nc1ncc(-c2nnc(C(F)F)o2)cn1)c1ccc(OC(F)(F)F)cc1)S(C)(=O)=O,6.585026652029182,1,
CCN(CC)C(=S)SSCCCCCC(=O)Nc1ccccc1,6.661196523639753,2,0.7160086384752694
CCN(CC)CC(=O)N[C@@H](CCCCCC(=O)c1ncco1)c1ncc(-c2cc3ccccc3nc2OC)[nH]1,5.769551078621726,1,
CCN(CC)CC(C)NC(=O)c1ccc(-c2noc(C(F)(F)F)n2)cc1F,5.356547323513812,1,
CCN(CC)CCCC(C)Nc1c2c(Cl)cccc2nc2[nH]c3ccccc3c12,7.455931955649724,1,
CCN(CC)CCCC(C)Nc1c2c3ccccc3nc-2n(C)c2cc(Cl)ccc12,7.455931955649724,1,
CCN(CC)CCCC(C)Nc1c2cc(Cl)ccc2nc2[nH]c3ccccc3c12,7.455931955649724,1,
CCN(CC)CCCC(C)Nc1c2ccc(Cl)cc2nc2[nH]c3ccccc3c12,6.431798275933005,1,
CCN(CC)CCCC(C)Nc1ccc2c3cc4ccccc4n(C)c-3nc2c1,6.555955204081924,1,
CCN(CC)CCCCNC(=O)c1ccc(-c2noc(C(F)(F)F)n2)cc1,5.251037138743838,1,
CCN(CC)CCCNC(=O)c1ccc(NC(=O)CCCCCCC(=O)NO)cc1,6.795880017344075,1,
CCN(CC)CCN(C)C(=O)c1ccc(-c2noc(C(F)(F)F)n2)cc1,4.772113295386326,1,
CCN(CC)CCN(Cc1ccc(C(=O)NO)cc1)C(=O)c1cc2c([nH]c3ccccc32)c(-c2ccc(OC)cc2)n1,6.920818753952375,2,0.0
CCN(CC)CCNC(=O)c1ccc(-c2cn(CCCCCC(=O)NO)nn2)cn1,6.769551078621726,1,
CCN(CC)CCNC(=O)c1ccc(-c2cn(CCCCCCC(=O)NO)nn2)cc1,7.795880017344075,1,
CCN(CC)CCNC(=O)c1ccc(-c2cn(CCCCCCC(=O)NO)nn2)cn1,7.468521082957745,1,
CCN(CC)CCNC(=O)c1ccc(-c2cn(CCCCCCCC(=O)NO)nn2)cc1,7.568636235841012,1,
CCN(CC)CCNC(=O)c1ccc(-c2noc(C(F)(F)F)n2)cc1,5.946204207931234,10,0.8885424008375823
CCN(CC)CCNC(=O)c1ccc(NC(=O)CCCCCCC(=O)NO)cc1,7.537860356969059,2,0.44690790098551364
CCN(CC)CCOc1ccc(-c2nc3ccc(C(=O)NO)cc3[nH]2)cc1,7.853871964321762,1,
CCN(CC)CCSc1ccc(/C=C/C(=O)NO)cc1N,6.530177984021837,1,
CCN(CC)CCSc1ccc(/C=C/C(=O)NO)cc1NC,6.096910013008056,1,
CCN(CC)CCSc1ccc(/C=C/C(=O)NO)cc1NC(=O)C(Cl)Cl,6.504455662453552,1,
CCN(CC)CCSc1ccc(/C=C/C(=O)NO)cc1NC(C)=O,6.447331783887806,1,
CCN(CC)CCSc1ccc(/C=C/C(=O)NO)cc1NCCCc1ccccc1,6.202732459169283,1,
CCN(CC)CCSc1ccc(/C=C/C(=O)NO)cc1NCc1ccccc1,6.560667306169737,1,
CCN(CC)CCSc1ccc(/C=C/C(=O)NO)cc1NS(=O)(=O)c1ccc(C)cc1,6.607303046740334,1,
CCN(CC)CCSc1ccc(/C=C/C(=O)NO)cc1[N+](=O)[O-],6.504455662453552,1,
CCN(CC)CCn1c(-c2cccc(/C=C/C(=O)NO)c2)nc2ccccc21,7.102372908709558,1,
CCN(CC)CCn1c(C)c(CCNS(=O)(=O)c2ccc(/C=C/C(=O)NO)cc2)c2ccccc21,8.136677139879545,1,
CCN(CC)CCn1ccc2ccc(NC(=O)CCCCCCC(=O)NO)cc2c1=O,7.4089353929735005,1,
CCN(CC)C[C@@H](C)NC(=O)c1ccc(-c2noc(C(F)(F)F)n2)cc1,5.080921907623926,1,
CCN(CC)C[C@@H](C)NC(=O)c1ccc(-c2noc(C(F)(F)F)n2)cc1F,5.4089353929735005,1,
CCN(CC)Cc1cc2ccc(C(=O)NO)cc2o1,7.389423339022647,2,0.27662485809895093
CCN(CC)Cc1ccc(C(=O)NO)cc1,5.202040356262804,1,
CCN(CC)Cc1ccc(Cn2c(=O)c(OCc3ccc(C(=O)NO)cc3)c(-c3ccccc3)c3ccccc32)cc1,8.161150909262744,2,0.0
CCN(CC)Cc1ccc(Cn2c(=O)c(OCc3ccc(C(=O)NO)cc3)c(-c3cccnc3)c3ccccc32)cc1,7.920818753952375,2,0.0
CCN(CC)Cc1ccc(Cn2c3c(c4ccccc42)CN(C(=O)NCc2ccc(C(=O)NO)cc2)CC3)cc1,8.040958607678906,1,
CCN(CC)Cc1ccc2cc(COC(=O)Nc3c(F)cc(C(=O)NO)cc3F)ccc2c1,8.0,1,
CCN(CC)Cc1ccc2cc(COC(=O)Nc3ccc(C(=O)NO)cc3)ccc2c1,7.34221683626267,5,0.5121932306904767
CCN(CC)Cc1ccccc1CNC(=O)c1cccc(NC(=O)c2cccc(C(=O)NO)c2)c1,7.1487416512809245,1,
CCN(CC)Cc1ccccc1CNC(=O)c1cccc(NC(=O)c2cccc(NC(=O)CCCCCCC(=O)NO)c2)c1,8.050609993355087,1,
CCN(CC)S(=O)(=O)c1cccc(-c2nnc(Sc3ccc(C(=O)NO)cc3)n2N)c1,8.045757490560675,2,0.0
CCN(CC)c1ccc(-c2nc3cc(C(=O)NO)ccc3o2)cc1,7.657577319177793,1,
CCN(CC)c1ccc(C(=O)NCCCCCCC(=O)NO)cc1,11.022276394711152,1,
CCN(CC)c1ccc(C(=O)NO)cc1,5.202040356262804,1,
CCN(CC)c1ccc(NC(=O)CCCCCCC(=O)NO)cc1,6.6777807052660805,1,
CCN(CC)c1ccc(Nc2ncnc3sc(NC(=O)CCCCCCC(=O)NO)cc23)cc1,7.366531544420414,1,
CCN(CC)c1ccc(Nc2ncnc3sc(NC(=O)CCCCCCC(=O)NO)cc23)cc1F,8.468521082957745,1,
CCN(CC)c1nc(Cl)nc2c1ncn2CCCC(=O)NCc1ccc(C(=O)Nc2ccccc2N)cc1,5.407823242604133,1,
CCN(CC)c1nc(Cl)nc2c1ncn2Cc1ccc(C(=O)Nc2ccc(Br)cc2N)cc1,5.507239610973162,1,
CCN(CC)c1nc(Cl)nc2c1ncn2Cc1ccc(C(=O)Nc2ccc(C)cc2N)cc1,5.363512103646634,1,
CCN(CC)c1nc(Cl)nc2c1ncn2Cc1ccc(C(=O)Nc2ccc(F)cc2N)cc1,5.372634143407268,1,
CCN(CCc1c(C)[nH]c2ccccc12)S(=O)(=O)c1ccc(/C=C/C(=O)NO)cc1,7.522878745280337,1,
CCN(CCc1ccc(C(=O)NO)cc1)c1nc(N)n2nc(-c3ccco3)nc2n1,7.657577319177793,1,
CCN(CCc1ccc2c(c1)OCO2)Cc1ccc(/C=C/C(=O)NO)o1,5.977573391366134,2,0.48250897931675724
CCN(C[C@@H](C)NC(=O)c1ccc(-c2noc(C(F)(F)F)n2)cc1F)C(C)C,5.619788758288394,1,
CCN(Cc1ccc(-c2ccccc2)cc1)Cc1ccc(/C=C/C(=O)NO)o1,5.992005947307935,2,0.12574615699030273
CCN(Cc1ccc(C(=O)NO)cc1)C(=O)c1ccccc1,7.721246399047171,1,
CCN(Cc1ccccc1)Cc1ccc(/C=C/C(=O)NO)o1,6.696725543449696,3,0.1639655460014023
CCN(Cc1ccncc1)C(=S)SCc1ccc(C(=O)Nc2ccccc2N)cc1,5.7447274948966935,1,
CCN(Cc1cn(Cc2c(F)cc(-c3nnc(C(F)F)o3)cc2F)nn1)C(=O)Nc1cccnc1OC,6.647817481888637,1,
CCN(Cc1nc2cc(C(=O)NO)ccc2n1C)c1ccccc1,8.0,1,
CCN(Cc1ncc(-c2nnc(C(F)F)o2)s1)c1cccc(Cl)c1,7.275724130399211,3,0.0
CCN(c1cc(-c2ccc(N3CCN(CCCCCCCCC(=O)NO)CC3)nc2)cc(C(=O)NCc2c(C)cc(C)[nH]c2=O)c1C)C1CCOCC1,5.721246399047171,1,
CCN(c1cc(-c2ccc(N3CCN(c4ncc(C(=O)NO)cn4)CC3)nc2)cc(C(=O)NCc2c(C)cc(C)[nH]c2=O)c1C)C1CCOCC1,5.58838029403677,1,
CCN(c1ccc(C(=O)N(C)CCCCCCC(=O)NO)cc1)c1ccccc1C(F)(F)F,7.72921037802671,2,0.6966958664474746
CCN(c1ccc(C(=O)NCCCCCCC(=O)NO)cc1)c1c(Cl)cccc1Cl,7.622825832144491,2,0.6704562782837945
CCN(c1ccc(C(=O)NCCCCCCC(=O)NO)cc1)c1ccccc1C(F)(F)F,7.8191360819912035,2,0.6815009083410918
CCN(c1ccc(C(=O)NCCCCCCC(=O)NO)cc1)c1cnccn1,7.49506218314392,2,0.6555518120191289
CCN(c1ccc(C(=O)NO)cc1)S(=O)(=O)c1cccc(C(C)(C)C)c1,6.062482107982653,1,
CCN(c1ccc(C(=O)NO)cc1)S(=O)(=O)c1cccc(C(F)(F)F)c1,6.147520006363143,1,
CCN/C=C(\C=N)N(Cc1ncc(-c2nnc(C(F)F)o2)s1)S(=O)(=O)CC,7.187086643357144,1,
CCN1C(=O)C2Cc3c(n(Cc4ccc(C(=O)NO)cc4)c4ccccc34)CN2C1=O,8.346787486224656,1,
CCN1CC(=O)N2Cc3c(c4ccccc4n3Cc3ccc(C(=O)NO)cc3)CC2C1=O,8.096910013008056,1,
CCN1CC=C(c2ccc3c(c2)C(C)(C)C(=O)N(Cc2ncc(-c4nnc(C(F)F)o4)cn2)C3=O)CC1,6.732828271596986,1,
CCN1CCC(C)(C(=O)N2Cc3c(F)cc(-c4noc(C(F)(F)F)n4)cc3OC[C@@H]2C)CC1,6.455931955649724,1,
CCN1CCC(c2ccc3c(c2)C(=O)N(Cc2ccc(-c4nnc(C(F)F)o4)cn2)C(=O)C3(C)C)CC1,7.698970004336019,1,
CCN1CCC(c2ccc3c(c2)C(C)(C)C(=O)N(Cc2ccc(-c4nnc(C(F)F)o4)cn2)C3=O)CC1,7.251811972993799,1,
CCN1CCC(c2ccc3c(c2)C(C)(C)C(=O)N(Cc2ncc(-c4nnc(C(F)F)o4)cn2)C3=O)CC1,7.251811972993799,1,
CCN1CCC2(CC1)C[C@@H]2C(=O)NC(C)(CCCCCC(=O)c1ccon1)c1ncc(-c2ccccc2F)[nH]1,4.366531544420414,1,
CCN1CCC2(CC1)C[C@@H]2C(=O)N[C@@H](CCCCCC(=O)C1NC=CO1)C1NC(c2ccc(F)cc2)=NC1Cl,4.721246399047171,1,
CCN1CCC2(CC1)C[C@@H]2C(=O)N[C@@H](CCCCCC(=O)c1ncco1)c1ncc(-c2cc(OC)ncc2F)[nH]1,5.366531544420413,1,
CCN1CCCC(C(=O)N(Cc2ccc(-c3noc(C(F)(F)F)n3)cn2)c2cccc(F)c2)C1,8.075720713938118,1,
CCN1CCCC(n2c(-c3cccc(/C=C/C(=O)NO)c3)nc3ccccc32)C1,7.102372908709558,1,
CCN1CCC[C@@H](n2c(-c3cccc(/C=C/C(=O)NO)c3)nc(-c3ccccc3)c2C)C1,7.0,1,
CCN1CCC[C@@H](n2c(-c3cccc(/C=C/C(=O)NO)c3)nc(C)c2-c2ccccc2)C1,7.102372908709558,1,
CCN1CCC[C@@H](n2c(-c3cccc(/C=C/C(=O)NO)c3)nc(C)c2C)C1,6.920818753952375,1,
CCN1CCC[C@@H](n2c(-c3cccc(/C=C/C(=O)NO)c3)nc(Cc3ccccc3)c2C)C1,7.0,1,
CCN1CCC[C@@H](n2c(-c3cccc(/C=C/C(=O)NO)c3)nc3ccccc32)C1,7.102372908709558,1,
CCN1CCC[C@@H](n2c(-c3ccccc3)nc(C)c2-c2cccc(/C=C/C(=O)NO)c2)C1,6.200659450546418,1,
CCN1CCC[C@@H](n2c(C)nc(C)c2-c2cccc(/C=C/C(=O)NO)c2)C1,6.3979400086720375,1,
CCN1CCC[C@@H](n2c(Cc3ccccc3)nc(C)c2-c2cccc(/C=C/C(=O)NO)c2)C1,6.301029995663981,1,
CCN1CCC[C@H](n2c(-c3cccc(/C=C/C(=O)NO)c3)nc3ccccc32)C1,7.102372908709558,1,
CCN1CCN(CC2CCc3c(c4cc(F)ccc4n3Cc3ccc(C(=O)NO)cc3)C2=O)CC1,7.958607314841775,1,
CCN1CCN(CC2CCc3c(c4ccccc4n3Cc3ccc(C(=O)NO)cc3)C2=O)CC1,7.853871964321762,1,
CCN1CCN(c2cc(Nc3ncc(C(=O)Nc4ccc(F)cc4N)s3)ncn2)CC1,6.09151498112135,1,
CCN1CCN(c2cc(Nc3ncc(C(=O)Nc4ccccc4N)s3)ncn2)CC1,4.823908740944319,1,
CCN1CCN(c2ccc3c(c2)C(=O)N(Cc2ccc(-c4nnc(C(F)F)o4)cn2)C(=O)C3(C)C)CC1,7.585026652029182,1,
CCN1CCN(c2ccc3c(c2)C(C)(C)C(=O)N(Cc2ccc(-c4nnc(C(F)F)o4)cn2)C3=O)CC1,7.7447274948966935,1,
CCN1CCN(c2ccc3c(c2)C(CC)(CC)C(=O)N(Cc2ccc(-c4nnc(C(F)F)o4)cn2)C3=O)CC1,7.0915149811213505,1,
CCN1CCN(c2ccc3c(c2)C2(CCC2)C(=O)N(Cc2ccc(-c4nnc(C(F)F)o4)cn2)C3=O)CC1,7.657577319177793,1,
CCN1CCc2c(c3ccccc3n2Cc2ccc(C(=O)NO)cc2)C1,8.52432881167557,1,
CCN1[C@H](C)CN(S(=O)(=O)N(Cc2ccc(-c3nnc(C(F)F)o3)cn2)c2ccccc2)C[C@@H]1C,3.936963278754332,1,
CCNC(=O)N(Cc1ccc(-c2noc(C(F)(F)F)n2)cc1)c1cccc(C(F)(F)F)c1,7.036212172654444,1,
CCNC(=O)N1CCC2(CC1)C(=O)N(Cc1ccc(C(=O)NO)cc1F)CN2c1ccccc1,7.7447274948966935,1,
CCNC(=O)NC(Cc1ccc(-c2noc(C(F)(F)F)n2)cn1)c1cccc(C(F)(F)F)c1,7.376750709602099,1,
CCNC(=O)NOCc1ccc(/C=C/C(=O)NO)cc1,5.006010542062259,2,0.2238684321195239
CCNC(=O)SCC(=O)c1ccc(OC)cc1,6.8794260687941495,1,
CCNC(=O)[C@H](Cc1c[nH]c2ccccc12)NC(=O)/C=C/c1ccc(C(=O)NO)cc1,6.950781977329818,1,
CCNC(=O)c1cc2c(-c3cc(OCCCCCCn4cc(-c5nc(Nc6ccc(NC(=O)CCCCCCC(=O)NO)cc6)nc6[nH]ccc56)cn4)c(Cl)cc3Cl)nc(N)nc2s1,5.549750891680639,1,
CCNC(=O)c1cc2c(-c3cc(OCCCCCCn4cc(-c5nc(Nc6ccc(NC(=O)CCCCCCC(=O)O)cc6)nc6[nH]ccc56)cn4)c(Cl)cc3Cl)nc(N)nc2s1,5.200659450546418,1,
CCNC(=O)c1cc2c(-c3cccc(OCCCCCCOc4ccc(Nc5nc(-c6cnn(CCCCCCC(=O)NO)c6)c6cc[nH]c6n5)cc4)c3)nc(N)nc2s1,8.096910013008056,1,
CCNC(=O)c1ccc(-c2noc(C(F)(F)F)n2)cc1,5.3872161432802645,1,
CCNC(=O)c1ccc(C(=O)C(F)(F)F)s1,6.508638306165727,2,0.0
CCNC(=O)c1cccc(-c2nnn(Cc3ccc(-c4nnc(C(F)F)o4)cc3)n2)c1,7.455931955649724,1,
CCNC(=S)SCC(=O)c1ccc(NC(C)=O)cc1,7.7447274948966935,1,
CCNC(=S)SCC(=O)c1ccc(OC)cc1,7.026872146400302,1,
CCNC1CN(C)S(=O)(=O)c2sc(S(N)(=O)=O)cc21,7.443697499232712,1,
CCNNC(=O)c1c(F)cc(CN2c3ccccc3C=Cc3ccncc32)cc1F,5.6595558851598815,1,
CCNNC(=O)c1cc(F)c(CN2c3ccccc3C=Cc3ccccc32)cc1F,6.97061622231479,1,
CCNNC(=O)c1cc(F)c(CN2c3ccccc3C=Cc3ccncc32)c(F)c1,6.164309428507575,1,
CCNNC(=O)c1cc(F)c(CN2c3ccccc3C=Cc3ccncc32)cc1F,8.519463719560033,7,0.409932348044157
CCNNC(=O)c1cc(F)c(CN2c3ccccc3Sc3cccnc32)cc1F,6.471083299722345,1,
CCNNC(=O)c1cc(F)c(CNc2cccc3cccnc23)cc1F,6.617982957425132,1,
CCNNC(=O)c1cc(F)c(Cn2c3ccccc3c3ccccc32)cc1F,5.246416941107094,1,
CCNNC(=O)c1ccc(CN(CC(=O)NCc2ccccc2)C(=O)c2ccc(N(C)C)cc2)cc1,6.262508830672539,9,0.453607549513269
CCNNC(=O)c1ccc(CN2c3ccccc3C=Cc3ccc(C(F)(F)F)cc32)cc1,6.761953896871205,1,
CCNNC(=O)c1ccc(CN2c3ccccc3C=Cc3ccc(C)cc32)cc1,7.119186407719209,1,
CCNNC(=O)c1ccc(CN2c3ccccc3C=Cc3ccc(F)cc32)cc1,7.431798275933005,1,
CCNNC(=O)c1ccc(CN2c3ccccc3C=Cc3ccccc32)cc1,7.376750709602099,1,
CCNNC(=O)c1ccc(CN2c3ccccc3C=Cc3ccncc32)c(F)c1,7.42021640338319,1,
CCNNC(=O)c1ccc(CN2c3ccccc3C=Cc3ccncc32)cc1,7.154957036264747,6,0.5585586170490939
CCNNC(=O)c1ccc(CN2c3ccccc3C=Cc3ccncc32)cc1F,6.785156151952302,1,
CCNNC(=O)c1ccc(CN2c3ccccc3C=Cc3nc(C)nc(C)c32)cc1,7.327902142064282,1,
CCNNC(=O)c1ccc(CN2c3ccccc3CC(=O)c3ccccc32)cc1,6.978810700930062,1,
CCNNC(=O)c1ccc(CN2c3ccccc3CCc3ccccc32)cc1,6.6020599913279625,1,
CCNNC(=O)c1ccc(CN2c3ccccc3Cc3ccccc32)cc1,6.628932137728263,1,
CCNNC(=O)c1ccc(CN2c3ccccc3Oc3ccccc32)cc1,6.074172425375258,1,
CCNNC(=O)c1ccc(CN2c3ccccc3Sc3ccccc32)cc1,6.756961951313706,1,
CCNNC(=O)c1ccc(CN2c3ccccc3Sc3cccnc32)cc1,7.214670164989233,1,
CCNNC(=O)c1ccc(CNC(=O)Nc2cccc3cccnc23)cc1,7.468521082957745,1,
CCNNC(=O)c1ccc(CNC(=O)[C@H](Cc2c[nH]c3ccccc23)NC(=O)c2ccc(OC)cc2)cc1,6.405607449624574,1,
CCNNC(=O)c1ccc(CNC(=O)c2ccc(NC(=O)CCCCCCC(=O)N[C@H](C(=O)N3C[C@H](O)C[C@H]3C(=O)NCc3ccc(-c4scnc4C)cc3)C(C)(C)C)cc2)cc1,6.630784142589857,1,
CCNNC(=O)c1ccc(CNC(=O)c2ccc(NC(=O)CCCCCCCNc3cc4c(cc3F)C(=O)N(C3CCC(=O)NC3=O)C4=O)cc2)cc1,6.96657624451305,1,
CCNNC(=O)c1ccc(CNC(=O)c2ccc(NC(=O)COCCOCC(=O)N[C@H](C(=O)N3C[C@H](O)C[C@H]3C(=O)NCc3ccc(-c4scnc4C)cc3)C(C)(C)C)cc2)cc1,6.2262135550188065,1,
CCNNC(=O)c1ccc(CNC(=O)c2ccc(NC(=O)COCCOCCNc3cc4c(cc3F)C(=O)N(C3CCC(=O)NC3=O)C4=O)cc2)cc1,6.623423042943488,1,
CCNNC(=O)c1ccc(CNC(=O)c2ccc(OCc3cn(CCCCCC(=O)N[C@H](C(=O)N4C[C@H](O)C[C@H]4C(=O)NCc4ccc(-c5scnc5C)cc4)C(C)(C)C)nn3)cc2)cc1,6.785156151952302,1,
CCNNC(=O)c1ccc(CNC(=O)c2ccc(OCc3cn(CCCCCCNc4cc5c(cc4F)C(=O)N(C4CCC(=O)N(C)C4=O)C5=O)nn3)cc2)cc1,6.410050398674292,1,
CCNNC(=O)c1ccc(CNC(=O)c2ccc(OCc3cn(CCCCCCNc4cc5c(cc4F)C(=O)N(C4CCC(=O)NC4=O)C5=O)nn3)cc2)cc1,6.530177984021837,1,
CCNNC(=O)c1ccc(CNC(=O)c2ccc(OCc3cn(CCOCCC(=O)N[C@H](C(=O)N4C[C@H](O)C[C@H]4C(=O)NCc4ccc(-c5scnc5C)cc4)C(C)(C)C)nn3)cc2)cc1,6.667561540084394,1,
CCNNC(=O)c1ccc(CNC(=O)c2ccc(OCc3cn(CCOCCNc4cc5c(cc4F)C(=O)N(C4CCC(=O)NC4=O)C5=O)nn3)cc2)cc1,6.649751981665837,1,
CCNNC(=O)c1ccc(CNC(=O)c2ccccc2)cc1,7.107905397309519,1,
CCNNC(=O)c1ccc(CNc2cccc3cccnc23)cc1,7.3872161432802645,1,
CCNNC(=O)c1ccc(Cn2c(=O)n(CCc3ccccc3)c(=O)c3ccccc32)cc1,6.838631997765026,1,
CCNNC(=O)c1ccc(Cn2c3c(c4ccccc42)CCCC3)cc1,6.341988603342887,1,
CCNNC(=O)c1ccc(Cn2c3ccccc3c3ccccc32)cc1,6.442492798094342,1,
CCNNC(=O)c1ccc(Cn2c3ccccc3c3cccnc32)cc1,7.431798275933005,1,
CCNNC(=O)c1ccc(Cn2c3ccccc3c3ccncc32)cc1,7.136677139879544,1,
CCNNC(=O)c1ccc(Cn2c3ccccc3c3cnccc32)cc1,6.958607314841775,1,
CCNNC(=O)c1ccc(Cn2ccc3cc(C(=O)c4ccc(OC)cc4)ccc32)cc1,6.347753658996677,1,
CCNNC(=O)c1ccc(Cn2nnnc2-c2cccs2)cc1,7.795880017344075,1,
CCNNC(=O)c1ccc(N2c3ccccc3C=Cc3ccncc32)cc1,5.252588192113577,1,
CCNNC(=O)c1ccc(NC(=O)Nc2cccc3cccnc23)cc1,5.815308569182401,1,
CCN[C@@H](CCCCCC(=O)C1NC=CO1)C1NC=C(C2C=c3ccc(C)nc3=CC2)N1,4.346787486224656,1,
CCNc1ccc(-c2nnn(Cc3ccc(-c4nnc(C(F)F)o4)cc3)n2)cn1,7.42021640338319,1,
CCNc1ccc2cc(-c3nnn(Cc4cc(F)c(-c5nnc(C(F)F)o5)cc4F)n3)ccc2n1,6.376750709602099,1,
CCNc1ccc2cc(-c3nnn(Cc4ccc(-c5nnc(C(F)F)o5)c(F)c4)n3)ccc2n1,6.458420756053419,1,
CCNc1cccc(-c2cn(Cc3c(F)cc(-c4nnc(C(F)F)o4)cc3F)nn2)c1,7.366531544420414,1,
CCNc1cccc(-c2cn(Cc3ccc(-c4nnc(C(F)F)o4)cc3)nn2)c1,7.036212172654444,1,
CCNc1nc(Cl)nc2c1ncn2CCCC(=O)NCc1ccc(C(=O)Nc2ccccc2N)cc1,5.636388020107855,1,
CCNc1nc(Cl)nc2c1ncn2Cc1ccc(C(=O)Nc2ccc(Br)cc2N)cc1,4.985899678480379,1,
CCNc1nc(Cl)nc2c1ncn2Cc1ccc(C(=O)Nc2ccc(C)cc2N)cc1,5.2541448048262716,1,
CCNc1nc(Cl)nc2c1ncn2Cc1ccc(C(=O)Nc2ccc(F)cc2N)cc1,5.238824186844269,1,
CCNc1nc(Cl)nc2c1ncn2Cc1ccc(C(=O)Nc2ccccc2N)cc1,5.142048444867275,2,0.9094916414263085
CCNc1nc2ccc(-c3cn(Cc4ccc(-c5nnc(C(F)F)o5)cc4)nn3)cc2[nH]1,7.585026652029182,1,
CCNc1nc2ccc(-c3cn(Cc4ccc(-c5nnc(C(F)F)o5)cn4)nn3)cc2[nH]1,8.096910013008056,1,
CCNc1ncc2cc(-c3cn(Cc4cc(F)c(-c5nnc(C(F)F)o5)cc4F)nn3)ccc2n1,6.578396073130168,1,
CCNc1ncc2cc(-c3cn(Cc4ccc(-c5nnc(C(F)F)o5)c(F)c4)nn3)ccc2n1,6.0670191780768015,1,
CCOC(=O)C1CNc2c(cc(Cc3cnc(N)nc3N)cc2OC)C1,8.18045606445813,1,
CCOC(=O)CC(=O)CSc1nc(C)cc(=O)[nH]1,5.142667503568731,1,
CCOC(=O)CNC(=O)Cc1ccc(-c2noc(C(F)(F)F)n2)cc1,5.119186407719209,1,
CCOC(=O)N1CC2(CC(=O)c3cc(/C=C/C(=O)NO)ccc3O2)C1,6.543633966870956,1,
CCOC(=O)N1CCC2(CC(=O)c3cc(/C=C/C(=O)NO)ccc3O2)C1,6.823908740944319,1,
CCOC(=O)N1CCCC2(CC(=O)c3cc(/C=C/C(=O)NO)ccc3O2)C1,6.634512015109101,1,
CCOC(=O)N1CCCC2(CC1)CC(=O)c1cc(/C=C/C(=O)NO)ccc1O2,6.522878745280337,1,
CCOC(=O)N1CCN(c2ccc(-c3noc(C(F)(F)F)n3)cn2)C(c2ccccc2)C1,6.853871964321762,1,
CCOC(=O)NCCCC(=O)NCCc1ccccc1,6.009017456599369,3,0.6131353313492232
CCOC(=O)N[C@@H](CCCCNS(N)(=O)=O)C(=O)Nc1nc(-c2ccccc2)cs1,6.698970004336019,1,
CCOC(=O)Nc1cccc(-c2csc(NC(=O)CCCCCC(=O)NO)n2)c1,9.102372908709558,1,
CCOC(=O)SCC(=O)c1ccc(OC)cc1,5.270835210307229,1,
CCOC(=O)c1ccc(C(=O)C(F)(F)F)o1,6.259637310505756,1,
CCOC(=O)c1ccc(C(=O)C(F)(F)F)s1,6.259637310505756,1,
CCOC(=O)c1csc(NC(=O)[C@H](CCCCNS(N)(=O)=O)NC(=O)OCc2ccccc2)n1,6.236572006437063,1,
CCOC(=S)SCC(=O)c1ccc(NC(C)=O)cc1,7.045757490560675,1,
CCOC(=S)SCC(=O)c1ccc(OC)cc1,6.3487219860018556,1,
CCOC(c1ccc(C(=O)N(C)CCCCCCC(=O)NO)cc1)(c1ccccn1)c1ccccn1,6.850191880000793,2,0.7022922413366753
CCOC(c1ccc(C(=O)NCCCCCCC(=O)NO)cc1)(c1ccccn1)c1ccccn1,7.54098483160756,2,0.962886986978523
CCOC(c1ccccc1)(c1ccccc1)c1ccc(C(=O)N(C)CCCCCCC(=O)NO)cc1,6.744968903749742,2,0.9881514561499211
CCOC(c1ccccc1)(c1ccccc1)c1ccc(C(=O)NCCCCCCC(=O)NO)cc1,7.018933765350882,4,1.0012672590816005
CCON1CCC(Nc2ncc(C(=O)NO)cn2)(C(C)C)CC1,8.397940008672037,1,
CCON1CCC(Nc2ncc(C(=O)NO)cn2)(c2ccccc2)CC1,8.537602002101044,1,
CCOP(=O)(OCC)Oc1ccc(N)cc1CN1CCCC1,7.455931955649724,1,
CCOc1cc(/C=C2/C(=O)NCC(=O)N2C)ccc1/C=C/C(=O)NO,8.275724130399212,1,
CCOc1cc(C(=O)Nc2cccc(F)c2)nn1Cc1ccc(C(=O)NO)cc1,8.167491087293763,1,
CCOc1cc(C(=O)Nc2ccccc2)nn1Cc1ccc(C(=O)NO)cc1,8.244125144327509,1,
CCOc1cc(C(=O)Nc2ccccc2F)nn1Cc1ccc(C(=O)NO)cc1,8.113509274827518,1,
CCOc1cc(C(C)(C)C)ccc1C1=NC(c2ccc(Cl)cc2)C(c2ccc(Cl)cc2)N1C(=O)N1CCN(CCCCCCC(=O)NO)CC1,7.7447274948966935,1,
CCOc1cc(Cn2ccc3cc(C(=O)NCC45C[C@H]6C[C@@H](C4)C[C@@H](C5)C6)ccc32)ccc1C(=O)NO,6.356547323513812,1,
CCOc1ccc(-c2ccc(C(=O)NO)cn2)cc1-c1nc2c(CC)nn(C)c2c(=O)[nH]1,7.102372908709558,1,
CCOc1ccc(-c2ccc(C(=O)NO)nc2)cc1-c1nc2c(CC)nn(C)c2c(=O)[nH]1,6.064996848546345,1,
CCOc1ccc(-c2ccc(C(=O)NO)o2)cc1-c1nc2c(CC)nn(C)c2c(=O)[nH]1,5.2541448048262716,1,
CCOc1ccc(-c2nc(C(=O)NCCCCCCC(=O)CSC(C)=O)c3[nH]c(=O)n(-c4ccccc4OC)c3n2)cc1,5.548213564475709,1,
CCOc1ccc(-c2nc(C(=O)NCCCCCCC(=O)NO)c3[nH]c(=O)n(-c4ccccc4OC)c3n2)cc1,6.769551078621726,1,
CCOc1ccc(-c2nc(C(=O)NCCCCCCC(=O)NO)c3[nH]c(=O)n(-c4ccccc4OC)c3n2)cc1S(N)(=O)=O,7.221848749616356,1,
CCOc1ccc(-c2nc(C(=O)NCCCCCCC(=O)NO)c3[nH]c(=O)n(-c4ccccc4OC)c3n2)cn1,7.3979400086720375,1,
CCOc1ccc(-c2nc(C(=O)NCCCCCCC(=O)NO)c3[nH]c(=O)n(-c4cccnc4OC)c3n2)cc1,7.522878745280337,1,
CCOc1ccc(-c2nc(C(=O)NCCCCCCC(=O)NO)c3[nH]c(=O)n(-c4cccnc4OC)c3n2)cn1,8.698970004336019,1,
CCOc1ccc(-c2nc(C(=O)NCCCc3nc(C(=O)NO)cs3)c3[nH]c(=O)n(-c4ccccc4OC)c3n2)cc1,4.847711655616943,1,
CCOc1ccc(-c2nc(C(=O)NCCOCCOCC(=O)NO)c3[nH]c(=O)n(-c4ccccc4OC)c3n2)cc1,4.966576244513051,1,
CCOc1ccc(-c2nc(C(=O)NCc3ccc(C(=O)NO)cc3)c3[nH]c(=O)n(-c4ccccc4OC)c3n2)cc1,6.6020599913279625,1,
CCOc1ccc(-c2nc(C(=O)NCc3ccc(C(=O)NO)cc3)c3[nH]c(=O)n(-c4cccnc4OC)c3n2)cn1,7.678273661756906,2,0.3964516541822154
CCOc1ccc(-c2nc(C(=O)NOCCCCCC(=O)NO)c3[nH]c(=O)n(-c4ccccc4OC)c3n2)cc1,6.886056647693163,1,
CCOc1ccc(C(=O)NO)cc1NC(=O)c1ccc(-c2ccccc2)cc1,6.221848749616356,1,
CCOc1ccc(C(=O)NO)cc1NC(=O)c1ccc(Cl)cc1Cl,5.111259039317107,1,
CCOc1ccc(C(=O)NO)cc1NC(=O)c1ccccc1,5.886056647693163,1,
CCOc1ccc(C(=O)Nc2cc(C(=O)NO)ccc2OC)cc1,6.0,1,
CCOc1ccc(C(C)=O)cc1NC(=O)c1cc(C(=O)NO)ccc1Cl,6.958607314841775,1,
CCOc1ccc(C(C)=O)cc1NC(=O)c1cccc(C(=O)NO)c1,6.920818753952375,1,
CCOc1ccc(C2CC(C(=O)NO)C2)cc1-c1nc2c(CC)nn(C)c2c(=O)[nH]1,6.886056647693163,1,
CCOc1ccc(C2CC2C(=O)NO)cc1-c1nc2c(CC)nn(C)c2c(=O)[nH]1,5.270025714300445,1,
CCOc1ccc(C2CCC(CC(=O)NO)CC2)cc1-c1nc2c(CC)nn(C)c2c(=O)[nH]1,5.289882634888183,1,
CCOc1ccc(CC2CC(C(=O)NO)C2)cc1-c1nc2c(CC)nn(C)c2c(=O)[nH]1,7.040958607678906,1,
CCOc1ccc(CC2CC2C(=O)NO)cc1-c1nc2c(CC)nn(C)c2c(=O)[nH]1,5.71669877129645,1,
CCOc1ccc(CC2CCC(C(=O)NO)C2)cc1-c1nc2c(CC)nn(C)c2c(=O)[nH]1,6.380906669373257,1,
CCOc1ccc(CC2CCC(CC(=O)NO)CC2)cc1-c1nc2c(CC)nn(C)c2c(=O)[nH]1,6.46344155742847,1,
CCOc1ccc(CC2CCN(c3ccc(C(=O)NO)cn3)CC2)cc1-c1nc2c(CC)nn(C)c2c(=O)[nH]1,6.403402904373539,1,
CCOc1ccc(CC2CCN(c3ncc(C(=O)NO)cn3)CC2)cc1-c1nc2c(CC)nn(C)c2c(=O)[nH]1,5.903089986991944,1,
CCOc1ccc(CCC(=O)NO)cc1-c1nc2c(CC)nn(C)c2c(=O)[nH]1,5.673664139071249,1,
CCOc1ccc(CCn2cccc(/C=C/C(=O)NO)c2=O)cc1,7.154901959985743,1,
CCOc1ccc(CN2CCC(C(=O)NO)CC2)cc1-c1nc2c(CC)nn(C)c2c(=O)[nH]1,5.015922966097169,1,
CCOc1ccc(CN2CCN(c3ncc(C(=O)NO)cn3)CC2)cc1-c1nc2c(CC)nn(C)c2c(=O)[nH]1,6.421360790031928,1,
CCOc1ccc(C[C@H]2CC[C@@H](C(=O)NO)CC2)cc1-c1nc2c(CC)nn(C)c2c(=O)[nH]1,7.2441251443275085,1,
CCOc1ccc(C[C@H]2CC[C@H](C(=O)NO)CC2)cc1-c1nc2c(CC)nn(C)c2c(=O)[nH]1,6.288192770958808,1,
CCOc1ccc(C[C@H]2C[C@@H](C(=O)NO)C2)cc1-c1nc2c(CC)nn(C)c2c(=O)[nH]1,6.844663962534938,1,
CCOc1ccc(C[C@H]2C[C@H](C(=O)NO)C2)cc1-c1nc2c(CC)nn(C)c2c(=O)[nH]1,6.899629454882437,1,
CCOc1ccc(Cc2ccc(/C=C/C(=O)NO)cc2)cc1-c1nc2c(CC)nn(C)c2c(=O)[nH]1,5.747146969020107,1,
CCOc1ccc(Cc2ccc(CCC(=O)NO)cc2)cc1-c1nc2c(CC)nn(C)c2c(=O)[nH]1,5.628932137728263,1,
CCOc1ccc(NC(=O)[C@@H](NC(=O)c2ccc(C(=O)NO)cc2)c2c[nH]c3ccccc23)cc1,6.474955192963154,1,
CCOc1ccc(OC2CCC(C(=O)NO)CC2)cc1-c1nc2c(CC)nn(C)c2c(=O)[nH]1,5.632644078973981,1,
CCOc1ccc(OC2CCN(c3ncc(C(=O)NO)cn3)CC2)cc1-c1nc2c(CC)nn(C)c2c(=O)[nH]1,6.428291168191312,1,
CCOc1ccc(Oc2ccc(C(=O)NO)cc2)cc1-c1nc2c(CC)nn(C)c2c(=O)[nH]1,6.707743928643524,1,
CCOc1cccc(-c2ccc3c(NC(=O)c4ccc(C(=O)NO)cc4)n[nH]c3c2)c1,7.468521082957745,1,
CCOc1cccc(CCn2cccc(/C=C/C(=O)NO)c2=O)c1,6.920818753952375,1,
CCOc1ccccc1C(=O)NC(=O)NC1CC2CCC(C1)N2C,8.2839966563652,1,
CCOc1ccccc1CCCn1cccc(/C=C/C(=O)NO)c1=O,7.301029995663981,1,
CCOc1ccccc1CCn1cccc(/C=C/C(=O)NO)c1=O,6.494850021680094,1,
CCOc1cncc(N(Cc2ncc(-c3nnc(C(F)F)o3)s2)S(=O)(=O)CC)c1,7.853871964321762,3,0.0
CCS(=O)(=O)N(C)CC(Nc1ncc(-c2nnc(C(F)F)o2)cn1)c1ccc(F)cc1F,7.236572006437063,1,
CCS(=O)(=O)N(C)CC(Nc1ncc(-c2nnc(C(F)F)o2)cn1)c1ccc(OC(F)(F)F)cc1,7.119186407719209,1,
CCS(=O)(=O)N(C)CC(Nc1ncc(-c2nnc(C(F)F)o2)cn1)c1ccc(OC(F)F)cc1F,7.721246399047171,1,
CCS(=O)(=O)N(CC(Nc1ncc(-c2nnc(C(F)F)o2)cn1)c1ccc(F)cc1F)CC(F)(F)F,6.886056647693163,1,
CCS(=O)(=O)N(CC(Nc1ncc(-c2nnc(C(F)F)o2)cn1)c1ccc(OC(F)(F)F)cc1)CC(F)(F)F,6.356547323513812,1,
CCS(=O)(=O)N(CC(Nc1ncc(-c2nnc(C(F)F)o2)cn1)c1ccc(OC(F)F)cc1F)CC(F)(F)F,6.698970004336019,1,
CCS(=O)(=O)N(C[C@@H](Nc1ncc(-c2nnc(C(F)F)o2)cn1)c1ccc(F)cc1)CC(F)(F)F,6.958607314841775,1,
CCS(=O)(=O)N(C[C@H](Nc1ncc(-c2nnc(C(F)F)o2)cn1)c1ccc(F)cc1)CC(F)(F)F,6.638272163982407,1,
CCS(=O)(=O)N(Cc1cc(-c2nnc(C(F)F)o2)no1)c1cccc(Cl)c1,7.920818753952375,1,
CCS(=O)(=O)N(Cc1cc(-c2nnc(C(F)F)o2)no1)c1cccnc1,7.086186147616283,1,
CCS(=O)(=O)N(Cc1cc(-c2nnc(C(F)F)o2)on1)c1cccc(Cl)c1,7.431798275933005,1,
CCS(=O)(=O)N(Cc1ccc(-c2noc(C(F)(F)F)n2)cc1)c1cccc(C(F)(F)F)c1,7.275724130399211,1,
CCS(=O)(=O)N(Cc1ccc(F)cn1)Cc1ncc(-c2nnc(C(F)F)o2)s1,5.460923901207224,3,0.0
CCS(=O)(=O)N(Cc1ccccn1)Cc1ncc(-c2nnc(C(F)F)o2)s1,5.595166283380062,3,0.0
CCS(=O)(=O)N(Cc1cccnc1)Cc1ncc(-c2nnc(C(F)F)o2)s1,5.361510743045362,3,0.0
CCS(=O)(=O)N(Cc1cnc(-c2nnc(C(F)F)o2)s1)c1cccc(Cl)c1,7.050609993355086,3,0.0
CCS(=O)(=O)N(Cc1cnc(-c2nnc(C(F)F)o2)s1)c1cccnc1,6.47755576649368,3,0.0
CCS(=O)(=O)N(Cc1cnc(-c2nnc(C(F)F)o2)s1)c1cncc(Cl)c1,6.927562800973106,4,0.020696342579112605
CCS(=O)(=O)N(Cc1cnc(-c2nnc(C(F)F)o2)s1)c1cncc(F)c1,7.060480747381381,3,0.0
CCS(=O)(=O)N(Cc1cnc(-c2nnc(C(F)F)o2)s1)c1cncc(OC(F)F)c1,6.636388020107855,2,0.0
CCS(=O)(=O)N(Cc1nc(-c2nnc(C(F)F)o2)cs1)c1cccc(Cl)c1,6.2335871528876,3,0.0
CCS(=O)(=O)N(Cc1ncc(-c2nnc(C(C)F)o2)s1)c1ccc2cnn(C)c2c1,7.853871964321762,1,
CCS(=O)(=O)N(Cc1ncc(-c2nnc(C(F)(F)F)o2)s1)c1cccc(F)c1,7.075720713938118,3,0.0
CCS(=O)(=O)N(Cc1ncc(-c2nnc(C(F)(F)F)o2)s1)c1ccccc1,7.6020599913279625,3,0.0
CCS(=O)(=O)N(Cc1ncc(-c2nnc(C(F)(F)F)o2)s1)c1cccnc1,7.376750709602099,3,0.0
CCS(=O)(=O)N(Cc1ncc(-c2nnc(C(F)(F)F)o2)s1)c1cnc[nH]1,6.490797477668897,1,
CCS(=O)(=O)N(Cc1ncc(-c2nnc(C(F)(F)F)o2)s1)c1cncc(C#N)c1,6.889410289700751,3,0.0
CCS(=O)(=O)N(Cc1ncc(-c2nnc(C(F)(F)F)o2)s1)c1cncc(Cl)c1,7.619788758288394,3,0.0
CCS(=O)(=O)N(Cc1ncc(-c2nnc(C(F)(F)F)o2)s1)c1cncc(F)c1,7.657577319177793,3,0.0
CCS(=O)(=O)N(Cc1ncc(-c2nnc(C(F)(F)F)o2)s1)c1cnccn1,7.552841968657781,3,0.0
CCS(=O)(=O)N(Cc1ncc(-c2nnc(C(F)(F)F)o2)s1)c1cnn(CCOC(F)(F)F)c1,6.872895201635192,1,
CCS(=O)(=O)N(Cc1ncc(-c2nnc(C(F)F)o2)s1)C1(c2ccccc2)CC1,5.3829996588791005,3,0.0
CCS(=O)(=O)N(Cc1ncc(-c2nnc(C(F)F)o2)s1)C1CC1,5.910094888560603,3,0.0
CCS(=O)(=O)N(Cc1ncc(-c2nnc(C(F)F)o2)s1)c1cc(C)cc(C)n1,7.1487416512809245,3,0.0
CCS(=O)(=O)N(Cc1ncc(-c2nnc(C(F)F)o2)s1)c1cc(C)ccn1,7.275724130399211,3,0.0
CCS(=O)(=O)N(Cc1ncc(-c2nnc(C(F)F)o2)s1)c1cc(C)n(C)n1,6.931814138253838,3,0.0
CCS(=O)(=O)N(Cc1ncc(-c2nnc(C(F)F)o2)s1)c1cc2n(n1)CCOC2,7.036212172654444,2,0.0
CCS(=O)(=O)N(Cc1ncc(-c2nnc(C(F)F)o2)s1)c1ccc(-n2cccn2)cc1,8.0,3,0.0
CCS(=O)(=O)N(Cc1ncc(-c2nnc(C(F)F)o2)s1)c1ccc(-n2ccnc2)cc1,8.096910013008056,3,0.0
CCS(=O)(=O)N(Cc1ncc(-c2nnc(C(F)F)o2)s1)c1ccc(=O)n(C)c1,6.386158178123931,3,0.0
CCS(=O)(=O)N(Cc1ncc(-c2nnc(C(F)F)o2)s1)c1ccc(C#N)cn1,7.431798275933005,3,0.0
CCS(=O)(=O)N(Cc1ncc(-c2nnc(C(F)F)o2)s1)c1ccc(C#N)nc1,7.5376020021010435,3,0.0
CCS(=O)(=O)N(Cc1ncc(-c2nnc(C(F)F)o2)s1)c1ccc(C(=O)OC(C)(C)C)cc1,6.995678626217358,3,0.0
CCS(=O)(=O)N(Cc1ncc(-c2nnc(C(F)F)o2)s1)c1ccc(C(C)(C)C#N)nc1,6.498940737782249,3,0.0
CCS(=O)(=O)N(Cc1ncc(-c2nnc(C(F)F)o2)s1)c1ccc(C(C)(C)O)cn1,6.863279432843593,3,0.0
CCS(=O)(=O)N(Cc1ncc(-c2nnc(C(F)F)o2)s1)c1ccc(C(C)(C)O)nc1,6.318758762624412,3,0.0
CCS(=O)(=O)N(Cc1ncc(-c2nnc(C(F)F)o2)s1)c1ccc(C(C)(F)F)nc1,7.292429823902064,3,0.0
CCS(=O)(=O)N(Cc1ncc(-c2nnc(C(F)F)o2)s1)c1ccc(C(C)C)nc1,7.136677139879544,3,0.0
CCS(=O)(=O)N(Cc1ncc(-c2nnc(C(F)F)o2)s1)c1ccc(C(F)(F)F)nc1,7.229147988357855,3,0.0
CCS(=O)(=O)N(Cc1ncc(-c2nnc(C(F)F)o2)s1)c1ccc(C(F)F)nc1,7.187086643357144,3,0.0
CCS(=O)(=O)N(Cc1ncc(-c2nnc(C(F)F)o2)s1)c1ccc(C)cn1,7.366531544420414,2,0.0
CCS(=O)(=O)N(Cc1ncc(-c2nnc(C(F)F)o2)s1)c1ccc(C)nc1,7.1941407410147615,4,0.11492720227043485
CCS(=O)(=O)N(Cc1ncc(-c2nnc(C(F)F)o2)s1)c1ccc(C2CC2)nc1,7.795880017344075,3,0.0
CCS(=O)(=O)N(Cc1ncc(-c2nnc(C(F)F)o2)s1)c1ccc(COC)nc1,7.292429823902064,3,0.0
CCS(=O)(=O)N(Cc1ncc(-c2nnc(C(F)F)o2)s1)c1ccc(Cl)cn1,7.494850021680094,3,0.0
CCS(=O)(=O)N(Cc1ncc(-c2nnc(C(F)F)o2)s1)c1ccc(Cl)nc1,7.494850021680094,1,
CCS(=O)(=O)N(Cc1ncc(-c2nnc(C(F)F)o2)s1)c1ccc(F)c(Cl)c1,7.853871964321762,3,0.0
CCS(=O)(=O)N(Cc1ncc(-c2nnc(C(F)F)o2)s1)c1ccc(F)c(F)c1,7.795880017344075,3,0.0
CCS(=O)(=O)N(Cc1ncc(-c2nnc(C(F)F)o2)s1)c1ccc(F)cn1,7.585026652029182,3,0.0
CCS(=O)(=O)N(Cc1ncc(-c2nnc(C(F)F)o2)s1)c1ccc(F)nc1,7.958607314841775,3,0.0
CCS(=O)(=O)N(Cc1ncc(-c2nnc(C(F)F)o2)s1)c1ccc(N2CCN(C)CC2)nc1,6.844663962534938,3,0.0
CCS(=O)(=O)N(Cc1ncc(-c2nnc(C(F)F)o2)s1)c1ccc(N2CCOCC2)nc1,6.3798639450262415,3,0.0
CCS(=O)(=O)N(Cc1ncc(-c2nnc(C(F)F)o2)s1)c1ccc(OC(F)F)nc1,7.301029995663981,3,0.0
CCS(=O)(=O)N(Cc1ncc(-c2nnc(C(F)F)o2)s1)c1ccc2cnn(C)c2c1,7.853871964321762,2,0.0
CCS(=O)(=O)N(Cc1ncc(-c2nnc(C(F)F)o2)s1)c1cccc(C(=O)OC)c1,7.508638306165726,3,0.0
CCS(=O)(=O)N(Cc1ncc(-c2nnc(C(F)F)o2)s1)c1cccc(C(F)(F)F)n1,7.552841968657781,3,0.0
CCS(=O)(=O)N(Cc1ncc(-c2nnc(C(F)F)o2)s1)c1cccc(C(F)F)n1,7.6777807052660805,3,0.0
CCS(=O)(=O)N(Cc1ncc(-c2nnc(C(F)F)o2)s1)c1cccc(C)n1,7.229147988357855,2,0.0
CCS(=O)(=O)N(Cc1ncc(-c2nnc(C(F)F)o2)s1)c1cccc(Cl)c1,8.356547323513812,3,0.0
CCS(=O)(=O)N(Cc1ncc(-c2nnc(C(F)F)o2)s1)c1ccccc1,7.585026652029182,3,0.0
CCS(=O)(=O)N(Cc1ncc(-c2nnc(C(F)F)o2)s1)c1cccnc1,7.5376020021010435,3,0.0
CCS(=O)(=O)N(Cc1ncc(-c2nnc(C(F)F)o2)s1)c1ccnc(C(F)(F)F)c1,7.161150909262744,3,0.0
CCS(=O)(=O)N(Cc1ncc(-c2nnc(C(F)F)o2)s1)c1ccnc(C2CC2)c1,7.4089353929735005,3,0.0
CCS(=O)(=O)N(Cc1ncc(-c2nnc(C(F)F)o2)s1)c1ccnnc1,7.013228265733755,3,0.0
CCS(=O)(=O)N(Cc1ncc(-c2nnc(C(F)F)o2)s1)c1cnc(C(F)(F)F)nc1,6.809668301829707,3,0.0
CCS(=O)(=O)N(Cc1ncc(-c2nnc(C(F)F)o2)s1)c1cnc[nH]1,6.490797477668897,2,0.0
CCS(=O)(=O)N(Cc1ncc(-c2nnc(C(F)F)o2)s1)c1cncc(C#N)c1,7.657577319177793,3,0.0
CCS(=O)(=O)N(Cc1ncc(-c2nnc(C(F)F)o2)s1)c1cncc(C(C)(C)F)c1,7.494850021680094,3,0.0
CCS(=O)(=O)N(Cc1ncc(-c2nnc(C(F)F)o2)s1)c1cncc(C(C)(F)F)c1,8.0,3,0.0
CCS(=O)(=O)N(Cc1ncc(-c2nnc(C(F)F)o2)s1)c1cncc(C(C)F)c1,7.920818753952375,3,0.0
CCS(=O)(=O)N(Cc1ncc(-c2nnc(C(F)F)o2)s1)c1cncc(C(F)(F)F)c1,7.522878745280337,3,0.0
CCS(=O)(=O)N(Cc1ncc(-c2nnc(C(F)F)o2)s1)c1cncc(C(F)F)c1,7.154901959985743,3,0.0
CCS(=O)(=O)N(Cc1ncc(-c2nnc(C(F)F)o2)s1)c1cncc(C)c1,7.886056647693163,3,0.0
CCS(=O)(=O)N(Cc1ncc(-c2nnc(C(F)F)o2)s1)c1cncc(C)n1,7.0,3,0.0
CCS(=O)(=O)N(Cc1ncc(-c2nnc(C(F)F)o2)s1)c1cncc(C2CC2)c1,7.6020599913279625,3,0.0
CCS(=O)(=O)N(Cc1ncc(-c2nnc(C(F)F)o2)s1)c1cncc(CCOC)c1,6.002613615602687,3,0.0
CCS(=O)(=O)N(Cc1ncc(-c2nnc(C(F)F)o2)s1)c1cncc(Cl)c1,7.721246399047171,3,0.0
CCS(=O)(=O)N(Cc1ncc(-c2nnc(C(F)F)o2)s1)c1cncc(F)c1,7.721246399047171,3,0.0
CCS(=O)(=O)N(Cc1ncc(-c2nnc(C(F)F)o2)s1)c1cncc(OC(C)C)c1,7.366531544420414,3,0.0
CCS(=O)(=O)N(Cc1ncc(-c2nnc(C(F)F)o2)s1)c1cncc(OC(F)(F)F)c1,7.356547323513812,3,0.0
CCS(=O)(=O)N(Cc1ncc(-c2nnc(C(F)F)o2)s1)c1cncc(OC(F)F)c1,7.659097005026964,4,0.6818059899460723
CCS(=O)(=O)N(Cc1ncc(-c2nnc(C(F)F)o2)s1)c1cncc(OC)c1,7.721246399047171,3,0.0
CCS(=O)(=O)N(Cc1ncc(-c2nnc(C(F)F)o2)s1)c1cncc(OCC(C)(F)F)c1,8.22112552799726,3,0.0
CCS(=O)(=O)N(Cc1ncc(-c2nnc(C(F)F)o2)s1)c1cncc(OCC(F)F)c1,8.015922966097168,3,0.0
CCS(=O)(=O)N(Cc1ncc(-c2nnc(C(F)F)o2)s1)c1cncc([C@@H](C)F)c1,7.568636235841012,3,0.0
CCS(=O)(=O)N(Cc1ncc(-c2nnc(C(F)F)o2)s1)c1cncc([C@H](C)F)c1,7.853871964321762,3,0.0
CCS(=O)(=O)N(Cc1ncc(-c2nnc(C(F)F)o2)s1)c1cnccn1,7.638272163982407,3,0.0
CCS(=O)(=O)N(Cc1ncc(-c2nnc(C(F)F)o2)s1)c1cncnc1,7.301029995663981,3,0.0
CCS(=O)(=O)N(Cc1ncc(-c2nnc(C(F)F)o2)s1)c1cnn(C(C)(C)C#N)c1,6.917214629683549,3,0.0
CCS(=O)(=O)N(Cc1ncc(-c2nnc(C(F)F)o2)s1)c1cnn(C(C)C)c1,7.366531544420414,3,0.0
CCS(=O)(=O)N(Cc1ncc(-c2nnc(C(F)F)o2)s1)c1cnn(C(F)F)c1,6.581698708680254,3,0.0
CCS(=O)(=O)N(Cc1ncc(-c2nnc(C(F)F)o2)s1)c1cnn(C)c1,7.657577319177793,3,0.0
CCS(=O)(=O)N(Cc1ncc(-c2nnc(C(F)F)o2)s1)c1cnn(C)c1C,6.991399828238083,3,0.0
CCS(=O)(=O)N(Cc1ncc(-c2nnc(C(F)F)o2)s1)c1cnn(C2CC2)c1,7.154901959985743,3,0.0
CCS(=O)(=O)N(Cc1ncc(-c2nnc(C(F)F)o2)s1)c1cnn(CC2CC2)c1,7.113509274827518,3,0.0
CCS(=O)(=O)N(Cc1ncc(-c2nnc(C(F)F)o2)s1)c1cnn(CCOC(F)(F)F)c1,6.872895201635192,3,0.0
CCS(=O)(=O)N(Cc1ncc(-c2nnc(C(F)F)o2)s1)c1cnn(CCOC)c1,6.872895201635192,3,0.0
CCS(=O)(=O)N(Cc1ncc(-c2nnc(C(F)F)o2)s1)c1nc(C)cc(C)n1,7.7447274948966935,3,0.0
CCS(=O)(=O)N(Cc1ncc(-c2nnc(C(F)F)o2)s1)c1nc2cc(F)ccc2o1,6.982966660701219,3,0.0
CCS(=O)(=O)N(Cc1ncc(-c2nnc(C(F)F)o2)s1)c1nc2ccc(F)cc2o1,6.9065783148377635,3,0.0
CCS(=O)(=O)N(Cc1ncc(-c2nnc(C(F)F)o2)s1)c1ncc(F)cn1,6.935542010773081,3,0.0
CCS(=O)(=O)N(Cc1ncc(C(=N)OC(=N)C(F)F)s1)c1cc2n(n1)CCOC2,7.036212172654444,1,
CCS(=O)(=O)N1CCN(Cc2ccc(-c3cn(Cc4c(F)cc(-c5nnc(C(F)F)o5)cc4F)nn3)cc2)CC1,7.0915149811213505,1,
CCS(=O)(=O)NCC(Nc1ncc(-c2nnc(C(F)F)o2)cn1)c1ccc(F)cc1,7.568636235841012,1,
CCS(=O)(=O)NCC(Nc1ncc(-c2nnc(C(F)F)o2)cn1)c1ccc(OC(F)(F)F)cc1,7.301029995663981,1,
CCS(=O)(=O)NCC(Nc1ncc(-c2nnc(C(F)F)o2)cn1)c1ccc(OC(F)F)cc1F,7.7447274948966935,1,
CCS(=O)(=O)NC[C@H](Nc1ncc(-c2nnc(C(F)F)o2)cn1)c1ccc(F)cc1F,7.481486060122112,1,
CCSC(=S)SCC(=O)c1ccc(-c2ccc(CNc3cnc4ccccc4c3)cn2)s1,6.3585258894959,1,
CCSC(=S)SCC(=O)c1ccc(-c2ccc(N)cn2)s1,7.366531544420414,1,
CCSC(=S)SCC(=O)c1ccc(C(=O)NCCOc2ccccc2)cc1,6.316052869248487,1,
CCSC(=S)SCC(=O)c1ccc(C(=O)NCc2cc(C)cc(C)c2)s1,6.402304814074488,1,
CCSC(=S)SCC(=O)c1ccc(C(=O)NCc2ccccc2)cc1,6.080921907623926,1,
CCSC(=S)SCC(=O)c1ccc(C(=O)NCc2ccccc2)s1,7.356547323513812,1,
CCSC(=S)SCC(=O)c1ccc(C(=O)N[C@@H](C)c2ccccc2)s1,6.8696662315049934,1,
CCSC(=S)SCC(=O)c1ccc(C(=O)Nc2ccc(Cl)cc2)cc1,5.838631997765026,1,
CCSC(=S)SCC(=O)c1ccc(C(=O)Nc2ccccc2)cc1,6.283162276700475,1,
CCSC(=S)SCC(=O)c1ccc(C(=O)Nc2ccccc2)s1,6.610833915635467,1,
CCSC(=S)SCC(=O)c1ccc(C)cc1,5.903089986991944,1,
CCSC(=S)SCC(=O)c1ccc(CC(=O)NCCOc2ccccc2)s1,6.690369832574101,1,
CCSC(=S)SCC(=O)c1ccc(CC(=O)NCc2ccc(OC)cc2)s1,6.756961951313706,1,
CCSC(=S)SCC(=O)c1ccc(CC(=O)NCc2ccccc2)s1,6.6020599913279625,1,
CCSC(=S)SCC(=O)c1ccc(CC(=O)Nc2ccc(OC)cc2)s1,6.935542010773082,1,
CCSC(=S)SCC(=O)c1ccc(CCNC(C)=O)cc1,6.991399828238082,1,
CCSC(=S)SCC(=O)c1ccc(CN(C)C(C)=O)cc1,6.59176003468815,1,
CCSC(=S)SCC(=O)c1ccc(CNC(=O)c2ccccc2)cc1,6.521433504406156,1,
CCSC(=S)SCC(=O)c1ccc(CNC(C)=O)cc1,6.460923901207224,1,
CCSC(=S)SCC(=O)c1ccc(NC(=O)Nc2ccccc2)cc1,6.217527375833714,1,
CCSC(=S)SCC(=O)c1ccc(NC(=O)c2ccccc2)cc1,6.756961951313706,1,
CCSC(=S)SCC(=O)c1ccc(NC(=O)c2cccnc2)cc1,6.375717904164332,1,
CCSC(=S)SCC(=O)c1ccc(NC(=O)c2cnc3ccccc3c2)cc1,6.924453038607469,1,
CCSC(=S)SCC(=O)c1ccc(NC(C)=O)cc1,6.7447274948966935,1,
CCSC(=S)SCC(=O)c1ccc(NS(=O)(=O)c2ccc(Cl)cc2)cc1,6.009217308196862,1,
CCSC(=S)SCC(=O)c1ccc(NS(=O)(=O)c2ccccc2)cc1,6.417936637088291,1,
CCSC(=S)SCC(=O)c1ccc(NS(C)(=O)=O)cc1,5.962573502059376,1,
CCSC(=S)SCC(=O)c1ccc(Nc2ncnc3ccccc23)cc1,6.4089353929735005,1,
CCSC(=S)SCC(=O)c1ccc(OC)cc1,5.913640169325252,1,
CCSC(=S)SCC(=O)c1ccc(S(=O)(=O)Nc2ccc(Cl)cc2)cc1,6.468521082957745,1,
CCSC(=S)SCC(=O)c1ccc(S(=O)(=O)Nc2ccc(OC)cc2)cc1,6.610833915635467,1,
CCSC(=S)SCC(=O)c1cccc(C(=O)NCCOc2ccccc2)c1,6.703334809738469,1,
CCSC(=S)SCC(=O)c1cccc(C(=O)NCc2ccccc2)c1,6.709965388637482,1,
CCSC(=S)SCC(=O)c1cccc(C(=O)Nc2ccccc2)c1,6.286509456906058,1,
CCSC(=S)SCC(=O)c1cccc(CNC(C)=O)c1,6.088309841246138,1,
CCSC(=S)SCC(=O)c1cccc(NC(=O)c2ccccc2)c1,7.187086643357144,1,
CCSC(=S)SCC(=O)c1cccc(NC(=O)c2cccnc2)c1,7.42021640338319,1,
CCSC(=S)SCC(=O)c1cccc(NC(=O)c2cnc3ccccc3c2)c1,7.050609993355087,1,
CCSC(=S)SCC(=O)c1cccc(NC(C)=O)c1,6.482804102050025,1,
CCSC(=S)SCC(=O)c1cccc(NS(=O)(=O)c2ccc(Cl)cc2)c1,5.903089986991944,1,
CCSC(=S)SCC(=O)c1cccc(NS(=O)(=O)c2ccccc2)c1,6.982966660701219,1,
CCSC(=S)SCC(=O)c1cccc(S(=O)(=O)N(C)c2ccc(OC)cc2)c1,5.690369832574101,1,
CCSC(=S)SCC(=O)c1cccc(S(=O)(=O)Nc2ccc(OC)cc2)c1,6.284832642151542,1,
CCSC(=S)SCC(=O)c1cccc(S(=O)(=O)Nc2ccc3c(c2)OCO3)c1,6.3655227298392685,1,
CCSC(=S)SCC(=O)c1cccc(S(=O)(=O)Nc2cccc(C(N)=O)c2)c1,6.7423214251308154,1,
CCSc1ccc2c(c1)N(Cc1ccc(C(=O)NO)cc1)c1ccccc1S2,7.508638306165727,1,
CC[C@@H](C(=O)Nc1ccc(C(=O)NO)cc1)c1ccccc1,7.167491087293763,1,
CC[C@@H](C)S(=O)(=O)N(Cc1ncc(-c2nnc(C(F)F)o2)s1)c1cccnc1,7.853871964321762,3,0.0
CC[C@@H](C)[C@@H]1N=C(c2ccccc2)c2ccccc2N(CCCCC(=O)NO)C1=O,5.425968732272281,1,
CC[C@@H](C)[C@@H]1NC(=O)[C@@H](Cc2ccc(OC)cc2)NC(=O)[C@H](CCCCCC(=O)NO)NC(=O)[C@H]2CCCN2C1=O,8.481486060122112,1,
CC[C@@H](C)n1cc(C)c2c(C(=O)NCc3c(C)cc(C)[nH]c3=O)cc(-c3ccc(N4CCN(CCCCCCCCC(=O)NO)CC4)nc3)cc21,5.55129368009492,1,
CC[C@@H](Nc1ncc(-c2noc(C(F)(F)F)n2)cn1)c1ccccc1,6.853871964321762,1,
CC[C@@H](Nc1ncc(C(=O)NO)cc1F)c1ccccc1,8.742321425130816,2,0.0
CC[C@@H]1OC(=O)[C@@H](C)[C@H](O[C@@H]2C[C@](C)(OC)[C@@](O)(CN(C)C)[C@@H](C)O2)[C@H](C)[C@H](O[C@@H]2O[C@H](C)C[C@H](N(C)Cc3ccc(-c4cn(CCCCCC(=O)NO)nn4)cc3)[C@H]2O)[C@@](C)(OC)C[C@H](C)C(=O)[C@@H](C)[C@@H](O)[C@@]1(C)O,7.481486060122112,1,
CC[C@@H]1OC(=O)[C@@H](C)[C@H](O[C@@H]2C[C@](C)(OC)[C@@](O)(CN(C)C)[C@@H](C)O2)[C@H](C)[C@H](O[C@@H]2O[C@H](C)C[C@H](N(C)Cc3ccc(-c4cn(CCCCCCC(=O)NO)nn4)cc3)[C@H]2O)[C@@](C)(OC)C[C@H](C)C(=O)[C@@H](C)[C@@H](O)[C@@]1(C)O,7.508638306165727,1,
CC[C@@H]1OC(=O)[C@@H](C)[C@H](O[C@H]2C[C@@](C)(OC)[C@@H](O)[C@H](C)O2)[C@@H](C)[C@H](O[C@H]2O[C@@H](C)C[C@@H](N(C)C)[C@@H]2O)[C@](C)(O)C[C@H](C)CN(Cc2ccc(-c3cn(CCCCC(=O)NO)nn3)cc2)[C@H](C)[C@H](O)[C@@]1(C)O,7.6020599913279625,1,
CC[C@@H]1OC(=O)[C@@H](C)[C@H](O[C@H]2C[C@@](C)(OC)[C@@H](O)[C@H](C)O2)[C@@H](C)[C@H](O[C@H]2O[C@@H](C)C[C@@H](N(C)C)[C@@H]2O)[C@](C)(O)C[C@H](C)CN(Cc2ccc(-c3cn(CCCCCCC(=O)NO)nn3)cc2)[C@H](C)[C@H](O)[C@@]1(C)O,8.327902142064282,1,
CC[C@@H]1OC(=O)[C@@H](C)[C@H](O[C@H]2C[C@@](C)(OC)[C@@H](O)[C@H](C)O2)[C@H](C)[C@H](O[C@@H]2O[C@H](C)C[C@H](N(C)Cc3ccc(-c4cn(CCC(=O)NO)nn4)cc3)[C@H]2O)[C@@](C)(OC)C[C@H](C)C(=O)[C@@H](C)[C@@H](O)[C@@]1(C)O,6.036684488613888,1,
CC[C@@H]1OC(=O)[C@@H](C)[C@H](O[C@H]2C[C@@](C)(OC)[C@@H](O)[C@H](C)O2)[C@H](C)[C@H](O[C@@H]2O[C@H](C)C[C@H](N(C)Cc3ccc(-c4cn(CCCCC(=O)NO)nn4)cc3)[C@H]2O)[C@@](C)(OC)C[C@H](C)C(=O)[C@@H](C)[C@@H](O)[C@@]1(C)O,6.920818753952375,1,
CC[C@@H]1OC(=O)[C@@H](C)[C@H](O[C@H]2C[C@@](C)(OC)[C@@H](O)[C@H](C)O2)[C@H](C)[C@H](O[C@@H]2O[C@H](C)C[C@H](N(C)Cc3ccc(-c4cn(CCCCCCC(=O)NO)nn4)cc3)[C@H]2O)[C@@](C)(OC)C[C@H](C)C(=O)[C@@H](C)[C@@H](O)[C@@]1(C)O,8.173925197299173,1,
CC[C@@H]1OC(=O)[C@@H](C)[C@H](O[C@H]2C[C@@](C)(OC)[C@](O)(CN(C)Cc3ccc(-c4cn(CC(=O)NO)nn4)cc3)[C@H](C)O2)[C@H](C)[C@H](O[C@@H]2O[C@H](C)C[C@H](N(C)C)[C@H]2O)[C@@](C)(OC)C[C@H](C)C(=O)[C@@H](C)[C@@H](O)[C@@]1(C)O,5.2716462179787715,1,
CC[C@@H]1OC(=O)[C@@H](C)[C@H](O[C@H]2C[C@@](C)(OC)[C@](O)(CN(C)Cc3ccc(-c4cn(CCC(=O)NO)nn4)cc3)[C@H](C)O2)[C@H](C)[C@H](O[C@@H]2O[C@H](C)C[C@H](N(C)C)[C@H]2O)[C@@](C)(OC)C[C@H](C)C(=O)[C@@H](C)[C@@H](O)[C@@]1(C)O,5.448550002027124,1,
CC[C@@H]1OC(=O)[C@@H](C)[C@H](O[C@H]2C[C@@](C)(OC)[C@](O)(CN(C)Cc3ccc(-c4cn(CCCCC(=O)NO)nn4)cc3)[C@H](C)O2)[C@H](C)[C@H](O[C@@H]2O[C@H](C)C[C@H](N(C)C)[C@H]2O)[C@@](C)(OC)C[C@H](C)C(=O)[C@@H](C)[C@@H](O)[C@@]1(C)O,6.570247719997592,1,
CC[C@@H]1OC(=O)[C@@H](C)[C@H](O[C@H]2C[C@@](C)(OC)[C@](O)(CN(C)Cc3ccc(-c4cn(CCCCCCC(=O)NO)nn4)cc3)[C@H](C)O2)[C@H](C)[C@H](O[C@@H]2O[C@H](C)C[C@H](N(C)C)[C@H]2O)[C@@](C)(OC)C[C@H](C)C(=O)[C@@H](C)[C@@H](O)[C@@]1(C)O,8.537602002101044,1,
CC[C@@H]1OC(=O)[C@H](C)[C@@H](O[C@@H]2C[C@](C)(OC)[C@@](O)(CN(C)Cc3ccc(-c4cn(CCCC(=O)NO)nn4)cc3)[C@@H](C)O2)[C@@H](C)[C@@H](O[C@@H]2O[C@H](C)C[C@H](N(C)C)[C@H]2O)[C@](C)(O)C[C@@H](C)CN(C)[C@H](C)[C@@H](O)[C@]1(C)O,6.7423214251308154,1,
CC[C@@H]1OC(=O)[C@H](C)[C@@H](O[C@@H]2C[C@](C)(OC)[C@@](O)(CN(C)Cc3ccc(-c4cn(CCCCCC(=O)NO)nn4)cc3)[C@@H](C)O2)[C@@H](C)[C@@H](O[C@@H]2O[C@H](C)C[C@H](N(C)C)[C@H]2O)[C@](C)(O)C[C@@H](C)CN(C)[C@H](C)[C@@H](O)[C@]1(C)O,7.494850021680094,1,
CC[C@@H]1OC(=O)[C@H](C)[C@@H](O[C@@H]2C[C@](C)(OC)[C@H](O)[C@@H](C)O2)[C@@H](C)[C@@H](O[C@@H]2O[C@H](C)C[C@H](N(C)Cc3ccc(-c4cn(CCCCC(=O)NO)nn4)cc3)[C@H]2O)[C@](C)(O)C[C@@H](C)CN(C)[C@H](C)[C@@H](O)[C@]1(C)O,6.838631997765026,1,
CC[C@@H]1OC(=O)[C@H](C)[C@@H](O[C@@H]2C[C@](C)(OC)[C@H](O)[C@@H](C)O2)[C@@H](C)[C@@H](O[C@@H]2O[C@H](C)C[C@H](N(C)Cc3cccc(-c4cn(CCCCCC(=O)NO)nn4)c3)[C@H]2O)[C@](C)(O)C[C@@H](C)CN(C)[C@H](C)[C@@H](O)[C@]1(C)O,7.356547323513812,1,
CC[C@@H]1OC(=O)[C@H](C)[C@@H](O[C@@H]2C[C@](C)(OC)[C@H](O)[C@@H](C)O2)[C@@H](C)[C@@H](O[C@@H]2O[C@H](C)C[C@H](N(C)Cc3cccc(-c4cn(CCCCCCC(=O)NO)nn4)c3)[C@H]2O)[C@](C)(O)C[C@@H](C)CN(C)[C@H](C)[C@@H](O)[C@]1(C)O,7.3872161432802645,1,
CC[C@@H]1OC(=O)[C@H](C)[C@@H](O[C@@H]2C[C@](C)(OC)[C@H](O)[C@@H](C)O2)[C@@H](C)[C@@H](O[C@@H]2O[C@H](C)C[C@H](N(C)Cc3ccccc3-c3cn(CCCCCC(=O)NO)nn3)[C@H]2O)[C@](C)(O)C[C@@H](C)CN(C)[C@H](C)[C@@H](O)[C@]1(C)O,6.7495799976911055,1,
CC[C@@H]1OC(=O)[C@H](C)[C@@H](O[C@@H]2C[C@](C)(OC)[C@H](O)[C@@H](C)O2)[C@@H](C)[C@@H](O[C@@H]2O[C@H](C)C[C@H](N(C)Cc3ccccc3-c3cn(CCCCCCC(=O)NO)nn3)[C@H]2O)[C@](C)(O)C[C@@H](C)CN(C)[C@H](C)[C@@H](O)[C@]1(C)O,7.508638306165727,1,
CC[C@@H]1OC(=O)[C@H](C)[C@@H](O[C@H]2C[C@@](C)(OC)[C@](O)(CN(C)C)[C@H](C)O2)[C@@H](C)[C@@H](O[C@@H]2O[C@H](C)C[C@H](N(C)Cc3ccc(-c4cn(CCCCCC(=O)NO)nn4)cc3)[C@H]2O)[C@](C)(O)C[C@@H](C)CN(C)[C@H](C)[C@@H](O)[C@]1(C)O,7.823908740944319,1,
CC[C@@H]1OC(=O)[C@H](C)[C@@H](O[C@H]2C[C@@](C)(OC)[C@](O)(CN(C)Cc3ccc(-c4cn(CCC(=O)NO)nn4)cc3)[C@H](C)O2)[C@@H](C)[C@@H](O[C@@H]2O[C@H](C)C[C@H](N(C)C)[C@H]2O)[C@](C)(O)C[C@@H](C)CN(C)[C@H](C)[C@@H](O)[C@]1(C)O,5.692503962086787,1,
CC[C@@]1(O)C(=O)OCc2c1cc1n(c2=O)Cc2c-1nc1ccc(O)cc1c2/C=N/OCCCCCC(=O)NCCSSCCNC(=O)/C(Cc1ccc(O)c(Br)c1)=N\O,5.826813731587726,1,
CC[C@@]1(O)C(=O)OCc2c1cc1n(c2=O)Cc2c-1nc1ccccc1c2/C=N/OCCCCCC(=O)NCCSSCCNC(=O)/C(Cc1ccc(O)c(Br)c1)=N\O,6.149353764816933,1,
CC[C@@]1(O)C(=O)OCc2c1cc1n(c2=O)Cc2c-1nc1ccccc1c2C=NOCCCCCCC(=O)NO,8.2839966563652,1,
CC[C@@]1(O)C(=O)OCc2c1cc1n(c2=O)Cc2cc3cc(OCc4cn(CCCCC(=O)NO)nn4)ccc3nc2-1,6.711829324897104,2,0.17932605971497403
CC[C@@]1(O)C(=O)OCc2c1cc1n(c2=O)Cc2cc3cc(OCc4cn(CCCCCC(=O)NO)nn4)ccc3nc2-1,6.950781977329818,1,
CC[C@@]1(O)C(=O)OCc2c1cc1n(c2=O)Cc2cc3cc(OCc4cn(CCCCCCC(=O)NO)nn4)ccc3nc2-1,7.1716634770575745,2,0.11334708995681378
CC[C@@]1(O)C(=O)OCc2c1cc1n(c2=O)Cc2cc3ccccc3nc2-1,7.301029995663981,1,
CC[C@H](C(=O)Nc1ccc(C(=O)NO)cc1)c1ccccc1,7.468521082957745,1,
CC[C@H](C)C(=O)O[C@H]1C[C@@H](C)C=C2C=C[C@H](C)[C@H](CC[C@@H](O)C[C@@H](O)CC(=O)NO)[C@H]21,7.292429823902063,1,
CC[C@H](C)C(=O)O[C@H]1C[C@@H](C)C=C2C=C[C@H](C)[C@H](CC[C@@H]3C[C@@H](O)CC(=O)O3)[C@H]21,4.788230017107396,3,3.079587771407538e-05
CC[C@H](C)C1NC(=O)C(Cc2cn(OC)c3ccccc23)NC(=O)[C@H](CCCCC(=O)C(C)O)NC(=O)[C@H]2CCCCN2C1=O,9.522878745280337,1,
CC[C@H](C)S(=O)(=O)N(Cc1ncc(-c2nnc(C(F)F)o2)s1)c1cccnc1,8.0,3,0.0
CC[C@H](C)[C@@H](CN1Cc2cc(OCC(=O)NO)ccc2C[C@H]1C(=O)Nc1ccc(OC)cc1)NC(=O)CC(C)(C)C,6.801342913045577,1,
CC[C@H](C)[C@@H](CN1Cc2cc(OCC(=O)NO)ccc2C[C@H]1C(=O)Nc1ccc(OC)cc1)NC(=O)OC(C)(C)C,7.026872146400302,1,
CC[C@H](C)[C@@H]1NC(=O)C(C)(C)NC(=O)[C@H](CCCCCSSc2ccccn2)NC(=O)[C@H]2CCCN2C1=O,6.508638306165727,1,
CC[C@H](C)[C@@H]1NC(=O)[C@H](Cc2cn(OC)c3ccccc23)NC(=O)[C@H](CCCCC(=O)O)NC(=O)[C@H]2CCCCN2CC1=O,6.549750891680639,1,
CC[C@H](C)[C@@H]1NC(=O)[C@H](Cc2cn(OC)c3ccccc23)NC(=O)[C@H](CCCCC(=O)OC)NC(=O)[C@H]2CCCCN2CC1=O,7.130768280269024,1,
CC[C@H](C)[C@@H]1NC(=O)[C@H](Cc2cn(OC)c3ccccc23)NC(=O)[C@H](CCCCCC(=O)C(C)=O)NC(=O)[C@H]2CCCCN2CC1=O,7.522878745280337,1,
CC[C@H](C)[C@@H]1NC(=O)[C@H](Cc2cn(OC)c3ccccc23)NC(=O)[C@H](CCCCCC(=O)C(C)C)NC(=O)[C@H]2CCCCN2CC1=O,6.628932137728263,1,
CC[C@H](C)[C@@H]1NC(=O)[C@H](Cc2cn(OC)c3ccccc23)NC(=O)[C@H](CCCCCC(=O)C(C)F)NC(=O)[C@H]2CCCCN2CC1=O,9.0,1,
CC[C@H](C)[C@@H]1NC(=O)[C@H](Cc2cn(OC)c3ccccc23)NC(=O)[C@H](CCCCCC(=O)C(C)O)NC(=O)[C@H]2CCCCN2CC1=O,9.522878745280337,1,
CC[C@H](C)[C@@H]1NC(=O)[C@H](Cc2cn(OC)c3ccccc23)NC(=O)[C@H](CCCCCC(=O)NO)NC(=O)[C@H]2CCCCN2CC1=O,9.698970004336019,1,
CC[C@H](C)[C@@H]1NC(=O)[C@H](Cc2cn(OC)c3ccccc23)NC(=O)[C@H](CCCCCC(=O)O)NC(=O)[C@H]2CCCCN2CC1=O,7.823908740944319,1,
CC[C@H](C)[C@@H]1NC(=O)[C@H](Cc2cn(OC)c3ccccc23)NC(=O)[C@H](CCCCCC(=O)OC)NC(=O)[C@H]2CCCCN2CC1=O,9.397940008672037,1,
CC[C@H](C)[C@@H]1NC(=O)[C@H](Cc2cn(OC)c3ccccc23)NC(=O)[C@H](CCCCCC(=O)c2ccccc2)NC(=O)[C@H]2CCCCN2CC1=O,6.154901959985743,1,
CC[C@H](C)[C@@H]1NC(=O)[C@H](Cc2cn(OC)c3ccccc23)NC(=O)[C@H](CCCCCC(C)=O)NC(=O)[C@H]2CCCCN2CC1=O,8.698970004336019,1,
CC[C@H](C)[C@@H]1NC(=O)[C@H](Cc2cn(OC)c3ccccc23)NC(=O)[C@H](CCCCCC2(CC)CO2)NC(=O)[C@H]2CCCCN2CC1=O,7.221848749616356,1,
CC[C@H](C)[C@@H]1NC(=O)[C@H](Cc2cn(OC)c3ccccc23)NC(=O)[C@H](CCCCCC=O)NC(=O)[C@H]2CCCCN2CC1=O,8.221848749616356,1,
CC[C@H](C)[C@@H]1NC(=O)[C@H](Cc2cn(OC)c3ccccc23)NC(=O)[C@H](CCCCCCC(=O)O)NC(=O)[C@H]2CCCCN2CC1=O,6.071604147743287,1,
CC[C@H](C)[C@@H]1NC(=O)[C@H](Cc2cn(OC)c3ccccc23)NC(=O)[C@H](CCCCCCC(=O)OC)NC(=O)[C@H]2CCCCN2CC1=O,8.154901959985743,1,
CC[C@H](C)[C@@H]1NC(=O)[C@H](Cc2cn(OC)c3ccccc23)NC(=O)[C@H](CCCCCP(=O)(OC)OC)NC(=O)[C@H]2CCCCN2CC1=O,6.346787486224656,1,
CC[C@H](C)[C@@H]1NC(=O)[C@H](Cc2cn(OC)c3ccccc23)NC(=O)[C@H](CCCCCP(=O)([O-])O)NC(=O)[C@H]2CCCCN2CC1=O,6.7447274948966935,1,
CC[C@H](C)[C@@H]1NC(=O)[C@H](Cc2cn(OC)c3ccccc23)NC(=O)[C@H](CCCCCSC(C)=O)NC(=O)[C@H]2CCCCN2CC1=O,8.522878745280337,1,
CC[C@H](C)[C@@H]1NC(=O)[C@H](Cc2cn(OC)c3ccccc23)NC(=O)[C@H](CCCCCSC)NC(=O)[C@H]2CCCCN2CC1=O,6.486782399932061,1,
CC[C@H](C)[C@@H]1NC(=O)[C@H](Cc2cn(OC)c3ccccc23)NC(=O)[C@H](CCCCNC(C)=O)NC(=O)[C@H]2CCCCN2CC1=O,5.698970004336019,1,
CC[C@H](C)[C@@H]1NC(=O)[C@H](Cc2cn(OC)c3ccccc23)NC(=O)[C@H](CCCCSC(C)=O)NC(=O)[C@H]2CCCCN2CC1=O,6.958607314841775,1,
CC[C@H](C)[C@H](NC(=O)C1CCN(C(=O)OC(C)(C)C)CC1)C(=O)N1Cc2cc(OCC(=O)NO)ccc2C[C@H]1C(=O)Nc1ccc(OC)cc1,6.785156151952302,1,
CC[C@H](C)[C@H](NC(=O)C1CCNCC1)C(=O)N1Cc2cc(OCC(=O)NO)ccc2C[C@H]1C(=O)Nc1ccc(OC)cc1,6.772113295386326,1,
CC[C@H](C)[C@H](NC(=O)CC(C)(C)C)C(=O)N1Cc2cc(OCC(=O)NO)ccc2C[C@H]1C(=O)Nc1ccc(OC)cc1,7.251811972993799,1,
CC[C@H](C)[C@H](NC(=O)OC(C)(C)C)C(=O)N1Cc2cc(OCC(=O)NO)ccc2C[C@H]1C(=O)Nc1ccc(OC)cc1,7.327902142064282,1,
CC[C@H](C)[C@H](NC(=O)[C@@H](N)C(C)C)C(=O)N1Cc2cc(OCC(=O)NO)ccc2C[C@H]1C(=O)Nc1ccc(OC)cc1,6.787812395596042,1,
CC[C@H](C)[C@H](NC(=O)[C@@H](NC(=O)OC(C)(C)C)C(C)C)C(=O)N1Cc2cc(OCC(=O)NO)ccc2C[C@H]1C(=O)Nc1ccc(OC)cc1,6.935542010773082,1,
CC[C@H](C)[C@H](NC(=O)[C@@H]1CCCN1)C(=O)N1Cc2cc(OCC(=O)NO)ccc2C[C@H]1C(=O)Nc1ccc(OC)cc1,6.718966632752272,1,
CC[C@H](C)[C@H](NC(=O)[C@@H]1CCCN1C(=O)OC(C)(C)C)C(=O)N1Cc2cc(OCC(=O)NO)ccc2C[C@H]1C(=O)Nc1ccc(OC)cc1,6.85078088734462,1,
CC[C@H](C)[C@H](NC(=O)[C@H](CO)NC(=O)[C@H](CO)NC(=O)/C=N/O[C@H]1O[C@H](CO)[C@@H](O)[C@H](O)[C@@H]1O)C(=O)N[C@H](C(=O)N[C@@H](Cc1cnc[nH]1)C(=O)N[C@@H](C)C(=O)N1CCC[C@H]1C(=O)N[C@@H](CO)C(N)=O)[C@@H](C)O,7.455931955649724,1,
CC[C@H](C)[C@H]1NC(=O)[C@@H](CS)NC(=O)[C@@H](CCSC)NC(=O)C[C@@H](/C=C/CCS)OC(=O)C[C@@H]1O,6.42021640338319,1,
CC[C@H](C)[C@H]1NC(=O)[C@H]2CSSCC/C=C/[C@H](CC(=O)N[C@H](CCSC)C(=O)N2)OC(=O)C[C@@H]1O,5.542643356513188,2,0.7612408273153455
CC[C@H](Nc1cc(C)nc(N)n1)c1nc2cccc(NCc3ccc(C(=O)NO)cc3)c2c(=O)n1-c1ccccc1,8.397940008672037,1,
CC[C@H](Nc1nc(C)nc(N)c1C#N)c1nc2cccc(NCc3ccc(C(=O)NO)cc3)c2c(=O)n1-c1ccccc1,7.853871964321762,1,
CC[C@H](Nc1nc(N)nc(C(F)(F)F)c1C#N)c1nc2cccc(NCc3ccc(C(=O)NO)cc3)c2c(=O)n1-c1ccccc1,7.2839966563652006,1,
CC[C@H](Nc1nc(N)nc(C(F)F)c1C#N)c1nc2cccc(NCc3ccc(C(=O)NO)cc3)c2c(=O)n1-c1ccccc1,7.568636235841012,1,
CC[C@H](Nc1nc(N)nc(C)c1C#N)c1nc2cccc(CCCCCC(=O)NO)c2c(=O)n1-c1ccccc1,7.552841968657781,1,
CC[C@H](Nc1nc(N)nc(C)c1C#N)c1nc2cccc(NCCCCC(=O)NO)c2c(=O)n1-c1ccccc1,5.9072793553159,1,
CC[C@H](Nc1nc(N)nc(C)c1C#N)c1nc2cccc(NCc3ccc(C(=O)NO)cc3)c2c(=O)n1-c1ccccc1,7.920818753952375,3,0.0
CC[C@H](Nc1nc(N)nc(C)c1Cl)c1nc2cccc(NCc3ccc(C(=O)NO)cc3)c2c(=O)n1-c1ccccc1,7.657577319177793,1,
CC[C@H](Nc1nc(N)nc(C2CC2)c1C#N)c1nc2cccc(NCc3ccc(C(=O)NO)cc3)c2c(=O)n1-c1ccccc1,7.327902142064282,1,
CC[C@H](Nc1nc(N)nc(N)c1C#N)c1nc2cccc(CCCCCC(=O)NO)c2c(=O)n1-c1ccccc1,7.161150909262744,1,
CC[C@H](Nc1nc(N)nc(N)c1C#N)c1nc2cccc(CCc3ccc(C(=O)NO)cc3)c2c(=O)n1-c1ccccc1,7.113509274827518,1,
CC[C@H](Nc1nc(N)nc(N)c1C#N)c1nc2cccc(Cl)c2c(=O)n1Cc1ccc(C(=O)NO)s1,7.346787486224656,1,
CC[C@H](Nc1nc(N)nc(N)c1C#N)c1nc2cccc(NCc3ccc(C(=O)NO)cc3)c2c(=O)n1-c1ccccc1,8.397940008672037,1,
CC[C@H](Nc1nc(N)nc(N)c1Cl)c1nc2cccc(NCc3ccc(C(=O)NO)cc3)c2c(=O)n1-c1ccccc1,8.045757490560675,1,
CC[C@H](Nc1nc(N)ncc1C)c1nc2cccc(CCCCCC(=O)NO)c2c(=O)n1-c1ccccc1,7.346787486224656,1,
CC[C@H](Nc1ncc(C(=O)NO)cc1F)c1ccccc1,9.092051478387727,1,
CC[C@H](Nc1ncnc(N)c1C#N)c1nc2cccc(NCc3ccc(C(=O)NO)cc3)c2c(=O)n1-c1ccccc1,8.397940008672037,1,
CC[C@H](Nc1ncnc(N)c1Cl)c1nc2cccc(NCc3ccc(C(=O)NO)cc3)c2c(=O)n1-c1ccccc1,8.397940008672037,1,
CC[C@H](Nc1ncnc(N)c1Cl)c1nc2cccc(NCc3ccc(C(=O)NO)cn3)c2c(=O)n1-c1ccccc1,8.522878745280337,1,
CC[C@H](Nc1ncnc2[nH]cnc12)c1nc(CCCCC(=O)NO)c2ccccc2n1,5.663740447985807,1,
CC[C@H](Nc1ncnc2[nH]cnc12)c1nc(CCCCCC(=O)NO)c2ccccc2n1,7.4089353929735005,1,
CC[C@H](Nc1ncnc2[nH]cnc12)c1nc(NCCCC(=O)NO)c2ccccc2n1,6.3655227298392685,1,
CC[C@H](Nc1ncnc2[nH]cnc12)c1nc2cccc(-c3ccc(C(=O)NO)cc3)c2c(=O)n1-c1ccccc1,6.441291429466834,1,
CC[C@H](Nc1ncnc2[nH]cnc12)c1nc2cccc(CCCCC(=O)NO)c2c(=O)n1-c1ccccc1,7.443697499232712,1,
CC[C@H](Nc1ncnc2[nH]cnc12)c1nc2cccc(CCCCCC(=O)NO)c2c(=O)n1-c1ccccc1,8.301029995663981,1,
CC[C@H](Nc1ncnc2[nH]cnc12)c1nc2cccc(CCc3ccc(C(=O)NO)cc3)c2c(=O)n1-c1ccccc1,6.051098239029786,1,
CC[C@H](Nc1ncnc2[nH]cnc12)c1nc2cccc(CNC(=O)c3ccc(C(=O)NO)cc3)c2c(=O)n1-c1ccccc1,8.0,1,
CC[C@H](Nc1ncnc2[nH]cnc12)c1nc2cccc(CNc3ncc(C(=O)NO)cn3)c2c(=O)n1-c1ccccc1,8.221848749616356,1,
CC[C@H](Nc1ncnc2[nH]cnc12)c1nc2cccc(F)c2c(=O)n1CCCCCC(=O)NO,6.917214629683549,1,
CC[C@H](Nc1ncnc2[nH]cnc12)c1nc2cccc(F)c2c(=O)n1Cc1ccc(C(=O)NO)cc1,7.346787486224656,1,
CC[C@H](Nc1ncnc2[nH]cnc12)c1nc2cccc(NCCCC(=O)NO)c2c(=O)n1-c1ccccc1,7.431798275933005,1,
CC[C@H](Nc1ncnc2[nH]cnc12)c1nc2cccc(NCc3ccc(C(=O)NO)c(C)c3)c2c(=O)n1-c1ccccc1,5.568797115443483,1,
CC[C@H](Nc1ncnc2[nH]cnc12)c1nc2cccc(NCc3ccc(C(=O)NO)cc3)c2c(=O)n1-c1ccccc1,8.301029995663981,1,
CC[C@H](Nc1ncnc2[nH]cnc12)c1nc2cccc(NCc3ccc(C(=O)NO)cn3)c2c(=O)n1-c1ccccc1,8.045757490560675,1,
CC[C@H](Nc1ncnc2[nH]cnc12)c1nc2cccc(NCc3ccc(C(=O)NO)nc3)c2c(=O)n1-c1ccccc1,6.772113295386326,1,
CC[C@H](c1ccc(-c2nnc(C(F)F)o2)cc1)n1cc(-c2ccc(N)nc2)nn1,6.982966660701219,1,
CC[C@H](c1ccc(-c2nnc(C(F)F)o2)cc1)n1cc(-c2cccc(NC(=O)N3CCOCC3)c2)nn1,7.017728766960431,1,
CC[C@H]1OC(=O)[C@@H](C)[C@H](O[C@H]2C[C@@](C)(OC)[C@@H](O)[C@H](C)O2)[C@H](C)[C@H](O[C@H]2O[C@@H](C)C[C@@H](N(C)Cc3ccc(-c4cn(CC(=O)NO)nn4)cc3)[C@@H]2O)[C@@](C)(O)C[C@H](C)CN(C)[C@@H](C)[C@H](O)[C@@]1(C)O,5.247183568811728,1,
CC[C@H]1OC(=O)[C@@H](C)[C@H](O[C@H]2C[C@@](C)(OC)[C@@H](O)[C@H](C)O2)[C@H](C)[C@H](O[C@H]2O[C@@H](C)C[C@@H](N(C)Cc3ccc(-c4cn(CCC(=O)NO)nn4)cc3)[C@@H]2O)[C@@](C)(O)C[C@H](C)CN(C)[C@@H](C)[C@H](O)[C@@]1(C)O,5.66354026615147,1,
CC[C@H]1OC(=O)[C@@H](C)[C@H](O[C@H]2C[C@@](C)(OC)[C@@H](O)[C@H](C)O2)[C@H](C)[C@H](O[C@H]2O[C@@H](C)C[C@@H](N(C)Cc3ccc(-c4cn(CCCC(=O)NO)nn4)cc3)[C@@H]2O)[C@@](C)(O)C[C@H](C)CN(C)[C@@H](C)[C@H](O)[C@@]1(C)O,6.97469413473523,1,
CC[C@H]1OC(=O)[C@@H](C)[C@H](O[C@H]2C[C@@](C)(OC)[C@@H](O)[C@H](C)O2)[C@H](C)[C@H](O[C@H]2O[C@@H](C)C[C@@H](N(C)Cc3ccc(-c4cn(CCCCCC(=O)NO)nn4)cc3)[C@@H]2O)[C@@](C)(O)C[C@H](C)CN(C)[C@@H](C)[C@H](O)[C@@]1(C)O,7.853871964321762,1,
CC[C@H]1OC(=O)[C@@H](C)[C@H](O[C@H]2C[C@@](C)(OC)[C@@H](O)[C@H](C)O2)[C@H](C)[C@H](O[C@H]2O[C@@H](C)C[C@@H](N(C)Cc3ccc(-c4cn(CCCCCCC(=O)NO)nn4)cc3)[C@@H]2O)[C@@](C)(O)C[C@H](C)CN(C)[C@@H](C)[C@H](O)[C@@]1(C)O,8.136677139879545,1,
CC[C@H]1OC(=O)[C@@H](C)[C@H](O[C@H]2C[C@@](C)(OC)[C@](O)(CN(C)C)[C@H](C)O2)[C@H](C)[C@H](O[C@H]2O[C@@H](C)C[C@@H](N(C)Cc3ccc(-c4cn(CCCCCCC(=O)NO)nn4)cc3)[C@@H]2O)[C@@](C)(O)C[C@H](C)CN(C)[C@@H](C)[C@H](O)[C@@]1(C)O,7.721246399047171,1,
CC[C@H]1OC(=O)[C@@H](C)[C@H](O[C@H]2C[C@@](C)(OC)[C@](O)(CN(C)Cc3ccc(-c4cn(CCCCC(=O)NO)nn4)cc3)[C@H](C)O2)[C@H](C)[C@H](O[C@H]2O[C@@H](C)C[C@@H](N(C)C)[C@@H]2O)[C@@](C)(O)C[C@H](C)CN(C)[C@@H](C)[C@H](O)[C@@]1(C)O,7.022276394711152,1,
CC[C@H]1OC(=O)[C@@H](C)[C@H](O[C@H]2C[C@@](C)(OC)[C@](O)(CN(C)Cc3ccc(-c4cn(CCCCCCC(=O)NO)nn4)cc3)[C@H](C)O2)[C@H](C)[C@H](O[C@H]2O[C@@H](C)C[C@@H](N(C)C)[C@@H]2O)[C@@](C)(O)C[C@H](C)CN(C)[C@@H](C)[C@H](O)[C@@]1(C)O,7.508638306165727,1,
CC[C@H]1OC(=O)[C@H](C)C(=O)[C@H](C)[C@@H](O[C@@H]2O[C@H](C)C[C@H](N(C)Cc3ccc(-c4cn(CCC(=O)NO)nn4)cc3)[C@H]2O)[C@@](C)(OC)C[C@@H](C)C2=NCCN3C(=O)O[C@@]1(C)[C@H]3[C@H]2C,5.761953896871205,1,
CC[C@H]1OC(=O)[C@H](C)C(=O)[C@H](C)[C@@H](O[C@@H]2O[C@H](C)C[C@H](N(C)Cc3ccc(-c4cn(CCCC(=O)NO)nn4)cc3)[C@H]2O)[C@@](C)(OC)C[C@@H](C)C2=NCCN3C(=O)O[C@@]1(C)[C@H]3[C@H]2C,6.7121982700697735,1,
CC[C@H]1OC(=O)[C@H](C)C(=O)[C@H](C)[C@@H](O[C@@H]2O[C@H](C)C[C@H](N(C)Cc3ccc(-c4cn(CCCCC(=O)NO)nn4)cc3)[C@H]2O)[C@@](C)(OC)C[C@@H](C)C2=NCCN3C(=O)O[C@@]1(C)[C@H]3[C@H]2C,7.113509274827518,1,
CC[C@H]1OC(=O)[C@H](C)C(=O)[C@H](C)[C@@H](O[C@@H]2O[C@H](C)C[C@H](N(C)Cc3ccc(-c4cn(CCCCCC(=O)NO)nn4)cc3)[C@H]2O)[C@@](C)(OC)C[C@@H](C)C2=NCCN3C(=O)O[C@@]1(C)[C@H]3[C@H]2C,8.050609993355087,1,
CC[C@H]1OC(=O)[C@H](C)C(=O)[C@H](C)[C@@H](O[C@@H]2O[C@H](C)C[C@H](N(C)Cc3ccc(-c4cn(CCCCCC(=O)NO)nn4)cc3)[C@H]2O)[C@](C)(OC)C[C@@H](C)C2=NCCN3C(=O)O[C@@]1(C)[C@H]3[C@H]2C,5.928117992693874,1,
CC[C@H]1OC(=O)[C@H](C)C(=O)[C@H](C)[C@@H](O[C@@H]2O[C@H](C)C[C@H](N(C)Cc3ccc(-c4cn(CCCCCCC(=O)NO)nn4)cc3)[C@H]2O)[C@@](C)(OC)C[C@@H](C)C2=NCCN3C(=O)O[C@@]1(C)[C@H]3[C@H]2C,8.154901959985743,1,
CC[C@H]1OC(=O)[C@H](C)C(=O)[C@H](C)[C@@H](O[C@@H]2O[C@H](C)C[C@H](N(C)Cc3ccc(-c4cn(CCCCCCC(=O)NO)nn4)cc3)[C@H]2O)[C@](C)(OC)C[C@@H](C)C2=NCCN3C(=O)O[C@@]1(C)[C@H]3[C@H]2C,6.137272471682025,1,
CC[C@H]1OC(=O)[C@H](C)C(=O)[C@H](C)[C@@H](O[C@@H]2O[C@H](C)C[C@H](N(C)Cc3ccc(-c4cn(CCCCCCCC(=O)NO)nn4)cc3)[C@H]2O)[C@](C)(OC)C[C@@H](C)C2=NCCN3C(=O)O[C@@]1(C)[C@H]3[C@H]2C,5.767003889607846,1,
CC[C@H]1OC(=O)[C@H](C)C(=O)[C@H](C)[C@@H](O[C@@H]2O[C@H](C)C[C@H](N(C)Cc3ccc(-c4cn(CCCCCCCCC(=O)NO)nn4)cc3)[C@H]2O)[C@](C)(OC)C[C@@H](C)C2=NCCN3C(=O)O[C@@]1(C)[C@H]3[C@H]2C,5.717377887121938,1,
CC[C@H]1OC(=O)[C@H](C)C(=O)[C@H](C)[C@@H](O[C@@H]2O[C@H](C)C[C@H](N(C)Cc3ccc(-c4cn(CCCCCCCCCC(=O)NO)nn4)cc3)[C@H]2O)[C@](C)(OC)C[C@@H](C)C2=NCCN3C(=O)O[C@@]1(C)[C@H]3[C@H]2C,5.494443061336178,1,
CC[C@H]1OC(=O)[C@H](C)C(=O)[C@H](C)[C@@H](O[C@@H]2O[C@H](C)C[C@H](N(C)Cc3cccc(-c4cn(CCCCCC(=O)NO)nn4)c3)[C@H]2O)[C@@](C)(OC)C[C@@H](C)C2=NCCN3C(=O)O[C@@]1(C)[C@H]3[C@H]2C,7.7447274948966935,1,
CC[C@H]1OC(=O)[C@H](C)C(=O)[C@H](C)[C@@H](O[C@@H]2O[C@H](C)C[C@H](N(C)Cc3cccc(-c4cn(CCCCCCC(=O)NO)nn4)c3)[C@H]2O)[C@@](C)(OC)C[C@@H](C)C2=NCCN3C(=O)O[C@@]1(C)[C@H]3[C@H]2C,8.42021640338319,1,
CC[C@H]1OC(=O)[C@H](C)C(=O)[C@H](C)[C@@H](O[C@@H]2O[C@H](C)C[C@H](N(C)Cc3ccccc3-c3cn(CCCCCC(=O)NO)nn3)[C@H]2O)[C@@](C)(OC)C[C@@H](C)C2=NCCN3C(=O)O[C@@]1(C)[C@H]3[C@H]2C,6.605548319173783,1,
CC[C@H]1OC(=O)[C@H](C)C(=O)[C@H](C)[C@@H](O[C@@H]2O[C@H](C)C[C@H](N(C)Cc3ccccc3-c3cn(CCCCCCC(=O)NO)nn3)[C@H]2O)[C@@](C)(OC)C[C@@H](C)C2=NCCN3C(=O)O[C@@]1(C)[C@H]3[C@H]2C,7.1249387366083,1,
CC[C@H]1OC(=O)[C@H](C)[C@@H](O[C@@H]2C[C@](C)(OC)[C@@](O)(CN(C)Cc3ccc(-c4cn(CCCC(=O)NO)nn4)cc3)[C@@H](C)O2)[C@@H](C)[C@@H](O[C@H]2O[C@@H](C)C[C@@H](N(C)C)[C@@H]2O)[C@](C)(OC)C[C@@H](C)C(=O)[C@H](C)[C@H](O)[C@]1(C)O,6.442492798094342,1,
CC[C@H]1OC(=O)[C@H](C)[C@@H](O[C@@H]2C[C@](C)(OC)[C@@](O)(CN(C)Cc3ccc(-c4cn(CCCCCC(=O)NO)nn4)cc3)[C@@H](C)O2)[C@@H](C)[C@@H](O[C@H]2O[C@@H](C)C[C@@H](N(C)C)[C@@H]2O)[C@](C)(OC)C[C@@H](C)C(=O)[C@H](C)[C@H](O)[C@]1(C)O,8.229147988357855,1,
CC[C@H]1OC(=O)[C@H](C)[C@@H](O[C@@H]2C[C@](C)(OC)[C@H](O)[C@@H](C)O2)[C@@H](C)[C@@H](O[C@H]2O[C@@H](C)C[C@@H](N(C)Cc3ccc(-c4cn(CCCC(=O)NO)nn4)cc3)[C@@H]2O)[C@](C)(OC)C[C@@H](C)C(=O)[C@H](C)[C@H](O)[C@]1(C)O,7.1487416512809245,1,
CC[C@H]1OC(=O)[C@H](C)[C@@H](O[C@@H]2C[C@](C)(OC)[C@H](O)[C@@H](C)O2)[C@@H](C)[C@@H](O[C@H]2O[C@@H](C)C[C@@H](N(C)Cc3ccc(-c4cn(CCCCCC(=O)NO)nn4)cc3)[C@@H]2O)[C@](C)(OC)C[C@@H](C)C(=O)[C@H](C)[C@H](O)[C@]1(C)O,8.443697499232712,1,
CC[C@H]1OC(=O)[C@H](C)[C@@H](O[C@@H]2C[C@](C)(OC)[C@H](O)[C@@H](C)O2)[C@H](C)[C@@H](O[C@@H]2O[C@H](C)C[C@H](N(C)C)[C@H]2O)[C@@](C)(O)C[C@@H](C)CN(Cc2ccc(-c3cn(CCC(=O)NO)nn3)cc2)[C@@H](C)[C@@H](O)[C@]1(C)O,5.910094888560602,1,
CC[C@H]1OC(=O)[C@H](C)[C@@H](O[C@@H]2C[C@](C)(OC)[C@H](O)[C@@H](C)O2)[C@H](C)[C@@H](O[C@@H]2O[C@H](C)C[C@H](N(C)C)[C@H]2O)[C@@](C)(O)C[C@@H](C)CN(Cc2ccc(-c3cn(CCCC(=O)NO)nn3)cc2)[C@@H](C)[C@@H](O)[C@]1(C)O,6.207608310501746,1,
CC[C@H]1OC(=O)[C@H](C)[C@@H](O[C@@H]2C[C@](C)(OC)[C@H](O)[C@@H](C)O2)[C@H](C)[C@@H](O[C@@H]2O[C@H](C)C[C@H](N(C)C)[C@H]2O)[C@@](C)(O)C[C@@H](C)CN(Cc2ccc(-c3cn(CCCCCC(=O)NO)nn3)cc2)[C@@H](C)[C@@H](O)[C@]1(C)O,8.0,1,
CC[C@]1(C)NC(=O)[C@H](CCCCCC(=O)[C@@H](C)O)NC(=O)[C@H]2CCCN2C(=O)[C@H](Cc2ccccc2)NC1=O,7.657577319177793,1,
CC[C@]1(C)NC(=O)[C@H](CCCCCC(=O)[C@@H](C)O)NC(=O)[C@H]2C[C@H](C)CN2C(=O)[C@H](Cc2ccccc2)NC1=O,7.769551078621726,1,
CC[C@]1(O)C(=O)OCc2c1cc1n(c2=O)Cc2c-1nc1ccc(O)cc1c2/C=N/OCCCCCC(=O)NO,5.806875401645538,1,
CC[N+]1=C(/C=C/C=C/C=C2/N(CCCCC(=O)N(CCc3c(C)[nH]c4ccccc34)Cc3ccc(/C=C/C(=O)NO)cc3)c3ccc4c(S(=O)(=O)O)cc(S(=O)(=O)O)cc4c3C2(C)C)C(C)(C)c2c1ccc1c(S(=O)(=O)[O-])cc(S(=O)(=O)O)cc21,8.017728766960431,1,
CC[N+]1=C(C=CC2=C3Oc4cc(O)cc(OCCCCCCCC(=O)NO)c4C=C3CCC2)C(C)(C)c2ccccc21,6.721246399047171,1,
CC[N+]1=C(C=CC2=C3Oc4cc(O)cc(OCCCCCCCC(=O)O)c4C=C3CCC2)C(C)(C)c2ccccc21,4.858863909879261,1,
CCc1c(C#N)c(CN(C)C2CCN(c3ncc(C(=O)NO)cn3)CC2)nc(SC(C(N)=O)c2ccccc2)c1C#N,7.0,1,
CCc1c(C#N)c(SC(C(N)=O)c2ccccc2)nc(N(C)C2CCN(c3ncc(C(=O)NO)cn3)CC2)c1C#N,7.203911621302066,2,0.7999349919548199
CCc1c(C#N)c(SC(C(N)=O)c2ccccc2)nc(N(C)CCNCc2ccc(/C=C/C(=O)NO)cc2)c1C#N,6.795880017344075,1,
CCc1c(C#N)c(SC(C(N)=O)c2ccccc2)nc(N2CCC(CNCc3ccc(/C=C/C(=O)NO)cc3)CC2)c1C#N,7.154901959985743,1,
CCc1c(C#N)c(SC(C(N)=O)c2ccccc2)nc(N2CCC(CNc3ncc(C(=O)NO)cn3)CC2)c1C#N,6.853871964321762,1,
CCc1c(C#N)c(SC(C(N)=O)c2ccccc2)nc(N2CCC(NC(=O)CCC(=O)NCc3ccc(C(=O)NO)cc3)CC2)c1C#N,6.638272163982407,1,
CCc1c(C#N)c(SC(C(N)=O)c2ccccc2)nc(N2CCC(NC(=O)CCC(=O)Nc3ccc(/C=C/C(=O)NO)cc3)CC2)c1C#N,6.638272163982407,1,
CCc1c(C#N)c(SC(C(N)=O)c2ccccc2)nc(N2CCC(NC(=O)CCC(=O)Nc3ccc(C(=O)NO)cc3)CC2)c1C#N,5.886056647693163,1,
CCc1c(C#N)c(SC(C(N)=O)c2ccccc2)nc(N2CCC(NC(=O)CCCC(=O)NCc3ccc(C(=O)NO)cc3)CC2)c1C#N,6.481486060122112,1,
CCc1c(C#N)c(SC(C(N)=O)c2ccccc2)nc(N2CCC(NC(=O)CCCC(=O)NO)CC2)c1C#N,5.97061622231479,1,
CCc1c(C#N)c(SC(C(N)=O)c2ccccc2)nc(N2CCC(NC(=O)CCCC(=O)Nc3ccc(C(=O)NO)cc3)CC2)c1C#N,6.2441251443275085,1,
CCc1c(C#N)c(SC(C(N)=O)c2ccccc2)nc(N2CCC(NC(=O)CCCCC(=O)Nc3ccc(C(=O)NO)cc3)CC2)c1C#N,6.552841968657781,1,
CCc1c(C#N)c(SC(C(N)=O)c2ccccc2)nc(N2CCC(NC(=O)CCCCCC(=O)NO)CC2)c1C#N,6.6777807052660805,1,
CCc1c(C#N)c(SC(C(N)=O)c2ccccc2)nc(N2CCC(NC(=O)CCCCCCC(=O)NO)CC2)c1C#N,6.522878745280337,1,
CCc1c(C#N)c(SC(C(N)=O)c2ccccc2)nc(N2CCC(NC(=O)CCCCCCCC(=O)NO)CC2)c1C#N,5.935542010773082,1,
CCc1c(C#N)c(SC(C(N)=O)c2ccccc2)nc(N2CCC(NC(=O)c3ccc(C(=O)NO)cc3)CC2)c1C#N,6.060480747381382,1,
CCc1c(C#N)c(SC(C(N)=O)c2ccccc2)nc(N2CCC(NCc3ccc(/C=C/C(=O)NO)cc3)CC2)c1C#N,6.886056647693163,1,
CCc1c(C#N)c(SC(C(N)=O)c2ccccc2)nc(N2CCC(NCc3ccc(C(=O)NCc4ccc(/C=C/C(=O)NO)cc4)cc3)CC2)c1C#N,7.096910013008056,1,
CCc1c(C#N)c(SC(C(N)=O)c2ccccc2)nc(N2CCC(NCc3ccc(C(=O)NCc4ccc(C(=O)NO)cc4)cc3)CC2)c1C#N,6.6020599913279625,1,
CCc1c(C#N)c(SC(C(N)=O)c2ccccc2)nc(N2CCC(Nc3ncc(C(=O)NO)cn3)CC2)c1C#N,6.721246399047171,1,
CCc1c(C#N)c(SC(C(N)=O)c2ccccc2)nc(N2CCN(Cc3ccc(/C=C/C(=O)NO)cc3)CC2)c1C#N,6.853871964321762,1,
CCc1c(C#N)c(SC(C(N)=O)c2ccccc2)nc(N2CCN(c3ncc(C(=O)NO)cn3)CC2)c1C#N,7.221848749616356,1,
CCc1c(C#N)c(S[C@@H](C(N)=O)c2ccccc2)nc(N2CCC(CNCc3ccc(/C=C/C(=O)NO)cc3)CC2)c1C#N,6.076645927271997,2,1.619561363027339
CCc1c(C#N)c(S[C@H](C(N)=O)c2ccccc2)nc(N2CCC(CNCc3ccc(/C=C/C(=O)NO)cc3)CC2)c1C#N,6.886056647693163,1,
CCc1c(C(=O)Nc2cc(/C=C/C(=O)NO)ccc2O)[nH]c(C)c1C(C)=O,7.096910013008056,1,
CCc1c(C(=O)Nc2cc(/C=C/C(=O)NO)ccc2OC)[nH]c(C)c1C(C)=O,7.376750709602099,1,
CCc1c(C(=O)Nc2cc(S(=O)(=O)Nc3cccc(/C=C/C(=O)NO)c3)ccc2OC)[nH]c(C)c1C(C)=O,7.136677139879544,1,
CCc1c(C(=O)Nc2cccc(/C=C/C(=O)NO)c2)[nH]c(C)c1C(C)=O,7.346787486224656,1,
CCc1c(C(=O)Nc2cccc(CCC(=O)NO)c2)[nH]c(C)c1C(C)=O,6.181774106386044,1,
CCc1c2c(nc3ccc(O)cc13)-c1cc3c(c(=O)n1C2)COC(=O)[C@@]3(CC)OC(=O)CCCCCC(=O)NO,6.657577319177793,1,
CCc1c2c(nc3ccc(O)cc13)-c1cc3c(c(=O)n1C2)COC(=O)[C@@]3(CC)OC(=O)CCCCCCC(=O)NO,6.6020599913279625,1,
CCc1c2c(nc3ccc(O)cc13)-c1cc3c(c(=O)n1C2)COC(=O)[C@@]3(CC)OC(=O)CCCCCCC(=O)O,5.158640529545146,1,
CCc1c2c(nc3ccc(O)cc13)-c1cc3c(c(=O)n1C2)COC(=O)[C@@]3(CC)OC(=O)CCCCCCCC(=O)NO,6.6777807052660805,1,
CCc1c2c(nc3ccc(O)cc13)-c1cc3c(c(=O)n1C2)COC(=O)[C@@]3(CC)OC(=O)CCCCCCCCC(=O)NO,6.494850021680094,1,
CCc1c2c(nc3ccc(O)cc13)-c1cc3c(c(=O)n1C2)COC(=O)[C@@]3(CC)OC(=O)CCCCCCCCCC(=O)NO,6.214670164989233,1,
CCc1c2c(nc3ccc(O)cc13)-c1cc3c(c(=O)n1C2)COC(=O)[C@@]3(CC)OC(=O)CCCCCCCCCCC(=O)NO,5.97061622231479,1,
CCc1c2c(nc3ccc(O)cc13)-c1cc3c(c(=O)n1C2)COC(=O)[C@@]3(CC)OC(=O)CNC(=O)CCCCCCC(=O)NO,6.065501548756432,1,
CCc1c2c(nc3ccc(O)cc13)-c1cc3c(c(=O)n1C2)COC(=O)[C@@]3(CC)OC(=O)CNC(=O)CCCCCCC(=O)O,5.062482107982653,1,
CCc1c2c(nc3ccc(OC(=O)N4CCN(C(=O)CCCCCCC(=O)NO)CC4)cc13)-c1cc3c(c(=O)n1C2)COC(=O)[C@]3(O)CC,4.912928794093465,1,
CCc1c2c(nc3ccc(OC(=O)N4CCN(C(=O)CCCCCCCC(=O)NO)CC4)cc13)-c1cc3c(c(=O)n1C2)COC(=O)[C@]3(O)CC,5.043831569524636,1,
CCc1c2c(nc3ccc(OC(=O)N4CCN(C(=O)CCCCCCCCC(=O)NO)CC4)cc13)-c1cc3c(c(=O)n1C2)COC(=O)[C@]3(O)CC,5.153662887870195,1,
CCc1c2c(nc3ccc(OC(=O)N4CCN(C(=O)CCCCCCCCCC(=O)NO)CC4)cc13)-c1cc3c(c(=O)n1C2)COC(=O)[C@]3(O)CC,5.327902142064282,1,
CCc1c2c(nc3ccc(OC(=O)N4CCN(C(=O)CCCCCCCCCCC(=O)NO)CC4)cc13)-c1cc3c(c(=O)n1C2)COC(=O)[C@]3(O)CC,5.447331783887806,1,
CCc1c2c(nc3ccc(OCc4cn(CCCC(=O)NO)nn4)cc13)-c1cc3c(c(=O)n1C2)COC(=O)[C@]3(O)CC,7.070581074285707,1,
CCc1c2c(nc3ccc(OCc4cn(CCCCC(=O)NO)nn4)cc13)-c1cc3c(c(=O)n1C2)COC(=O)[C@]3(O)CC,6.809668301829708,1,
CCc1c2c(nc3ccc(OCc4cn(CCCCCC(=O)NO)nn4)cc13)-c1cc3c(c(=O)n1C2)COC(=O)[C@]3(O)CC,7.146982669642824,2,0.3249410783102899
CCc1c2c(nc3ccc(OCc4cn(CCCCCCC(=O)NO)nn4)cc13)-c1cc3c(c(=O)n1C2)COC(=O)[C@]3(O)CC,7.315392071294928,2,0.18145127631569793
CCc1c2c(nc3ccc(OCc4cn(CCCCCCCC(=O)NO)nn4)cc13)-c1cc3c(c(=O)n1C2)COC(=O)[C@]3(O)CC,6.899301437839775,2,0.3190993280956786
CCc1cc(-c2ccc(F)cc2)n(Cc2ccc(C(=O)NO)cc2)n1,6.453906451968319,2,1.000194703418976
CCc1cc(-c2ccc(F)cc2)nn1Cc1ccc(C(=O)NO)cc1,7.119224005717909,2,0.47617694935241456
CCc1cc(C(=O)Nc2ccccc2)nn1Cc1ccc(C(=O)NO)cc1,8.214670164989233,1,
CCc1cc(Cc2cnc(N)nc2N)cc(CC)c1N,7.7447274948966935,1,
CCc1cc(Cc2cnc(N)nc2N)cc(CC)c1O,8.065501548756432,1,
CCc1ccc(-c2nc3cc(C(=O)NO)ccc3s2)cc1,7.958607314841775,1,
CCc1ccc(-c2nc3ccc(C(=O)NO)cc3[nH]2)cc1,7.337242168318426,2,0.0
CCc1ccc(CCCn2cccc(/C=C/C(=O)NO)c2=O)cc1,6.508638306165727,1,
CCc1ccc(CCn2cccc(/C=C/C(=O)NO)c2=O)cc1,7.154901959985743,1,
CCc1ccc(Cn2cccc(/C=C/C(=O)NO)c2=O)cc1,7.0,1,
CCc1ccc(N(Cc2ncc(-c3nnc(C(F)F)o3)s2)S(=O)(=O)CC)cn1,7.450251375970037,4,0.06246936830414995
CCc1ccc(N(Cc2ncc(-c3nnc(C(F)F)o3)s2)S(C)(=O)=O)cn1,7.356547323513812,2,0.0
CCc1ccc(Nc2ncnc3cc(NC(=O)CCCCCCC(=O)NO)sc23)cc1,7.008773924307505,1,
CCc1cccc(Nc2ncnc3cc(NC(=O)CCCCCCC(=O)NO)sc23)c1,7.229147988357855,1,
CCc1ccccc1Cn1cccc(/C=C/C(=O)NO)c1=O,6.638272163982407,1,
CCc1ccccc1N(CC(=O)NC1CCCCC1)C(=O)Cc1ccc(C(=O)NO)cc1,7.455931955649724,1,
CCc1ccccc1N(CC(=O)NC1CCCCC1)C(=O)Cc1ccc(C(=O)NO)cc1F,7.7447274948966935,1,
CCc1cncc(N(Cc2ncc(-c3nnc(C(F)F)o3)s2)S(=O)(=O)CC)c1,7.795880017344075,3,0.0
CCc1cncc(N(Cc2ncc(-c3nnc(C(F)F)o3)s2)S(=O)(=O)CCOC)c1,7.481486060122112,3,0.0
CCc1cncc(N(Cc2ncc(-c3nnc(C(F)F)o3)s2)S(C)(=O)=O)c1,7.6020599913279625,3,0.0
CCc1nc(C(N)=O)c(Nc2ccc(N3CCC(N4CCN(Cc5ccc(C(=O)NCc6ccc(/C=C/C(=O)NO)cc6)cc5)CC4)CC3)c(OC)c2)nc1NC1CCOCC1,7.200659450546418,1,
CCc1nc(C(N)=O)c(Nc2ccc(N3CCN(C(=O)CCCCCC(=O)NO)CC3)c(OC)c2)nc1NC1CCOCC1,6.690369832574101,1,
CCc1nc(C(N)=O)c(Nc2ccc(N3CCN(C(=O)CCCCCCC(=O)NO)CC3)c(OC)c2)nc1NC1CCOCC1,6.8326826652518236,1,
CCc1nc(C(N)=O)c(Nc2ccc(N3CCN(CCCCCCC(=O)NO)CC3)c(OC)c2)nc1NC1CCOCC1,6.481486060122112,1,
CCc1nc(C(N)=O)c(Nc2ccc(N3CCN(CCCCCCCC(=O)NO)CC3)c(OC)c2)nc1NC1CCOCC1,7.467771005386541,2,0.889736917196297
CCc1nc(C(N)=O)c(Nc2ccc(N3CCN(Cc4ccc(/C=C/C(=O)NO)cc4)CC3)c(OC)c2)nc1NC1CCOCC1,7.026872146400302,1,
CCc1nc(N)nc(N)c1-c1ccc(-c2ccc(/C=C/C(=O)NO)cc2)cc1,7.136677139879544,1,
CCc1nc(N)nc(N)c1-c1ccc(-c2cn(CCCCCC(=O)NO)nn2)cc1,7.337242168318426,1,
CCc1nc(N)nc(N)c1-c1ccc(-c2cn(CCCCCCC(=O)NO)nn2)cc1,7.769551078621726,2,0.0
CCc1nc(N)nc(N)c1-c1ccc(-c2cn(CCCCCCCC(=O)NO)nn2)cc1,7.6777807052660805,1,
CCc1nc(N)nc(N)c1-c1ccc(/C=C/C(=O)NO)cc1,6.3979400086720375,1,
CCc1nc(SCC(=O)c2ccc(CNC(=O)C(C)(C)C)s2)c2ccccc2n1,6.522878745280337,1,
CCc1nc2c(Cc3ccc(C(=O)NO)cc3)cccc2c(=O)n1CCc1ccccc1,7.102372908709558,1,
CCc1nc2ccc(/C=C/CC(=O)NO)cc2c(=O)n1-c1ccccc1,6.54515513999149,1,
CCc1nc2ccccc2n1[C@@H]1CCN(C(=O)c2nc3ccc(OC)cc3[nH]2)C1,6.013228265733755,1,
CCc1nnc(NS(=O)(=O)c2ccc(N/C=C3\Sc4ccccc4C3=O)cc2)s1,5.376750709602099,1,
CCc1nnc(NS(=O)(=O)c2ccc(Nc3nc(C)c(C(=O)Nc4ccccc4)s3)cc2)s1,4.494850021680094,1,
CCc1nnc([C@@H]2CCC(=O)N2c2cc(F)c(-c3noc(C(F)(F)F)n3)cc2F)o1,8.0,1,
CCc1sc(-c2nccs2)nc1C(=O)NCCCCC(=O)NO,6.0296571065335,2,0.002630359320615829
CCn1c(C)c(CCNS(=O)(=O)c2ccc(/C=C/C(=O)NO)cc2)c2ccccc21,8.468521082957745,1,
CCn1c(CCC(=O)O)nc2ccccc2c1=O,4.688246138944246,1,
CCn1c(CNc2ccccc2)nc2cc(C(=O)NO)ccc21,6.069050968832477,1,
CCn1c(SCCCCC(=O)NO)nc2c([nH]c3ccccc32)c1=O,5.229147988357855,1,
CCn1c(SCCCCCC(=O)NO)nnc1-c1ccncc1,3.569086848995398,1,
CCn1cc(-c2ccc3nc(C)ccc3c2)nc1[C@@H](N)CCCCCC(=O)c1ncco1,4.411168274405793,1,
CCn1cc(CCCOc2cc(-c3noc(C(F)(F)F)n3)ccn2)cn1,7.050609993355087,1,
CCn1cc(COc2cc(-c3noc(C(F)(F)F)n3)ccn2)c(C)n1,7.031517051446065,1,
CCn1cc(N(Cc2ncc(-c3nnc(C(F)F)o3)s2)S(=O)(=O)CC)cn1,7.187086643357144,2,0.0
CCn1ccc(OCc2ccc(-c3nnc(C(F)F)o3)cn2)n1,6.259637310505756,1,
CCn1ccc2c(c1=O)=CC(OC)C(C1=CNC([C@H](CCCCCC(=O)c3ccon3)NC(=O)CN(C)C)N1)C=2,4.698970004336019,1,
CCn1ccc2c(c1=O)=CCC(C1=CNC([C@@H](N)CCCCCC(=O)C3NC=CO3)N1)C=2,4.346787486224656,1,
CCn1ccc2cc(-c3cnc([C@H](CCCCCC(=O)c4ncco4)NC(=O)CN(C)C)[nH]3)c(OC)cc2c1=O,6.036212172654444,1,
CCn1cnc(-c2ccc(OC)cc2)c1-c1ccc(/C=C/C(=O)NO)cc1,6.973907675748439,3,0.6003324464001939
CCn1cnc(-c2ccccc2)c1-c1ccc(/C=C/C(=O)NO)cc1,6.826942144566265,3,0.17589025649339454
CCn1cnc2cc(OCc3ccc(-c4nnc(C(F)F)o4)cn3)ccc21,6.259637310505756,1,
CCn1cnc2ccc(OCc3ccc(-c4nnc(C(F)F)o4)cn3)cc21,6.259637310505756,1,
CCn1nc(-c2ccc(F)cc2)cc1C(=O)NCCCCCCS,5.301029995663981,1,
CN(/N=C/c1ccc(C(=O)NO)cc1)C(=O)c1ccc(N(C)C)cc1,7.568636235841012,1,
CN(/N=C/c1cccc(C(=O)NO)c1)C(=O)c1ccc(N(C)C)cc1,5.6020599913279625,1,
CN(C(=O)CCCc1ccccc1)c1ccc(C(=O)NO)cc1,6.2839966563652006,1,
CN(C(=O)CN(C)S(=O)(=O)c1ccc(F)cc1)c1ccc(C(=O)NO)cc1,6.931814138253838,1,
CN(C(=O)CN(Cc1c(F)c(F)c(F)c(F)c1F)S(=O)(=O)c1ccc(F)cc1)c1ccc(C(=O)NO)cc1,7.698970004336019,1,
CN(C(=O)N1CCC(Nc2ncc(C(=O)NO)cn2)(c2ccccc2)CC1)c1ccccc1,8.657577319177793,1,
CN(C(=O)[C@@H]1CCC(=O)N1c1cc(F)c(-c2noc(C(F)(F)F)n2)cc1F)C(C)(C)C,8.1249387366083,2,0.0
CN(C(=O)[C@@H]1CCC(=O)N1c1ccc(-c2noc(C(F)(F)F)n2)c(F)c1)C(C)(C)C,7.443697499232712,1,
CN(C(=O)[C@@H]1COCC(=O)N1c1ccc(-c2noc(C(F)(F)F)n2)c(F)c1)C(C)(C)C,7.795880017344075,1,
CN(C(=O)c1ccc(-c2noc(C(F)(F)F)n2)cc1)c1ccccc1,4.707743928643524,1,
CN(C)C(=O)C(=O)N1CCC2(CC1)C(=O)N(Cc1ccc(C(=O)NO)cc1F)CN2c1ccccc1,7.6020599913279625,1,
CN(C)C(=O)C1CCN(c2ccc3c(c2)C(C)(C)C(=O)N(Cc2ccc(-c4nnc(C(F)F)o4)cn2)C3=O)CC1,7.494850021680094,1,
CN(C)C(=O)Cc1ccc(-c2noc(C(F)(F)F)n2)cc1,5.102372908709558,1,
CN(C)C(=O)N(Cc1ncc(-c2nnc(C(F)F)o2)s1)c1ccccn1,5.920818753952375,1,
CN(C)C(=O)N(Cc1ncc(-c2nnc(C(F)F)o2)s1)c1cccnc1,5.920818753952375,2,0.0
CN(C)C(=O)N[C@@H]1CCCC[C@H]1N1Cc2ccc(-c3nnc(C(F)F)o3)cc2S1(=O)=O,6.876148359032914,1,
CN(C)C(=O)Nc1cc(-c2nnn(Cc3ccc(-c4nnc(C(F)F)o4)cc3)n2)ccc1O,7.853871964321762,1,
CN(C)C(=O)c1ccc(-c2cc3cc(C(=O)NO)ccc3s2)cc1,7.455931955649724,1,
CN(C)C(=O)c1ccc(C(O)(c2ccccc2)c2ccc(C(=O)NCCCCCCC(=O)NO)cc2)cc1,7.7317207787142355,2,0.9421762705200843
CN(C)C(=O)c1cccc(-c2ccc(-c3nc4ccc(C(=O)NO)cc4[nH]3)cc2)c1,7.619788758288394,1,
CN(C)C(=O)c1cccc(-c2nnn(Cc3ccc(-c4nnc(C(F)F)o4)cc3)n2)c1,7.481486060122112,1,
CN(C)C(=O)c1cccc(C(O)(c2ccccc2)c2ccc(C(=O)NCCCCCCC(=O)NO)cc2)c1,7.784318117920506,2,1.044482455847055
CN(C)C(=O)c1cccc(NCc2ccc(-c3noc(C(F)(F)F)n3)cn2)c1,7.920818753952375,1,
CN(C)C(=O)c1cn(Cc2ccc(/C=C/C(=O)NO)cc2)c2ccccc12,8.070581074285707,1,
CN(C)C(=O)c1cn(Cc2ccc(C(=O)NO)cc2)c2ccccc12,8.096910013008056,1,
CN(C)C(=O)c1cn(S(=O)(=O)c2ccc(/C=C/C(=O)NO)cc2)c2ccccc12,7.958607314841775,1,
CN(C)C(=O)c1cn(S(=O)(=O)c2cccc(/C=C/C(=O)NO)c2)c2ccccc12,6.698970004336019,1,
CN(C)C1=NC2C(Br)=C(Br)C(Br)=C(Br)C2N1CCCCCC(=O)NO,6.065501548756432,1,
CN(C)C1CCN(c2ccc3c(c2)C(C)(C)C(=O)N(Cc2ccc(-c4nnc(C(F)F)o4)cn2)C3=O)CC1,7.823908740944319,1,
CN(C)CC(=O)N(Cc1ccc(-c2noc(C(F)(F)F)n2)cc1)c1cccc(C(F)(F)F)c1,7.356547323513812,1,
CN(C)CC(=O)N[C@@H](CCCCCC(=O)C1NC=CO1)C1NC(c2ccc(F)cc2)=NC1C#N,4.346787486224656,2,0.0
CN(C)CC(=O)N[C@@H](CCCCCC(=O)C1NC=CO1)C1NC=C(C2C=c3nccnc3=CC2)N1,6.154901959985743,1,
CN(C)CC(=O)N[C@@H](CCCCCC(=O)c1ccon1)C1=NC(Cl)C(c2ccc(F)cc2)N1,5.022276394711152,1,
CN(C)CC(=O)N[C@@H](CCCCCC(=O)c1ccon1)c1nc(-c2ccccc2F)c[nH]1,5.040958607678906,1,
CN(C)CC(=O)N[C@@H](CCCCCC(=O)c1ncco1)c1[nH]c(-c2ccc(F)cc2)nc1Cl,4.585026652029182,1,
CN(C)CC(=O)N[C@@H](CCCCCC(=O)c1ncco1)c1ncc(-c2ccc3c(ccc(=O)n3C)c2)[nH]1,4.346787486224656,1,
CN(C)CCCN(C)S(=O)(=O)c1ccc(-c2noc(C(F)(F)F)n2)cc1,5.040958607678906,1,
CN(C)CCCNC(=O)c1ccc(/C=C2\CCn3c2nc2cc(N4CCN(Cc5ccc(/C=C/C(=O)Nc6ccccc6N)cc5)CC4)c(F)cc2c3=O)cc1,5.09151498112135,1,
CN(C)CCCNC(=O)c1ccc(C=C2CCn3c2nc2cc(N4CCN(CCCCC(=O)NO)CC4)c(F)cc2c3=O)cc1,5.823908740944319,1,
CN(C)CCCNC(=O)c1ccc(C=C2CCn3c2nc2cc(N4CCN(CCCCCC(=O)NO)CC4)c(F)cc2c3=O)cc1,5.795880017344075,1,
CN(C)CCCNC(=O)c1ccc(C=C2CCn3c2nc2cc(N4CCN(CCCCCCC(=O)NO)CC4)c(F)cc2c3=O)cc1,5.6777807052660805,1,
CN(C)CCCNC(=O)c1ccc(C=C2CCn3c2nc2cc(N4CCN(CCCCCCCC(=O)NO)CC4)c(F)cc2c3=O)cc1,5.955646785748697,3,0.23293423289434528
CN(C)CCCNC(=O)c1ccc(C=C2CCn3c2nc2cc(N4CCN(Cc5ccc(C(=O)NO)cc5)CC4)c(F)cc2c3=O)cc1,5.6020599913279625,1,
CN(C)CCCNC(=O)c1ccc(C=C2CCn3c2nc2cc(N4CCN(Cc5ccc(C=CC(=O)NO)cc5)CC4)c(F)cc2c3=O)cc1,5.721246399047171,1,
CN(C)CCCNC(=O)c1ccc(C=C2CCn3c2nc2cc(NCCCCCCC(=O)NO)c(F)cc2c3=O)cc1,7.154901959985743,1,
CN(C)CCCNC(=O)c1ccc(C=C2CCn3c2nc2ccc(OCCCCCCC(=O)NO)cc2c3=O)cc1,7.221848749616356,1,
CN(C)CCCNS(=O)(=O)c1ccc(-c2noc(C(F)(F)F)n2)cc1,5.207608310501746,1,
CN(C)CCCNc1cc2nc3n(c(=O)c2cc1F)CC/C3=C\c1ccc(C(=O)Nc2ccccc2N)cc1,5.236572006437063,1,
CN(C)CCCn1c(=O)n(Cc2ccc(-c3nnc(C(F)F)o3)cn2)c(=O)c2ccccc21,6.603800652904264,1,
CN(C)CCCn1c(SCc2ccc(/C=C/C(=O)NO)cc2)nc2ccccc21,7.861769097913378,2,0.9349502295220489
CN(C)CCN(C)S(=O)(=O)c1ccc(-c2noc(C(F)(F)F)n2)cc1,5.004364805402449,1,
CN(C)CCN(C)c1ccc2c(c1)C(C)(C)C(=O)N(Cc1ccc(-c3nnc(C(F)F)o3)cn1)C2=O,7.619788758288394,1,
CN(C)CCNC(=O)c1ccc(-c2noc(C(F)(F)F)n2)cc1,5.151810883008601,1,
CN(C)CCNC(=O)c1ccc(C2CC2NCC2CCN(CCCc3ccc(C(=O)NO)cc3)CC2)cc1,6.886056647693163,1,
CN(C)CCNC(=O)c1ccc([C@H]2C[C@@H]2NCC2CCN(CCCc3ccc(C(=O)NO)cc3)CC2)cc1,6.886056647693163,1,
CN(C)CCNS(=O)(=O)c1ccc(-c2noc(C(F)(F)F)n2)cc1,5.1938200260161125,1,
CN(C)CCNc1c2cc(Cl)ccc2nc2[nH]c3ccccc3c12,6.119186407719209,1,
CN(C)CCOc1ccc(-c2cc(=O)c3c(O)cc(OCCCCCC(=O)NO)cc3o2)cc1,7.6020599913279625,1,
CN(C)CCOc1ccc(-c2nc([C@H](CCCCNS(N)(=O)=O)NC(=O)OCc3ccccc3)cs2)cc1,6.050609993355087,1,
CN(C)CCc1cn(-c2ccc(C(=O)NO)cc2)c2ccccc12,7.920818753952375,1,
CN(C)CCc1cn(Cc2ccc(C(=O)NO)cc2)c2ccccc12,7.410224104417406,2,0.7220898782474906
CN(C)CCc1nc2ccccc2n1Cc1ccc(C(=O)NO)cc1,6.899629454882437,1,
CN(C)CCn1c(-c2cccc(/C=C/C(=O)NO)c2)nc2ccccc21,7.102372908709558,1,
CN(C)CCn1c(=O)n(Cc2ccc(-c3nnc(C(F)F)o3)cn2)c(=O)c2ccccc21,6.6777807052660805,1,
CN(C)CCn1c(SCc2ccc(/C=C/C(=O)NO)cc2)nc2ccccc21,7.823908740944319,1,
CN(C)CCn1c(SCc2ccc(C(=O)NO)cc2)nc2ccccc21,6.356547323513812,1,
CN(C)CCn1cnc2cc(OCc3ccc(-c4nnc(C(F)F)o4)cn3)ccc21,5.259637310505756,1,
CN(C)C[C@@H](Cc1ccccc1)NC(=O)c1ccc(-c2noc(C(F)(F)F)n2)cc1,5.3979400086720375,1,
CN(C)C[C@@H](Cc1ccccc1)NC(=O)c1ccc(-c2noc(C(F)(F)F)n2)cc1F,5.327902142064282,1,
CN(C)C[C@H](Cc1ccccc1)NC(=O)c1ccc(-c2noc(C(F)(F)F)n2)cc1,5.309803919971486,1,
CN(C)C[C@H](Cc1ccccc1)NC(=O)c1ccc(-c2noc(C(F)(F)F)n2)cc1F,5.823908740944319,1,
CN(C)Cc1c(C(=O)NCCOc2ccc(C(=O)NO)cc2)oc2ccccc12,7.8038720772070915,3,0.10411882355522756
CN(C)Cc1ccc(-c2cc3ccc(C(=O)NO)cc3o2)cc1,8.154901959985743,1,
CN(C)Cc1ccc(/C=C/C(=O)NO)cc1,5.166343003107128,1,
CN(C)Cc1ccc(S(=O)(=O)n2ccc(/C=C/C(=O)NO)c2)cc1,7.142667503568731,2,0.0
CN(C)Cc1cn(Cc2ccc(/C=C/C(=O)NO)cc2)c2ccccc12,7.366531544420414,1,
CN(C)Cc1cn(Cc2ccc(C(=O)NO)cc2)c2ccccc12,7.229460116111685,2,0.6054491548613267
CN(C)Cc1cn(S(=O)(=O)c2ccc(/C=C/C(=O)NO)cc2)c2ccccc12,7.769551078621726,1,
CN(C)Cc1cn(S(=O)(=O)c2cccc(/C=C/C(=O)NO)c2)c2ccccc12,7.050609993355087,1,
CN(C)Cc1nn(Cc2ccc(C(=O)NO)cc2)c2ccccc12,6.899629454882437,1,
CN(C)S(=O)(=O)N(Cc1ncc(-c2nnc(C(F)F)o2)s1)c1cccc(Cl)c1,7.920818753952375,3,0.0
CN(C)S(=O)(=O)N(Cc1ncc(-c2nnc(C(F)F)o2)s1)c1cncc(F)c1,7.886056647693163,3,0.0
CN(C)S(=O)(=O)c1ccc(-c2noc(C(F)(F)F)n2)cc1,5.040958607678906,1,
CN(C)S(=O)(=O)c1ccc(F)c(-c2nnn(Cc3ccc(-c4nnc(C(F)F)o4)cc3)n2)c1,7.113509274827518,1,
CN(C)S(=O)(=O)c1ccc(NCCCCCC(=O)NO)c2nonc12,7.037731141112255,2,0.4942464299119894
CN(C)S(=O)(=O)c1ccc(NCCCCCCC(=O)NO)c2nonc12,7.460590408450575,2,0.704302263309526
CN(C)S(=O)(=O)c1ccc(NCCCCCNC(=O)NCC(=O)NO)c2nonc12,5.120330794367947,1,
CN(C)[C@@H]1CCN(c2ccc3c(c2)C(C)(C)C(=O)N(Cc2ccc(-c4nnc(C(F)F)o4)cn2)C3=O)C1,7.6020599913279625,1,
CN(C)[C@@H]1CCN(c2ncc(C(=O)NCCCCCCC(=O)NO)cn2)C1,7.289198036565084,2,0.27193633079626606
CN(C)[C@H]1CCN(c2ccc3c(c2)C(C)(C)C(=O)N(Cc2ccc(-c4nnc(C(F)F)o4)cn2)C3=O)C1,7.537602002101044,1,
CN(C)c1ccc(-c2ccc(C(=O)NO)cc2)cc1,7.920818753952375,1,
CN(C)c1ccc(-c2ccc(Cn3cccc(O)c3=S)cc2)cn1,5.621602099051863,2,0.0
CN(C)c1ccc(-c2cn(CCCCCC(=O)NO)nn2)cc1,8.366531544420413,1,
CN(C)c1ccc(-c2cn(CCCCCCC(=O)NO)nn2)cc1,6.97469413473523,1,
CN(C)c1ccc(-c2cn(CCCCCCCC(=O)NO)nn2)cc1,7.795880017344075,1,
CN(C)c1ccc(-c2cn(CCCCCCCCC(=O)NO)nn2)cc1,6.224025668870631,1,
CN(C)c1ccc(-c2cn(CCCCCn3cccc(O)c3=S)nn2)cc1,5.997402019280091,2,0.0
CN(C)c1ccc(-c2cn(Cc3ccc(-c4nnc(C(F)F)o4)cc3)nn2)cc1,6.698970004336019,1,
CN(C)c1ccc(-c2nc(C(=O)NCc3ccc(/C=C/C(=O)NO)cc3)cc3c2[nH]c2ccccc23)cc1,8.119186407719209,1,
CN(C)c1ccc(-n2cc(Cn3cccc(O)c3=S)nn2)cc1,5.99012436628784,2,0.0
CN(C)c1ccc(/C=C/C=C/C(=O)NO)cc1,5.769551078621726,1,
CN(C)c1ccc(C(=O)N(CC(=O)NC(C)(C)C)Cc2ccc(C(=O)NO)cc2F)cc1,7.698970004336019,1,
CN(C)c1ccc(C(=O)N(CC(=O)NC2CCCCC2)Cc2ccc(C(=O)NO)cc2)cc1,8.795880017344075,1,
CN(C)c1ccc(C(=O)N(CC(=O)NC2CCCCC2)Cc2ccc(C(=O)NO)cc2F)cc1,7.795880017344075,1,
CN(C)c1ccc(C(=O)N(CC(=O)NCc2ccccc2)CC2CCN(c3ncc(C(=O)NO)cn3)CC2)cc1,6.698970004336019,1,
CN(C)c1ccc(C(=O)N(CC(=O)NCc2ccccc2)Cc2ccc(C(=O)NO)cc2)cc1,7.906239639581768,2,0.07405907658265105
CN(C)c1ccc(C(=O)N(CC(=O)NCc2ccccc2)Cc2ccc(C(=O)NO)cc2F)cc1,8.0,2,0.0
CN(C)c1ccc(C(=O)N(CC(=O)NCc2ccccc2)Cc2ccc(C(=O)Nc3cc(-c4ccccc4)ccc3N)cc2)cc1,5.826139891482981,2,0.34569203592213604
CN(C)c1ccc(C(=O)N(CC(=O)NCc2ccccc2)Cc2ccc(C(=O)Nc3ccccc3N)cc2)cc1,6.6386830387330935,2,0.4524412502052916
CN(C)c1ccc(C(=O)N(CCCCCC(=O)NO)C(C)(C)C(=O)NC2CCCCC2)cc1,4.600704830847679,4,0.10175804642598194
CN(C)c1ccc(C(=O)N(CCCCCC(=O)NO)CC(=O)NC(C)(C)C)cc1,5.686261801016156,4,0.061047687810646616
CN(C)c1ccc(C(=O)N(CCCCCC(=O)NO)CC(=O)NC2CCCCC2)cc1,5.810246607760276,4,0.06134710995904074
CN(C)c1ccc(C(=O)N(CCCCCC(=O)NO)CC(=O)NCc2ccccc2)cc1,6.477894131178033,5,0.09964377582320459
CN(C)c1ccc(C(=O)N(CCCCCC(=O)Nc2cc(F)ccc2N)CC(=O)NCc2ccccc2)cc1,5.019555413489357,2,0.2074088606646704
CN(C)c1ccc(C(=O)N(CCCCCC(=O)Nc2ccccc2N)CC(=O)NCc2ccccc2)cc1,5.198685185453801,2,0.23310046315246571
CN(C)c1ccc(C(=O)N(Cc2ccc(C(=O)NO)cc2)C(C)(C)C(=O)NCc2ccccc2)cc1,7.154901959985743,1,
CN(C)c1ccc(C(=O)N/N=C/c2ccc(C(=O)NO)cc2)cc1,7.823908740944319,1,
CN(C)c1ccc(C(=O)N/N=C/c2cccc(C(=O)NO)c2)cc1,6.4089353929735005,1,
CN(C)c1ccc(C(=O)NCCCCCC(=O)NO)cc1,6.170849267125394,2,0.6247442653492692
CN(C)c1ccc(C(=O)NCCCCCCC(=O)NO)cc1,6.417555296794698,3,0.8138383034451979
CN(C)c1ccc(C(=O)NCCCCCCCC(=O)NO)cc1,6.25008775208021,2,0.8323272543041087
CN(C)c1ccc(C(=O)NCCCCCCNC(=O)CS)cc1,6.31695296176115,1,
CN(C)c1ccc(C(=O)NCCCCCCS)cc1,6.214670164989233,1,
CN(C)c1ccc(C(=O)NCCCCCNC(=O)CS)cc1,6.943095148663527,1,
CN(C)c1ccc(C(=O)NCCCCNC(=O)CS)cc1,6.207608310501746,1,
CN(C)c1ccc(C(=O)NCCCNC(=O)CS)cc1,6.665546248849069,1,
CN(C)c1ccc(C(=O)NCc2ccc(/C=C/C(=O)NO)cc2)cc1,6.764471553092451,1,
CN(C)c1ccc(C(=O)N[C@@H](CCCCCC(=O)NO)C(=O)Nc2cccc3cccnc23)cc1,6.0254883072626715,1,
CN(C)c1ccc(CC(N=O)C(=O)NCCS)cc1,5.638272163982407,1,
CN(C)c1ccc(CC(N=O)C(=O)NCCS)cc1Br,6.154901959985743,1,
CN(C)c1ccc(CN(CCCCN)C(=O)CCCCCCC(=O)NO)cc1,4.073657553374345,1,
CN(C)c1ccc(CN(CCCNCCCCN)C(=O)CCCCC(=O)NO)cc1,4.397831448621003,1,
CN(C)c1ccc(CN(Cc2ccc(C(=O)NO)cc2)S(=O)(=O)c2c(F)c(F)c(F)c(F)c2F)cc1,7.537602002101044,1,
CN(C)c1ccc(CNC(=O)NCCC(=O)NO)cc1,7.337242168318426,1,
CN(C)c1ccc(CNCCCCNC(=O)CCCCC(=O)NO)cc1,4.047304400413084,1,
CN(C)c1ccc(CNCCCCNC(=O)CCCCCCC(=O)NO)cc1,4.1797328428390355,1,
CN(C)c1ccc(Cc2ccc(C(=O)NO)cc2)cc1,7.920818753952375,1,
CN(C)c1ccc(NC(=O)CCCCC/C=C(\F)CS)cc1,6.522878745280337,1,
CN(C)c1ccc(NC(=O)CCCCCCS)cc1,5.920818753952375,1,
CN(C)c1ccc(NC(=O)NCCCCCCC(=O)NO)cc1,7.468521082957745,1,
CN(C)c1ccc(NC(=O)NCCCCNC(=O)CS)cc1,5.968521082957745,2,0.28138607863743126
CN(C)c1ccc(Nc2ncnc3sc(NC(=O)CCCCCCC(=O)NO)cc23)cc1F,8.568636235841012,1,
CN(C)c1ccc(Sc2cccc(/C=C/C(=O)NO)c2)cc1,5.065501548756432,1,
CN(C)c1ccc([S+]([O-])CCCCCC(=O)NO)cc1,5.657577319177793,1,
CN(C)c1ccc2c(c1)SC(=S)N1CCCN=C21,5.327902142064282,1,
CN(C)c1ccc2cc(-c3cn(Cc4c(F)cc(-c5nnc(C(F)F)o5)cc4F)nn3)ccc2n1,6.607303046740334,1,
CN(C)c1cccc(COc2cc(-c3noc(C(F)(F)F)n3)ccn2)n1,7.013228265733755,1,
CN(C)c1cccc(Cc2ccc(C(=O)NO)cc2)c1,7.154901959985743,1,
CN(C)c1cccc2c(S(=O)(=O)N(CC(=O)NCc3ccccc3)Cc3ccc(C(=O)NO)cc3)cccc12,6.8794260687941495,1,
CN(C)c1cccc2c(S(=O)(=O)N(CCCCCC(=O)NO)CC(=O)NCc3ccccc3)cccc12,7.337242168318426,1,
CN(C)c1cccc2c(S(=O)(=O)NCCCCCC(=O)NO)cccc12,6.886056647693163,1,
CN(C)c1cccc2c(S(=O)(=O)N[C@H](C(=O)Nc3ccc(C(=O)NO)cc3)c3ccccc3)cccc12,7.224873590169672,2,1.1149018741429673
CN(C)c1cccc2c(SNCCCCCC(=O)NO)cccc12,7.096910013008056,1,
CN(C)c1nc(SCC(=O)c2ccc(CNC(=O)C(C)(C)C)s2)c2ccccc2n1,6.522878745280337,1,
CN(C)c1nc2c(Br)c(Br)c(Br)c(Br)c2n1CCCCCC(=O)NO,6.065501548756432,1,
CN(C)c1nc2c(Br)c(Br)c(Br)c(Br)c2n1CCCCCCCC(=O)NO,5.0467236633326955,2,0.0
CN(C)c1nc2c(s1)Cc1cc(/C=C/C(=O)NO)ccc1-2,6.804100347590767,1,
CN(C)c1nc2cc(-c3nnn(Cc4ccc(-c5nnc(C(F)F)o5)cc4)n3)ccc2o1,6.557520230935552,1,
CN(C)c1ncc(C(=O)NO)cc1F,8.79317412396815,1,
CN(CC(=O)N(Cc1ccc(C(C)(C)C)cc1)c1ccc(C(=O)NO)cc1)S(=O)(=O)c1ccc(F)cc1,7.259637310505756,1,
CN(CC(Nc1ncc(-c2nnc(C(F)F)o2)cn1)c1ccc(F)cc1)C(=O)C1CC1,5.958607314841775,1,
CN(CC(Nc1ncc(-c2nnc(C(F)F)o2)cn1)c1ccc(F)cc1)S(C)(=O)=O,7.6777807052660805,1,
CN(CC(Nc1ncc(-c2nnc(C(F)F)o2)cn1)c1ccc(F)cc1F)S(=O)(=O)C1CC1,7.275724130399211,1,
CN(CC(Nc1ncc(-c2nnc(C(F)F)o2)cn1)c1ccc(OC(F)(F)F)cc1)S(=O)(=O)C1CC1,7.045757490560675,1,
CN(CC(Nc1ncc(-c2nnc(C(F)F)o2)cn1)c1ccc(OC(F)(F)F)cc1F)S(=O)(=O)C1CC1,7.698970004336019,1,
CN(CC(Nc1ncc(-c2nnc(C(F)F)o2)cn1)c1ccc(OC(F)F)cc1F)S(=O)(=O)C1CC1,7.070581074285707,1,
CN(CC(Nc1ncc(-c2nnc(C(F)F)o2)cn1)c1ccc(OC(F)F)cc1F)S(C)(=O)=O,7.3872161432802645,1,
CN(CCCCCC(=O)NO)C(=O)c1ccc(N(C)C)cc1,6.3535962737769305,1,
CN(CCCCCCC(=O)NO)C(=O)c1ccc(C(C)(O)c2ccc(F)cc2)cc1,7.126332945192047,2,0.7239913863240134
CN(CCCCCCC(=O)NO)C(=O)c1ccc(C(C)(O)c2ccccn2)cc1,6.871929886682733,2,0.8086015121938654
CN(CCCCCCC(=O)NO)C(=O)c1ccc(C(O)(c2cc(F)cc(F)c2)c2cc(F)cc(F)c2)cc1,7.277197898363201,2,0.773165888274639
CN(CCCCCCC(=O)NO)C(=O)c1ccc(C(O)(c2ccc(F)cc2)c2ccccn2)cc1,7.083235209120678,2,0.7588013061724023
CN(CCCCCCC(=O)NO)C(=O)c1ccc(C(O)(c2ccc(F)cc2F)c2ccc(F)cc2F)cc1,7.325264100392808,2,0.793080426069919
CN(CCCCCCC(=O)NO)C(=O)c1ccc(C(O)(c2cccc(F)c2)c2cccc(F)c2)cc1,7.2481046584714095,4,0.8682139556679147
CN(CCCCCCC(=O)NO)C(=O)c1ccc(C(O)(c2ccccc2)c2ccncc2)cc1,7.200167610605791,2,0.7701239738885174
CN(CCCCCCC(=O)NO)C(=O)c1ccc(C(O)(c2ccccc2F)c2ccccc2F)cc1,7.462591779677412,2,0.8247208574420573
CN(CCCCCCC(=O)NO)C(=O)c1ccc(C(O)(c2ccccn2)c2ccccn2)cc1,6.851667404869234,2,0.8372569887818541
CN(CCCCCCC(=O)NO)C(=O)c1ccc(C(c2ccccc2)c2ccccc2)cc1,6.796151621183051,2,0.7520087984291949
CN(CCCCCCC(=O)NO)C(=O)c1ccc(N(C(=O)c2ccccc2)c2ccccc2)cc1,6.995572218001893,2,0.8104349061360995
CN(CCCCCCC(=O)NO)C(=O)c1ccc(N(C)c2ccccc2C#N)cc1,7.162799093577359,2,0.41455246911998106
CN(CCCCCCC(=O)NO)C(=O)c1ccc(N(C)c2nc3ccccc3o2)cc1,6.751134445951316,2,0.3103941048269635
CN(CCCCCCC(=O)NO)C(=O)c1ccc(N(c2ccccc2)c2ccccc2)cc1,6.7953209050349175,2,0.4113455708815078
CN(CCCCCCC(=O)NO)C(=O)c1ccc(N(c2ccccc2)c2ccccn2)cc1,7.411954370472159,2,0.5825914578005982
CN(CCCCCCC(=O)NO)C(=O)c1ccc(N(c2ccccc2)c2cccnc2)cc1,7.13220055015091,2,0.08714309847489121
CN(CCCCCCC(=O)NO)C(=O)c1ccc(N(c2ccccc2)c2ncccn2)cc1,7.25713928675921,2,0.6895538568012252
CN(CCCCCCC(=O)NO)C(=O)c1ccc(N(c2ncccn2)c2ncccn2)cc1,6.305482555054674,2,0.562648054394537
CN(CCCCCCC(=O)NO)C(=O)c1ccc(Nc2ccccc2)cc1,7.629818655252878,2,0.4649773815450885
CN(CCCCCCC(=O)NO)C(=O)c1ccc(Nc2nc3ccccc3s2)cc1,7.532750774378217,2,0.23506948933353683
CN(CCCCCCC(=O)NO)C(=O)c1cccc(C(O)(c2ccc(F)cc2)c2ccc(F)cc2)c1,6.799921038304776,2,0.4847166996317246
CN(CCOc1ccc(C(=O)NO)cc1)c1nc(N)n2nc(-c3ccco3)nc2n1,7.7447274948966935,1,
CN(CCOc1no[n+]([O-])c1S(=O)(=O)c1ccccc1)C(=O)c1ccc(/C=C/C(=O)NO)cc1,6.795880017344075,1,
CN(CCc1ccc(C(=O)NO)cc1)c1nc(N)n2nc(-c3ccco3)nc2n1,7.769551078621726,1,
CN(CCc1ccccc1)S(=O)(=O)c1cccc(/C=C/C(=O)NO)c1,8.301029995663981,2,0.0
CN(C[C@@H](Nc1ncc(-c2nnc(C(F)F)o2)cn1)c1ccc(F)cc1F)S(C)(=O)=O,7.3872161432802645,1,
CN(C[C@H](Nc1ncc(-c2nnc(C(F)F)o2)cn1)c1ccc(F)cc1)C(=O)C1CC1,7.113509274827518,1,
CN(Cc1cc(-c2nnc(C(F)F)o2)no1)c1cccc(Cl)c1,6.5934598195660445,1,
CN(Cc1cc(-c2nnc(C(F)F)o2)on1)c1cccc(Cl)c1,6.285670240254767,1,
CN(Cc1ccc(-c2nc(Cc3c(F)cc(-c4nnc(C(F)F)o4)cc3F)no2)cc1)C(=O)C(F)F,6.896196279044043,1,
CN(Cc1ccc(-c2nc(Cc3ccc(-c4nnc(C(F)F)o4)cc3)no2)cc1)C(=O)C(F)F,6.357535479757878,1,
CN(Cc1ccc(-n2cnn(CCCCc3ccc(C(=O)NO)cc3)c2=O)cc1)CC(O)(Cn1cncn1)c1ccc(F)cc1F,6.044154920623069,2,1.2397898827362908
CN(Cc1ccc(/C=C/C(=O)NO)cc1)CC12CC3CC(CC(C3)C1)C2,8.150234133600456,3,0.7419346743740076
CN(Cc1ccc(/C=C/C(=O)NO)cc1F)CC12CC3CC(CC(C3)C1)C2,7.332773124424534,2,0.8316221045724969
CN(Cc1ccc(/C=C/C(=O)NO)cc1F)CC1CCCCC1,7.721246399047171,1,
CN(Cc1ccc(C(=O)CSc2nc(C(F)(F)F)nc3nn(C)cc23)s1)C(=O)CO,6.522878745280337,1,
CN(Cc1ccc(C(=O)CSc2ncnc3c2cnn3C)s1)C(=O)C(C)(C)C,6.522878745280337,1,
CN(Cc1ccc(C(=O)CSc2ncnc3c2cnn3C)s1)C(=O)C1CC1,6.522878745280337,1,
CN(Cc1ccc(C(=O)CSc2ncnc3c2cnn3C)s1)S(=O)(=O)C1CC1,6.522878745280337,1,
CN(Cc1ccc(C(=O)CSc2ncnc3c2cnn3C)s1)S(=O)(=O)Cc1ccncc1,6.09350991698026,2,0.6072192202422145
CN(Cc1ccc(C(=O)NO)cc1)C(=O)O[C@@H]1C[C@@H](c2nc3cccc(Cl)c3c(=O)n2C)N(c2nc(N)nc(N)c2C#N)C1,7.958607314841775,1,
CN(Cc1ccc(C(=O)NO)cc1)C(=O)c1c(F)c(F)c(F)c(F)c1F,7.769551078621726,1,
CN(Cc1ccc(C(=O)NO)cc1)C(=O)c1ccccc1,7.5386372710033696,2,0.04242494293054781
CN(Cc1ccc(C(=O)NO)cc1)CC12CC3CC(CC(C3)C1)C2,7.0915149811213505,2,0.0
CN(Cc1ccc(C(=O)NO)cc1)S(=O)(=O)c1c(F)c(F)c(F)c(F)c1F,8.698970004336019,1,
CN(Cc1ccc(C(=O)NO)cc1F)CC12CC3CC(CC(C3)C1)C2,7.349411253555849,9,0.2531239965304469
CN(Cc1ccc(C(=O)NO)cn1)C12CC3C[C@@](C)(C1)C[C@](C)(C3)C2,6.078313524516398,1,
CN(Cc1ccc(OCCCOc2ccc(CC(=O)NO)cc2)cc1)CC(O)(Cn1cncn1)c1ccc(F)cc1F,5.895242492728684,2,0.4618909980464568
CN(Cc1ccc2c(c1)CCC(C(=O)NO)=C2)CC12CC3CC(CC(C3)C1)C2,7.853871964321762,1,
CN(Cc1ccc2nccnc2c1)C(=O)c1ccc(C(=O)C(F)(F)F)s1,7.048992492423616,3,0.002801593794597221
CN(Cc1ccccc1)C(=O)c1cc(C(=O)C(F)(F)F)cs1,6.1938200260161125,1,
CN(Cc1ccccc1)C(=O)c1ccc(-c2noc(C(F)(F)F)n2)cc1,5.692503962086787,1,
CN(Cc1ccccc1)C(=O)c1ccc(C(=O)C(F)(F)F)s1,6.638272163982407,3,0.0
CN(Cc1ccccc1)C(=O)c1cnc(C(=O)C(F)(F)F)s1,5.886056647693163,1,
CN(Cc1ccccc1)Cc1ccc(C(=O)C(F)(F)F)s1,6.309803919971486,1,
CN(Cc1ccccc1)S(=O)(=O)N(Cc1ncc(-c2nnc(C(F)F)o2)s1)c1cncc(F)c1,7.387216143280265,3,0.0
CN(Cc1ccccc1)S(=O)(=O)c1ccc(C(=O)C(F)(F)F)s1,6.136677139879544,1,
CN(Cc1ccccc1)S(=O)(=O)c1csc(C(=O)C(F)(F)F)c1,5.6020599913279625,1,
CN(Cc1ccccc1)c1cc(NCC(=O)NO)nc(-c2cccnc2)n1,5.134540677338036,1,
CN(Cc1ccccc1)c1cc(NCCCC(=O)NO)nc(-c2cccnc2)n1,6.417936637088291,1,
CN(Cc1ccccc1)c1cc(NCCCCC(=O)NO)nc(-c2ccccn2)n1,5.697885623043799,1,
CN(Cc1ccccc1)c1cc(NCCCCCC(=O)NO)nc(-c2ccccn2)n1,6.34008379993015,1,
CN(Cc1ccccc1)c1cc(NCCCCCCC(=O)NO)nc(-c2ccccn2)n1,6.15676722190199,1,
CN(Cc1ccccc1)c1cc(NCCCCCCC(=O)NO)nc(-c2cccnc2)n1,7.522878745280337,1,
CN(Cc1ccccc1)c1ccc2c3c(cccc13)C(=O)N(CCCCCC(=O)NO)C2=O,8.013228265733755,1,
CN(Cc1ccccc1)c1nc2cc(C(=O)NO)ccc2n1C,7.522878745280337,1,
CN(Cc1ccccc1)c1nc2cc(C(=O)NO)ccc2o1,7.200659450546418,1,
CN(Cc1ccnc(Cl)c1)c1ncc(-c2noc(C(F)(F)F)n2)cn1,5.6777807052660805,1,
CN(Cc1ccncc1)Cc1ccc(-c2cn(Cc3c(F)cc(-c4nnc(C(F)F)o4)cc3F)nn2)cc1,7.045757490560675,1,
CN(Cc1ccncc1)Cc1ccc(-c2cn(Cc3ccc(-c4nnc(C(F)F)o4)cc3)nn2)cc1,6.549750891680639,1,
CN(Cc1ccncc1)Cc1ccc(-c2nc(Cc3c(F)cc(-c4nnc(C(F)F)o4)cc3F)no2)cc1,6.442492798094342,1,
CN(Cc1ccncc1)Cc1ccc(-c2nnn(Cc3c(F)cc(-c4nnc(C(F)F)o4)cc3F)n2)cc1,6.939302159646388,1,
CN(Cc1ccncc1)Cc1ccc(-c2nnn(Cc3ccc(-c4nnc(C(F)F)o4)cc3)n2)cc1,6.821023052706831,1,
CN(Cc1ccncc1)c1ncc(-c2noc(C(F)(F)F)n2)cn1,5.173925197299173,1,
CN(Cc1nc2c(N3CCOCC3)nc(-c3ccc(N)cc3)nc2n1C)c1ncc(C(=O)NO)cn1,8.344335023848103,2,0.21286035127455813
CN(Cc1nc2c(N3CCOCC3)nc(-c3ccncc3)nc2n1C)c1ncc(C(=O)NO)cn1,8.384647843193715,2,0.2601988802010339
CN(Cc1nc2c(N3CCOCC3)nc(-c3cnc(N)nc3)nc2n1C)c1ncc(C(=O)NO)cn1,8.069531689649953,2,0.5825914578005982
CN(Cc1nc2cc(C(=O)NO)ccc2n1C)c1ccccc1,8.050609993355087,1,
CN(Cc1ncc(-c2nnc(C(F)F)o2)s1)c1cccc(Cl)c1,7.4685210829577455,3,0.0
CN(Cc1ncc(-c2nnc(C(F)F)o2)s1)c1cccnc1,5.886056647693163,3,0.0
CN(Cc1ncc(-c2nnc(C(F)F)o2)s1)c1cncc(C#N)c1,7.1938200260161125,3,0.0
CN(Cc1ncc(C(=O)NO)cc1F)C1(c2ccccc2)CC1,7.136677139879544,1,
CN(c1ccc(C(=O)NCCCCCCC(=O)NO)cc1)c1c(Cl)cccc1Cl,8.030240373690692,2,0.6966958664474752
CN(c1ccc(C(=O)NCCCCCCC(=O)NO)cc1)c1c(F)cccc1F,7.639915227485117,4,0.7911690372619635
CN(c1ccc(C(=O)NCCCCCCC(=O)NO)cc1)c1ccccc1C#N,8.018106086327222,2,0.5371662844294067
CN(c1ccc(C(=O)NCCCCCCC(=O)NO)cc1)c1ccccc1C(F)(F)F,7.983288122256525,2,0.7630963772096238
CN(c1ccc(C(=O)NCCCCCCC(=O)NO)cc1)c1cnccn1,7.354648878356073,2,0.45697741205052855
CN(c1ccc(C(=O)NCCCCCCC(=O)NO)cc1)c1nc2ccccc2o1,7.5197646112328504,2,0.620617303192217
CN(c1ccc(C(=O)NO)cc1)C1CCN(c2ccccc2)C1=O,4.311580177997289,1,
CN(c1ccc(Cl)c(Cl)c1)c1ncc(C(=O)NO)cn1,7.42021640338319,1,
CN(c1ccc(OCC(=O)NO)cc1)c1ncnc2ccccc12,7.853871964321762,1,
CN(c1ccc(OCCCC(=O)NO)cc1)c1ncnc2ccccc12,7.468521082957745,1,
CN(c1ccc(OCCCCC(=O)NO)cc1)c1ncnc2ccccc12,7.309803919971486,1,
CN(c1ccc(OCCCCCC(=O)NO)cc1)c1ncnc2ccccc12,7.721246399047171,1,
CN(c1cccc2ccccc12)S(=O)(=O)C1CC2OC1C(c1ccc(NC(=O)CCCCCCC(=O)O)cc1)=C2c1ccc(O)cc1,5.8794260687941495,1,
CN(c1ccccc1)S(=O)(=O)c1cccc(/C=C/C(=O)NO)c1,8.387216143280265,1,
CN(c1ccccc1)c1ncc(C(=O)NCCCCCCC(=O)NO)cn1,7.774875445840319,2,0.6321157082187809
CN(c1ccccc1)c1ncc(NC(=O)CS)cn1,7.136677139879544,1,
CN(c1ccccc1Cl)S(=O)(=O)C1CC2OC1C(c1ccc(NC(=O)CCCCCCC(=O)O)cc1)=C2c1ccc(O)cc1,5.343901797987169,1,
CN(c1ncc(-c2nnc(C(F)F)o2)cn1)C1(c2ccc(F)cc2)CC1,5.045757490560675,1,
CN(c1ncc(C(=O)NO)cc1F)C1(c2ccccc2)CC1,8.473660722610155,1,
CN(c1ncc(C(=O)NO)cn1)C12CC3CC(CC(C3)C1)C2,7.481486060122112,1,
CN1C(=O)C(C)(C)c2cc(C3CC3NCC3CCN(CCCc4ccc(C(=O)NO)cc4)CC3)ccc21,6.903089986991944,1,
CN1C(=O)C(C)(C)c2cc([C@@H]3C[C@H]3NCC3CCN(CCCc4ccc(C(=O)NO)cc4)CC3)ccc21,6.71669877129645,1,
CN1C(=O)C(C)(C)c2cc([C@H]3C[C@@H]3NCC3CCN(CCCc4ccc(C(=O)NO)cc4)CC3)ccc21,6.8696662315049934,1,
CN1C(=O)C(NC(=O)CCCCC(=O)NO)N=C(c2ccccc2)c2ccccc21,6.42021640338319,1,
CN1C(=O)C(NC(=O)CCCCCC(=O)NO)N=C(c2ccccc2)c2ccccc21,6.619788758288394,2,0.17669005577721764
CN1C(=O)C(NC(=O)CCCCCCCC(=O)NO)N=C(c2ccccc2)c2ccccc21,5.631881450547636,2,0.8343397556996085
CN1C(=O)C2CN(Cc3c2c2ccccc2n3Cc2ccc(C(=O)NO)cc2)C1=O,8.77642098432889,2,0.5352529288741225
CN1C(=O)C2Cc3c(n(Cc4ccc(C(=O)NO)cc4)c4ccccc34)CN2C1=O,8.619788758288394,1,
CN1C(=O)CC(C)(C)c2cc(C(=O)NCCCCCCC(=O)NO)ccc21,6.886056647693163,1,
CN1C(=O)CCC[C@H]1C(=O)N[C@@H](CCCCCS)C(=O)Nc1ccccc1,8.522878745280337,1,
CN1C(=O)CC[C@@H]1C(=O)N[C@@H](CCCCCS)C(=O)Nc1ccccc1,8.301029995663981,1,
CN1C(=O)CN=C(c2ccccc2)c2cc(C#C/C=C/C(=O)NO)ccc21,5.95413135850417,2,1.1904123694407576
CN1C(=O)CN=C(c2ccccc2)c2cc(C#CCCCC(=O)NO)ccc21,5.474955192963154,1,
CN1C(=O)CN=C(c2ccccc2)c2cc(C#CCCCCC(=O)NO)ccc21,5.229147988357855,1,
CN1C(=O)CNC(=O)/C1=C/c1ccc(-c2ccc(/C=C/C(=O)NO)cc2)cc1,7.958607314841775,1,
CN1C(=O)CNC(=O)/C1=C/c1ccc(/C=C/C(=O)NO)cc1,7.337242168318426,1,
CN1C(=O)CNC(=O)/C1=C/c1ccc(/C=C/C(=O)NO)cc1C(F)(F)F,7.769551078621726,1,
CN1C(=O)CNC(=O)/C1=C/c1ccc(/C=C/C(=O)NO)cc1F,7.7447274948966935,1,
CN1C(=O)CNC(=O)/C1=C/c1ccc(C(=O)NCCC(=O)NO)cc1,6.614393726401688,1,
CN1C(=O)CNC(=O)/C1=C/c1ccc(C(=O)NCCCCCCC(=O)NO)cc1,8.522878745280337,1,
CN1C(=O)CNC(=O)/C1=C/c1ccc(C(=O)NCCCNC(=O)c2ccc(C(=O)NO)cc2)cc1,7.721246399047171,1,
CN1C(=O)CNC(=O)/C1=C/c1ccc(C(=O)NCCNC(=O)c2ccc(C(=O)NO)cc2)cc1,7.619788758288394,1,
CN1C(=O)CNC(=O)/C1=C/c1ccc(C(=O)NCc2ccc(C(=O)NO)cc2)cc1,8.065501548756432,1,
CN1C(=O)CNC(=O)/C1=C/c1ccc(C(=O)NCc2cccc(C(=O)NO)c2)cc1,7.107905397309519,1,
CN1C(=O)CNC(=O)/C1=C/c1ccc(C(=O)NO)cc1,6.899629454882437,1,
CN1C(=O)CNC(=O)/C1=C/c1ccc(C(=O)Nc2ccc(C(=O)NO)cc2)cc1,7.853871964321762,1,
CN1C(=O)CNC(=O)/C1=C/c1ccc(C(=O)Nc2cccc(C(=O)NO)c2)cc1,6.301029995663981,1,
CN1C(=O)CNC(=O)/C1=C/c1ccc(NCc2ccc(C(=O)NO)cc2)cc1,8.2839966563652,1,
CN1C(=O)CNC(=O)/C1=C/c1ccc(OCC(=O)NO)cc1,6.464705879957229,1,
CN1C(=O)CNC(=O)/C1=C/c1ccc(OCc2ccc(C(=O)NO)cc2)cc1,8.585026652029182,1,
CN1C(=O)N(Cc2ccc(C(=O)NO)cc2)C(=O)C1Cc1ccccc1,6.96657624451305,1,
CN1C(=O)N(c2ccc(Cl)cc2)C(=O)C1CCC(=O)NCc1ccc(C(=O)NO)cc1,7.920818753952375,1,
CN1C(=O)N(c2ccc(Cl)cc2)C(=O)C1CCC(=O)Nc1ccc(C(=O)NO)cc1,8.154901959985743,1,
CN1C(=O)[C@@H](NC(=O)CCCCCCC(=O)NO)N=C(c2ccccc2)c2ccccc21,6.659379381312206,2,0.3697311065260401
CN1C(=O)[C@@H](O)N=C(c2ccccc2)c2cc(C#CCCCC(=O)NO)ccc21,5.149966742310231,1,
CN1C(=O)[C@H](NC(=O)CCCCCCC(=O)NO)N=C(c2ccccc2)c2ccccc21,5.847862474761436,2,0.9344781424603065
CN1C(=O)[C@H](O)N=C(c2ccccc2)c2cc(C#CCCCC(=O)NO)ccc21,6.006166867536862,2,0.6187617532979387
CN1C(C)(C)CC(NC(=O)c2ccc(-c3noc(C(F)(F)F)n3)cc2)CC1(C)C,5.337242168318426,1,
CN1C2CCC1CC(NC(=O)NC(=O)c1ccccc1O)C2,6.555955204081924,1,
CN1CC(=O)N(Cc2ccc(C(=O)NO)cc2)C1=O,6.924453038607469,1,
CN1CC(=O)N(c2ccc(-c3noc(C(F)(F)F)n3)cc2)C(c2ccccc2)C1,7.7447274948966935,1,
CN1CC(=O)N2Cc3c(c4ccccc4n3Cc3ccc(C(=O)NO)cc3)CC2C1=O,7.853871964321762,1,
CN1CC(=O)Nc2cc(-c3cn(Cc4c(F)cc(-c5nnc(C(F)F)o5)cc4F)nn3)ccc2C1,6.6777807052660805,1,
CN1CC(C(=O)N(Cc2ccc(-c3noc(C(F)(F)F)n3)cn2)c2cccc(F)c2)CCC1=O,8.045757490560675,1,
CN1CC(C(=O)N[C@@H](CCCCCC(=O)c2ccon2)C2NC(c3ccccc3F)=NC2Cl)C1,5.070581074285707,1,
CN1CC(C(=O)N[C@@H](CCCCCC(=O)c2ccon2)c2nc(Cl)c(-c3ccc(F)cc3)[nH]2)C1,5.337242168318426,1,
CN1CC(C(=O)N[C@@H](CCCCCC(=O)c2ccon2)c2ncc(-c3ccccc3F)[nH]2)C1,4.346787486224656,1,
CN1CC(C(=O)N[C@@H](CCCCCC(=O)c2ncco2)c2nc(-c3ccc(F)cc3)c[nH]2)C1,4.346787486224656,1,
CN1CC(C(=O)Nc2cccc(-c3cn(Cc4c(F)cc(-c5nnc(C(F)F)o5)cc4F)nn3)c2)C1,7.468521082957745,1,
CN1CC(C(=O)Nc2cccc(-c3cn(Cc4ccc(-c5nnc(C(F)F)o5)cc4)nn3)c2)C1,7.1938200260161125,1,
CN1CC2(C1)C(=O)N(Cc1ccc(-c3nnc(C(F)F)o3)cn1)C(=O)N2c1ccccc1,6.617982957425132,1,
CN1CC2(C1)CN(C(=S)N(Cc1ccc(-c3nnc(C(F)F)o3)cc1)c1ccc(F)c(Cl)c1)C2,7.050609993355087,1,
CN1CC2(C1)CN(C(=S)N(Cc1ccc(-c3nnc(C(F)F)o3)cc1)c1ccc(F)c(F)c1)C2,7.619788758288394,1,
CN1CC2(C1)CN(C(=S)N(Cc1ccc(-c3nnc(C(F)F)o3)cc1)c1ccc(F)cc1)C2,7.221848749616356,1,
CN1CC2(C1)CN(C(=S)N(Cc1ccc(-c3nnc(C(F)F)o3)cc1)c1cccc(F)c1)C2,7.4089353929735005,1,
CN1CC2(C1)CN(C(=S)N(Cc1ccc(-c3nnc(C(F)F)o3)cc1F)c1ccc(Cl)c(Cl)c1)C2,7.207608310501746,1,
CN1CC2(C1)CN(C(=S)N(Cc1ccc(-c3nnc(C(F)F)o3)cc1F)c1ccc(F)c(Cl)c1)C2,7.337242168318426,1,
CN1CC2(C1)CN(C(=S)N(Cc1ccc(-c3nnc(C(F)F)o3)cc1F)c1ccc(F)c(F)c1)C2,7.119186407719209,1,
CN1CC2(C1)CN(C(=S)N(Cc1ccc(-c3nnc(C(F)F)o3)cc1F)c1ccc(F)cc1)C2,7.3872161432802645,1,
CN1CC2(C1)CN(C(=S)N(Cc1ccc(-c3nnc(C(F)F)o3)cc1F)c1ccc(F)cc1F)C2,6.8696662315049934,1,
CN1CC2(C1)CN(C(=S)N(Cc1ccc(-c3nnc(C(F)F)o3)cc1F)c1cccc(F)c1)C2,7.366531544420414,1,
CN1CC2(C1)CN(C(=S)N(Cc1ccc(-c3nnc(C(F)F)o3)cc1F)c1ccccc1)C2,7.346787486224656,1,
CN1CC2(C1)CN(c1c(N(Cc3ccc(-c4nnc(C(F)F)o4)cc3)c3ccccc3)c(=O)c1=O)C2,7.221848749616356,1,
CN1CC2(CC(=O)c3cc(/C=C/C(=O)NO)ccc3O2)C1,6.774690718274137,1,
CN1CC2(CCCCC2)CC[C@H]1Cc1cc(F)cc(C(=O)NO)c1,9.0,1,
CN1CC2(CCN(C(=S)N(Cc3ccc(-c4nnc(C(F)F)o4)cc3F)c3ccc(F)c(F)c3)CC2)C1,7.096910013008056,1,
CN1CC2(CCN(Cc3ccc(C(=O)NO)cc3)CC2)c2ccccc21,6.578396073130168,1,
CN1CC=C(c2ccc3c(c2)C(C)(C)C(=O)N(Cc2ccc(-c4nnc(C(F)F)o4)cn2)C3=O)CC1,7.455931955649724,1,
CN1CC=C(c2cccc(N3C(=O)N(Cc4ccc(-c5nnc(C(F)F)o5)cn4)C(=O)C3(C)C)c2)CC1,7.070581074285707,1,
CN1CCC(C(=O)N(Cc2ccc(-c3noc(C(F)(F)F)n3)cn2)c2cccc(F)c2)C1,8.080921907623926,1,
CN1CCC(C(=O)N[C@@H](CCCCCC(=O)c2ncco2)c2nc(-c3ccc(F)cc3)c[nH]2)CC1,4.346787486224656,1,
CN1CCC(C(=O)N[C@@H](CCCCCC(=O)c2nccs2)c2nc(-c3ccc(F)cc3)c[nH]2)CC1,4.346787486224656,1,
CN1CCC(Cn2c(=O)n(Cc3ccc(-c4nnc(C(F)F)o4)cn3)c(=O)c3cc(F)ccc32)CC1,7.008773924307505,1,
CN1CCC(Cn2c(=O)n(Cc3ccc(-c4nnc(C(F)F)o4)cn3)c(=O)c3ccccc32)CC1,6.707743928643524,1,
CN1CCC(NC(=O)c2ccc(-c3nnn(Cc4ccc(-c5nnc(C(F)F)o5)cc4)n3)cc2)CC1,6.703334809738469,1,
CN1CCC(NC(=O)c2ccc(-c3noc(C(F)(F)F)n3)cc2)CC1,5.4089353929735005,1,
CN1CCC(NC(=O)c2cccc(-c3nnn(Cc4ccc(-c5nnc(C(F)F)o5)cc4)n3)c2)CC1,7.481486060122112,1,
CN1CCC(c2ccc3c(c2)C(=O)N(Cc2ccc(-c4nnc(C(F)F)o4)cn2)C(=O)C3(C)C)CC1,7.376750709602099,1,
CN1CCC(c2ccc3c(c2)C(C)(C)C(=O)N(Cc2ccc(-c4nnc(C(F)F)o4)cn2)C3=O)CC1,7.721246399047171,1,
CN1CCC(c2cccc(N3C(=O)N(Cc4ccc(-c5nnc(C(F)F)o5)cn4)C(=O)C3(C)C)c2)CC1,7.045757490560675,1,
CN1CCC2(CC(=O)c3cc(/C=C/C(=O)NO)ccc3O2)C1,6.924453038607469,1,
CN1CCC2(CC1)C(=O)N(Cc1c(F)cc(C(=O)NO)cc1F)CN2c1ccccc1,8.0,1,
CN1CCC2(CC1)C(=O)N(Cc1ccc(-c3nnc(C(F)F)o3)cn1)C(=O)N2c1cccc(F)c1,6.982966660701219,1,
CN1CCC2(CC1)C(=O)N(Cc1ccc(C(=O)NO)cc1)CN2c1ccccc1,7.886056647693163,1,
CN1CCC2(CC1)C(=O)N(Cc1ccc(C(=O)NO)cc1F)CN2c1ccccc1,8.113509274827518,1,
CN1CCC2(CC1)CC(C(=S)N(Cc1ccc(-c3nnc(C(F)F)o3)cc1F)c1ccccc1)C2,7.1249387366083,1,
CN1CCC2(CC1)CC(N1CCc3cc(C(=O)NO)cnc3C1)C2,6.259637310505756,1,
CN1CCC2(CC1)CN(C(=S)N(Cc1ccc(-c3nnc(C(F)F)o3)cc1F)c1ccc(F)c(F)c1)C2,7.552841968657781,1,
CN1CCC2(CC1)CN(Cc1ccc(C(=O)NO)cc1)c1ccccc12,6.690369832574101,1,
CN1CCC2(CC1)CN(Cc1ccc(C(=O)NO)s1)c1ccccc12,5.7495799976911055,1,
CN1CCC2(CC1)C[C@@H]2C(=O)N[C@@H](CCCCCC(=O)c1ccon1)c1[nH]c(-c2ccccc2F)nc1Cl,5.337242168318426,1,
CN1CCC2(CC1)C[C@@H]2C(=O)N[C@@H](CCCCCC(=O)c1ccon1)c1nc(-c2ccccc2F)c[nH]1,4.346787486224656,1,
CN1CCC2(CC1)C[C@@H]2C(=O)N[C@@H](CCCCCC(=O)c1ccon1)c1nc(Cl)c(-c2ccc(F)cc2)[nH]1,5.508638306165727,1,
CN1CCC2(CC1)C[C@@H]2C(=O)N[C@@H](CCCCCC(=O)c1ncco1)c1[nH]c(-c2ccc(F)cc2)nc1C#N,4.346787486224656,1,
CN1CCC2(CC1)C[C@@H]2C(=O)N[C@@H](CCCCCC(=O)c1ncco1)c1oc(-c2ccc(F)cc2)nc1C#N,4.346787486224656,1,
CN1CCC2(CC1)c1ccccc1N(Cc1ccc(C(=O)NO)cc1)C2c1ccc(Cl)cc1,6.782516055786093,1,
CN1CCC2(CC1)c1ccccc1N(Cc1ccc(C(=O)NO)cc1)C2c1ccc(F)cc1,6.847711655616944,1,
CN1CCC2(CC1)c1ccccc1N(Cc1ccc(C(=O)NO)cc1)C2c1cccc(Cl)c1,6.954677021213342,1,
CN1CCC2(CC1)c1ccccc1N(Cc1ccc(C(=O)NO)cc1)C2c1ccccc1,7.136677139879544,1,
CN1CCC2(CC1)c1ccccc1N(Cc1ccc(C(=O)NO)cc1)C2c1ccccc1F,7.537602002101044,1,
CN1CCC2(CC1)c1ccccc1N(Cc1ccc(C(=O)NO)cc1)C2c1cccnc1,6.950781977329818,1,
CN1CCC2(CCC(N3CCc4cc(C(=O)NO)cnc4C3)C2)CC1,6.259637310505756,1,
CN1CCC2=C(C1)N(Cc1ccc(C(=O)NO)cc1)c1ccccc1S2,7.494850021680094,1,
CN1CCC2C(C1)c1ccccc1N2Cc1ccc(C(=O)NO)cc1,7.823908740944319,1,
CN1CCC2C(C1)c1ccccc1N2Cc1ncc(C(=O)NO)cc1F,8.638272163982407,1,
CN1CCC2c3ccccc3N(Cc3ccc(C(=O)NO)cc3)C2C1,7.823908740944319,1,
CN1CCCC(NC(=O)c2ccc(-c3noc(C(F)(F)F)n3)cc2)C1,5.1938200260161125,1,
CN1CCCC(Nc2ncc(C(=O)NO)cc2F)C1=O,7.657577319177793,1,
CN1CCCC1c1cn(Cc2ccc(C(=O)NO)cc2)c2ccccc12,6.899629454882437,1,
CN1CCCC2(CC(=O)c3cc(/C=C/C(=O)NO)ccc3O2)C1,6.625251653989896,1,
CN1CCCC2(CC1)CC(=O)c1cc(/C=C/C(=O)NO)ccc1O2,6.943095148663527,1,
CN1CCC[C@@H](NC(=O)c2ccc(-c3noc(C(F)(F)F)n3)cc2)C1,5.142667503568731,1,
CN1CCC[C@@H](n2c(-c3cccc(/C=C/C(=O)NO)c3)nc3ccccc32)C1,7.0,1,
CN1CCC[C@H](n2c(-c3cccc(/C=C/C(=O)NO)c3)nc3ccccc32)C1,7.20170145218677,2,0.1404717733162382
CN1CCC[C@]2(C1)C[C@@H](N1CCc3cc(C(=O)NO)cnc3C1)C2,6.259637310505756,1,
CN1CCC[C@]2(C1)C[C@H](N1CCc3cc(C(=O)NO)cnc3C1)C2,6.259637310505756,1,
CN1CCN(C(=O)Cc2ccc(-c3noc(C(F)(F)F)n3)cc2)CC1,5.251811972993799,1,
CN1CCN(C(=O)Nc2cccc(-c3cn(Cc4c(F)cc(-c5nnc(C(F)F)o5)cc4F)nn3)c2)CC1,7.552841968657781,1,
CN1CCN(C(=O)Nc2cccc(-c3cn(Cc4ccc(-c5nnc(C(F)F)o5)cc4)nn3)c2)CC1,7.207608310501746,1,
CN1CCN(C(=O)Nc2cccc(-c3cn(Cc4ccc(-c5nnc(C(F)F)o5)cn4)nn3)c2)CC1,7.657577319177793,1,
CN1CCN(C(=O)c2ccc(-c3noc(C(F)(F)F)n3)cc2)CC1,4.2564902352715706,1,
CN1CCN(C(=S)N(Cc2ccc(-c3nnc(C(F)F)o3)cc2)c2ccccc2)CC1,7.431798275933005,1,
CN1CCN(C(=S)N(Cc2ccc(-c3nnc(C(F)F)o3)cc2F)c2ccccc2)CC1,7.443697499232712,1,
CN1CCN(CC(=O)N(Cc2ccc(-c3noc(C(F)(F)F)n3)cc2)c2cccc(C(F)(F)F)c2)CC1,7.1938200260161125,1,
CN1CCN(CC(=O)Nc2ccc(-c3ccnc(Nc4ccc(OCCCCCCC(=O)NO)cc4)n3)cc2)CC1,8.214670164989233,1,
CN1CCN(CC(=O)Nc2ccc(-c3ccnc(Nc4cccc(OCCCCCCC(=O)NO)c4)n3)cc2)CC1,8.167491087293763,1,
CN1CCN(CC2C(=O)c3c(n(Cc4ccc(C(=O)NO)cc4)c4ccc(F)cc34)CC2(C)C)CC1,8.698970004336019,1,
CN1CCN(CC2CCc3c(c4cc(F)ccc4n3Cc3ccc(C(=O)NO)cc3)C2=O)CC1,8.34948500216801,2,0.0685257273628731
CN1CCN(CC2CCc3c(c4ccccc4n3Cc3ccc(C(=O)NO)cc3)C2=O)CC1,7.920818753952375,1,
CN1CCN(CCN(C)S(=O)(=O)N(Cc2ccc(-c3nnc(C(F)F)o3)cc2)c2ccccc2)CC1,4.299313585768663,1,
CN1CCN(CCNC(=O)c2ccc(C(=O)NO)cc2)CC1,5.866461091629782,1,
CN1CCN(CCc2cn(-c3ccc(C(=O)NO)cc3)c3ccccc23)CC1,8.531652669587842,1,
CN1CCN(CCc2cn(CC3=CCC(C(=O)NO)C=C3)c3ccccc23)CC1,8.531652669587842,1,
CN1CCN(Cc2ccc(-c3nc4ccc(C(=O)NO)cc4[nH]3)cc2)CC1,8.154901959985743,2,0.0
CN1CCN(Cc2ccc(C(=O)/C=C/c3ccc(/C=C/C(=O)NO)cc3)cc2)CC1,6.73754891026957,1,
CN1CCN(Cc2ccc(C(=O)/C=C/c3ccc(/C=C/C(=O)NO)nc3)cc2)CC1,7.568636235841012,1,
CN1CCN(Cc2ccc(C(=O)/C=C/c3cccc(/C=C/C(=O)NO)c3)cc2)CC1,7.769551078621726,1,
CN1CCN(Cc2ccc(C(=O)/C=C/c3cccc(/C=C/C(=O)NO)n3)cc2)CC1,7.3872161432802645,1,
CN1CCN(Cc2ccc(C(=O)NO)cc2)CC1,6.552841968657781,1,
CN1CCN(Cc2cccc(C(=O)/C=C/c3ccc(/C=C/C(=O)NO)cc3)c2)CC1,6.645891560852599,1,
CN1CCN(Cc2cccc(C(=O)/C=C/c3ccc(/C=C/C(=O)NO)nc3)c2)CC1,7.275724130399211,1,
CN1CCN(Cc2cccc(C(=O)/C=C/c3cccc(/C=C/C(=O)NO)c3)c2)CC1,7.619788758288394,1,
CN1CCN(Cc2cccc(C(=O)/C=C/c3cccc(/C=C/C(=O)NO)n3)c2)CC1,7.251811972993799,1,
CN1CCN(Cc2ccccc2C(=O)/C=C/c2ccc(/C=C/C(=O)NO)cc2)CC1,6.455931955649724,1,
CN1CCN(Cc2ccccc2C(=O)/C=C/c2ccc(/C=C/C(=O)NO)nc2)CC1,7.920818753952375,1,
CN1CCN(Cc2ccccc2C(=O)/C=C/c2cccc(/C=C/C(=O)NO)c2)CC1,7.130768280269024,1,
CN1CCN(Cc2ccccc2C(=O)/C=C/c2cccc(/C=C/C(=O)NO)n2)CC1,7.275724130399211,1,
CN1CCN(NC(=O)c2cccc(C(=O)NO)c2)CC1,5.148130399270234,2,0.0
CN1CCN(S(=O)(=O)N(Cc2ccc(-c3nnc(C(F)F)o3)cc2)c2ccc(F)c(Cl)c2)CC1,4.145815456166393,1,
CN1CCN(c2c(N(Cc3ccc(-c4nnc(C(F)F)o4)cc3)c3ccccc3)c(=O)c2=O)CC1,7.508638306165727,1,
CN1CCN(c2c(N(Cc3ccc(-c4nnc(C(F)F)o4)cc3F)c3cc(F)cc(-c4cccnc4)c3)c(=O)c2=O)CC1,7.455931955649724,1,
CN1CCN(c2c(N(Cc3ccc(-c4nnc(C(F)F)o4)cc3F)c3cc(F)cc(-c4ccncc4)c3)c(=O)c2=O)CC1,7.267606240177031,1,
CN1CCN(c2c(N(Cc3ccc(-c4nnc(C(F)F)o4)cc3F)c3cc(F)cc(Br)c3)c(=O)c2=O)CC1,7.443697499232712,1,
CN1CCN(c2c(N(Cc3ccc(-c4nnc(C(F)F)o4)cc3F)c3ccc(F)c(F)c3)c(=O)c2=O)CC1,7.1938200260161125,1,
CN1CCN(c2c(N(Cc3ccc(-c4nnc(C(F)F)o4)cc3F)c3cccc(Br)c3)c(=O)c2=O)CC1,7.522878745280337,1,
CN1CCN(c2c(N(Cc3ccc(-c4nnc(C(F)F)o4)cc3F)c3ccccc3)c(=O)c2=O)CC1,7.657577319177793,1,
CN1CCN(c2c(N(Cc3ccc(-c4nnc(C(F)F)o4)cn3)c3cccc(-c4cccnc4)c3)c(=O)c2=O)CC1,7.292429823902063,1,
CN1CCN(c2c(N(Cc3ccc(-c4nnc(C(F)F)o4)cn3)c3cccc(-c4ccncc4)c3)c(=O)c2=O)CC1,6.991399828238082,1,
CN1CCN(c2c3cc(Cl)ccc3nc3[nH]c4ccccc4c23)CC1,6.769551078621726,1,
CN1CCN(c2ccc(-c3nnn(Cc4ccc(-c5nnc(C(F)F)o5)cc4)n3)cc2)CC1,6.823908740944319,1,
CN1CCN(c2ccc(-c3nnn(Cc4ccc(-c5nnc(C(F)F)o5)cc4)n3)cn2)CC1,6.8326826652518236,1,
CN1CCN(c2ccc(-c3noc(C(F)(F)F)n3)c(F)c2)C(c2cccc(F)c2)C1O,7.1249387366083,1,
CN1CCN(c2ccc(-c3noc(C(F)(F)F)n3)cc2)C(c2ccccc2)C1,6.853871964321762,1,
CN1CCN(c2ccc(-c3noc(C(F)(F)F)n3)cn2)C(c2cccc(F)c2)C1O,7.086186147616283,1,
CN1CCN(c2ccc(-c3noc(C(F)(F)F)n3)cn2)[C@@H](c2ccccc2)C1,7.7447274948966935,1,
CN1CCN(c2ccc(C(=O)/C=C/c3ccc(/C=C/C(=O)NO)cc3)cc2)CC1,5.701146923590294,1,
CN1CCN(c2ccc(C(=O)/C=C/c3ccc(/C=C/C(=O)NO)nc3)cc2)CC1,6.756961951313706,1,
CN1CCN(c2ccc(C(=O)/C=C/c3cccc(/C=C/C(=O)NO)c3)cc2)CC1,7.568636235841012,1,
CN1CCN(c2ccc(C(=O)/C=C/c3cccc(/C=C/C(=O)NO)n3)cc2)CC1,7.823908740944319,1,
CN1CCN(c2ccc(C(=O)Nc3nc(-c4cccs4)ccc3N)cn2)CC1,4.5934598195660445,1,
CN1CCN(c2ccc(Nc3nccc(-c4ccc(NC(=O)CCCCCCC(=O)NO)cc4)n3)cc2)CC1,8.508638306165727,1,
CN1CCN(c2ccc3c(c2)C(=O)N(Cc2ccc(-c4nnc(C(F)F)o4)cn2)C(=O)C3(C)C)CC1,7.657577319177793,1,
CN1CCN(c2ccc3c(c2)C(C)(C)C(=O)N(Cc2ccc(-c4nnc(C(F)F)o4)cn2)C3=O)CC1,7.7447274948966935,1,
CN1CCN(c2ccc3c(c2)C(C)(C)C(=O)N(Cc2ccc(-c4nnc(C(F)F)o4)cn2)C3=O)CC12CC2,7.769551078621726,1,
CN1CCN(c2ccc3c(c2)C(C)(C)C(=O)N(Cc2ncc(-c4nnc(C(F)F)o4)cn2)C3=O)CC1,6.928117992693874,1,
CN1CCN(c2cccc(-c3nnn(Cc4ccc(-c5nnc(C(F)F)o5)cc4)n3)c2)CC1,7.6020599913279625,1,
CN1CCN(c2cccc(C(=O)/C=C/c3ccc(/C=C/C(=O)NO)cc3)c2)CC1,6.552841968657781,1,
CN1CCN(c2cccc(C(=O)/C=C/c3ccc(/C=C/C(=O)NO)nc3)c2)CC1,7.522878745280337,1,
CN1CCN(c2cccc(C(=O)/C=C/c3cccc(/C=C/C(=O)NO)c3)c2)CC1,7.698970004336019,1,
CN1CCN(c2cccc(C(=O)/C=C/c3cccc(/C=C/C(=O)NO)n3)c2)CC1,7.494850021680094,1,
CN1CCN(c2ccccc2C(=O)/C=C/c2ccc(/C=C/C(=O)NO)cc2)CC1,6.730487055782083,1,
CN1CCN(c2ccccc2C(=O)/C=C/c2ccc(/C=C/C(=O)NO)nc2)CC1,6.85078088734462,1,
CN1CCN(c2ccccc2C(=O)/C=C/c2cccc(/C=C/C(=O)NO)c2)CC1,7.060480747381382,1,
CN1CCN(c2ccccc2C(=O)/C=C/c2cccc(/C=C/C(=O)NO)n2)CC1,7.481486060122112,1,
CN1CCN(c2nc(-c3ccc(C(=O)NO)cc3)nc3cc(Cl)ccc23)CC1,7.251811972993799,1,
CN1CCN(c2nc(-c3cnc(N)nc3)cn(Cc3ccc(C(=O)NO)cc3)c2=O)CC1,8.3767507096021,1,
CN1CCN(c2ncc(C(=O)NCCCCCCC(=O)NO)cn2)C(c2ccccc2)C1,7.796729909783022,2,0.7131880209587688
CN1CCN(c2ncc(C(=O)NCCCCCCC(=O)NO)cn2)CC1,7.402604121139038,2,0.4838355151729164
CN1CCN(c2ncc(C(=O)NO)cc2F)CC1,8.391473966422806,1,
CN1CCOC(CNCc2ccc(-c3noc(C(F)(F)F)n3)cn2)C1,7.031517051446065,1,
CN1CC[C@@H](NC(=O)c2ccc(-c3noc(C(F)(F)F)n3)cc2)C1,5.522878745280337,1,
CN1CCc2c(OCc3ccc(-c4nnc(C(F)F)o4)cn3)noc2C1,6.780333653084869,2,0.7363758295534484
CN1CCc2c(c3cc(Br)ccc3n2Cc2ccc(C(=O)NO)cc2)C1,9.152427340857887,1,
CN1CCc2c(c3cc(C(C)(C)C)ccc3n2Cc2ccc(C(=O)NO)cc2)C1,7.657577319177793,1,
CN1CCc2c(c3cc(Cl)ccc3n2Cc2ccc(C(=O)NO)cc2)C1,8.991399828238082,1,
CN1CCc2c(c3ccccc3n2CCCCCC(=O)NO)C1,6.671620396561263,2,0.0
CN1CCc2c(c3ccccc3n2Cc2ccc(/C=C/C(=O)NO)cc2)C1,7.376750709602099,1,
CN1CCc2c(c3ccccc3n2Cc2ccc(C(=O)NO)cc2)C1,7.716717833916494,105,0.5657346311426529
CN1CCc2c(c3ccccc3n2Cc2ncc(C(=O)NO)cc2F)C1,8.638272163982407,1,
CN1CCc2c(c3ccccc3n2S(=O)(=O)c2cccc(/C=C/C(=O)NO)c2)C1,6.723538195826755,1,
CN1CCc2c(n(CCCCCC(=O)NO)c3ccccc23)C1,7.1243821951110915,3,1.4977820757217266
CN1CCc2c(n(Cc3ccc(-c4noc(C(F)(F)F)n4)cc3)c3ccccc23)C1,6.795880017344075,1,
CN1CCc2c(n(Cc3ccc(C(=O)NO)cc3)c3ccccc23)C1,8.581680675837989,5,0.7754640439268395
CN1CCc2cc(OCc3ccc(-c4nnc(C(F)F)o4)cn3)ccc2C1,6.259637310505756,1,
CN1CCc2ccc(-c3nnn(Cc4ccc(-c5nnc(C(F)F)o5)cc4)n3)cc2C1=O,7.0655015487564325,1,
CN1CCc2onc(OCc3ccc(-c4nnc(C(F)F)o4)cn3)c2C1,7.301029995663981,1,
CN1C[C@@H]2C[C@H]1CN2C(=S)N(Cc1ccc(-c2nnc(C(F)F)o2)cc1F)c1ccc(F)c(F)c1,7.2441251443275085,1,
CN1C[C@@H]2C[C@H]1CN2C(=S)N(Cc1ccc(-c2nnc(C(F)F)o2)cc1F)c1ccc(F)cc1,7.522878745280337,1,
CN1C[C@@H]2C[C@H]1CN2c1c(N(Cc2ccc(-c3nnc(C(F)F)o3)cc2F)c2ccccc2)c(=O)c1=O,7.619788758288394,1,
CN1C[C@@H]2C[C@H]1CN2c1c(N(Cc2ccc(-c3nnc(C(F)F)o3)cn2)c2ccccc2)c(=O)c1=O,7.657577319177793,1,
CN1C[C@@H]2C[C@H]1CN2c1c(N(Cc2ncc(-c3nnc(C(F)F)o3)cc2F)c2ccccc2)c(=O)c1=O,7.4089353929735005,1,
CN1C[C@@]2(COCc3ccc(-c4nnc(C(F)F)o4)cn3)C[C@@H]1CO2,6.259637310505756,1,
CN1Cc2cc(C(=O)NO)ccc2CN1Cc1ccccc1,9.0,1,
CN1Cc2ccc(NCc3ccc(-c4noc(C(F)(F)F)n4)cn3)cc2C1=O,7.795880017344075,1,
CN1[C@@H]2CC[C@H]1C[C@H](OCc1ccc(-c3nnc(C(F)F)o3)cn1)C2,5.259637310505756,1,
CN1c2ccc(F)cc2C(=O)N2CCc3c([nH]c4ccc(OCc5ccc(/C=C/C(=O)NO)cc5)cc34)C21,7.050609993355087,1,
CN1c2ccc(F)cc2C(=O)N2CCc3c([nH]c4ccc(OCc5ccc(/C=C/C(=O)Nc6ccccc6N)cc5)cc34)C21,4.958607314841775,1,
CN1c2ccc(NCc3ccc(-c4noc(CC(=O)NO)n4)cc3)cc2C(O)N2CCc3c([nH]c4ccc(O)cc34)C12,7.886056647693163,1,
CN1c2ccc(NCc3ccc(-c4noc(CCCCCCC(=O)NO)n4)cc3)cc2C(=O)N2CCc3c([nH]c4ccc(O)cc34)C21,7.886056647693163,1,
CNC(=O)C(=O)CCCCCCC(=O)Nc1ccccc1,6.468521082957745,2,0.0
CNC(=O)C(=O)CCCCCCOc1ccc(-c2ccccc2)cc1,6.958607314841775,1,
CNC(=O)C(C)(C)Nc1ncc(C(=O)NO)cc1F,7.552841968657781,1,
CNC(=O)C(CCCCCCC(=O)Nc1cccc(-c2ccc(Cl)nc2)c1)N=O,4.029188389127482,1,
CNC(=O)C(CCCCC[C@@H](C(=O)Nc1ccccc1)N(Cc1ccc(OC)cc1)C(=O)OC(C)(C)C)N=O,4.192464971931146,1,
CNC(=O)C(CCCCC[C@@H](C(=O)Nc1ccccc1)N(Cc1ccccc1)Cc1ccccc1)N=O,4.446116973356125,1,
CNC(=O)C(CCCCC[C@H](NCc1ccc(OC)cc1)C(=O)Nc1ccccc1)N=O,4.542118103266008,1,
CNC(=O)C1CCN(c2ccc3c(c2)C(C)(C)C(=O)N(Cc2ccc(-c4nnc(C(F)F)o4)cn2)C3=O)CC1,7.337242168318426,1,
CNC(=O)CC(=O)N1Cc2c(F)cc(-c3noc(C(F)(F)F)n3)cc2OC[C@H]1C,6.455931955649724,1,
CNC(=O)CCCCCCCn1nc(-c2ccc3oc(N)nc3c2)c2c(N)ncnc21,8.173925197299173,1,
CNC(=O)CCCCC[C@H](NC(=O)Cn1ccc2cc(C#N)ccc21)c1ncc(-c2ccc(CN(C)C)cc2)[nH]1,4.920818753952375,1,
CNC(=O)CCCCOc1nc(-c2ccc(OC)cc2)cc(-c2cc(OC)c(OC)c(OC)c2)c1C#N,7.075720713938118,1,
CNC(=O)CN(Cc1ccc(C(=O)NO)cc1)C(=O)c1ccc(C(C)C)cc1,7.221848749616356,1,
CNC(=O)N1CCC(Nc2ncc(C(=O)NO)cn2)(c2ccccc2)CC1,8.769551078621726,1,
CNC(=O)N[C@@H]1CCCC[C@H]1N1Cc2ccc(-c3nnc(C(F)F)o3)cc2S1(=O)=O,6.692503962086787,1,
CNC(=O)Nc1ccc(-c2nnc(Cc3ccc(-c4nnc(C(F)F)o4)cc3)o2)cn1,7.0915149811213505,1,
CNC(=O)OCc1ccc(-c2noc(C(F)(F)F)n2)cn1,7.275724130399211,1,
CNC(=O)c1cc(Oc2ccc(NC(=O)c3ccc(Cl)c(C(F)(F)F)c3)cc2)ccc1N,5.931814138253838,1,
CNC(=O)c1cc(Oc2ccc(NC(=O)c3ccc(N)cc3)cc2)ccc1N,5.6439741428068775,1,
CNC(=O)c1cc(Oc2ccc(NC(=O)c3ccc4ccccc4c3)cc2)ccc1N,5.085656842880559,1,
CNC(=O)c1cc(Oc2ccc(NC(=O)c3cccc(N)c3)cc2)ccc1N,5.987162775294828,1,
CNC(=O)c1cc(Oc2ccc(NC(=O)c3cccc(O)c3)cc2)ccc1N,5.709965388637482,1,
CNC(=O)c1cc(Oc2ccc(NC(=O)c3ccccc3)cc2)ccc1N,5.2083093509798815,1,
CNC(=O)c1cc(Oc2ccc(NC(=O)c3cccnc3)cc2)ccc1N,5.281498311132726,1,
CNC(=O)c1ccc(-c2noc(C(F)(F)F)n2)cc1,5.494850021680094,1,
CNC(=O)c1ccc(C(=O)N2Cc3c(F)cc(-c4noc(C(F)(F)F)n4)cc3OC[C@H]2C)cc1,6.455931955649724,1,
CNC(=O)c1ccc(C(=O)NO)cc1,7.552841968657781,1,
CNC(=O)c1ccc(Nc2c[nH]c3ccccc23)cc1,6.698970004336019,1,
CNC(=O)c1ccc(Nc2csc3ccccc23)cc1,7.853871964321762,1,
CNC(=O)c1cccc(OCc2ccc(-c3nnc(C(F)F)o3)cn2)c1,7.301029995663981,1,
CNC(=O)c1ccccc1NCc1ccc(-c2noc(C(F)(F)F)n2)cn1,8.275724130399212,1,
CNC(=O)c1ccccc1Nc1cc(Nc2ccc(NC(=O)CCCCCCC(=O)NO)cc2)ncc1Cl,7.795880017344075,1,
CNC(=O)c1ccccc1Nc1nc(Nc2ccc(NC(=O)CCCCCCC(=O)NO)cc2)ncc1Cl,7.795880017344075,2,0.0
CNC(=O)c1ccccc1OCc1ccc(-c2noc(C(F)(F)F)n2)c(F)c1,7.42021640338319,1,
CNCC(=O)NCc1ccc(C(=O)CSc2nc(C)nc3ccc(OC)cc23)s1,6.522878745280337,1,
CNCC(=O)[C@@H](Cc1ccccc1)NC(=O)CCCCCCC(=O)NO,8.853871964321762,1,
CNCCNC(=O)c1ccc(-c2noc(C(F)(F)F)n2)cc1,5.468521082957745,1,
CNCCOc1ccc(-c2cc(=O)c3cc(OCCCCCC(=O)NO)cc(O)c3o2)cc1,7.522878745280337,1,
CNCCOc1no[n+]([O-])c1S(=O)(=O)c1ccccc1,6.795880017344075,1,
CNNC(=O)c1ccc(CNC(=O)c2ccccc2)cc1,6.056505484093897,1,
CN[C@@H](CCCCCC(=O)c1ncco1)c1ncc(-c2ccc3nc(C)ccc3c2)[nH]1,4.585026652029182,1,
CNc1cc(C(F)(F)F)cc2c(SCC(=O)c3ccc(CNC(=O)CO)s3)nc(C)nc12,6.522878745280337,1,
CNc1ccc(-c2nnn(Cc3ccc(-c4nnc(C(F)F)o4)cc3)n2)cc1N,7.113509274827518,1,
CNc1ccc(-c2nnn(Cc3ccc(-c4nnc(C(F)F)o4)cc3)n2)cc1NC(=O)N1CCOCC1,7.055517327849831,1,
CNc1ccc(C(=O)NO)cc1,5.752026733638193,1,
CNc1ccc(CCn2c(=O)c3ccccc3n(Cc3ccc(C(=O)NO)cc3)c2=O)cc1,7.6020599913279625,1,
CNc1ccc2cc(-c3cn(Cc4ccc(-c5nnc(C(F)F)o5)cc4)nn3)ccc2n1,7.229147988357855,1,
CNc1ccc2cc(-c3cn(Cc4ccc(-c5nnc(C(F)F)o5)cn4)nn3)ccc2n1,7.823908740944319,1,
CNc1ccc2cc(-c3nnn(Cc4c(F)cc(-c5nnc(C(F)F)o5)cc4F)n3)ccc2n1,6.903089986991944,1,
CNc1ccc2cc(-c3nnn(Cc4cc(F)c(-c5nnc(C(F)F)o5)cc4F)n3)ccc2n1,7.0,1,
CNc1ccc2cc(-c3nnn(Cc4ccc(-c5nnc(C(F)F)o5)c(F)c4)n3)ccc2n1,6.931814138253838,1,
CNc1ccc2cc(-c3nnn(Cc4ccc(-c5nnc(C(F)F)o5)c(F)c4F)n3)ccc2n1,6.866461091629782,1,
CNc1ccc2cc(-c3nnn(Cc4ccc(-c5nnc(C(F)F)o5)cc4F)n3)ccc2n1,6.84163750790475,1,
CNc1ccccc1NC(=O)[C@@H]1CCC(=O)N1c1ccc(-c2noc(C(F)(F)F)n2)cc1,7.102372908709558,1,
CNc1nc(Cl)nc2c1ncn2CCCC(=O)NCc1ccc(C(=O)Nc2ccccc2N)cc1,5.29929628285498,1,
CNc1nc(Cl)nc2c1ncn2Cc1ccc(C(=O)Nc2ccc(Br)cc2N)cc1,5.665546248849069,1,
CNc1nc(Cl)nc2c1ncn2Cc1ccc(C(=O)Nc2ccc(C)cc2N)cc1,5.703334809738469,1,
CNc1nc(Cl)nc2c1ncn2Cc1ccc(C(=O)Nc2ccc(F)cc2N)cc1,5.761953896871205,1,
CNc1nc(Cl)nc2c1ncn2Cc1ccc(C(=O)Nc2ccccc2N)cc1,5.245640895500219,2,0.8260384494187567
CNc1nc(Nc2cnn(CCCCCC(=O)NO)c2)ncc1Cl,6.982966660701219,1,
CNc1nc(Nc2cnn(CCCCCCC(=O)NO)c2)ncc1C(F)(F)F,7.431798275933005,1,
CNc1nc(Nc2cnn(CCCCCCC(=O)NO)c2)ncc1Cl,7.6807553715226815,2,0.20244943653548517
CNc1nc2c(s1)Cc1cc(/C=C/C(=O)NO)ccc1-2,6.6020599913279625,1,
CNc1ncc(-c2cn(Cc3ccc(C(=O)NO)cc3)c(=O)c(N3CCOCC3)n2)cn1,8.040958607678906,1,
CNc1ncc2cc(-c3cn(Cc4c(F)cc(-c5nnc(C(F)F)o5)cc4F)nn3)ccc2n1,6.991399828238082,1,
CNc1ncc2cc(-c3cn(Cc4cc(F)c(-c5nnc(C(F)F)o5)cc4F)nn3)ccc2n1,6.66354026615147,1,
CNc1ncc2cc(-c3cn(Cc4ccc(-c5nnc(C(F)F)o5)c(F)c4)nn3)ccc2n1,6.3036436112666685,1,
CNc1ncc2cc(-c3cn(Cc4ccc(-c5nnc(C(F)F)o5)c(F)c4F)nn3)ccc2n1,6.71669877129645,1,
CNc1ncc2cc(-c3cn(Cc4ccc(-c5nnc(C(F)F)o5)cc4F)nn3)ccc2n1,6.935542010773082,1,
CO/N=C(\Cc1ccc(C)cc1)C(=O)NCCSSCCNC(=O)/C(Cc1ccc(C)cc1)=N/OC,5.116338564846382,2,0.0
CO/N=C(\Cc1ccc(Cl)cc1Cl)C(=O)NCCSSCCNC(=O)/C(Cc1ccc(Cl)cc1Cl)=N/OC,5.066006836168757,2,0.0
CO/N=C(\Cc1ccc(O)c(Br)c1)C(=O)NCCS,6.657577319177793,1,
CO/N=C(\Cc1ccc(O)c(Br)c1)C(=O)NCCSSCCNC(=O)/C(Cc1ccc(O)c(Br)c1)=N/OC,5.022276394711152,1,
CO/N=C(\Cc1ccc(OC)c(Br)c1)C(=O)NCCS,5.568636235841012,1,
CO/N=C(\Cc1ccc(OC)cc1)C(=O)NCCSSCCNC(=O)/C(Cc1ccc(OC)cc1)=N/OC,5.501689446210399,2,0.0
CO/N=C(\Cc1cccc(Cl)c1)C(=O)NCCSSCCNC(=O)/C(Cc1cccc(Cl)c1)=N/OC,5.346787486224656,2,0.0
CO/N=C/c1ccc(-c2ccccc2)c(-c2ccccc2)c1O,6.555955204081924,1,
COC(=O)/C=C/c1ccc(CN(C(=O)OC(C)(C)C)C2CC2c2ccc(F)cc2)cc1,7.958607314841775,1,
COC(=O)/C=C/c1ccc(OCCCNc2cc3c([nH]c4ccccc43)c(-c3ccc(OC)cc3)n2)c(OC)c1,7.886056647693163,1,
COC(=O)/C=C/c1ccc(OCCNc2cc3c([nH]c4ccccc43)c(-c3ccc(OC)cc3)n2)c(OC)c1,7.769551078621726,1,
COC(=O)CCCCCCC(=O)Nc1ccc(OS(=O)(=O)C2CC3OC2C(c2ccc(O)cc2)=C3c2ccc(O)cc2)cc1,5.801342913045577,1,
COC(=O)CCCCCCCc1ccc(N2C(=S)N(c3ccc(C#N)c(C(F)(F)F)c3)C(=O)C2(C)C)cc1F,6.769551078621726,1,
COC(=O)CCCCCCOc1ccc(Nc2nccc(-c3ccc(NC(C)=O)cc3)n2)cc1,5.501689446210399,1,
COC(=O)CNC(=O)CN(Cc1ccc(C(=O)NO)cc1)C(=O)c1cc2ccccc2[nH]1,8.154901959985743,1,
COC(=O)Cc1c(C)n(Cc2ccc(-c3cn(CCCCCC(=O)NO)nn3)cc2)c2ccc(OC)cc12,5.165579296318468,1,
COC(=O)Cc1c(C)n(Cc2ccc(-c3cn(CCCCCCC(=O)NO)nn3)cc2)c2ccc(OC)cc12,8.0,1,
COC(=O)Cc1c(C)n(Cc2ccc(-c3cn(CCCCCCCC(=O)NO)nn3)cc2)c2ccc(OC)cc12,8.301029995663981,1,
COC(=O)N(Cc1ccc(-c2noc(C(F)(F)F)n2)cc1)c1cccc(C(F)(F)F)c1,6.259637310505756,1,
COC(=O)N(Cc1ncc(-c2nnc(C(F)F)o2)s1)c1cccnc1,5.6020599913279625,3,0.0
COC(=O)N1CC(=O)N(Cc2ccc(-c3noc(C(F)(F)F)n3)cn2)c2ccccc21,7.698970004336019,1,
COC(=O)N1CCC(C(=O)N(Cc2ccc(-c3noc(C(F)(F)F)n3)cn2)c2cccc(C(F)(F)F)c2)CC1,7.6777807052660805,1,
COC(=O)NC(Cc1ccc(-c2noc(C(F)(F)F)n2)cn1)c1cccc(C(F)(F)F)c1,7.318758762624412,1,
COC(=O)N[C@@H](CCCCCC(=O)C1NC=CO1)c1ncc(-c2cc3ccc(C)nc3cc2OC)[nH]1,6.231720778714235,2,1.6492830517066321
COC(=O)N[C@@H]1CCCC[C@H]1N1Cc2ccc(-c3nnc(C(F)F)o3)cc2S1(=O)=O,6.785156151952302,1,
COC(=O)[C@@H](Cc1ccccn1)NC(=O)CCCCCCC(=O)NO,5.396855627379818,1,
COC(=O)[C@H](Cc1ccc(-c2ccc(-c3ccccc3)cc2)cc1)NC(=O)CCCCCCC(=O)NO,6.161150909262744,1,
COC(=O)[C@H](Cc1ccc(-c2ccc(-c3ccccc3)cc2)cc1)NC(=O)CCCCCCCC(=O)NO,4.83209218999852,1,
COC(=O)[C@H](Cc1ccc(-c2ccc3ccccc3c2)cc1)NC(=O)CCCCCCC(=O)NO,5.931814138253838,1,
COC(=O)[C@H](Cc1ccc(-c2ccc3ccccc3c2)cc1)NC(=O)CCCCCCCC(=O)NO,5.54515513999149,1,
COC(=O)[C@H](Cc1ccc(-c2ccccc2)cc1)NC(=O)CCCCCCC(=O)NO,5.978810700930062,1,
COC(=O)[C@H](Cc1ccc(-c2ccccc2)cc1)NC(=O)CCCCCCCC(=O)NO,5.632644078973981,1,
COC(=O)[C@H](Cc1ccc(-c2ccco2)cc1)NC(=O)CCCCCCC(=O)NO,5.347753658996677,1,
COC(=O)[C@H](Cc1ccc(-c2ccco2)cc1)NC(=O)CCCCCCCC(=O)NO,5.632644078973981,1,
COC(=O)[C@H](Cc1ccc(-c2cccs2)cc1)NC(=O)CCCCCCC(=O)NO,5.000434511774017,1,
COC(=O)[C@H](Cc1ccc(-c2cccs2)cc1)NC(=O)CCCCCCCC(=O)NO,5.388276691992658,1,
COC(=O)[C@H](Cc1ccc(-c2ccoc2)cc1)NC(=O)CCCCCCC(=O)NO,5.94692155651658,1,
COC(=O)[C@H](Cc1ccc(-c2ccoc2)cc1)NC(=O)CCCCCCCC(=O)NO,5.978810700930062,1,
COC(=O)[C@H](Cc1ccc(-c2ccsc2)cc1)NC(=O)CCCCCCC(=O)NO,5.39577394691553,1,
COC(=O)[C@H](Cc1ccc(-c2ccsc2)cc1)NC(=O)CCCCCCCC(=O)NO,5.752026733638193,1,
COC(=O)[C@H](Cc1ccc(Br)cc1)NC(=O)CCCCCCC(=O)NO,5.772113295386326,1,
COC(=O)[C@H](Cc1ccc(Br)cc1)NC(=O)CCCCCCCC(=O)NO,5.330683119433887,1,
COC(=O)[C@H](Cc1ccccn1)NC(=O)CCCCCCC(=O)NO,5.401209493236885,1,
COC(=O)[C@]1(O)C[C@@H](OC(=O)/C=C/c2ccc(O)c(O)c2)[C@@H](O)[C@H](OC(=O)/C=C/c2ccc(O)c(O)c2)C1,5.210828839240564,2,0.12879329905905496
COC(=O)c1c(CCCCCCCC(=O)NO)cccc1OC,6.667561540084394,1,
COC(=O)c1ccc(CN2CCN(C(=O)OC(C)(C)C)c3ccccc32)cc1,7.973268697537272,2,0.7980878130129128
COC(=O)c1ccc(CO/N=C/c2ccc(/C=C/C(=O)NO)cc2)cc1,7.026872146400302,1,
COC(=O)c1ccc(N2c3ccccc3C=Cc3ccncc32)cc1,5.440093374963888,1,
COC(=O)c1ccc2ccccc2c1OCCCCCCCC(=O)NO,7.022276394711152,1,
COC(=O)c1cn(Cc2ccc(-c3nnc(C(F)F)o3)cc2)nn1,5.552686891176432,1,
COC(C)(c1ccc(C(=O)N(C)CCCCCCC(=O)NO)cc1)c1ccccn1,6.870131406624367,2,0.7164678892311133
COC(C)(c1ccc(C(=O)NCCCCCCC(=O)NO)cc1)c1ccccn1,7.836832069535625,2,0.7935264574819332
COC(C)(c1ccc(F)cc1)c1ccc(C(=O)N(C)CCCCCCC(=O)NO)cc1,7.248854736042613,2,0.7363758295534484
COC(C)(c1ccc(F)cc1)c1ccc(C(=O)NCCCCCCC(=O)NO)cc1,8.037860356969059,2,0.6859195827501502
COC(c1c(F)cccc1Cl)c1c[nH]c2ncc(-c3c(C)noc3C)cc12,6.536107011014092,1,
COC(c1ccc(C(=O)N(C)CCCCCCC(=O)NO)cc1)(c1cc(F)cc(F)c1)c1cc(F)cc(F)c1,6.914268417458079,2,1.2095523390801832
COC(c1ccc(C(=O)N(C)CCCCCCC(=O)NO)cc1)(c1ccc(F)cc1F)c1ccc(F)cc1F,6.729772693164294,2,1.209511747900006
COC(c1ccc(C(=O)N(C)CCCCCCC(=O)NO)cc1)(c1cccc(F)c1)c1cccc(F)c1,6.711053130848207,2,0.8723562375982072
COC(c1ccc(C(=O)N(C)CCCCCCC(=O)NO)cc1)(c1ccccc1F)c1ccccc1F,7.085927946348107,2,0.9667891052133287
COC(c1ccc(C(=O)NCCCCCCC(=O)NO)cc1)(c1cc(F)cc(F)c1)c1cc(F)cc(F)c1,6.933550115027758,2,1.0824671883698551
COC(c1ccc(C(=O)NCCCCCCC(=O)NO)cc1)(c1ccc(F)cc1C)c1ccc(F)cc1C,6.261550145982658,2,0.8975251686830507
COC(c1ccc(C(=O)NCCCCCCC(=O)NO)cc1)(c1ccc(F)cc1F)c1ccc(F)cc1F,7.002182402701225,2,0.9854064763253471
COC(c1ccc(C(=O)NCCCCCCC(=O)NO)cc1)(c1cccc(F)c1)c1cccc(F)c1,6.859888316392717,4,1.1131583996125072
COC(c1ccc(C(=O)NCCCCCCC(=O)NO)cc1)(c1ccccc1F)c1ccccc1F,7.47851546330341,2,1.051232014867132
COC(c1ccc(F)cc1)(c1ccc(C(=O)N(C)CCCCCCC(=O)NO)cc1)c1ccccn1,7.040382481038375,2,0.8455436984224003
COC(c1ccc(F)cc1)(c1ccc(C(=O)NCCCCCCC(=O)NO)cc1)C(F)(F)F,7.3797253758587,2,0.8772007858565001
COC(c1ccc(F)cc1)(c1ccc(C(=O)NCCCCCCC(=O)NO)cc1)c1ccccn1,7.809894379144197,2,1.0083121603497145
COC(c1ccc(F)cc1)(c1ccc(F)cc1)c1ccc(C(=O)NCCCCCCC(=O)NO)cc1,7.40988951672434,4,0.9988181719800214
COC(c1cccc(C(=O)NCCCCCCC(=O)NO)c1)(c1ccccn1)c1ccccn1,7.181255135243744,2,0.7321593893125059
COC(c1ccccc1)(c1ccc(C(=O)N(C)CCCCCCC(=O)NO)cc1)c1cccnc1,7.108727857994995,2,0.8662320279609688
COC(c1ccccc1)(c1ccc(C(=O)NCCCCCCC(=O)NO)cc1)c1ccc(C(=O)N(C)C)cc1,7.692551391983432,2,0.9975701484646211
COC(c1ccccc1)(c1ccc(C(=O)NCCCCCCC(=O)NO)cc1)c1cccc(C(=O)N(C)C)c1,7.796729909783022,2,1.0269295314617326
COC(c1ccccc1)(c1ccc(C(=O)NCCCCCCC(=O)NO)cc1)c1ccccn1,7.70446769648675,2,1.1574080047998798
COC(c1ccccc1)(c1ccc(C(=O)NCCCCCCC(=O)NO)cc1)c1cccnc1,7.829777942579941,2,0.9801925552705799
COC(c1ccccc1)(c1ccncc1)c1ccc(C(=O)NCCCCCCC(=O)NO)cc1,7.815392071294928,2,1.000537249548398
COC1=CC(OCc2cccc(-c3ccc4c(c3)OCCO4)c2C)=CC(OC)C1CNCCCCCCC(=O)NO,7.0,1,
COC1=NC(C2CC2)=CCC1C1=CNC([C@@H](N)CCCCCC(=O)C2NC=CO2)N1,4.346787486224656,1,
COC1=NC=CCC1C1=CNC([C@@H](N)CCCCCC(=O)C2NC=CO2)O1,6.183758700008217,1,
COC1=NC=CCC1C1=CNC([C@@H](N)CCCCCC(=O)c2ccon2)N1,4.346787486224656,1,
COC1C=c2nc(C)ccc2=CC1C1=CNC([C@@H](N)CCCCCC(=O)C2NC=CO2)O1,5.9542859410591324,1,
COC1C=c2nc(C)ccc2=CC1C1=CNC([C@@H](N)CCCCCC(=O)c2ccon2)N1,4.657577319177793,1,
COC1C=c2nc(C)ccc2=CC1C1=CNC([C@H](CCCCCC(=O)C2NC=CO2)NC(=O)CN(C)C)N1,5.769551078621726,1,
COC1C=c2nc(C)ccc2=CC1C1=CNC([C@H](CCCCCC(=O)c2ccon2)NC(=O)[C@H]2CC23CCN(C)CC3)N1,5.6020599913279625,1,
COC1C=c2ncccc2=CC1C1=CNC([C@@H](N)CCCCCC(=O)C2NC=CO2)N1,4.508638306165727,1,
COC1C=c2ncccc2=CC1C1=CNC([C@@H](N)CCCCCC(=O)c2ccon2)N1,5.251811972993799,1,
COC1CCN(c2nc(-c3cnc(N)nc3)cn(Cc3ccc(C(=O)NO)cc3)c2=O)CC1,8.130768280269024,1,
COCC(=O)NC(Cc1ccc(-c2noc(C(F)(F)F)n2)cn1)c1cccc(C(F)(F)F)c1,7.657577319177793,1,
COCC(=O)NCc1ccc(C(=O)CSc2ncnc3c2cnn3C)s1,5.664141088680182,1,
COCC(=O)N[C@@H](CCCCCC(=O)c1ncco1)c1ncc(-c2cc3ccccc3nc2OC)[nH]1,4.823908740944319,1,
COCC(Nc1ncc(-c2nnc(C(F)F)o2)cn1)c1ccc(F)cc1,7.113509274827518,1,
COCC1(C(=O)N2Cc3c(F)cc(-c4noc(C(F)(F)F)n4)cc3OC[C@@H]2C)CC1,6.455931955649724,1,
COCCCN(C(=O)NCc1ccc(C(=O)NO)cc1)c1ccccc1,7.221848749616356,5,0.0
COCCCN(Cc1ccc(C(=O)NO)cc1)C(=O)Nc1ccccc1,7.920818753952375,5,0.0
COCCCNC(=O)c1ccc(-c2noc(C(F)(F)F)n2)cc1,5.2441251443275085,1,
COCCCNCc1ccc(-c2ccc(-c3nc4ccc(C(=O)NO)cc4[nH]3)cc2)cc1,7.7447274948966935,1,
COCCCNc1nccc2ccc(NC(=O)CCCCCCC(=O)NO)cc12,7.853871964321762,1,
COCCN(C)Cc1cccc(-c2nc3cc(C(=O)NO)ccc3o2)c1,7.1938200260161125,1,
COCCN(CCOC)c1nccc2ccc(NC(=O)CCCCCCC(=O)NO)cc12,6.8297382846050425,1,
COCCN(Cc1ccc(C(=O)NO)cc1)C(=O)Nc1ccccc1,8.033389013318066,5,0.0
COCCN(Cc1ccc(C(=O)NO)cc1)S(=O)(=O)c1cc(F)c(F)c(F)c1F,7.552841968657781,1,
COCCN(Cc1ncc(-c2nnc(C(F)F)o2)s1)c1cccc(Cl)c1,7.619788758288394,3,0.0
COCCN1CCC(C)c2cc(Cc3cnc(N)nc3N)cc(OC)c21,5.377785977033705,1,
COCCN1CCC(c2ccc3c(c2)C(=O)N(Cc2ccc(-c4nnc(C(F)F)o4)cn2)C(=O)C3(C)C)CC1,7.481486060122112,1,
COCCN1CCN(c2ccc3c(c2)C(C)(C)C(=O)N(Cc2ccc(-c4nnc(C(F)F)o4)cn2)C3=O)CC1,7.585026652029182,1,
COCCN1CCN(c2ncc(C(=O)NCCCCCCC(=O)NO)cn2)CC1,7.381102503363039,2,0.7141129992881633
COCCN1Cc2ccccc2N(Cc2ccc(-c3noc(C(F)(F)F)n3)cn2)C1=O,7.853871964321762,1,
COCCNC(=O)Cc1ccc(-c2noc(C(F)(F)F)n2)cc1,5.161150909262744,1,
COCCNC(=O)c1ccc(-c2noc(C(F)(F)F)n2)cc1,5.167491087293763,1,
COCCNc1nc2c(s1)Cc1cc(/C=C/C(=O)NO)ccc1-2,6.853871964321762,1,
COCCOCC(=O)SCCCCCC(NC(=O)OCc1ccccc1)C(=O)Nc1cccc2cccnc12,7.537602002101044,1,
COCCOc1cc(Cc2cnc(N)nc2N)cc2c1NCCC2,7.795880017344075,1,
COCCOc1cc2ncnc(Nc3ccc(/C=C/C(=O)NO)cc3)c2cc1OCCOC,5.904666101964676,2,0.4909383989312081
COCCS(=O)(=O)N(Cc1ncc(-c2nnc(C(F)F)o2)s1)c1cccnc1,7.6777807052660805,3,0.0
COCCS(=O)(=O)N(Cc1ncc(-c2nnc(C(F)F)o2)s1)c1cncc(C(C)(F)F)c1,8.002613615602687,3,0.0
COCCS(=O)(=O)N(Cc1ncc(-c2nnc(C(F)F)o2)s1)c1cncc(C)c1,7.568636235841012,3,0.0
COCCS(=O)(=O)N(Cc1ncc(-c2nnc(C(F)F)o2)s1)c1cncc(Cl)c1,7.920818753952375,3,0.0
COCCS(=O)(=O)N(Cc1ncc(-c2nnc(C(F)F)o2)s1)c1cncc(OC(F)F)c1,7.698970004336019,3,0.0
COCCSC(=S)SCC(=O)c1ccc(OC)cc1,5.671620396561263,1,
COCCc1cn(Cc2ccc(C(=O)NO)cc2)c2ccccc12,7.200659450546418,1,
COCCn1c(=O)c2ccccc2n(Cc2ccc(-c3nnc(C(F)F)o3)cc2)c1=O,6.434152181326482,1,
COCCn1c(=O)c2ccccc2n(Cc2ccc(-c3nnc(C(F)F)o3)cn2)c1=O,7.102372908709558,1,
COCCn1c(=O)n(Cc2ccc(-c3nnc(C(F)F)o3)cn2)c(=O)c2ccccc21,6.782516055786093,1,
COCCn1cc(-c2nc(Nc3ccc(NC(=O)CCCCCCC(=O)NO)cc3)nc3[nH]ccc23)cn1,8.67778070526608,1,
COCCn1nc(C(=O)N(Cc2ccc(-c3noc(C(F)(F)F)n3)cc2)c2cccc(C(F)(F)F)c2)ccc1=O,7.337242168318426,1,
COCOc1cc(OCOC)c2c(c1)O/C(=C\c1ccc(OCOC)c(OCOC)c1)C2=O,4.3979400086720375,1,
COC[C@@H]1CCCC1c1ccc(C(=O)NO)cc1,6.823908740944319,1,
COC[C@@H]1CCCN1Cc1ccc(C(=O)NO)cc1,6.823908740944319,1,
COC[C@H]1CCCC1c1ccc(C(=O)NO)cc1,5.903089986991944,1,
COC[C@H]1CCCN1Cc1ccc(C(=O)NO)cc1,5.903089986991944,1,
COCc1cc(=O)n(Cc2ccc(-c3noc(C(F)(F)F)n3)cn2)c2ccccc12,8.42021640338319,1,
COCc1cc(OCc2ccc(-c3noc(C(F)(F)F)n3)cn2)nc2ccccc12,7.769551078621726,1,
COCc1cccc(CCOc2cc(-c3noc(C(F)(F)F)n3)ccn2)c1,7.552841968657781,1,
COCc1nc(SCC(=O)c2ccc(CNC(=O)C(C)(C)C)s2)c2ccccc2n1,6.1249387366083,1,
CON(C)C(=O)Cc1ccc(-c2noc(C(F)(F)F)n2)cc1,5.050609993355087,1,
CO[C@@H]1CCC[C@@H]1Nc1ncc(C(=O)NO)cc1F,8.282329496997738,1,
CO[C@H]1CCC[C@@H]1Nc1ncc(C(=O)NO)cc1F,8.282329496997738,1,
COc1c(-c2ccccc2)c2ccccc2n(Cc2ccc(C(=O)NO)cc2)c1=O,7.207608310501746,1,
COc1c(C(C)C)cc(Cc2cnc(N)nc2N)cc1C(C)C,8.008773924307505,1,
COc1c(C)cc(-c2nc3cc(C(=O)NO)ccc3n2C)cc1C,8.455931955649724,2,0.0
COc1c(OCCCCCC(=O)NO)ccc2c1N=C(NC(=O)c1ccccc1)N1CCN=C21,7.207608310501746,2,0.0
COc1cc(-c2cc(=S)ss2)ccc1OCC(=O)O,4.081707487244644,1,
COc1cc(-c2cc(C(=O)NCCCCCCS)[nH]n2)cc(OC)c1OC,7.0335602710881,2,0.05962387007415119
COc1cc(-c2cc3ccc(C(=O)NO)cc3s2)ccc1O,7.275724130399211,1,
COc1cc(-c2ccc3cc(OCCCCCCC(=O)NO)ccc3n2)cc(OC)c1OC,6.614393726401688,1,
COc1cc(-c2ccccc2F)ccc1-c1nc2cc(C(=O)NO)ccc2o1,7.698970004336019,1,
COc1cc(-c2cnc([C@H](CCCCCC(=O)c3ncco3)NC(=O)C3CN(C)C3)[nH]2)c(F)cn1,5.275724130399211,1,
COc1cc(-c2nc(-c3nnc(CCCCC(=O)NO)o3)cc3c2[nH]c2ccccc23)cc(OC)c1OC,8.136677139879545,1,
COc1cc(-c2nc(C(=O)NCc3ccc(C(=O)NO)cc3)cc3c2[nH]c2ccccc23)cc(OC)c1OC,8.42021640338319,1,
COc1cc(-c2nc(NCc3ccc(/C=C/C(=O)NO)cc3)cc3c2[nH]c2ccccc23)cc(OC)c1OC,8.136677139879545,1,
COc1cc(-c2nc(NCc3ccc(C(=O)NO)cc3)cc3c2[nH]c2ccccc23)cc(OC)c1OC,9.031517051446064,1,
COc1cc(-c2nc(NCc3cccc(/C=C/C(=O)NO)c3)cc3c2[nH]c2ccccc23)cc(OC)c1OC,8.508638306165727,1,
COc1cc(-c2ncc(/C=C/C(=O)NO)s2)cc(OC)c1OC,6.33889035263304,2,0.9349502295220489
COc1cc(-c2ncc(/C=C/C(=O)Nc3ccccc3N)s2)cc(OC)c1OC,6.063514184630778,2,1.4614423957909264
COc1cc(-c2ncc(C(=O)NCCCCCCC(=O)NO)s2)cc(OC)c1OC,6.135417605153615,2,0.05445795906658041
COc1cc(-n2cc(-c3cccc(NC(=O)CCCCCCC(=O)NO)c3)nn2)ccc1F,8.414539270491499,1,
COc1cc(/C=C/C(=O)CC(=O)/C=C/c2ccc(/C=C/C(=O)NO)cc2)ccc1O,7.92021640338319,2,2.1213203435596424
COc1cc(/C=C/C(=O)CC(=O)/C=C/c2ccc(O)c(OC)c2)ccc1O,3.7281583934635014,1,
COc1cc(/C=C/C(=O)NO)ccc1C(=O)NCC1CCN(Cc2ccccc2)CC1,7.698970004336019,1,
COc1cc(/C=C/C(=O)NO)ccc1OCC(=O)Nc1cc(Br)cc(C(F)(F)F)c1,4.168770306132937,1,
COc1cc(/C=C/C(=O)NO)ccc1OCC(=O)Nc1cc(C(F)(F)F)cc(C(F)(F)F)c1,4.978810700930062,1,
COc1cc(/C=C/C(=O)NO)ccc1OCC(=O)Nc1ccc(Br)cc1,5.074172425375258,1,
COc1cc(/C=C/C(=O)NO)ccc1OCC(=O)Nc1ccc(Cl)c(Cl)c1,4.366531544420414,1,
COc1cc(/C=C/C(=O)NO)ccc1OCC(=O)Nc1ccc(F)c(Cl)c1,4.30715308072277,1,
COc1cc(/C=C/C(=O)NO)ccc1OCC(=O)Nc1cccc(C(F)(F)F)c1,4.903089986991944,1,
COc1cc(/C=C/C(=O)NO)ccc1OCC(=O)Nc1cccc(F)c1,5.023650020996726,1,
COc1cc(/C=C/C(=O)NO)ccc1OCC(=O)Nc1ccccc1F,5.404503778174426,1,
COc1cc(/C=C/C(=O)NO)ccc1OCCCCN(C)C(=O)c1ccccc1O,6.42021640338319,1,
COc1cc(/C=C/C(=O)NO)ccc1OCCCCNC(=O)c1ccccc1O,6.443697499232712,1,
COc1cc(/C=C/C(=O)NO)ccc1OCCCN(C)C(=O)c1ccccc1O,6.455931955649724,1,
COc1cc(/C=C/C(=O)NO)ccc1OCCCNC(=O)c1ccccc1O,6.259637310505756,1,
COc1cc(/C=C/C(=O)NO)ccc1OCCN(C)C(=O)c1ccccc1O,6.366531544420413,1,
COc1cc(/C=C/C(=O)Nc2ccc(C)cc2N)ccc1OCC(=O)Nc1cc(Br)cc(C(F)(F)F)c1,5.129011186239424,1,
COc1cc(/C=C/C(=O)Nc2ccc(C)cc2N)ccc1OCC(=O)Nc1cc(C(F)(F)F)cc(C(F)(F)F)c1,4.146301788223826,1,
COc1cc(/C=C/C(=O)Nc2ccc(C)cc2N)ccc1OCC(=O)Nc1cc(F)cc(Cl)c1,4.812479279163537,1,
COc1cc(/C=C/C(=O)Nc2ccc(C)cc2N)ccc1OCC(=O)Nc1ccc(Br)cc1,4.785156151952302,1,
COc1cc(/C=C/C(=O)Nc2ccc(C)cc2N)ccc1OCC(=O)Nc1ccc(Cl)c(Cl)c1,4.1904402853647325,1,
COc1cc(/C=C/C(=O)Nc2ccc(C)cc2N)ccc1OCC(=O)Nc1cccc(C(F)(F)F)c1,4.82102305270683,1,
COc1cc(/C=C/C(=O)Nc2ccc(C)cc2N)ccc1OCC(=O)Nc1cccc(F)c1,4.176525770829699,1,
COc1cc(/C=C/C(=O)Nc2ccc(C)cc2N)ccc1OCC(=O)Nc1ccccc1F,4.935542010773082,1,
COc1cc(/C=C/C(=O)Nc2ccccc2N)ccc1C(=O)NCC1CCN(Cc2ccccc2)CC1,5.903089986991944,1,
COc1cc(/C=C/C(=O)Nc2ccccc2N)ccc1OCC(=O)Nc1cc(Br)cc(C(F)(F)F)c1,4.616184634019569,1,
COc1cc(/C=C/C(=O)Nc2ccccc2N)ccc1OCC(=O)Nc1cc(C(F)(F)F)cc(C(F)(F)F)c1,5.107905397309519,1,
COc1cc(/C=C/C(=O)Nc2ccccc2N)ccc1OCC(=O)Nc1ccc(Br)cc1,4.892790030352131,1,
COc1cc(/C=C/C(=O)Nc2ccccc2N)ccc1OCC(=O)Nc1ccc(Cl)c(Cl)c1,4.987162775294828,1,
COc1cc(/C=C/C(=O)Nc2ccccc2N)ccc1OCC(=O)Nc1ccc(F)c(Cl)c1,4.939302159646388,1,
COc1cc(/C=C/C(=O)Nc2ccccc2N)ccc1OCC(=O)Nc1cccc(C(F)(F)F)c1,4.304518323509803,1,
COc1cc(/C=C/C(=O)Nc2ccccc2N)ccc1OCC(=O)Nc1cccc(F)c1,5.549750891680639,1,
COc1cc(/C=C/C(=O)Nc2ccccc2N)ccc1OCC(=O)Nc1ccccc1F,4.132532512140949,1,
COc1cc(/C=C/C(=O)c2ccc(OCCCCCC(=O)NO)cc2)cc(OC)c1OC,7.221848749616356,1,
COc1cc(/C=C/c2ccc(OC)c(NC(=O)CCCCCCC(=O)NO)c2)cc(OC)c1,5.886056647693163,1,
COc1cc(/C=C/c2ccc(OCCCCCCC(=O)NO)cc2)cc(OC)c1,7.310619412341813,2,0.4633709651189912
COc1cc(/C=C2/C(=O)NCC(=O)N2C)ccc1/C=C/C(=O)NO,7.275724130399211,1,
COc1cc(/C=C2\SC(=O)N(CCNC(=O)Nc3c(C)n(C)n(-c4ccccc4)c3=O)C2=O)cc(OC)c1OC,6.323306390375134,1,
COc1cc(/C=C\c2ccc(OC)c(NC(=O)CCCCCCC(=O)NO)c2)cc(OC)c1,5.795880017344075,1,
COc1cc(C(=O)NCCc2ccc(/C=C/C(=O)NO)cc2)ccc1O,7.958607314841775,1,
COc1cc(C(=O)NO)ccc1CN1CCCc2cccnc21,5.628932137728263,1,
COc1cc(C(=O)NO)ccc1Cn1ccc2cc(C(=O)NCC34C[C@H]5C[C@@H](C3)C[C@@H](C4)C5)ccc21,6.1938200260161125,1,
COc1cc(C(=O)NO)ccc1Oc1no[n+]([O-])c1S(=O)(=O)c1ccccc1,5.568636235841012,1,
COc1cc(C(=O)NOCCCCCC(=O)NO)cc(OC)c1OC,5.878928138649458,2,0.06956495872076585
COc1cc(C(=O)NOCc2ccc(/C=C/C(=O)NO)cc2)cc(OC)c1OC,5.33368989021718,2,0.23954014615074054
COc1cc(C(=O)OCCCCCCCOC(=O)c2ccc(O)c(OC)c2)ccc1O,6.698970004336019,1,
COc1cc(C(=O)On2nnc3ccccc32)cc(OC)c1OC,5.026872146400301,1,
COc1cc(C(=O)c2ccc3c(ccn3Cc3ccc(/C=C/C(=O)NO)cc3)c2)cc(OC)c1OC,6.844663962534938,1,
COc1cc(C(=O)c2ccc3c(ccn3Cc3ccc(C(=O)NO)cc3)c2)cc(OC)c1OC,5.8124792791635365,1,
COc1cc(C(=O)c2ccc3c(ccn3S(=O)(=O)c3ccc(/C=C/C(=O)NO)cc3)c2)cc(OC)c1OC,6.012333735073725,1,
COc1cc(C(=O)c2ccc3c(ccn3S(=O)(=O)c3cccc(/C=C/C(=O)NO)c3)c2)cc(OC)c1OC,6.250263684430939,1,
COc1cc(C(=O)c2cn(Cc3ccc(/C=C/C(=O)NO)cc3)c3ccccc23)cc(OC)c1OC,6.860120913598763,1,
COc1cc(C(=O)c2cn(S(=O)(=O)c3cccc(/C=C/C(=O)NO)c3)c3ccccc23)cc(OC)c1OC,6.101274818410507,1,
COc1cc(C(=O)c2csc(-c3ccc(/C=C/C(=O)NO)cc3)n2)cc(OC)c1OC,5.798602875679549,1,
COc1cc(C(=O)c2csc(-c3ccc(/C=C/C(=O)Nc4ccccc4N)cc3)n2)cc(OC)c1OC,4.647238808276169,1,
COc1cc(C(=O)c2csc(-c3ccc(C#CCCC(=O)Nc4ccccc4N)cc3)n2)cc(OC)c1OC,4.694004117229196,1,
COc1cc(C(=O)c2csc(-c3ccc(NC(=O)/C=C/C(=O)NO)cc3)n2)cc(OC)c1OC,5.978810700930062,1,
COc1cc(C(=O)c2csc(-c3ccc(NC(=O)/C=C/C(=O)Nc4ccccc4N)cc3)n2)cc(OC)c1OC,4.519705539996994,1,
COc1cc(C(=O)c2csc(-c3ccc(NC(=O)CC(=O)Nc4ccccc4N)cc3)n2)cc(OC)c1OC,4.676541633150532,1,
COc1cc(C(=O)c2csc(-c3ccc(NC(=O)CCC(=O)NO)cc3)n2)cc(OC)c1OC,5.730487055782083,1,
COc1cc(C(=O)c2csc(-c3ccc(NC(=O)CCCC(=O)NO)cc3)n2)cc(OC)c1OC,5.761953896871205,1,
COc1cc(C(=O)c2csc(-c3ccc(NC(=O)CCCC(=O)Nc4ccccc4N)cc3)n2)cc(OC)c1OC,4.508078287413849,1,
COc1cc(C(=O)c2csc(-c3ccc(NC(=O)CCCCC(=O)NO)cc3)n2)cc(OC)c1OC,5.5934598195660445,1,
COc1cc(C(=O)c2csc(-c3ccc(NC(=O)CCCCC(=O)Nc4ccccc4N)cc3)n2)cc(OC)c1OC,4.439256698945288,1,
COc1cc(C(=O)c2csc(-c3ccc(NC(=O)CCCCCC(=O)NO)cc3)n2)cc(OC)c1OC,5.7121982700697735,1,
COc1cc(C(=O)c2csc(-c3ccc(NC(=O)CCCCCC(=O)Nc4ccccc4N)cc3)n2)cc(OC)c1OC,4.564633493387339,1,
COc1cc(C(=O)c2csc(-c3ccc(NC(=O)CCCCCCC(=O)Nc4ccccc4N)cc3)n2)cc(OC)c1OC,4.535361440904967,1,
COc1cc(C(=O)c2csc(-c3ccc(NC(=O)c4ccc(C(=O)Nc5ccccc5N)cc4)cc3)n2)cc(OC)c1OC,4.44057220024051,1,
COc1cc(C(=O)c2csc(-c3ccc(NCC(=O)Nc4ccccc4N)cc3)n2)cc(OC)c1OC,4.567511744229494,1,
COc1cc(C(=O)c2csc(-c3ccc(NCCC(=O)Nc4ccccc4N)cc3)n2)cc(OC)c1OC,4.623788149717328,1,
COc1cc(C(=O)c2csc(-c3ccc(O/C=C/c4ccc(CC(=O)NO)cc4)cc3)n2)cc(OC)c1OC,5.684029654543082,1,
COc1cc(C(=O)c2csc(-c3ccc(OCCCC(=O)NO)cc3)n2)cc(OC)c1OC,5.939302159646388,1,
COc1cc(C(=O)c2csc(-c3ccc(OCCCCCCC(=O)Nc4ccccc4N)cc3)n2)cc(OC)c1OC,4.566550206238404,1,
COc1cc(C(=O)c2csc(-c3ccc(OCc4ccc(C(=O)NO)cc4)cc3)n2)cc(OC)c1OC,5.703334809738469,1,
COc1cc(C/C(=N\O)C(=O)NCCSSCCNC(=O)/C(Cc2ccc(O)c(OC)c2)=N/O)ccc1O,7.3979400086720375,2,0.0
COc1cc(C2=CNC([C@@H](N)CCCCCC(=O)C3NC=CO3)N2)c(F)cn1,4.346787486224656,1,
COc1cc(C=CC(=O)CC(=O)C=Cc2ccc(O)c(OC)c2)ccc1O,3.939302159646388,1,
COc1cc(CC(N=O)C(=O)NCCS)cc(Br)c1OC,6.292429823902063,1,
COc1cc(CC(N=O)C(=O)NCCS)cc(I)c1OC,6.568636235841012,1,
COc1cc(CC(N=O)C(=O)NCCS)ccc1SC,5.853871964321762,1,
COc1cc(CCC(=O)NO)ccc1C(=O)NCC1CCN(Cc2ccccc2)CC1,6.769551078621726,1,
COc1cc(CCc2nc(CCC(=O)NO)cs2)cc(OC)c1OC,7.013228265733755,1,
COc1cc(CN2CCCc3cccnc32)ccc1C(=O)NO,5.079354998593212,1,
COc1cc(CNC(=O)CCCCC(O)CC(C)C)ccc1O,4.142667503568732,1,
COc1cc(Cc2cnc(N)nc2N)cc2c1N(CCO)CCC2C,9.136677139879545,1,
COc1cc(Cn2cc3ccc(C(=O)NO)cc3n2)cc(OC)c1,8.42021640338319,1,
COc1cc(Cn2ccc3cc(C(=O)NCC45C[C@H]6C[C@@H](C4)C[C@@H](C5)C6)ccc32)ccc1C(=O)NO,5.3788237182249645,1,
COc1cc(F)c(C2(Nc3ncc(-c4nnc(C(F)F)o4)cn3)CC2)c(F)c1,7.795880017344075,1,
COc1cc(F)c2nc(C)nc(SCC(=O)c3ccc(CNC(=O)CO)s3)c2c1,6.522878745280337,1,
COc1cc(F)ccc1-c1cc(Nc2ccc(NC(=O)CCCCCCC(=O)NO)cc2)ncc1F,7.086186147616283,1,
COc1cc(F)ccc1-c1cc(Nc2cnn(CCCCCC(=O)NO)c2)ncc1F,6.795880017344075,1,
COc1cc(F)ccc1-c1cc(Nc2cnn(CCCCCCC(=O)NO)c2)ncc1F,7.031517051446065,1,
COc1cc(F)ccc1CNc1ncc(C(=O)NO)cn1,8.698970004336019,1,
COc1cc(N)ccc1C(=O)NC(=O)NC1CC2CCC(C1)N2C,7.045757490560675,1,
COc1cc(NC(=O)CCCCCCC(=O)NO)ccc1Nc1nccc(-c2cn(C)c3ccccc23)n1,7.070581074285707,2,0.0
COc1cc(NC(=O)CCCCCCCCCCC(=O)NO)ccc1Nc1nccc(-c2cn(C)c3ccccc23)n1,7.070581074285707,1,
COc1cc(NC(=O)CCCCCNS(N)(=O)=O)c2ncccc2c1,6.356547323513812,1,
COc1cc(NC(=O)NOCCCCCC(=O)NO)c2nc(OC)cc(C)c2c1,8.55284196865778,1,
COc1cc(NC(=O)NOCCCCCC(=O)NO)c2nccc(C)c2c1,7.6020599913279625,1,
COc1cc(NC(=O)NOCCCCCC(=O)NO)c2ncccc2c1,8.214670164989233,1,
COc1cc(NC(=O)[C@H](CCCCNS(N)(=O)=O)NC(=O)OCc2ccccc2)c2ncccc2c1,7.221848749616356,1,
COc1cc(NC(=O)c2ccc(-c3noc(C(F)(F)F)n3)cc2)ccn1,5.080921907623926,1,
COc1cc(NCc2ccc(C(=O)NO)cc2)c2ncccc2c1,8.318758762624412,1,
COc1cc(Nc2ncc(C(=O)NO)cn2)cc(C(F)(F)F)c1,8.301029995663981,1,
COc1cc(Nc2ncc(C(=O)NO)cn2)cc(OC)c1,8.522878745280337,1,
COc1cc(Nc2ncnc3ccc(-c4cn(CCCCCC(=O)NO)nn4)cc23)ccc1Oc1ccccc1,7.721246399047171,1,
COc1cc(Nc2ncnc3ccc(-c4cn(CCCCCCC(=O)NO)nn4)cc23)ccc1Oc1ccccc1,7.795880017344075,1,
COc1cc(OC)c(/C=C/S(=O)(=O)Cc2ccc(OC)c(NC(=O)CCC(=O)NO)c2)c(OC)c1,7.096910013008056,1,
COc1cc(OC)c(/C=C/S(=O)(=O)Cc2ccc(OC)c(NCC(=O)NO)c2)c(OC)c1,7.173925197299173,1,
COc1cc(OC)c2c(=O)[nH]c(-c3cc(C)c(O)c(C)c3)nc2c1,3.536107011014093,1,
COc1cc(OC)c2c(=O)[nH]c(-c3cc(C)c(OCCCCCC(=O)NO)c(C)c3)nc2c1,6.536107011014092,1,
COc1cc(OC)c2c(=O)[nH]c(-c3ccc(OC/C=C/C(=O)NO)cc3)nc2c1,6.536107011014092,1,
COc1cc(OC)c2c(=O)[nH]c(-c3ccc(OCCCC(=O)NO)cc3)nc2c1,7.494850021680094,1,
COc1cc(OC)c2c(=O)[nH]c(-c3ccc(OCCCCC(=O)NO)cc3)nc2c1,6.536107011014092,1,
COc1cc(OC)c2c(=O)[nH]c(-c3ccc(OCCCCCC(=O)NO)cc3)nc2c1,6.536107011014092,1,
COc1cc(OC)c2c(=O)[nH]c(-c3ccc(OCCCCCCC(=O)NO)cc3)nc2c1,6.536107011014092,1,
COc1cc(OC)c2c(=O)[nH]c(-c3ccc(OCCCCCCCC(=O)NO)cc3)nc2c1,6.536107011014092,1,
COc1cc(OC)c2c(=O)[nH]c(-c3ccc(OCc4cc(C)c(/C=C/C(=O)NO)c(C)c4)cc3)nc2c1,6.536107011014092,1,
COc1cc(OC)c2c(=O)[nH]c(-c3ccc(OCc4ccc(/C=C/C(=O)NO)cc4)cc3)nc2c1,6.536107011014092,1,
COc1cc(OC)c2c(=O)[nH]c(-c3ccc(Oc4ccc(C(=O)NO)cn4)cc3)nc2c1,6.536107011014092,1,
COc1cc(OC)c2c(N3CCC(F)(F)CC3)nc(-c3cc(C)c(OCCCC(=O)NO)c(C)c3)nc2c1,6.136677139879544,1,
COc1cc(OC)c2c(N3CCC(F)(F)CC3)nc(-c3cc(C)c(OCCCCC(=O)NO)c(C)c3)nc2c1,6.468521082957745,1,
COc1cc(OC)c2c(N3CCC(F)(F)CC3)nc(-c3cc(C)c(OCCCCCC(=O)NO)c(C)c3)nc2c1,6.730487055782083,1,
COc1cc(OC)c2c(N3CCCC3)nc(-c3cc(C)c(OCCCC(=O)NO)c(C)c3)nc2c1,6.4089353929735005,1,
COc1cc(OC)c2c(N3CCCC3)nc(-c3cc(C)c(OCCCCC(=O)NO)c(C)c3)nc2c1,6.508638306165727,1,
COc1cc(OC)c2c(N3CCCC3)nc(-c3cc(C)c(OCCCCCC(=O)NO)c(C)c3)nc2c1,6.995678626217357,1,
COc1cc(OC)c2c(N3CCCCC3)nc(-c3cc(C)c(OCCCCC(=O)NO)c(C)c3)nc2c1,6.318758762624412,1,
COc1cc(OC)c2c(N3CCCCC3)nc(-c3cc(C)c(OCCCCCC(=O)NO)c(C)c3)nc2c1,6.690369832574101,1,
COc1cc(OC)c2c(N3CCN(C)CC3)nc(-c3cc(C)c(OCCCC(=O)NO)c(C)c3)nc2c1,6.187086643357144,1,
COc1cc(OC)c2c(N3CCN(C)CC3)nc(-c3cc(C)c(OCCCCC(=O)NO)c(C)c3)nc2c1,6.958607314841775,1,
COc1cc(OC)c2c(N3CCN(C)CC3)nc(-c3cc(C)c(OCCCCCC(=O)NO)c(C)c3)nc2c1,7.920818753952375,1,
COc1cc(OC)c2c(N3CCOCC3)nc(-c3cc(C)c(OCCCC(=O)NO)c(C)c3)nc2c1,6.455931955649724,1,
COc1cc(OC)c2c(N3CCOCC3)nc(-c3cc(C)c(OCCCCC(=O)NO)c(C)c3)nc2c1,6.6777807052660805,1,
COc1cc(OC)c2c(N3CCOCC3)nc(-c3cc(C)c(OCCCCCC(=O)NO)c(C)c3)nc2c1,6.924453038607469,1,
COc1cc(OC)c2c(N3CCOC[C@@H]3C)nc(-c3cc(C)c(OCCCC(=O)NO)c(C)c3)nc2c1,6.443697499232712,1,
COc1cc(OC)c2c(N3CCOC[C@@H]3C)nc(-c3cc(C)c(OCCCCC(=O)NO)c(C)c3)nc2c1,6.721246399047171,1,
COc1cc(OC)c2c(N3CCOC[C@@H]3C)nc(-c3cc(C)c(OCCCCCC(=O)NO)c(C)c3)nc2c1,7.00436480540245,1,
COc1cc(OC)c2c(N3CCOC[C@H]3C)nc(-c3cc(C)c(OCCCC(=O)NO)c(C)c3)nc2c1,6.481486060122112,1,
COc1cc(OC)c2c(N3CCOC[C@H]3C)nc(-c3cc(C)c(OCCCCC(=O)NO)c(C)c3)nc2c1,6.657577319177793,1,
COc1cc(OC)c2c(N3CCOC[C@H]3C)nc(-c3cc(C)c(OCCCCCC(=O)NO)c(C)c3)nc2c1,6.991399828238082,1,
COc1cc(OC)c2c(N3CCS(=O)(=O)CC3)nc(-c3cc(C)c(OCCCC(=O)NO)c(C)c3)nc2c1,6.070581074285707,1,
COc1cc(OC)c2c(N3CCS(=O)(=O)CC3)nc(-c3cc(C)c(OCCCCC(=O)NO)c(C)c3)nc2c1,6.886056647693163,1,
COc1cc(OC)c2c(N3CCS(=O)(=O)CC3)nc(-c3cc(C)c(OCCCCCC(=O)NO)c(C)c3)nc2c1,7.259637310505756,1,
COc1cc(OC)c2c(N3CCSCC3)nc(-c3cc(C)c(OCCCC(=O)NO)c(C)c3)nc2c1,6.376750709602099,1,
COc1cc(OC)c2c(N3CCSCC3)nc(-c3cc(C)c(OCCCCC(=O)NO)c(C)c3)nc2c1,6.537602002101044,1,
COc1cc(OC)c2c(N3CCSCC3)nc(-c3cc(C)c(OCCCCCC(=O)NO)c(C)c3)nc2c1,6.889410289700751,1,
COc1cc(OC)cc(-c2ccc3c(NC(=O)c4ccc(C(=O)NO)cc4)n[nH]c3c2)c1,6.616184634019569,1,
COc1cc(OC)cc(-c2ncc(/C=C/C(=O)NO)s2)c1,6.084769824984516,2,0.08187968228371532
COc1cc(OC)cc(-c2ncc(C(=O)NCCCCCCC(=O)NO)s2)c1,6.110779658214383,2,0.011888939165197138
COc1cc(OC)cc(C(=O)NOCCCCCC(=O)NO)c1,6.213854696924291,2,0.1879953535126611
COc1cc(OC)cc(C(=O)On2nnc3ccc(OC)cc32)c1,4.057991946977687,1,
COc1cc(OC)cc(C(=O)On2nnc3ccccc32)c1,4.213958789757446,1,
COc1cc(OC)cc(C2(Nc3ncc(C(=O)NO)cn3)CC2)c1,8.522878745280337,1,
COc1cc(OC)cc(N(CCCCC(=O)NO)c2ccc3ncc(-c4cnn(C)c4)nc3c2)c1,6.97061622231479,1,
COc1cc(OC)cc(N(CCCCCC(=O)NO)c2ccc3ncc(-c4cnn(C)c4)nc3c2)c1,8.200659450546418,1,
COc1cc(OC)cc(N(CCCCCCC(=O)NO)c2ccc3ncc(-c4cnn(C)c4)nc3c2)c1,7.886056647693163,1,
COc1cc(OC)cc(N(CCNC(C)C)c2ccc3ncc(-c4cnn(CCCCCCC(=O)NO)c4)nc3c2)c1,8.585026652029182,1,
COc1cc(OC)cc(N(CCNC(C)C)c2ccc3ncc(-c4cnn(CCOc5ccc(C(=O)NO)cc5)c4)nc3c2)c1,8.468521082957745,1,
COc1cc(OCCCCCCC(=O)NO)ccc1C1c2ccc(O)cc2CCN1CC(C)(C)F,7.585026652029182,1,
COc1cc(OCc2cccc(-c3ccc4c(c3)OCCO4)c2C)cc(OC)c1CNCCCCCC(=O)NO,6.853871964321762,1,
COc1cc(OCc2cccc(-c3ccccc3)c2C)cc(OC)c1CN(C)CCCC(=O)NO,5.050122295963125,2,0.0
COc1cc(OCc2cccc(-c3ccccc3)c2C)cc(OC)c1CN(C)CCCCC(=O)NO,6.1938200260161125,1,
COc1cc(OCc2cccc(-c3ccccc3)c2C)cc(OC)c1CNCCCCCC(=O)NO,6.366531544420413,1,
COc1cc(OCc2cccc(-c3ccccc3)c2C)cc(OC)c1CNCCCCCCC(=O)NO,7.638272163982407,2,0.0
COc1cc(Oc2ccc3nc(/C=C/C(=O)NO)ccc3c2)cc(OC)c1OC,7.568636235841012,1,
COc1cc2c(NC3CCN(Cc4ccc(C(=O)NO)cc4)CC3)cc(-c3ccc(C)o3)nc2cc1OCCCN1CCCC1,7.4089353929735005,1,
COc1cc2c(NC3CCN(c4ccc(C(=O)NO)cc4)CC3)cc(-c3ccc(C)o3)nc2cc1OCCCN1CCCC1,6.876148359032914,1,
COc1cc2c(NC3CCN(c4ncc(C(=O)NO)cn4)CC3)cc(C)nc2cc1OCCCN1CCCC1,6.928117992693874,1,
COc1cc2c(NCC3CCC(C(=O)NO)CC3)cc(-c3ccc(C)o3)nc2cc1OCCCN1CCCC1,7.468521082957745,1,
COc1cc2c(NCC3CCC(c4ccc(C(=O)NO)cc4)CC3)cc(-c3ccc(C)o3)nc2cc1OCCCN1CCCC1,6.913640169325252,1,
COc1cc2c(NCC3CCN(Cc4ccc(C(=O)NO)cc4)CC3)cc(-c3ccc(C)o3)nc2cc1OCCCN1CCCC1,7.275724130399211,1,
COc1cc2c(NCC3CCN(c4ccc(C(=O)NO)cc4)CC3)cc(-c3ccc(C)o3)nc2cc1OCCCN1CCCC1,7.173925197299173,1,
COc1cc2c(NCC3CCN(c4ncc(C(=O)NO)cn4)CC3)cc(-c3ccc(C)o3)nc2cc1OCC1CCNCC1,6.454692883534176,1,
COc1cc2c(NCC3CCN(c4ncc(C(=O)NO)cn4)CC3)cc(-c3ccc(C)o3)nc2cc1OCCCN1CCCC1,6.818156412055227,2,0.0
COc1cc2c(NCC3CCN(c4ncc(C(=O)NO)cn4)CC3)cc(C)nc2cc1OCCCN1CCCC1,6.455931955649724,1,
COc1cc2c(NCc3ccc(-c4ccc(C(=O)NO)cc4)cc3)cc(-c3ccc(C)o3)nc2cc1OCCCN1CCCC1,6.896196279044043,1,
COc1cc2c(NCc3ccc(C(=O)NO)cc3)cc(-c3ccc(C)o3)nc2cc1OCCCN1CCCC1,7.958607314841775,1,
COc1cc2c(NCc3ccc([C@H]4CC[C@@H](C(=O)NO)CC4)cc3)cc(-c3ccc(C)o3)nc2cc1OCCCN1CCCC1,6.454692883534176,1,
COc1cc2c(NCc3ccc([C@H]4CC[C@H](C(=O)NO)CC4)cc3)cc(-c3ccc(C)o3)nc2cc1OCCCN1CCCC1,5.016824927962187,1,
COc1cc2c(Nc3cccc(/C=C/C(=O)NO)c3)ncnc2cc1OCCCN1CCOCC1,6.251811972993799,1,
COc1cc2c(Oc3ccc(NC(=O)C4(C(=O)Nc5ccc(F)cc5)CC4)cc3F)ccnc2cc1OC/C=C/CCCCS,7.455931955649724,1,
COc1cc2c(Oc3ccc(NC(=O)C4(C(=O)Nc5ccc(F)cc5)CC4)cc3F)ccnc2cc1OC/C=C/CCS,7.376750709602099,1,
COc1cc2c(Oc3ccc(NC(=O)C4(C(=O)Nc5ccc(F)cc5)CC4)cc3F)ccnc2cc1OC/C=C/CCSC(C)=O,7.017728766960431,1,
COc1cc2c(Oc3ccc(NC(=O)C4(C(=O)Nc5ccc(F)cc5)CC4)cc3F)ccnc2cc1OCCCC(=O)NO,6.616184634019569,1,
COc1cc2c(Oc3ccc(NC(=O)C4(C(=O)Nc5ccc(F)cc5)CC4)cc3F)ccnc2cc1OCCCCCC(=O)NO,8.080921907623926,1,
COc1cc2c(Oc3ccc(NC(=O)C4(C(=O)Nc5ccc(F)cc5)CC4)cc3F)ccnc2cc1OCCCCCCCS,7.7447274948966935,1,
COc1cc2c(Oc3ccc(NC(=O)C4(C(=O)Nc5ccc(F)cc5)CC4)cc3F)ccnc2cc1OCCCCCCCSC(C)=O,7.167491087293763,1,
COc1cc2c(Oc3ccc(NC(=O)C4(C(=O)Nc5ccc(F)cc5)CC4)cc3F)ccnc2cc1OCCCCCCNC(=O)CS,7.537602002101044,1,
COc1cc2c(Oc3ccc(NC(=O)C4(C(=O)Nc5ccc(F)cc5)CC4)cc3F)ccnc2cc1OCCCCCCNC(=O)CSC(C)=O,7.008773924307505,1,
COc1cc2c(Oc3ccc(NC(=O)C4(C(=O)Nc5ccc(F)cc5)CC4)cc3F)ccnc2cc1OCCCCCCS,7.4089353929735005,1,
COc1cc2c(Oc3ccc(NC(=O)C4(C(=O)Nc5ccc(F)cc5)CC4)cc3F)ccnc2cc1OCCCCCCSC(C)=O,7.180456064458131,1,
COc1cc2c(Oc3ccc(NC(=O)C4(C(=O)Nc5ccc(F)cc5)CC4)cc3F)ccnc2cc1OCCCCCNC(=O)CS,7.823908740944319,1,
COc1cc2c(Oc3ccc(NC(=O)C4(C(=O)Nc5ccc(F)cc5)CC4)cc3F)ccnc2cc1OCCCCCNC(=O)CSC(C)=O,7.318758762624412,1,
COc1cc2c(Oc3ccc(NC(=O)C4(C(=O)Nc5ccc(F)cc5)CC4)cc3F)ccnc2cc1OCCCCNC(=O)CS,7.795880017344075,1,
COc1cc2c(Oc3ccc(NC(=O)C4(C(=O)Nc5ccc(F)cc5)CC4)cc3F)ccnc2cc1OCCCCNC(=O)CSC(C)=O,7.522878745280337,1,
COc1cc2c(SCC(=O)c3ccc(CNC(=O)CO)s3)nc(C)nc2cc1F,6.522878745280337,1,
COc1cc2c(cc1-c1c(C)noc1C)[nH]c1nc(C)nc(NCCCCCCC(=O)NO)c12,7.853871964321762,1,
COc1cc2c(cc1-c1c(C)noc1C)[nH]c1ncnc(NCCCCCCC(=O)NO)c12,8.045757490560675,1,
COc1cc2c(cc1O)CN1C(=O)CC[C@H]1C(=O)N2CCCCCC(=O)NO,7.795880017344075,1,
COc1cc2c(cc1O)CN1C(=O)CC[C@H]1C(=O)N2CCCCCCC(=O)NO,7.853871964321762,1,
COc1cc2c(cc1O)CN1C(=O)CC[C@H]1C(=O)N2CCCCCCCC(=O)NO,6.75448733218585,1,
COc1cc2c(cc1O)CN1C(=O)CC[C@H]1C(=O)N2Cc1ccc(C(=O)NO)cc1,6.899629454882437,1,
COc1cc2c(cc1O)CN1C(=O)CC[C@H]1C(=O)N2Cc1ccc(CC(=O)NO)cc1,6.903089986991944,1,
COc1cc2c(cc1O)CN1C(=O)CC[C@H]1C(=O)N2Cc1cccc(C(=O)NO)c1,6.528708288941061,1,
COc1cc2c(cc1O)CN1C(=O)CC[C@H]1C(=O)N2Cc1ccccc1C(=O)NO,6.554395796726403,1,
COc1cc2c(cc1OC)C(=O)C(CC1CCN(Cc3ccc(/C=C/C(=O)NO)cc3)CC1)C2,6.621602099051863,1,
COc1cc2c(cc1OC)C(=O)C(CC1CCN(Cc3ccc(NC(=O)CCCCCCC(=O)NO)cc3)CC1)C2,8.568636235841012,1,
COc1cc2c(cc1OC)C(=O)C(CC1CCN(Cc3ccc(NCc4ccc(C(=O)NO)cc4)cc3)CC1)C2,7.301029995663981,1,
COc1cc2c(cc1OC)C(=O)C(CC1CCN(Cc3cccc(NC(=O)CCCCCCC(=O)NO)c3)CC1)C2,7.2839966563652006,1,
COc1cc2c(cc1OC)C(=O)C(CC1CCN(S(=O)(=O)c3cccc(/C=C/C(=O)NO)c3)CC1)C2,6.958607314841775,1,
COc1cc2c(cc1OC)CN(c1ncc(C(=O)NCCCCCCC(=O)NO)cn1)CC2,8.018106086327222,2,0.962886986978523
COc1cc2c(cc1OC)N(Cc1ccc(C(=O)NO)cc1)CCCC2,7.853871964321762,1,
COc1cc2c(cc1OCc1ccc(C(=O)Nc3ccccc3N)cc1)CC[C@@H]1[C@H]3CC[C@@H](O)[C@]3(C)CC[C@@H]21,6.920818753952375,1,
COc1cc2c(cc1OCc1ccccc1)CN1C(=O)CC[C@H]1C(=O)N2CCCCCC(=O)NO,7.769551078621726,1,
COc1cc2c(cc1OCc1ccccc1)CN1C(=O)CC[C@H]1C(=O)N2CCCCCCC(=O)NO,7.920818753952375,1,
COc1cc2c(cc1OCc1ccccc1)CN1C(=O)CC[C@H]1C(=O)N2CCCCCCCC(=O)NO,6.560667306169737,1,
COc1cc2c(cc1OCc1ccccc1)CN1C(=O)CC[C@H]1C(=O)N2Cc1ccc(C(=O)NO)cc1,7.6777807052660805,1,
COc1cc2c(cc1OCc1ccccc1)CN1C(=O)CC[C@H]1C(=O)N2Cc1ccc(CC(=O)NO)cc1,7.657577319177793,1,
COc1cc2c(cc1OCc1ccccc1)CN1C(=O)CC[C@H]1C(=O)N2Cc1cccc(C(=O)NO)c1,6.7423214251308154,1,
COc1cc2c(cc1OCc1ccccc1)CN1C(=O)CC[C@H]1C(=O)N2Cc1ccccc1C(=O)NO,6.690369832574101,1,
COc1cc2c(ccc(=O)n2C)cc1-c1cnc([C@@H](N)CCCCCC(=O)c2ccon2)[nH]1,4.823908740944319,1,
COc1cc2c(ccc(=O)n2C)cc1-c1cnc([C@H](CCCCCC(=O)c2ccon2)NC(=O)CN(C)C)[nH]1,5.346787486224656,1,
COc1cc2c(ccc(=O)n2C)cc1-c1cnc([C@H](CCCCCC(=O)c2ncco2)NC(=O)CN(C)C)[nH]1,5.346787486224656,1,
COc1cc2cc(C(=O)NO)sc2cc1C,5.8696662315049934,1,
COc1cc2cc(c1)COc1ccccc1NC(=O)C(CCCCCC(=O)NO)OC/C=C\2,8.698970004336019,1,
COc1cc2cc(c1)COc1ccccc1NC(=O)C(CCCCCC(=O)NO)OCCC2,8.075720713938118,1,
COc1cc2cc(c1)COc1ccccc1NC(=O)[C@@H](CCCCCC(=O)NO)OC/C=C\2,8.0,1,
COc1cc2cc(c1)COc1ccccc1NC(=O)[C@@H](CCCCCC(=O)NO)OCCC2,8.4089353929735,1,
COc1cc2cc(c1)COc1ccccc1NC(=O)[C@H](CCCCCC(=O)NO)OC/C=C\2,9.075720713938118,1,
COc1cc2cc(c1)COc1ccccc1NC(=O)[C@H](CCCCCC(=O)NO)OCCC2,8.468521082957745,1,
COc1cc2ccn(CCCCOc3cccc(NC(=O)CCCCCCC(=O)NO)c3)c2c(OC)c1OC,8.070581074285707,1,
COc1cc2ccn(CCOc3ccc(NC(=O)CCCCCCC(=O)NO)cc3)c2cc1OC,8.148741651280925,1,
COc1cc2ccn(CCOc3cccc(NC(=O)CCCCCCC(=O)NO)c3)c2c(OC)c1OC,8.017728766960431,1,
COc1cc2nc(-c3cc(C)oc3C)cc(NCC3CCN(c4ncc(C(=O)NO)cn4)CC3)c2cc1OC,6.899629454882437,1,
COc1cc2nc(-c3ccc(C)o3)cc(NC3CCN(c4ncc(C(=O)NO)cn4)CC3)c2cc1OC,6.464705879957229,1,
COc1cc2nc(-c3ccc(C)o3)cc(NCC3C4CCC3CN(c3ncc(C(=O)NO)cn3)C4)c2cc1OC,6.621602099051863,1,
COc1cc2nc(-c3ccc(C)o3)cc(NCC3CCC(C(=O)NO)CC3)c2cc1OC,7.3872161432802645,1,
COc1cc2nc(-c3ccc(C)o3)cc(NCC3CCN(C4CC(C(=O)NO)C4)CC3)c2cc1OC,5.497572880015568,1,
COc1cc2nc(-c3ccc(C)o3)cc(NCC3CCN(Cc4ccc(C(=O)NO)cc4)CC3)c2cc1OC,7.075720713938118,1,
COc1cc2nc(-c3ccc(C)o3)cc(NCC3CCN(Cc4ccc(C(=O)NO)s4)CC3)c2cc1OC,7.180456064458131,1,
COc1cc2nc(-c3ccc(C)o3)cc(NCC3CCN(c4ccc(C(=O)NO)cn4)CC3)c2cc1OC,6.332547047110046,1,
COc1cc2nc(-c3ccc(C)o3)cc(NCC3CCN(c4ncc(C(=O)NO)cn4)CC3)c2cc1OC,6.274905478918531,2,0.0
COc1cc2nc(-c3ccc(C)o3)cc(NCc3ccc(C(=O)NO)cc3)c2cc1OC,7.657577319177793,1,
COc1cc2nc(-c3ccc(C)o3)cc(NCc3ccc(C(=O)NO)cn3)c2cc1OC,6.690369832574101,1,
COc1cc2nc(-c3ccc(C)o3)cc(N[C@H]3CC[C@@H](C(=O)NO)CC3)c2cc1OC,5.539102157243452,1,
COc1cc2nc(-c3ccc(C)o3)nc(NCC3CCN(c4ncc(C(=O)NO)cn4)CC3)c2cc1OC,6.2958494831602,1,
COc1cc2nc(-c3ccc(C)s3)cc(NCC3CCN(c4ncc(C(=O)NO)cn4)CC3)c2cc1OC,5.90031935889075,1,
COc1cc2nc(-c3ccccc3)cc(NCC3CCN(c4ncc(C(=O)NO)cn4)CC3)c2cc1OC,6.638272163982407,1,
COc1cc2nc(C)cc(NCC3CCN(c4ncc(C(=O)NO)cn4)CC3)c2cc1OC,6.596879478824182,1,
COc1cc2nc(C)ccc2cc1-c1c[nH]c([C@@H](N)CCCCCC(=O)c2ncco2)n1,5.080921907623926,1,
COc1cc2nc(C)ccc2cc1-c1cnc([C@H](CCCCCC(=O)C2NC=CO2)NC(=O)C2CCC3(CC2)CN(C)C3)[nH]1,6.167491087293763,1,
COc1cc2nc(C)ccc2cc1-c1cnc([C@H](CCCCCC(=O)C2NC=CO2)NC(=O)C2CCN(C)CC2)[nH]1,6.0,1,
COc1cc2nc(C)ccc2cc1-c1cnc([C@H](CCCCCC(=O)C2NC=CO2)NC(=O)C2CN(C)C2)[nH]1,5.886056647693163,1,
COc1cc2nc(C)ccc2cc1-c1cnc([C@H](CCCCCC(=O)C2NC=CO2)NC(=O)C2CN(C)C2)o1,6.207608310501746,1,
COc1cc2nc(C)ccc2cc1-c1cnc([C@H](CCCCCC(=O)C2NC=CO2)NC2CC(OC)C2)[nH]1,4.886056647693163,1,
COc1cc2nc(C)ccc2cc1-c1cnc([C@H](CCCCCC(=O)C2NC=CO2)Nc2ncccn2)[nH]1,6.6020599913279625,1,
COc1cc2nc(C)ccc2cc1-c1cnc([C@H](CCCCCC(=O)c2cc(C)on2)NC(=O)C2CC23CCN(C)CC3)[nH]1,4.346787486224656,1,
COc1cc2nc(C)ccc2cc1-c1cnc([C@H](CCCCCC(=O)c2cc(C)on2)NC(=O)C2CN(C)C2)[nH]1,4.346787486224656,1,
COc1cc2nc(C)ccc2cc1-c1cnc([C@H](CCCCCC(=O)c2cc(C)on2)NC(=O)CN(C)C)[nH]1,4.346787486224656,1,
COc1cc2nc(C)ccc2cc1-c1cnc([C@H](CCCCCC(=O)c2ccon2)NC(=O)CN(C)C)[nH]1,4.958607314841775,1,
COc1cc2nc(C)ccc2cc1-c1cnc([C@H](CCCCCC(=O)c2ncco2)NC(=O)CN2CCNCC2=O)[nH]1,5.537602002101044,1,
COc1cc2nc(C)ccc2cc1-c1cnc([C@H](CCCCCC(=O)c2ncco2)NC(=O)CN2CCOCC2=O)[nH]1,6.229147988357855,1,
COc1cc2nc(C)ccc2cc1-c1cnc([C@H](CCCCCC(=O)c2ncco2)NC(=O)Cn2ccc(C)n2)[nH]1,6.180456064458131,1,
COc1cc2nc(C)ccc2cc1-c1cnc([C@H](CCCCCC(=O)c2ncco2)NC(=O)[C@H]2CC23CCN(C)CC3)o1,6.698970004336019,1,
COc1cc2nc(C)ccc2cc1-c1cnc([C@H](CCCCCC(=O)c2ncco2)NC2CCOCC2)[nH]1,4.823908740944319,1,
COc1cc2nc(C)ccc2cc1-c1cnc([C@H](CCCCCC(=O)c2ncco2)NCc2ccccc2)[nH]1,5.823908740944319,1,
COc1cc2nc(C3CCCCC3)cc(NCC3CCN(c4ncc(C(=O)NO)cn4)CC3)c2cc1OC,6.954677021213342,1,
COc1cc2nc(N3CCCCC3)cc(NCC3CCN(c4ncc(C(=O)NO)cn4)CC3)c2cc1OC,6.630784142589857,1,
COc1cc2nc(N3CCN(C(=O)CCCCCCC(=O)NO)CC3)nc(NC3CCN(Cc4ccccc4)CC3)c2cc1OC,7.443697499232712,1,
COc1cc2nc(N3CCN(CCCCCC(=O)NO)CC3)nc(NC3CCN(C(C)C)CC3)c2cc1OC,7.619788758288394,1,
COc1cc2nc(N3CCN(CCCCCC(=O)NO)CC3)nc(NC3CCN(Cc4ccccc4)CC3)c2cc1OC,7.886056647693163,1,
COc1cc2nc(N3CCN(Cc4ccc(/C=C/C(=O)NO)cc4)CC3)nc(NC3CCN(Cc4ccccc4)CC3)c2cc1OC,7.301029995663981,1,
COc1cc2nc(NCCCCCC(=O)NO)nc(NC3CCN(C(C)C)CC3)c2cc1OC,6.882728704344236,1,
COc1cc2nc(NCCCCCC(=O)NO)nc(NC3CCN(C)CC3)c2cc1OC,7.292429823902063,1,
COc1cc2nc(NCCCCCC(=O)NO)nc(NC3CCN(Cc4ccccc4)CC3)c2cc1OC,7.769551078621726,1,
COc1cc2nc(NCCCCCCC(=O)NO)nc(NC3CCN(C(C)C)CC3)c2cc1OC,7.920818753952375,1,
COc1cc2nc(NCCCCCCC(=O)NO)nc(NC3CCN(C)CC3)c2cc1OC,7.795880017344075,1,
COc1cc2nc(NCCNC(=O)CCCCC(=O)NO)nc(NC3CCN(Cc4ccccc4)CC3)c2cc1OC,5.050983145815687,2,0.2699199573459767
COc1cc2nc(Nc3ccc(NC(=O)CCCCCCC(=O)NO)cc3)nc(NC3CCN(Cc4ccc(F)cc4)CC3)c2cc1OC,8.096910013008056,1,
COc1cc2nc(Nc3ccc(NC(=O)CCCCCCC(=O)NO)cc3)nc(NC3CCN(Cc4ccccc4Cl)CC3)c2cc1OC,8.040958607678906,1,
COc1cc2nc3ccccc3c(Nc3ccc(C(=O)NO)cc3)c2c(OC)c1OC,6.795880017344075,1,
COc1cc2ncn(CC(=O)O)c(=O)c2cc1OC,4.356547323513812,1,
COc1cc2ncn(CCC(=O)O)c(=O)c2cc1OC,4.022276394711152,1,
COc1cc2ncnc(Nc3cc(Cl)ccc3Cl)c2cc1OCCC(=O)NO,6.458420756053419,1,
COc1cc2ncnc(Nc3cc(Cl)ccc3Cl)c2cc1OCCCC(=O)NO,7.2441251443275085,1,
COc1cc2ncnc(Nc3cc(Cl)ccc3Cl)c2cc1OCCCCC(=O)NO,7.6777807052660805,1,
COc1cc2ncnc(Nc3cc(Cl)ccc3Cl)c2cc1OCCCCCC(=O)NO,8.075720713938118,1,
COc1cc2ncnc(Nc3ccc(Br)cc3)c2cc1OCCCC(=O)NO,6.2636034977233574,1,
COc1cc2ncnc(Nc3ccc(Br)cc3)c2cc1OCCCCC(=O)NO,7.167491087293763,1,
COc1cc2ncnc(Nc3ccc(Br)cc3)c2cc1OCCCCCC(=O)NO,8.289198036565084,2,0.5209669775681647
COc1cc2ncnc(Nc3ccc(Br)cc3)c2cc1OCCCCCCC(=O)NO,8.370344885233221,3,0.4975011691736714
COc1cc2ncnc(Nc3ccc(Cl)cc3)c2cc1OCCCC(=O)NO,6.156144577376839,1,
COc1cc2ncnc(Nc3ccc(Cl)cc3)c2cc1OCCCCC(=O)NO,6.8794260687941495,1,
COc1cc2ncnc(Nc3ccc(Cl)cc3)c2cc1OCCCCCC(=O)NO,7.958607314841775,1,
COc1cc2ncnc(Nc3ccc(Cl)cc3)c2cc1OCCCCCCC(=O)NO,8.494850021680094,1,
COc1cc2ncnc(Nc3ccc(Cl)cc3Cl)c2cc1OCCC(=O)NO,6.667561540084394,1,
COc1cc2ncnc(Nc3ccc(Cl)cc3Cl)c2cc1OCCCC(=O)NO,7.0655015487564325,1,
COc1cc2ncnc(Nc3ccc(Cl)cc3Cl)c2cc1OCCCCC(=O)NO,7.853871964321762,1,
COc1cc2ncnc(Nc3ccc(Cl)cc3Cl)c2cc1OCCCCCC(=O)NO,8.068934310343481,2,0.6843487733242878
COc1cc2ncnc(Nc3ccc(Cl)cc3Cl)c2cc1OCCCCCCC(=O)NO,8.55284196865778,1,
COc1cc2ncnc(Nc3ccc(F)c(Cl)c3)c2cc1OCCCCCCC(=O)NO,8.187086643357144,1,
COc1cc2ncnc(Nc3ccc(F)cc3)c2cc1OCCCC(=O)NO,5.872895201635192,1,
COc1cc2ncnc(Nc3ccc(F)cc3)c2cc1OCCCCC(=O)NO,6.856985199745905,1,
COc1cc2ncnc(Nc3ccc(F)cc3)c2cc1OCCCCCC(=O)NO,7.537602002101044,1,
COc1cc2ncnc(Nc3ccc(F)cc3)c2cc1OCCCCCCC(=O)NO,8.070581074285707,1,
COc1cc2ncnc(Nc3cccc(Br)c3)c2cc1OCCC(=O)NO,6.274905478918531,1,
COc1cc2ncnc(Nc3cccc(Br)c3)c2cc1OCCCC(=O)NO,7.013228265733755,1,
COc1cc2ncnc(Nc3cccc(Br)c3)c2cc1OCCCCC(=O)NO,7.823908740944319,1,
COc1cc2ncnc(Nc3cccc(Br)c3)c2cc1OCCCCCC(=O)NO,8.346787486224656,1,
COc1cc2ncnc(Nc3cccc(Cl)c3)c2cc1OCCC(=O)NO,6.1904402853647325,1,
COc1cc2ncnc(Nc3cccc(Cl)c3)c2cc1OCCCC(=O)NO,6.917214629683549,1,
COc1cc2ncnc(Nc3cccc(Cl)c3)c2cc1OCCCCC(=O)NO,7.769551078621726,1,
COc1cc2ncnc(Nc3cccc(Cl)c3)c2cc1OCCCCCC(=O)NO,8.267606240177031,1,
COc1cc2ncnc(Nc3ccccc3Br)c2cc1OCCCC(=O)NO,6.075720713938118,1,
COc1cc2ncnc(Nc3ccccc3Br)c2cc1OCCCCC(=O)NO,7.130768280269024,1,
COc1cc2ncnc(Nc3ccccc3Br)c2cc1OCCCCCC(=O)NO,7.508638306165727,1,
COc1cc2ncnc(Nc3ccccc3Br)c2cc1OCCCCCCC(=O)NO,8.05551732784983,1,
COc1cc2ncnc(Nc3ccccc3Cl)c2cc1OCCCC(=O)NO,5.901356274182943,1,
COc1cc2ncnc(Nc3ccccc3Cl)c2cc1OCCCCC(=O)NO,6.892790030352131,1,
COc1cc2ncnc(Nc3ccccc3Cl)c2cc1OCCCCCC(=O)NO,7.537602002101044,1,
COc1cc2ncnc(Nc3ccccc3Cl)c2cc1OCCCCCCC(=O)NO,7.7447274948966935,1,
COc1cc2ncnc(Nc3ccccc3F)c2cc1OCCCC(=O)NO,6.171984935776023,1,
COc1cc2ncnc(Nc3ccccc3F)c2cc1OCCCCC(=O)NO,6.2564902352715706,1,
COc1cc2ncnc(Nc3ccccc3F)c2cc1OCCCCCC(=O)NO,6.838631997765026,1,
COc1cc2ncnc(Nc3ccccc3F)c2cc1OCCCCCCC(=O)NO,7.494850021680094,1,
COc1cc2oc(C(=O)c3cc(OC)c(OC)c(OC)c3)c(C)c2cc1/C=C/C(=O)NO,5.221848749616356,1,
COc1cc2oc(C(=O)c3cc(OC)c(OC)c(OC)c3)cc2cc1/C=C/C(=O)NO,5.287350298372789,1,
COc1ccc(-c2cc(-c3ccc(C(C)C)cc3)cnc2NCc2ccc(C(=O)NO)cc2)cc1,6.7447274948966935,1,
COc1ccc(-c2cc(-c3ccn(Cc4ccc(C(=O)NO)cc4)n3)ccn2)cc1,8.387216143280265,1,
COc1ccc(-c2cc(-c3ccoc3)c(C(=O)NCc3ccc(C(=O)NO)cc3)[nH]2)cc1,8.747425010840047,2,0.0685257273628731
COc1ccc(-c2cc(-c3ccsc3)c(C(=O)NCc3ccc(C(=O)NO)cc3)[nH]2)cc1,8.698970004336019,1,
COc1ccc(-c2cc(/C=C/c3ccc(C(=O)NO)cc3)ccn2)cc1,6.958607314841775,1,
COc1ccc(-c2cc(C(=O)NCCCCCCS)[nH]n2)cc1,6.800596134898368,2,0.03296900364444489
COc1ccc(-c2cc(C(=O)NCCCCCCS)[nH]n2)cc1OC,7.251811972993799,2,0.0
COc1ccc(-c2cc(C(=O)NCCSSCCNC(=O)c3cc(-c4ccc(OC)c(Br)c4)[nH]n3)n[nH]2)cc1Br,5.730487055782083,2,0.0
COc1ccc(-c2cc(C(=O)NCCSSCCNC(=O)c3cc(-c4ccc(OC)c(Br)c4)on3)no2)cc1Br,5.332547047110046,2,0.0
COc1ccc(-c2cc(C(=O)NCCSSCCNC(=O)c3cc(-c4ccc(OC)cc4)[nH]n3)n[nH]2)cc1,5.557520230935552,2,0.0
COc1ccc(-c2cc(C(=O)NCCSSCCNC(=O)c3cc(-c4ccc(OC)cc4)on3)no2)cc1,5.080398976215889,2,0.0
COc1ccc(-c2cc(C(=O)NCc3ccc(C(=O)NO)cc3)ccn2)cc1,8.619788758288394,1,
COc1ccc(-c2cc(OCCN(C)c3ncc(C(=O)NO)cn3)c3ncnc(C)c3c2)cn1,7.769551078621726,2,0.0
COc1ccc(-c2cc3cc(C(=O)NO)ccc3o2)cn1,7.017728766960431,1,
COc1ccc(-c2cc3cc(C(=O)NO)ccc3s2)cc1,8.045757490560675,1,
COc1ccc(-c2ccc(-c3nc4cc(C(=O)NO)ccc4o3)c(F)c2)cn1,7.795880017344075,1,
COc1ccc(-c2ccc(-c3nc4cc(C(=O)NO)ccc4o3)cc2)cn1,8.522878745280337,1,
COc1ccc(-c2ccc(-c3nc4ccc(C(=O)NO)cc4[nH]3)o2)cc1OC,8.327902142064282,1,
COc1ccc(-c2ccc(/C=C/C(=O)NO)cc2)cc1,5.659687141082149,3,1.5612705896683354
COc1ccc(-c2ccc(/C=C/C=C/C(=O)NO)cc2)cc1,5.486782399932061,1,
COc1ccc(-c2ccc(/C=C/C=C/C(=O)NO)cc2)cc1C12CC3CC(CC(C3)C1)C2,4.769551078621726,1,
COc1ccc(-c2ccc(C(=O)N3CCc4c(cc(Cl)c(C(=O)NO)c4Cl)C3)cc2)cc1,8.060480747381382,1,
COc1ccc(-c2ccc3c(NC(=O)c4ccc(C(=O)NO)cc4)n[nH]c3c2)cc1,7.3872161432802645,1,
COc1ccc(-c2ccc3c(NC(=O)c4ccc(C(=O)NO)cc4)n[nH]c3c2)cc1OC,7.481486060122112,1,
COc1ccc(-c2ccc3cc(OCCCCCC(=O)NO)ccc3n2)cc1,7.638272163982407,1,
COc1ccc(-c2ccc3ccc(OCCCCCC(=O)NO)cc3n2)cc1I,7.318758762624412,1,
COc1ccc(-c2ccc3ccc(OCCCCCCC(=O)NO)cc3n2)cc1I,6.863279432843593,1,
COc1ccc(-c2ccc3nc(/C=C/C(=O)NO)ccc3c2)cc1,7.309803919971486,1,
COc1ccc(-c2cccc3c2C(=O)N(Cc2ccc(-c4nnc(C(F)F)o4)cn2)C(=O)C3(C)C)cn1,6.935542010773082,1,
COc1ccc(-c2ccccc2)c2c1CCN(Cc1ccc(C(=O)NO)cc1)CC2,6.3036436112666685,1,
COc1ccc(-c2cn(CCCCCC(=O)NO)c(C)c2C(C)=O)cc1,7.2839966563652006,1,
COc1ccc(-c2cn(CCCCCC(=O)NO)nn2)cc1,8.67778070526608,1,
COc1ccc(-c2cnc(-c3nc(C(=O)N[C@@H](C)c4ccc(C(=O)NO)cc4)c(C4CC4)s3)s2)cc1,8.619788758288394,1,
COc1ccc(-c2cnc(C(=O)NCCCC(=O)NO)o2)cc1,6.460923901207224,1,
COc1ccc(-c2cnc(C(=O)NCCCCC(=O)NO)o2)cc1,6.709965388637482,1,
COc1ccc(-c2cnc(C(=O)NCCCCCC(=O)NO)o2)cc1,7.6777807052660805,1,
COc1ccc(-c2cnc(C(=O)NCCCCCC(=O)NO)s2)cc1,7.2839966563652006,1,
COc1ccc(-c2cnc(C(=O)NCCCCCCC(=O)NO)o2)cc1,8.119186407719209,1,
COc1ccc(-c2cnc(C(=O)NCCCCCCC(=O)NO)s2)cc1,8.42021640338319,1,
COc1ccc(-c2cnc(C(=O)NCCCCCCCC(=O)NO)o2)cc1,7.522878745280337,1,
COc1ccc(-c2cnc(C(=O)NCCCCCCCC(=O)NO)s2)cc1,7.096910013008056,1,
COc1ccc(-c2cnc(NC(=O)CCCCCCNC(=O)C(O)(O)C(F)(F)F)s2)cc1,4.431798275933005,1,
COc1ccc(-c2csc(C(=O)NOCCCCCC(=O)NO)n2)cc1,7.42021640338319,1,
COc1ccc(-c2csc(NC(=O)CCCCCCC(=O)c3ncco3)n2)cc1,7.522878745280337,1,
COc1ccc(-c2csc(NC(=O)[C@H](CCCCNS(N)(=O)=O)NC(=O)OCc3ccccc3)n2)cc1,6.698970004336019,1,
COc1ccc(-c2nc(C(=O)N(CCN(C)C)Cc3ccc(C(=O)NO)cc3)cc3c2[nH]c2ccccc23)cc1,7.036212172654444,2,0.0
COc1ccc(-c2nc(C(=O)NCC(=O)NO)cc3c2[nH]c2ccccc23)cc1,5.51999305704285,1,
COc1ccc(-c2nc(C(=O)NCCC(=O)NO)cc3c2[nH]c2ccccc23)cc1,5.882728704344236,1,
COc1ccc(-c2nc(C(=O)NCCCC(=O)NO)cc3c2[nH]c2ccccc23)cc1,6.694297681144203,2,0.7359178241394155
COc1ccc(-c2nc(C(=O)NCCCCC(=O)NO)cc3c2[nH]c2ccccc23)cc1,6.09151498112135,1,
COc1ccc(-c2nc(C(=O)NCCCCCC(=O)NO)cc3c2[nH]c2ccccc23)cc1,5.931814138253838,1,
COc1ccc(-c2nc(C(=O)NCCCCCCC(=O)NO)c3[nH]c(=O)n(-c4ccccc4OC)c3n2)cc1O,8.0,1,
COc1ccc(-c2nc(C(=O)NO)co2)cc1,6.709965388637482,1,
COc1ccc(-c2nc(CNc3ccc(C(=O)NO)cc3)n(-c3ccccc3)n2)cc1,6.787812395596042,1,
COc1ccc(-c2nc(N3CCOCC3)c3nc(CN(C)c4ncc(C(=O)NO)cn4)n(C)c3n2)cc1,8.288213240133633,2,0.25499379672409594
COc1ccc(-c2nc(N3CCOCC3)c3nc(CN(C)c4ncc(C(=O)NO)cn4)n(C)c3n2)cn1,7.979698829942963,2,0.3322996487913471
COc1ccc(-c2nc(N3CCOCC3)c3sc(CN(C)c4ccc(C(=O)NO)cc4)cc3n2)cn1,7.568636235841012,1,
COc1ccc(-c2nc(N3CCOCC3)c3sc(CN(C)c4ncc(C(=O)NO)cn4)cc3n2)cn1,7.52749371843659,9,0.5684326566859272
COc1ccc(-c2nc(NC(=O)NCC(=O)NO)cc3c2[nH]c2ccccc23)cc1,5.649751981665837,1,
COc1ccc(-c2nc(NC(=O)NCC(=O)NO)cc3c4ccccc4n(C)c23)cc1,5.500312917381596,1,
COc1ccc(-c2nc(NC(=O)NCCC(=O)NO)cc3c2[nH]c2ccccc23)cc1,6.405114521826563,2,0.05456456992451159
COc1ccc(-c2nc(NC(=O)NCCC(=O)NO)cc3c4ccccc4n(C)c23)cc1,5.876148359032914,1,
COc1ccc(-c2nc(NC(=O)NCCCC(=O)NO)cc3c2[nH]c2ccccc23)cc1,7.018578659399378,2,0.6363146776832611
COc1ccc(-c2nc(NC(=O)NCCCC(=O)NO)cc3c4ccccc4n(C)c23)cc1,6.558169282423191,2,0.37581234629826127
COc1ccc(-c2nc(NC(=O)NCCCCC(=O)NO)cc3c2[nH]c2ccccc23)cc1,6.743724503547895,2,0.4070001243875015
COc1ccc(-c2nc(NC(=O)NCCCCC(=O)NO)cc3c4ccccc4n(C)c23)cc1,6.065501548756432,1,
COc1ccc(-c2nc(NC(=O)NCCCCCC(=O)NO)cc3c2[nH]c2ccccc23)cc1,6.086186147616283,1,
COc1ccc(-c2nc(NC(=O)NCCCCCC(=O)NO)cc3c4ccccc4n(C)c23)cc1,5.978810700930062,1,
COc1ccc(-c2nc(NCCCOc3ccc(/C=C/C(=O)NO)cc3OC)cc3c2[nH]c2ccccc23)cc1,7.886056647693163,1,
COc1ccc(-c2nc(NCCOc3ccc(/C=C/C(=O)NO)cc3OC)cc3c2[nH]c2ccccc23)cc1,7.769551078621726,1,
COc1ccc(-c2nc([C@H](CCCCNS(N)(=O)=O)NC(=O)OCc3ccccc3)cs2)cc1,6.318758762624412,1,
COc1ccc(-c2nc3cc(C(=O)NO)ccc3o2)cc1,8.096910013008056,1,
COc1ccc(-c2nc3cc(C(=O)NO)ccc3s2)cc1,7.920818753952375,1,
COc1ccc(-c2nc3ccc(C(=O)NO)cc3o2)cc1,7.769551078621726,1,
COc1ccc(-c2nc3ccccc3s2)cc1OCCCCCCC(=O)NO,7.958607314841775,1,
COc1ccc(-c2ncc(/C=C/C(=O)NO)s2)c(OC)c1OC,6.460590408450575,2,0.704302263309526
COc1ccc(-c2ncc(/C=C/C(=O)NO)s2)cc1,6.463507627686035,2,0.5975745548615414
COc1ccc(-c2ncc(/C=C/C(=O)Nc3ccccc3N)s2)c(OC)c1OC,6.200659450546418,1,
COc1ccc(-c2ncc(/C=C/C(=O)Nc3ccccc3N)s2)cc1,6.1487416512809245,1,
COc1ccc(-c2ncc(/C=C/C(=O)Nc3ccccc3N)s2)cc1OC,5.665374110993582,2,0.863165275238122
COc1ccc(-c2ncc(C(=O)NCCCC(=O)NO)s2)c(OC)c1,6.136677139879544,1,
COc1ccc(-c2ncc(C(=O)NCCCCC(=O)NO)s2)c(OC)c1,6.184379609882245,2,0.032850343452402155
COc1ccc(-c2ncc(C(=O)NCCCCCC(=O)NO)s2)c(OC)c1,6.7875591816844665,2,0.4689917207105003
COc1ccc(-c2ncc(C(=O)NCCCCCCC(=O)NO)[nH]2)c(OC)c1,7.207834387816234,2,0.15687075525148192
COc1ccc(-c2ncc(C(=O)NCCCCCCC(=O)NO)s2)c(OC)c1,7.453289157418882,2,0.07827551682359359
COc1ccc(-c2ncc(C(=O)NCCCCCCC(=O)NO)s2)cc1,6.181705908135079,2,0.04661849911669538
COc1ccc(-c2nnn(Cc3ccc(-c4nnc(C(F)F)o4)cc3)n2)cc1,6.913640169325252,1,
COc1ccc(-c2nnn(Cc3ccc(-c4nnc(C(F)F)o4)cc3)n2)cc1OC,7.309803919971486,1,
COc1ccc(-c2ocnc2-c2cc(Br)c(OC)c(OC)c2)cc1OCCCC(=O)NO,4.860120913598763,1,
COc1ccc(-c2ocnc2-c2cc(Br)c(OC)c(OC)c2)cc1OCCCCC(=O)NO,5.455931955649724,1,
COc1ccc(-c2ocnc2-c2cc(Br)c(OC)c(OC)c2)cc1OCCCCCC(=O)NO,6.494850021680094,2,0.0
COc1ccc(-n2c(-c3cccc(/C=C/C(=O)NO)c3)nc3ccccc32)cc1,7.200659450546418,1,
COc1ccc(-n2nc(-c3ccc(O)cc3)nc2CNc2ccc(C(=O)NO)cc2)cc1,6.991399828238082,1,
COc1ccc(-n2nc(-c3ccccc3)nc2CNc2ccc(C(=O)NO)cc2)cc1,6.896196279044043,1,
COc1ccc(/C=C(\C)C(=O)c2cc(OC)c(OC)c(OC)c2)cc1OCCCC(=O)NO,6.327902142064282,1,
COc1ccc(/C=C(\C)C(=O)c2cc(OC)c(OC)c(OC)c2)cc1OCCCCCCCC(=O)NO,7.498269733945246,2,0.5028974970085899
COc1ccc(/C=C/C(=O)NCCCCN2CCc3nc(C(=O)NO)sc3C2)cc1,5.019996628416253,1,
COc1ccc(/C=C/C(=O)NCCCN2CCc3nc(C(=O)NO)sc3C2)cc1,5.057000406633959,1,
COc1ccc(/C=C/C(=O)NO)cc1,7.638272163982407,1,
COc1ccc(/C=C/C(=O)NO)cc1OCC(=O)Nc1cc(Br)cc(C(F)(F)F)c1,5.043831569524636,1,
COc1ccc(/C=C/C(=O)NO)cc1OCC(=O)Nc1cc(C(F)(F)F)cc(C(F)(F)F)c1,5.308918507877031,1,
COc1ccc(/C=C/C(=O)NO)cc1OCC(=O)Nc1ccc(Br)cc1,6.136677139879544,1,
COc1ccc(/C=C/C(=O)NO)cc1OCC(=O)Nc1ccc(Cl)c(Cl)c1,5.863279432843593,1,
COc1ccc(/C=C/C(=O)NO)cc1OCC(=O)Nc1ccc(F)c(Cl)c1,5.235077015350111,1,
COc1ccc(/C=C/C(=O)NO)cc1OCC(=O)Nc1cccc(C(F)(F)F)c1,5.528708288941061,1,
COc1ccc(/C=C/C(=O)NO)cc1OCC(=O)Nc1cccc(F)c1,5.55129368009492,1,
COc1ccc(/C=C/C(=O)NO)cc1OCC(=O)Nc1ccccc1F,6.2441251443275085,1,
COc1ccc(/C=C/C(=O)Nc2ccc(C(=O)N3CCc4nc(C(=O)NO)sc4C3)cc2)cc1,6.346787486224656,1,
COc1ccc(/C=C/C(=O)Nc2ccc(C(C)N3CCc4nc(C(=O)NO)sc4C3)cn2)cc1,5.809668301829708,1,
COc1ccc(/C=C/C(=O)Nc2ccc(C)cc2N)cc1OCC(=O)Nc1cc(Br)cc(C(F)(F)F)c1,3.9042380405224995,1,
COc1ccc(/C=C/C(=O)Nc2ccc(C)cc2N)cc1OCC(=O)Nc1cc(C(F)(F)F)cc(C(F)(F)F)c1,4.246340352714001,1,
COc1ccc(/C=C/C(=O)Nc2ccc(C)cc2N)cc1OCC(=O)Nc1ccc(Br)cc1,4.2347786336950195,1,
COc1ccc(/C=C/C(=O)Nc2ccc(C)cc2N)cc1OCC(=O)Nc1ccc(F)c(Cl)c1,4.504178246614094,1,
COc1ccc(/C=C/C(=O)Nc2ccc(C)cc2N)cc1OCC(=O)Nc1cccc(F)c1,4.148619332034404,1,
COc1ccc(/C=C/C(=O)Nc2ccc(C)cc2N)cc1OCC(=O)Nc1ccccc1F,4.530177984021837,1,
COc1ccc(/C=C/C(=O)Nc2ccccc2N)cc1OCC(=O)Nc1ccc(F)c(Cl)c1,4.177047759452519,1,
COc1ccc(/C=C/C(=O)Nc2ccccc2N)cc1OCC(=O)Nc1cccc(C(F)(F)F)c1,4.654430243943608,1,
COc1ccc(/C=C/C(=O)Nc2ccccc2N)cc1OCC(=O)Nc1cccc(F)c1,4.619607839942972,1,
COc1ccc(/C=C/C(=O)Nc2ccccc2N)cc1OCC(=O)Nc1ccccc1F,4.806875401645539,1,
COc1ccc(/C=C/C(=O)c2cc(OC)c(OC)c(OC)c2)cc1OCCCCCCC(=O)NO,7.60669526367567,2,1.0331493404954695
COc1ccc(/C=C/C(=O)c2ccc(Br)c3c2OC(C)(C)C=C3)cc1NCC(=O)NO,5.474955192963154,1,
COc1ccc(/C=C/C(=O)c2ccc(Br)c3c2OC(C)(C)C=C3)cc1OCC(=O)NO,5.917214629683549,1,
COc1ccc(/C=C/C(=O)c2ccc(OC)c3c2OC(C)(C)C=C3)cc1NCC(=O)NO,6.207608310501746,1,
COc1ccc(/C=C/C(=O)c2nnn(-c3ccc(Cl)cc3)c2C)cc1OC,3.000304112589161,1,
COc1ccc(/C=C2\Oc3ccccc3C2=O)cc1OC,4.1487416512809245,1,
COc1ccc(/C=C2\SC(=O)N(CCNC(=O)Nc3c(C)n(C)n(-c4ccccc4)c3=O)C2=O)cc1,6.58838029403677,1,
COc1ccc(/C=C\c2cc(OC)c(OC)c(OC)c2)cc1/C=C/C(=O)Nc1ccccc1N,6.366531544420413,1,
COc1ccc(/C=C\c2cc(OC)c(OC)c(OC)c2)cc1OCCCC(=O)NO,5.853871964321762,1,
COc1ccc(/C=C\c2cc(OC)c(OC)c(OC)c2)cc1OCc1ccc(C(=O)NO)cc1,6.4089353929735005,1,
COc1ccc(Br)c2c1CCN(Cc1ccc(C(=O)NO)cc1)CC2,6.954677021213342,1,
COc1ccc(C(=O)CSC(=S)SCCNC(C)=O)cc1,5.785156151952302,1,
COc1ccc(C(=O)CSC(=S)SCCOc2ccccc2)cc1,5.34008379993015,1,
COc1ccc(C(=O)CSc2nc(C)cc(=O)[nH]2)cc1,4.215382707367125,1,
COc1ccc(C(=O)N2CCn3cc(C(=O)NO)cc3C2)cc1,7.183265772210207,2,0.2591769405784532
COc1ccc(C(=O)N2CCn3nc(C(=O)NO)cc3C2)cc1,6.09151498112135,1,
COc1ccc(C(=O)NC(=O)NC2CN3CCC2CC3)cc1,6.698970004336019,1,
COc1ccc(C(=O)NO)cc1C(=O)Nc1ccc2c(c1)cc(C)c(=O)n2C,6.149353764816933,1,
COc1ccc(C(=O)NO)cc1NC(=O)Cc1ccccc1,5.292429823902063,1,
COc1ccc(C(=O)NO)cc1NC(=O)c1ccc(-c2ccccc2)cc1,5.4089353929735005,2,1.4142135623730951
COc1ccc(C(=O)NO)cc1NC(=O)c1ccc(Cl)cc1,6.045757490560675,1,
COc1ccc(C(=O)NO)cc1NC(=O)c1ccc(Cl)cc1Cl,5.638272163982407,1,
COc1ccc(C(=O)NO)cc1NC(=O)c1cccc2c1oc1ccccc12,6.537602002101044,1,
COc1ccc(C(=O)NO)cc1NC(=O)c1ccccc1,5.6020599913279625,1,
COc1ccc(C(=O)NO)cc1NC(=O)c1ccccc1Cl,5.508638306165727,1,
COc1ccc(C(=O)NO)cc1NCCc1ccccc1,5.1249387366083,1,
COc1ccc(C(=O)NO)cc1NCc1ccc(OCc2cn(CCCCCC(=O)Nc3cccc4c3C(=O)N(C3CCC(=O)NC3=O)C4=O)nn2)cc1,4.764471553092451,1,
COc1ccc(C(=O)NO)cc1NCc1ccccc1,5.292429823902063,1,
COc1ccc(C(=O)NO)cc1OCc1ccc(Cl)cc1,5.337242168318426,1,
COc1ccc(C(=O)NO)cc1OCc1ccccc1,5.537602002101044,2,0.0
COc1ccc(C(=O)NO)cc1S(=O)(=O)Nc1ccc(C)cc1,5.619788758288394,1,
COc1ccc(C(=O)N[C@H](COc2ccc(/C=C/C(=O)NO)cc2)Cc2c[nH]c3ccccc23)cc1,6.730487055782083,1,
COc1ccc(C(=O)N[C@H](COc2ccc(/C=C/C(=O)NO)cc2OC)Cc2c[nH]c3ccccc23)cc1,7.060480747381382,1,
COc1ccc(C(=O)N[C@H](COc2cccc(/C=C/C(=O)NO)c2)Cc2c[nH]c3ccccc23)cc1,6.872919389576287,2,0.2177220766652492
COc1ccc(C(=O)Nc2cc(C(=O)NO)ccc2Cl)cc1,6.886056647693163,1,
COc1ccc(C(=O)Nc2cc(C(=O)NO)ccc2OC)cc1,6.3979400086720375,1,
COc1ccc(C(=O)Nc2ccc(NC(=O)Nc3ccccc3N)cc2)cc1,5.818156412055227,1,
COc1ccc(C(=O)On2nnc3ccccc32)cc1,4.13608262304214,1,
COc1ccc(C(=O)c2cc(OC)c(OC)c(OC)c2)cc1OCC(=O)NO,6.6020599913279625,1,
COc1ccc(C(=O)c2ccc3c(ccn3Cc3ccc(/C=C/C(=O)NO)cc3)c2)cc1,6.96657624451305,1,
COc1ccc(C(=O)c2ccc3c(ccn3Cc3ccc(C(=O)NO)cc3)c2)cc1,8.4089353929735,1,
COc1ccc(C(=O)c2ccc3c(ccn3Cc3ccc(C(=O)NO)cc3)c2)cc1OC,7.795880017344075,1,
COc1ccc(C(=O)c2ccc3c(ccn3S(=O)(=O)c3ccc(/C=C/C(=O)NO)cc3)c2)cc1,6.071604147743287,1,
COc1ccc(C(=O)c2ccc3c(ccn3S(=O)(=O)c3cccc(/C=C/C(=O)NO)c3)c2)cc1,6.124360062995832,1,
COc1ccc(C(=O)c2ccc3c(ccn3S(=O)(=O)c3cccc(/C=C/C(=O)NO)c3)c2)cc1OC,5.928117992693874,1,
COc1ccc(C(=O)c2cn(Cc3ccc(C(=O)NO)cc3)c3cc(OC)ccc23)cc1,6.96657624451305,1,
COc1ccc(C(C)=O)cc1NC(=O)c1cc(C(=O)NO)ccc1OC,7.698970004336019,1,
COc1ccc(C(F)(F)F)cc1CNc1ncc(C(=O)NO)cn1,8.698970004336019,1,
COc1ccc(C/C(=N\O)C(=O)NCCSSCCNC(=O)/C(Cc2ccc(OC)c(O)c2)=N/O)cc1O,7.522878745280337,2,0.0
COc1ccc(C/C(=N\O)C(=O)NCCSSCCNC(=O)/C(Cc2ccc(OC)cc2)=N/O)cc1,6.920818753952375,2,0.0
COc1ccc(C2(Nc3ncc(-c4nnc(C(F)(F)F)o4)cn3)CC2)cc1,6.6020599913279625,1,
COc1ccc(C2(Nc3ncc(-c4nnc(C(F)F)o4)cn3)CC2)cc1,7.356547323513812,1,
COc1ccc(C2(Nc3ncc(C(=O)NO)cn3)CC2)cc1OC,8.096910013008056,1,
COc1ccc(C2(Nc3ncc(C(=O)NO)cn3)CCCC2)cc1,8.397940008672037,1,
COc1ccc(C2(Nc3ncc(C(=O)NO)cn3)CCCCC2)cc1,7.698970004336019,1,
COc1ccc(C2CC(=O)N(CCCCCC(=O)NO)c3ccccc3S2(=O)=O)cc1,6.939302159646388,1,
COc1ccc(C2CC(=O)N(CCCCCC(=O)NO)c3ccccc3S2)cc1,6.928117992693874,1,
COc1ccc(C2CC2)c2c1CCN(Cc1ccc(C(=O)NO)cc1)CC2,7.657577319177793,1,
COc1ccc(C2CC2NCC2CCN(CCCc3ccc(C(=O)NO)cc3)CC2)cc1,7.42021640338319,1,
COc1ccc(C2CC2NCc2cn3c(n2)CN(CCCc2ccc(C(=O)NO)cc2)CC3)cc1,7.552841968657781,1,
COc1ccc(CC(=NN)C(=O)NCCS)cc1Br,6.494850021680094,1,
COc1ccc(CC(=O)C(=O)NCCS)cc1Br,6.6020599913279625,1,
COc1ccc(CC(=O)C(=O)NCCSSCCNC(=O)C(=O)Cc2ccc(OC)c(Br)c2)cc1Br,5.096910013008056,1,
COc1ccc(CC(=O)N[C@@H](Cc2cscn2)C(=O)Nc2ccc(C(=O)NO)cc2)cc1OC,8.301029995663981,2,0.0
COc1ccc(CC(N=O)C(=O)NCCS)cc1Br,5.494850021680094,1,
COc1ccc(CC(N=O)C(=O)NCCS)cc1I,6.619788758288394,1,
COc1ccc(CC(N=O)C(=O)NCCS)cc1OC,5.568636235841012,1,
COc1ccc(CC(N=O)C(=O)NCCSSCCNC(=O)C(Cc2ccc(OC)c(Br)c2)N=O)cc1Br,5.698970004336019,1,
COc1ccc(CC2(c3ccccc3)NC(=O)N(Cc3ccc(C(=O)NO)cc3)C2=O)cc1,7.142667503568731,1,
COc1ccc(CC2C=Cc3cc(C(=O)NO)ccc32)cc1,5.131355561605174,1,
COc1ccc(CCCn2cccc(/C=C/C(=O)NO)c2=O)cc1,6.853871964321762,1,
COc1ccc(CCc2nc(CCC(=O)NO)cs2)cc1,7.292429823902063,1,
COc1ccc(CCc2nc(CCC(=O)NO)cs2)cc1OC,7.214670164989233,1,
COc1ccc(CCn2c(=O)c3ccccc3n(Cc3ccc(C(=O)NO)cc3)c2=O)cc1,7.698970004336019,1,
COc1ccc(CCn2cc3ccc(C(=O)NO)cc3n2)cc1,8.327902142064282,1,
COc1ccc(CN(C(=O)Cc2ccc(C(=O)Nc3ccccc3N)cc2)c2cc(OC)c(OC)c(OC)c2)cc1O,4.111371274614774,1,
COc1ccc(CN(CCN(C)C)c2nc3cc(C(=O)NO)ccc3o2)cc1OC,7.200659450546418,1,
COc1ccc(CN2C(=O)N(Cc3ccc(C(=O)NO)cc3)C(=O)C2Cc2ccccc2)cc1,6.991399828238082,1,
COc1ccc(CN2CC(=O)N(Cc3ccc(C(=O)NO)cc3)C2=O)cc1,7.552841968657781,1,
COc1ccc(CN2CCC(Nc3nc(Nc4ccc(NC(=O)CCCCCCC(=O)NO)cc4)nc4cc(OC)c(OC)cc34)CC2)cc1,8.585026652029182,1,
COc1ccc(CN2CCC=C(CCC(=O)NO)C2=O)c(OC)c1,6.301029995663981,2,0.0
COc1ccc(CN2CCC=C(CCC(=O)NO)C2=O)cc1,6.356547323513812,1,
COc1ccc(CN2CCc3c(c4ccccc4n3Cc3ccc(C(=O)NO)cc3)C2)cc1,8.515700160653214,1,
COc1ccc(CN2Cc3c(F)cc(-c4noc(C(F)(F)F)n4)cc3OC[C@@H]2C)cc1,5.560667306169737,1,
COc1ccc(CN2[C@@H](C(=O)NCc3ccc(C(=O)NO)cc3)Cc3c([nH]c4ccccc34)[C@@H]2C)cc1,8.05551732784983,1,
COc1ccc(CN2[C@@H](C(=O)NCc3ccc(C(=O)NO)cc3)Cc3c([nH]c4ccccc34)[C@@H]2C2CC2)cc1,8.022276394711152,2,0.0
COc1ccc(CN2[C@H](C(=O)NCc3ccc(C(=O)NO)cc3)Cc3c([nH]c4ccccc34)[C@H]2C2CC2)cc1,8.0,3,0.0
COc1ccc(CN2[C@H](C)c3[nH]c4ccccc4c3C[C@H]2C(=O)NCc2ccc(C(=O)NO)cc2)cc1,7.468521082957745,1,
COc1ccc(CNC(=O)CN(CCCCCC(=O)Nc2ccccc2N)C(=O)c2cc(C)cc(C)c2)cc1,5.385040109119172,2,0.0950142005147598
COc1ccc(CNC(=O)c2cc(C(=O)Nc3ccccc3N)ccc2N2CCOCC2)cc1O,6.175223537524454,1,
COc1ccc(CNC(=O)c2cc(F)ccc2N2CCOCC2)cc1/C=C/C(=O)NO,6.860120913598763,1,
COc1ccc(CNC(=O)c2cc(F)ccc2N2CCOCC2)cc1OCC(=O)NO,5.616005210558267,1,
COc1ccc(CNC(=O)c2ccc(C(=O)C(F)(F)F)s2)cc1,6.619788758288394,1,
COc1ccc(CNC(=O)c2cn(CCCCC(=O)NO)c3ccc(F)cc3c2=O)cc1,6.481486060122112,1,
COc1ccc(CNC(=O)c2cn(CCCCC(=O)NO)c3ccccc3c2=O)cc1,6.3872161432802645,1,
COc1ccc(CNC(=S)SC[C@H](NC(C)=O)C(=O)O)cc1,2.5316526695878423,1,
COc1ccc(CNc2ccccc2C(=O)N(C=O)Cc2ccc(-c3nnc(C(F)F)o3)cn2)cc1,6.647817481888637,1,
COc1ccc(CNc2ncc(-c3nnc(C(F)F)o3)cn2)cc1,6.4723700991286615,1,
COc1ccc(COC(CCCCCC(=O)NO)C(=O)Nc2ccccc2)cc1,7.698970004336019,1,
COc1ccc(COCc2ccc(C(=O)C(F)(F)F)s2)cc1,6.3872161432802645,1,
COc1ccc(COc2cccc3ccc(C(=O)NCCCCCC(=O)NO)nc23)cc1,6.896196279044043,1,
COc1ccc(COc2cccc3ccc(C(=O)NCc4ccc(C(=O)NO)cc4)nc23)cc1,7.300943154134749,2,0.12200843131605532
COc1ccc(Cl)cc1C(=O)NCCc1ccc(/C=C/C(=O)NO)cc1,7.920818753952375,1,
COc1ccc(Cl)cc1C(=O)NCCc1ccc(CCC(=O)NO)cc1,7.3872161432802645,1,
COc1ccc(Cl)cc1C(=O)NCCc1cccc(/C=C/C(=O)NO)c1,7.3979400086720375,1,
COc1ccc(Cl)cc1C1(Nc2ncc(C(=O)NO)cn2)CC1,8.397940008672037,1,
COc1ccc(Cl)cc1N1CCN(C(=O)c2ccc(C(=O)C(F)(F)F)s2)CC1,6.756961951313706,1,
COc1ccc(Cn2c(=O)n(Cc3ccc(-c4nnc(C(F)F)o4)cn3)c(=O)c3cc(F)ccc32)cc1,6.665546248849069,1,
COc1ccc(Cn2c(SCc3ccc(/C=C/C(=O)NO)cc3)nc3ccccc32)cc1,6.958607314841775,1,
COc1ccc(Cn2cc3ccc(C(=O)NO)cc3n2)cc1,8.267606240177031,1,
COc1ccc(Cn2ccc3cc(C(=O)NO)ccc32)cc1,4.31695296176115,1,
COc1ccc(Cn2ccc3ccc(C(=O)NO)cc32)cc1,4.808408776475979,21,0.6239938584486655
COc1ccc(Cn2ccc3ccc(NC(=O)CCCCCCC(=O)NO)cc3c2=O)c(OC)c1,7.0,1,
COc1ccc(Cn2cccc(/C=C/C(=O)NO)c2=O)cc1,6.42021640338319,1,
COc1ccc(F)cc1-c1cc2cc(C(=O)NO)ccc2s1,7.0655015487564325,1,
COc1ccc(F)cc1-c1ccc2c(NC(=O)c3ccc(C(=O)NO)cc3)n[nH]c2c1,7.1938200260161125,1,
COc1ccc(F)cc1-c1cncc(/C=C/c2ccc(C(=O)NO)cc2)c1,7.031517051446065,1,
COc1ccc(N(C)c2cc(C#N)nc3ccccc23)cc1/C=C/C(=O)NO,6.0,1,
COc1ccc(N(C)c2nc(C)nc3ccccc23)cc1/C=C/C(=O)NO,5.698970004336019,1,
COc1ccc(N(C)c2nc(C)nc3ccccc23)cc1OCCCC(=O)NO,7.769551078621727,3,0.0
COc1ccc(N(C)c2nc(C)nc3ccccc23)cc1OCCCCC(=O)NO,6.954677021213342,1,
COc1ccc(N(C)c2nc(C)nc3ccccc23)cc1OCCCCCC(=O)NO,7.638272163982407,1,
COc1ccc(N(CCCCCCC(=O)NO)c2ccccn2)nc1,7.886056647693163,1,
COc1ccc(N(c2ccc(OC)cc2)c2ccc(C(=O)NCCCCCCC(=O)NO)cc2)cc1,6.198861457849904,2,0.7072602890993593
COc1ccc(N)c(NC(=O)c2ccc(CNC(=O)OCc3cccnc3)cc2)c1,5.337242168318426,1,
COc1ccc(N2CCN(S(=O)(=O)c3cccc(/C=C/C(=O)NO)c3)CC2)cc1,6.673664139071249,1,
COc1ccc(N2CCN(c3ncc(C(=O)NCCCCCCC(=O)NO)cn3)CC2)cc1,7.81725600755455,2,0.8212111898334239
COc1ccc(NC(=O)C(Cc2c[nH]c3ccccc23)NC(=O)c2ccc(/C=C/C(=O)NO)cc2)cc1,7.045757490560675,1,
COc1ccc(NC(=O)CCCCCC(=O)Nc2ccccc2)c(OC)c1,3.4122890349810886,2,0.0
COc1ccc(NC(=O)CCCCCC(=O)Nc2ccccc2)cc1,3.3585258894959003,2,0.0
COc1ccc(NC(=O)CCCCCCC(=O)NO)cc1,6.554395796726403,1,
COc1ccc(NC(=O)CCCCCCNC(=O)C(O)(O)C(F)(F)F)cc1,3.356547323513812,1,
COc1ccc(NC(=O)COc2cc(/C=C/C(=O)NO)ccc2OC)cc1,6.026872146400301,1,
COc1ccc(NC(=O)COc2cc(/C=C/C(=O)Nc3ccc(C)cc3N)ccc2OC)cc1,3.783543785084258,1,
COc1ccc(NC(=O)COc2cc(/C=C/C(=O)Nc3ccccc3N)ccc2OC)cc1,4.30715308072277,1,
COc1ccc(NC(=O)COc2ccc(/C=C/C(=O)NO)cc2OC)cc1,4.966576244513051,1,
COc1ccc(NC(=O)COc2ccc(/C=C/C(=O)Nc3ccc(C)cc3N)cc2OC)cc1,3.928117992693875,1,
COc1ccc(NC(=O)COc2ccc(/C=C/C(=O)Nc3ccccc3N)cc2OC)cc1,5.048176964684088,1,
COc1ccc(NC(=O)N2CCC(Nc3ncc(C(=O)NO)cn3)(c3ccccc3)CC2)cc1,8.823908740944319,1,
COc1ccc(NC(=O)NCc2ccc(C(=O)NO)cc2)cc1,8.080921907623926,1,
COc1ccc(NC(=O)NOCc2ccc(/C=C/C(=O)NO)cc2)cc1,6.276964532149497,2,0.04644190763788643
COc1ccc(NC(=O)[C@@H](NC(=O)c2ccc(C(=O)NO)cc2)c2c[nH]c3ccccc23)cc1,6.384049948343598,1,
COc1ccc(NC(=O)[C@H](Cc2c[nH]c3ccccc23)NC(=O)/C=C/c2ccc(C(=O)NO)cc2)cc1,7.443697499232712,1,
COc1ccc(NC(=O)c2ccc(CNC(=O)OCc3cccnc3)cc2)c(N)c1,4.356547323513812,1,
COc1ccc(NC(=O)c2cn(CCCCC(=O)NO)c3ccc(F)cc3c2=O)cc1,7.552841968657781,1,
COc1ccc(NC(=O)c2cn(CCCCC(=O)NO)c3ccc(F)cc3c2=O)cc1OC,6.638272163982407,1,
COc1ccc(NC(=O)c2cn(CCCCC(=O)NO)c3ccc(OC)cc3c2=O)cc1,7.1249387366083,1,
COc1ccc(NC(=O)c2cn(CCCCC(=O)NO)c3ccccc3c2=O)cc1,7.4089353929735005,1,
COc1ccc(NCc2ccc(-c3noc(C(F)(F)F)n3)cn2)cn1,7.721246399047171,1,
COc1ccc(NS(=O)(=O)c2cccc(/C=C/C(=O)NO)c2)cc1,7.886056647693163,1,
COc1ccc(NS(=O)(=O)c2cccc(/C=C/C(=O)NO)c2)cc1OC,7.638272163982407,1,
COc1ccc(Nc2nc(Nc3cnn(CCCCCCC(=O)NO)c3)ncc2Cl)cc1,8.522878745280337,1,
COc1ccc(Nc2ncc(C(=O)NO)cn2)cc1,7.823908740944319,1,
COc1ccc(Nc2ncnc3c2ncn3Cc2ccc(C(=O)NO)cc2)cc1,6.634512015109101,1,
COc1ccc(Nc2ncnc3cc(NC(=O)CCCCCCC(=O)NO)sc23)c(C)c1,6.954677021213342,1,
COc1ccc(Nc2ncnc3cc(NC(=O)CCCCCCC(=O)NO)sc23)cc1,7.1487416512809245,1,
COc1ccc(O)c(C(=O)NCCCC[C@H](NC(=O)c2cncs2)c2ncc(-c3ccc4ccccc4c3)[nH]2)c1,4.346787486224656,1,
COc1ccc(OCc2ccc(-c3noc(C(F)(F)F)n3)c(F)c2)nc1,7.102372908709558,1,
COc1ccc(OS(=O)(=O)C2CC3OC2C(c2ccc(NC(=O)CCCCCCC(=O)O)cc2)=C3c2ccc(O)cc2)cc1,5.379863945026242,1,
COc1ccc(Oc2ccc3nc(/C=C/C(=O)NO)ccc3c2)cc1,7.6777807052660805,1,
COc1ccc(Oc2cccc(-c3nc4ccc(C(=O)NO)cc4[nH]3)c2)cc1,8.18045606445813,1,
COc1ccc(S(=O)(=O)N2CCC(CCCC(=O)NO)CC2)cc1OC,6.498940737782249,1,
COc1ccc(S(=O)(=O)N2CCN(c3ncc(/C=C/C(=O)NO)s3)CC2)cc1OC,6.795880017344075,1,
COc1ccc(S(=O)(=O)N2CCN(c3ncc(C(=O)NO)s3)CC2)cc1OC,7.154901959985743,1,
COc1ccc(S(=O)(=O)N2CCc3cccc(NCc4ccc(C(=O)Nc5ccccc5N)cc4)c32)cc1,6.503070351926786,1,
COc1ccc(S(=O)(=O)Nc2ccc(/C=C(C)/C=C/C(=O)NO)cc2)cc1,7.130768280269024,1,
COc1ccc(S(=O)(=O)Nc2ccc(/C=C/C=C/C(=O)NO)cc2)cc1,4.982966660701219,1,
COc1ccc(S(=O)(=O)n2ccc(/C=C/C(=O)NO)c2)cc1NC(=O)c1[nH]c(C)c2c1CCCCC2=O,7.337242168318426,1,
COc1ccc(S(=O)(=O)n2ccc3cc(/C=C/C(=O)NO)ccc32)cc1,8.481486060122112,1,
COc1ccc(S(=O)(=O)n2ccc3cc(/C=C/C(=O)NO)ccc32)cc1OC,7.346787486224656,1,
COc1ccc([C@@H]2N[C@@H](C(=O)NCc3ccc(C(=O)NO)cc3)Cc3c2[nH]c2ccccc32)cc1,8.638272163982407,1,
COc1ccc([C@@H]2N[C@@H](C(=O)NCc3ccc(C(=O)NO)cc3)Cc3c2[nH]c2ccccc32)cc1OC,8.443697499232712,1,
COc1ccc([C@H]2C[C@@H]2NCC2CCN(CCCc3ccc(C(=O)NO)cc3)CC2)cc1,7.42021640338319,1,
COc1ccc([C@H]2C[C@@H]2NCc2cn3c(n2)CN(CCCc2ccc(C(=O)NO)cc2)CC3)cc1,7.552841968657781,1,
COc1ccc([C@H]2N[C@H](C(=O)NCc3ccc(C(=O)NO)cc3)Cc3c2[nH]c2ccccc32)cc1,8.42021640338319,1,
COc1ccc([C@H]2N[C@H](C(=O)NCc3ccc(C(=O)NO)cc3)Cc3c2[nH]c2ccccc32)cc1OC,8.508638306165727,1,
COc1ccc([C@H]2[C@H](COC(=O)CCC(=O)NO)C(=O)N2c2cc(OC)c(OC)c(OC)c2)cc1O,5.618884919290149,1,
COc1ccc([C@H]2[C@H](COC(=O)c3ccc(C(=O)NO)cc3)C(=O)N2c2cc(OC)c(OC)c(OC)c2)cc1O,5.984221243610959,1,
COc1ccc([S+]([O-])C/C=C/C=C/C(=O)NO)cc1,5.267606240177031,1,
COc1ccc2[nH]c(C)c(CC(=O)N[C@@H](CCCCCC(=O)NO)C(=O)NCCc3c(-c4ccccc4)[nH]c4ccccc34)c2c1,7.346787486224656,1,
COc1ccc2[nH]c(C)c(CC(=O)N[C@@H](CCCCCC(C)=O)c3nc(-c4ccccc4)c[nH]3)c2c1,6.468521082957745,2,0.0
COc1ccc2[nH]c(C)c(CC(=O)N[C@@H](CCCCCC(N)=O)c3nc(-c4ccc5ccccc5c4)c[nH]3)c2c1,6.920818753952375,1,
COc1ccc2[nH]c(C)c(CC(=O)N[C@@H](CCCCNS(N)(=O)=O)C(=O)Nc3nc(-c4ccccc4)cs3)c2c1,5.920818753952375,1,
COc1ccc2[nH]c3c(c2c1)CCN(Cc1ccc(/C=C/C(=O)NO)cc1)C3,7.698970004336019,1,
COc1ccc2[nH]c3c(c2c1)CCN(Cc1ccc(C(=O)NO)cc1)C3,7.795880017344075,1,
COc1ccc2[nH]cc(CCN(CCCCCC(=O)NO)C(=O)/C=C/c3ccc(O)c(OC)c3)c2c1,6.450998470778542,2,0.0017349909041704803
COc1ccc2[nH]cc(CCN(Cc3ccc(/C=C/C(=O)NO)cc3)C(=O)/C=C/c3ccc(O)c(OC)c3)c2c1,7.585026652029182,2,0.0
COc1ccc2[nH]cc(CCN(Cc3ccc(C(=O)NO)cc3)C(=O)/C=C/c3ccc(O)c(OC)c3)c2c1,7.508638306165727,2,0.0
COc1ccc2[nH]cc(CCNC(=O)/C=C/c3ccc(C(=O)NO)cc3)c2c1,7.468521082957745,2,0.0
COc1ccc2[nH]cc(CCNC(=O)CN(CCCCCC(=O)NO)C(=O)/C=C/c3ccc(O)c(OC)c3)c2c1,7.240348575382286,2,0.005340875021571016
COc1ccc2[nH]cc(CCNC(=O)CN(Cc3ccc(/C=C/C(=O)NO)cc3)C(=O)/C=C/c3ccc(O)c(OC)c3)c2c1,7.271665185288121,2,0.005740215225031692
COc1ccc2[nH]cc(CCNC(=O)c3ccc(/C=C/C(=O)NO)cc3)c2c1,7.721246399047171,2,0.0
COc1ccc2[nH]cc(CCNCc3ccc(/C=C/C(=O)NO)cc3)c2c1,7.7364777916179746,3,0.10166633581773762
COc1ccc2[nH]cc(Cn3cc(COc4ccc(/C=C/C(=O)NO)cc4OC)nn3)c2c1,6.537602002101044,1,
COc1ccc2c(=O)n(-c3ccccc3Cl)c(SCc3ccc(C(=O)Nc4ccccc4N)cc3)nc2c1,6.080921907623926,1,
COc1ccc2c(=O)n(C)c(SCc3ccc(C(=O)Nc4ccccc4N)cc3)nc2c1,6.004364805402449,1,
COc1ccc2c(=O)n(CCc3ccccc3)c(=O)n(Cc3ccc(C(=O)NO)cc3)c2c1,7.292429823902063,2,0.0
COc1ccc2c(C(=O)c3cc(OC)c(OC)c(OC)c3)cn(Cc3ccc(/C=C/C(=O)NO)cc3)c2c1,7.154901959985743,1,
COc1ccc2c(C(=O)c3cc(OC)c(OC)c(OC)c3)cn(Cc3ccc(C(=O)NO)cc3)c2c1,7.187086643357144,1,
COc1ccc2c(C(=O)c3cc(OC)c(OC)c(OC)c3)cn(S(=O)(=O)c3cccc(/C=C/C(=O)NO)c3)c2c1,6.560667306169737,1,
COc1ccc2c(C(=O)c3cc(OC)c(OC)c(OO)c3)cn(Cc3ccc(C(=O)NO)cc3)c2c1,7.187086643357144,1,
COc1ccc2c(C(=O)c3cc(OC)c(OC)c(OO)c3)cn(S(=O)(=O)c3cccc(/C=C/CC(=O)NO)c3)c2c1,6.559090917934782,1,
COc1ccc2c(CN[C@H]3CC[C@@H](Nc4ncc(C(=O)NO)cn4)CC3)cn(C)c2c1,7.045757490560675,1,
COc1ccc2c(NC3CCN(Cc4ccccc4)CC3)nc(NCCNC(=O)CCCCC(=O)NO)nc2c1,5.0515530873894114,4,0.22104879349443143
COc1ccc2c(NC3CCN(Cc4ccccc4)CC3)nc(NCCNC(=O)CCCCCC(=O)NO)nc2c1,5.11435135637473,3,0.22017002185935322
COc1ccc2c(NC3CCN(Cc4ccccc4)CC3)nc(NCCNC(=O)CCCCCCC(=O)NO)nc2c1,4.685597428843465,2,0.1822361483875578
COc1ccc2c(SCC(=O)c3ccc(CNC(=O)C(C)(C)C)s3)nc(C)nc2c1,6.522878745280337,1,
COc1ccc2c(SCC(=O)c3ccc(CNC(=O)CO)s3)nc(C)nc2c1,6.522878745280337,1,
COc1ccc2c(c1)/C(=C1/Nc3ccccc3/C1=N\O)C(=O)N2CCCCCCC(=O)NO,7.6777807052660805,1,
COc1ccc2c(c1)/C(=C1/Nc3ccccc3/C1=N\O)C(=O)N2Cc1ccc(/C=C/C(=O)NO)cc1,8.301029995663981,1,
COc1ccc2c(c1)/C(=C1/Nc3ccccc3/C1=N\O)C(=O)N2Cc1ccc(C(=O)NO)cc1,7.56246936830415,2,0.05598959602307623
COc1ccc2c(c1)C(=O)N(CCCCCC(=O)NO)c1ccccc1S2,8.638272163982407,1,
COc1ccc2c(c1)C(=O)N(CCCCCC(=O)NO)c1ccccc1S2(=O)=O,8.920818753952375,1,
COc1ccc2c(c1)C(C)(C)C(c1cccnc1)N2Cc1ccc(C(=O)NO)cc1,7.173925197299173,1,
COc1ccc2c(c1)CC(=O)N2CCCCCCC(=O)NO,7.6020599913279625,1,
COc1ccc2c(c1)CC(=O)N2Cc1ccc(/C=C/C(=O)NO)cc1,5.981715691573469,1,
COc1ccc2c(c1)CC(=O)N2Cc1ccc(C(=O)NO)cc1,5.56304266933055,1,
COc1ccc2c(c1)CCCCN2Cc1ccc(C(=O)NO)cc1,8.2518119729938,1,
COc1ccc2c(c1)CCN(Cc1ccc(C(=O)NO)cc1)CC2,7.537602002101044,1,
COc1ccc2c(c1)N(Cc1ccc(C(=O)NO)cc1)CCCC2,8.086186147616283,1,
COc1ccc2c(c1)N(Cc1ccc(C(=O)NO)cc1)c1ccccc1S2,7.3923927848989655,3,0.8228882403155815
COc1ccc2c(c1)N(Cc1ccc(C(=O)NO)cc1)c1ccccc1[S+]2[O-],6.6046463563361595,2,1.2589380968036308
COc1ccc2c(c1)c(=O)c(C(=O)Nc1cc(-c3ccccc3)nn1C)cn2CCCCC(=O)NO,8.0,1,
COc1ccc2c(c1)c(=O)c(C(=O)Nc1ccc(F)cc1)cn2CCCCC(=O)NO,7.494850021680094,1,
COc1ccc2c(c1)c(=O)c(C(=O)Nc1ccc(OC)c(OC)c1)cn2CCCCC(=O)NO,6.823908740944319,1,
COc1ccc2c(c1)c(=O)c(C(=O)Nc1ccccc1)cn2CCCCC(=O)NO,7.494850021680094,1,
COc1ccc2c(c1)c(=O)c(C(=O)Nc1nc3ccccc3s1)cn2CCCCC(=O)NO,7.552841968657781,1,
COc1ccc2c(c1)c(CC(=O)NCCCCCC(=O)NO)c(C)n2C(=O)c1ccc(Cl)cc1,7.309803919971486,1,
COc1ccc2c(c1)c(CC(=O)NCCCCCCC(=O)NO)c(C)n2C(=O)c1ccc(Cl)cc1,7.309803919971486,1,
COc1ccc2c(c1)c(CC(=O)NCCCCCCCC(=O)NO)c(C)n2C(=O)c1ccc(Cl)cc1,7.301029995663981,1,
COc1ccc2c(c1)c(CC(=O)O)c(C)n2Cc1ccc(-c2cn(CCCCCCC(=O)NO)nn2)cc1,7.657577319177793,1,
COc1ccc2c(c1)c(CCNC(C)=O)cn2CCCCCC(=O)NO,7.2839966563652006,2,0.0
COc1ccc2c(c1)c(CCNC(C)=O)cn2Cc1ccc(/C=C/C(=O)NO)cc1,7.161150909262744,2,0.0
COc1ccc2c(c1)c(CCNC(C)=O)cn2Cc1ccc(C(=O)NO)cc1,7.958607314841775,2,0.0
COc1ccc2c(c1)c1c(n2Cc2ccc(C(=O)NO)cc2)CCN(C)C1,8.51427857351842,1,
COc1ccc2c(c1)c1c(n2Cc2ccc(C(=O)NO)cn2)CCN(C)C1,7.275724130399211,1,
COc1ccc2c(c1)cc(C(=O)NC1C3CC4CC(C3)CC1C4)n2CCCCCCC(=O)NO,8.638272163982407,1,
COc1ccc2c(ccn2CCOc2ccc(NC(=O)CCCCCCC(=O)NO)cc2)c1,8.229147988357855,1,
COc1ccc2c(ccn2S(=O)(=O)c2ccc(C(=O)NO)cc2)c1,6.774690718274137,1,
COc1ccc2c3c(cccc13)C(=O)N(Cc1ccc(C(=O)NO)cc1)C2=O,10.0,1,
COc1ccc2c3c(oc2c1)CN([C@@H](Cc1ccccc1)C(=O)Nc1ccc(C(=O)NO)cc1)CC3,7.013228265733755,1,
COc1ccc2c3ccnc(C)c3n(CC3CCN(c4ncc(C(=O)NO)cn4)CC3)c2c1,6.346787486224656,2,0.0
COc1ccc2cc(-c3cn(CCCCCC(=O)NO)nn3)ccc2c1,8.744727494896694,1,
COc1ccc2cc(-c3cn(CCCCCCC(=O)NO)nn3)ccc2c1,7.823908740944319,1,
COc1ccc2cc(-c3cn(CCCCCCCC(=O)NO)nn3)ccc2c1,6.645891560852599,1,
COc1ccc2cc(-c3nc(C(=O)NO)co3)ccc2c1,6.739928612014925,1,
COc1ccc2cc(C(=O)/C=C/C=C/c3ccc(OC)c(OC)c3)c(=O)oc2c1,4.494850021680094,1,
COc1ccc2cc(C(=O)NCCCCCCC(=O)NO)ccc2n1,7.3979400086720375,1,
COc1ccc2cc(OCc3ccc(-c4noc(C(F)(F)F)n4)c(F)c3)nnc2c1,7.136677139879544,1,
COc1ccc2nc(/C=C/C(=O)NO)ccc2c1,7.552841968657781,1,
COc1ccc2nc(C(F)(F)F)nc(SCC(=O)c3ccc(CNC(=O)C(C)(C)O)s3)c2c1,6.522878745280337,1,
COc1ccc2nc(C(F)F)nc(SCC(=O)c3ccc(CNC(=O)CO)s3)c2c1,6.522878745280337,1,
COc1ccc2nc(C)nc(SCC(=O)c3ccc(CCN4CCC(O)C4=O)s3)c2c1,6.1249387366083,1,
COc1ccc2nc(C)nc(SCC(=O)c3ccc(CN(C)C(=O)CO)s3)c2c1,6.1249387366083,1,
COc1ccc2nc(C)nc(SCC(=O)c3ccc(CN4CCC(O)C4=O)s3)c2c1,6.522878745280337,1,
COc1ccc2nc(C)nc(SCC(=O)c3ccc(CN4CCOCC4=O)s3)c2c1,6.522878745280337,1,
COc1ccc2nc(C)nc(SCC(=O)c3ccc(CNC(=O)C(C)(C)C)s3)c2c1,6.522878745280337,1,
COc1ccc2nc(C)nc(SCC(=O)c3ccc(CNC(=O)C(F)(F)C(F)(F)F)s3)c2c1,5.664141088680182,1,
COc1ccc2nc(C)nc(SCC(=O)c3ccc(CNC(=O)C(F)F)s3)c2c1,6.522878745280337,1,
COc1ccc2nc(C)nc(SCC(=O)c3ccc(CNC(=O)C4(O)CC4)s3)c2c1,6.522878745280337,1,
COc1ccc2nc(C)nc(SCC(=O)c3ccc(CNC(=O)C4CC4(F)F)s3)c2c1,6.1249387366083,1,
COc1ccc2nc(C)nc(SCC(=O)c3ccc(CNC(=O)C4CC4)s3)c2c1,6.522878745280337,1,
COc1ccc2nc(C)nc(SCC(=O)c3ccc(CNC(=O)C4CCCN4)s3)c2c1,6.522878745280337,1,
COc1ccc2nc(C)nc(SCC(=O)c3ccc(CNC(=O)C4CCCO4)s3)c2c1,6.522878745280337,1,
COc1ccc2nc(C)nc(SCC(=O)c3ccc(CNC(=O)CN)s3)c2c1,6.522878745280337,1,
COc1ccc2nc(C)nc(SCC(=O)c3ccc(CNC(=O)N(C)C)s3)c2c1,6.522878745280337,1,
COc1ccc2nc(C)nc(SCC(=O)c3ccc(CNC(=O)[C@@H](C)O)s3)c2c1,6.522878745280337,1,
COc1ccc2nc(C)nc(SCC(=O)c3ccc([C@H](C)NC(=O)CO)s3)c2c1,6.522878745280337,1,
COc1ccc2nc(SCC(=O)c3ccc(CNC(=O)CO)s3)[nH]c2n1,5.664141088680182,1,
COc1ccc2nc3cc(Cl)ccc3c(Nc3ccc(-c4cn(CCCCCC(=O)NO)nn4)cc3)c2c1,7.537602002101044,1,
COc1ccc2nc3cc(Cl)ccc3c(Nc3ccc(C(=O)NO)cc3)c2n1,6.468521082957745,1,
COc1ccc2nc3cc(Cl)ccc3c(Nc3ccc(CCC(=O)NO)cc3)c2c1,7.0915149811213505,1,
COc1ccc2nc3cc(Cl)ccc3c(Nc3cccc(-c4cn(CCCCCC(=O)NO)nn4)c3)c2c1,7.886056647693163,1,
COc1ccc2nnn(OC(=O)c3cc(OC)c(OC)c(OC)c3)c2c1,4.235823867609669,1,
COc1ccc2oc(SCC(=O)c3ccc(CNC(=O)CO)s3)nc2c1,5.664141088680182,1,
COc1ccc2sc(NC(=O)CCCCCCNC(=O)C(O)(O)C(F)(F)F)nc2c1,4.0,1,
COc1cccc(-c2cc3ccc(C(=O)NO)cc3o2)c1,8.397940008672037,2,0.0
COc1cccc(-c2ccc(C(=O)C(F)(F)F)s2)c1,5.508638306165727,1,
COc1cccc(-c2ccc3c(NC(=O)c4ccc(C(=O)NO)cc4)n[nH]c3c2)c1,6.8794260687941495,1,
COc1cccc(-c2ccc3c(NC(=O)c4ccc(C(=O)NO)cc4)n[nH]c3c2)c1F,7.236572006437063,1,
COc1cccc(-c2cn(CCCCCC(=O)NO)nn2)c1,7.853871964321762,1,
COc1cccc(-c2cn(Cc3ccc(-c4nnc(C(F)F)o4)cn3)nn2)c1,7.356547323513812,1,
COc1cccc(-c2cnc(C(=O)NCCCCCCC(=O)NO)o2)c1,7.795880017344075,1,
COc1cccc(-c2cnc(C(=O)NCCCCCCC(=O)NO)s2)c1,8.200659450546418,1,
COc1cccc(-c2cnc(C(=O)NCCCCCCCC(=O)NO)o2)c1,7.3872161432802645,1,
COc1cccc(-c2cnc(C(=O)NCCCCCCCC(=O)NO)s2)c1,7.585026652029182,1,
COc1cccc(-c2csc(C(=O)NOCCCCCC(=O)NO)n2)c1,7.585026652029182,1,
COc1cccc(-c2csc(NC(=O)[C@H](CCCCNS(N)(=O)=O)NC(=O)OCc3ccccc3)n2)c1,6.376750709602099,1,
COc1cccc(-c2nc(NCc3ccc(/C=C/C(=O)NO)cc3)cc3c2[nH]c2ccccc23)c1,8.55284196865778,1,
COc1cccc(-c2nc(NCc3ccc(C(=O)NO)cc3)cc3c2[nH]c2ccccc23)c1,8.744727494896694,1,
COc1cccc(-c2nc(NCc3cccc(/C=C/C(=O)NO)c3)cc3c2[nH]c2ccccc23)c1,8.346787486224656,1,
COc1cccc(-c2nc3ccc(C(=O)NO)cc3[nH]2)c1O,7.886056647693163,1,
COc1cccc(-c2ncc(/C=C/C(=O)NO)s2)c1,6.180456064458131,1,
COc1cccc(-c2ncc(/C=C/C(=O)Nc3ccccc3N)s2)c1,5.6287395528993684,2,0.8596048994435219
COc1cccc(-c2ncc(C(=O)NCCCCCCC(=O)NO)s2)c1,6.292847655935834,2,0.09008493380743478
COc1cccc(-c2ncn(Cc3ccc(C(=O)NO)cc3)n2)c1,7.958607314841775,1,
COc1cccc(-n2nc(C(=O)NCC(=O)NO)nc2-c2cc(OC)c(OC)c(OC)c2)c1,6.537602002101044,1,
COc1cccc(-n2nc(C(=O)NCCCCCC(=O)NO)nc2-c2cc(OC)c(OC)c(OC)c2)c1,6.559090917934782,1,
COc1cccc(C(=O)N[C@H](COc2cccc(/C=C/C(=O)NO)c2)Cc2c[nH]c3ccccc23)c1,7.173925197299173,1,
COc1cccc(C(=O)c2ccc3c(ccn3Cc3ccc(C(=O)NO)cc3)c2)c1,7.795880017344075,1,
COc1cccc(C(=O)c2ccc3c(ccn3S(=O)(=O)c3cccc(/C=C/C(=O)NO)c3)c2)c1,5.7423214251308154,1,
COc1cccc(C2(Nc3ncc(-c4nnc(C(F)(F)F)o4)cn3)CC2)c1,6.6020599913279625,1,
COc1cccc(C2(Nc3ncc(-c4nnc(C(F)F)o4)cn3)CC2)c1,7.4089353929735005,1,
COc1cccc(C2(Nc3ncc(C(=O)NO)cn3)CC2)c1,8.397940008672037,1,
COc1cccc(CCCCCCCC(=O)NO)c1,6.721246399047171,1,
COc1cccc(CCCn2cccc(/C=C/C(=O)NO)c2=O)c1,7.522878745280337,1,
COc1cccc(CCn2cccc(/C=C/C(=O)NO)c2=O)c1,7.154901959985743,1,
COc1cccc(CN2CCC3=C(C2)C(=O)N(Cc2ccc(C(=O)NO)cc2)C2=NCCN23)c1,6.982966660701219,1,
COc1cccc(CN2CCC=C(CCC(=O)NO)C2=O)c1,5.7121982700697735,1,
COc1cccc(CN2CCc3c(c4ccccc4n3Cc3ccc(C(=O)NO)cc3)C2)c1,8.528708288941061,1,
COc1cccc(Cn2cc3cc(F)c(C(=O)NO)cc3n2)c1,7.1249387366083,1,
COc1cccc(Cn2ccc3cnc(Nc4cnn(CCCCCC(=O)NO)c4)nc32)c1,7.42021640338319,1,
COc1cccc(Cn2ccc3cnc(Nc4cnn(CCCCCCC(=O)NO)c4)nc32)c1,7.537602002101044,1,
COc1cccc(Cn2cccc(/C=C/C(=O)NO)c2=O)c1,6.823908740944319,1,
COc1cccc(N2CCN(C(=O)c3ccc(C(=O)C(F)(F)F)s3)CC2)c1,6.769551078621726,1,
COc1cccc(NC(=O)[C@@H](NC(=O)c2ccc(C(=O)NO)cc2)c2c[nH]c3ccccc23)c1,6.361510743045363,1,
COc1cccc(NCc2ccc(-c3noc(C(F)(F)F)n3)cc2)c1,7.1938200260161125,1,
COc1cccc(NS(=O)(=O)c2cccc(/C=C/C(=O)NO)c2)c1,7.657577319177793,1,
COc1cccc(Nc2ncnc3cc(NC(=O)CCCCCCC(=O)NO)sc23)c1,7.6777807052660805,1,
COc1cccc(OC)c1-c1cn(CCCCCC(=O)NO)nn1,6.500312917381596,1,
COc1cccc(OC)c1C(=O)NC(=O)NC1CN2CCC1CC2,8.468521082957745,1,
COc1cccc2[nH]c(C(=O)NCCCCCCC(=O)NO)cc12,8.508638306165727,1,
COc1cccc2c(C(CCCCCC(=O)NO)c3c[nH]c4c(OC)cccc34)c[nH]c12,8.585026652029182,1,
COc1cccc2c1C(=O)c1c(O)c3c(c(O)c1C2=O)C[C@@](O)(C(C)=O)C[C@@H]3O[C@H]1C[C@H](N)[C@H](O)[C@H](C)O1,7.698970004336019,1,
COc1cccc2c1C(=O)c1c(O)c3c(c(O)c1C2=O)C[C@@](O)(C(C)=O)C[C@@H]3O[C@H]1C[C@H](NCc2ccc(-c3cn(CCCCC(=O)NO)nn3)cc2)[C@H](O)[C@H](C)O1,6.255707016877324,1,
COc1cccc2c1C(=O)c1c(O)c3c(c(O)c1C2=O)C[C@@](O)(C(C)=O)C[C@@H]3O[C@H]1C[C@H](NCc2ccc(-c3cn(CCCCCC(=O)NO)nn3)cc2)[C@H](O)[C@H](C)O1,7.522878745280337,1,
COc1cccc2c1C(=O)c1c(O)c3c(c(O)c1C2=O)C[C@@](O)(C(C)=O)C[C@@H]3O[C@H]1C[C@H](NCc2ccc(-c3cn(CCCCCCC(=O)NO)nn3)cc2)[C@H](O)[C@H](C)O1,7.698970004336019,1,
COc1cccc2c1C(=O)c1c(O)c3c(c(O)c1C2=O)C[C@@](O)(C(C)=O)C[C@@H]3O[C@H]1C[C@H](NCc2ccc(-c3cn(CCCCCCCC(=O)NO)nn3)cc2)[C@H](O)[C@H](C)O1,7.721246399047171,1,
COc1cccc2c1C(=O)c1c(O)c3c(c(O)c1C2=O)C[C@@](O)(C(C)=O)C[C@@H]3O[C@H]1C[C@H](NCc2ccc(NC(=O)CCCCCCC(=O)NO)cc2)[C@H](O)[C@H](C)O1,7.698970004336019,2,0.0
COc1cccc2c1CCCCN2Cc1ccc(C(=O)NO)cc1,8.187086643357144,1,
COc1cccc2c1CCN(Cc1ccc(C(=O)NO)cc1)CC2,6.497572880015568,1,
COc1cccc2cc(-c3nc4cc(C(=O)NO)ccc4s3)oc12,7.481486060122112,1,
COc1cccc2ccc(C(=O)NCc3ccc(C(=O)NO)cc3)nc12,7.040460953811963,2,0.3685002729216867
COc1cccc2nc(C)nc(SCC(=O)c3ccc(CNC(=O)CO)s3)c12,6.522878745280337,1,
COc1cccc2oc(SCC(=O)c3ccc(CNC(=O)CO)s3)nc12,5.664141088680182,1,
COc1cccc2sc(C(=O)NO)cc12,5.421360790031928,1,
COc1ccccc1-c1cc(/C=C/c2ccc(C(=O)NO)cc2)ccn1,7.552841968657781,1,
COc1ccccc1-c1ccc(C(=O)C(F)(F)F)s1,5.200659450546418,1,
COc1ccccc1-c1ccc2c(NC(=O)c3ccc(C(=O)NO)cc3)n[nH]c2c1,7.3979400086720375,1,
COc1ccccc1-c1cn(CCCCCC(=O)NO)nn1,7.119186407719209,1,
COc1ccccc1-c1cn(Cc2ccc(-c3nnc(C(F)F)o3)cc2)nn1,6.698970004336019,1,
COc1ccccc1-c1cnc(C(=O)NCCCCCCC(=O)NO)o1,8.130768280269024,1,
COc1ccccc1-c1cnc(C(=O)NCCCCCCC(=O)NO)s1,8.568636235841012,1,
COc1ccccc1-c1csc(C(=O)NOCCCCCC(=O)NO)n1,7.585026652029182,1,
COc1ccccc1-c1ncc(C(=O)NCCCCCCC(=O)NO)s1,6.377861439599078,2,0.2697963042043068
COc1ccccc1-c1nnn(Cc2ccc(-c3nnc(C(F)F)o3)cn2)n1,6.769551078621726,1,
COc1ccccc1-n1c(=O)[nH]c2c(C(=O)NCCCCCCC(=O)NO)nc(C(C)C)nc21,6.698970004336019,1,
COc1ccccc1-n1nc(-c2cccs2)nc1Cc1ccc(C(=O)NO)cc1,6.47755576649368,2,0.0
COc1ccccc1C(=O)N(CC(=O)NC(C)(C)C)Cc1ccc(C(=O)NO)cc1,7.42021640338319,1,
COc1ccccc1C(=O)N(CC(=O)NC(C)(C)C)Cc1ccc(C(=O)NO)cc1F,7.769551078621726,1,
COc1ccccc1C(=O)N(CC(=O)NC1CCCCC1)Cc1ccc(C(=O)NO)cc1F,7.698970004336019,1,
COc1ccccc1C(=O)NC(=O)NC1CC2CCC(C1)N2C,6.698970004336019,1,
COc1ccccc1C(=O)NC(=O)NC1CN2CCC1CC2,6.0,1,
COc1ccccc1C(=O)NC(=O)OC1CN2CCC1CC2,7.455931955649724,1,
COc1ccccc1C(=O)N[C@H](COc1cccc(/C=C/C(=O)NO)c1)Cc1c[nH]c2ccccc12,7.514362075630947,2,0.14909584445016535
COc1ccccc1C1(Nc2ncc(-c3nnc(C(F)(F)F)o3)cn2)CC1,6.657577319177793,1,
COc1ccccc1C1(Nc2ncc(-c3nnc(C(F)F)o3)cn2)CC1,7.638272163982407,1,
COc1ccccc1C1(Nc2ncc(C(=O)NO)cn2)CC1,8.522878745280337,1,
COc1ccccc1C1CCC(=O)N1c1ccc(-c2noc(C(F)(F)F)n2)cc1F,7.7447274948966935,1,
COc1ccccc1C=C1CC(=O)N(CCCCCCC(=O)NO)C1=O,8.522878745280337,1,
COc1ccccc1CCn1c(=O)c2ccccc2n(Cc2ccc(C(=O)NO)cc2)c1=O,7.946011127878641,3,0.02181723580178351
COc1ccccc1CN1CCC=C(CCC(=O)NO)C1=O,6.065501548756432,1,
COc1ccccc1CNc1ncc(C(=O)NO)cn1,8.397940008672037,1,
COc1ccccc1N1C(=O)N(Cc2ccc(C(=O)NO)cc2)C(C)(C)C1=O,7.130768280269024,3,0.0
COc1ccccc1N1C(=O)[C@@H](C(C)C)N(Cc2ccc(C(=O)NO)cc2)C1=O,7.657577319177793,1,
COc1ccccc1N1CCN(S(=O)(=O)c2cccc(/C=C/C(=O)NO)c2)CC1,7.657577319177793,1,
COc1ccccc1N1CCN(c2ccc(-c3nc4cc(C(=O)NO)ccc4o3)cn2)CC1,7.6777807052660805,1,
COc1ccccc1N1CCN(c2ncc(C(=O)NO)cc2F)CC1,8.083019952679617,1,
COc1ccccc1NC(=O)CCCCCC(=O)Nc1ccccc1,4.267606240177032,2,0.0
COc1ccccc1NC(=O)CCCCCCC(=O)Nc1ccccc1,3.327902142064283,2,0.0
COc1ccccc1NC(=O)N(CCCN(C)C)Cc1ccc(C(=O)NO)cc1,6.339134521996131,5,0.0
COc1ccccc1NC(=O)N(CCCO)Cc1ccc(C(=O)NO)cc1,8.623423042943488,5,0.0
COc1ccccc1NC(=O)N(CCc1c[nH]c2ccccc12)Cc1ccc(C(=O)NO)cc1,6.329754146925875,5,0.0
COc1ccccc1NC(=O)N(CCc1ccc(O)cc1)Cc1ccc(C(=O)NO)cc1,8.236572006437063,5,0.0
COc1ccccc1NC(=O)NCc1ccc(C(=O)NO)cc1,6.856985199745904,3,0.0
COc1ccccc1NC(=O)NCc1ccc(C(N)=O)cc1,6.856985199745905,2,0.0
COc1ccccc1NC(=O)N[C@H](C(=O)Nc1ccc(C(=O)NO)cc1)c1ccccc1,6.531652669587842,1,
COc1ccccc1NCCNCc1ccc(/C=C/C(=O)NO)cc1,6.954677021213342,1,
COc1ccncc1-c1ccc(-c2nc3cc(C(=O)NO)ccc3o2)cc1,8.301029995663981,1,
COc1cnc2nc(C)nc(SCC(=O)c3ccc(CN(C)C(=O)CO)s3)c2c1,6.522878745280337,1,
COc1cnc2nc(C)nc(SCC(=O)c3ccc(CN4CCOCC4=O)s3)c2c1,6.522878745280337,1,
COc1cnc2nc(C)nc(SCC(=O)c3ccc(CNC(=O)OC(C)(C)C)s3)c2c1,6.522878745280337,1,
COc1cncc(OCc2ccc(-c3noc(C(F)(F)F)n3)c(F)c2)c1,7.214670164989233,1,
COc1cnnc(OCc2ccc(-c3noc(C(F)(F)F)n3)c(F)c2)c1,7.130768280269024,1,
COc1nc(-c2cccc(-c3ccccc3)c2C)ccc1CNCC(=O)NO,6.94692155651658,1,
COc1nc(-c2cccc(-c3ccccc3)c2C)ccc1CNCCCC(=O)NO,7.229147988357855,1,
COc1nc(-c2cccc(-c3ccccc3)c2C)ccc1CNCCCCC(=O)NO,7.050609993355087,1,
COc1nc(-c2cccc(-c3ccccc3)c2C)ccc1CNCCCCCC(=O)NO,7.045757490560675,1,
COc1nc(-c2cccc(-c3ccccc3)c2C)ccc1CNCCCCCCC(=O)NO,7.107905397309519,1,
COc1nc(C)ccc1-c1c[nH]c([C@@H](N)CCCCCC(=O)c2ncco2)n1,4.346787486224656,1,
COc1nc(C2CC2)ccc1-c1c[nH]c([C@H](CCCCCC(=O)c2ncco2)NC(=O)[C@H]2CC23CCN(C)CC3)n1,6.522878745280337,1,
COc1nc(OCc2cccc(-c3ccccc3)c2C)ccc1CNCCCCC(=O)NO,7.055517327849831,1,
COc1nc(OCc2cccc(-c3ccccc3)c2C)ccc1CNCCCCCCC(=O)NO,7.096910013008056,1,
COc1nc2ccccc2cc1-c1c[nH]c([C@@H](N)CCCCCC(=O)c2ncco2)n1,4.3979400086720375,1,
COc1nc2ccccc2cc1-c1c[nH]c([C@H](CCCCCC(=O)c2ccon2)NC(=O)C2CCN(C)CC2)n1,5.698970004336019,1,
COc1nc2ccccc2cc1-c1cnc(CCCCCCC(=O)C2NC=CO2)[nH]1,5.6020599913279625,1,
COc1nc2ccccc2cc1-c1cnc([C@H](CCCCCC(=O)c2ncco2)NC(=O)C(C)(F)F)[nH]1,5.468521082957745,1,
COc1nc2ccccc2cc1-c1cnc([C@H](CCCCCC(=O)c2ncco2)NC(=O)C2(c3ccncc3)CC2)[nH]1,4.3872161432802645,1,
COc1nc2ccccc2cc1-c1cnc([C@H](CCCCCC(=O)c2ncco2)NC(=O)C2(c3cnccn3)CC2)[nH]1,4.455931955649724,1,
COc1nc2ccccc2cc1-c1cnc([C@H](CCCCCC(=O)c2ncco2)NC(=O)C2COCCO2)[nH]1,4.920818753952375,1,
COc1nc2ccccc2cc1-c1cnc([C@H](CCCCCC(=O)c2ncco2)NC(=O)CCCN(C)C)[nH]1,6.853871964321762,1,
COc1nc2ccccc2cc1-c1cnc([C@H](CCCCCC(=O)c2ncco2)NC(=O)CN(C)C)[nH]1,5.481486060122112,1,
COc1nc2ccccc2cc1-c1cnc([C@H](CCCCCC(=O)c2ncco2)NC(=O)CN2CCC2)[nH]1,6.161150909262744,1,
COc1nc2ccccc2cc1-c1cnc([C@H](CCCCCC(=O)c2ncco2)NC(=O)CN2CCCC2)[nH]1,6.6777807052660805,1,
COc1nc2ccccc2cc1-c1cnc([C@H](CCCCCC(=O)c2ncco2)NC(=O)CN2CCCCC2)[nH]1,5.958607314841775,1,
COc1nc2ccccc2cc1-c1cnc([C@H](CCCCCC(=O)c2ncco2)NC(=O)CN2CCOCC2)[nH]1,6.017728766960431,1,
COc1nc2ccccc2cc1-c1cnc([C@H](CCCCCC(=O)c2ncco2)NC(=O)Cn2cccc2)[nH]1,5.568636235841012,1,
COc1nc2ccccc2cc1-c1cnc([C@H](CCCCCC(=O)c2ncco2)NC(=O)[C@@H]2CCC(=O)N2)[nH]1,6.42021640338319,1,
COc1nc2ccccc2cc1-c1cnc([C@H](CCCCCC(=O)c2ncco2)NC(=O)[C@H]2CCC(=O)N2)[nH]1,5.853871964321762,1,
COc1nc2ccccc2cc1-c1cnc([C@H](CCCCCC(=O)c2ncco2)NC(=O)c2cc3n(n2)CCCC3)[nH]1,4.346787486224656,1,
COc1nc2ccccc2cc1-c1cnc([C@H](CCCCCC(=O)c2ncco2)NC(=O)c2ccc(OC(F)F)nc2)[nH]1,4.346787486224656,1,
COc1nc2ccccc2cc1-c1cnc([C@H](CCCCCC(=O)c2ncco2)NC(=O)c2ccncn2)[nH]1,4.6777807052660805,1,
COc1nc2ccccc2cc1-c1cnc([C@H](CCCCCC(=O)c2ncco2)NC(=O)c2cncs2)[nH]1,4.886056647693163,1,
COc1nc2ccccc2cc1-c1cnc([C@H](CCCCCC(=O)c2ncco2)NC(=O)c2nc3ccccc3o2)[nH]1,4.346787486224656,1,
COc1nc2ccccc2nc1CCC(=O)O,4.346787486224656,1,
COc1nc2cnccc2cc1-c1c[nH]c([C@@H](N)CCCCCC(=O)c2ncco2)n1,4.346787486224656,1,
COc1ncc(-c2cc(OCCCCCCC(=O)NO)c3ncnc(C)c3c2)cc1F,8.18045606445813,2,0.0
COc1ncc(C(=O)NO)cc1F,7.136677139879544,1,
COc1ncc(NCc2ccc(-c3cn(Cc4c(F)cc(-c5nnc(C(F)F)o5)cc4F)nn3)cc2)cc1C(N)=O,7.173925197299173,1,
COc1ncc(NCc2ccc(-c3cn(Cc4ccc(-c5nnc(C(F)F)o5)cc4)nn3)cc2)cc1C(N)=O,7.267606240177031,1,
COc1ncc(NCc2ccc(-n3cc(Cc4ccc(-c5nnc(C(F)F)o5)cc4)nn3)cc2)cc1C(N)=O,7.00436480540245,1,
COc1ncc(OCc2ccc(-c3noc(C(F)(F)F)n3)c(F)c2)cn1,7.4089353929735005,1,
COc1ncccc1-c1cc2cc(C(=O)NO)ccc2s1,7.327902142064282,1,
COc1ncccc1-c1ccc(-c2nc3cc(C(=O)NO)ccc3o2)cc1,7.552841968657781,1,
COc1ncccc1-c1cn(Cc2ccc(-c3nnc(C(F)F)o3)cc2)nn1,7.292429823902063,1,
COc1ncccc1-c1cn(Cc2ccc(-c3nnc(C(F)F)o3)cn2)nn1,7.638272163982407,1,
COc1ncccc1OCc1ccc(-c2noc(C(F)(F)F)n2)c(F)c1,7.267606240177031,1,
COc1ncccc1OCc1ccc(-c2noc(C(F)(F)F)n2)cn1,7.585026652029182,1,
CP(=O)([O-])CCCCCCC(=O)Nc1ccccc1,2.0861861476162833,1,
CP(=O)([O-])NCCCCCC(=O)Nc1ccccc1,2.6989700043360187,1,
CP(=O)([O-])OCCCCCC(=O)Nc1ccccc1,2.214670164989233,1,
CS(=O)(=O)CC(=O)N(Cc1ccc(-c2noc(C(F)(F)F)n2)cc1)c1cccc(C(F)(F)F)c1,7.508638306165727,1,
CS(=O)(=O)CCCCCCC(=O)Nc1ccccc1,3.638272163982407,2,0.0
CS(=O)(=O)CCn1cc(-c2nc(Nc3ccc(NC(=O)CCCCCCC(=O)NO)cc3)nc3[nH]ccc23)cn1,8.638272163982407,1,
CS(=O)(=O)C[C@@H](Nc1ncc(-c2nnc(C(F)F)o2)cn1)c1ccc(F)cc1,6.060480747381382,1,
CS(=O)(=O)C[C@H](Nc1ncc(-c2nnc(C(F)F)o2)cn1)c1ccc(F)cc1,7.366531544420414,1,
CS(=O)(=O)Cc1noc(-c2ccc(C(=O)C(F)(F)F)s2)n1,6.442314070559537,3,0.22683572327966475
CS(=O)(=O)N(CC(Nc1ncc(-c2nnc(C(F)F)o2)cn1)c1ccc(F)cc1F)CC(F)(F)F,7.1249387366083,1,
CS(=O)(=O)N(CC(Nc1ncc(-c2nnc(C(F)F)o2)cn1)c1ccc(OC(F)F)cc1F)CC(F)(F)F,6.853871964321762,1,
CS(=O)(=O)N(C[C@@H](Nc1ncc(-c2nnc(C(F)F)o2)cn1)c1ccc(Cl)cc1)CC(F)(F)F,6.769551078621726,1,
CS(=O)(=O)N(C[C@@H](Nc1ncc(-c2nnc(C(F)F)o2)cn1)c1ccc(F)c(F)c1)CC(F)(F)F,7.0655015487564325,1,
CS(=O)(=O)N(C[C@H](Nc1ncc(-c2nnc(C(F)F)o2)cn1)c1ccc(Cl)cc1)CC(F)(F)F,6.958607314841775,1,
CS(=O)(=O)N(C[C@H](Nc1ncc(-c2nnc(C(F)F)o2)cn1)c1ccc(F)c(F)c1)CC(F)(F)F,6.494850021680094,1,
CS(=O)(=O)N(Cc1ccc(-c2nnc(C(F)F)o2)s1)c1cncc(OC(F)(F)F)c1,7.318758762624412,1,
CS(=O)(=O)N(Cc1ccc(-c2noc(C(F)(F)F)n2)cc1)c1cccc(C(F)(F)F)c1,7.301029995663981,1,
CS(=O)(=O)N(Cc1cnc(-c2nnc(C(F)F)o2)s1)c1cncc(Cl)c1,6.958607314841775,2,0.0
CS(=O)(=O)N(Cc1cnc(-c2nnc(C(F)F)o2)s1)c1cncc(F)c1,6.96657624451305,3,0.0
CS(=O)(=O)N(Cc1ncc(-c2nnc(C(F)(F)F)o2)s1)c1cccc(F)c1,7.00436480540245,2,0.0
CS(=O)(=O)N(Cc1ncc(-c2nnc(C(F)(F)F)o2)s1)c1ccccc1,6.450996737974212,3,0.0
CS(=O)(=O)N(Cc1ncc(-c2nnc(C(F)(F)F)o2)s1)c1cncc(C#N)c1,6.954677021213342,3,0.0
CS(=O)(=O)N(Cc1ncc(-c2nnc(C(F)(F)F)o2)s1)c1cncc(C(F)(F)F)c1,6.59176003468815,3,0.0
CS(=O)(=O)N(Cc1ncc(-c2nnc(C(F)(F)F)o2)s1)c1cncc(C2CC2)c1,7.070581074285708,3,0.0
CS(=O)(=O)N(Cc1ncc(-c2nnc(C(F)(F)F)o2)s1)c1cncc(Cl)c1,7.207608310501745,3,0.0
CS(=O)(=O)N(Cc1ncc(-c2nnc(C(F)(F)F)o2)s1)c1cncc(OC(F)F)c1,7.4685210829577455,3,0.0
CS(=O)(=O)N(Cc1ncc(-c2nnc(C(F)F)o2)s1)c1ccc(F)c(Cl)c1,7.6777807052660805,3,0.0
CS(=O)(=O)N(Cc1ncc(-c2nnc(C(F)F)o2)s1)c1ccc(F)cn1,7.657577319177793,3,0.0
CS(=O)(=O)N(Cc1ncc(-c2nnc(C(F)F)o2)s1)c1ccc(F)nc1,7.657577319177793,1,
CS(=O)(=O)N(Cc1ncc(-c2nnc(C(F)F)o2)s1)c1cccc(C(F)(F)F)n1,7.236572006437062,3,0.0
CS(=O)(=O)N(Cc1ncc(-c2nnc(C(F)F)o2)s1)c1cccc(C(F)F)n1,7.958607314841775,3,0.0
CS(=O)(=O)N(Cc1ncc(-c2nnc(C(F)F)o2)s1)c1cccc(Cl)c1,7.6777807052660805,3,0.0
CS(=O)(=O)N(Cc1ncc(-c2nnc(C(F)F)o2)s1)c1ccccc1,7.292429823902064,3,0.0
CS(=O)(=O)N(Cc1ncc(-c2nnc(C(F)F)o2)s1)c1cccnc1,6.170053304058364,3,0.0
CS(=O)(=O)N(Cc1ncc(-c2nnc(C(F)F)o2)s1)c1cncc(C#N)c1,7.431798275933005,3,0.0
CS(=O)(=O)N(Cc1ncc(-c2nnc(C(F)F)o2)s1)c1cncc(C(F)(F)F)c1,7.309803919971486,3,0.0
CS(=O)(=O)N(Cc1ncc(-c2nnc(C(F)F)o2)s1)c1cncc(C2CC2)c1,7.886056647693163,3,0.0
CS(=O)(=O)N(Cc1ncc(-c2nnc(C(F)F)o2)s1)c1cncc(Cl)c1,7.619788758288394,3,0.0
CS(=O)(=O)N(Cc1ncc(-c2nnc(C(F)F)o2)s1)c1cncc(F)c1,7.6020599913279625,3,0.0
CS(=O)(=O)N(Cc1ncc(-c2nnc(C(F)F)o2)s1)c1cncc(OC(F)(F)F)c1,7.318758762624412,2,0.0
CS(=O)(=O)N(Cc1ncc(-c2nnc(C(F)F)o2)s1)c1cncc(OC(F)F)c1,7.721246399047171,3,0.0
CS(=O)(=O)N(Cc1ncc(-c2nnc(C(F)F)o2)s1)c1cnccn1,7.387216143280265,3,0.0
CS(=O)(=O)N1CC(C(=O)N(Cc2ccc(-c3noc(C(F)(F)F)n3)cn2)c2cccc(F)c2)C1,8.080921907623926,1,
CS(=O)(=O)N1CCC(c2ccc(C(=O)CSc3nc(C(F)(F)F)nc4ccccc34)s2)C1,6.522878745280337,1,
CS(=O)(=O)NC(Cc1ccc(-c2noc(C(F)(F)F)n2)cn1)c1cccc(C(F)(F)F)c1,7.6777807052660805,1,
CS(=O)(=O)NCC(Nc1ncc(-c2nnc(C(F)F)o2)cn1)c1ccc(F)c(F)c1,6.638272163982407,1,
CS(=O)(=O)NCC(Nc1ncc(-c2nnc(C(F)F)o2)cn1)c1ccc(F)cc1,7.537602002101044,1,
CS(=O)(=O)NCC(Nc1ncc(-c2nnc(C(F)F)o2)cn1)c1ccc(OC(F)(F)F)cc1,6.236572006437063,1,
CS(=O)(=O)NCC(c1ccc(-c2nnc(C(F)F)o2)cc1)n1cc(-c2ccc(N)nc2)nn1,7.309803919971486,1,
CS(=O)(=O)NCCC(Nc1ncc(-c2nnc(C(F)F)o2)cn1)c1ccc(F)cc1,7.585026652029182,1,
CS(=O)(=O)NCCC(c1ccc(-c2nnc(C(F)F)o2)cc1)n1cc(-c2ccc(N)nc2)nn1,7.568636235841012,1,
CS(=O)(=O)NCCC(c1ccc(-c2nnc(C(F)F)o2)cn1)n1cc(-c2ccc(N)nc2)nn1,7.508638306165727,1,
CS(=O)(=O)NCCCCCC(=O)Nc1ccccc1,2.1249387366083,2,0.0
CS(=O)(=O)NCC[C@@H](c1ccc(-c2nnc(C(F)F)o2)cc1)n1cc(-c2ccc(N)nc2)nn1,6.860120913598763,1,
CS(=O)(=O)NCC[C@H](c1ccc(-c2nnc(C(F)F)o2)cc1)n1cc(-c2ccc(N)nc2)nn1,7.6020599913279625,1,
CS(=O)(=O)NCCc1cn(Cc2ccc(C(=O)NO)cc2)c2ccccc12,9.769551078621726,1,
CS(=O)(=O)NC[C@@H](Nc1ncc(-c2nnc(C(F)F)o2)cn1)C1CC1,5.958607314841775,1,
CS(=O)(=O)NC[C@@H](Nc1ncc(-c2nnc(C(F)F)o2)cn1)c1ccc(Cl)cc1,6.309803919971486,1,
CS(=O)(=O)NC[C@@H](Nc1ncc(-c2nnc(C(F)F)o2)cn1)c1ccc(F)c(F)c1,6.229147988357855,1,
CS(=O)(=O)NC[C@@H](Nc1ncc(-c2nnc(C(F)F)o2)cn1)c1ccc(F)cc1,6.494850021680094,1,
CS(=O)(=O)NC[C@@H](Nc1ncc(-c2nnc(C(F)F)o2)cn1)c1ccc(F)cc1F,6.187086643357144,1,
CS(=O)(=O)NC[C@@H](Nc1ncc(-c2nnc(C(F)F)o2)cn1)c1ccc(OC(F)(F)F)cc1,6.075720713938118,1,
CS(=O)(=O)NC[C@@H](Nc1ncc(-c2nnc(C(F)F)o2)cn1)c1ccc(OC(F)F)cc1,6.431798275933005,1,
CS(=O)(=O)NC[C@@H](Nc1ncc(-c2nnc(C(F)F)o2)cn1)c1ccc(OC(F)F)cc1F,6.585026652029182,1,
CS(=O)(=O)NC[C@H](Nc1ncc(-c2nnc(C(F)F)o2)cn1)C1CC1,5.958607314841775,1,
CS(=O)(=O)NC[C@H](Nc1ncc(-c2nnc(C(F)F)o2)cn1)c1ccc(Cl)cc1,7.619788758288394,1,
CS(=O)(=O)NC[C@H](Nc1ncc(-c2nnc(C(F)F)o2)cn1)c1ccc(F)cc1,7.823908740944319,1,
CS(=O)(=O)NC[C@H](Nc1ncc(-c2nnc(C(F)F)o2)cn1)c1ccc(F)cc1F,7.795880017344075,1,
CS(=O)(=O)NC[C@H](Nc1ncc(-c2nnc(C(F)F)o2)cn1)c1ccc(OC(F)(F)F)cc1,7.508638306165727,1,
CS(=O)(=O)NC[C@H](Nc1ncc(-c2nnc(C(F)F)o2)cn1)c1ccc(OC(F)F)cc1,7.7447274948966935,1,
CS(=O)(=O)NC[C@H](Nc1ncc(-c2nnc(C(F)F)o2)cn1)c1ccc(OC(F)F)cc1F,7.769551078621726,1,
CS(=O)(=O)NCc1ccc(C2(Nc3ncc(-c4nnc(C(F)F)o4)cn3)CC2)cc1,6.886056647693163,1,
CS(=O)(=O)N[C@@H]1CCCC[C@H]1N1Cc2ccc(-c3nnc(C(F)F)o3)cc2S1(=O)=O,6.7121982700697735,1,
CS(=O)(=O)Nc1ccc(-c2cc3cc(C(=O)NO)ccc3s2)cc1,7.0655015487564325,1,
CS(=O)(=O)Nc1ccc(-c2ccc(-c3nc4ccc(C(=O)NO)cc4[nH]3)cc2)cc1,8.142667503568731,1,
CS(=O)(=O)Nc1ccc(-c2ccnc(Nc3ccc(N4CCC(C(=O)NCCCCCCCC(=O)NO)CC4)cc3)n2)cc1,7.130768280269024,1,
CS(=O)(=O)Nc1ccc(-c2ccnc(Nc3ccc(N4CCC(C(=O)Nc5ccc(/C=C/C(=O)NO)cc5)CC4)cc3)n2)cc1,7.337242168318426,1,
CS(=O)(=O)Nc1ccc(-c2ccnc(Nc3ccc(N4CCC(CCc5ccc(/C=C/CC(=O)NO)cc5)CC4)cc3)n2)cc1,7.337242168318426,1,
CS(=O)(=O)Nc1ccc(-c2ccnc(Nc3ccc(N4CCN(CC(=O)Nc5ccc(/C=C/C(=O)NO)cc5)CC4)cc3)n2)cc1,7.346787486224656,1,
CS(=O)(=O)Nc1ccc(-c2ccnc(Nc3ccc(N4CCN(CC(=O)Nc5ccc(C(=O)NO)cc5)CC4)cc3)n2)cc1,7.920818753952375,1,
CS(=O)(=O)Nc1ccc(C(Nc2ncc(-c3nnc(C(F)F)o3)cn2)c2ccc(F)cc2)cc1,6.6020599913279625,1,
CS(=O)(=O)Nc1ccc(CC(Nc2ncc(-c3nnc(C(F)F)o3)cn2)c2ccc(F)cc2)cc1,6.481486060122112,1,
CS(=O)(=O)Nc1cccc(C(Nc2ncc(-c3nnc(C(F)F)o3)cn2)c2ccc(F)cc2)c1,6.886056647693163,1,
CS(=O)(=O)Nc1cccc(CC(Nc2ncc(-c3nnc(C(F)F)o3)cn2)c2ccc(F)cc2)c1,7.080921907623926,1,
CS(=O)(=O)Nc1ccccc1C(Nc1ncc(-c2nnc(C(F)F)o2)cn1)c1ccc(F)cc1,6.721246399047171,1,
CS(=O)(=O)Nc1ccccc1CC(Nc1ncc(-c2nnc(C(F)F)o2)cn1)c1ccc(F)cc1,7.236572006437063,1,
CS(=O)(=O)SCCN,3.703334809738469,1,
CS(=O)(=O)SCCO,3.991399828238082,1,
CS(=O)(=O)c1ccc(-c2ccc(-c3nc4cc(C(=O)NO)ccc4o3)cc2)cc1,8.096910013008056,1,
CS(=O)(=O)c1ccc(-n2ccc3cnc(Nc4cnn(CCCCCC(=O)NO)c4)nc32)cc1,7.958607314841775,1,
CS(=O)(=O)c1ccc(-n2ccc3cnc(Nc4cnn(CCCCCCC(=O)NO)c4)nc32)cc1,8.229147988357855,1,
CS(=O)(=O)c1ccc(N2CCC(Nc3ccc(C(=O)NO)cc3)C2=O)cc1,6.853871964321762,1,
CSCCNC(=O)C(=O)Cc1ccc(O)c(Br)c1,4.522878745280337,1,
CSCC[C@@H]1N=C(c2ccccc2)c2ccccc2N(CCCCC(=O)NO)C1=O,5.769551078621726,1,
CSCC[C@H](NC(=O)/C=N/O[C@H]1O[C@H](CO)[C@@H](O)[C@H](O)[C@@H]1O)C(=O)N1CCC[C@H]1C(=O)N[C@@H](C)C(=O)N[C@@H](Cc1c[nH]c2ccccc12)C(=O)N[C@@H](CCCNC(=N)N)C(=O)N[C@@H](Cc1cnc[nH]1)C(=O)N[C@@H](C)C(N)=O,7.455931955649724,1,
CSCC[C@H](NC(=O)/C=N/O[C@H]1O[C@H](CO)[C@H](O)[C@H](O)[C@H]1O)C(=O)N1CCC[C@H]1C(=O)N[C@@H](C)C(=O)N[C@@H](Cc1c[nH]c2ccccc12)C(=O)N[C@@H](CCCNC(=N)N)C(=O)N[C@@H](Cc1cnc[nH]1)C(=O)N[C@@H](C)C(N)=O,7.455931955649724,1,
CSCC[C@H](NC(=O)[C@H](CCCNC(=N)N)NC(=O)[C@H](CC(C)C)NC(=O)[C@H](CCCNC(=N)N)NC(=O)[C@H](CCSC)NC(=O)[C@H](CC(C)C)NC(=O)[C@H](CCCNC(=N)N)NC(=O)[C@H](CC(C)C)NC(=O)[C@H](CC(C)C)NC(=O)[C@H](CCCNC(=N)N)NC(C)=O)C(=O)N[C@@H](CC(C)C)C(=O)N[C@@H](CC(C)C)C(=O)N[C@@H](CCCNC(=N)N)C(=O)N[C@@H](CC(C)C)C(=O)NCCCCCC(=O)NO,6.350665141287858,1,
CSCC[C@H]1NC(=O)C[C@H]2/C=C/CCSSC[C@@H](NC1=O)C(=O)N[C@H](C(C)C)[C@@H](O)CC(=O)O2,6.107905397309519,1,
CSCC[C@H]1NC(=O)C[C@H]2/C=C/CCSSC[C@@H](NC1=O)C(=O)N[C@H](CC(C)C)[C@@H](O)CC(=O)O2,5.774690718274137,1,
CSc1ccc(C(=O)NO)cc1NC(=O)c1ccc(-c2ccccc2)cc1,5.823908740944319,1,
CSc1ccc(CC(N=O)C(=O)NCCS)cc1,5.886056647693163,1,
CSc1ccc(CC(N=O)C(=O)NCCS)cc1Br,6.721246399047171,1,
CSc1ccc2c(c1)N(Cc1ccc(C(=O)NO)cc1)c1ccccc1S2,7.097181616847032,2,1.3147809557040573
CSc1ccc2c(c1)N(Cc1ccc(C(=O)NO)cc1)c1ccccc1[S+]2[O-],6.6091941087534245,2,1.1801660126621396
C[C@@H](C(=O)N1CCC(C)(Nc2ncc(C(=O)NO)cn2)CC1)c1ccccc1,7.920818753952375,1,
C[C@@H](CO)NC(=O)c1ccc(-c2noc(C(F)(F)F)n2)cc1,5.142667503568731,1,
C[C@@H](COCCC(=O)N1CC2CN(c3ncc(C(=O)NO)cn3)CC2C1)Nc1cn[nH]c(=O)c1C(F)(F)F,6.621602099051863,1,
C[C@@H](COCCC(=O)N1CCC(Nc2ncc(C(=O)NO)cn2)CC1)Nc1cn[nH]c(=O)c1C(F)(F)F,7.337242168318426,1,
C[C@@H](COCCC(=O)N1CCC2(CCN(c3ncc(C(=O)NO)cn3)C2)C1)Nc1cn[nH]c(=O)c1C(F)(F)F,6.806875401645538,1,
C[C@@H](COCCC(=O)N1CCN(c2ccc(C(=O)NO)cn2)CC1)Nc1cn[nH]c(=O)c1C(F)(F)F,7.327902142064282,1,
C[C@@H](COCCC(=O)N1CCN(c2cnc(C(=O)NO)cn2)CC1)Nc1cn[nH]c(=O)c1C(F)(F)F,6.078833949362261,1,
C[C@@H](COCCC(=O)N1CCN(c2ncc(-c3cnn(CCCCCC(=O)NO)c3)cn2)CC1)Nc1cn[nH]c(=O)c1C(F)(F)F,8.050609993355087,1,
C[C@@H](COCCC(=O)N1CCN(c2ncc(-c3cnn(CCCCCCC(=O)NO)c3)cn2)CC1)Nc1cn[nH]c(=O)c1C(F)(F)F,8.3767507096021,1,
C[C@@H](COCCC(=O)N1CCN(c2ncc(C(=O)NCCCCC(=O)NO)cn2)CC1)Nc1cn[nH]c(=O)c1C(F)(F)F,6.465973893943865,1,
C[C@@H](COCCC(=O)N1CCN(c2ncc(C(=O)NCCCCCC(=O)NO)cn2)CC1)Nc1cn[nH]c(=O)c1C(F)(F)F,7.443697499232712,1,
C[C@@H](COCCC(=O)N1CCN(c2ncc(C(=O)NCCCCCCC(=O)NO)cn2)CC1)Nc1cn[nH]c(=O)c1C(F)(F)F,8.161150909262744,1,
C[C@@H](COCCC(=O)N1CCN(c2ncc(C(=O)NO)cn2)CC1)Nc1cn[nH]c(=O)c1C(F)(F)F,7.075720713938118,1,
C[C@@H](COCCC(=O)N1CCN(c2ncc(NC(=O)CCCCCC(=O)NO)cn2)CC1)Nc1cn[nH]c(=O)c1C(F)(F)F,7.508638306165727,1,
C[C@@H](COCCC(=O)N1CCN(c2ncc(NC(=O)CCCCCCC(=O)NO)cn2)CC1)Nc1cn[nH]c(=O)c1C(F)(F)F,8.013228265733755,1,
C[C@@H](COCCC(=O)N1CCN(c2ncc(OCCCCCC(=O)NO)cn2)CC1)Nc1cn[nH]c(=O)c1C(F)(F)F,8.036212172654444,1,
C[C@@H](COCCC(=O)N1CCN(c2ncc(OCCCCCCC(=O)NO)cn2)CC1)Nc1cn[nH]c(=O)c1C(F)(F)F,8.193820026016112,1,
C[C@@H](COCCC(=O)N1CCN(c2ncc(OCc3ccc(/C=C/C(=O)NO)cc3)cn2)CC1)Nc1cn[nH]c(=O)c1C(F)(F)F,8.193820026016112,1,
C[C@@H](COCCC(=O)N1CCN(c2ncc(OCc3ccc(C(=O)NO)cc3)cn2)CC1)Nc1cn[nH]c(=O)c1C(F)(F)F,7.657577319177793,1,
C[C@@H](COCCC(=O)NC1CCN(c2ncc(C(=O)NO)cn2)CC1)Nc1cn[nH]c(=O)c1C(F)(F)F,6.7495799976911055,1,
C[C@@H](COCCC(=O)NCCN(C)c1ncc(C(=O)NO)cn1)Nc1cn[nH]c(=O)c1C(F)(F)F,7.214670164989233,1,
C[C@@H](F)c1cncc(N(Cc2ncc(-c3nnc(C(F)F)o3)s2)S(C)(=O)=O)c1,7.619788758288394,3,0.0
C[C@@H](NC(=O)c1ccc(C(=O)C(F)(F)F)s1)c1ccccc1,6.443697499232712,2,0.0
C[C@@H](NC(=O)c1cccc(=S)n1O)C(=O)O,5.376750709602099,1,
C[C@@H](NC(=O)c1nc(-c2nccs2)sc1C1CC1)c1ccc(C(=O)NO)cc1,6.675717544702307,1,
C[C@@H](NCc1ccc(C(=O)C(F)(F)F)s1)c1ccccc1,6.075720713938118,1,
C[C@@H](NCc1ccccc1)c1nc2cc(C(=O)NO)ccc2n1C,8.236572006437063,1,
C[C@@H](Nc1ccc(-c2noc(C(F)(F)F)n2)cn1)c1ccncc1,5.987162775294828,1,
C[C@@H](Nc1ccc(-c2noc(C(F)(F)F)n2)nn1)c1ccncc1,6.214670164989233,1,
C[C@@H](Nc1cnc(-c2noc(C(F)(F)F)n2)nc1)c1ccccc1,5.886056647693163,1,
C[C@@H](Nc1ncc(-c2nnc(C(F)F)o2)cn1)c1ccc(F)cc1F,7.552841968657781,1,
C[C@@H](Nc1ncc(-c2noc(C(F)(F)F)n2)cc1Cl)c1ccccc1,5.346787486224656,1,
C[C@@H](Nc1ncc(-c2noc(C(F)(F)F)n2)cn1)c1ccccc1,6.468521082957745,1,
C[C@@H](Nc1ncc(C(=O)NO)cc1F)C1CC1,8.65169513695184,2,0.0
C[C@@H](Nc1ncc(C(=O)NO)cc1F)C1CCCCC1,8.866461091629782,2,0.0
C[C@@H](Nc1ncc(C(=O)NO)cc1F)c1ccccc1,8.823908740944319,1,
C[C@@H](Nc1ncc(C(=O)NO)cn1)c1ccccc1,8.84948500216801,2,0.21286035127455813
C[C@@H](O)C(=O)CCCCCCC(=O)Nc1ccccc1,5.050609993355087,1,
C[C@@H](O)[C@@H]1N=C(c2ccccc2)c2ccccc2N(CCCCC(=O)NO)C1=O,4.936291440608582,1,
C[C@@H](OCc1ccccc1)[C@@H]1N=C(c2ccccc2)c2ccccc2N(CCCCC(=O)NO)C1=O,5.688246138944246,1,
C[C@@H](c1ccc(-c2nnc(C(F)F)o2)cc1)n1cc(-c2ccc(N)nc2)nn1,6.423658649794207,1,
C[C@@H](c1ccc(-c2nnc(C(F)F)o2)cc1)n1cc(-c2cccc(NC(=O)N3CCOCC3)c2)nn1,7.3979400086720375,1,
C[C@@H](c1ccc(-c2nnc(C(F)F)o2)cn1)n1cc(-c2ccc(N)nc2)nn1,7.086186147616283,1,
C[C@@H](c1ccccc1)n1c(-c2cccc(/C=C/C(=O)NO)c2)nc2ccccc21,7.200659450546418,1,
C[C@@H]1CC(=O)N(Cc2ncc(-c3nnc(C(F)F)o3)s2)c2cnccc21,7.050609993355086,3,0.0
C[C@@H]1CC[C@H]2[C@@H](C)C(OCC(=O)NO)C[C@@H]3O[C@]4(C)CC[C@@H]1[C@]32OO4,6.7281583934635005,1,
C[C@@H]1CC[C@H]2[C@@H](C)C(SCCC(=O)NO)C[C@@H]3O[C@]4(C)CC[C@@H]1[C@]32OO4,7.346787486224656,1,
C[C@@H]1CCc2ccncc2N(Cc2ncc(-c3nnc(C(F)F)o3)s2)C1=O,5.847711655616944,3,0.0
C[C@@H]1CN(C(=O)Nc2ccc(-c3nc(N4CCOCC4)c4cnn(CCCCCCC(=O)NO)c4n3)cc2)CCO1,8.744727494896694,2,0.0
C[C@@H]1CN(CCS(=O)(=O)N(Cc2ncc(-c3nnc(C(F)F)o3)s2)c2cccnc2)CCO1,7.568636235841012,3,0.0
C[C@@H]1CN(CCS(=O)(=O)N(Cc2ncc(-c3nnc(C(F)F)o3)s2)c2cncc(Cl)c2)CCO1,7.327902142064282,3,0.0
C[C@@H]1CN(CCS(=O)(=O)N(Cc2ncc(-c3nnc(C(F)F)o3)s2)c2cncc(F)c2)CCO1,7.4685210829577455,3,0.0
C[C@@H]1CN(Cc2ccc(-c3ccc(-c4nc5ccc(C(=O)NO)cc5[nH]4)cc3)cc2)C[C@H](C)O1,7.886056647693163,1,
C[C@@H]1CN(Cc2ccc(-c3nc4cc(C(=O)NO)ccc4o3)cc2)C[C@H](C)O1,7.136677139879544,1,
C[C@@H]1CN(Cc2ccc(C(=O)NO)cc2)C[C@H](C)N1Cc1cccc(Cl)c1,7.3872161432802645,1,
C[C@@H]1CN(Cc2ccc(C(=O)NO)cc2)C[C@H]1c1nc2c(cnn2C2CCCC2)c(=O)[nH]1,7.255498746552955,3,0.24671550308448686
C[C@@H]1CN(Cc2ccc(C(=O)NO)cc2)C[C@H]1c1nc2c(cnn2C2CCOCC2)c(=O)[nH]1,7.3979400086720375,1,
C[C@@H]1CN(Cc2ccc(CC(=O)CNO)cc2)C[C@H]1c1nc2c(cnn2C2CCOCC2)c(=O)[nH]1,6.29413628771608,1,
C[C@@H]1CN(Cc2cccc(-c3nc4cc(C(=O)NO)ccc4o3)c2)C[C@H](C)O1,7.275724130399211,1,
C[C@@H]1CN(S(=O)(=O)N(Cc2ccc(-c3nnc(C(F)F)o3)cc2)c2cccnc2)C[C@H](C)N1C,4.2576441366822255,1,
C[C@@H]1CN(c2ccc(-c3nnn(Cc4ccc(-c5nnc(C(F)F)o5)cc4)n3)cn2)CCN1,7.130768280269024,1,
C[C@@H]1CN(c2ncc(C(=O)NCCCCCCC(=O)NO)cn2)C[C@H](C)O1,7.654901959985743,2,0.7071067811865476
C[C@@H]1COc2cc(-c3noc(C(F)(F)F)n3)cc(F)c2CN1C(=O)C(C)(C)N,5.560667306169737,1,
C[C@@H]1COc2cc(-c3noc(C(F)(F)F)n3)cc(F)c2CN1C(=O)C1(C#N)CC1,6.455931955649724,1,
C[C@@H]1COc2cc(-c3noc(C(F)(F)F)n3)cc(F)c2CN1C(=O)C1(C#N)CCN(C)CC1,5.560667306169737,1,
C[C@@H]1COc2cc(-c3noc(C(F)(F)F)n3)cc(F)c2CN1C(=O)C1(C)CCNCC1,5.560667306169737,1,
C[C@@H]1COc2cc(-c3noc(C(F)(F)F)n3)cc(F)c2CN1C(=O)C1(F)CCN(C)CC1,5.560667306169737,1,
C[C@@H]1COc2cc(-c3noc(C(F)(F)F)n3)cc(F)c2CN1C(=O)C12CCN(CC1)CC2,6.455931955649724,1,
C[C@@H]1COc2cc(-c3noc(C(F)(F)F)n3)cc(F)c2CN1C(=O)C1CN(C)C1,5.560667306169737,1,
C[C@@H]1COc2cc(-c3noc(C(F)(F)F)n3)cc(F)c2CN1C(=O)C1CS(=O)(=O)C1,6.455931955649724,1,
C[C@@H]1COc2cc(-c3noc(C(F)(F)F)n3)cc(F)c2CN1C(=O)CC#N,6.455931955649724,1,
C[C@@H]1COc2cc(-c3noc(C(F)(F)F)n3)cc(F)c2CN1C(=O)CCN,5.560667306169737,1,
C[C@@H]1COc2cc(-c3noc(C(F)(F)F)n3)cc(F)c2CN1C(=O)[C@@H]1CCCO1,6.455931955649724,1,
C[C@@H]1COc2cc(-c3noc(C(F)(F)F)n3)cc(F)c2CN1C(=O)[C@@H]1CCN(C)C1,5.560667306169737,1,
C[C@@H]1COc2cc(-c3noc(C(F)(F)F)n3)cc(F)c2CN1C(=O)[C@H]1CCN(C)C1,5.560667306169737,1,
C[C@@H]1COc2cc(-c3noc(C(F)(F)F)n3)cc(F)c2CN1C(=O)c1ccc(N2CCOCC2)nc1,6.455931955649724,1,
C[C@@H]1COc2cc(-c3noc(C(F)(F)F)n3)cc(F)c2CN1C(=O)c1ccoc1,6.455931955649724,1,
C[C@@H]1COc2cc(-c3noc(C(F)(F)F)n3)cc(F)c2CN1C(=O)c1cnn2ccccc12,6.455931955649724,1,
C[C@@H]1COc2cc(-c3noc(C(F)(F)F)n3)cc(F)c2CN1C(=O)c1csnn1,6.455931955649724,1,
C[C@@H]1Cc2ccncc2N(Cc2ncc(-c3nnc(C(F)F)o3)s2)C1=O,7.387216143280265,3,0.0
C[C@@H]1N=C(c2ccccc2)c2cc(C#CCCCC(=O)NO)ccc2NC1=O,6.402881625638085,2,0.09282821076827236
C[C@@H]1N=C(c2ccccc2)c2ccccc2N(CCCCC(=O)NO)C1=O,5.530177984021837,1,
C[C@@H]1NC(=O)C(C)(C)NC(=O)[C@H](CCCCCSSc2ccccn2)NC(=O)[C@H]2CCCN2C1=O,6.366531544420413,1,
C[C@@H]1NC(=O)[C@@H](C)NC(=O)[C@H](CCCCCC(=O)[C@@H]2CO2)NC(=O)[C@H]2CCCN2C1=O,7.522878745280337,1,
C[C@@H]1NC(=O)[C@H](CCCCCC(=O)[C@@H]2CO2)NC(=O)[C@H]2CCCN2C(=O)[C@H](Cc2ccccc2)NC1=O,8.193820026016112,1,
C[C@@H]1NC(=O)[C@H]2CCCN2C(=O)[C@H](CCCCCC(=O)[C@@H]2CO2)NC(=O)[C@@H](C)NC1=O,6.366531544420413,1,
C[C@@](O)(c1ccc(F)cc1)c1ccc(C(=O)NCCCCCCC(=O)NO)cc1,7.977338510606671,2,0.7715103986956997
C[C@@]1(C(=O)N2Cc3ccc(-c4noc(C(F)(F)F)n4)cc3OC[C@H]2c2ccccc2)CCOC1,6.455931955649724,1,
C[C@@]1(Nc2ccc(C(=O)NO)cc2)CCN(c2ccc(Cl)cc2)C1=O,6.585026652029182,1,
C[C@@]12Nc3ccccc3[C@]1(O)CCN2Cc1ccc(/C=C/C(=O)NO)cc1,7.207608310501746,1,
C[C@@]12Nc3ccccc3[C@]1(O)CCN2Cc1ccc(/C=C/C(N)=O)cc1,5.958607314841775,1,
C[C@H](CN(C)C)NC(=O)c1ccc(-c2noc(C(F)(F)F)n2)cc1F,5.327902142064282,1,
C[C@H](CN(C)Cc1ccccc1)NC(=O)c1ccc(-c2noc(C(F)(F)F)n2)cc1,5.638272163982407,1,
C[C@H](CN1CCCC1)NC(=O)c1ccc(-c2noc(C(F)(F)F)n2)cc1,5.040958607678906,1,
C[C@H](CN1CCCC1)NC(=O)c1ccc(-c2noc(C(F)(F)F)n2)cc1F,5.346787486224656,1,
C[C@H](CN1CCCCC1)NC(=O)c1ccc(-c2noc(C(F)(F)F)n2)cc1,5.1249387366083,1,
C[C@H](CN1CCCCC1)NC(=O)c1ccc(-c2noc(C(F)(F)F)n2)cc1F,5.522878745280337,1,
C[C@H](CN1CCC[C@@H]1C)NC(=O)c1ccc(-c2noc(C(F)(F)F)n2)cc1,4.657577319177793,1,
C[C@H](CN1CCOCC1)NC(=O)c1ccc(-c2noc(C(F)(F)F)n2)cc1,5.173925197299173,1,
C[C@H](CN1CCOCC1)NC(=O)c1ccc(-c2noc(C(F)(F)F)n2)cc1F,5.494850021680094,1,
C[C@H](CO)NC(=O)c1ccc(-c2noc(C(F)(F)F)n2)cc1,5.113509274827518,1,
C[C@H](C[C@@H](C)C(=O)c1ccc(N(C)C)cc1)C(=O)O,4.401537799525849,1,
C[C@H](F)c1cncc(N(Cc2ncc(-c3nnc(C(F)F)o3)s2)S(C)(=O)=O)c1,7.920818753952375,3,0.0
C[C@H](NC(=O)CO)c1ccc(C(=O)CSc2nc(C(F)(F)F)nc3c2cnn3C)s1,6.522878745280337,1,
C[C@H](NC(=O)[C@H](CC(=O)NC(C)(C)C)NC(=O)c1ccc(C(=O)NO)cc1)C(=O)NCc1ccccc1,6.568636235841012,1,
C[C@H](NC(=O)[C@H](CC(=O)NCC(C)(C)C)NC(=O)CCC(=O)Nc1ccc(C(=O)NO)cc1)C(=O)NCc1ccc(F)cc1F,6.2839966563652006,1,
C[C@H](NC(=O)[C@H](CC(=O)NCC(C)(C)C)NC(=O)CCCCCCC(=O)NO)C(=O)NCc1ccc(F)cc1F,6.482804102050025,1,
C[C@H](NC(=O)[C@H](CC(=O)NCC(C)(C)C)NC(=O)c1c[nH]c2ccccc12)C(=O)NCc1ccc(F)cc1F,5.943095148663527,1,
C[C@H](NC(=O)[C@H](CC(=O)NCC(C)(C)C)NC(=O)c1ccc(/C=C/C(=O)NO)cc1)C(=O)NCc1ccc(F)cc1F,8.585026652029182,1,
C[C@H](NC(=O)[C@H](CC(=O)NCC(C)(C)C)NC(=O)c1ccc(C(=O)NO)cc1)C(=O)NCc1ccc(F)cc1F,5.899629454882437,1,
C[C@H](NC(=O)[C@H](CC(=O)NCC(C)(C)C)NC(=O)c1ccc(C(=O)NO)cc1)C(=O)NCc1ccccc1,6.568636235841012,2,0.0
C[C@H](NC(=O)c1ccc(C(=O)C(F)(F)F)s1)c1ccccc1,6.72649005049216,3,0.08436706073498204
C[C@H](NC(=O)c1nc(-c2nc3c(s2)CCCC3)sc1C1CC1)c1ccc(C(=O)NO)cc1,7.7447274948966935,1,
C[C@H](NC(=O)c1nc(-c2ncc(-c3ccc(F)cc3)s2)sc1C1CC1)c1ccc(C(=O)NO)cc1,8.698970004336019,1,
C[C@H](NC(=O)c1nc(-c2ncc(-c3ccccc3)s2)sc1C1CC1)c1ccc(C(=O)NO)cc1,8.747425010840047,2,0.0685257273628731
C[C@H](NC(=O)c1nc(-c2nccs2)sc1C1CC1)c1ccc(C(=O)NO)cc1,7.853871964321762,1,
C[C@H](NCc1ccccc1)c1nc2cc(C(=O)NO)ccc2n1C,8.036212172654444,1,
C[C@H](NS(=O)(=O)c1cccc(C(=O)NO)c1)C(=O)Nc1ccccc1,4.557520230935552,1,
C[C@H](Nc1cnc(-c2noc(C(F)(F)F)n2)nc1)c1ccccc1,5.721246399047171,1,
C[C@H](Nc1nc(N)nc(N)c1C#N)c1nc2cccc(CNC(=O)c3ccc(C(=O)NO)cc3)c2c(=O)n1-c1ccccc1,7.795880017344075,1,
C[C@H](Nc1nc(N)nc(N)c1C#N)c1nc2cccc(CNc3ncc(C(=O)NO)cn3)c2c(=O)n1-c1ccccc1,8.522878745280337,1,
C[C@H](Nc1nc(N)nc(N)c1C#N)c1nc2cccc(Cl)c2c(=O)n1Cc1ccc(C(=O)NO)s1,7.180456064458131,1,
C[C@H](Nc1nc(N)nc(N)c1C#N)c1nc2cccc(NCc3ccc(C(=O)NO)cc3)c2c(=O)n1-c1ccccc1,8.221848749616356,1,
C[C@H](Nc1ncc(-c2nnc(C(F)F)o2)cn1)c1c(F)cccc1F,7.522878745280337,1,
C[C@H](Nc1ncc(-c2nnc(C(F)F)o2)cn1)c1ccc(F)cc1,7.6777807052660805,1,
C[C@H](Nc1ncc(C(=O)NO)cc1F)C1CC1,8.34008379993015,2,0.0
C[C@H](Nc1ncc(C(=O)NO)cc1F)C1CCCCC1,8.101823516502323,2,0.0
C[C@H](Nc1ncc(C(=O)NO)cc1F)c1ccccc1,8.384049948343598,1,
C[C@H](Nc1ncc(C(=O)NO)cn1)c1ccccc1,7.576522337490088,2,0.20467073065574554
C[C@H](O)C(=O)CCCCCCC(=O)Nc1ccccc1,4.112945621949043,1,
C[C@H](O)C(=O)CCCCC[C@@H]1NC(=O)[C@H]2CCCN2C(=O)[C@H](Cc2ccccc2)NC(=O)[C@H](Cc2c[nH]c3ccccc23)NC1=O,5.026872146400301,1,
C[C@H](c1ccc(-c2nnc(C(F)F)o2)cc1)n1cc(-c2ccc(N)nc2)nn1,7.3872161432802645,1,
C[C@H](c1ccc(-c2nnc(C(F)F)o2)cn1)n1cc(-c2ccc(N)nc2)nn1,7.853871964321762,1,
C[C@H](c1ccccc1)n1c(-c2cccc(/C=C/C(=O)NO)c2)nc2ccccc21,7.3979400086720375,1,
C[C@H]1C=C2C=C[C@H](C)[C@H](CC[C@@H]3C[C@@H](O[Si](C)(C)C(C)(C)C)CC(=O)O3)[C@H]2[C@@H](OC(=O)NCCCCCCC(=O)NO)C1,6.853871964321762,2,0.0
C[C@H]1C=C2C=C[C@H](C)[C@H](CC[C@@H]3C[C@@H](O[Si](C)(C)C(C)(C)C)CC(=O)O3)[C@H]2[C@@H](OC(=O)NCc2ccc(-c3cn(CCCCCCC(=O)NO)nn3)cc2)C1,7.468521082957745,2,0.0
C[C@H]1C=C2C=C[C@H](C)[C@H](CC[C@@H]3C[C@@H](O[Si](C)(C)C(C)(C)C)CC(=O)O3)[C@H]2[C@@H](OC(=O)Nc2ccc(-c3cn(CCCCCCC(=O)NO)nn3)cc2)C1,6.896196279044043,2,0.0
C[C@H]1CC(=O)N(Cc2ncc(-c3nnc(C(F)F)o3)s2)c2cnccc21,7.4685210829577455,3,0.0
C[C@H]1CCc2ccncc2N(Cc2ncc(-c3nnc(C(F)F)o3)s2)C1=O,7.4089353929735005,3,0.0
C[C@H]1CN(CCS(=O)(=O)N(Cc2ncc(-c3nnc(C(F)F)o3)s2)c2cccnc2)CCO1,7.443697499232712,3,0.0
C[C@H]1CN(CCS(=O)(=O)N(Cc2ncc(-c3nnc(C(F)F)o3)s2)c2cncc(Cl)c2)CCO1,7.886056647693163,3,0.0
C[C@H]1CN(CCS(=O)(=O)N(Cc2ncc(-c3nnc(C(F)F)o3)s2)c2cncc(F)c2)CCO1,7.6020599913279625,3,0.0
C[C@H]1CN(Cc2ccc(/C=C/C(=O)NO)cc2)C[C@@H]1c1nc2c(cnn2C2CCOCC2)c(=O)[nH]1,6.29413628771608,1,
C[C@H]1CN(Cc2ccc(C(=O)NO)cc2)C[C@@H]1c1nc2c(cnn2C2CCCC2)c(=O)[nH]1,7.3979400086720375,1,
C[C@H]1CN(c2ccc(-c3nnn(Cc4ccc(-c5nnc(C(F)F)o5)cc4)n3)cn2)CCN1,7.036212172654444,1,
C[C@H]1COc2c(N3CCN(C)CC3)c(F)cc3c(=O)c(C(=O)NCC4CN(CC(=O)NO)N=N4)cn1c23,7.6777807052660805,1,
C[C@H]1COc2c(N3CCN(C)CC3)c(F)cc3c(=O)c(C(=O)NCC4CN(CCCCCCC(=O)NO)N=N4)cn1c23,7.6777807052660805,1,
C[C@H]1COc2c(N3CCN(C)CC3)c(F)cc3c(=O)c(C(=O)NCc4cn(CCCCCC(=O)NO)nn4)cn1c23,7.493792312618783,2,0.2601988802010339
C[C@H]1COc2c(N3CCN(C)CC3)c(F)cc3c(=O)c(C(=O)NCc4cn(CCCCCCC(=O)NO)nn4)cn1c23,7.6777807052660805,4,0.0
C[C@H]1COc2c(N3CCN(C)CC3)c(F)cc3c(=O)c(C(=O)NCc4cn(CCCCCCCC(=O)NO)nn4)cn1c23,7.5324984242731725,2,0.20546017215266937
C[C@H]1COc2c(N3CCN(C)CC3)c(F)cc3c(=O)c(C(=O)OCc4cn(CCCCCC(=O)NO)nn4)cn1c23,7.522156124843248,2,0.22008639227259305
C[C@H]1COc2c(N3CCN(C)CC3)c(F)cc3c(=O)c(C(=O)OCc4cn(CCCCCCC(=O)NO)nn4)cn1c23,7.600329725273209,2,0.10953222632500617
C[C@H]1COc2c(N3CCN(C)CC3)c(F)cc3c(=O)c(C(=O)OCc4cn(CCCCCCCC(=O)NO)nn4)cn1c23,7.4808886808156405,2,0.27844737130090724
C[C@H]1COc2cc(-c3noc(C(F)(F)F)n3)cc(F)c2CN1C(=O)CCN(C)C,6.455931955649724,1,
C[C@H]1COc2cc(-c3noc(C(F)(F)F)n3)cc(F)c2CN1C(=O)CN(C)C,6.455931955649724,1,
C[C@H]1COc2cc(-c3noc(C(F)(F)F)n3)cc(F)c2CN1C(=O)CO,6.455931955649724,1,
C[C@H]1COc2cc(-c3noc(C(F)(F)F)n3)cc(F)c2CN1C(=O)OC(C)(C)C,6.455931955649724,1,
C[C@H]1COc2cc(-c3noc(C(F)(F)F)n3)cc(F)c2CN1C(=O)c1ccccc1,6.455931955649724,1,
C[C@H]1COc2cc(-c3noc(C(F)(F)F)n3)cc(F)c2CN1C(=O)c1cccnc1,6.455931955649724,1,
C[C@H]1COc2cc(-c3noc(C(F)(F)F)n3)cc(F)c2CN1C(=O)c1ccncc1,6.455931955649724,1,
C[C@H]1COc2cc(-c3noc(C(F)(F)F)n3)ccc2CN1C,6.455931955649724,1,
C[C@H]1COc2cc(-c3noc(C(F)(F)F)n3)ccc2CN1CC(F)(F)F,5.560667306169737,1,
C[C@H]1COc2cc(-c3noc(C(F)(F)F)n3)ccc2CN1S(=O)(=O)C(C)(C)C,6.455931955649724,1,
C[C@H]1COc2cc(-c3noc(C(F)(F)F)n3)ccc2CN1S(C)(=O)=O,6.455931955649724,1,
C[C@H]1COc2cc(-c3noc(C(F)(F)F)n3)cnc2CN1C(=O)C(C)(C)C,5.560667306169737,1,
C[C@H]1COc2cc(-c3noc(C(F)(F)F)n3)cnc2CN1C(=O)C1(C)CCOCC1,6.455931955649724,1,
C[C@H]1Cc2ccncc2N(Cc2ncc(-c3nnc(C(F)F)o3)s2)C1=O,7.4685210829577455,3,0.0
C[C@H]1Sc2ccc(C(=O)NO)cc2NC1=O,5.443697499232712,2,0.0
C[C@H]1[C@H](C)CC[C@]2(C)CC[C@]3(C)C(=CC(=O)[C@@H]4[C@@]5(C)CC[C@@H](O)[C@](C)(NC(=O)CCCC(=O)NO)[C@@H]5CC[C@]43C)[C@H]12,5.221848749616356,1,
C[C@H]1[C@H](C)CC[C@]2(C)CC[C@]3(C)C(=CC(=O)[C@@H]4[C@@]5(C)CC[C@@H](O)[C@](C)(NC(=O)CCCCC(=O)NO)[C@@H]5CC[C@]43C)[C@H]12,4.376750709602099,1,
C[C@H]1[C@H](C)CC[C@]2(C)CC[C@]3(C)C(=CC(=O)[C@@H]4[C@@]5(C)CC[C@@H](O)[C@](C)(NC(=O)CCCCCCCC(=O)NO)[C@@H]5CC[C@]43C)[C@H]12,4.318758762624412,1,
C[C@H]1[C@H](C)CC[C@]2(C)CC[C@]3(C)C(=CC[C@@H]4[C@@]5(C)CC[C@@H](O)[C@](C)(NC(=O)CCCC(=O)NO)[C@@H]5CC[C@]43C)[C@H]12,4.468521082957745,1,
C[C@H]1[C@H](C)CC[C@]2(C)CC[C@]3(C)C(=CC[C@@H]4[C@@]5(C)CC[C@@H](O)[C@](C)(NC(=O)CCCCCCC(=O)NO)[C@@H]5CC[C@]43C)[C@H]12,4.522878745280337,1,
C[C@](O)(c1ccc(F)cc1)c1ccc(C(=O)NCCCCCCC(=O)NO)cc1,8.022878745280337,2,0.7071067811865476
C[C@]1(C(=O)N2Cc3ccc(-c4noc(C(F)(F)F)n4)cc3OC[C@@H]2c2ccccc2)CCCOC1,5.560667306169737,1,
C[C@]1(Nc2ccc(C(=O)NO)cc2)CCN(c2ccc(Cl)cc2)C1=O,7.769551078621726,1,
C[C@]12CC3CC(NCc4ccc(C(=O)NO)cn4)(C1)C[C@@](C)(C3)C2,6.270025714300445,1,
C[C@]12CC[C@@H]3c4ccc(O)cc4CC[C@H]3[C@@H]1CC[C@@]2(O)c1cn(CCCC(=O)NO)nn1,8.096910013008056,1,
C[C@]12CC[C@@H]3c4ccc(O)cc4CC[C@H]3[C@@H]1CC[C@@]2(O)c1cn(CCCCC(=O)NO)nn1,7.475390988664909,2,0.8789606334989726
C[C@]12CC[C@@H]3c4ccc(O)cc4CC[C@H]3[C@@H]1CC[C@@]2(O)c1cn(CCCCCC(=O)NO)nn1,7.494850021680094,1,
C[C@]12CC[C@@H]3c4ccc(O)cc4CC[C@H]3[C@@H]1CC[C@@]2(O)c1cn(CCCCCCC(=O)NO)nn1,7.690453334686628,2,0.27662485809895093
C[C@]12CC[C@@H]3c4ccc(O)cc4CC[C@H]3[C@@H]1CC[C@@]2(O)c1cn(CCCCCCCC(=O)NO)nn1,6.886056647693163,2,1.4142135623730951
C[C@]12CC[C@@H]3c4ccc(O)cc4C[C@@H](CCCCCCCCCCC(=O)NO)[C@H]3[C@@H]1CC[C@@H]2O,5.939302159646388,1,
C[C@]12CC[C@H](OC(=O)CCCCCC(=O)NO)CC1=CCC1C2CC[C@]2(C)C(c3cccnc3)=CCC12,6.221848749616356,1,
C[S+]([O-])CCCCCCC(=O)Nc1ccccc1,4.318758762624412,1,
C[Si](O)(O)CCCCCCC(=O)Nc1ccccc1,5.483288122256525,2,1.044482455847055
C[Si]1(C)CCC(NCc2ccc(-c3noc(C(F)(F)F)n3)cn2)CC1,7.468521082957745,1,
Cc1[nH]c(C(=O)Nc2cc(S(=O)(=O)N3CCOCC3)ccc2OCCCCCCCC(=O)NO)c2c1C(=O)CCCC2,7.173925197299173,1,
Cc1[nH]c2cc(O)ccc2c1CCNCc1ccc(/C=C/C(N)=O)cc1,5.309803919971486,1,
Cc1[nH]c2ccccc2c1-c1nc2cc(C(=O)NO)ccc2o1,7.568636235841012,1,
Cc1[nH]c2ccccc2c1/C=C/c1ccccc1-c1ccc(/C=C/C(=O)NO)cc1,5.672576255653477,3,0.42386044689424895
Cc1[nH]c2ccccc2c1C1=CCC(NCc2ccc(OCC(=O)NO)cc2F)CC1,7.886056647693163,1,
Cc1[nH]c2ccccc2c1CC(=O)NOCc1ccc(/C=C/C(=O)NO)cc1,5.7637680516965055,2,0.26447762998326435
Cc1[nH]c2ccccc2c1CCN(C(C)C)S(=O)(=O)c1ccc(/C=C/C(=O)NO)cc1,8.036212172654444,1,
Cc1[nH]c2ccccc2c1CCN(C)S(=O)(=O)c1ccc(/C=C/C(=O)NO)cc1,7.327902142064282,1,
Cc1[nH]c2ccccc2c1CCNCc1ccc(/C=C/C(=O)NO)cc1,7.871477024156652,32,0.790615351680173
Cc1[nH]c2ccccc2c1CCNCc1ccc(/C=C/CNO)cc1.Cl,8.1249387366083,1,
Cc1[nH]c2ccccc2c1CCNCc1cccc(C=CC(=O)NO)c1,7.853871964321762,1,
Cc1[nH]c2ccccc2c1CCNS(=O)(=O)c1ccc(/C=C/C(=O)NO)cc1,8.422635896279921,2,0.18413919346010113
Cc1[nH]c2ccccc2c1CCNS(=O)(=O)c1ccc(C(=O)NO)cc1,6.1123826996642645,1,
Cc1[nH]c2ccccc2c1CCNS(=O)(=O)c1cccc(/C=C/C(=O)NO)c1,8.102372908709558,1,
Cc1c(-c2ccc(F)cc2)n[nH]c1C(=O)NCCCCCCS,5.356547323513812,1,
Cc1c(-c2ccc(F)cc2)nn(CCCO)c1C(=O)NCCCCCCS,5.301029995663981,1,
Cc1c(-c2ccccc2)nc(-c2cccc(/C=C/C(=O)NO)c2)n1CCN1CCOCC1,7.200659450546418,1,
Cc1c(-c2ccccc2)nc(-c2cccc(/C=C/C(=O)NO)c2)n1CCc1ccccc1,7.200659450546418,1,
Cc1c(-c2ccccc2)nc(-c2cccc(/C=C/C(=O)NO)c2)n1[C@@H]1CCCN(C(C)C)C1,7.102372908709558,1,
Cc1c(-c2ccccc2)nc(-c2cccc(/C=C/C(=O)NO)c2)n1[C@@H]1CCCN(C)C1,7.200659450546418,1,
Cc1c(-c2ccccc2)nnn1Cc1ccc(-c2nnc(C(F)F)o2)cc1,6.436518914605589,1,
Cc1c(C)c(S(=O)(=O)NC(=N)NCCC[C@@H]2N=C(c3ccccc3)c3ccccc3N(CCCCC(=O)NO)C2=O)c(C)c2c1OC(C)(C)C2,4.791289980093599,1,
Cc1c(C)n(Cc2ccc(C(=O)NO)cc2)c2ccccc12,7.942094929295107,2,0.6324998140514532
Cc1c(CCNS(=O)(=O)c2ccc(/C=C/C(=O)NO)cc2)c2ccccc2n1C,8.481486060122112,1,
Cc1c(CN(C)C)c2ccccc2n1-c1ccc(C(=O)NO)cc1,8.886056647693163,1,
Cc1c(CN(C)C)c2ccccc2n1Cc1ccc(/C=C/C(=O)NO)cc1,7.017728766960431,1,
Cc1c(CN(C)C)c2ccccc2n1Cc1ccc(C(=O)NO)cc1,8.207608310501746,1,
Cc1c(CN(C)C)c2ccccc2n1S(=O)(=O)c1ccc(/C=C/C(=O)NO)cc1,7.200659450546418,1,
Cc1c(CN(C)C)c2ccccc2n1S(=O)(=O)c1cccc(/C=C/C(=O)NO)c1,7.070581074285707,1,
Cc1c(CN)c2ccccc2n1-c1ccc(C(=O)NO)cc1,8.829777942579941,2,0.008300304553399756
Cc1c(CN)c2ccccc2n1Cc1ccc(C(=O)NO)cc1,8.835647144215564,1,
Cc1c(COc2ccc(CN(C)CCCC(=O)NO)c(F)c2)cccc1-c1ccccc1,5.6968039425795105,1,
Cc1c(COc2ccc(CN(C)CCCC(=O)NO)c(OCc3cccc(C#N)c3)c2)cccc1-c1ccccc1,5.510041520575165,1,
Cc1c(COc2ccc(CN(C)CCCCC(=O)NO)c(F)c2)cccc1-c1ccccc1,6.026872146400301,1,
Cc1c(COc2ccc(CN(C)CCCCC(=O)NO)c(OCc3cccc(C#N)c3)c2)cccc1-c1ccccc1,5.769551078621726,1,
Cc1c(COc2ccc(CNCCC(=O)NO)c(F)c2)cccc1-c1ccccc1,5.449771646944906,2,0.0
Cc1c(COc2ccc(CNCCC(=O)NO)c(OCc3cccc(C#N)c3)c2)cccc1-c1ccccc1,5.07727454200674,2,0.0
Cc1c(COc2ccc(CNCCCCCC(=O)NO)c(F)c2)cccc1-c1ccc2c(c1)OCCO2,6.327902142064282,1,
Cc1c(COc2ccc(CNCCCCCC(=O)NO)c(F)c2)cccc1-c1ccccc1,6.443697499232712,2,0.0
Cc1c(COc2ccc(CNCCCCCC(=O)NO)c(OCc3cccc(C#N)c3)c2)cccc1-c1ccccc1,5.806875401645538,1,
Cc1c(COc2ccc(CNCCCCCCC(=O)NO)c(F)c2)cccc1-c1ccc2c(c1)OCCO2,6.366531544420413,1,
Cc1c(COc2ccc(CNCCCCCCC(=O)NO)c(F)c2)cccc1-c1ccccc1,7.318758762624412,4,0.0
Cc1c(COc2ccc(CNCCCCCCC(=O)NO)c(OCc3cccc(C#N)c3)c2)cccc1-c1ccccc1,6.481486060122112,1,
Cc1c(Cc2ccccc2)nc(-c2cccc(/C=C/C(=O)NO)c2)n1CCN1CCOCC1,7.102372908709558,1,
Cc1c(Cc2ccccc2)nc(-c2cccc(/C=C/C(=O)NO)c2)n1CCc1ccccc1,7.200659450546418,1,
Cc1c(Cc2ccccc2)nc(-c2cccc(/C=C/C(=O)NO)c2)n1[C@@H]1CCCN(C)C1,7.200659450546418,1,
Cc1c(F)c(N)cc(C(=O)Nc2cc(-c3ccc(C(=O)NCCCC(=O)NO)cc3)ccc2N2CCN(C)CC2)c1Cl,9.25649023527157,1,
Cc1c(F)c(N)cc(C(=O)Nc2cc(-c3ccc(C(=O)NCCCCC(=O)NO)cc3)ccc2N2CCN(C)CC2)c1Cl,9.54515513999149,1,
Cc1c(F)c(N)cc(C(=O)Nc2cc(-c3ccc(C(=O)NCCCCCC(=O)NO)cc3)ccc2N2CCN(C)CC2)c1Cl,10.55284196865778,1,
Cc1c(F)c(N)cc(C(=O)Nc2cc(-c3ccc(C(=O)NCCCCCCC(=O)NO)cc3)ccc2N2CCN(C)CC2)c1Cl,10.853871964321762,1,
Cc1c(F)c(N)cc(C(=O)Nc2cc(-c3ccc(C(=O)NCCCCCCCC(=O)NO)cc3)ccc2N2CCN(C)CC2)c1Cl,10.769551078621726,1,
Cc1c(F)c(N)cc(C(=O)Nc2cc(-c3ccc(C(=O)NCc4ccc(/C=C/C(=O)NO)cc4)cc3)ccc2N2CCN(C)CC2)c1Cl,10.337242168318426,1,
Cc1c(F)c(N)cc(C(=O)Nc2cc(-c3ccc(NC(=O)CCCC(=O)NO)cc3)ccc2N2CCN(C)CC2)c1Cl,9.87942606879415,1,
Cc1c(F)c(N)cc(C(=O)Nc2cc(-c3ccc(NC(=O)CCCCC(=O)NO)cc3)ccc2N2CCN(C)CC2)c1Cl,10.045757490560675,1,
Cc1c(F)c(N)cc(C(=O)Nc2cc(-c3ccc(NC(=O)CCCCCC(=O)NO)cc3)ccc2N2CCN(C)CC2)c1Cl,10.795880017344075,1,
Cc1c(F)c(N)cc(C(=O)Nc2cc(-c3ccc(NC(=O)CCCCCCC(=O)NO)cc3)ccc2N2CCN(C)CC2)c1Cl,11.045757490560675,1,
Cc1c(F)c(N)cc(C(=O)Nc2cc(-c3ccc(NC(=O)CCCCCCCC(=O)NO)cc3)ccc2N2CCN(C)CC2)c1Cl,10.769551078621726,1,
Cc1c(F)c(N)cc(C(=O)Nc2cc(-c3ccc(NC(=O)CCc4ccc(/C=C/C(=O)NO)cc4)cc3)ccc2N2CCN(C)CC2)c1Cl,9.804100347590767,1,
Cc1c(F)c(N)cc(C(=O)Nc2cc(-c3ccc(NC(=O)Cc4ccc(/C=C/C(=O)NO)cc4)cc3)ccc2N2CCN(C)CC2)c1Cl,9.804100347590767,1,
Cc1c(F)c(N)cc(C(=O)Nc2cc(-c3ccc(NC(=O)Cc4ccc(C(=O)NO)cc4)cc3)ccc2N2CCN(C)CC2)c1Cl,10.823908740944319,1,
Cc1c(F)c(N)cc(C(=O)Nc2cc(-c3ccc(NC(=O)c4ccc(/C=C/C(=O)NO)cc4)cc3)ccc2N2CCN(C)CC2)c1Cl,8.920818753952375,1,
Cc1c(F)c(N)cc(C(=O)Nc2cc(-c3ccc(NC(=O)c4ccc(CC(=O)NO)cc4)cc3)ccc2N2CCN(C)CC2)c1Cl,9.709965388637482,1,
Cc1c(F)cc(C(=O)NO)cc1F,7.568636235841012,1,
Cc1c(N)cccc1-c1cn(CCCCCCC(=O)NO)c2ccc(C#N)cc12,8.537602002101044,1,
Cc1c(NC(=O)CN2C(=O)S/C(=C\c3ccc(Br)cc3)C2=O)c(=O)n(-c2ccccc2)n1C,5.787013815263332,1,
Cc1c(NC(=O)NCCN2C(=O)S/C(=C\c3ccc([N+](=O)[O-])cc3)C2=O)c(=O)n(-c2ccccc2)n1C,6.84163750790475,1,
Cc1c2c(c(C(=O)Nc3cc(S(=O)(=O)N4CCOCC4)ccc3OCCCCCCCC(=O)NO)n1C)CCCCC2=O,6.494850021680094,1,
Cc1c2c(n(Cc3ccc(C(=O)NO)cc3)c1C)CC(C)(C)CC2=O,7.958607314841775,1,
Cc1c2c(n(Cc3ccc(C(=O)NO)cc3)c1C)CCCC2=O,8.397940008672037,1,
Cc1c2ccc(N(C)c3ccnc(Nc4ccc(/C=C/C(=O)NO)cc4)n3)cc2nn1C,5.9205173698082945,2,0.09425083630890906
Cc1c2ccc(N(C)c3ccnc(Nc4ccc(C(=O)NCCCC(=O)NO)cc4)n3)cc2nn1C,4.703334809738469,1,
Cc1c2ccc(N(C)c3ccnc(Nc4ccc(C(=O)NCCCC(=O)Nc5ccccc5N)cc4)n3)cc2nn1C,4.721246399047171,1,
Cc1c2ccc(N(C)c3ccnc(Nc4ccc(C(=O)NCCCCC(=O)NO)cc4)n3)cc2nn1C,6.167491087293763,1,
Cc1c2ccc(N(C)c3ccnc(Nc4ccc(C(=O)NCCCCC(=O)Nc5ccccc5N)cc4)n3)cc2nn1C,4.82102305270683,1,
Cc1c2ccc(N(C)c3ccnc(Nc4ccc(C(=O)NCCCCCC(=O)NO)cc4)n3)cc2nn1C,7.769551078621726,1,
Cc1c2ccc(N(C)c3ccnc(Nc4ccc(C(=O)NCCCCCC(=O)Nc5ccccc5N)cc4)n3)cc2nn1C,5.522878745280337,1,
Cc1c2ccc(N(C)c3ccnc(Nc4ccc(C(=O)NCCCCCCC(=O)NO)cc4)n3)cc2nn1C,7.8120767818454215,2,0.946687680117281
Cc1c2ccc(N(C)c3ccnc(Nc4ccc(C(=O)NCCCCCCC(=O)Nc5ccccc5N)cc4)n3)cc2nn1C,5.301029995663981,1,
Cc1c2ccc(N(C)c3ccnc(Nc4ccc(C(=O)NCCCCCCCC(=O)NO)cc4)n3)cc2nn1C,7.6020599913279625,1,
Cc1c2ccc(N(C)c3ccnc(Nc4ccc(C(=O)NCCCCCCCC(=O)Nc5ccccc5N)cc4)n3)cc2nn1C,5.060480747381382,1,
Cc1c2ccc(N(C)c3ccnc(Nc4ccc(C(=O)NO)cc4)n3)cc2nn1C,4.94692155651658,1,
Cc1c2ccc(N(C)c3ccnc(Nc4ccc(C(=O)Nc5ccccc5N)cc4)n3)cc2nn1C,5.337242168318426,1,
Cc1c2ccc(N(C)c3ccnc(Nc4ccc(NC(=O)CCCCCCC(=O)NO)cc4)n3)cc2nn1C,7.026872146400302,1,
Cc1c2ccc(N(C)c3ccnc(Nc4cccc(/C=C/C(=O)NO)c4)n3)cc2nn1C,5.522878745280337,1,
Cc1c2ccc(N(C)c3ccnc(Nc4cccc(C(=O)NCCCCCC(=O)NO)c4)n3)cc2nn1C,6.7447274948966935,1,
Cc1c2ccc(N(C)c3ccnc(Nc4cccc(C(=O)Nc5ccccc5N)c4)n3)cc2nn1C,4.671620396561262,1,
Cc1c2ccc(Nc3ccnc(Nc4ccc(NC(=O)CCCCCCC(=O)NO)cc4)n3)cc2nn1C,7.026872146400302,1,
Cc1c2ccc(Nc3ccnc(Nc4ccc(OCCCCCCC(=O)NO)cc4)n3)cc2nn1C,7.200659450546418,1,
Cc1c[nH]c(-c2cc(OCc3ccc(-c4nnc(C(F)F)o4)cn3)ccn2)n1,7.301029995663981,1,
Cc1cc(-c2ccc(/C=C3\C(=O)N(c4ccc(C(=O)O)cc4)N=C3C3CC3)s2)c(C(F)(F)F)cc1C,4.600395494310312,1,
Cc1cc(-c2ccc(F)cc2)n(Cc2ccc(C(=O)NO)cc2)n1,6.770454605199706,2,1.3131190703308397
Cc1cc(-c2ccc(F)cc2)nn1Cc1ccc(C(=O)NO)cc1,7.747425010840047,2,0.4942464299119894
Cc1cc(-c2ccc3c(c2)OCO3)n(Cc2ccc(C(=O)NO)cc2)n1,7.619788758288394,2,0.24903064677189865
Cc1cc(-c2ccc3c(c2)OCO3)nn1Cc1ccc(C(=O)NO)cc1,8.198970004336019,2,0.14433462391168503
Cc1cc(-c2nc3sc4c(c3c(=O)[nH]2)CCN(C)C4)cc(C)c1OCCCC(=O)NO,6.6020599913279625,1,
Cc1cc(-c2nc3sc4c(c3c(=O)[nH]2)CCN(C)C4)cc(C)c1OCCCCCC(=O)NO,7.136677139879544,1,
Cc1cc(-c2nc3sc4c(c3c(=O)[nH]2)CCN(C)C4)cc(C)c1OCCOCc1ccc(/C=C/C(=O)NO)cc1,6.798602875679549,1,
Cc1cc(-c2nc3sc4c(c3c(=O)[nH]2)CCN(C)C4)cc(C)c1OCc1ccc(/C=C/C(=O)NO)cc1,6.694648630553376,1,
Cc1cc(-c2nc3sc4c(c3c(=O)[nH]2)CCN(C)C4)cc(C)c1OCc1ccc(C(=O)NO)cc1,6.7258421507363195,1,
Cc1cc(-c2nc3sc4c(c3c(=O)[nH]2)CCN(C)C4)cc(C)c1OCc1cccc(C(=O)NO)c1,6.107905397309519,1,
Cc1cc(-c2nc3sc4c(c3c(=O)[nH]2)CCN(CCCCCC(=O)NO)C4)cc(C)c1O,6.889410289700751,1,
Cc1cc(-c2nnc(Sc3c(F)c(F)c(C(=O)NO)c(F)c3F)n2C)nn1C,5.597394758080085,2,0.0
Cc1cc(-c2nnc(Sc3c(F)cc(C(=O)NO)cc3F)n2C)nn1C,8.221848749616356,2,0.0
Cc1cc(-c2nnc(Sc3ccc(C(=O)NO)c(F)c3)n2C)nn1C,5.650139917807669,2,0.0
Cc1cc(-c2nnc(Sc3ccc(C(=O)NO)cc3)n2C)nn1C,8.301029995663981,2,0.0
Cc1cc(/C=C/C(=O)NO)ccc1/C=C1/C(=O)NCC(=O)N1C,7.327902142064282,1,
Cc1cc(/C=C2/C(=O)NCC(=O)N2C)ccc1/C=C/C(=O)NO,7.920818753952375,1,
Cc1cc(=O)[nH]c(SCC(=O)c2ccc(Cl)cc2)n1,4.889410289700751,1,
Cc1cc(=O)[nH]c(SCC(=O)c2ccc(NC(=O)c3ccccc3)cc2)n1,4.966576244513051,1,
Cc1cc(=O)[nH]c(SCC(=O)c2ccc(O)c(O)c2)n1,4.777283528852417,1,
Cc1cc(=O)[nH]c(SCC(=O)c2ccc(O)cc2)n1,4.396855627379818,1,
Cc1cc(=O)[nH]c(SCC(=O)c2ccc3c(c2)NC(=O)C3)n1,4.486782399932061,1,
Cc1cc(=O)[nH]c(SCC(=O)c2ccccc2)n1,4.863279432843593,1,
Cc1cc(=O)[nH]c(SCC(=O)c2cccs2)n1,4.605548319173784,1,
Cc1cc(=O)n2c(n1)CN(c1ccc(-c3noc(C(F)(F)F)n3)cn1)CC2,6.886056647693163,1,
Cc1cc(C(=O)CCCCC[C@H](N)c2nc(-c3ccccc3F)c[nH]2)no1,4.346787486224656,1,
Cc1cc(C(=O)CCCCC[C@H](NC(=O)C2CN(C)C2)c2nc(-c3ccccc3F)c[nH]2)no1,4.346787486224656,1,
Cc1cc(C(=O)CCCCC[C@H](NC(=O)CN(C)C)c2nc(-c3ccccc3F)c[nH]2)no1,4.346787486224656,1,
Cc1cc(C(=O)NCCCCCCS)[nH]n1,6.145693958198919,1,
Cc1cc(C(=O)NO)ccc1CNCC12CC3CC(CC(C3)C1)C2,6.241088107602026,1,
Cc1cc(C(=O)Nc2cccc(F)c2)nn1Cc1ccc(C(=O)NO)cc1,8.721246399047171,1,
Cc1cc(C(=O)Nc2ccccc2)nn1Cc1ccc(C(=O)NO)cc1,8.2518119729938,1,
Cc1cc(C(=O)Nc2ccccc2F)nn1Cc1ccc(C(=O)NO)cc1,8.275724130399212,1,
Cc1cc(C(C)(C)Nc2ncc(C(=O)NO)cn2)ccc1F,8.397940008672037,1,
Cc1cc(C(C)Nc2ncc(-c3noc(C(F)(F)F)n3)cn2)ccn1,6.455931955649724,1,
Cc1cc(C(F)(F)F)cc(C2(Nc3ncc(C(=O)NO)cn3)CC2)c1,8.522878745280337,1,
Cc1cc(C)c(CNC(=O)c2cc(-c3ccc(N4CCN(C(=O)CCCC(=O)NO)CC4)nc3)cc3c2cnn3C(C)C)c(=O)[nH]1,5.756961951313706,1,
Cc1cc(C)c(CNC(=O)c2cc(-c3ccc(N4CCN(C(=O)CCCCC(=O)NO)CC4)nc3)cc3c2cnn3C(C)C)c(=O)[nH]1,5.761953896871205,1,
Cc1cc(C)c(CNC(=O)c2cc(-c3ccc(N4CCN(C(=O)CCCCCC(=O)NO)CC4)nc3)cc3c2cnn3C(C)C)c(=O)[nH]1,6.823908740944319,1,
Cc1cc(C)c(CNC(=O)c2cc(-c3ccc(N4CCN(C(=O)CCCCCCC(=O)NO)CC4)nc3)cc3c2cnn3C(C)C)c(=O)[nH]1,7.086186147616283,1,
Cc1cc(C)c(CNC(=O)c2cc(-c3ccc(N4CCN(C(=O)OC(C)(C)C)CC4)nc3)cc(NC(=O)CCCC(=O)NO)c2C)c(=O)[nH]1,5.51999305704285,1,
Cc1cc(C)c(CNC(=O)c2cc(-c3ccc(N4CCN(C(=O)OC(C)(C)C)CC4)nc3)cc(NC(=O)CCCCC(=O)NO)c2C)c(=O)[nH]1,5.732828271596986,1,
Cc1cc(C)c(CNC(=O)c2cc(-c3ccc(N4CCN(C(=O)OC(C)(C)C)CC4)nc3)cc(NCCCCCCC(=O)NO)c2C)c(=O)[nH]1,5.6968039425795105,1,
Cc1cc(C)c(CNC(=O)c2cc(-c3ccc(N4CCN(C(=O)OC(C)(C)C)CC4)nc3)cc(NCCCCCCCC(=O)NO)c2C)c(=O)[nH]1,5.709965388637482,1,
Cc1cc(C)c(CNC(=O)c2cc(-c3ccc(N4CCN(CCCC(=O)NO)CC4)nc3)cc3c2cnn3C(C)C)c(=O)[nH]1,5.161780778092375,1,
Cc1cc(C)c(CNC(=O)c2cc(-c3ccc(N4CCN(CCCCC(=O)NO)CC4)nc3)cc3c2cnn3C(C)C)c(=O)[nH]1,5.446116973356125,1,
Cc1cc(C)c(CNC(=O)c2cc(-c3ccc(N4CCN(CCCCCC(=O)NO)CC4)nc3)cc3c2cnn3C(C)C)c(=O)[nH]1,5.721246399047171,1,
Cc1cc(C)c(CNC(=O)c2cc(-c3ccc(N4CCN(CCCCCCC(=O)NO)CC4)nc3)cc3c2cnn3C(C)C)c(=O)[nH]1,6.1487416512809245,1,
Cc1cc(C)c(CNC(=O)c2cc(-c3ccc(N4CCN(CCCCCCCC(=O)NO)CC4)nc3)cc3c2cnn3C(C)C)c(=O)[nH]1,6.3872161432802645,1,
Cc1cc(C)c(CNC(=O)c2cc(-c3ccc(N4CCN(CCCCCCCCC(=O)NO)CC4)nc3)cc3c2cnn3C(C)C)c(=O)[nH]1,6.4089353929735005,1,
Cc1cc(C)c(CNC(=O)c2cc(-c3ccc(N4CCN(CCCCCCCCCC(=O)NO)CC4)nc3)cc3c2cnn3C(C)C)c(=O)[nH]1,5.478861916295964,1,
Cc1cc(C)c(CNC(=O)c2cc(-c3ccc(N4CCN(Cc5ccc(C(=O)NO)cc5)CC4)nc3)cc3c2cnn3C(C)C)c(=O)[nH]1,5.950781977329818,1,
Cc1cc(C)c(CNC(=O)c2cc(-c3ccc(N4CCN(Cc5ccc(C(=O)NO)o5)CC4)nc3)cc3c2cnn3C(C)C)c(=O)[nH]1,5.053547734986926,1,
Cc1cc(C)c(CNC(=O)c2cc(-c3ccc(N4CCN(Cc5ccc(NC(=O)CCCCCCC(=O)NO)cc5)CC4)nc3)cc3c2cnn3C(C)C)c(=O)[nH]1,6.154901959985743,1,
Cc1cc(C)c(CNC(=O)c2cc(-c3ccc(N4CCN(c5ncc(C(=O)NO)cn5)CC4)nc3)cc3c2cnn3C(C)C)c(=O)[nH]1,6.154901959985743,2,0.0
Cc1cc(C)c(CNC(=O)c2cc(-c3ccc(NC(=O)CCCCCC(=O)NO)cc3)cc3c2cnn3C(C)C)c(=O)[nH]1,6.6020599913279625,1,
Cc1cc(C)c(CNC(=O)c2cc(-c3ccc(NC(=O)CCCCCCC(=O)NO)cc3)cc3c2cnn3C(C)C)c(=O)[nH]1,6.7447274948966935,1,
Cc1cc(C)c(CNC(=O)c2cc(C)n(-c3cccc(NC(=O)CCCCCCC(=O)NO)c3)c2C)c(=O)[nH]1,8.301029995663981,2,0.0
Cc1cc(C)c(CNC(=O)c2cnn(-c3cccc(NC(=O)CCCCCCC(=O)NO)c3)c2C)c(=O)[nH]1,8.0,2,0.0
Cc1cc(C)c(NC(=O)C(Cc2c[nH]c3ccccc23)NC(=O)c2ccc(/C=C/C(=O)NO)cc2)c(C)c1,7.337242168318426,1,
Cc1cc(C)c(NC(=O)NOCc2ccc(/C=C/C(=O)NO)cc2)c(C)c1,5.507941210912222,2,0.18699199366468489
Cc1cc(C)c(NC(=O)[C@H](Cc2c[nH]c3ccccc23)NC(=O)/C=C/c2ccc(C(=O)NO)cc2)c(C)c1,7.657577319177793,1,
Cc1cc(C)c(Nc2ccc(C(=O)N(C)CCCCCCC(=O)NO)cc2)c(C)c1,6.957801240429426,2,0.7044632132991564
Cc1cc(C)c(Nc2ncc(C(=O)N(C)CCCCCCC(=O)NO)cn2)c(C)c1,6.870394253385536,2,0.7775659414198166
Cc1cc(C)c2c(n1)sc1c(=O)n(CC(=O)O)cnc12,3.721246399047171,1,
Cc1cc(C)c2c3c(n(Cc4ccc(C(=O)NO)cc4)c2c1)CCN(C)C3,7.42021640338319,1,
Cc1cc(C)cc(-c2ccc3c(NC(=O)c4ccc(C(=O)NO)cc4)n[nH]c3c2)c1,6.6020599913279625,1,
Cc1cc(C)cc(C(=O)N(CC(=O)N(C)C)Cc2ccc(C(=O)NO)cc2)c1,6.638272163982407,1,
Cc1cc(C)cc(C(=O)N(CC(=O)N2CCCCC2)Cc2ccc(C(=O)NO)cc2)c1,6.886056647693163,1,
Cc1cc(C)cc(C(=O)N(CC(=O)NC(C)(C)C)Cc2ccc(C(=O)NO)cc2F)c1,7.619788758288394,1,
Cc1cc(C)cc(C(=O)N(CC(=O)NC2CCCCC2)Cc2ccc(C(=O)NO)cc2)c1,7.678273661756906,2,0.3964516541822154
Cc1cc(C)cc(C(=O)N(CC(=O)NC2CCCCC2)Cc2ccc(C(=O)NO)cc2F)c1,7.698970004336019,1,
Cc1cc(C)cc(C(=O)N(CC(=O)NCc2ccccc2)Cc2ccc(C(=O)NO)cc2F)c1,7.886056647693163,1,
Cc1cc(C)cc(C(=O)N(CC(=O)NCc2ccccc2)Cc2ccc(C(=O)Nc3cc(-c4ccccc4)ccc3N)cc2)c1,5.982565501819435,2,0.30843142016120184
Cc1cc(C)cc(C(=O)N(CC(=O)NCc2ccccc2)Cc2ccc(C(=O)Nc3cc(F)ccc3N)cc2)c1,6.08628305229961,2,0.34170099367344164
Cc1cc(C)cc(C(=O)N(CC(=O)NCc2ccccc2)Cc2ccc(C(=O)Nc3ccccc3N)cc2)c1,6.418121238009022,2,0.4618909980464568
Cc1cc(C)cc(C(=O)N(CCCCCC(=O)NO)CC(=O)NC2CCCCC2)c1,6.219836456648748,5,0.26003420741086447
Cc1cc(C)cc(C(=O)N(CCCCCC(=O)NO)CC(=O)NCc2ccccc2)c1,6.4690544113828805,5,0.24534842878196816
Cc1cc(C)cc(C(=O)N(CCCCCC(=O)Nc2cc(-c3ccccc3)ccc2N)CC(=O)NCc2ccccc2)c1,6.08628305229961,2,0.34170099367344164
Cc1cc(C)cc(C(=O)N(CCCCCC(=O)Nc2ccccc2N)CC(=O)NC2CCCCC2)c1,4.779639891341548,2,0.19456006080318886
Cc1cc(C)cc(C(=O)N(CCCCCC(=O)Nc2ccccc2N)CC(=O)NCc2ccccc2)c1,5.232794647308455,2,0.24439420878715587
Cc1cc(C)cc(C(=O)N(Cc2ccc(C(=O)NO)cc2)Cc2nnnn2Cc2ccccc2)c1,7.096910013008056,1,
Cc1cc(C)cc(C(=O)NOCCCCC(=O)NO)c1,5.423147433008712,2,0.07143657923444158
Cc1cc(C)cc(C(=O)NOCCCCCC(=O)NO)c1,7.050454779018414,4,0.7076669004152085
Cc1cc(C)cc(C(=O)NOCc2ccc(/C=C/C(=O)NO)cc2)c1,6.0041654963100255,2,0.05881996235541204
Cc1cc(C)cc(CNC(=O)CN(CCCCCC(=O)Nc2ccccc2N)C(=O)c2cc(C)cc(C)c2)c1,5.500315091996324,2,0.0019436303690497194
Cc1cc(C)cc(NC(=O)NOCc2ccc(/C=C/C(=O)NO)cc2)c1,5.881630628246677,2,0.09779477572977402
Cc1cc(C)cc(Nc2ncc(C(=O)NO)cn2)c1,8.397940008672037,1,
Cc1cc(C)cc(SCc2ccc(C(=O)Nc3ccccc3N)cc2)c1,4.969805214643249,1,
Cc1cc(C)nc(COc2cc(-c3noc(C(F)(F)F)n3)ccn2)c1,7.1487416512809245,1,
Cc1cc(C)nc(COc2nccc(-c3noc(C(F)(F)F)n3)c2Cl)n1,7.161150909262744,1,
Cc1cc(C)nc(SCC(=O)Nc2ncc(Cc3ccc(C(=O)NO)cc3)s2)n1,7.958607314841775,1,
Cc1cc(C)nc(SCC(=O)Nc2ncc(Cc3cccc(C(=O)NO)c3)s2)n1,6.823908740944319,1,
Cc1cc(C)nc(SCC(=O)Nc2ncc(Cc3cccc(OCc4cn(CCCCC(=O)NCc5ccc(C(=O)NO)cc5)nn4)c3)s2)n1,7.376750709602099,1,
Cc1cc(C)nc(SCC(=O)Nc2ncc(Cc3cccc(OCc4cn(CCOCCOCCOCCOCCC(=O)Nc5ccc(C(=O)NCCCCCCC(=O)NO)cc5)nn4)c3)s2)n1,8.301029995663981,1,
Cc1cc(C)nc(SCC(=O)Nc2ncc(Cc3cccc(OCc4cn(CCOCCOCCOCCOCCC(=O)Nc5ccc(C(=O)NCc6ccc(C(=O)NO)cc6)cc5)nn4)c3)s2)n1,8.0,1,
Cc1cc(C)nc(SCC(=O)Nc2ncc(Cc3cccc(OCc4cn(CCOCCOCCOCCOCCOCCOCCOCCOCCOCCOCCC(=O)Nc5ccc(C(=O)NCc6ccc(C(=O)NO)cc6)cc5)nn4)c3)s2)n1,7.769551078621726,1,
Cc1cc(C)nc(SCC(=O)Nc2ncc(Cc3cccc(OCc4cn(Cc5ccc(C(=O)NO)cc5)nn4)c3)s2)n1,7.6020599913279625,1,
Cc1cc(C2(Nc3ncc(C(=O)NO)cn3)CC2)ccc1F,8.221848749616356,1,
Cc1cc(CC(=O)N(Cc2ccc(-c3noc(C(F)(F)F)n3)cn2)c2cccc(F)c2)on1,8.036212172654444,1,
Cc1cc(CN(C)c2ncc(-c3noc(C(F)(F)F)n3)cn2)ccn1,5.455931955649724,1,
Cc1cc(COc2cc(-c3noc(C(F)(F)F)n3)ccn2)nn1CC(F)F,7.2441251443275085,1,
Cc1cc(Cc2cnc(N)nc2N)cc(C)c1N,8.0,1,
Cc1cc(Cc2cnc(N)nc2N)cc(Cl)c1N,7.853871964321762,1,
Cc1cc(Cl)ccc1CNc1ncc(C(=O)NO)cn1,8.522878745280337,1,
Cc1cc(Cn2ccc3cc(C(=O)NCC45C[C@H]6C[C@@H](C4)C[C@@H](C5)C6)ccc32)ccc1C(=O)NO,6.3872161432802645,1,
Cc1cc(F)cc(C)c1Oc1ccc(C(C)(C)O)cc1-c1cn(C)c(=O)c2[nH]c(C(=O)NCCCCCCC(=O)NO)cc12,7.769551078621726,1,
Cc1cc(F)cc(C)c1Oc1ccc(C(C)(C)O)cc1-c1cn(C)c(=O)c2[nH]c(C(=O)NCc3ccc(C(=O)NO)cc3)cc12,7.4089353929735005,1,
Cc1cc(F)cc(Nc2ncc(C(=O)NO)cn2)c1,8.301029995663981,1,
Cc1cc(F)ccc1C(C)(C)Nc1ncc(C(=O)NO)cn1,7.721246399047171,1,
Cc1cc(F)ccc1C(O)(c1ccc(C(=O)NCCCCCCC(=O)NO)cc1)c1ccc(F)cc1C,6.648845058834425,2,0.8206722732168735
Cc1cc(F)ccc1Nc1ncnc2cc(NC(=O)CCCCCCC(=O)NO)sc12,6.920818753952375,1,
Cc1cc(NC(=O)NCc2ccc(C(=O)NO)cc2)no1,8.161150909262744,4,0.0
Cc1cc(NC(=O)c2ccc(-c3noc(C(F)(F)F)n3)cc2)cc(C)n1,5.275724130399211,1,
Cc1cc(NC(=O)c2ccc(-c3noc(C(F)(F)F)n3)cc2F)cc(C)n1,5.6020599913279625,1,
Cc1cc(NCc2ccc(-c3noc(C(F)(F)F)n3)cn2)on1,7.619788758288394,1,
Cc1cc(Nc2ncc(C(=O)NO)cn2)ccn1,8.0,1,
Cc1cc(O)cc(C)c1-c1nc2ccc(C(=O)NO)cc2[nH]1,7.161150909262744,2,0.0
Cc1cc(OCc2ccc(-c3nnc(C(F)F)o3)cn2)ccn1,7.301029995663981,1,
Cc1cc(OCc2ccc(-c3noc(C(F)(F)F)n3)c(F)c2)cc(C)n1,7.017728766960431,1,
Cc1cc(S(=O)(=O)N2CCC(CCCC(=O)NO)CC2)cc2ccccc12,6.906578314837764,1,
Cc1cc2c(cc1C#N)c(-c1cccc(N)c1C)cn2CCCCCCC(=O)NO,8.2839966563652,1,
Cc1cc2cc(NS(=O)(=O)Cc3ccc(C(=O)NO)cc3)ccc2n(C)c1=O,6.818156412055227,1,
Cc1cc2cc(NS(=O)(=O)c3ccc(C(=O)NO)cc3)ccc2n(C)c1=O,6.46344155742847,1,
Cc1cc2ccccc2n1-c1ccc(C(=O)NO)cc1,8.600326278518962,1,
Cc1cc2ccccc2n1Cc1ccc(C(=O)NO)cc1,8.600326278518962,1,
Cc1cc2nc(C(F)(F)F)nc(SCC(=O)c3ccc(CNC(=O)CO)s3)n2n1,6.522878745280337,1,
Cc1cc2ncn(Cc3ccc(-c4nnc(C(F)F)o4)cn3)c2cc1C,6.7281583934635005,1,
Cc1cc2nnn(Cc3ccc(-c4nnc(C(F)F)o4)cn3)c2cc1C,7.070581074285707,1,
Cc1cc2sc(C(=O)NO)cc2cc1O,6.004803708402821,1,
Cc1ccc(-c2cc(/C=C/c3ccc(C(=O)NO)cc3)ccn2)c(F)c1,7.823908740944319,3,0.0
Cc1ccc(-c2cc(/C=C/c3ccc(C(=O)NO)cc3)ccn2)cc1,6.823908740944319,1,
Cc1ccc(-c2cc(C(=O)NCCCCCC(=O)NO)nn2-c2ccc(S(N)(=O)=O)cc2)cc1,7.036212172654444,1,
Cc1ccc(-c2cc(C(=O)NCCCCCCC(=O)NO)nn2-c2ccc(S(C)(=O)=O)cc2)cc1,7.301029995663981,1,
Cc1ccc(-c2cc(C(=O)NCCCCCCC(=O)NO)nn2-c2ccc(S(N)(=O)=O)cc2)cc1,7.080921907623926,1,
Cc1ccc(-c2cc(C(=O)NCCCCCCCC(=O)NO)nn2-c2ccc(S(N)(=O)=O)cc2)cc1,6.73754891026957,1,
Cc1ccc(-c2cc(C(=O)NCc3ccc(C(=O)NO)cc3)c3nccn3c2)cc1,8.494850021680094,1,
Cc1ccc(-c2cc(C(F)(F)F)n(CCc3ccc(C(=O)NO)cc3)n2)cc1,7.012560013496534,2,0.1348387348979915
Cc1ccc(-c2cc(C(F)(F)F)n(Cc3ccc(C(=O)NO)cc3)n2)cc1,7.6386830387330935,2,0.22231009911572333
Cc1ccc(-c2cc(C(F)(F)F)nn2-c2ccc(C(=O)NO)cc2)cc1,6.19419091367129,2,0.35456404099205996
Cc1ccc(-c2cc(C(F)(F)F)nn2-c2ccc(S(=O)(=O)NC(=O)CCCCC[Se]C#N)cc2)cc1,4.9299621333922445,1,
Cc1ccc(-c2cc(C(F)(F)F)nn2-c2ccc(S(=O)(=O)NCCCCCC(=O)NO)cc2)cc1,7.119186407719209,1,
Cc1ccc(-c2cc(C(F)(F)F)nn2-c2ccc(S(=O)(=O)NCCCCCCC(=O)NO)cc2)cc1,7.180456064458131,1,
Cc1ccc(-c2cc(C(F)(F)F)nn2-c2ccc(S(=O)(=O)NCCCCCCCC(=O)NO)cc2)cc1,7.214670164989233,1,
Cc1ccc(-c2cc(C(F)(F)F)nn2-c2ccc(S(N)(=O)=O)cc2)cc1,5.988870173831918,2,0.28697059431866245
Cc1ccc(-c2cc(C(F)(F)F)nn2CCc2ccc(C(=O)NO)cc2)cc1,6.051626692196297,2,0.30544120594956503
Cc1ccc(-c2cc(C(F)(F)F)nn2Cc2ccc(C(=O)NO)cc2)cc1,7.102512127974434,2,0.6591990350939748
Cc1ccc(-c2cc(C)n(Cc3ccc(C(=O)NO)cc3)n2)cc1,8.020479303839453,2,0.19010234341229842
Cc1ccc(-c2cc(C)nn2Cc2ccc(C(=O)NO)cc2)cc1,7.597589660639419,2,0.08483536027997543
Cc1ccc(-c2ccc(Cn3cccc(O)c3=S)cc2)cc1,6.342944147142896,2,0.0
Cc1ccc(-c2ccc3c(c2)C(=O)N(Cc2ccc(-c4nnc(C(F)F)o4)cn2)C(=O)C3(C)C)o1,7.113509274827518,1,
Cc1ccc(-c2cccc3c2C(=O)N(Cc2ccc(-c4nnc(C(F)F)o4)cn2)C(=O)C3(C)C)o1,6.844663962534938,1,
Cc1ccc(-c2cn(CCCCCC(=O)NO)nn2)cc1,7.366531544420414,1,
Cc1ccc(-c2cn(CCCCCn3cccc(O)c3=S)nn2)cc1,6.09312646527793,2,0.0
Cc1ccc(-c2cnc(C(=O)NCCCCCC(=O)NO)o2)cc1,7.318758762624412,1,
Cc1ccc(-c2cnc(C(=O)NCCCCCCC(=O)NO)o2)cc1,8.366531544420413,1,
Cc1ccc(-c2cnc(C(=O)NCCCCCCC(=O)NO)s2)cc1,7.823908740944319,1,
Cc1ccc(-c2cncc(/C=C/c3ccc(C(=O)NO)cc3)c2)c(F)c1,6.823908740944319,1,
Cc1ccc(-c2csc(C(=O)NOCCCCCC(=O)NO)n2)cc1,7.1938200260161125,1,
Cc1ccc(-c2csc(NC(=O)CCCCCCS)n2)cc1F,5.214670164989233,1,
Cc1ccc(-c2nc(C(=O)NO)co2)cc1,6.504455662453552,1,
Cc1ccc(-c2nc(CNc3ccc(C(=O)NO)cc3)n(-c3ccccc3)n2)cc1,6.649751981665837,1,
Cc1ccc(-c2nc(CNc3ccc(C(=O)NO)cc3)n(-c3ccccc3)n2)s1,7.508638306165727,1,
Cc1ccc(-c2nc(NCc3ccc(C(=O)NO)cc3)cc3c2[nH]c2ccccc23)cc1,8.958607314841775,2,0.0
Cc1ccc(-c2ncc(/C=C/C(=O)Nc3ccccc3N)s2)cc1,6.180456064458131,1,
Cc1ccc(-c2nnc(-c3ccc(C(=O)C(F)(F)F)s3)o2)cc1,6.221848749616356,1,
Cc1ccc(-c2noc(-c3ccc(C(=O)C(F)(F)F)s3)n2)cc1,6.065501548756432,1,
Cc1ccc(-n2nc(-c3ccccc3)nc2CNc2ccc(C(=O)NO)cc2)cc1,6.508638306165727,1,
Cc1ccc(C(=O)N(CC(=O)NC(C)(C)C)Cc2ccc(C(=O)NO)cc2)cc1C,7.2441251443275085,1,
Cc1ccc(C(=O)N(CC(=O)NC2CCCCC2)CC2CCN(c3ncc(C(=O)NO)cn3)CC2)c(C)c1,6.586700235918748,1,
Cc1ccc(C(=O)N(CC(=O)NC2CCCCC2)Cc2ccc(C(=O)NO)cc2)c(C)c1,7.3979400086720375,1,
Cc1ccc(C(=O)N(CC(=O)NC2CCCCC2)Cc2ccc(C(=O)NO)cc2)cc1C,7.494850021680094,1,
Cc1ccc(C(=O)N(CC(=O)NCc2ccccc2)Cc2ccc(C(=O)NO)cc2)c(C)c1,7.221848749616356,1,
Cc1ccc(C(=O)N(Cc2ccc(-c3noc(C(F)(F)F)n3)cn2)c2cccc(F)c2)nn1,8.086186147616283,1,
Cc1ccc(C(=O)NO)cc1,6.853871964321762,1,
Cc1ccc(C(=O)NO)cc1C(=O)Nc1ccc(Cl)cc1,6.221848749616356,1,
Cc1ccc(C(=O)NO)cc1F,7.309803919971486,1,
Cc1ccc(C(=O)NO)cc1NC(=O)c1ccc2ccccc2n1,7.045757490560675,1,
Cc1ccc(C(=O)NO)cc1NC(=O)c1ccccc1,6.045757490560675,1,
Cc1ccc(C(=O)NO)cc1NCCCc1ccccc1,5.050609993355087,1,
Cc1ccc(C(=O)NO)cc1NCc1ccc(Cl)cc1Cl,4.841637507904751,1,
Cc1ccc(C(=O)NO)cc1NCc1ccccc1,5.292429823902063,1,
Cc1ccc(C(=O)NO)cn1,7.154901959985743,1,
Cc1ccc(C(=O)NOCCCCCC(=O)NO)cc1C,7.7447274948966935,1,
Cc1ccc(C(=O)N[C@H](COc2cccc(/C=C/C(=O)NO)c2)Cc2c[nH]c3ccccc23)cc1,6.6595558851598815,1,
Cc1ccc(C(=O)Nc2ccc(C(=O)NO)cc2)cc1,8.795880017344075,1,
Cc1ccc(C(=O)c2ccc3c(ccn3Cc3ccc(C(=O)NO)cc3)c2)cc1,7.920818753952375,1,
Cc1ccc(C(=O)c2ccc3c(ccn3S(=O)(=O)c3cccc(/C=C/C(=O)NO)c3)c2)cc1,5.560667306169737,1,
Cc1ccc(C(C(=O)NC2CCCCC2)N(CCCCCC(=O)NO)C(=O)c2ccccc2)cc1,5.503795963237705,4,0.049077537989824234
Cc1ccc(C/C(=N\O)C(=O)NCCSSCCNC(=O)/C(Cc2ccc(C)cc2)=N/O)cc1,6.585026652029182,2,0.0
Cc1ccc(C2(Nc3ncc(C(=O)NO)cn3)CC2)cc1,8.522878745280337,1,
Cc1ccc(C2=N[C@@H](CC(=O)NCc3ccc(C(=O)NO)cc3)c3nnc(C)n3-c3ccccc32)cc1,5.236572006437063,1,
Cc1ccc(C2=N[C@@H](CC(=O)Nc3ccc(/C=C/C(=O)NO)cc3)c3nnc(C)n3-c3ccccc32)cc1,6.200659450546418,1,
Cc1ccc(C2=N[C@@H](CC(=O)Nc3ccc(C(=O)NO)cc3)c3nnc(C)n3-c3ccccc32)cc1,6.886056647693163,1,
Cc1ccc(C2=N[C@@H](CC(=O)Nc3ccc(CC(=O)NO)cc3)c3nnc(C)n3-c3ccccc32)cc1,5.42021640338319,1,
Cc1ccc(C2CC(=O)N(CCCCCC(=O)NO)c3ccccc3S2(=O)=O)cc1,7.376750709602099,1,
Cc1ccc(C2CC(=O)N(CCCCCC(=O)NO)c3ccccc3S2)cc1,6.910094888560602,1,
Cc1ccc(CC2(c3ccccc3)NC(=O)N(Cc3ccc(C(=O)NO)cc3)C2=O)cc1,7.086186147616283,1,
Cc1ccc(CC[N+]23CCC(CC2)[C@@H](OC(=O)C2(C4=CC=CC4)CCCCCC2)C3)s1,5.559090917934782,1,
Cc1ccc(CN(Cc2ccc(C(=O)NO)cc2)S(=O)(=O)c2c(F)c(F)c(F)c(F)c2F)cc1,8.221848749616356,1,
Cc1ccc(CN2C(=O)N(C3CCCCC3)C(=O)C2CCC(=O)NCc2ccc(C(=O)NO)cc2)cc1,7.769551078621726,1,
Cc1ccc(CN2C(=O)N(C3CCCCC3)C(=O)C2CCC(=O)Nc2ccc(C(=O)NO)cc2)cc1,8.0,1,
Cc1ccc(CN2C(=O)N(Cc3ccc(C(=O)NO)cc3)C(=O)C2Cc2ccccc2)cc1,7.42021640338319,1,
Cc1ccc(CN2C(=O)N(c3ccc(Cl)cc3)C(=O)C2CCC(=O)NCc2ccc(C(=O)NO)cc2)cc1,7.721246399047171,1,
Cc1ccc(CN2C(=O)N(c3ccc(Cl)cc3)C(=O)C2CCC(=O)Nc2ccc(C(=O)NO)cc2)cc1,8.356547323513812,1,
Cc1ccc(CN2CC(=O)N(Cc3ccc(C(=O)NO)cc3)C2=O)cc1,7.7447274948966935,1,
Cc1ccc(CN2CCC(c3noc(CN(C)c4ncc(C(=O)NO)cn4)n3)CC2)cc1,7.251811972993799,1,
Cc1ccc(CN2CCC3=C(C2)C(=O)N(Cc2ccc(C(=O)NO)cc2)C2=NCCN23)cc1,7.292429823902063,1,
Cc1ccc(CN2CCC=C(CCC(=O)NO)C2=O)cc1,5.6777807052660805,1,
Cc1ccc(CNC(=O)CN(CCCCCC(=O)Nc2ccccc2N)C(=O)c2cc(C)cc(C)c2)cc1,5.344402892966002,2,0.006108119948454159
Cc1ccc(CNCCCCNC(=O)CCCCC(=O)NO)cc1,4.253132372149571,1,
Cc1ccc(CNCCCCNC(=O)CCCCCCC(=O)NO)cc1,4.329754146925876,1,
Cc1ccc(CNc2ccc(-c3noc(C(F)(F)F)n3)cn2)cn1,6.113509274827518,1,
Cc1ccc(CNc2ncc(-c3noc(C(F)(F)F)n3)cc2Cl)cn1,5.809668301829708,1,
Cc1ccc(CNc2ncc(-c3noc(C(F)(F)F)n3)cn2)cn1,6.6020599913279625,1,
Cc1ccc(COc2cccc3ccc(C(=O)NCc4ccc(C(=O)NO)cc4)nc23)cc1,7.166460397267891,2,0.24152189682576253
Cc1ccc(Cc2cn(CCCCCC(=O)NO)c3ccc(-c4c(C)noc4C)cc23)cc1,6.536107011014092,1,
Cc1ccc(Cc2cn(CCCCCCC(=O)NO)c3ccc(-c4c(C)noc4C)cc23)cc1,6.536107011014092,1,
Cc1ccc(Cl)c(C2(Nc3ncc(-c4nnc(C(F)F)o4)cn3)CC2)c1,7.455931955649724,1,
Cc1ccc(Cn2cc3ccc(C(=O)NO)cc3n2)cc1,8.130768280269024,1,
Cc1ccc(Cn2cnc3cc(/C=C/C(=O)NO)ccc3c2=O)cc1,7.481486060122112,1,
Cc1ccc(F)c(Nc2ncnc3cc(NC(=O)CCCCCCC(=O)NO)sc23)c1,7.522878745280337,1,
Cc1ccc(N(CC(=O)NC2CCCCC2)C(=O)Cc2ccc(C(=O)NO)cc2)cc1,7.3872161432802645,1,
Cc1ccc(N(CCCCCCC(=O)NO)c2ccccn2)nc1,7.508638306165727,1,
Cc1ccc(N)c(NC(=O)c2ccc(CNC(=O)OCc3cccnc3)cc2)c1,5.552841968657781,1,
Cc1ccc(N2CCN(CC3CCc4c(c5ccccc5n4Cc4ccc(C(=O)NO)cc4)C3=O)CC2)cc1C,7.3979400086720375,1,
Cc1ccc(NC(=O)C(Cc2c[nH]c3ccccc23)NC(=O)c2ccc(/C=C/C(=O)NO)cc2)cc1,6.769551078621726,1,
Cc1ccc(NC(=O)CCCCCCC(=O)NO)cc1,7.920818753952375,1,
Cc1ccc(NC(=O)CN(CCCCCC(=O)NO)C(=O)c2cc(C)cc(C)c2)cc1,6.02418950913343,4,0.09815861021605862
Cc1ccc(NC(=O)CN(CCCCCC(=O)NO)C(=O)c2ccc(N(C)C)cc2)cc1,6.412848696478323,5,0.3319842996359103
Cc1ccc(NC(=O)CN(Cc2ccc(C(=O)NO)cc2)C(=O)c2ccc(N(C)C)cc2)cc1,8.022878745280337,2,0.7071067811865476
Cc1ccc(NC(=O)N2CCC(Nc3ncc(C(=O)NO)cn3)(c3ccccc3)CC2)cc1,8.698970004336019,1,
Cc1ccc(NC(=O)[C@@H](NC(=O)c2ccc(C(=O)NO)cc2)c2c[nH]c3ccccc23)cc1,6.95272949927158,2,0.2517848587149579
Cc1ccc(NC(=O)[C@H](CCCCCC(=O)NO)NC(=O)[C@H]2CCC(=O)N2)cc1,8.397940008672037,1,
Cc1ccc(NC(=O)[C@H](CCCCCS)NC(=O)[C@@H]2CCCC(=O)N2)cc1,8.698970004336019,1,
Cc1ccc(NC(=O)[C@H](Cc2c[nH]c3ccccc23)NC(=O)/C=C/c2ccc(C(=O)NO)cc2)cc1,7.638272163982407,1,
Cc1ccc(NC(=O)[C@H](Cc2c[nH]c3ccccc23)NC(=O)c2ccc(C(=O)NO)cc2)cc1,7.059552767870047,5,0.15924272677659254
Cc1ccc(NC(=O)c2ccc(/C=C/C(=O)NO)cc2)cc1Nc1ncc(-c2cccnc2)s1,7.3872161432802645,1,
Cc1ccc(NC(=O)c2ccc(/C=C/C(=O)NO)s2)cc1Nc1ncc(-c2cccnc2)s1,7.4089353929735005,1,
Cc1ccc(NC(=O)c2ccc(C(=O)NO)cc2)cc1Nc1ncc(-c2cccnc2)s1,7.050609993355087,1,
Cc1ccc(NC(=O)c2ccc(C(=O)Nc3ccccc3N)cc2)cc1Nc1ncc(-c2cccnc2)s1,4.679853713888946,1,
Cc1ccc(NC(=O)c2ccc(Cn3cnc4c(Cl)nc(Cl)nc43)cc2)c(N)c1,4.601365675461608,1,
Cc1ccc(NC(=O)c2ccc3c(c2)N(Cc2ccc(C(=O)NO)cc2)c2ccccc2S3)nc1,6.749607413541272,2,0.4911600464133574
Cc1ccc(NCc2ccc(-c3noc(C(F)(F)F)n3)c(F)c2)cn1,7.455931955649724,1,
Cc1ccc(NCc2ccc(-c3noc(C(F)(F)F)n3)cn2)cn1,8.096910013008056,1,
Cc1ccc(NCc2ccc(-c3noc(C(F)(F)F)n3)cn2)nn1,7.2441251443275085,1,
Cc1ccc(NCc2ccc(/C=C/C(=O)NO)cc2)cc1Nc1nccc(-c2cccnc2)n1,7.443697499232712,1,
Cc1ccc(NCc2nc3cc(C(=O)NO)ccc3n2C)cc1,7.721246399047171,1,
Cc1ccc(NS(=O)(=O)Nc2nc(C(=O)NO)cs2)cc1,7.443697499232712,1,
Cc1ccc(NS(=O)(=O)c2ccc(-c3noc(C(F)(F)F)n3)cc2)cc1,6.130768280269024,1,
Cc1ccc(Nc2nc(Cl)nc3c2ncn3CCCCCCCC(=O)NO)cc1,7.823908740944319,1,
Cc1ccc(Nc2nc3cc(C(=O)NO)ccc3o2)cc1,8.045757490560675,1,
Cc1ccc(Nc2ncc(C(=O)NO)cn2)cc1,8.045757490560675,1,
Cc1ccc(Nc2nccc(N(C)c3ccc4c(C)n(C)nc4c3)n2)cc1C(=O)NCCCCCC(=O)NO,6.086186147616283,1,
Cc1ccc(Nc2nccc3ccc(NC(=O)CCCCCCC(=O)NO)cc23)c(Br)c1,8.200659450546418,1,
Cc1ccc(Nc2nccc3ccc(NC(=O)CCCCCCC(=O)NO)cc23)c(Cl)c1,7.522878745280337,1,
Cc1ccc(Nc2nccc3ccc(NC(=O)CCCCCCC(=O)NO)cc23)c(F)c1,7.3872161432802645,1,
Cc1ccc(Nc2nccc3ccc(NC(=O)CCCCCCC(=O)NO)cc23)cc1,8.42021640338319,1,
Cc1ccc(Nc2nccc3ccc(NCc4ccc(/C=C/C(=O)NO)cc4)cc23)c(Br)c1,6.517126416391246,1,
Cc1ccc(Nc2nccc3ccc(NCc4ccc(/C=C/C(=O)NO)cc4)cc23)c(Cl)c1,6.543633966870956,1,
Cc1ccc(Nc2nccc3ccc(NCc4ccc(/C=C/C(=O)NO)cc4)cc23)cc1,7.229147988357855,1,
Cc1ccc(Nc2nccc3ccc(NCc4ccc(C(=O)NO)cc4)cc23)cc1,6.453457336521868,1,
Cc1ccc(Nc2ncnc3sc(NC(=O)CCCCCC(=O)NO)cc23)cc1,7.698970004336019,1,
Cc1ccc(Nc2ncnc3sc(NC(=O)CCCCCC(=O)NO)cc23)cc1C,7.769551078621726,1,
Cc1ccc(Nc2ncnc3sc(NC(=O)CCCCCCC(=O)NO)cc23)cc1,8.267606240177031,1,
Cc1ccc(Nc2ncnc3sc(NC(=O)CCCCCCC(=O)NO)cc23)cc1C,7.958607314841775,1,
Cc1ccc(OCCCCN(Cc2ccccc2)Cc2ccc(/C=C/C(=O)NO)o2)cc1,6.071183007424995,2,0.26651463130438047
Cc1ccc(OCCCN(Cc2ccc(-c3ccccc3)cc2)Cc2ccc(/C=C/C(=O)NO)o2)cc1,5.779891911959945,1,
Cc1ccc(OCCCN(Cc2ccccc2)Cc2ccc(/C=C/C(=O)NO)o2)cc1,5.813341667413063,2,0.308546587075429
Cc1ccc(OCCN(CCc2ccc3c(c2)OCO3)Cc2ccc(/C=C/C(=O)NO)o2)cc1,5.704133880524082,2,0.525503139413402
Cc1ccc(OCCN(Cc2ccc(-c3ccccc3)cc2)Cc2ccc(/C=C/C(=O)NO)o2)cc1,5.855049519135687,2,0.12451532338594933
Cc1ccc(OCCN(Cc2ccccc2)Cc2ccc(/C=C/C(=O)NO)o2)cc1,5.616307027958526,2,0.158181718067085
Cc1ccc(OCCn2ccc(-c3nnc(C(F)F)o3)cc2=O)cn1,7.619788758288394,1,
Cc1ccc(OCc2ccc(-c3nnc(C(F)F)o3)cn2)cn1,6.259637310505756,1,
Cc1ccc(OCc2ccc(-c3noc(C(F)(F)F)n3)c(F)c2)nn1,7.080921907623926,1,
Cc1ccc(Oc2ccc(Nc3ncnc4ccc(-c5cn(CCCCCC(=O)NO)nn5)cc34)cc2C)cn1,7.886056647693163,1,
Cc1ccc(Oc2ccc(Nc3ncnc4ccc(-c5cn(CCCCCCC(=O)NO)nn5)cc34)cc2C)cn1,7.853871964321762,1,
Cc1ccc(S(=O)(=O)N2CCC(Nc3ncc(C(=O)NO)cn3)(c3ccccc3)CC2)cc1,8.346787486224656,1,
Cc1ccc(S(=O)(=O)N2CCN(c3ncc(/C=C/C(=O)NO)s3)CC2)cc1,6.259637310505756,1,
Cc1ccc(S(=O)(=O)N2CCN(c3ncc(C(=O)NO)s3)CC2)cc1,8.545757490560675,2,2.1213203435596424
Cc1ccc(S(=O)(=O)Nc2ccc(CN3CCC=C(CCC(=O)NO)C3=O)cc2)cc1,6.229147988357855,1,
Cc1ccc2[nH]c(=O)c(CN(CCO)C(=O)Nc3ccccc3F)cc2c1,2.3705904008972807,1,
Cc1ccc2[nH]c3c(c2c1)CN(Cc1ccc(C(=O)NO)cc1)CC3,7.920818753952375,1,
Cc1ccc2c(=O)n(CCc3ccccc3)c(=O)n(Cc3ccc(C(=O)NO)cc3)c2c1,6.769551078621726,2,0.0
Cc1ccc2c(CN[C@H]3CC[C@@H](Nc4ncc(C(=O)NO)cn4)CC3)cn(C)c2c1,7.221848749616356,1,
Cc1ccc2c(SCC(=O)c3ccc(CNC(=O)C(C)(C)C)s3)nc(C)nc2c1,6.522878745280337,1,
Cc1ccc2c(c1)/C(=C1/Nc3ccccc3/C1=N\O)C(=O)N2CCCCCCC(=O)NO,7.7447274948966935,1,
Cc1ccc2c(c1)/C(=C1/Nc3ccccc3/C1=N\O)C(=O)N2Cc1ccc(/C=C/C(=O)NO)cc1,7.698970004336019,1,
Cc1ccc2c(c1)/C(=C1/Nc3ccccc3/C1=N\O)C(=O)N2Cc1ccc(C(=O)NO)cc1,8.0,2,0.42572070254911626
Cc1ccc2c(c1)C1=NCCCN1C(=S)S2,4.698970004336019,1,
Cc1ccc2c(c1)N(Cc1ccc(C(=O)NO)cc1)CCCC2,7.920818753952375,1,
Cc1ccc2c(c1)c1c(n2Cc2ccc(C(=O)NO)cc2)CCN(C)C1,8.309803919971486,1,
Cc1ccc2c(c1)c1c(n2Cc2ccc(C(=O)NO)cn2)CCN(C)C1,7.080921907623926,1,
Cc1ccc2c(n1)=CCC(C1=CN(C)C([C@@H](N)CCCCCC(=O)C3NC=CO3)N1)C=2,5.2876870913186345,1,
Cc1ccc2c(n1)=CCC(C1=CNC(C(N)CCCCCC(=O)C3NC=CO3)O1)C=2,4.346787486224656,1,
Cc1ccc2c(n1)=CCC(C1=CNC([C@@H](N)CCCCCC(=O)C3NC=CO3)N1)C=2,5.638272163982407,1,
Cc1ccc2c(n1)=CCC(C1=CNC([C@H](CCCCCC(=O)C3NC=CO3)NC(=O)C3=NOC4(CCN(C)CC4)C3)O1)C=2,5.3872161432802645,1,
Cc1ccc2c(n1)=CCC(C1=CNC([C@H](CCCCCC(=O)C3NC=CO3)NC(=O)[C@H]3CC34CCN(C)CC4)O1)C=2,4.638272163982407,1,
Cc1ccc2c(n1)=CCC(C1=CNC([C@H](CCCCCC(=O)C3NC=CO3)NC3CCN(C)CC3)N1)C=2,4.346787486224656,1,
Cc1ccc2c(n1)=CCC(C1=CNC([C@H](CCCCCC(=O)C3NC=CO3)NCc3ccccc3)N1)C=2,4.6777807052660805,1,
Cc1ccc2c(n1)N(Cc1ccc(C(=O)NO)cc1F)CCC2,8.698970004336019,1,
Cc1ccc2c3c(n(Cc4ccc(C(=O)NO)cc4)c2c1)CCN(C)C3,7.920818753952375,1,
Cc1ccc2c3c(nn2c1)CCC(NCc1ccc(-c2noc(C(F)(F)F)n2)cc1)C3,7.080921907623926,2,0.0
Cc1ccc2cc(-c3c[nH]c([C@H](CCCCCC(=O)c4ccon4)NC(=O)C4CN(C)C4)n3)ccc2n1,5.7447274948966935,1,
Cc1ccc2cc(-c3c[nH]c([C@H](CCCCCC(=O)c4ccon4)NC(=O)[C@H]4CC45CCN(C)CC5)n3)ccc2n1,4.346787486224656,1,
Cc1ccc2cc(-c3cnc(C(CCCCCC(=O)c4ncco4)NC(=O)[C@H]4CC45CCN(C)CC5)o3)ccc2n1,6.366531544420413,1,
Cc1ccc2cc(-c3cnc([C@@H](N)CCCCCC(=O)c4ncco4)[nH]3)c(Cl)cc2n1,4.346787486224656,1,
Cc1ccc2cc(-c3cnc([C@H](CCCCCC(=O)C4NC=CO4)N4CCOCC4)[nH]3)ccc2n1,4.346787486224656,1,
Cc1ccc2cc(-c3cnc([C@H](CCCCCC(=O)C4NC=CO4)NC4CCOCC4)[nH]3)ccc2n1,4.346787486224656,1,
Cc1ccc2cc(C(=O)NO)sc2c1,5.75448733218585,1,
Cc1ccc2cc(C(=O)NO)sc2c1F,6.339134521996131,1,
Cc1ccc2cccc(NCc3ccc(C(=O)NO)cc3)c2n1,7.958607314841775,1,
Cc1ccc2ccccc2c1N1CC(=O)N(Cc2ccc(C(=O)NO)cc2)C1=O,7.886056647693163,1,
Cc1ccc2nc3c4ccccc4c(NCCCCCCC(=O)NO)nn3c(=O)c2c1,7.481486060122112,1,
Cc1ccc2nc3c4ccccc4c(NCCCCCCCC(=O)NO)nn3c(=O)c2c1,7.431798275933005,1,
Cc1ccc2ncnc(OCc3ccc(-c4nnc(C(F)F)o4)cn3)c2c1,7.301029995663981,1,
Cc1ccc2nnc(OCc3ccc(-c4nnc(C(F)F)o4)cn3)n2c1,7.301029995663981,1,
Cc1ccc2oc(SCC(=O)c3ccc(CNC(=O)C(C)(C)C)s3)nc2n1,6.09350991698026,2,0.6072192202422145
Cc1ccc2oc(SCC(=O)c3ccc(CNC(=O)CO)s3)nc2c1,5.664141088680182,1,
Cc1cccc(-c2cc(C(=O)NCc3ccc(C(=O)NO)cc3)c3nccn3c2)c1,8.431798275933005,1,
Cc1cccc(-c2ccc(Cn3cccc(O)c3=S)cc2)c1,6.090443970758825,2,0.0
Cc1cccc(-c2cn(CCCCCC(=O)NO)nn2)c1,7.494850021680094,1,
Cc1cccc(-c2cn(CCCCCn3cccc(O)c3=S)nn2)c1,5.958607314841775,2,0.0
Cc1cccc(-c2cnc(C(=O)NCCCCCCC(=O)NO)o2)c1,8.236572006437063,1,
Cc1cccc(-c2cnc(C(=O)NCCCCCCC(=O)NO)s2)c1,8.065501548756432,1,
Cc1cccc(-c2nc(CNc3ccc(C(=O)NO)cc3)n(-c3ccccc3)n2)c1,6.55129368009492,1,
Cc1cccc(-c2ncc(/C=C/C(=O)Nc3ccccc3N)s2)c1,6.09151498112135,1,
Cc1cccc(-c2ncn(Cc3ccc(C(=O)NO)cc3)n2)c1,7.823908740944319,1,
Cc1cccc(-c2noc(-c3ccc(C(=O)C(F)(F)F)s3)n2)c1,6.167491087293763,1,
Cc1cccc(-n2nc(-c3ccccc3)nc2CNc2ccc(C(=O)NO)cc2)c1,6.411168274405792,1,
Cc1cccc(C(=O)NOCCCCCC(=O)NO)c1,7.568636235841012,1,
Cc1cccc(C)c1CNc1ncc(C(=O)NO)cn1,7.6777807052660805,1,
Cc1cccc(C)c1N(C(=O)C(C)C)c1ccc(C(=O)N(C)CCCCCCC(=O)NO)cc1,6.9226054856306245,2,0.720107349908225
Cc1cccc(C)c1N(C(=O)CC(C)C)c1ccc(C(=O)N(C)CCCCCCC(=O)NO)cc1,6.7169109327602765,2,0.6555518120191289
Cc1cccc(C)c1N(C)c1ccc(C(=O)N(C)CCCCCCC(=O)NO)c(F)c1,7.437747887582859,2,0.8598554265843086
Cc1cccc(C)c1N(C)c1ccc(C(=O)NCCCCCCC(=O)NO)c(F)c1,7.635823108989386,2,0.9407446009191954
Cc1cccc(C)c1N(c1ccc(C(=O)N(C)CCCCCCC(=O)NO)cc1)c1ncccn1,7.07351615448559,2,0.772546125050788
Cc1cccc(C)c1N(c1ccc(C(=O)NCCCCCCC(=O)NO)cc1)c1ncccn1,7.734260541478872,2,0.9385845035731238
Cc1cccc(C)c1N(c1ccccc1)c1ncc(C(=O)NCCCCCCC(=O)NO)cn1,7.582154714253788,2,1.016643172625072
Cc1cccc(C)c1Nc1ccc(C(=O)N(C)CCCCC(=O)NO)cc1,6.062481528890142,2,0.534023794030231
Cc1cccc(C)c1Nc1ccc(C(=O)N(C)CCCCCC(=O)NO)cc1,6.927184292354836,2,0.5799094095456131
Cc1cccc(C)c1Nc1ccc(C(=O)N(C)CCCCCCC(=O)NO)cc1,7.336014188188495,2,1.158082192937153
Cc1cccc(C)c1Nc1ccc(C(=O)N(C)CCCCCCC(=O)NO)cc1F,7.305594293263238,2,0.8700587762102506
Cc1cccc(C)c1Nc1ccc(C(=O)NCCCCCCC(=O)NO)c(F)c1,7.772577569995745,2,1.0610860979519436
Cc1cccc(C)c1Nc1ccc(C(=O)NCCCCCCC(=O)NO)cc1,7.876013366819096,2,0.914805791249492
Cc1cccc(C)c1Nc1ccc(C(=O)NCCCCCCC(=O)NO)cc1F,7.747425010840047,2,0.9199671324611056
Cc1cccc(C)c1Nc1ccc2c(c1)CN(CCCCCCC(=O)NO)C2=O,7.977338510606671,2,0.7715103986956997
Cc1cccc(C)c1Nc1cccc(C(=O)N(C)CCCCCCC(=O)NO)c1,7.149561645811548,2,0.5926609688656134
Cc1cccc(C)c1Nc1cccc(C(=O)NCCCCCCC(=O)NO)c1,7.6338031200885155,2,0.517880594069533
Cc1cccc(C)c1Nc1ccccc1C(=O)N(C)CCCCCCC(=O)NO,6.96747169832199,2,0.49679493062271407
Cc1cccc(C)c1Nc1ncc(C(=O)N(C)CCCCCCC(=O)NO)cn1,6.946887547551601,2,0.7560364669017016
Cc1cccc(C)c1Nc1ncc(C(=O)NCCCCCCC(=O)NO)cn1,6.889097341001725,2,0.8377641607768772
Cc1cccc(C2(Nc3ncc(-c4nnc(C(F)F)o4)cn3)CC2)c1Cl,7.552841968657781,1,
Cc1cccc(C2(Nc3ncc(C(=O)NO)cn3)CC2)c1,8.522878745280337,1,
Cc1cccc(C2CC(=O)N2C2CCN(C(=O)NCc3ccc(C(=O)NO)cc3)CC2)c1,6.399027104313252,1,
Cc1cccc(CCNC(=O)CCCCCCS)c1,5.567030709125595,1,
Cc1cccc(CCNC(=O)[C@H](CCCCCS)NC(=O)[C@@H]2CCCC(=O)N2)c1,7.823908740944319,1,
Cc1cccc(CCOc2cc(-c3noc(C(F)(F)F)n3)ccn2)n1,7.585026652029182,1,
Cc1cccc(CN2CCC3=C(C2)C(=O)N(Cc2ccc(C(=O)NO)cc2)C2=NCCN23)c1,7.259637310505756,1,
Cc1cccc(CN2CCC=C(CCC(=O)NO)C2=O)c1,5.721246399047171,1,
Cc1cccc(CNc2ncc(-c3nnc(C(F)(F)F)o3)cn2)n1,6.638272163982407,1,
Cc1cccc(CNc2ncc(-c3noc(C(F)(F)F)n3)cn2)n1,6.259637310505756,1,
Cc1cccc(Cc2cn(CCCCCC(=O)NO)c3ccc(-c4c(C)noc4C)cc23)c1,6.536107011014092,1,
Cc1cccc(Cc2cn(CCCCCCC(=O)NO)c3ccc(-c4c(C)noc4C)cc23)c1,6.536107011014092,1,
Cc1cccc(Cl)c1N(C)c1ccc(C(=O)NCCCCCCC(=O)NO)cc1,7.81725600755455,2,0.8212111898334239
Cc1cccc(Cl)c1Nc1ccc(C(=O)N(C)CCCCCCC(=O)NO)cc1,7.419016691817962,2,0.7630963772096238
Cc1cccc(N(CC(=O)NC2CCCCC2)C(=O)Cc2ccc(C(=O)NO)cc2)c1,7.301029995663981,1,
Cc1cccc(N(Cc2ncc(-c3nnc(C(F)(F)F)o3)s2)S(C)(=O)=O)c1,7.00436480540245,1,
Cc1cccc(N2CCC(NCc3ccc(-c4noc(C(F)(F)F)n4)cc3)CC2)c1,7.207608310501746,1,
Cc1cccc(NC(=O)CCCCCCC(=O)NO)c1,7.657577319177793,1,
Cc1cccc(NC(=O)[C@H](CCCCCC(=O)NO)NC(=O)[C@H]2CCC(=O)N2)c1,8.522878745280337,2,0.0
Cc1cccc(NC(=O)[C@H](CCCCCS)NC(=O)[C@@H]2CCC(=O)N2)c1,9.0,1,
Cc1cccc(NC(=O)[C@H](CCCCCS)NC(=O)[C@@H]2CCCC(=O)N2)c1,9.0,1,
Cc1cccc(NC(=O)[C@H](CCCCCS)NC(=O)[C@H]2CCC(=O)N2)c1,8.698970004336019,1,
Cc1cccc(NC(=O)[C@H](CCCCCS)NC(=O)[C@H]2CCC(=O)N2C)c1,9.0,1,
Cc1cccc(NCc2nc3cc(C(=O)NO)ccc3n2C)c1,7.920818753952375,1,
Cc1cccc(NS(=O)(=O)c2ccc(-c3noc(C(F)(F)F)n3)cc2)c1,6.327902142064282,1,
Cc1cccc(OCCOc2nc3ccccc3nc2CCC(=O)O)c1,3.7447274948966935,1,
Cc1cccc(OCc2ccc(-c3nnc(C(F)F)o3)cn2)n1,6.259637310505756,1,
Cc1cccc2c(C(=O)N3CCN(Cc4ccc(C(=O)NO)cc4)CC3)c[nH]c12,7.853871964321762,1,
Cc1cccc2c(OCc3ccc(-c4nnc(C(F)F)o4)cn3)ncnc12,7.301029995663981,1,
Cc1cccc2c3c(n(Cc4ccc(C(=O)NO)cc4)c12)CCN(C)C3,7.455931955649724,1,
Cc1cccc2nnn(Cc3ccc(-c4nnc(C(F)F)o4)cc3)c12,6.721246399047171,1,
Cc1ccccc1-c1cc(C(=O)NCc2ccc(C(=O)NO)cc2)c2nccn2c1,8.267606240177031,1,
Cc1ccccc1-c1ccc(Cn2cccc(O)c2=S)cc1,6.046418481510176,3,0.8103574501921272
Cc1ccccc1-c1cn(CCCCCC(=O)NO)nn1,7.769551078621726,1,
Cc1ccccc1-c1cn(CCCCCCC(=O)NO)nn1,8.55284196865778,1,
Cc1ccccc1-c1cn(CCCCCn2cccc(O)c2=S)nn1,6.195860567664649,2,0.0
Cc1ccccc1-c1cnc(C(=O)NCCCCCCC(=O)NO)o1,8.259637310505756,1,
Cc1ccccc1/C=C/C(=O)Nc1ccc(C(=O)NS(=O)(=O)c2ccc(NCCCCCCC(=O)NO)c([N+](=O)[O-])c2)c(Oc2ccccc2)c1,8.522878745280337,1,
Cc1ccccc1C(=O)N(CC(=O)NC(C)(C)C)Cc1ccc(C(=O)NO)cc1,7.292429823902063,1,
Cc1ccccc1C(=O)N(CC(=O)NC(C)(C)C)Cc1ccc(C(=O)NO)cc1F,7.568636235841012,1,
Cc1ccccc1C(=O)N(CC(=O)NC12CC3CC(CC(C3)C1)C2)Cc1ccc(C(=O)NO)cc1,7.522878745280337,1,
Cc1ccccc1C(=O)N(CC(=O)NC1CCCCC1)Cc1ccc(C(=O)NO)cc1F,7.7447274948966935,1,
Cc1ccccc1C(=O)N(CC(=O)NCc1ccccc1)Cc1ccc(C(=O)NO)cc1,7.522878745280337,1,
Cc1ccccc1C(=O)N(Cc1ccc(C(=O)NO)cc1)Cc1nnnn1C1CCCCC1,7.221848749616356,1,
Cc1ccccc1C1(Nc2ncc(C(=O)NO)cn2)CC1,8.698970004336019,1,
Cc1ccccc1CN1CCC2=C(C1)C(=O)N(Cc1ccc(C(=O)NO)cc1)C1=NCCN12,7.318758762624412,1,
Cc1ccccc1CN1CCC=C(CCC(=O)NO)C1=O,5.527243550682788,1,
Cc1ccccc1Cc1cn(CCCCCC(=O)NO)c2ccc(-c3c(C)noc3C)cc12,6.536107011014092,1,
Cc1ccccc1Cc1cn(CCCCCCC(=O)NO)c2ccc(-c3c(C)noc3C)cc12,6.536107011014092,1,
Cc1ccccc1Cn1c(SCc2ccc(C(=O)NO)cc2)nc2ccccc21,4.468521082957745,1,
Cc1ccccc1N(CC(=O)NC1CCCCC1)C(=O)Cc1ccc(C(=O)NO)cc1,7.769551078621726,1,
Cc1ccccc1N(CC(=O)NC1CCCCC1)C(=O)Cc1ccc(C(=O)NO)cc1F,8.045757490560675,1,
Cc1ccccc1N(c1ccccc1)c1ncc(C(=O)NCCCCCCC(=O)NO)cn1,7.443697499232712,2,0.8514414050982325
Cc1ccccc1N(c1ncc(C(=O)NCCCCCCC(=O)NO)cn1)c1ccccc1C,7.452939202079719,2,0.8383716635925738
Cc1ccccc1NC(=O)C(Cc1c[nH]c2ccccc12)NC(=O)c1ccc(/C=C/C(=O)NO)cc1,6.638272163982407,1,
Cc1ccccc1NCc1nc2cc(C(=O)NO)ccc2n1C,7.795880017344075,1,
Cc1ccccc1NS(=O)(=O)c1ccc(-c2noc(C(F)(F)F)n2)cc1,6.154901959985743,1,
Cc1ccccc1Nc1ncnc2cc(NC(=O)CCCCCCC(=O)NO)sc12,7.055517327849831,1,
Cc1ccccc1OS(=O)(=O)C1CC2OC1C(c1ccc(NC(=O)CCCCCCC(=O)O)cc1)=C2c1ccc(O)cc1,5.300162274132754,1,
Cc1ccccc1S(=O)(=O)N1CCC(Nc2ncc(C(=O)NO)cn2)(c2ccccc2)CC1,8.346787486224656,1,
Cc1cccnc1N(c1ccccc1)c1ccc(C(=O)N(C)CCCCCCC(=O)NO)cc1,7.149561645811548,2,0.5926609688656134
Cc1cccnc1N(c1ccccc1)c1ccc(C(=O)NCCCCCCC(=O)NO)cc1,7.4300604567993815,2,0.38029552917792486
Cc1cccnc1OCc1ccc(-c2nnc(C(F)F)o2)cn1,6.259637310505756,1,
Cc1ccnc(NC(=O)NCc2ccc(C(=O)NO)cc2)c1,8.657577319177793,4,0.0
Cc1ccnc(OCc2ccc(-c3nnc(C(F)F)o3)cn2)c1,7.301029995663981,1,
Cc1ccnc2c([N+](=O)[O-])cc(Cc3cnc(N)nc3N)cc12,7.6020599913279625,1,
Cc1ccncc1COc1ccc(-c2noc(C(F)(F)F)n2)cn1,7.1249387366083,1,
Cc1ccnnc1OCc1ccc(-c2noc(C(F)(F)F)n2)c(F)c1,7.086186147616283,1,
Cc1ccoc1C(=O)N1CCC2(CC1)C(=O)N(Cc1ccc(C(=O)NO)cc1)CN2c1ccccc1,7.920818753952375,1,
Cc1ccsc1-c1nc(CNc2ccc(C(=O)NO)cc2)n(-c2ccccc2)n1,7.508638306165727,1,
Cc1cn(-c2ccc(C(=O)NO)cc2)c2ccccc12,8.291579099865288,1,
Cc1cn(C(C)C(=O)N(Cc2ccc(-c3noc(C(F)(F)F)n3)cn2)c2cccc(F)c2)nn1,7.920818753952375,1,
Cc1cn(Cc2ccc(C(=O)NO)cc2)c2c1C(=O)CC(C)(C)C2,8.096910013008056,1,
Cc1cn(Cc2ccc(C(=O)NO)cc2)c2c1C(=O)CCC2,8.698970004336019,1,
Cc1cn(Cc2ccc(C(=O)NO)cc2)c2ccccc12,8.291579099865288,1,
Cc1cn([C@@H]2CO[C@@H](CO)O2)c(=O)[nH]c1=O,6.555955204081924,1,
Cc1cnc(-c2nc(C(=O)NCCCCC(=O)C(F)(F)F)c(C3CC3)s2)s1,7.638272163982407,1,
Cc1cnc(-c2nc(C(=O)NCCCCC(=O)NO)c(C3CC3)s2)s1,5.754240644032723,1,
Cc1cnc(-c2nc(C(=O)NCCCCC(=O)NO)c(CC(C)C)s2)s1,5.779368980551908,1,
Cc1cnc(-c2nc(C(=O)N[C@@H](C)c3ccc(C(=O)NO)cc3)c(C3CC3)s2)s1,7.721246399047171,1,
Cc1cnc(COc2cc(-c3noc(C(F)(F)F)n3)ccn2)cn1,7.036212172654444,1,
Cc1cnc(COc2nccc(-c3noc(C(F)(F)F)n3)c2Cl)cn1,7.075720713938118,1,
Cc1cnc(Nc2ccc(N3CCN(C)CC3)cc2)nc1-c1ccc(NC(=O)CCCCCCC(=O)NO)cc1,8.67778070526608,1,
Cc1cnc(Nc2ccc(N3CCOCC3)cc2)nc1-c1ccc(NC(=O)CCCCCCC(=O)NO)cc1,8.431798275933005,1,
Cc1cnc(Nc2ccc(OCCCCCCC(=O)NO)c(F)c2)nc1Nc1cccc(S(=O)(=O)NC(C)(C)C)c1,8.926935982160881,2,1.0918209847735307
Cc1cnc(Nc2ccc(OCCCCCCC(=O)NO)cc2)nc1Nc1cccc(S(=O)(=O)NC(C)(C)C)c1,9.06304920106777,2,0.999144537078861
Cc1cnc(Nc2ccc(OCCN3CCCC3)cc2)nc1Nc1ccc(C(=O)NO)cc1,6.568636235841012,1,
Cc1cncc(N(Cc2ncc(-c3nnc(C(F)F)o3)s2)S(=O)(=O)CCC#N)c1,7.698970004336019,3,0.0
Cc1cncc(N(Cc2ncc(-c3nnc(C(F)F)o3)s2)S(C)(=O)=O)c1,7.259637310505756,3,0.0
Cc1cncc(OCc2ccc(-c3noc(C(F)(F)F)n3)c(F)c2)c1,7.022276394711152,1,
Cc1cnccc1OCc1ccc(-c2nnc(C(F)F)o2)cn1,7.301029995663981,1,
Cc1cncnc1OCc1ccc(-c2noc(C(F)(F)F)n2)c(F)c1,7.356547323513812,1,
Cc1cncnc1OCc1ccc(-c2noc(C(F)(F)F)n2)cn1,7.4089353929735005,1,
Cc1coc(C(=O)CCCCC[C@H](NC(=O)C2CCN(C)CC2)c2nc(-c3ccc(F)cc3)c[nH]2)n1,4.823908740944319,1,
Cc1csc(-c2nc(C(=O)NCCCCC(=O)NO)c(C3CC3)s2)n1,7.036212172654444,1,
Cc1csc(-c2nc(C(=O)N[C@@H](C)c3ccc(C(=O)NO)cc3)c(C3CC3)s2)n1,7.721246399047171,1,
Cc1csc(NC(=O)c2cn(CCCCC(=O)NO)c3ccccc3c2=O)n1,10.0,1,
Cc1csc(Nc2ccc(C(=O)NO)cc2)n1,6.863279432843593,2,0.0
Cc1csc(OCc2ccc(-c3noc(C(F)(F)F)n3)c(F)c2)n1,7.031517051446065,1,
Cc1n[nH]c(CC(=O)N(Cc2ccc(-c3noc(C(F)(F)F)n3)cn2)c2cccc(F)c2)n1,8.036212172654444,1,
Cc1n[nH]c2c1CC(NCc1ccc(-c3noc(C(F)(F)F)n3)cn1)CC2,7.537602002101044,1,
Cc1nc(-c2ccc(OCC(C)C)c(C#N)c2)sc1C(=O)NCCCCCCC(=O)NO,8.886056647693163,1,
Cc1nc(-c2cccc(/C=C/C(=O)NO)c2)n(CCN2CCOCC2)c1-c1ccccc1,6.920818753952375,1,
Cc1nc(-c2cccc(/C=C/C(=O)NO)c2)n(CCN2CCOCC2)c1C,6.795880017344075,1,
Cc1nc(-c2cccc(/C=C/C(=O)NO)c2)n(CCN2CCOCC2)c1Cc1ccccc1,7.102372908709558,1,
Cc1nc(-c2cccc(/C=C/C(=O)NO)c2)n(CCc2ccccc2)c1-c1ccccc1,7.102372908709558,1,
Cc1nc(-c2cccc(/C=C/C(=O)NO)c2)n(CCc2ccccc2)c1C,7.200659450546418,1,
Cc1nc(-c2cccc(/C=C/C(=O)NO)c2)n(CCc2ccccc2)c1Cc1ccccc1,7.301029995663981,1,
Cc1nc(-c2cccc(/C=C/C(=O)NO)c2)n([C@@H]2CCCN(C(C)C)C2)c1-c1ccccc1,7.0,1,
Cc1nc(-c2cccc(/C=C/C(=O)NO)c2)n([C@@H]2CCCN(C)C2)c1-c1ccccc1,7.102372908709558,1,
Cc1nc(-c2ccccc2)n(CCc2ccccc2)c1-c1cccc(/C=C/C(=O)NO)c1,7.102372908709558,1,
Cc1nc(-c2nc(C(=O)NCCCCC(=O)NO)c(C3CC3)s2)sc1C,6.247951552180561,1,
Cc1nc(-c2nc(C(=O)NCCCCC(=O)NO)c(CC(C)C)s2)cs1,5.689306687656639,1,
Cc1nc(-c2nc(C(=O)NCCCCC(=O)NO)cs2)cs1,5.923724355907059,2,0.0010305129575859068
Cc1nc(-c2nc(C(=O)N[C@H](C(=O)OC/C=C/CCS)C(C)C)cs2)cs1,5.364315283951908,2,0.000284213415183385
Cc1nc(C(=O)NCC(=O)NO)cc2c1[nH]c1ccccc12,5.270025714300445,1,
Cc1nc(C(=O)NCCC(=O)NO)cc2c1[nH]c1ccccc12,5.610833915635467,1,
Cc1nc(C(=O)NCCCC(=O)NO)cc2c1[nH]c1ccccc12,5.917214629683549,1,
Cc1nc(C(=O)NCCCCC(=O)NO)cc2c1[nH]c1ccccc12,5.899629454882437,1,
Cc1nc(C(=O)NCCCCCC(=O)NO)cc2c1[nH]c1ccccc12,5.844663962534938,1,
Cc1nc(C)c(C(=O)Nc2cccc(C(=O)NO)c2)nc1C,6.772113295386326,1,
Cc1nc(C)n(CC(=O)N(Cc2ccc(-c3noc(C(F)(F)F)n3)cc2)c2cccc(C(F)(F)F)c2)n1,7.431798275933005,1,
Cc1nc(C)n(CCc2ccccc2)c1-c1cccc(/C=C/C(=O)NO)c1,6.920818753952375,1,
Cc1nc(COc2cc(-c3noc(C(F)(F)F)n3)ccn2)no1,7.259637310505756,1,
Cc1nc(Cc2ccccc2)n(CCc2ccccc2)c1-c1cccc(/C=C/C(=O)NO)c1,7.200659450546418,1,
Cc1nc(Cl)cc(OCc2ccc(-c3nnc(C(F)F)o3)cn2)n1,7.301029995663981,1,
Cc1nc(Cl)cnc1COc1ccc(-c2noc(C(F)(F)F)n2)cn1,6.721246399047171,1,
Cc1nc(F)ccc1-c1cn(Cc2ccc(-c3nnc(C(F)F)o3)cc2)nn1,6.665546248849069,1,
Cc1nc(N(C)c2ccc(OCC(=O)NO)cc2)c2ccccc2n1,8.065501548756432,1,
Cc1nc(N(C)c2ccc(OCCCC(=O)NO)cc2)c2ccccc2n1,6.707743928643524,1,
Cc1nc(N(C)c2ccc(OCCCCC(=O)NO)cc2)c2ccccc2n1,7.2441251443275085,1,
Cc1nc(N(C)c2ccc(OCCCCCC(=O)NO)cc2)c2ccccc2n1,7.468521082957745,1,
Cc1nc(N)nc(N[C@@H](C)c2nc3cccc(NCc4ccc(C(=O)NO)cc4)c3c(=O)n2-c2ccccc2)c1C#N,8.096910013008056,1,
Cc1nc(NC(=O)N2C[C@H](NC(=O)CCCC(=O)NO)C[C@H]2C(N)=O)sc1-c1ccnc(C(C)(C)C(F)(F)F)c1,6.818156412055227,1,
Cc1nc(NC(=O)N2C[C@H](NC(=O)CCCCC(=O)NO)C[C@H]2C(N)=O)sc1-c1ccnc(C(C)(C)C(F)(F)F)c1,6.167491087293763,1,
Cc1nc(NC(=O)N2C[C@H](NC(=O)CCCCCCC(=O)NO)C[C@H]2C(N)=O)sc1-c1ccnc(C(C)(C)C(F)(F)F)c1,7.552841968657781,1,
Cc1nc(NC(=O)N2C[C@H](NC(=O)Cc3ccc(C(=O)NO)cc3)C[C@H]2C(N)=O)sc1-c1ccnc(C(C)(C)C(F)(F)F)c1,6.886056647693163,1,
Cc1nc(NC(=O)N2C[C@H](NC(=O)c3ccc(C(=O)NO)cc3)C[C@H]2C(N)=O)sc1-c1ccnc(C(C)(C)C(F)(F)F)c1,7.346787486224656,1,
Cc1nc(NC(=O)N2C[C@H](NC(=O)c3ccc(C(=O)NO)cn3)C[C@H]2C(N)=O)sc1-c1ccnc(C(C)(C)C(F)(F)F)c1,8.008773924307505,1,
Cc1nc(NC(=O)N2C[C@H](NS(=O)(=O)Cc3ccc(C(=O)NO)cc3)C[C@H]2C(N)=O)sc1-c1ccnc(C(C)(C)C(F)(F)F)c1,7.585026652029182,1,
Cc1nc(NC(=O)N2C[C@H](NS(=O)(=O)c3ccc(C(=O)NO)cc3)C[C@H]2C(N)=O)sc1-c1ccnc(C(C)(C)C(F)(F)F)c1,7.42021640338319,1,
Cc1nc(NC(=O)N2C[C@H](Nc3ccc(C(=O)NO)cn3)C[C@H]2C(N)=O)sc1-c1ccnc(C(C)(C)C(F)(F)F)c1,7.275724130399211,1,
Cc1nc(NC(=O)N2C[C@H](Nc3ncc(C(=O)NO)cn3)C[C@H]2C(N)=O)sc1-c1ccnc(C(C)(C)C(F)(F)F)c1,7.4089353929735005,1,
Cc1nc(OCc2ccc(-c3nnc(C(F)F)o3)cn2)c2ccccc2n1,7.301029995663981,1,
Cc1nc(OCc2ccc(-c3noc(C(F)(F)F)n3)c(F)c2)c2cnn(C)c2n1,7.136677139879544,1,
Cc1nc(SCC(=O)c2ccc(CCNS(C)(=O)=O)s2)c2ccccc2n1,6.522878745280337,1,
Cc1nc(SCC(=O)c2ccc(CNC(=O)C(C)(C)C)s2)c2cc(F)ccc2n1,6.522878745280337,1,
Cc1nc(SCC(=O)c2ccc(CNC(=O)C(C)(C)C)s2)c2ccc(Cl)cc2n1,6.522878745280337,1,
Cc1nc(SCC(=O)c2ccc(CNC(=O)C(C)(C)C)s2)c2ccc(F)cc2n1,6.522878745280337,1,
Cc1nc(SCC(=O)c2ccc(CNC(=O)C(C)(C)C)s2)c2cccc(F)c2n1,6.522878745280337,1,
Cc1nc(SCC(=O)c2ccc(CNC(=O)C(C)(C)C)s2)c2ccccc2n1,5.664141088680182,1,
Cc1nc(SCC(=O)c2ccc(CNC(=O)C(C)(C)C)s2)c2cccnc2n1,5.664141088680182,1,
Cc1nc(SCC(=O)c2ccc(CNC(=O)C(C)(C)C)s2)c2cnn(C)c2n1,6.1249387366083,1,
Cc1nc(SCC(=O)c2ccc(CNC(=O)C(C)(C)C)s2)c2ncccc2n1,6.522878745280337,1,
Cc1nc(SCC(=O)c2ccc(CNC(=O)C3CC3(F)F)s2)c2cc(OC(F)(F)F)ccc2n1,6.522878745280337,1,
Cc1nc(SCC(=O)c2ccc(CNC(=O)C3CC3(F)F)s2)c2cccnc2n1,6.522878745280337,1,
Cc1nc(SCC(=O)c2ccc(CNC(=O)C3CC3)s2)c2ccccc2n1,6.522878745280337,1,
Cc1nc(SCC(=O)c2ccc(CNC(=O)CO)s2)c2cc(F)ccc2n1,6.522878745280337,1,
Cc1nc(SCC(=O)c2ccc(CNC(=O)CO)s2)c2ccc(F)cc2n1,6.522878745280337,1,
Cc1nc(SCC(=O)c2ccc(CNC(=O)CO)s2)c2cn(C)nc2n1,6.1249387366083,1,
Cc1nc(SCC(=O)c2ccc(CNS(=O)(=O)CC3CC3)s2)c2ccccc2n1,6.522878745280337,1,
Cc1nc(SCC(=O)c2ccc(CNS(C)(=O)=O)s2)c2ccccc2n1,6.09350991698026,2,0.6072192202422145
Cc1nc2c(F)cc(-c3nc(Nc4cc(C(=O)NO)ccn4)ncc3F)cc2n1C(C)C,7.259637310505756,1,
Cc1nc2c(F)cc(-c3nc(Nc4ccc(-c5ccc(C(=O)NO)cn5)cn4)ncc3F)cc2n1C(C)C,6.522878745280337,1,
Cc1nc2c(F)cc(-c3nc(Nc4ccc(/C=C/C(=O)NO)cn4)ncc3F)cc2n1C(C)C,7.259637310505756,1,
Cc1nc2c(F)cc(-c3nc(Nc4ccc(C(=O)NO)nc4)ncc3F)cc2n1C(C)C,6.1249387366083,1,
Cc1nc2c(F)cc(-c3nc(Nc4ccc(CN5CCN(CCCCCCC(=O)NO)CC5)cn4)ncc3F)cc2n1C(C)C,7.259637310505756,1,
Cc1nc2c(F)cc(-c3nc(Nc4ccc(CNC(=O)CC(=O)NO)cc4)ncc3F)cc2n1C(C)C,8.229147988357855,1,
Cc1nc2c(F)cc(-c3nc(Nc4ccc(CNC(=O)CCCCCCC(=O)NO)cc4)ncc3F)cc2n1C(C)C,8.229147988357855,1,
Cc1nc2c(F)cc(-c3nc(Nc4ccc(N(C)CCCCCCC(=O)NO)cn4)ncc3F)cc2n1C(C)C,7.259637310505756,1,
Cc1nc2c(F)cc(-c3nc(Nc4ccc(N(C)CCN(C)c5ncc(C(=O)NO)cn5)cn4)ncc3F)cc2n1C(C)C,7.259637310505756,1,
Cc1nc2c(F)cc(-c3nc(Nc4ccc(N(C)Cc5ccc(/C=C/C(=O)NO)cc5)cn4)ncc3F)cc2n1C(C)C,7.259637310505756,2,0.0
Cc1nc2c(F)cc(-c3nc(Nc4ccc(N5CCC(C(=O)NO)CC5)cn4)ncc3F)cc2n1C(C)C,6.522878745280337,1,
Cc1nc2c(F)cc(-c3nc(Nc4ccc(N5CCN(CCC(=O)NO)CC5)cn4)ncc3F)cc2n1C(C)C,7.522878745280337,1,
Cc1nc2c(F)cc(-c3nc(Nc4ccc(N5CCN(CCCCC(=O)NO)CC5)cn4)ncc3F)cc2n1C(C)C,7.259637310505756,1,
Cc1nc2c(c(=O)[nH]1)CC(NCc1ccc(-c3noc(C(F)(F)F)n3)cc1)CC2,7.142667503568731,1,
Cc1nc2c(c(N(C)c3ccc(OCC(=O)NO)cc3)n1)CCC2,7.769551078621726,1,
Cc1nc2c(c(N(C)c3ccc(OCCCC(=O)NO)cc3)n1)CCC2,7.3979400086720375,1,
Cc1nc2c(c(N(C)c3ccc(OCCCCC(=O)NO)cc3)n1)CCC2,7.200659450546418,1,
Cc1nc2c(c(N(C)c3ccc(OCCCCCC(=O)NO)cc3)n1)CCC2,7.698970004336019,1,
Cc1nc2c(s1)Sc1ccccc1N2Cc1ccc(C(=O)NO)cc1,7.431798275933005,1,
Cc1nc2cc(/C=C/C(=O)NO)ccc2c(=O)n1-c1ccccc1,7.207608310501746,1,
Cc1nc2cc(Cl)c(Cl)cc2n1Cc1ccc(-c2nnc(C(F)F)o2)cn1,7.376750709602099,1,
Cc1nc2cc(F)ccc2n1Cc1ccc(-c2noc(C(F)(F)F)n2)cc1F,6.958607314841775,1,
Cc1nc2cc(F)ccc2n1Cc1ccc(-c2noc(C(F)(F)F)n2)cn1,7.568636235841012,1,
Cc1nc2cc(NC(=O)CCCCCCCNC(=O)COc3cccc4c3C(=O)N(C3CCC(=O)NC3=O)C4=O)ccc2n1Cc1ccc(C(=O)NO)cc1F,6.189095719331299,1,
Cc1nc2cc(NC(=O)CCOCCOCCOCCNC(=O)COc3cccc4c3C(=O)N(C3CCC(=O)NC3=O)C4=O)ccc2n1Cc1ccc(C(=O)NO)cc1F,5.8814046347762385,1,
Cc1nc2cc(NC(=O)CCOCCOCCOCCOCCNC(=O)CNc3cccc4c3C(=O)N(C3CCC(=O)NC3=O)C4=O)ccc2n1Cc1ccc(C(=O)NO)cc1F,5.847711655616944,1,
Cc1nc2cc(NC(=O)CCOCCOCCOCCOCCNC(=O)COc3cccc4c3C(=O)N(C3CCC(=O)NC3=O)C4=O)ccc2n1Cc1ccc(C(=O)NO)cc1F,5.82564940252062,1,
Cc1nc2cc(OCc3ccc(-c4nnc(C(F)F)o4)cn3)ccc2o1,7.301029995663981,1,
Cc1nc2cc(OCc3ncc(-c4nnc(C(F)F)o4)cc3F)ccc2o1,7.301029995663981,1,
Cc1nc2cc(OCc3ncc(-c4nnc(C(F)F)o4)cn3)ccc2o1,7.301029995663981,1,
Cc1nc2ccc(/C=C/CC(=O)NO)cc2c(=O)n1-c1ccccc1,6.774690718274137,1,
Cc1nc2ccc(F)cc2n1Cc1ccc(-c2noc(C(F)(F)F)n2)cc1F,7.251811972993799,1,
Cc1nc2ccc(F)cc2n1Cc1ccc(-c2noc(C(F)(F)F)n2)cn1,7.886056647693163,1,
Cc1nc2ccc(OCc3ccc(-c4nnc(C(F)F)o4)cn3)cc2o1,7.301029995663981,1,
Cc1nc2ccccc2n1CCNCc1ccc(/C=C/C(=O)NO)cc1,7.42021640338319,1,
Cc1nc2ccccc2n1Cc1ccc(C(=O)NO)cc1,8.036212172654444,1,
Cc1nc2ccccc2n1Cc1ccc(C(=O)NO)cc1F,8.751412245994084,5,0.31293819689282426
Cc1nc2ccccc2n1Cc1ncc(C(=O)NO)cc1F,8.920818753952375,1,
Cc1ncc(-c2ccc(C(C(=O)NO)c3ccccc3F)cc2)cn1,5.214670164989233,1,
Cc1ncc(-c2nnn(Cc3ccc(-c4nnc(C(F)F)o4)cc3)n2)cc1N,7.552841968657781,1,
Cc1ncc(C(=O)N(Cc2ccc(-c3noc(C(F)(F)F)n3)cn2)c2cccc(F)c2)cn1,8.236572006437063,1,
Cc1ncc(C(=O)NO)cc1F,7.920818753952375,1,
Cc1ncc(CC(=O)N(Cc2ccc(-c3noc(C(F)(F)F)n3)cn2)c2cccc(F)c2)s1,7.721246399047171,1,
Cc1ncc(COc2nccc(-c3noc(C(F)(F)F)n3)c2Cl)c(C)n1,7.167491087293763,1,
Cc1ncc(F)c(OCc2ccc(-c3nnc(C(F)F)o3)cn2)n1,7.301029995663981,1,
Cc1ncc(OCc2ccc(-c3noc(C(F)(F)F)n3)c(F)c2)cn1,7.318758762624412,1,
Cc1ncc(OCc2ccc(-c3noc(C(F)(F)F)n3)cn2)cn1,7.0915149811213505,1,
Cc1nccc(OCc2ccc(-c3noc(C(F)(F)F)n3)c(F)c2)n1,7.036212172654444,1,
Cc1ncccc1-c1cn(Cc2c(F)cc(-c3nnc(C(F)F)o3)cc2F)nn1,7.3872161432802645,1,
Cc1ncccc1-c1cn(Cc2ccc(-c3nnc(C(F)F)o3)cn2)nn1,7.366531544420414,1,
Cc1ncccc1-c1nc2cc(C(=O)NO)ccc2o1,7.267606240177031,1,
Cc1nccn1C(C)C(=O)N(Cc1ccc(-c2noc(C(F)(F)F)n2)cn1)c1cccc(F)c1,8.0,1,
Cc1nccn1CC1C(=O)c2c(n(Cc3ccc(C(=O)NO)cc3)c3ccccc23)CC1(C)C,7.455931955649724,1,
Cc1nccn1CC1CCc2c(c3cc(F)ccc3n2Cc2ccc(C(=O)NO)cc2)C1=O,8.045757490560675,1,
Cc1nccnc1C(=O)N(Cc1ccc(-c2noc(C(F)(F)F)n2)cn1)c1cccc(F)c1,8.086186147616283,1,
Cc1ncsc1CCn1cc(NC(=O)CCS/C=C\c2ccccc2)cn1,4.525783735923745,1,
Cc1nn(Cc2ccc(C(=O)NO)cc2)c2c1C(=O)CC(C)(C)C2,7.920818753952375,1,
Cc1nnc(-c2ccc(C(=O)NO)cc2)[nH]1,6.452225294612178,2,0.0
Cc1nnc(CC(=O)N(Cc2ccc(-c3noc(C(F)(F)F)n3)cc2)c2cccc(C(F)(F)F)c2)n1C,7.508638306165727,1,
Cc1nnc(CC(=O)N(Cc2ccc(-c3noc(C(F)(F)F)n3)cn2)c2cccc(F)c2)s1,8.0268721464003,1,
Cc1nnc(SCC(=O)c2ccc(CNC(=O)C(C)(C)C)s2)c2ccccc12,6.522878745280337,1,
Cc1nnc2n1-c1ccc(Cl)cc1C(c1ccccc1Cl)=N[C@H]2CC(=O)NCc1ccc(C(=O)NO)cc1,5.468521082957745,1,
Cc1nnc2n1-c1ccc(Cl)cc1C(c1ccccc1Cl)=N[C@H]2CC(=O)Nc1ccc(/C=C/C(=O)NO)cc1,7.455931955649724,1,
Cc1nnc2n1-c1ccc(Cl)cc1C(c1ccccc1Cl)=N[C@H]2CC(=O)Nc1ccc(CC(=O)NO)cc1,5.356547323513812,1,
Cc1nnc2n1-c1ccccc1C(c1ccc(Cl)cc1)=N[C@H]2CC(=O)NCc1ccc(C(=O)NO)cc1,5.568636235841012,1,
Cc1nnc2n1-c1ccccc1C(c1ccc(Cl)cc1)=N[C@H]2CC(=O)Nc1ccc(/C=C/C(=O)NO)cc1,6.376750709602099,1,
Cc1nnc2n1-c1ccccc1C(c1ccc(Cl)cc1)=N[C@H]2CC(=O)Nc1ccc(C(=O)NO)cc1,6.795880017344075,1,
Cc1nnc2n1-c1ccccc1C(c1ccc(Cl)cc1)=N[C@H]2CC(=O)Nc1ccc(CC(=O)NO)cc1,5.552841968657781,1,
Cc1nnc2n1-c1ccccc1C(c1ccccc1)=N[C@H]2CC(=O)NCc1ccc(C(=O)NO)cc1,5.552841968657781,1,
Cc1nnc2n1-c1ccccc1C(c1ccccc1)=N[C@H]2CC(=O)Nc1ccc(/C=C/C(=O)NO)cc1,7.795880017344075,1,
Cc1nnc2n1-c1ccccc1C(c1ccccc1)=N[C@H]2CC(=O)Nc1ccc(C(=O)NO)cc1,7.187086643357144,1,
Cc1nnc2n1-c1ccccc1C(c1ccccc1)=N[C@H]2CC(=O)Nc1ccc(CC(=O)NO)cc1,5.187086643357144,1,
Cc1nnc2n1-c1sc3c(c1C(c1ccc(Cl)cc1)=N[C@H]2CC(=O)NCc1ccc(C(=O)NO)cc1)CCCC3,5.366531544420413,1,
Cc1nnc2n1-c1sc3c(c1C(c1ccc(Cl)cc1)=N[C@H]2CC(=O)Nc1ccc(/C=C/C(=O)NO)cc1)CCCC3,6.823908740944319,1,
Cc1nnc2n1-c1sc3c(c1C(c1ccc(Cl)cc1)=N[C@H]2CC(=O)Nc1ccc(C(=O)NO)cc1)CCCC3,7.327902142064282,1,
Cc1nnc2n1-c1sc3c(c1C(c1ccc(Cl)cc1)=N[C@H]2CC(=O)Nc1ccc(CC(=O)NO)cc1)CCCC3,5.657577319177793,1,
Cc1nnn(Cc2ccc(-c3nnc(C(F)F)o3)cc2)c1-c1ccccc1,6.163675884293248,1,
Cc1noc(-c2ccc(C(=O)C(F)(F)F)s2)n1,6.187086643357144,2,0.0
Cc1noc(-c2cccc(F)c2)c1C#CCCCCCNC(=O)C(C)S,5.585026652029182,1,
Cc1noc(-c2ccccc2)c1C#CCCCCCNC(=O)C(C)S,5.698970004336019,1,
Cc1noc(C)c1-c1cc2cc(C(=O)NO)ccc2s1,7.443697499232712,2,0.0
Cc1noc(C)c1-c1ccc(-c2nc3cc(C(=O)NO)ccc3o2)cc1,7.508638306165727,1,
Cc1noc(C)c1-c1ccc(C2CC2NCC2CCN(C(=O)/C=C/c3ccc(C(=O)NO)cc3)CC2)cc1,6.8696662315049934,1,
Cc1noc(C)c1-c1ccc(C2CC2NCC2CCN(Cc3ccc(C(=O)NO)cc3)CC2)cc1,6.85078088734462,1,
Cc1noc(C)c1-c1ccc(C2CC2NCC2CCN(Cc3ccc(C(=O)NO)cn3)CC2)cc1,6.135488918941608,1,
Cc1noc(C)c1-c1ccc(C2CC2NCC2CN(CCCc3ccc(C(=O)NO)cc3)C2)cc1,7.236572006437063,1,
Cc1noc(C)c1-c1ccc(C2CC2NCC2CN(CCCc3cccc(C(=O)NO)c3)C2)cc1,6.416801226031377,1,
Cc1noc(C)c1-c1ccc([C@H]2C[C@@H]2NCC2CCN(CCCc3ccc(C(=O)NO)cc3)CC2)cc1,7.236572006437063,1,
Cc1noc(C)c1-c1ccc2c(c1)c(CCc1ccc(F)cc1)cn2CCCCCC(=O)NO,6.536107011014092,1,
Cc1noc(C)c1-c1ccc2c(c1)c(CCc1ccc(F)cc1)cn2CCCCCCC(=O)NO,6.536107011014092,1,
Cc1noc(C)c1-c1ccc2c(c1)c(CCc1ccccc1)cn2CCCCCC(=O)NO,6.536107011014092,1,
Cc1noc(C)c1-c1ccc2c(c1)c(CCc1ccccc1)cn2CCCCCCC(=O)NO,6.536107011014092,1,
Cc1noc(C)c1-c1ccc2c(c1)c(Cc1ccc(F)cc1)cn2CCCCCC(=O)NO,6.536107011014092,1,
Cc1noc(C)c1-c1ccc2c(c1)c(Cc1ccc(F)cc1)cn2CCCCCCC(=O)NO,6.536107011014092,1,
Cc1noc(C)c1-c1ccc2c(c1)c(Cc1cccc(C(F)(F)F)c1)cn2CCCCCC(=O)NO,6.536107011014092,1,
Cc1noc(C)c1-c1ccc2c(c1)c(Cc1ccccc1)cn2CCCCCC(=O)NO,6.536107011014092,1,
Cc1noc(C)c1-c1ccc2c(c1)c(Cc1ccccc1)cn2CCCCCCC(=O)NO,6.536107011014092,1,
Cc1noc(C)c1-c1cccc2c1C(=O)N(Cc1ccc(-c3nnc(C(F)F)o3)cn1)C(=O)C2(C)C,7.055517327849831,1,
Cc1noc(C)c1-c1cn(Cc2ccc(C(=O)NO)cc2)c(=O)c(N2CCOCC2)n1,7.494850021680094,1,
Cc1noc(C)c1-c1nc2sc3c(c2c(=O)[nH]1)CCN(CC(=O)NO)C3,6.341988603342887,1,
Cc1noc(C)c1-c1nc2sc3c(c2c(=O)[nH]1)CCN(CC(=O)Nc1ccccc1N)C3,6.407823242604133,1,
Cc1noc(C)c1-c1nc2sc3c(c2c(=O)[nH]1)CCN(CCCC(=O)NO)C3,6.333482019445119,1,
Cc1noc(C)c1-c1nc2sc3c(c2c(=O)[nH]1)CCN(CCCCCC(=O)NO)C3,6.806875401645538,1,
Cc1noc(C)c1-c1nc2sc3c(c2c(=O)[nH]1)CCN(CCCCCC(=O)Nc1ccccc1N)C3,6.707743928643524,1,
Cc1noc(C2CCCC(=O)N2c2ccc(-c3noc(C(F)(F)F)n3)cc2)n1,7.537602002101044,1,
Cc1noc(CC(=O)N(Cc2ccc(-c3noc(C(F)(F)F)n3)cn2)c2cccc(F)c2)n1,7.886056647693163,1,
Cc1noc([C@@H]2CCC(=O)N2c2cc(F)c(-c3noc(C(F)(F)F)n3)cc2F)n1,8.4089353929735,1,
Cc1noc([C@@H]2CCC(=O)N2c2ccc(-c3noc(C(F)(F)F)n3)c(F)c2)n1,7.886056647693163,1,
Cc1noc([C@@H]2CCC(=O)N2c2ccc(-c3noc(C(F)(F)F)n3)c(F)c2F)n1,7.853871964321762,1,
Cc1noc([C@@H]2CCC(=O)N2c2ccc(-c3noc(C(F)(F)F)n3)cc2)n1,8.187086643357144,1,
Cc1noc([C@@H]2CCC(=O)N2c2ccc(-c3noc(C(F)(F)F)n3)cc2F)n1,7.7447274948966935,1,
Cc1noc([C@@H]2CCCCN2c2ccc(-c3noc(C(F)(F)F)n3)cn2)n1,7.585026652029182,1,
Cc1noc([C@@H]2COCC(=O)N2c2ccc(-c3noc(C(F)(F)F)n3)cc2)n1,7.537602002101044,1,
Cc1noc([C@H]2CCCCN2c2cc(F)c(-c3noc(C(F)(F)F)n3)cc2F)n1,7.1938200260161125,1,
Cc1noc([C@H]2CCCCN2c2ccc(-c3noc(C(F)(F)F)n3)c(Cl)c2)n1,5.795880017344075,1,
Cc1noc([C@H]2CCCCN2c2ccc(-c3noc(C(F)(F)F)n3)cn2)n1,7.585026652029182,1,
Cc1noc([C@H]2CCCCN2c2ncc(-c3noc(C(F)(F)F)n3)cc2Cl)n1,6.494850021680094,1,
Cc1noc([C@H]2CCCCN2c2ncc(-c3noc(C(F)(F)F)n3)cn2)n1,6.958607314841775,1,
Cc1noc2cc(OCc3ccc(-c4nnc(C(F)F)o4)cn3)ccc12,7.301029995663981,1,
Cc1noc2cc(OCc3ncc(-c4nnc(C(F)F)o4)cc3F)ccc12,7.301029995663981,1,
Cc1noc2cc(OCc3ncc(-c4nnc(C(F)F)o4)cn3)ccc12,7.301029995663981,1,
Cc1noc2cccc(OCc3ccc(-c4nnc(C(F)F)o4)cn3)c12,7.301029995663981,1,
Cc1noc2cccc(OCc3ncc(-c4nnc(C(F)F)o4)cn3)c12,7.301029995663981,1,
Cc1nonc1C1CCCN1c1ccc(-c2noc(C(F)(F)F)n2)cn1,7.0,1,
Cc1nonc1CC(=O)N(Cc1ccc(-c2noc(C(F)(F)F)n2)cn1)c1cccc(F)c1,7.958607314841775,1,
Cc1nsc(N(CCCCCCC(=O)NO)c2ccccn2)n1,8.75448733218585,1,
Cc1oc2ccc(OCC(=O)NN)cc2c1C(=O)OC(C)C,9.207608310501746,1,
Cc1onc(-c2ccccc2)c1/C=C/CCCCCNC(=O)CS,5.455931955649724,1,
Cc1onc(-c2ccccc2)c1/C=C\CCCCCNC(=O)CS,5.318758762624412,1,
Cc1onc(-c2ccccc2)c1C(=O)NCCCCCCC(=O)NO,6.7447274948966935,1,
Cc1onc(-c2ccccc2)c1C(=O)NCCCCCNC(=O)C(C)S,5.958607314841775,1,
Cc1onc(-c2ccccc2)c1C(=O)NCCCCCNC(=O)CS,6.585026652029182,3,0.0
Cc1onc(-c2ccccc2)c1C(=O)NCCCCCNC(=O)[C@@H](C)S,6.552841968657781,1,
Cc1onc(-c2ccccc2)c1C=CCCCCCNC(=O)C(C)S,5.008773924307505,1,
Cc1onc(-c2ccccc2)c1C=CCCCCCNC(=O)CS,5.568636235841012,1,
Cc1onc(-c2ccccc2)c1COCCCCCNC(=O)C(C)S,6.070581074285707,1,
Cc1onc(-c2ccccc2)c1COCCCCCNC(=O)[C@@H](C)S,6.080921907623926,1,
Cc1sc(-c2nccs2)nc1C(=O)NCCCCC(=O)NO,5.955460947122331,2,0.0011086386523876059
Cc1sc2c(c1C)C(c1ccc(Cl)cc1)=N[C@@H](CC(=O)NCCCC(=O)Nc1ccccc1N)c1nnc(C)n1-2,7.508638306165726,3,0.0
Cc1sc2c(c1C)C(c1ccc(Cl)cc1)=N[C@@H](CC(=O)Nc1ccc(C(=O)NO)cc1)c1nnc(C)n1-2,7.625465799688996,4,0.10462981115416804
Cc1sc2c(c1C)C(c1ccc(Cl)cc1)=N[C@@H](CC(=O)OC(C)(C)C)c1nnc(C)n1-2,6.536107011014092,1,
Cl.O=C(/C=C/c1ccc(OC[C@H](Cc2c[nH]c3ccccc23)NCc2ccc(Cl)cc2)cc1)NO,6.531652669587842,1,
Clc1ccc2nc3[nH]c4ccccc4c3c(NCCN3CCCC3)c2c1,6.823908740944319,1,
Cn1c(-c2ccc(-c3ccccc3)cc2)nc2cc(C(=O)NO)ccc21,8.443697499232712,2,0.0
Cn1c(-c2ccc(OCc3ccc(-c4nnc(C(F)F)o4)cn3)cc2)nc2ccccc21,7.301029995663981,1,
Cn1c(-c2cccc(/C=C/C(=O)NO)c2)nc2ccccc21,7.102372908709558,1,
Cn1c(-c2cccc(OCc3ccc(-c4nnc(C(F)F)o4)cn3)c2)nc2ccccc21,7.301029995663981,1,
Cn1c(-c2nc3ccc(C(=O)NO)cc3[nH]2)cc2ccccc21,7.823908740944319,1,
Cn1c(/C=C/C(=O)NO)ccc1/C=C/C(=O)c1cccc(F)c1,5.075720713938118,1,
Cn1c(/C=C/C(=O)NO)ccc1/C=C/C(=O)c1cccnc1,6.267606240177031,1,
Cn1c(/C=C/C(=O)NO)ccc1/C=C/C(=O)c1cccs1,6.107905397309519,1,
Cn1c(=N)n(C)c2cc(-c3cn(Cc4ccc(-c5nnc(C(F)F)o5)cc4)nn3)ccc21,7.119186407719209,1,
Cn1c(=O)[nH]c2cc(-c3nnn(Cc4ccc(-c5nnc(C(F)F)o5)cc4)n3)ccc21,6.860120913598763,1,
Cn1c(=O)c(CCC(=O)O)nc2ccccc21,4.170994301671444,2,0.02275800786225973
Cn1c(=O)c(OCc2ccc(C(=O)NO)cc2)c(-c2ccccc2)c2ccccc21,6.284832642151542,1,
Cn1c(=O)c(OCc2ccc(C(=O)NO)cc2)c(-c2cccnc2)c2ccccc21,7.337242168318426,1,
Cn1c(=O)c(OCc2ccc(C(=O)NO)cc2)c(C2CCCCC2)c2ccccc21,7.481486060122112,1,
Cn1c(=O)c2ccc(Cl)cc2n(Cc2ccc(C(=O)NO)cc2)c1=O,8.397940008672037,1,
Cn1c(=O)ccc2cc(-c3c[nH]c([C@@H](N)CCCCCC(=O)c4ccon4)n3)ccc21,4.823908740944319,1,
Cn1c(=O)ccc2cc(C(=O)NCCCCCCC(=O)NO)ccc21,7.0655015487564325,1,
Cn1c(=O)n(-c2ccc(C(C)(C)C#N)cc2)c2c3cc(-c4cnc5ccccc5c4)ccc3ncc21,8.698970004336019,1,
Cn1c(=O)n(Cc2ccc(-c3nnc(C(F)F)o3)cn2)c(=O)c2cc(-c3cccc(F)c3)ccc21,7.3872161432802645,1,
Cn1c(=O)n(Cc2ccc(-c3nnc(C(F)F)o3)cn2)c(=O)c2cc(-c3ccccc3F)ccc21,7.267606240177031,1,
Cn1c(=O)n(Cc2ccc(-c3nnc(C(F)F)o3)cn2)c(=O)c2cc(-c3cccnc3)ccc21,7.481486060122112,1,
Cn1c(=O)n(Cc2ccc(-c3nnc(C(F)F)o3)cn2)c(=O)c2cc(-c3ccco3)ccc21,7.638272163982407,1,
Cn1c(=O)n(Cc2ccc(-c3nnc(C(F)F)o3)cn2)c(=O)c2cc(-c3ccncc3)ccc21,7.455931955649724,1,
Cn1c(=O)n(Cc2ccc(-c3nnc(C(F)F)o3)cn2)c(=O)c2cc(-c3ccoc3)ccc21,7.6777807052660805,1,
Cn1c(=O)n(Cc2ccc(-c3nnc(C(F)F)o3)cn2)c(=O)c2cc(Br)ccc21,7.3979400086720375,1,
Cn1c(=O)n(Cc2ccc(-c3nnc(C(F)F)o3)cn2)c(=O)c2cc(F)ccc21,7.229147988357855,1,
Cn1c(=O)n(Cc2ccc(-c3nnc(C(F)F)o3)cn2)c(=O)c2ccc(-c3ccccc3F)cc21,6.826813731587726,1,
Cn1c(=O)n(Cc2ccc(-c3nnc(C(F)F)o3)cn2)c(=O)c2ccc(-c3cccnc3)cc21,7.431798275933005,1,
Cn1c(=O)n(Cc2ccc(-c3nnc(C(F)F)o3)cn2)c(=O)c2ccc(-c3ccco3)cc21,7.327902142064282,1,
Cn1c(=O)n(Cc2ccc(-c3nnc(C(F)F)o3)cn2)c(=O)c2ccc(-c3ccncc3)cc21,7.481486060122112,1,
Cn1c(=O)n(Cc2ccc(-c3nnc(C(F)F)o3)cn2)c(=O)c2ccc(Br)cc21,7.214670164989233,1,
Cn1c(=O)n(Cc2ccc(-c3nnc(C(F)F)o3)cn2)c(=O)c2ccc(C3=CCN(C(=O)OC(C)(C)C)CC3)cc21,7.0915149811213505,1,
Cn1c(=O)n(Cc2ccc(-c3nnc(C(F)F)o3)cn2)c(=O)c2ccc(C3=CCNCC3)cc21,7.638272163982407,1,
Cn1c(=O)n(Cc2ccc(-c3nnc(C(F)F)o3)cn2)c(=O)c2ccccc21,6.8794260687941495,1,
Cn1c(C(=O)N(CC(=O)NC(C)(C)C)Cc2ccc(C(=O)NO)cc2)cc2ccccc21,7.619788758288394,1,
Cn1c(C(=O)N2CCn3cc(C(=O)NO)cc3C2)cc(Cl)c1Cl,7.152697400533215,2,0.4649773815450885
Cn1c(C(=O)N2CCn3nc(C(=O)NO)cc3C2)cc2ccccc21,6.2875591816844665,2,1.1760985018970478
Cn1c(CCC(=O)NO)nc2ccccc2c1=O,4.657577319177793,1,
Cn1c(CCC(=O)O)nc2ccccc21,4.0,1,
Cn1c(CCC(=O)O)nc2ccccc2c1=O,5.465078038432037,3,0.16880701450391214
Cn1c(CCCC(=O)O)nc2cc(N(CCCl)CCCl)ccc21,8.110924374808178,2,0.15687075525148192
Cn1c(CCCCCCC(=O)NO)nc2cc(N(CCCl)CCCl)ccc21,7.142667503568731,1,
Cn1c(CCCCCCC(=O)NO)nc2ccc(N(CCCl)CCCl)cc21,7.142667503568731,1,
Cn1c(CN2CCC3(CC2)OCCO3)nc2cc(C(=O)NO)ccc21,7.443697499232712,1,
Cn1c(CN2CCCCC2)nc2cc(C(=O)NO)ccc21,7.468521082957745,1,
Cn1c(CNCc2ccccc2)nc2cc(C(=O)NO)ccc21,7.853871964321762,1,
Cn1c(CNc2ccc(F)cc2)nc2cc(C(=O)NO)ccc21,7.7447274948966935,1,
Cn1c(CNc2cccc(F)c2)nc2cc(C(=O)NO)ccc21,8.167491087293763,1,
Cn1c(CNc2cccc3ccccc23)nc2cc(C(=O)NO)ccc21,8.229147988357855,1,
Cn1c(CNc2ccccc2)nc2cc(C(=O)NO)ccc21,7.795880017344075,1,
Cn1c(CNc2ccccc2F)nc2cc(C(=O)NO)ccc21,7.853871964321762,1,
Cn1c(COc2ccccc2)nc2cc(C(=O)NO)ccc21,7.886056647693163,1,
Cn1c(CSc2ccccc2)nc2cc(C(=O)NO)ccc21,7.552841968657781,1,
Cn1c(Cc2ccc(C(=O)NO)cc2)nnc1-c1ccccc1,7.769551078621726,2,0.0
Cn1c(N(Cc2ccccc2)c2ccccc2)nc2cc(C(=O)NO)ccc21,7.657577319177793,1,
Cn1c(N)nc2cc(-c3cn(Cc4cc(F)c(-c5nnc(C(F)F)o5)cc4F)nn3)ccc21,7.657577319177793,1,
Cn1c(N)nc2cc(-c3cn(Cc4ccc(-c5nnc(C(F)F)o5)c(F)c4)nn3)ccc21,7.585026652029182,1,
Cn1c(N)nc2cc(-c3cn(Cc4ccc(-c5nnc(C(F)F)o5)c(F)c4F)nn3)ccc21,7.619788758288394,1,
Cn1c(N)nc2cc(-c3cn(Cc4ccc(-c5nnc(C(F)F)o5)cc4)cn3)ccc21,7.568636235841012,1,
Cn1c(N)nc2cc(-c3cn(Cc4ccc(-c5nnc(C(F)F)o5)cc4)nn3)ccc21,7.886056647693163,1,
Cn1c(N)nc2cc(-c3cn(Cc4ccc(-c5nnc(C(F)F)o5)cc4Cl)nn3)ccc21,7.327902142064282,1,
Cn1c(N)nc2cc(-c3cn(Cc4ccc(-c5nnc(C(F)F)o5)cc4F)nn3)ccc21,7.769551078621726,1,
Cn1c(N)nc2cc(-c3cn(Cc4ccc(-c5nnc(C(F)F)o5)cn4)cn3)ccc21,7.853871964321762,1,
Cn1c(N)nc2cc(-c3cn(Cc4ccc(-c5nnc(C(F)F)o5)cn4)nn3)ccc21,8.096910013008056,1,
Cn1c(N)nc2cc(-c3cn(Cc4ncc(-c5nnc(C(F)F)o5)cc4F)nn3)ccc21,7.318758762624412,1,
Cn1c(N)nc2cc(-c3cnn(Cc4ccc(-c5nnc(C(F)F)o5)cc4)c3)ccc21,7.008773924307505,1,
Cn1c(N)nc2cc(-c3cnn(Cc4ccc(-c5nnc(C(F)F)o5)cn4)c3)ccc21,7.552841968657781,1,
Cn1c(N)nc2cc(-c3nnn(Cc4cc(F)c(-c5nnc(C(F)F)o5)cc4F)n3)ccc21,7.721246399047171,1,
Cn1c(N)nc2cc(-c3nnn(Cc4ccc(-c5nnc(C(F)F)o5)c(F)c4)n3)ccc21,7.585026652029182,1,
Cn1c(N)nc2cc(-c3nnn(Cc4ccc(-c5nnc(C(F)F)o5)cc4)n3)ccc21,7.721246399047171,1,
Cn1c(N)nc2cc(-c3nnn(Cc4ccc(-c5nnc(C(F)F)o5)cc4Cl)n3)ccc21,6.995678626217357,1,
Cn1c(N)nc2cc(-c3nnn(Cc4ccc(-c5nnc(C(F)F)o5)cc4F)n3)ccc21,7.585026652029182,1,
Cn1c(N)nc2cc(-c3nnn(Cc4ncc(-c5nnc(C(F)F)o5)c(F)c4F)n3)ccc21,7.6020599913279625,1,
Cn1c(N)nc2cc(-c3nnn(Cc4ncc(-c5nnc(C(F)F)o5)cc4F)n3)ccc21,7.638272163982407,1,
Cn1c(N)nc2cc(-c3nnn(Cc4ncc(-c5nnc(C(F)F)o5)cn4)n3)ccc21,7.568636235841012,1,
Cn1c(N)nc2cc(-c3nnnn3Cc3ncc(-c4nnc(C(F)F)o4)cn3)ccc21,6.889410289700751,1,
Cn1c(N)nc2cc(-n3cc(Cc4ccc(-c5nnc(C(F)F)o5)cc4)nn3)ccc21,6.336299074610352,1,
Cn1c(N)nc2ccc(-c3cn(Cc4ccc(-c5nnc(C(F)F)o5)cc4)nn3)cc21,7.107905397309519,1,
Cn1c(N2CCC(Cc3ccccc3)CC2)nc2cc(C(=O)NO)ccc21,8.154901959985743,1,
Cn1c(N2CCc3ccccc3C2)nc2cc(C(=O)NO)ccc21,7.376750709602099,1,
Cn1c(NCCc2ccccc2)nc2cc(C(=O)NO)ccc21,8.0,1,
Cn1c(Nc2ccc(C(=O)NCCCCCCC(=O)NO)cc2)nc2ccccc21,7.644941317444092,2,0.5668396680399542
Cn1c(Nc2cccc(-c3ccccc3)c2)nc2cc(C(=O)NO)ccc21,8.154901959985743,1,
Cn1c(Nc2cccc(OCc3ccccc3)c2)nc2cc(C(=O)NO)ccc21,9.0,1,
Cn1c(Nc2ccccc2)nc2cc(C(=O)NO)ccc21,7.4089353929735005,1,
Cn1c(OCc2ccc(-c3noc(C(F)(F)F)n3)c(F)c2)nc2ccccc21,7.568636235841012,1,
Cn1c(OCc2ccc(-c3noc(C(F)(F)F)n3)c(F)c2)nc2cccnc21,7.6777807052660805,1,
Cn1c(OCc2ccc(-c3noc(C(F)(F)F)n3)c(F)c2)nc2ncccc21,7.6020599913279625,1,
Cn1c(OCc2ccc(-c3noc(C(F)(F)F)n3)cn2)nc2ccccc21,7.920818753952375,1,
Cn1c(OCc2ccc(-c3noc(C(F)(F)F)n3)cn2)nc2cccnc21,7.886056647693163,1,
Cn1c(SCC(=O)c2ccc(CNC(=O)CO)s2)nc2ccccc21,5.664141088680182,1,
Cn1c(SCCCCCC(=O)NO)nnc1-c1ccncc1,4.857923538926715,1,
Cn1c(SCCCCCC(=O)Nc2ccccc2N)nnc1-c1ccncc1,4.847711655616943,1,
Cn1c(SCCCCCC(=O)O)nnc1-c1ccncc1,4.105739335553012,1,
Cn1c(SCc2ccc(C(=O)NO)cc2)nnc1-c1ccncc1,4.842845560093719,1,
Cn1c(SCc2ccc(C(=O)Nc3ccccc3N)cc2)nc2cc(Br)ccc2c1=O,5.306273051076353,1,
Cn1c(SCc2ccc(C(=O)Nc3ccccc3N)cc2)nnc1-c1ccncc1,4.957424487559809,1,
Cn1c(Sc2c(F)cc(-c3nnc(C(F)F)o3)cc2F)nnc1-c1ccc(N)nc1,6.490797477668897,1,
Cn1c(Sc2c(F)cc(C(=O)NO)cc2F)nnc1-c1ccc(CN2CCCCC2)cc1,8.301029995663981,2,0.0
Cn1c(Sc2c(F)cc(C(=O)NO)cc2F)nnc1-c1cccc(CN2CCCCCC2)c1,8.0,2,0.0
Cn1c(Sc2c(F)cc(C(=O)NO)cc2F)nnc1-c1cccnn1,7.886056647693163,2,0.0
Cn1c(Sc2c(F)cc(C(=O)NO)cc2F)nnc1-c1cccs1,8.045757490560675,2,0.0
Cn1c(Sc2c(F)cc(C(=O)NO)cc2F)nnc1-c1ncccc1F,8.221848749616356,2,0.0
Cn1c(Sc2ccc(-c3nnc(C(F)F)o3)cc2)nnc1-c1ccc(N)nc1,6.308918507877031,1,
Cn1c(Sc2ccc(C(=O)NO)cc2)nnc1-c1cccs1,8.096910013008056,2,0.0
Cn1c([C@@H](Cc2ccccc2)NCc2ccccc2)nc2cc(C(=O)NO)ccc21,8.337242168318426,1,
Cn1c([C@@H]2CCC(=O)N2c2ccc(-c3noc(C(F)(F)F)n3)cc2)nc2ccccc21,7.657577319177793,1,
Cn1c([C@@H]2CCC(=O)N2c2ccc(-c3noc(C(F)(F)F)n3)cc2F)nc2ccccc21,7.920818753952375,1,
Cn1c([C@@H]2C[C@@H](OC(=O)NCCc3ccc(C(=O)NO)cc3)CN2c2nc(N)nc(N)c2C#N)nc2cccc(Cl)c2c1=O,7.443697499232712,1,
Cn1c([C@@H]2C[C@@H](OC(=O)NCc3ccc(C(=O)NO)cc3)CN2c2nc(N)nc(N)c2C#N)nc2cccc(Cl)c2c1=O,7.568636235841012,1,
Cn1c([C@@H]2C[C@@H](OC(=O)NCc3ccc(C(=O)NO)s3)CN2c2nc(N)nc(N)c2C#N)nc2cccc(Cl)c2c1=O,7.366531544420414,1,
Cn1c([C@@H]2C[C@@H](OCc3ccc(C(=O)NO)cc3)CN2c2nc(N)nc(N)c2C#N)nc2cccc(Cl)c2c1=O,7.886056647693163,1,
Cn1c([C@@H]2C[C@@H](OCc3ccc(C(=O)NO)s3)CN2c2nc(N)nc(N)c2C#N)nc2cccc(Cl)c2c1=O,7.886056647693163,1,
Cn1c([C@H](Cc2ccccc2)NCc2ccccc2)nc2cc(C(=O)NO)ccc21,8.119186407719209,1,
Cn1c2c(c3ccccc31)CCN(Cc1ccc(C(=O)NO)cc1F)C2,9.0,1,
Cn1c2c(c3ccccc31)CN(C(=O)NCc1ccc(C(=O)NO)cc1)CC2,6.7281583934635005,1,
Cn1c2c(c3ccccc31)CN(C(=O)OCc1ccc(C(=O)NO)cc1)CC2,7.853871964321762,1,
Cn1c2c(c3ccccc31)CN(Cc1ccc(C(=O)NO)cc1)CC2,6.427128397799519,1,
Cn1c2nc3cc(Cl)ccc3c-2cc2ccccc21,6.555955204081924,1,
Cn1c2nc3ccc(Cl)cc3c-2cc2ccccc21,6.555955204081924,1,
Cn1c2nc3ccccc3c-2cc2cc(Br)ccc21,7.823908740944319,1,
Cn1c2nc3ccccc3c-2cc2cc(Cl)ccc21,6.555955204081924,1,
Cn1cc(-c2cc(C(C)(C)O)ccc2OC2CC2)c2cc(C(=O)NCCCCCCC(=O)NO)[nH]c2c1=O,8.259637310505756,1,
Cn1cc(-c2cc(C(C)(C)O)ccc2OC2CC2)c2cc(C(=O)NCc3ccc(C(=O)NO)cc3)[nH]c2c1=O,8.102372908709558,1,
Cn1cc(-c2cc(C(C)(C)O)ccc2Oc2ccc(F)cc2F)c2cc(C(=O)NCCCCCCC(=O)NO)[nH]c2c1=O,8.060480747381382,1,
Cn1cc(-c2cc(C(C)(C)O)ccc2Oc2ccc(F)cc2F)c2cc(C(=O)NCc3ccc(C(=O)NO)cc3)[nH]c2c1=O,7.795880017344075,1,
Cn1cc(-c2cc3cc(C(=O)NO)ccc3s2)cn1,7.795880017344075,1,
Cn1cc(-c2ccc(C3CC3NCC3CCN(CCCc4ccc(C(=O)NO)cc4)CC3)cc2)cn1,7.180456064458131,1,
Cn1cc(-c2ccc(C3CC3NCC3CCN(Cc4ccc(C(=O)NO)cc4)CC3)cc2)ccc1=O,6.701146923590294,1,
Cn1cc(-c2ccc(C3CC3NCC3CN(C(=O)/C=C/c4ccc(C(=O)NO)cc4)C3)cc2)cn1,7.309803919971486,1,
Cn1cc(-c2ccc(C3CC3NCC3CN(CCCc4ccc(C(=O)NO)cc4)C3)cc2)cn1,5.881074247174223,1,
Cn1cc(-c2ccc([C@H]3C[C@@H]3NCC3CCN(CCCc4ccc(C(=O)NO)cc4)CC3)cc2)cn1,7.180456064458131,1,
Cn1cc(-c2ccccc2N2Cc3ccc(-c4nnc(C(F)F)o4)cc3S2(=O)=O)cn1,6.399027104313252,1,
Cn1cc(-c2ccccc2Oc2ccccc2)c2cc(C(=O)NCCCC(=O)NO)[nH]c2c1=O,6.84163750790475,1,
Cn1cc(-c2ccccc2Oc2ccccc2)c2cc(C(=O)NCCCCC(=O)NO)[nH]c2c1=O,8.397940008672037,1,
Cn1cc(-c2ccccc2Oc2ccccc2)c2cc(C(=O)NCCCCCC(=O)NO)[nH]c2c1=O,8.468521082957745,1,
Cn1cc(-c2ccccc2Oc2ccccc2)c2cc(C(=O)NCCCCCCC(=O)NO)[nH]c2c1=O,8.327902142064282,1,
Cn1cc(-c2ccccc2Oc2ccccc2)c2cc(C(=O)NCc3ccc(C(=O)NO)cc3)[nH]c2c1=O,7.823908740944319,1,
Cn1cc(-c2cn(Cc3ccc(C(=O)NO)cc3)c(=O)c(N3CCOCC3)n2)cn1,7.6777807052660805,1,
Cn1cc(C(=O)N(CC(=O)NC(C)(C)C)Cc2ccc(C(=O)NO)cc2)c2ccccc21,7.886056647693163,1,
Cn1cc(C(=O)N(CC(=O)NC(C)(C)C)Cc2ccc(C(=O)NO)cc2)c2ncccc21,7.6777807052660805,1,
Cn1cc(C(=O)N(CC(=O)NC2CCCCC2)Cc2ccc(C(=O)NO)cc2)c2ccccc21,7.769551078621726,1,
Cn1cc(C(=O)N(CC(=O)NCc2ccccc2)Cc2ccc(C(=O)NO)cc2)c2ccccc21,8.045757490560675,1,
Cn1cc(C(=O)N2CCN(Cc3ccc(C(=O)NO)cc3)CC2)c2ccccc21,7.259637310505756,1,
Cn1cc(C(=O)N2CCn3cc(C(=O)NO)cc3C2)c2ccccc21,6.721246399047171,1,
Cn1cc(CCCC(=O)Nc2ccc(C(=O)NO)cc2)c2ccccc21,8.113509274827518,1,
Cn1cc(CCCOc2cc(-c3noc(C(F)(F)F)n3)ccn2)cn1,7.022276394711152,1,
Cn1cc(CCNCc2ccc(/C=C/C(=O)NO)cc2)c2ccccc21,8.410010732890186,3,0.6683452057543838
Cn1cc(CCNS(=O)(=O)c2ccc(/C=C/C(=O)NO)cc2)c2ccccc21,8.244125144327509,1,
Cn1cc(CN2CC3(CC(=O)c4cc(/C=C/C(=O)NO)ccc4O3)C2)c2ccccc21,7.207608310501746,1,
Cn1cc(CN2CC3(CCN(c4ncc(C(=O)NO)cn4)C3)C2)c2ccc(C#N)cc21,7.0655015487564325,1,
Cn1cc(CN2CCC(/C=C/C(=O)NO)CC2)c2ccccc21,5.616184634019569,1,
Cn1cc(CN2CCC3(CC(=O)c4cc(/C=C/C(=O)NO)ccc4O3)C2)c2ccccc21,7.070581074285707,1,
Cn1cc(CN2CCCC3(CC(=O)c4cc(/C=C/C(=O)NO)ccc4O3)C2)c2ccccc21,6.73754891026957,1,
Cn1cc(CN2CCCC3(CC2)CC(=O)c2cc(/C=C/C(=O)NO)ccc2O3)c2ccccc21,6.943095148663527,1,
Cn1cc(CNCC2CCN(c3nc4cc(C(=O)NO)ccc4o3)CC2)c2ccccc21,7.3872161432802645,1,
Cn1cc(CNCC2CCN(c3ncc(C(=O)NO)cn3)CC2)c2ccccc21,7.303464436093144,7,0.3895539849043615
Cn1cc(COc2nccc(-c3noc(C(F)(F)F)n3)c2Cl)nn1,7.113509274827518,1,
Cn1cc(N(Cc2ncc(-c3nnc(C(F)F)o3)s2)S(=O)(=O)C2CC2)cn1,7.455931955649724,3,0.0
Cn1cc(N(Cc2ncc(-c3nnc(C(F)F)o3)s2)S(C)(=O)=O)cn1,7.4089353929735005,3,0.0
Cn1cc(OCc2ccc(-c3nnc(C(F)F)o3)cn2)cn1,6.259637310505756,1,
Cn1cc([C@@H](O)[C@@H](c2cnn(C)c2)N2Cc3ccc(-c4nnc(C(F)F)o4)cc3S2(=O)=O)cn1,6.73754891026957,1,
Cn1cc([C@@H](O)[C@H](c2cnn(C)c2)N2Cc3ccc(-c4nnc(C(F)F)o4)cc3S2(=O)=O)cn1,6.636388020107855,1,
Cn1cc([C@@H]([C@@H](O)c2ccccc2)N2Cc3ccc(-c4nnc(C(F)F)o4)cc3S2(=O)=O)cn1,7.119186407719209,1,
Cn1cc([C@H](O)[C@H](c2cnn(C)c2)N2Cc3ccc(-c4nnc(C(F)F)o4)cc3S2(=O)=O)cn1,7.173925197299173,1,
Cn1cc([C@H]([C@@H](O)c2ccccc2)N2Cc3ccc(-c4nnc(C(F)F)o4)cc3S2(=O)=O)cn1,6.928117992693874,1,
Cn1cc([C@H]([C@@H](O)c2cnn(C)c2)N2Cc3ccc(-c4nnc(C(F)F)o4)cc3S2(=O)=O)cn1,7.522878745280337,1,
Cn1cc2c(SCC(=O)c3ccc(CNC(=O)C4CC4(F)F)s3)nc(C(F)(F)F)nc2n1,6.522878745280337,1,
Cn1cc2c(SCC(=O)c3ccc(CNC(=O)CO)s3)nc(C(F)F)nc2n1,6.522878745280337,1,
Cn1cc2cc(-n3ccc([C@@H](N)CCCCCC(=O)c4ncco4)n3)ccc2n1,4.346787486224656,1,
Cn1cc2cc(OCc3ncc(-c4nnc(C(F)F)o4)cc3F)ccc2n1,7.301029995663981,1,
Cn1ccc(-c2ccc(C3CC3NCC3CCN(CCCc4ccc(C(=O)NO)cc4)CC3)cc2)cc1=O,7.337242168318426,1,
Cn1ccc(-c2ccc([C@H]3C[C@@H]3NCC3CCN(CCCc4ccc(C(=O)NO)cc4)CC3)cc2)cc1=O,7.337242168318426,1,
Cn1ccc(-c2nnc(C(F)(F)F)o2)cc1=O,5.3979400086720375,1,
Cn1ccc(-c2nnc(C(F)F)o2)cc1=O,6.801342913045577,1,
Cn1ccc(CN(Cc2ccc(-c3noc(C(F)(F)F)n3)cc2)c2cccc(C(F)(F)F)c2)n1,6.823908740944319,1,
Cn1ccc(COc2nccc(-c3noc(C(F)(F)F)n3)c2Cl)n1,7.142667503568731,1,
Cn1ccc(NCc2ccc(-c3noc(C(F)(F)F)n3)cn2)cc1=O,7.585026652029182,1,
Cn1ccc(OCc2ccc(-c3nnc(C(F)F)o3)cn2)n1,7.301029995663981,1,
Cn1ccc2c(CCNS(=O)(=O)c3ccc(/C=C/C(=O)NO)cc3)cccc21,8.167491087293763,1,
Cn1ccc2cc(C(=O)N3CCn4cc(C(=O)NO)cc4C3)ccc21,6.9622265193037345,2,0.15323648120040695
Cn1cccc(OCc2ccc(-c3noc(C(F)(F)F)n3)c(F)c2)c1=O,7.568636235841012,1,
Cn1cccc(OCc2ccc(-c3noc(C(F)(F)F)n3)cn2)c1=O,7.6020599913279625,1,
Cn1cccc1C(=O)N1CCC2(CC1)C(=O)N(Cc1ccc(C(=O)NO)cc1)CN2c1ccccc1,7.920818753952375,1,
Cn1cccc1C(=O)N1CCC2(CC1)C(=O)N(Cc1ccc(C(=O)NO)cc1F)CN2c1ccccc1,8.2518119729938,1,
Cn1cccc1C(=O)N1CCc2cc(C(=O)NO)ccc2C1,7.060739102249396,2,0.5415849588384651
Cn1cccc1C(=O)N1CCn2cc(C(=O)NO)cc2C1,7.321318484692428,2,0.2265111574250746
Cn1cccc1C(=O)N1CCn2cc(C(=O)NO)nc2C1,6.886056647693163,1,
Cn1cccc1C(=O)N1CCn2nc(C(=O)NO)cc2C1,6.056754637413759,2,0.5645219772410234
Cn1cccc1C(=O)NCc1ccc(C(=O)NO)cc1,7.029244283682798,2,0.978638776739167
Cn1cccc1C(=O)Nc1cccc(CCC(=O)NO)c1,6.207608310501746,1,
Cn1ccnc1COc1nc2ccccc2nc1CCC(=O)O,3.853871964321762,1,
Cn1ccnc1OCc1ccc(-c2nnc(C(F)F)o2)cn1,6.259637310505756,1,
Cn1cnc2c(OCc3ccc(-c4nnc(C(F)F)o4)cn3)cccc21,7.301029995663981,1,
Cn1cnc2cc(COc3nccc(-c4noc(C(F)(F)F)n4)c3Cl)ccc21,7.040958607678906,1,
Cn1cnc2cc(OCc3ccc(-c4nnc(C(F)F)o4)cn3)ccc21,7.301029995663981,1,
Cn1cnc2cc(OCc3ncc(-c4nnc(C(F)F)o4)cc3F)ccc21,7.301029995663981,1,
Cn1cnc2cc(OCc3ncc(-c4nnc(C(F)F)o4)cn3)ccc21,7.301029995663981,1,
Cn1cnc2ccc(OCc3ccc(-c4nnc(C(F)F)o4)cn3)cc21,7.301029995663981,1,
Cn1cncc1-c1cn(Cc2ccc(C(=O)NO)cc2)c2ccccc12,7.102372908709558,1,
Cn1nc(-c2ccc(F)cc2)cc1C(=O)NCCCCCCS,5.516226011890569,2,0.0302302152648087
Cn1nc(-c2nc3ccc(OCc4ccc(-c5nnc(C(F)F)o5)cn4)cc3o2)ccc1=O,7.301029995663981,1,
Cn1nc(C(=O)N(Cc2ccc(-c3noc(C(F)(F)F)n3)cc2)c2cccc(C(F)(F)F)c2)ccc1=O,7.309803919971486,1,
Cn1nc(C(=O)NCCCCCCS)cc1-c1ccc(F)cc1,5.161150909262744,1,
Cn1nc(COc2cc(-c3noc(C(F)(F)F)n3)ccn2)cc1C(C)(C)C,7.040958607678906,1,
Cn1nc([C@H](CCCCNS(N)(=O)=O)NC(=O)OCc2ccccc2)nc1-c1ccccc1,5.698970004336019,1,
Cn1ncc(NCc2ccc(-c3noc(C(F)(F)F)n3)cn2)n1,7.585026652029182,1,
Cn1ncc2c(OCc3ccc(-c4nnc(C(F)F)o4)cn3)cccc21,7.301029995663981,1,
Cn1ncc2c(SCC(=O)c3cc(F)c(CNC(=O)C(C)(C)C)s3)ncnc21,6.1249387366083,1,
Cn1ncc2c(SCC(=O)c3ccc(C4CCN(C(=O)CO)C4)s3)ncnc21,5.664141088680182,1,
Cn1ncc2c(SCC(=O)c3ccc(C4CCN(S(N)(=O)=O)C4)s3)ncnc21,6.1249387366083,1,
Cn1ncc2c(SCC(=O)c3ccc(CN4CCCC4=O)s3)ncnc21,6.522878745280337,1,
Cn1ncc2c(SCC(=O)c3ccc(CNC(=O)C(C)(C)C)s3)nc(C(F)(F)F)nc21,6.522878745280337,1,
Cn1ncc2c(SCC(=O)c3ccc(CNC(=O)C(C)(C)C)s3)nc(C(F)F)nc21,6.1249387366083,1,
Cn1ncc2c(SCC(=O)c3ccc(CNC(=O)C(C)(C)C)s3)nc(C3CC3)nc21,6.522878745280337,1,
Cn1ncc2c(SCC(=O)c3ccc(CNC(=O)C(C)(C)C)s3)ncnc21,6.522878745280337,1,
Cn1ncc2c(SCC(=O)c3ccc(CNC(=O)C(C)(C)O)s3)ncnc21,6.1249387366083,1,
Cn1ncc2c(SCC(=O)c3ccc(CNC(=O)C(O)C(F)(F)F)s3)ncnc21,6.1249387366083,1,
Cn1ncc2c(SCC(=O)c3ccc(CNC(=O)C4CC4)s3)ccnc21,5.664141088680182,1,
Cn1ncc2c(SCC(=O)c3ccc(CNC(=O)CO)s3)ncnc21,6.522878745280337,1,
Cn1ncc2c(SCC(=O)c3ccc(CNC(=O)Cc4ccccn4)s3)ncnc21,6.1249387366083,1,
Cn1ncc2c(SCC(=O)c3ccc(CNC(=O)Cc4ccncc4)s3)ncnc21,6.522878745280337,1,
Cn1ncc2c(SCC(=O)c3ccc(CNS(=O)(=O)C4CC4)s3)ncnc21,5.664141088680182,1,
Cn1ncc2c(SCC(=O)c3ccc(CNS(=O)(=O)Cc4ccccc4)s3)ncnc21,5.664141088680182,1,
Cn1ncc2c(SCC(=O)c3ccc(CNS(=O)(=O)c4ccccc4)s3)ncnc21,5.664141088680182,1,
Cn1ncc2c(SCC(=O)c3ccc(CNS(C)(=O)=O)s3)ncnc21,6.522878745280337,1,
Cn1ncc2c(SCC(=O)c3ncc(CNC(=O)C(C)(C)C)s3)ncnc21,6.522878745280337,1,
Cn1ncc2c(SCC(=O)c3nnc(CNC(=O)C(C)(C)C)s3)ncnc21,6.390232075722992,3,0.22975077112812287
Cn1ncc2cc(OCc3ccc(-c4nnc(C(F)F)o4)cn3)ccc21,7.301029995663981,1,
Cn1ncc2cc(OCc3ncc(-c4nnc(C(F)F)o4)cc3F)ccc21,7.301029995663981,1,
Cn1ncc2cc(OCc3ncc(-c4nnc(C(F)F)o4)cn3)ccc21,7.301029995663981,1,
Cn1nccc1CCOc1cc(-c2noc(C(F)(F)F)n2)ccn1,7.107905397309519,1,
Cn1nccc1COc1cc(-c2noc(C(F)(F)F)n2)ccn1,7.356547323513812,1,
Cn1nccc1OCc1ccc(-c2nnc(C(F)F)o2)cn1,6.259637310505756,1,
Cn1nccc1OCc1ccc(-c2noc(C(F)(F)F)n2)c(F)c1,7.022276394711152,1,
FC(COc1cc(-c2noc(C(F)(F)F)n2)ccn1)CN1CCOCC1,7.040958607678906,1,
FC(F)(F)Cn1nc(COc2cc(-c3noc(C(F)(F)F)n3)ccn2)cc1C1CC1,7.136677139879544,1,
FC(F)(F)c1cccc(C2COCCN2c2ccc(-c3noc(C(F)(F)F)n3)cn2)c1,7.318758762624412,1,
FC(F)(F)c1nc(-c2ccc(CN(c3ccccn3)c3ccccn3)cc2)no1,6.795880017344075,1,
FC(F)(F)c1nc(-c2ccc(CNC3CCN(c4ccccn4)CC3)nc2)no1,7.537602002101044,1,
FC(F)(F)c1nc(-c2ccc(CNC3CCN(c4ncccn4)C3)cc2)no1,7.070581074285707,1,
FC(F)(F)c1nc(-c2ccc(CNC3CCc4[nH]nc(C(F)(F)F)c4C3)cc2)no1,7.086186147616283,1,
FC(F)(F)c1nc(-c2ccc(CNC3CCc4ncccc4C3)cc2)no1,7.180456064458131,1,
FC(F)(F)c1nc(-c2ccc(CNC3CCc4ncccc4C3)nc2)no1,7.522878745280337,1,
FC(F)(F)c1nc(-c2ccc(CNC3Cc4ccccc4C3)nc2)no1,7.275724130399211,1,
FC(F)(F)c1nc(-c2ccc(CNCC3CN(Cc4ccccc4)CCO3)nc2)no1,7.180456064458131,1,
FC(F)(F)c1nc(-c2ccc(CNCC3CN(c4ccccc4)CCO3)nc2)no1,7.698970004336019,1,
FC(F)(F)c1nc(-c2ccc(CNc3[nH]nc4ccccc34)nc2)no1,8.00436480540245,1,
FC(F)(F)c1nc(-c2ccc(CNc3c[nH]nn3)nc2)no1,7.040958607678906,1,
FC(F)(F)c1nc(-c2ccc(CNc3cc4ccccn4n3)nc2)no1,7.187086643357144,1,
FC(F)(F)c1nc(-c2ccc(CNc3cc[nH]n3)nc2)no1,7.008773924307505,1,
FC(F)(F)c1nc(-c2ccc(CNc3ccc4c[nH]nc4c3)cc2)no1,7.522878745280337,1,
FC(F)(F)c1nc(-c2ccc(CNc3ccc4ccncc4c3)nc2)no1,8.522878745280337,1,
FC(F)(F)c1nc(-c2ccc(CNc3ccc4nccn4c3)nc2)no1,7.769551078621726,1,
FC(F)(F)c1nc(-c2ccc(CNc3cccc(-c4cnco4)c3)nc2)no1,8.318758762624412,1,
FC(F)(F)c1nc(-c2ccc(CNc3cccc(-n4cncn4)c3)nc2)no1,8.18045606445813,1,
FC(F)(F)c1nc(-c2ccc(CNc3cccc4[nH]ncc34)cc2)no1,7.6777807052660805,1,
FC(F)(F)c1nc(-c2ccc(CNc3ccccn3)cc2)no1,7.494850021680094,1,
FC(F)(F)c1nc(-c2ccc(CNc3cccnc3)cc2)no1,7.3872161432802645,1,
FC(F)(F)c1nc(-c2ccc(CNc3cnccn3)cc2)no1,7.251811972993799,1,
FC(F)(F)c1nc(-c2ccc(CNc3cnccn3)nc2)no1,7.6020599913279625,1,
FC(F)(F)c1nc(-c2ccc(CNc3cncnc3)cc2)no1,7.327902142064282,1,
FC(F)(F)c1nc(-c2ccc(CNc3cncnc3)nc2)no1,7.769551078621726,1,
FC(F)(F)c1nc(-c2ccc(CNc3cnoc3)nc2)no1,7.3979400086720375,1,
FC(F)(F)c1nc(-c2ccc(CNc3cnsc3)nc2)no1,7.920818753952375,1,
FC(F)(F)c1nc(-c2ccc(CNc3ncccn3)cc2)no1,7.229147988357855,1,
FC(F)(F)c1nc(-c2ccc(COc3cc(Cl)ncn3)nc2)no1,7.008773924307505,1,
FC(F)(F)c1nc(-c2ccc(COc3ccc(Cl)nc3)nc2)no1,7.1487416512809245,1,
FC(F)(F)c1nc(-c2ccc(COc3ccc4ccccc4n3)nc2)no1,7.481486060122112,1,
FC(F)(F)c1nc(-c2ccc(COc3ccc4cnccc4n3)nc2)no1,7.568636235841012,1,
FC(F)(F)c1nc(-c2ccc(COc3ccc4ncnn4c3)nc2)no1,7.086186147616283,1,
FC(F)(F)c1nc(-c2ccc(COc3cccc4[nH]nnc34)nc2)no1,8.214670164989233,1,
FC(F)(F)c1nc(-c2ccc(COc3nc(C4CC4)no3)nc2)no1,7.113509274827518,1,
FC(F)(F)c1nc(-c2ccc(COc3nccc4nccn34)nc2)no1,7.638272163982407,1,
FC(F)(F)c1nc(-c2ccc(COc3ncccn3)cc2)no1,7.455931955649724,1,
FC(F)(F)c1nc(-c2ccc(COc3nncc4ccccc34)nc2)no1,7.795880017344075,1,
FC(F)(F)c1nc(-c2ccc(Cn3cnc4c(Cl)ncnc43)cc2)no1,6.552841968657781,1,
FC(F)(F)c1nc(-c2ccc(N3CCCC3c3ccccn3)nc2)no1,7.008773924307505,1,
FC(F)(F)c1nc(-c2ccc(N3CCCC3c3cccnc3)nc2)no1,7.086186147616283,1,
FC(F)(F)c1nc(-c2ccc(N3CCCC3c3ccncc3)nc2)no1,7.0915149811213505,1,
FC(F)(F)c1nc(-c2ccc(N3CCCCC3c3ccccn3)nc2)no1,7.2441251443275085,1,
FC(F)(F)c1nc(-c2ccc(N3CCCCC3c3cccnc3)nc2)no1,6.958607314841775,1,
FC(F)(F)c1nc(-c2ccc(N3CCCCC3c3ccncc3)nc2)no1,7.2441251443275085,1,
FC(F)(F)c1nc(-c2ccc(N3CCNCC3c3ccccc3)nc2)no1,7.619788758288394,1,
FC(F)(F)c1nc(-c2ccc(N3CCOCC3c3ccccc3)nc2)no1,7.356547323513812,1,
FC(F)(F)c1nc(-c2ccc(N3CCOCC3c3ccccc3Cl)nc2)no1,7.481486060122112,1,
FC(F)(F)c1nc(-c2ccc(N3CCOCC3c3cccnc3)nc2)no1,7.6837713539076375,2,0.3886767433808988
FC(F)(F)c1nc(-c2ccc(N3CCOC[C@@H]3c3ccccc3)nc2)no1,7.568636235841012,1,
FC(F)(F)c1nc(-c2ccc(N3CCOC[C@H]3c3ccccc3)nc2)no1,7.376750709602099,1,
FC(F)(F)c1nc(-c2ccc(N3CC[NH2+]C[C@@H]3c3ccccc3)nc2)no1,7.7447274948966935,1,
FC(F)(F)c1nc(-c2ccc(N3CCc4nc5ncccc5cc4C3)nc2)no1,7.0,1,
FC(F)(F)c1nc(-c2ccc(NCc3ccccc3)nc2)no1,5.522878745280337,1,
FC(F)(F)c1nc(-c2ccc(NCc3ccccc3)nn2)no1,6.075720713938118,1,
FC(F)(F)c1nc(-c2ccc(NCc3cccnc3)nc2)no1,5.7447274948966935,1,
FC(F)(F)c1nc(-c2ccc(NCc3ccncc3)nc2)no1,5.795880017344075,1,
FC(F)(F)c1nc(-c2ccc(N[C@@H]3CCCC[C@H]3c3ccccc3)nc2)no1,6.769551078621726,1,
FC(F)(F)c1nc(-c2ccnc(OC3CCCc4ccc(Cl)nc43)c2)no1,7.443697499232712,1,
FC(F)(F)c1nc(-c2ccnc(OC3CCOCC3)c2)no1,6.920818753952375,1,
FC(F)(F)c1nc(-c2ccnc(OCCc3cccc4cn[nH]c34)c2)no1,6.698970004336019,1,
FC(F)(F)c1nc(-c2ccnc(OC[C@@H]3C[C@@H]3c3ncccn3)c2)no1,7.229147988357855,1,
FC(F)(F)c1nc(-c2ccnc(OCc3c(Cl)nc4sccn34)c2)no1,7.013228265733755,1,
FC(F)(F)c1nc(-c2ccnc(OCc3cc4n(n3)CCCO4)c2)no1,7.2839966563652006,1,
FC(F)(F)c1nc(-c2ccnc(OCc3ccn(C4CC4)n3)c2)no1,7.022276394711152,1,
FC(F)(F)c1nc(-c2ccnc(OCc3ccnn3-c3cccnc3)c2)no1,7.0655015487564325,1,
FC(F)(F)c1nc(-c2ccnc(OCc3ccno3)c2)no1,7.638272163982407,1,
FC(F)(F)c1nc(-c2ccnc(OCc3cnc(Cl)cn3)c2)no1,7.180456064458131,1,
FC(F)(F)c1nc(-c2ccnc(OCc3cnc4ccccc4c3)c2)no1,7.008773924307505,2,0.0
FC(F)(F)c1nc(-c2ccnc(OCc3cncc(Cl)n3)c2)no1,7.022276394711152,1,
FC(F)(F)c1nc(-c2ccnc(OCc3cncc(N4CCNCC4)n3)c2)no1,7.0655015487564325,1,
FC(F)(F)c1nc(-c2ccnc(OCc3cnn4c3OCCC4)c2)no1,7.376750709602099,1,
FC(F)(F)c1nc(-c2ccnc(OCc3nc4ccccc4[nH]3)c2)no1,7.2839966563652006,1,
FC(F)(F)c1nc(-c2ccnc(OCc3ncccc3Cl)c2)no1,7.055517327849831,1,
FC(F)(F)c1nc(-c2ccnc(OCc3ncccc3Cl)c2Cl)no1,7.130768280269024,1,
FC(F)(F)c1nc(-c2ccnc(OCc3nccnc3Cl)c2Cl)no1,7.036212172654444,1,
FC(F)(F)c1nc(-c2cnc(COc3ccc4ccccc4n3)nc2)no1,7.494850021680094,1,
FC(F)(F)c1nc(-c2cnc(NCc3ccccc3)nc2)no1,6.494850021680094,1,
FC(F)(F)c1nc(-c2cnc(NCc3ccccn3)c(Cl)c2)no1,5.721246399047171,1,
FC(F)(F)c1nc(-c2cnc(NCc3cccnc3)c(Cl)c2)no1,5.698970004336019,1,
FC(F)(F)c1nc(-c2cnc(NCc3cccnc3)nc2)no1,5.958607314841775,2,0.0
FC(F)(F)c1nc(-c2cnc(NCc3ccncc3)c(Cl)c2)no1,5.7447274948966935,1,
FC(F)(F)c1nc(-c2cnc(NCc3ccncc3)nc2)no1,6.004364805402449,1,
FC(F)(F)c1nc(-c2ncc(NCc3ccncc3)cn2)no1,5.958607314841775,1,
FC(F)(F)c1nnc(-c2cnc(NC3(c4ccccc4)CC3)nc2)o1,6.6777807052660805,1,
FC(F)(F)c1nnc(-c2cnc(NCc3ccccc3)nc2)o1,6.190583906951304,3,0.1030448233156898
FC(F)Cn1nc(COc2cc(-c3noc(C(F)(F)F)n3)ccn2)cc1C1CC1,7.180456064458131,1,
FC(F)Oc1ccc(C2(Nc3ncc(-c4nnc(C(F)F)o4)cn3)CC2)cc1,7.229147988357855,1,
FC(F)Oc1cccc(C2(Nc3ncc(-c4nnc(C(F)F)o4)cn3)CC2)c1Cl,7.552841968657781,1,
FC(F)c1cc(OCc2ccc(-c3noc(C(F)(F)F)n3)cn2)ncn1,7.568636235841012,1,
FC(F)c1nnc(-c2cc(CNc3cccc(Cl)c3)no2)o1,5.853871964321762,1,
FC(F)c1nnc(-c2ccc(C(Cl)n3cc(-c4ccccc4)nn3)nc2)o1,7.236572006437063,1,
FC(F)c1nnc(-c2ccc(C(F)(F)Oc3cccc4ccccc34)nc2)o1,6.259637310505756,2,0.0
FC(F)c1nnc(-c2ccc(C(F)(F)Oc3cccc4cccnc34)nc2)o1,7.301029995663981,2,0.0
FC(F)c1nnc(-c2ccc(CN(C(=S)N3CCN(C4COC4)CC3)c3ccccc3)cc2)o1,7.431798275933005,1,
FC(F)c1nnc(-c2ccc(CN(C(=S)N3CCOCC3)c3ccccc3)cc2)o1,7.431798275933005,1,
FC(F)c1nnc(-c2ccc(CN(C(=S)N3CCOCC3)c3ccccc3)nc2)o1,7.180456064458131,1,
FC(F)c1nnc(-c2ccc(COC3CC4CCC(C3)O4)nc2)o1,6.259637310505756,1,
FC(F)c1nnc(-c2ccc(COCC34CC5CC(CC(C5)O3)C4)nc2)o1,7.301029995663981,1,
FC(F)c1nnc(-c2ccc(COCC3CC4CCC(C3)N4)nc2)o1,6.259637310505756,1,
FC(F)c1nnc(-c2ccc(CO[C@@H]3C[C@H]4CC[C@@H](C3)O4)nc2)o1,6.259637310505756,1,
FC(F)c1nnc(-c2ccc(COc3ccc(-c4ccccc4)cc3)nc2)o1,7.301029995663981,1,
FC(F)c1nnc(-c2ccc(COc3ccc(-c4nc5ccccc5[nH]4)cc3)nc2)o1,7.301029995663981,1,
FC(F)c1nnc(-c2ccc(COc3ccc(-c4nn[nH]n4)cc3)nc2)o1,7.301029995663981,1,
FC(F)c1nnc(-c2ccc(COc3ccc(C(F)(F)F)cn3)nc2)o1,6.259637310505756,1,
FC(F)c1nnc(-c2ccc(COc3ccc(C(F)(F)F)nc3)nc2)o1,7.301029995663981,1,
FC(F)c1nnc(-c2ccc(COc3ccc(C4CC4)cn3)nc2)o1,6.259637310505756,1,
FC(F)c1nnc(-c2ccc(COc3ccc(C4CC4)nn3)nc2)o1,6.259637310505756,1,
FC(F)c1nnc(-c2ccc(COc3ccc(Cl)cc3)nc2)o1,7.301029995663981,2,0.0
FC(F)c1nnc(-c2ccc(COc3ccc4c(c3)CCCC4)nc2)o1,7.301029995663981,1,
FC(F)c1nnc(-c2ccc(COc3ccc4c(c3)CCNC4)nc2)o1,6.259637310505756,1,
FC(F)c1nnc(-c2ccc(COc3ccc4c(c3)ncn4CCN3CCCC3)nc2)o1,5.259637310505756,1,
FC(F)c1nnc(-c2ccc(COc3ccc4cccnc4c3)nc2)o1,7.301029995663981,1,
FC(F)c1nnc(-c2ccc(COc3ccc4ccncc4c3)nc2)o1,7.301029995663981,2,0.0
FC(F)c1nnc(-c2ccc(COc3ccc4cnccc4c3)nc2)o1,7.301029995663981,2,0.0
FC(F)c1nnc(-c2ccc(COc3ccc4ncccc4c3)nc2)o1,7.301029995663981,2,0.0
FC(F)c1nnc(-c2ccc(COc3ccc4nccnc4c3)nc2)o1,7.301029995663981,3,0.0
FC(F)c1nnc(-c2ccc(COc3ccc4ocnc4c3)nc2)o1,7.301029995663981,1,
FC(F)c1nnc(-c2ccc(COc3cccc(-c4ccccc4)c3)nc2)o1,6.259637310505756,1,
FC(F)c1nnc(-c2ccc(COc3cccc(-c4nc5ccccc5[nH]4)c3)nc2)o1,7.301029995663981,1,
FC(F)c1nnc(-c2ccc(COc3cccc(C(F)(F)F)n3)nc2)o1,7.301029995663981,1,
FC(F)c1nnc(-c2ccc(COc3cccc4ccccc34)nc2)o1,7.301029995663981,2,0.0
FC(F)c1nnc(-c2ccc(COc3cccc4cccnc34)nc2)o1,7.301029995663981,2,0.0
FC(F)c1nnc(-c2ccc(COc3cccc4ccncc34)nc2)o1,7.301029995663981,2,0.0
FC(F)c1nnc(-c2ccc(COc3cccc4cnccc34)nc2)o1,7.301029995663981,2,0.0
FC(F)c1nnc(-c2ccc(COc3cccc4cncnc34)nc2)o1,7.301029995663981,1,
FC(F)c1nnc(-c2ccc(COc3cccc4ncccc34)nc2)o1,7.301029995663981,1,
FC(F)c1nnc(-c2ccc(COc3cccc4nccnc34)nc2)o1,7.301029995663981,2,0.0
FC(F)c1nnc(-c2ccc(COc3cccc4ocnc34)nc2)o1,7.301029995663981,1,
FC(F)c1nnc(-c2ccc(COc3ccccc3-c3ccccc3)nc2)o1,5.259637310505756,1,
FC(F)c1nnc(-c2ccc(COc3ccccn3)nc2)o1,7.301029995663981,1,
FC(F)c1nnc(-c2ccc(COc3cccn4ccnc34)nc2)o1,7.301029995663981,1,
FC(F)c1nnc(-c2ccc(COc3cccnc3)nc2)o1,7.301029995663981,1,
FC(F)c1nnc(-c2ccc(COc3cccnn3)nc2)o1,6.259637310505756,1,
FC(F)c1nnc(-c2ccc(COc3ccn4cnnc4c3)nc2)o1,6.259637310505756,1,
FC(F)c1nnc(-c2ccc(COc3ccnc(-c4ccccc4)c3)nc2)o1,7.301029995663981,1,
FC(F)c1nnc(-c2ccc(COc3ccnc(Cl)c3)nc2)o1,7.301029995663981,1,
FC(F)c1nnc(-c2ccc(COc3ccnc(N4CCOCC4)n3)nc2)o1,6.259637310505756,1,
FC(F)c1nnc(-c2ccc(COc3ccncc3)nc2)o1,7.301029995663981,1,
FC(F)c1nnc(-c2ccc(COc3ccncn3)nc2)o1,7.301029995663981,1,
FC(F)c1nnc(-c2ccc(COc3ccon3)nc2)o1,6.259637310505756,1,
FC(F)c1nnc(-c2ccc(COc3cnc(C(F)(F)F)nc3)nc2)o1,7.301029995663981,1,
FC(F)c1nnc(-c2ccc(COc3cnc4ccnn4c3)nc2)o1,7.301029995663981,1,
FC(F)c1nnc(-c2ccc(COc3cncc(C(F)(F)F)c3)nc2)o1,7.301029995663981,1,
FC(F)c1nnc(-c2ccc(COc3cncc4ccccc34)nc2)o1,7.301029995663981,1,
FC(F)c1nnc(-c2ccc(COc3cncc4ncccc34)nc2)o1,7.301029995663981,1,
FC(F)c1nnc(-c2ccc(COc3cnccn3)nc2)o1,6.259637310505756,1,
FC(F)c1nnc(-c2ccc(COc3cncnc3)nc2)o1,7.301029995663981,1,
FC(F)c1nnc(-c2ccc(COc3ncccn3)nc2)o1,6.259637310505756,1,
FC(F)c1nnc(-c2ccc(COc3nccn4ccnc34)nc2)o1,7.301029995663981,1,
FC(F)c1nnc(-c2ccc(COc3ncco3)nc2)o1,6.259637310505756,1,
FC(F)c1nnc(-c2ccc(COc3ncnc4cc(Cl)ccc34)nc2)o1,7.301029995663981,1,
FC(F)c1nnc(-c2ccc(COc3nnc4ccccn34)nc2)o1,7.301029995663981,1,
FC(F)c1nnc(-c2ccc(Cc3cn(-c4ccc(NC5=NCCN5)cc4)nn3)cc2)o1,7.251811972993799,1,
FC(F)c1nnc(-c2ccc(Cc3nc(-c4ccc(NC5=NCCN5)cc4)no3)cc2)o1,7.769551078621726,1,
FC(F)c1nnc(-c2ccc(Cc3nnc(-c4ccccc4)s3)cc2)o1,6.675717544702307,1,
FC(F)c1nnc(-c2ccc(Cn3c(C(F)(F)F)nc4cc(Cl)c(Cl)cc43)nc2)o1,6.917214629683549,1,
FC(F)c1nnc(-c2ccc(Cn3cc(-c4cc(Cl)cc(Cl)c4)nn3)nc2)o1,7.585026652029182,1,
FC(F)c1nnc(-c2ccc(Cn3cc(-c4ccc(C(F)(F)F)cc4)nn3)cc2)o1,6.623423042943488,1,
FC(F)c1nnc(-c2ccc(Cn3cc(-c4ccc(Cl)c(Cl)c4)nn3)nc2)o1,7.42021640338319,1,
FC(F)c1nnc(-c2ccc(Cn3cc(-c4ccc(Cl)cc4)nn3)cc2)o1,7.017728766960431,1,
FC(F)c1nnc(-c2ccc(Cn3cc(-c4ccc(Cl)cc4)nn3)nc2)o1,7.366531544420414,1,
FC(F)c1nnc(-c2ccc(Cn3cc(-c4ccc(NC5=NCCN5)cc4)cn3)cc2)o1,7.823908740944319,1,
FC(F)c1nnc(-c2ccc(Cn3cc(-c4ccc(NC5=NCCN5)cc4)cn3)nc2)o1,7.7447274948966935,1,
FC(F)c1nnc(-c2ccc(Cn3cc(-c4ccc(NC5=NCCN5)cc4)nn3)cc2)o1,7.795880017344075,1,
FC(F)c1nnc(-c2ccc(Cn3cc(-c4ccc(NC5=NCCN5)cc4)nn3)nc2)o1,8.154901959985743,1,
FC(F)c1nnc(-c2ccc(Cn3cc(-c4ccc(NC5N=CCN5)cc4)nn3)cc2)o1,8.113509274827518,1,
FC(F)c1nnc(-c2ccc(Cn3cc(-c4ccc5cn[nH]c5c4)nn3)cc2)o1,6.795880017344075,1,
FC(F)c1nnc(-c2ccc(Cn3cc(-c4ccc5nc(Cl)[nH]c5c4)nn3)cc2)o1,7.275724130399211,1,
FC(F)c1nnc(-c2ccc(Cn3cc(-c4ccc5nc(Cl)[nH]c5c4)nn3)nc2)o1,7.823908740944319,1,
FC(F)c1nnc(-c2ccc(Cn3cc(-c4ccc5nc(N6CCCC6)[nH]c5c4)nn3)cc2)o1,7.00436480540245,1,
FC(F)c1nnc(-c2ccc(Cn3cc(-c4ccc5nc(N6CCOCC6)[nH]c5c4)nn3)cc2)o1,7.060480747381382,1,
FC(F)c1nnc(-c2ccc(Cn3cc(-c4cccc(Cl)c4)nn3)nc2)o1,7.468521082957745,1,
FC(F)c1nnc(-c2ccc(Cn3cc(-c4ccccc4)nn3)cc2)o1,6.945270259708264,3,0.21704469758597536
FC(F)c1nnc(-c2ccc(Cn3cc(-c4ccccc4)nn3)cn2)o1,5.701146923590294,1,
FC(F)c1nnc(-c2ccc(Cn3cc(-c4ccccc4)nn3)nc2)o1,7.3872161432802645,1,
FC(F)c1nnc(-c2ccc(Cn3cc(-c4ccccc4Cl)nn3)nc2)o1,7.431798275933005,1,
FC(F)c1nnc(-c2ccc(Cn3cc(-c4cccnc4)nn3)cc2)o1,6.694648630553376,1,
FC(F)c1nnc(-c2ccc(Cn3cc(-c4cccs4)nn3)cc2)o1,6.978810700930062,1,
FC(F)c1nnc(-c2ccc(Cn3cc(-c4cccs4)nn3)nc2)o1,7.481486060122112,1,
FC(F)c1nnc(-c2ccc(Cn3cc(-c4ccncc4)nn3)cc2)o1,6.7258421507363195,1,
FC(F)c1nnc(-c2ccc(Cn3cc(-c4ccsc4)nn3)cc2)o1,6.882728704344236,1,
FC(F)c1nnc(-c2ccc(Cn3cc(-c4cnc5cccnn45)nn3)cc2)o1,7.050609993355087,1,
FC(F)c1nnc(-c2ccc(Cn3cc(-c4cnc5cccnn45)nn3)nc2)o1,7.508638306165727,1,
FC(F)c1nnc(-c2ccc(Cn3cc(C4CCCCC4)nn3)cc2)o1,6.323306390375134,1,
FC(F)c1nnc(-c2ccc(Cn3cc4ccccc4n3)cc2)o1,6.437707135543525,2,0.0
FC(F)c1nnc(-c2ccc(Cn3ccc4ccccc43)cc2)o1,5.5166980476418335,1,
FC(F)c1nnc(-c2ccc(Cn3ccc4cccnc43)cc2)o1,5.755475488429916,1,
FC(F)c1nnc(-c2ccc(Cn3ccc4cnccc43)cc2)o1,5.308476477831846,1,
FC(F)c1nnc(-c2ccc(Cn3ccc4ncccc43)cc2)o1,5.984640244590786,1,
FC(F)c1nnc(-c2ccc(Cn3cnc(-c4ccc(NC5=NCCN5)cc4)c3)c(Cl)c2)o1,7.2839966563652006,1,
FC(F)c1nnc(-c2ccc(Cn3cnc(-c4ccc(NC5=NCCN5)cc4)c3)cc2)o1,7.769551078621726,2,0.0
FC(F)c1nnc(-c2ccc(Cn3cnc(-c4ccc(NC5=NCCN5)cc4)c3)nc2)o1,7.958607314841775,1,
FC(F)c1nnc(-c2ccc(Cn3cnc(-c4ccccc4)c3)nc2)o1,7.318758762624412,1,
FC(F)c1nnc(-c2ccc(Cn3cnc4cc(Br)ccc43)nc2)o1,7.318758762624412,1,
FC(F)c1nnc(-c2ccc(Cn3cnc4cc(Cl)c(Cl)cc43)cc2)o1,7.221848749616356,1,
FC(F)c1nnc(-c2ccc(Cn3cnc4cc(Cl)c(Cl)cc43)nc2)o1,7.657577319177793,2,0.0
FC(F)c1nnc(-c2ccc(Cn3cnc4ccc(Br)cc43)nc2)o1,7.207608310501746,1,
FC(F)c1nnc(-c2ccc(Cn3cnc4ccccc43)cc2)o1,6.412289034981089,1,
FC(F)c1nnc(-c2ccc(Cn3nc4cc(Cl)c(Cl)cc4n3)nc2)o1,7.522878745280337,2,0.0
FC(F)c1nnc(-c2ccc(Cn3nc4ccc(Br)cc4n3)nc2)o1,7.481486060122112,1,
FC(F)c1nnc(-c2ccc(Cn3ncc4ccccc43)cc2)o1,6.379863945026242,1,
FC(F)c1nnc(-c2ccc(Cn3nnc(-c4ccc(-c5cnn6c5CNCC6)cc4)n3)cc2)o1,7.376750709602099,1,
FC(F)c1nnc(-c2ccc(Cn3nnc(-c4ccc(CN5CCCCC5)cc4)n3)cc2)o1,7.468521082957745,1,
FC(F)c1nnc(-c2ccc(Cn3nnc(-c4ccc(Cl)cc4Cl)n3)cc2)o1,6.310691140876379,1,
FC(F)c1nnc(-c2ccc(Cn3nnc(-c4ccc(N5CCNCC5)cc4)n3)cc2)o1,7.4089353929735005,1,
FC(F)c1nnc(-c2ccc(Cn3nnc(-c4ccc(N5CCNCC5)nc4)n3)cc2)o1,7.200659450546418,1,
FC(F)c1nnc(-c2ccc(Cn3nnc(-c4ccc5ccccc5n4)n3)cc2)o1,7.366531544420414,1,
FC(F)c1nnc(-c2ccc(Cn3nnc(-c4ccc5ccncc5c4)n3)cc2)o1,7.309803919971486,1,
FC(F)c1nnc(-c2ccc(Cn3nnc(-c4ccc5cnccc5c4)n3)c(Cl)c2)o1,6.462180904926726,1,
FC(F)c1nnc(-c2ccc(Cn3nnc(-c4cccc(-c5ccccc5)c4)n3)cc2)o1,6.575118363368933,1,
FC(F)c1nnc(-c2ccc(Cn3nnc(-c4cccc(-c5cnc(N6CCOCC6)s5)c4)n3)cc2)o1,6.453457336521868,1,
FC(F)c1nnc(-c2ccc(Cn3nnc(-c4cccc(-c5cnc(N6CCOCC6)s5)c4)n3)nc2)o1,7.301029995663981,1,
FC(F)c1nnc(-c2ccc(Cn3nnc(-c4cccc(-c5nc6c([nH]5)CCNC6)c4)n3)cc2)o1,7.346787486224656,1,
FC(F)c1nnc(-c2ccc(Cn3nnc(-c4cccc(-c5nc6c([nH]5)CCNC6)c4)n3)nc2)o1,8.045757490560675,1,
FC(F)c1nnc(-c2ccc(Cn3nnc(-c4cccc(-c5nc6c([nH]5)CNCC6)c4)n3)c(Cl)c2)o1,6.97469413473523,1,
FC(F)c1nnc(-c2ccc(Cn3nnc(-c4cccc(-n5cccn5)c4)n3)cc2)o1,7.00436480540245,1,
FC(F)c1nnc(-c2ccc(Cn3nnc(-c4cccc(Cl)c4)c3Cl)nc2)o1,7.468521082957745,2,0.0
FC(F)c1nnc(-c2ccc(Cn3nnc(-c4cccc5cnccc45)n3)cc2)o1,7.180456064458131,1,
FC(F)c1nnc(-c2ccc(Cn3nnc(-c4ccccc4)c3-c3ccccc3)cc2)o1,6.575118363368933,1,
FC(F)c1nnc(-c2ccc(Cn3nnc(-c4ccccc4)c3Cl)cc2)o1,7.055517327849831,1,
FC(F)c1nnc(-c2ccc(Cn3nnc(-c4ccccc4)c3Cl)nc2)o1,7.318758762624412,1,
FC(F)c1nnc(-c2ccc(Cn3nnc(-c4ccccc4Cl)c3Cl)nc2)o1,7.086186147616283,1,
FC(F)c1nnc(-c2ccc(Cn3nnc(-c4ccccn4)n3)nc2)o1,7.763294211629394,3,1.1517804865152883
FC(F)c1nnc(-c2ccc(Cn3nnc(-c4ccco4)n3)cc2)o1,6.804100347590767,1,
FC(F)c1nnc(-c2ccc(Cn3nnc(-c4cccs4)n3)cc2)o1,6.7423214251308154,1,
FC(F)c1nnc(-c2ccc(Cn3nnc(-c4cncc(Br)c4)n3)cc2)o1,7.481486060122112,1,
FC(F)c1nnc(-c2ccc(Cn3nnc(-c4cncc5ccccc45)n3)cc2)o1,7.356547323513812,1,
FC(F)c1nnc(-c2ccc(Cn3nnc(-c4csc5ccccc45)n3)cc2)o1,6.889410289700751,1,
FC(F)c1nnc(-c2ccc(Cn3nnc(C4(c5ccccc5)CC4)n3)cc2)o1,6.405607449624574,1,
FC(F)c1nnc(-c2ccc(Cn3nnc(C4(c5ccccn5)CC4)n3)cc2)o1,7.200659450546418,1,
FC(F)c1nnc(-c2ccc(Cn3nnc(Cc4ccccn4)n3)cc2)o1,6.525783735923745,1,
FC(F)c1nnc(-c2ccc(Cn3nnc4cc(Br)ccc43)nc2)o1,7.309803919971486,1,
FC(F)c1nnc(-c2ccc(Cn3nnc4cc(Cl)c(Cl)cc43)nc2)o1,7.522878745280337,2,0.0
FC(F)c1nnc(-c2ccc(Cn3nnc4ccc(Br)cc43)nc2)o1,7.3979400086720375,1,
FC(F)c1nnc(-c2ccc(Cn3nnc4ccc(Cl)cc43)cc2)o1,6.889410289700751,1,
FC(F)c1nnc(-c2ccc(Cn3nnc4ccccc43)cc2)o1,6.767003889607846,2,0.0
FC(F)c1nnc(-c2ccc(Cn3nnc4ccccc43)nc2)o1,6.987162775294828,1,
FC(F)c1nnc(-c2ccc(Cn3nnc4cccnc43)nc2)o1,6.721246399047171,1,
FC(F)c1nnc(-c2ccc(Cn3nnnc3-c3cccc(-n4cccn4)c3)cc2)o1,6.692503962086787,1,
FC(F)c1nnc(-c2ccc(Cn3nnnc3-c3ccccc3)cc2)o1,6.036212172654444,1,
FC(F)c1nnc(-c2ccc(Cn3nnnc3-c3csc4ccccc34)cc2)o1,6.449771646944906,1,
FC(F)c1nnc(-c2ccc(Cn3nnnc3-c3ncccn3)cc2)o1,6.350665141287858,1,
FC(F)c1nnc(-c2cnc(CN3CCCc4ccccc43)s2)o1,6.268411234813261,3,0.0
FC(F)c1nnc(-c2cnc(CNc3cccc(C(F)(F)F)c3)s2)o1,6.653647025549361,3,0.0
FC(F)c1nnc(-c2cnc(CNc3cccc(Cl)c3)s2)o1,7.337242168318426,3,0.0
FC(F)c1nnc(-c2cnc(CNc3cccnc3)s2)o1,5.823908740944319,3,0.0
FC(F)c1nnc(-c2cnc(COc3ccc4ccncc4c3)nc2)o1,7.301029995663981,2,0.0
FC(F)c1nnc(-c2cnc(COc3ccc4cnccc4c3)nc2)o1,7.301029995663981,2,0.0
FC(F)c1nnc(-c2cnc(COc3ccc4ncccc4c3)nc2)o1,7.301029995663981,2,0.0
FC(F)c1nnc(-c2cnc(COc3ccc4nccnc4c3)nc2)o1,7.301029995663981,1,
FC(F)c1nnc(-c2cnc(COc3ccc4ocnc4c3)nc2)o1,7.301029995663981,1,
FC(F)c1nnc(-c2cnc(COc3cccc(Cl)c3)s2)o1,6.600326278518961,3,0.0
FC(F)c1nnc(-c2cnc(COc3cccc4cncnc34)nc2)o1,7.301029995663981,1,
FC(F)c1nnc(-c2cnc(COc3cccc4nccnc34)nc2)o1,7.301029995663981,1,
FC(F)c1nnc(-c2cnc(COc3cccc4ocnc34)nc2)o1,7.301029995663981,1,
FC(F)c1nnc(-c2cnc(COc3cccnc3)nc2)o1,7.301029995663981,1,
FC(F)c1nnc(-c2cnc(Cn3nnc(-c4cccs4)n3)nc2)o1,7.3872161432802645,1,
FC(F)c1nnc(-c2cnc(Cn3nnnc3-c3cccs3)nc2)o1,6.958607314841775,1,
FC(F)c1nnc(-c2cnc(NC(c3ccccc3)c3ccccc3)nc2)o1,5.769551078621726,1,
FC(F)c1nnc(-c2cnc(NC3(C4CCCCC4)CC3)nc2)o1,7.130768280269024,1,
FC(F)c1nnc(-c2cnc(NC3(c4cc(C(F)(F)F)ccc4Cl)CC3)nc2)o1,6.6777807052660805,1,
FC(F)c1nnc(-c2cnc(NC3(c4ccc(Br)cc4)CC3)nc2)o1,7.568636235841012,1,
FC(F)c1nnc(-c2cnc(NC3(c4ccc(Br)nc4)CC3)nc2)o1,7.552841968657781,1,
FC(F)c1nnc(-c2cnc(NC3(c4ccc(C(F)(F)F)cc4)CC3)nc2)o1,7.1938200260161125,1,
FC(F)c1nnc(-c2cnc(NC3(c4ccc(Cl)cc4)CC3)nc2)o1,7.522878745280337,1,
FC(F)c1nnc(-c2cnc(NC3(c4ccc(OC(F)(F)F)cc4)CC3)nc2)o1,7.657577319177793,1,
FC(F)c1nnc(-c2cnc(NC3(c4ccc(OCC(F)(F)F)cc4)CC3)nc2)o1,7.0,1,
FC(F)c1nnc(-c2cnc(NC3(c4ccc(OCC(F)(F)F)cc4)CCC3)nc2)o1,7.0,1,
FC(F)c1nnc(-c2cnc(NC3(c4ccc(OCC(F)(F)F)cc4Cl)CC3)nc2)o1,7.113509274827518,1,
FC(F)c1nnc(-c2cnc(NC3(c4cccc(C(F)(F)F)c4)CC3)nc2)o1,7.795880017344075,1,
FC(F)c1nnc(-c2cnc(NC3(c4cccc(C(F)(F)F)c4Cl)CC3)nc2)o1,7.207608310501746,1,
FC(F)c1nnc(-c2cnc(NC3(c4cccc(Cl)c4)CC3)nc2)o1,7.823908740944319,1,
FC(F)c1nnc(-c2cnc(NC3(c4cccc(OC(F)(F)F)c4)CC3)nc2)o1,7.638272163982407,1,
FC(F)c1nnc(-c2cnc(NC3(c4ccccc4)CC3)nc2)o1,7.638272163982407,1,
FC(F)c1nnc(-c2cnc(NC3(c4ccccc4C(F)(F)F)CC3)nc2)o1,7.3979400086720375,1,
FC(F)c1nnc(-c2cnc(NC3(c4ccccc4Cl)CC3)nc2)o1,8.221848749616356,1,
FC(F)c1nnc(-c2cnc(NC3(c4ccccc4OC(F)(F)F)CC3)nc2)o1,7.698970004336019,1,
FC(F)c1nnc(-c2cnc(NC3(c4cccnc4)CC3)nc2)o1,6.4089353929735005,1,
FC(F)c1nnc(-c2cnc(NC3(c4ccnc(Br)c4)CC3)nc2)o1,7.455931955649724,1,
FC(F)c1nnc(-c2cnc(NCCc3ccccc3)s2)o1,4.866461091629782,3,0.0
FC(F)c1nnc(-c2cnc(NCc3ccccc3)nc2)o1,6.687841168634034,3,0.2161013582561647
FC(F)c1nnc(-c2cnc(OC3(c4ccccc4)CC3)nc2)o1,6.6777807052660805,1,
FC(F)c1nnc(-c2cnc3cc(Cc4ccccc4)nn3c2)o1,6.460923901207224,1,
FC(F)c1nnc(-c2ncc(CN3CCCc4ccccc43)s2)o1,6.268411234813261,1,
FCc1nnc(-c2ccc(Cc3nc(-c4ccc(NC5=NCCN5)cc4)no3)cc2)o1,7.721246399047171,1,
Fc1c(-c2noc(C(F)(F)F)n2)ccnc1OCc1nc(C2CC2)no1,7.1938200260161125,1,
Fc1c(Cl)cccc1C1(Nc2ncc(-c3nnc(C(F)F)o3)cn2)CC1,7.769551078621726,1,
Fc1c(Cn2cnc(-c3ccc(NC4=NCCN4)cc3)c2)ccc(-c2nnc(C(F)F)o2)c1F,7.958607314841775,1,
Fc1c(Cn2nnc(-c3cccc(-c4nc5c([nH]4)CCNC5)c3)n2)ccc(-c2nnc(C(F)F)o2)c1F,7.207608310501746,1,
Fc1cc(-c2cn(Cc3ccc(-c4nnc(C(F)F)o4)cn3)nn2)cc(F)c1F,6.826813731587726,1,
Fc1cc(-c2nnc(C(F)F)o2)c(F)cc1Cn1cnc(-c2ccc(NC3=NCCN3)cc2)c1,8.045757490560675,1,
Fc1cc(-c2nnc(C(F)F)o2)c(F)cc1Cn1nnc(-c2ccc3cnccc3c2)n1,7.00436480540245,1,
Fc1cc(-c2nnc(C(F)F)o2)c(F)cc1Cn1nnc(-c2cccc(-c3nc4c([nH]3)CCNC4)c2)n1,7.585026652029182,1,
Fc1cc(-c2nnc(C(F)F)o2)cc(F)c1Cn1cc(-c2ccc(CN3CC(C(F)(F)F)C3)cc2)nn1,6.821023052706831,1,
Fc1cc(-c2nnc(C(F)F)o2)cc(F)c1Cn1cc(-c2cccs2)nn1,7.337242168318426,1,
Fc1cc(-c2nnc(C(F)F)o2)cc(F)c1Cn1cc(-c2cnc3cccnn23)nn1,7.537602002101044,1,
Fc1cc(-c2nnc(C(F)F)o2)ccc1CN(C(=S)N1CC2(C1)CN(C1COC1)C2)c1ccc(Cl)c(Cl)c1,7.080921907623926,1,
Fc1cc(-c2nnc(C(F)F)o2)ccc1CN(C(=S)N1CC2(C1)CN(C1COC1)C2)c1ccccc1,7.301029995663981,1,
Fc1cc(-c2nnc(C(F)F)o2)ccc1CN(C(=S)N1CCOCC1)c1ccccc1,7.0655015487564325,1,
Fc1cc(-c2nnc(C(F)F)o2)ccc1CN(C(=S)c1ccncc1)c1ccccc1,6.860120913598763,1,
Fc1cc(-c2nnc(C(F)F)o2)ccc1Cc1nc(-c2ccc(NC3=NCCN3)cc2)no1,7.920818753952375,1,
Fc1cc(-c2nnc(C(F)F)o2)ccc1Cn1cnc(-c2ccc(NC3=NCCN3)cc2)c1,7.920818753952375,1,
Fc1cc(-c2nnc(C(F)F)o2)ccc1Cn1nnc(-c2ccc3cnccc3c2)n1,7.142667503568731,1,
Fc1cc(-c2nnc(C(F)F)o2)ccc1Cn1nnc(-c2cccc(-c3nc4c([nH]3)CCNC4)c2)n1,7.6020599913279625,1,
Fc1cc(-c2nnc(C(F)F)o2)ccc1Cn1nnc(-c2nccc3ccccc23)n1,6.453457336521868,1,
Fc1cc(-c2nnc(C(F)F)o2)cnc1COc1ccc2ccccc2c1,7.301029995663981,2,0.0
Fc1cc(-c2nnc(C(F)F)o2)cnc1COc1ccc2cccnc2c1,7.301029995663981,2,0.0
Fc1cc(-c2nnc(C(F)F)o2)cnc1COc1ccc2ccncc2c1,7.301029995663981,2,0.0
Fc1cc(-c2nnc(C(F)F)o2)cnc1COc1ccc2cnccc2c1,7.301029995663981,2,0.0
Fc1cc(-c2nnc(C(F)F)o2)cnc1COc1ccc2cncnc2c1,7.301029995663981,3,0.0
Fc1cc(-c2nnc(C(F)F)o2)cnc1COc1ccc2ncccc2c1,7.301029995663981,2,0.0
Fc1cc(-c2nnc(C(F)F)o2)cnc1COc1ccc2nccnc2c1,7.301029995663981,1,
Fc1cc(-c2nnc(C(F)F)o2)cnc1COc1ccc2ncncc2c1,7.301029995663981,2,0.0
Fc1cc(-c2nnc(C(F)F)o2)cnc1COc1cccc2cccnc12,7.301029995663981,2,0.0
Fc1cc(-c2nnc(C(F)F)o2)cnc1COc1cccc2ccncc12,7.301029995663981,2,0.0
Fc1cc(-c2nnc(C(F)F)o2)cnc1COc1cccc2cnccc12,7.301029995663981,2,0.0
Fc1cc(-c2nnc(C(F)F)o2)cnc1COc1cccc2cncnc12,7.301029995663981,1,
Fc1cc(-c2nnc(C(F)F)o2)cnc1COc1cccc2ncccc12,7.301029995663981,2,0.0
Fc1cc(-c2nnc(C(F)F)o2)cnc1COc1cccc2nccnc12,7.301029995663981,1,
Fc1cc(-c2nnc(C(F)F)o2)cnc1COc1cccc2ncncc12,7.301029995663981,1,
Fc1cc(-c2nnc(C(F)F)o2)cnc1COc1cccn2ccnc12,7.301029995663981,1,
Fc1cc(-c2nnc(C(F)F)o2)cnc1Cn1nnc(-c2cccc(-c3nc4c([nH]3)CCNC4)c2)n1,7.376750709602099,1,
Fc1cc(-c2nnn(Cc3ccc(-c4nnc(C(F)F)o4)cc3)n2)ccc1N1CCNCC1,6.790484985457369,1,
Fc1cc(-c2noc(C(F)(F)F)n2)ccc1COc1ccccc1,6.229147988357855,1,
Fc1cc(-c2noc(C(F)(F)F)n2)ccc1Cn1cnc2c(Cl)ncnc21,6.920818753952375,1,
Fc1cc(Br)cc2c1C1=NCCN1C(=S)S2,5.769551078621726,1,
Fc1cc(C(F)(F)F)ccc1C1(Nc2ncc(-c3nnc(C(F)F)o3)cn2)CC1,7.0,1,
Fc1cc(CNc2ccc3ccncc3c2)ccc1-c1noc(C(F)(F)F)n1,7.481486060122112,1,
Fc1cc(COc2[nH]nc3c2COCC3)ccc1-c1noc(C(F)(F)F)n1,7.309803919971486,1,
Fc1cc(COc2cc(C(F)F)ncn2)ccc1-c1noc(C(F)(F)F)n1,7.292429823902063,1,
Fc1cc(COc2cc[nH]n2)ccc1-c1noc(C(F)(F)F)n1,7.267606240177031,1,
Fc1cc(COc2ccc(Cl)nc2)ccc1-c1noc(C(F)(F)F)n1,7.031517051446065,1,
Fc1cc(COc2ccc3cccc(F)c3n2)ccc1-c1noc(C(F)(F)F)n1,7.795880017344075,1,
Fc1cc(COc2ccc3cnccc3n2)ccc1-c1noc(C(F)(F)F)n1,7.6777807052660805,1,
Fc1cc(COc2ccc3cncnc3c2)ccc1-c1noc(C(F)(F)F)n1,7.318758762624412,1,
Fc1cc(COc2ccc3ncnn3c2)ccc1-c1noc(C(F)(F)F)n1,7.585026652029182,1,
Fc1cc(COc2cccc(Cl)n2)ccc1-c1noc(C(F)(F)F)n1,7.055517327849831,1,
Fc1cc(COc2cccc3[nH]ncc23)ccc1-c1noc(C(F)(F)F)n1,7.698970004336019,1,
Fc1cc(COc2cccc3[nH]nnc23)ccc1-c1noc(C(F)(F)F)n1,7.721246399047171,1,
Fc1cc(COc2cccc3c2CNCC3)ccc1-c1noc(C(F)(F)F)n1,7.017728766960431,1,
Fc1cc(COc2ccccc2)ccc1-c1noc(C(F)(F)F)n1,6.468521082957745,1,
Fc1cc(COc2cccnn2)ccc1-c1noc(C(F)(F)F)n1,7.080921907623926,1,
Fc1cc(COc2cnc(C3CC3)nc2)ccc1-c1noc(C(F)(F)F)n1,7.075720713938118,1,
Fc1cc(COc2cnc3[nH]ccc3c2)ccc1-c1noc(C(F)(F)F)n1,7.552841968657781,1,
Fc1cc(COc2cnc3c(c2)COC3)ccc1-c1noc(C(F)(F)F)n1,7.267606240177031,1,
Fc1cc(COc2cncc(Cl)c2)ccc1-c1noc(C(F)(F)F)n1,7.173925197299173,1,
Fc1cc(COc2cncnc2)ccc1-c1noc(C(F)(F)F)n1,7.585026652029182,1,
Fc1cc(COc2nc3cccnc3n2C2CC2)ccc1-c1noc(C(F)(F)F)n1,7.698970004336019,1,
Fc1cc(COc2nc3cccnc3n2CC(F)(F)F)ccc1-c1noc(C(F)(F)F)n1,7.6777807052660805,1,
Fc1cc(COc2nc3ncccc3n2CC(F)(F)F)ccc1-c1noc(C(F)(F)F)n1,7.795880017344075,1,
Fc1cc(COc2nc[nH]n2)ccc1-c1noc(C(F)(F)F)n1,7.026872146400302,1,
Fc1cc(COc2nccc3nccn23)ccc1-c1noc(C(F)(F)F)n1,7.318758762624412,1,
Fc1cc(COc2nnc(C3CC3)o2)ccc1-c1noc(C(F)(F)F)n1,7.070581074285707,1,
Fc1cc(COc2nncc3ccccc23)ccc1-c1noc(C(F)(F)F)n1,7.42021640338319,1,
Fc1cc(COc2nnnc3ccccc23)ccc1-c1noc(C(F)(F)F)n1,7.619788758288394,1,
Fc1cc(Cc2nc(-c3ccc(NC4=NCCN4)cc3)no2)ccc1-c1nnc(C(F)F)o1,7.886056647693163,1,
Fc1cc(Cl)ccc1C1(Nc2ncc(-c3nnc(C(F)F)o3)cn2)CC1,7.376750709602099,1,
Fc1cc(Cl)ccc1OCc1ccc(-c2nnc(C(F)F)o2)cn1,7.301029995663981,2,0.0
Fc1cc(Cn2cnc(-c3ccc(NC4=NCCN4)cc3)c2)ccc1-c1nnc(C(F)F)o1,7.7447274948966935,1,
Fc1cc(Cn2cnc3c(Cl)ncnc32)ccc1-c1noc(C(F)(F)F)n1,6.481486060122112,1,
Fc1cc(Cn2nnc(-c3cccc(-c4nc5c([nH]4)CNCC5)c3)n2)ccc1-c1nnc(C(F)F)o1,7.431798275933005,1,
Fc1cc(F)c(C2(Nc3ncc(-c4nnc(C(F)F)o4)cn3)CC2)c(F)c1,7.721246399047171,1,
Fc1cc(F)c(OCc2ccc(-c3noc(C(F)(F)F)n3)c(F)c2)cn1,7.568636235841012,1,
Fc1cc(F)cc(-c2cn(Cc3ccc(-c4nnc(C(F)F)o4)cn3)nn2)c1,7.180456064458131,1,
Fc1cc(F)cc(C2(Nc3ncc(-c4nnc(C(F)F)o4)cn3)CC2)c1,7.455931955649724,1,
Fc1cc(OC(F)(F)F)ccc1C1(Nc2ncc(-c3nnc(C(F)F)o3)cn2)CC1,7.0,1,
Fc1cc(OC(F)F)ccc1C1(Nc2ncc(-c3nnc(C(F)F)o3)cn2)CC1,7.537602002101044,1,
Fc1ccc(-c2ccc(C3(Nc4ncc(-c5nnc(C(F)F)o5)cn4)CC3)cc2)cc1,7.022276394711152,1,
Fc1ccc(-c2cccc(C3(Nc4ncc(-c5nnc(C(F)F)o5)cn4)CC3)c2)cc1,7.236572006437063,1,
Fc1ccc(C(CC(F)(F)F)Nc2ncc(-c3nnc(C(F)F)o3)cn2)c(F)c1,6.1487416512809245,1,
Fc1ccc(C(CC(F)(F)F)Nc2ncc(-c3nnc(C(F)F)o3)cn2)cc1,7.443697499232712,1,
Fc1ccc(C(COC2CC2)Nc2ncc(-c3nnc(C(F)F)o3)cn2)c(F)c1,7.214670164989233,1,
Fc1ccc(C(COc2ccccc2)Nc2ncc(-c3nnc(C(F)F)o3)cn2)cc1,7.327902142064282,1,
Fc1ccc(C(Nc2ncc(-c3nnc(C(F)F)o3)cn2)C(F)(F)F)cc1,7.130768280269024,1,
Fc1ccc(C(Nc2ncc(-c3nnc(C(F)F)o3)cn2)C2CC2)cc1,7.1938200260161125,1,
Fc1ccc(C2(Nc3ncc(-c4nnc(C(F)F)o4)cn3)CC2)c(C(F)(F)F)c1,7.055517327849831,1,
Fc1ccc(C2(Nc3ncc(-c4nnc(C(F)F)o4)cn3)CC2)c(Cl)c1,8.096910013008056,1,
Fc1ccc(C2(Nc3ncc(-c4nnc(C(F)F)o4)cn3)CC2)c(F)c1,8.045757490560675,1,
Fc1ccc(C2(Nc3ncc(-c4nnc(C(F)F)o4)cn3)CC2)cc1,7.468521082957745,1,
Fc1ccc(C2(Nc3ncc(-c4nnc(C(F)F)o4)cn3)CC2)cc1F,7.6777807052660805,1,
Fc1ccc(C2(Nc3ncc(-c4nnc(C(F)F)o4)cn3)CC2)nc1,6.721246399047171,1,
Fc1ccc(C2(Nc3ncc(-c4nnc(C(F)F)o4)cn3)CCC(F)(F)CC2)cc1,6.7447274948966935,1,
Fc1ccc(C2(Nc3ncc(-c4nnc(C(F)F)o4)cn3)CCC2)cc1,7.537602002101044,1,
Fc1ccc(C2(Nc3ncc(-c4nnc(C(F)F)o4)cn3)CCN(c3ccccc3)CC2)cc1,6.795880017344075,1,
Fc1ccc(C2COCCN2c2ccc(-c3noc(C(F)(F)F)n3)cn2)cc1,7.42021640338319,1,
Fc1ccc(Cl)c(C2(Nc3ncc(-c4nnc(C(F)F)o4)cn3)CC2)c1,7.638272163982407,1,
Fc1ccc(Cl)c(OCc2ccc(-c3nnc(C(F)F)o3)cn2)c1,7.301029995663981,2,0.0
Fc1ccc(Cl)cc1C1(Nc2ncc(-c3nnc(C(F)F)o3)cn2)CC1,7.853871964321762,1,
Fc1ccc(Cl)cc1OCc1ccc(-c2nnc(C(F)F)o2)cn1,7.301029995663981,2,0.0
Fc1ccc(F)c(C2(Nc3ncc(-c4nnc(C(F)F)o4)cn3)CC2)c1,7.657577319177793,1,
Fc1ccc(N(Cc2ccc(-c3nnc(C(F)F)o3)cc2)C(=S)N2CC3(C2)CN(C2COC2)C3)cc1,7.080921907623926,1,
Fc1ccc(N(Cc2ccc(-c3nnc(C(F)F)o3)cc2)C(=S)N2CC3(C2)CN(C2COC2)C3)cc1Cl,6.950781977329818,1,
Fc1ccc(N(Cc2ccc(-c3nnc(C(F)F)o3)cc2)C(=S)N2CC3(C2)CN(C2COC2)C3)cc1F,7.346787486224656,1,
Fc1ccc(N(Cc2ccc(-c3nnc(C(F)F)o3)cc2F)C(=S)N2CC3(C2)CN(C2COC2)C3)cc1,7.267606240177031,1,
Fc1ccc(N(Cc2ccc(-c3nnc(C(F)F)o3)cc2F)C(=S)N2CC3(C2)CN(C2COC2)C3)cc1F,7.327902142064282,1,
Fc1ccc(N(Cc2ccc(-c3nnc(C(F)F)o3)cc2F)C(=S)N2CC3(COC3)C2)cc1F,7.180456064458131,1,
Fc1ccc(N(Cc2ccc(-c3nnc(C(F)F)o3)cc2F)C(=S)N2CCC3(CC2)CN(C2COC2)C3)cc1F,6.707743928643524,1,
Fc1ccc(N(Cc2ccc(-c3nnc(C(F)F)o3)cc2F)C(=S)N2C[C@@H]3C[C@H]2CN3C2COC2)cc1,7.136677139879544,1,
Fc1ccc(N(Cc2ccc(-c3nnc(C(F)F)o3)cc2F)C(=S)N2C[C@@H]3C[C@H]2CN3C2COC2)cc1F,7.113509274827518,1,
Fc1ccc(NCc2ccc(-c3noc(C(F)(F)F)n3)cc2)cc1,7.2441251443275085,1,
Fc1ccc(OC(F)(F)F)cc1C1(Nc2ncc(-c3nnc(C(F)F)o3)cn2)CC1,7.42021640338319,1,
Fc1ccc(OC(F)(F)c2ccc(-c3nnc(C(F)F)o3)cn2)cc1,6.259637310505756,2,0.0
Fc1ccc(OCc2ccc(-c3nnc(C(F)F)o3)cn2)c(Cl)c1,7.301029995663981,2,0.0
Fc1ccc(OCc2ccc(-c3nnc(C(F)F)o3)cn2)c(F)c1,7.301029995663981,2,0.0
Fc1ccc(OCc2ccc(-c3nnc(C(F)F)o3)cn2)cc1,7.301029995663981,2,0.0
Fc1ccc(OCc2ccc(-c3nnc(C(F)F)o3)cn2)cc1F,7.301029995663981,2,0.0
Fc1ccc(OCc2ccc(-c3nnc(C(F)F)o3)cn2)nc1,7.301029995663981,1,
Fc1ccc(OCc2ccc(-c3noc(C(F)(F)F)n3)c(F)c2)cn1,7.327902142064282,1,
Fc1ccc(OCc2ncc(-c3nnc(C(F)F)o3)cc2F)c(F)c1,7.301029995663981,2,0.0
Fc1ccc(OCc2ncc(-c3nnc(C(F)F)o3)cc2F)cc1,7.301029995663981,2,0.0
Fc1ccc(OCc2ncc(-c3nnc(C(F)F)o3)cc2F)cc1F,7.301029995663981,2,0.0
Fc1ccc(OCc2ncc(-c3nnc(C(F)F)o3)cn2)cc1,7.301029995663981,2,0.0
Fc1ccc(OCc2ncc(-c3nnc(C(F)F)o3)cn2)cc1F,7.301029995663981,2,0.0
Fc1ccc([C@@H](CC(F)(F)F)Nc2ncc(-c3nnc(C(F)F)o3)cn2)cc1,6.259637310505756,1,
Fc1ccc([C@@H](COCC(F)(F)F)Nc2ncc(-c3nnc(C(F)F)o3)cn2)c(F)c1,6.67291172906102,2,0.40403457212126975
Fc1ccc([C@@H](COCC(F)(F)F)Nc2ncc(-c3nnc(C(F)F)o3)cn2)cc1,6.886056647693163,1,
Fc1ccc([C@@H](Cn2cc(C(F)(F)F)cn2)Nc2ncc(-c3nnc(C(F)F)o3)cn2)cc1,5.823908740944319,1,
Fc1ccc([C@@H](Cn2cnc(C(F)(F)F)c2)Nc2ncc(-c3nnc(C(F)F)o3)cn2)cc1,5.823908740944319,1,
Fc1ccc([C@H](CC(F)(F)F)Nc2ncc(-c3nnc(C(F)F)o3)cn2)c(F)c1,7.657577319177793,1,
Fc1ccc([C@H](CC(F)(F)F)Nc2ncc(-c3nnc(C(F)F)o3)cn2)cc1,7.522878745280337,1,
Fc1ccc([C@H](COC2CC2)Nc2ncc(-c3nnc(C(F)F)o3)cn2)c(F)c1,6.657577319177793,1,
Fc1ccc([C@H](COCC(F)(F)F)Nc2ncc(-c3nnc(C(F)F)o3)cn2)cc1,6.522878745280337,1,
Fc1ccc([C@H](Cn2cc(C(F)(F)F)cn2)Nc2ncc(-c3nnc(C(F)F)o3)cn2)cc1,6.795880017344075,1,
Fc1ccc([C@H](Cn2cnc(C(F)(F)F)c2)Nc2ncc(-c3nnc(C(F)F)o3)cn2)cc1,6.795880017344075,1,
Fc1ccc2c(c1)CCC2Nc1ncc(-c2nnc(C(F)F)o2)cn1,6.346787486224656,1,
Fc1ccc2c(c1)CCCC2Nc1ncc(-c2nnc(C(F)F)o2)cn1,6.102372908709558,1,
Fc1ccc2c(c1)N(Cc1ccc(-c3noc(C(F)(F)F)n3)cn1)CCO2,7.366531544420414,1,
Fc1ccc2ccc(OCc3ccc(-c4noc(C(F)(F)F)n4)c(F)c3)nc2n1,7.537602002101044,1,
Fc1ccc2ccc(OCc3ccc(-c4noc(C(F)(F)F)n4)cn3)nc2c1,7.301029995663981,1,
Fc1cccc(-c2cn(Cc3ccc(-c4nnc(C(F)F)o4)cc3)nn2)c1,6.560667306169737,1,
Fc1cccc(C2(Nc3ncc(-c4nnc(C(F)F)o4)cn3)CC2)c1,7.823908740944319,1,
Fc1cccc(C2(Nc3ncc(-c4nnc(C(F)F)o4)cn3)CC2)c1Cl,7.6777807052660805,1,
Fc1cccc(C2(Nc3ncc(-c4nnc(C(F)F)o4)cn3)CC2)c1F,7.657577319177793,1,
Fc1cccc(C2COCCN2c2ccc(-c3noc(C(F)(F)F)n3)cn2)c1,7.6020599913279625,1,
Fc1cccc(F)c1-c1cn(Cc2ccc(-c3nnc(C(F)F)o3)cn2)nn1,7.173925197299173,1,
Fc1cccc(F)c1C(CC(F)(F)F)Nc1ncc(-c2nnc(C(F)F)o2)cn1,7.036212172654444,1,
Fc1cccc(F)c1C1(Nc2ncc(-c3nnc(C(F)F)o3)cn2)CC1,8.221848749616356,1,
Fc1cccc(F)c1C1(Nc2ncc(-c3nnc(C(F)F)o3)s2)CC1,5.709965388637482,3,0.0
Fc1cccc(N(Cc2ccc(-c3nnc(C(F)F)o3)cc2)C(=S)N2CC3(C2)CN(C2COC2)C3)c1,7.267606240177031,1,
Fc1cccc(N(Cc2ccc(-c3nnc(C(F)F)o3)cc2F)C(=S)N2CC3(C2)CN(C2COC2)C3)c1,7.292429823902063,1,
Fc1cccc(NCc2ccc(-c3noc(C(F)(F)F)n3)cc2)c1,7.173925197299173,1,
Fc1ccccc1-c1cn(Cc2ccc(-c3nnc(C(F)F)o3)cn2)nn1,7.619788758288394,2,0.0
Fc1ccccc1-c1nnn(Cc2ccc(-c3nnc(C(F)F)o3)cc2)n1,7.036212172654444,1,
Fc1ccccc1-c1nnn(Cc2ccc(-c3nnc(C(F)F)o3)cn2)c1Cl,7.173925197299173,1,
Fc1ccccc1C1(Nc2ncc(-c3nnc(C(F)F)o3)cn2)CC1,8.221848749616356,1,
Fc1ccccc1C1COCCN1c1ccc(-c2noc(C(F)(F)F)n2)cn1,7.638272163982407,1,
Fc1ccccc1COc1cc(-c2noc(C(F)(F)F)n2)ccn1,6.119186407719209,1,
Fc1ccccc1Cc1cnc(-c2noc(C(F)(F)F)n2)c(F)c1,6.4089353929735005,1,
Fc1ccccc1NCc1ccc(-c2noc(C(F)(F)F)n2)cc1,7.080921907623926,1,
Fc1ccccc1OCc1cc(-c2noc(C(F)(F)F)n2)ccn1,7.013228265733755,1,
Fc1ccccc1OCc1ccc(-c2noc(C(F)(F)F)n2)cn1,7.537602002101044,1,
Fc1cccnc1COc1nccc(-c2noc(C(F)(F)F)n2)c1Cl,7.200659450546418,1,
Fc1cccnc1OCc1ccc(-c2nnc(C(F)F)o2)cn1,7.301029995663981,1,
Fc1cnc(OCc2ccc(-c3nnc(C(F)F)o3)cn2)nc1,6.259637310505756,1,
Fc1cnc(OCc2ccc(-c3noc(C(F)(F)F)n3)c(F)c2)nc1,7.173925197299173,1,
Fc1cncc(OCc2ccc(-c3nnc(C(F)F)o3)cn2)c1,7.301029995663981,1,
Fc1cncnc1OCc1ccc(-c2nnc(C(F)F)o2)cn1,7.301029995663981,1,
N#CC(C#N)=C1C=C(/C=C/c2ccc(O)c(NC(=O)CCCCCCC(=O)NO)c2)Oc2ccc(O)cc21,5.627087997029893,1,
N#CC(C#N)=C1C=C(/C=C/c2ccc(O)c(NC(=O)CCCCCCC(=O)NO)c2)Oc2ccccc21,7.2839966563652006,2,0.0
N#CC1(CNc2cccc(-c3cc(Nc4cnn(CCCCCC(=O)NO)c4)ncc3Cl)n2)CCOCC1,7.221848749616356,1,
N#CC1(CNc2cccc(-c3cc(Nc4cnn(CCCCCCC(=O)NO)c4)ncc3Cl)n2)CCOCC1,7.3979400086720375,1,
N#CC1(CNc2cccc(-c3cc(Nc4cnn(Cc5ccc(C(=O)NO)cc5)c4)ncc3Cl)n2)CCOCC1,5.744486287180466,1,
N#CCCN(C(=O)CCl)c1ccc2c(c1)OCCN2CC(=O)N1CCC(C(=O)Nc2ccc(C(=O)NCCCCCCC(=O)NO)cc2)CC1,8.221848749616356,1,
N#CCCN(C(=O)CCl)c1ccc2c(c1)OCCN2CC(=O)NCC(=O)Nc1ccc(C(=O)NCCCCCCC(=O)NO)cc1,8.045757490560675,1,
N#CCCN(C(=O)CCl)c1ccc2c(c1)OCCN2CC(=O)NCCCCCCCC(=O)Nc1ccc(C(=O)NCCCCCCC(=O)NO)cc1,8.397940008672037,1,
N#CCCS(=O)(=O)N(Cc1ncc(-c2nnc(C(F)F)o2)s1)c1cccnc1,7.376750709602099,3,0.0
N#CCCS(=O)(=O)N(Cc1ncc(-c2nnc(C(F)F)o2)s1)c1cncc(Cl)c1,8.141462802430361,3,0.0
N#CCCn1cc(-c2nc(Nc3ccc(NC(=O)CCCCCCC(=O)NO)cc3)nc3[nH]ccc23)cn1,9.070581074285707,1,
N#CC[C@H](C1CCCC1)n1cc(-c2ncnc3[nH]ccc23)cn1,7.823908740944319,1,
N#CCc1ccc(-c2ccc(/C=C/C(=O)NO)cc2Cl)cc1C12CC3CC(CC(C3)C1)C2,6.388276691992658,1,
N#CCc1ccc(OCc2ccc(-c3nnc(C(F)F)o3)cn2)cc1,7.301029995663981,2,0.0
N#CCc1cccc(OCc2ccc(-c3nnc(C(F)F)o3)cn2)c1,7.301029995663981,1,
N#CCc1ccccc1OCc1ccc(-c2nnc(C(F)F)o2)cn1,7.301029995663981,2,0.0
N#C[Se]CCCCCC(=O)Nc1ccccc1,8.050609993355087,1,
N#Cc1c(F)cccc1OCc1ccc(-c2nnc(C(F)F)o2)cn1,7.301029995663981,2,0.0
N#Cc1c(N)nc(N)nc1N1CC2(CC2)C[C@H]1c1nc(NCCc2ccc(C(=O)NO)cc2)c2c(Cl)cccc2n1,6.6595558851598815,1,
N#Cc1c(N)nc(N)nc1N1CC2(CC2)C[C@H]1c1nc(NCc2ccc(C(=O)NO)cc2)c2c(Cl)cccc2n1,6.400116927926312,1,
N#Cc1c(N)nc(N)nc1N1CC2(CC2)C[C@H]1c1nc2cccc(Cl)c2c(=O)n1Cc1cc(C(=O)NO)no1,6.218963061378869,1,
N#Cc1c(N)nc(N)nc1N1CC2(CC2)C[C@H]1c1nc2cccc(Cl)c2c(=O)n1Cc1ccc(C(=O)NO)cc1,6.480172006224281,1,
N#Cc1c(N)nc(N)nc1N1CC2(CC2)C[C@H]1c1nc2cccc(Cl)c2c(=O)n1Cc1ccc(C(=O)NO)s1,7.886056647693163,1,
N#Cc1c(N)nc(N)nc1N1CC2(CC2)C[C@H]1c1nc2cccc(F)c2c(=O)n1Cc1ccc(C(=O)NO)cc1,7.568636235841012,1,
N#Cc1c(N)nc(N)nc1N1CC2(CC2)C[C@H]1c1nc2cccc(F)c2c(=O)n1Cc1ccc(C(=O)NO)s1,7.494850021680094,1,
N#Cc1c(N)nc(N)nc1N1CCC[C@H]1c1nc(NCc2ccc(C(=O)NO)cc2)c2c(Cl)cccc2n1,6.573488738635424,1,
N#Cc1c(N)nc(N)nc1N1CCC[C@H]1c1nc2cccc(Cl)c2c(=O)n1Cc1ccc(C(=O)NO)cc1,6.552841968657781,1,
N#Cc1c(N)nc(N)nc1N1CCC[C@H]1c1nc2cccc(Cl)c2c(=O)n1Cc1ccc(C(=O)NO)s1,7.173925197299173,1,
N#Cc1c(N)nc(N)nc1N1C[C@@H](OC(=O)NCc2ccc(C(=O)NO)cc2)C[C@H]1c1nc2cccc(Cl)c2c(=O)n1-c1ccccc1,6.774690718274137,1,
N#Cc1c(N)nc(N)nc1N1C[C@H](OC(=O)NCc2ccc(C(=O)NO)cc2)C[C@H]1c1nc2cccc(Cl)c2c(=O)n1-c1ccccc1,7.060480747381382,1,
N#Cc1c2n(c3c(=O)n(CC(=O)O)cnc13)CCCC2,4.113509274827518,1,
N#Cc1cc(-c2ccccc2)ccc1Cn1cccc(O)c1=S,6.429457060118103,1,
N#Cc1cc(C2(Nc3ncc(-c4nnc(C(F)F)o4)cn3)CC2)ccn1,6.795880017344075,1,
N#Cc1cc(F)cc(OCc2ccc(-c3nnc(C(F)F)o3)cn2)c1,7.301029995663981,2,0.0
N#Cc1cc(F)ccc1OCc1ccc(-c2nnc(C(F)F)o2)cn1,7.301029995663981,2,0.0
N#Cc1cc(NC(=O)c2ccc(-c3noc(C(F)(F)F)n3)cc2)ccn1,5.214670164989233,1,
N#Cc1cc(OCc2ccc(-c3nnc(C(F)F)o3)cn2)ccc1F,7.301029995663981,2,0.0
N#Cc1ccc(-c2ccc(C(=O)C(F)(F)F)s2)cc1,7.3872161432802645,1,
N#Cc1ccc(-c2ccc(C3CC3NCC3CCN(CCCc4ccc(C(=O)NO)cc4)CC3)cc2)cc1,6.690369832574101,1,
N#Cc1ccc(-c2ccc(Cn3cccc(O)c3=S)cc2)cc1,6.019088062223156,2,0.0
N#Cc1ccc(-c2ccc([C@H]3C[C@@H]3NCC3CCN(CCCc4ccc(C(=O)NO)cc4)CC3)cc2)cc1,6.690369832574101,1,
N#Cc1ccc(-c2cn(CCCCCn3cccc(O)c3=S)nn2)cc1,6.043351420794797,2,0.0
N#Cc1ccc(-c2cn(CCCCCn3cccc(O)c3=S)nn2)cc1C(F)(F)F,6.17979854051436,2,0.0
N#Cc1ccc(-c2nc3cc(C(=O)NO)ccc3o2)cc1,7.251811972993799,1,
N#Cc1ccc(C(=O)Nc2cnc(-c3noc(C(F)(F)F)n3)cn2)cc1,5.585026652029182,1,
N#Cc1ccc(C2(Nc3ncc(-c4nnc(C(F)F)o4)cn3)CC2)cc1,7.337242168318426,1,
N#Cc1ccc(CCc2nc(CCC(=O)NO)cs2)cc1,6.958607314841775,1,
N#Cc1ccc(COCc2ccc(-c3nnc(C(F)F)o3)cn2)s1,6.259637310505756,1,
N#Cc1ccc(F)c(OCc2ccc(-c3nnc(C(F)F)o3)cn2)c1,7.301029995663981,2,0.0
N#Cc1ccc(F)cc1OCc1ccc(-c2nnc(C(F)F)o2)cn1,7.301029995663981,2,0.0
N#Cc1ccc(N(Cc2ncc(-c3nnc(C(F)F)o3)s2)S(=O)(=O)C2CC2)cn1,8.0,3,0.0
N#Cc1ccc(N2CCC(Nc3ccc(C(=O)NO)cc3)C2=O)cc1,7.0,1,
N#Cc1ccc(NCc2ccc(-c3noc(C(F)(F)F)n3)cc2)cc1,7.119186407719209,1,
N#Cc1ccc(OCc2ccc(-c3nnc(C(F)F)o3)cn2)c(F)c1,7.301029995663981,2,0.0
N#Cc1ccc(OCc2ccc(-c3nnc(C(F)F)o3)cn2)cc1,7.301029995663981,1,
N#Cc1ccc(OCc2ccc(-c3nnc(C(F)F)o3)cn2)cc1F,7.301029995663981,2,0.0
N#Cc1ccc(OCc2ncc(-c3nnc(C(F)F)o3)cc2F)cc1,7.301029995663981,1,
N#Cc1ccc(OCc2ncc(-c3nnc(C(F)F)o3)cn2)cc1,7.301029995663981,1,
N#Cc1ccc2c(=O)n(CCc3ccccc3)c(=O)n(Cc3ccc(C(=O)NO)cc3)c2c1,4.8696662315049934,2,0.0
N#Cc1ccc2c(=O)n(CCc3ccccc3)c(=O)n(Cc3cccc(C(=O)NO)c3)c2c1,5.351639989019068,1,
N#Cc1ccc2c(c1)CCCCN2Cc1ccc(C(=O)NO)cc1,8.337242168318426,1,
N#Cc1ccc2c(c1)CCCN2Cc1ccc(C(=O)NO)cc1,8.886056647693163,1,
N#Cc1ccc2c(c1)SC(=S)N1CCCN=C21,5.7447274948966935,1,
N#Cc1ccc2c(c1)SC(=S)N1CCN=C21,6.522878745280337,1,
N#Cc1cccc(-c2cn(CCCCCn3cccc(O)c3=S)nn2)c1,6.448550002027124,2,0.0
N#Cc1cccc(F)c1OCc1ccc(-c2nnc(C(F)F)o2)cn1,7.301029995663981,2,0.0
N#Cc1cccc(NCc2ccc(-c3noc(C(F)(F)F)n3)cc2)c1,7.522878745280337,1,
N#Cc1cccc(Nc2ncnc3cc(NC(=O)CCCCCCC(=O)NO)sc23)c1,7.698970004336019,1,
N#Cc1cccc(OCc2ccc(-c3nnc(C(F)F)o3)cn2)c1,7.301029995663981,3,0.0
N#Cc1cccc(OCc2ccc(-c3nnc(C(F)F)o3)cn2)c1F,7.301029995663981,2,0.0
N#Cc1cccc(OCc2ncc(-c3nnc(C(F)F)o3)cc2F)c1,7.301029995663981,1,
N#Cc1cccc(OCc2ncc(-c3nnc(C(F)F)o3)cn2)c1,7.301029995663981,2,0.0
N#Cc1ccccc1OCc1ccc(-c2nnc(C(F)F)o2)cn1,7.301029995663981,2,0.0
N#Cc1ccccc1OCc1ncc(-c2nnc(C(F)F)o2)cc1F,7.301029995663981,2,0.0
N#Cc1cncc(N(Cc2ncc(-c3nnc(C(F)F)o3)s2)S(=O)(=O)C2CC2)c1,7.823908740944319,3,0.0
N#Cc1cncc(N(Cc2ncc(-c3nnc(C(F)F)o3)s2)S(=O)(=O)CCN2CCOCC2)c1,7.045757490560675,3,0.0
N#Cc1nc(-c2ccc(F)cc2)[nH]c1[C@@H](N)CCCCCC(=O)C1NC=CO1,4.346787486224656,1,
N#Cc1nc(-c2ccc(F)cc2)[nH]c1[C@H](CCCCCC(=O)c1ncco1)NC(=O)c1nccs1,4.346787486224656,1,
N#Cc1nc(-c2ccc(F)cc2)oc1[C@@H](N)CCCCCC(=O)C1NC=CO1,4.346787486224656,1,
N#Cc1nc(-c2ccc(F)cc2)oc1[C@H](CCCCCC(=O)c1ncco1)NC(=O)c1nccs1,4.346787486224656,1,
N=C(N)NCCC[C@@H]1N=C(c2ccccc2)c2ccccc2N(CCCCC(=O)NO)C1=O,5.580044251510242,1,
N=C1Sc2ccccc2C2=NCCCN12,5.154901959985743,1,
NC(=O)/C=C/c1ccc(COc2ccc(-c3nc4c(C(N)=O)cccc4[nH]3)cc2)cc1,5.102372908709558,1,
NC(=O)/C=C/c1ccc(COc2ccc(-n3cc4cccc(C(N)=O)c4n3)cc2)cc1,5.633561979318646,2,0.9317798416213964
NC(=O)C1CCN(c2ncc(C(=O)NCCCCCCC(=O)NO)cn2)CC1,7.74206307814416,2,0.5018293478510437
NC(=O)CCC(c1nc2ccccc2o1)n1cc(/C=C/C(=O)NO)nn1,7.309803919971486,1,
NC(=O)CCCN1CCc2c(c3ccccc3n2Cc2ccc(C(=O)NO)cc2)C1,8.391473966422806,1,
NC(=O)CCN1CCc2c(c3ccccc3n2Cc2ccc(C(=O)NO)cc2)C1,9.338187314462738,1,
NC(=O)CCS(=O)(=O)N(Cc1ncc(-c2nnc(C(F)F)o2)s1)c1cccnc1,7.886056647693163,3,0.0
NC(=O)CC[C@@H]1N=C(c2ccccc2)c2ccccc2N(CCCCC(=O)NO)C1=O,5.889410289700751,1,
NC(=O)CN1CCc2c(c3ccccc3n2Cc2ccc(C(=O)NO)cc2)C1,9.097453220686008,1,
NC(=O)C[C@@H]1N=C(c2ccccc2)c2ccccc2N(CCCCC(=O)NO)C1=O,5.269217724333611,1,
NC(=O)c1cc(-c2nnn(Cc3ccc(-c4nnc(C(F)F)o4)cc3)n2)ccc1N,7.522878745280337,1,
NC(=O)c1cc(-c2nnn(Cc3ccc(-c4nnc(C(F)F)o4)cc3)n2)cnc1N,7.494850021680094,1,
NC(=O)c1cc(-n2c(CCC(=O)O)nc3ccccc32)cs1,3.1938200260161125,1,
NC(=O)c1cc(Oc2ccc(NC(=O)c3ccc(Cl)c(C(F)(F)F)c3)cc2)ccc1N,5.554395796726403,1,
NC(=O)c1ccc(-c2nnn(Cc3ccc(-c4nnc(C(F)F)o4)cc3)n2)cc1,7.356547323513812,1,
NC(=O)c1ccc(C(=O)C(F)(F)F)cn1,5.376750709602099,1,
NC(=O)c1ccc(COc2ccc(-c3nc4c(C(N)=O)cccc4[nH]3)cc2)cc1,5.113509274827518,1,
NC(=O)c1ccc(COc2ccc(-n3cc4cccc(C(N)=O)c4n3)cc2)cc1,5.61709124234504,2,0.9199671324611047
NC(=O)c1ccc(NCc2ccc(-c3noc(C(F)(F)F)n3)cc2)cc1,7.721246399047171,1,
NC(=O)c1ccc2c(c1)CCCCN2Cc1ccc(C(=O)NO)cc1,8.619788758288394,1,
NC(=O)c1ccc2c(c1)CCCN2Cc1ccc(C(=O)NO)cc1,7.509090696414669,2,2.327528610048615
NC(=O)c1ccc2c(c1)N(Cc1ccc(/C=C/C(=O)NO)cc1)c1ccccc1S2,7.565384140134512,2,0.18891894089510153
NC(=O)c1ccc2c(c1)N(Cc1ccc(C(=O)NO)cc1)c1ccccc1S2,7.668621084159213,2,0.9455730053065614
NC(=O)c1ccc2c(c1)N(Cc1ccc(C(=O)NO)cc1)c1ccccc1[S+]2[O-],6.812992629854044,2,1.4720256715981277
NC(=O)c1cccc(-c2cn(Cc3ccc(-c4nnc(C(F)F)o4)cc3)cn2)c1,6.79317412396815,1,
NC(=O)c1cccc(-c2cn(Cc3ccc(-c4nnc(C(F)F)o4)cn3)cn2)c1,7.638272163982407,1,
NC(=O)c1cccc(-c2cnn(Cc3ccc(-c4nnc(C(F)F)o4)cc3)c2)c1,6.493494967595128,1,
NC(=O)c1cccc(-c2cnn(Cc3ccc(-c4nnc(C(F)F)o4)cn3)c2)c1,7.187086643357144,1,
NC(=O)c1cccc(-c2nc(Cc3ccc(-c4nnc(C(F)F)o4)cc3)no2)c1,6.311580177997289,1,
NC(=O)c1cccc(-c2nnn(Cc3c(F)cc(-c4nnc(C(F)F)o4)cc3F)n2)c1,7.638272163982407,1,
NC(=O)c1cccc(-c2nnn(Cc3ccc(-c4nnc(C(F)F)o4)c(F)c3)n2)c1,7.468521082957745,1,
NC(=O)c1cccc(-c2nnn(Cc3ccc(-c4nnc(C(F)F)o4)cc3)n2)c1,7.494850021680094,1,
NC(=O)c1cccc(-c2nnn(Cc3ccc(-c4nnc(C(F)F)o4)cc3F)n2)c1,7.657577319177793,1,
NC(=O)c1cccc(-c2nnn(Cc3ccc(-c4nnc(C(F)F)o4)cn3)n2)c1,8.0,1,
NC(=O)c1cccc(-c2noc(Cc3ccc(-c4nnc(C(F)F)o4)cc3)n2)c1,6.772113295386326,1,
NC(=O)c1cccc(CCOc2cc(-c3noc(C(F)(F)F)n3)ccn2)c1,7.045757490560675,1,
NC(=O)c1cccc(NCc2ccc(-c3noc(C(F)(F)F)n3)cc2)c1,7.823908740944319,1,
NC(=O)c1cccc(NCc2ccc(-c3noc(C(F)(F)F)n3)cn2)c1,8.3767507096021,1,
NC(=O)c1cccc(OCc2ccc(-c3noc(C(F)(F)F)n3)c(F)c2)c1,7.376750709602099,1,
NC(=O)c1cccc2[nH]c(-c3ccc(OCCCCCC(=O)NO)cc3)nc12,5.259637310505756,1,
NC(=O)c1cccc2[nH]c(-c3ccc(OCCCCCCC(=O)NO)cc3)nc12,5.154901959985743,1,
NC(=O)c1cccc2cn(-c3ccc(OCCCCCCCC(=O)NO)cc3)nc12,4.863279432843593,1,
NC(=O)c1ccccc1NCc1ccc(-c2noc(C(F)(F)F)n2)cc1,7.585026652029182,1,
NC(=O)c1ccccc1NCc1ccc(-c2noc(C(F)(F)F)n2)cn1,8.67778070526608,1,
NC(=O)c1ccnc(NCc2ccc(-c3noc(C(F)(F)F)n3)cn2)c1,8.136677139879545,1,
NC(=O)c1ncccc1NCc1ccc(-c2noc(C(F)(F)F)n2)cn1,8.356547323513812,1,
NC(=S)Nc1cccc(-c2cn(Cc3c(F)cc(-c4nnc(C(F)F)o4)cc3F)nn2)c1,7.055517327849831,1,
NC(CCCCCC(=O)c1ccon1)c1cnn(-c2ccc(F)cc2)c1,4.346787486224656,1,
NC(CCCCCC(=O)c1ccon1)c1cnn(-c2ccc(F)cc2)n1,4.346787486224656,1,
NC1=NC(=O)C2N=C(CNc3ccc(C(=O)N[C@@H](CCC(=O)NCCCCCCS)C(=O)O)cc3)C=NC2=N1,4.6777807052660805,1,
NC1=NC(=O)C2N=C(CNc3ccc(C(=O)N[C@@H](CCC(=O)NCCCCCCSSCCCCCCNC(=O)CC[C@H](NC(=O)c4ccc(NCC5=NC6C(=O)N=C(N)N=C6N=C5)cc4)C(=O)O)C(=O)O)cc3)C=NC2=N1,5.045757490560675,1,
NC1=NC(=O)C2N=C(CNc3ccc(C(=O)N[C@@H](CCC(=O)NCCOCCOCCSSCCCCCCC(=O)Nc4ncc(-c5ccccc5)s4)C(=O)O)cc3)C=NC2=N1,5.522878745280337,1,
NC1=NC(=O)C2N=C(CNc3ccc(C(=O)N[C@@H](CCC(=O)NCCSSCCCCCCC(=O)Nc4ncc(-c5ccccc5)s4)C(=O)O)cc3)C=NC2=N1,6.568636235841012,1,
NCC(=O)Nc1cccc(-c2cn(Cc3c(F)cc(-c4nnc(C(F)F)o4)cc3F)nn2)c1,7.221848749616356,1,
NCC(=O)Nc1ccccc1-c1ccc(NC(=O)CCCCCNC(=O)CS)cc1,6.4089353929735005,1,
NCC(Nc1ncc(-c2nnc(C(F)F)o2)cn1)c1ccc(F)cc1,7.236572006437063,1,
NCCCCNCCCCNCCCN1C(=O)c2ccc3c4c(ccc(c24)C1=O)C(=O)N(CCCCCC(=O)NO)C3=O,6.77642098432889,2,0.7419091787732264
NCCCC[C@@H]1N=C(c2ccccc2)c2ccccc2N(CCCCC(=O)NO)C1=O,4.916497380169733,1,
NCCCNCCCCCC(=O)C(F)(F)F,5.853871964321762,1,
NCCCNCCCCNCCCN1C(=O)c2ccc3c4c(ccc(c24)C1=O)C(=O)N(CCCCCC(=O)NO)C3=O,6.2839966563652006,1,
NCCCNCCCN1C(=O)c2ccc3c4c(ccc(c24)C1=O)C(=O)N(CCCCCC(=O)NO)C3=O,6.3872161432802645,1,
NCCCNCCCNCCCN1C(=O)c2ccc3c4c(ccc(c24)C1=O)C(=O)N(CCCCCC(=O)NO)C3=O,6.431798275933005,1,
NCCCNCCNCCCN1C(=O)c2ccc3c4c(ccc(c24)C1=O)C(=O)N(CCCCCC(=O)NO)C3=O,6.259637310505756,1,
NCCCn1cc(CNc2ccc(C(=O)NCCCCCCC(=O)NO)cc2)nn1,7.292429823902063,1,
NCc1ccc(-c2cn(Cc3c(F)cc(-c4nnc(C(F)F)o4)cc3F)nn2)cc1,7.698970004336019,1,
NCc1ccc(-c2cn(Cc3c(F)cc(-c4nnc(C(F)F)o4)cc3F)nn2)cn1,7.4089353929735005,1,
NCc1ccc(-c2cn(Cc3ccc(-c4nnc(C(F)F)o4)cc3)nn2)cn1,7.161150909262744,1,
NCc1ccc(-c2nc(Cc3c(F)cc(-c4nnc(C(F)F)o4)cc3F)no2)cc1,7.4089353929735005,1,
NCc1ccc(-c2nc(Cc3ccc(-c4nnc(C(F)F)o4)cc3)no2)cc1,6.991399828238082,1,
NCc1ccc(-c2nnn(Cc3c(F)cc(-c4nnc(C(F)F)o4)cc3F)n2)cc1,7.853871964321762,1,
NCc1ccc(-c2nnn(Cc3c(F)cc(C(=O)NO)cc3F)n2)cc1,8.397940008672037,2,0.0
NCc1ccc(-c2nnn(Cc3ccc(-c4nnc(C(F)F)o4)cc3)n2)cc1,7.698970004336019,1,
NCc1ccc(-c2nnn(Cc3ccc(C(=O)NO)cc3)n2)cc1,8.698970004336019,2,0.0
NCc1ccc(C(=O)NO)cc1,6.158015195409886,2,0.0
NCc1ccc(NC(=O)N(CCCCO)Cc2ccc(C(=O)NO)cc2)cc1,9.397940008672037,1,
NCc1cccc(OCc2ccc(-c3noc(C(F)(F)F)n3)c(F)c2)c1,7.107905397309519,1,
NCc1ccccc1OCc1ccc(-c2noc(C(F)(F)F)n2)c(F)c1,7.42021640338319,1,
NN=C(Cc1ccc(O)c(Br)c1)C(=O)NCCS,6.0,1,
NN=C(Cc1ccc(O)c(Br)c1)C(=O)NCCSSCCNC(=O)C(Cc1ccc(O)c(Br)c1)=NN,5.301029995663981,1,
NNC(=O)NCCCCCC(=O)Nc1ccccc1,3.8239087409443187,2,0.0
NNC(=O)NCCCCCCC(=O)Nc1ccccc1,3.1870866433571443,1,
NNC(=O)c1ccc(COc2ccccc2Cl)cc1,4.892790030352131,1,
NS(=O)(=O)NCCCCCC(=O)Nc1ccc2ncccc2c1,6.309803919971486,1,
NS(=O)(=O)NCCCCCC(=O)Nc1cccc(-c2ccccc2)c1,5.958607314841775,1,
NS(=O)(=O)NCCCCCC(=O)Nc1cccc2cccnc12,6.4089353929735005,1,
NS(=O)(=O)NCCCCCC(=O)Nc1ccccc1,5.823908740944319,1,
NS(=O)(=O)NCCCCCC(=O)Nc1cnc2ccccc2c1,6.1487416512809245,1,
NS(=O)(=O)NCCCCCC(=O)Nc1nc(-c2ccccc2)cs1,6.045757490560675,2,0.0
NS(=O)(=O)NCCCC[C@H](NC(=O)Cc1ccccc1)C(=O)Nc1nc(-c2ccccc2)cs1,6.823908740944319,1,
NS(=O)(=O)NCCCC[C@H](NC(=O)NCc1ccc(F)cc1)C(=O)Nc1nc(-c2ccccc2)cs1,6.431798275933005,1,
NS(=O)(=O)NCCCC[C@H](NC(=O)Nc1ccccc1)C(=O)Nc1nc(-c2ccccc2)cs1,6.251811972993799,1,
NS(=O)(=O)NCCCC[C@H](NC(=O)OCc1ccc(Cl)cc1)C(=O)Nc1nc(-c2ccccc2)cs1,6.275724130399211,1,
NS(=O)(=O)NCCCC[C@H](NC(=O)OCc1cccc(Cl)c1)C(=O)Nc1nc(-c2ccccc2)cs1,6.552841968657781,1,
NS(=O)(=O)NCCCC[C@H](NC(=O)OCc1ccccc1)C(=O)Nc1nc(-c2ccc(Cl)cc2)cs1,6.6020599913279625,1,
NS(=O)(=O)NCCCC[C@H](NC(=O)OCc1ccccc1)C(=O)Nc1nc(-c2ccccc2)c(-c2ccccc2)s1,6.346787486224656,1,
NS(=O)(=O)NCCCC[C@H](NC(=O)OCc1ccccc1)C(=O)Nc1nc(-c2ccccc2)cs1,6.7447274948966935,2,0.0
NS(=O)(=O)NCCCC[C@H](NC(=O)OCc1ccccc1)C(=O)Nc1nc2ccccc2s1,6.721246399047171,1,
NS(=O)(=O)NCCCC[C@H](NC(=O)OCc1ccccc1)C(=O)Nc1nccs1,5.3872161432802645,1,
NS(=O)(=O)NCCCC[C@H](NC(=O)OCc1ccccc1)c1cnc(-c2ccccc2)[nH]1,6.3872161432802645,1,
NS(=O)(=O)NCCCC[C@H](NC(=O)OCc1ccccc1)c1csc(-c2ccccc2)n1,6.3979400086720375,1,
NS(=O)(=O)NCCCC[C@H](NC(=O)OCc1ccccc1)c1nc(-c2ccc(F)cc2)no1,5.769551078621726,1,
NS(=O)(=O)NCCCC[C@H](NC(=O)OCc1ccccc1)c1nc(-c2ccccc2)cs1,5.920818753952375,1,
NS(=O)(=O)NCCCC[C@H](NC(=O)OCc1ccccc1)c1nc2cc(-c3cccs3)ccc2[nH]1,6.318758762624412,1,
NS(=O)(=O)NCCCC[C@H](NC(=O)OCc1ccccc1)c1nc2ccccc2[nH]1,7.0,1,
NS(=O)(=O)NCCCC[C@H](NC(=O)OCc1ccccc1)c1nnc(-c2ccccc2)[nH]1,6.494850021680094,1,
NS(=O)(=O)NCCCC[C@H](NC(=O)OCc1ccccc1)c1nnc(-c2ccccc2)o1,5.7447274948966935,1,
NS(=O)(=O)NCCCC[C@H](NC(=O)OCc1cccnc1)C(=O)Nc1nc(-c2ccccc2)cs1,6.221848749616356,1,
NS(=O)(=O)NCCCC[C@H](NS(=O)(=O)Cc1ccccc1)C(=O)Nc1nc(-c2ccccc2)cs1,6.2839966563652006,1,
N[C@@H](CCCCCC(=O)C1NC=CO1)C1NC=C(C2C=c3cccnc3=CC2)N1,4.481486060122113,1,
N[C@@H](CCCCCC(=O)C1NC=CO1)c1[nH]c(-c2ccc(F)cc2)nc1Cl,4.346787486224656,1,
N[C@@H](CCCCCC(=O)c1ccon1)C1NC(Cl)=C(c2ccc(F)cc2)N1,4.346787486224656,1,
N[C@@H](CCCCCC(=O)c1ccon1)C1NC=C(c2ccccc2F)N1,4.346787486224656,1,
N[C@@H](CCCCCC(=O)c1ccon1)c1cc(-c2ccc(F)cc2)on1,4.346787486224656,1,
N[C@@H](CCCCCC(=O)c1ccon1)c1ccn(-c2ccc(F)cc2)n1,4.346787486224656,1,
N[C@@H](CCCCCC(=O)c1ncco1)c1nc(-c2ccc3nn(C4CC4)cc3c2)c[nH]1,4.346787486224656,1,
N[C@@H](CCCCCC(=O)c1ncco1)c1ncc(-c2ccc(-c3cnccn3)cc2)[nH]1,4.346787486224656,1,
N[C@@H](CCCCNS(N)(=O)=O)C(=O)Nc1nc(-c2ccccc2)cs1,5.958607314841775,1,
N[C@@H](Cc1c[nH]c2ccccc12)C(=O)Nc1ccccc1-c1ccc(NC(=O)CCCCCCC(=O)NO)cc1,8.267606240177031,1,
N[C@@H](Cc1c[nH]c2ccccc12)C(=O)Nc1ccccc1-c1ccc(NC(=O)CCCCCNC(=O)CS)cc1,6.180456064458131,1,
N[C@@H](Cc1ccc(O)cc1)C(=O)Nc1ccccc1-c1ccc(NC(=O)CCCCCCC(=O)NO)cc1,8.045757490560675,1,
N[C@@H](Cc1ccccc1)C(=O)Nc1ccccc1-c1ccc(NC(=O)CCCCCCC(=O)NO)cc1,7.610924374808178,2,0.7269260817122832
N[C@@H](Cc1ccccc1)C(=O)Nc1ccccc1-c1ccc(NC(=O)CCCCCNC(=O)CS)cc1,6.346787486224656,1,
N[C@H](CCCCCC(=O)c1ccon1)c1cc(-c2ccc(F)cc2)on1,4.346787486224656,1,
N[C@H](Cc1ccc(Cl)cc1Cl)C(=O)N1Cc2ccccc2C1,4.522878745280337,1,
Nc1c(F)cc(C(=O)NO)cc1F,6.950781977329818,1,
Nc1cc(-c2nnn(Cc3c(F)cc(-c4nnc(C(F)F)o4)cc3F)n2)ccc1OC(=O)N1CCOCC1,7.130768280269024,1,
Nc1cc(-c2nnn(Cc3ccc(-c4nnc(C(F)F)o4)cc3)n2)ccc1O,7.795880017344075,1,
Nc1cc(Br)ccc1NC(=O)c1ccc(Cn2cnc3c(Cl)nc(Cl)nc32)cc1,5.040958607678906,1,
Nc1cc(Cl)ccc1NC(=O)c1ccc(CNC(=O)OCc2cccnc2)cc1,4.3979400086720375,1,
Nc1cc(F)ccc1NC(=O)/C=C/c1cnn(C/C=C/c2ccccc2)c1,4.830874638538441,7,0.24194094379320644
Nc1cc(F)ccc1NC(=O)c1ccc(CNC(=O)/C=C/c2cccnc2)cc1,6.777283528852417,1,
Nc1cc(F)ccc1NC(=O)c1ccc(Cn2cnc3c(Cl)nc(Cl)nc32)cc1,5.578396073130168,1,
Nc1cc2cc(-c3cn(Cc4cc(F)c(-c5nnc(C(F)F)o5)cc4F)nn3)ccc2cn1,7.070581074285707,1,
Nc1cc2cc(-c3cn(Cc4ccc(-c5nnc(C(F)F)o5)cc4Cl)nn3)ccc2cn1,6.7495799976911055,1,
Nc1cc2cc(-c3cn(Cc4ccc(-c5nnc(C(F)F)o5)cc4F)nn3)ccc2cn1,7.229147988357855,1,
Nc1cc2cc(-c3nnn(Cc4ccc(-c5nnc(C(F)F)o5)cc4Cl)n3)ccc2cn1,6.835647144215563,1,
Nc1ccc(-c2cc(C(=O)NCCCCC(=O)NO)no2)cc1,7.455931955649724,1,
Nc1ccc(-c2cc(C(=O)NCCCCCCC(=O)NO)no2)cc1,8.232102383981909,1,
Nc1ccc(-c2cc(Cc3ccc(-c4nnc(C(F)F)o4)cc3)on2)cn1,6.935542010773082,1,
Nc1ccc(-c2ccc(F)cc2)nc1NC(=O)c1ccc(N2CCC(N)CC2)nc1,4.5934598195660445,1,
Nc1ccc(-c2ccc(F)cc2)nc1NC(=O)c1ccc(N2CCNCC2)nc1,4.5934598195660445,1,
Nc1ccc(-c2cn(C(CC(F)(F)F)c3ccc(-c4nnc(C(F)F)o4)cc3)nn2)cn1,7.142667503568731,1,
Nc1ccc(-c2cn(C(CC3CCC3)c3ccc(-c4nnc(C(F)F)o4)cc3)nn2)cn1,6.598599459218455,1,
Nc1ccc(-c2cn(C(CCCN3CCCCC3)c3ccc(-c4nnc(C(F)F)o4)cc3)nn2)cn1,7.207608310501746,1,
Nc1ccc(-c2cn(C(CCCO)c3ccc(-c4nnc(C(F)F)o4)cc3)nn2)cn1,7.207608310501746,1,
Nc1ccc(-c2cn(C(CCN3CCCC3)c3ccc(-c4nnc(C(F)F)o4)cc3)nn2)cn1,7.309803919971486,1,
Nc1ccc(-c2cn(C(CCNC(=O)C(F)F)c3ccc(-c4nnc(C(F)F)o4)cn3)nn2)cn1,7.494850021680094,1,
Nc1ccc(-c2cn(C(CN3CCCC3)c3ccc(-c4nnc(C(F)F)o4)cc3)nn2)cn1,7.327902142064282,1,
Nc1ccc(-c2cn(C(CN3CCCC3)c3ccc(-c4nnc(C(F)F)o4)cn3)nn2)cn1,7.1938200260161125,1,
Nc1ccc(-c2cn(C(CO)c3ccc(-c4nnc(C(F)F)o4)cc3)nn2)cn1,7.443697499232712,1,
Nc1ccc(-c2cn(C(COc3ccccc3)c3ccc(-c4nnc(C(F)F)o4)cc3)nn2)cn1,6.686132779630847,1,
Nc1ccc(-c2cn(C(Cc3ccc(Cl)cc3)c3ccc(-c4nnc(C(F)F)o4)cc3)nn2)cn1,6.7055337738384075,1,
Nc1ccc(-c2cn(C(Cc3ccccc3)c3ccc(-c4nnc(C(F)F)o4)cc3)nn2)cn1,6.804100347590767,1,
Nc1ccc(-c2cn(Cc3c(F)cc(-c4nnc(C(F)F)o4)cc3F)nn2)cc1,7.468521082957745,1,
Nc1ccc(-c2cn(Cc3c(F)cc(-c4nnc(C(F)F)o4)cc3F)nn2)cn1,7.721246399047171,1,
Nc1ccc(-c2cn(Cc3cc(F)c(-c4nnc(C(F)F)o4)cc3F)nn2)cn1,7.648784731777237,2,0.13568355681508457
Nc1ccc(-c2cn(Cc3ccc(-c4nnc(C(F)F)o4)c(F)c3)nn2)cn1,7.585026652029182,1,
Nc1ccc(-c2cn(Cc3ccc(-c4nnc(C(F)F)o4)c(F)c3F)nn2)cn1,7.646214911951032,2,0.1744236796368043
Nc1ccc(-c2cn(Cc3ccc(-c4nnc(C(F)F)o4)cc3)cn2)cn1,7.187086643357144,1,
Nc1ccc(-c2cn(Cc3ccc(-c4nnc(C(F)F)o4)cc3)nn2)cc1,7.346787486224656,1,
Nc1ccc(-c2cn(Cc3ccc(-c4nnc(C(F)F)o4)cc3)nn2)cn1,7.502401854201411,2,0.19214963481611946
Nc1ccc(-c2cn(Cc3ccc(-c4nnc(C(F)F)o4)cc3Cl)nn2)cn1,7.2839966563652006,1,
Nc1ccc(-c2cn(Cc3ccc(-c4nnc(C(F)F)o4)cc3F)nn2)cn1,7.6777807052660805,1,
Nc1ccc(-c2cn(Cc3ccc(-c4nnc(C(F)F)o4)cn3)cn2)cn1,7.698970004336019,1,
Nc1ccc(-c2cn(Cc3ccc(-c4nnc(C(F)F)o4)cn3)nn2)cn1,7.832773124424534,2,0.12451532338594933
Nc1ccc(-c2cn(Cc3ccc(-c4nnc(C(F)F)o4)nn3)nn2)cn1,6.962573502059376,1,
Nc1ccc(-c2cn(Cc3ccc(C(=O)NO)cc3)c(=O)c(N3CCOCC3)n2)cc1,7.886056647693163,1,
Nc1ccc(-c2cn(Cc3ccc(C(=O)NO)cc3)c(=O)c(N3CCOCC3)n2)cn1,7.920818753952375,1,
Nc1ccc(-c2cn(Cc3ncc(-c4nnc(C(F)F)o4)cc3F)nn2)cn1,7.455931955649724,1,
Nc1ccc(-c2cn(Cc3ncc(-c4nnc(C(F)F)o4)cn3)nn2)cn1,7.318758762624412,1,
Nc1ccc(-c2cn([C@@H](CN3CCCC3)c3ccc(-c4nnc(C(F)F)o4)cc3)nn2)cn1,7.3872161432802645,1,
Nc1ccc(-c2cn([C@@H](CO)c3ccc(-c4nnc(C(F)F)o4)cc3)nn2)cn1,7.657577319177793,1,
Nc1ccc(-c2cn([C@H](CN3CCCC3)c3ccc(-c4nnc(C(F)F)o4)cc3)nn2)cn1,6.511449283499555,1,
Nc1ccc(-c2cnn(Cc3ccc(-c4nnc(C(F)F)o4)cc3)c2)cn1,6.8326826652518236,1,
Nc1ccc(-c2cnn(Cc3ccc(-c4nnc(C(F)F)o4)cn3)c2)cn1,7.638272163982407,1,
Nc1ccc(-c2nc(Cc3c(F)cc(-c4nnc(C(F)F)o4)cc3F)no2)cn1,7.251811972993799,1,
Nc1ccc(-c2nc(Cc3ccc(-c4nnc(C(F)F)o4)cc3)no2)cn1,6.565431095965801,1,
Nc1ccc(-c2nc(N3CCOCC3)c3cnn(CCCCCCC(=O)NO)c3n2)cc1,8.619788758288394,2,0.0
Nc1ccc(-c2nc(N3CCOCC3)c3ncn(CCCCCCC(=O)NO)c3n2)cn1,8.337242168318426,1,
Nc1ccc(-c2ncc(Cc3ccc(-c4nnc(C(F)F)o4)cc3)o2)cc1,6.332547047110046,1,
Nc1ccc(-c2nnc(Cc3ccc(-c4nnc(C(F)F)o4)cc3)o2)cn1,6.806875401645538,1,
Nc1ccc(-c2nnn(Cc3c(F)cc(-c4nnc(C(F)F)o4)cc3F)n2)cn1,7.698970004336019,1,
Nc1ccc(-c2nnn(Cc3c(F)cc(C(=O)NO)cc3F)n2)cc1,8.522878745280337,2,0.0
Nc1ccc(-c2nnn(Cc3ccc(-c4nnc(C(F)F)o4)cc3)n2)cn1,7.552841968657781,1,
Nc1ccc(-c2nnn(Cc3ccc(C(=O)NO)cc3)n2)cc1,9.0,2,0.0
Nc1ccc(-c2nnn(Cc3ncc(-c4nnc(C(F)F)o4)cn3)n2)cn1,7.455931955649724,1,
Nc1ccc(-c2nnnn2Cc2ncc(-c3nnc(C(F)F)o3)cn2)cn1,7.167491087293763,1,
Nc1ccc(-c2noc(C(F)(F)c3ccc(-c4nnc(C(F)F)o4)cc3)n2)cn1,6.630784142589857,1,
Nc1ccc(-c2noc(Cc3ccc(-c4nnc(C(F)F)o4)c(F)c3)n2)cc1,7.096910013008056,1,
Nc1ccc(-c2noc(Cc3ccc(-c4nnc(C(F)F)o4)cc3)n2)cc1,7.055517327849831,1,
Nc1ccc(-c2noc(Cc3ccc(-c4nnc(C(F)F)o4)cc3)n2)cn1,7.275724130399211,1,
Nc1ccc(-c2noc(Cc3ccc(-c4nnc(C(F)F)o4)cc3F)n2)cc1,7.1938200260161125,1,
Nc1ccc(-n2cc(-c3cccc(NC(=O)CCCCCCC(=O)NO)c3)nn2)cc1,8.598599459218455,1,
Nc1ccc(-n2cc(Cc3ccc(-c4nnc(C(F)F)o4)cc3)nn2)cc1,6.175223537524454,1,
Nc1ccc(-n2cc(Cc3ccc(-c4nnc(C(F)F)o4)cc3)nn2)cn1,6.288192770958808,1,
Nc1ccc(C(=O)NO)cc1,6.0403006611516865,3,0.32021266573720447
Nc1ccc(C(=O)NO)cc1F,6.73754891026957,1,
Nc1ccc(C(=O)NO)cn1,6.619788758288394,1,
Nc1ccc(CCc2nc(CCC(=O)NO)cs2)cc1,7.070581074285707,1,
Nc1ccc(Cl)cc1NC(=O)c1ccc(CNC(=O)OCc2cccnc2)cc1,5.113509274827518,1,
Nc1ccc(F)cc1NC(=O)c1ccc(CNC(=O)/C=C/c2cccnc2)cc1,5.563581616566881,6,0.4653829964042058
Nc1ccc(F)cc1NC(=O)c1ccc(CNC(=O)OCc2cccnc2)cc1,5.221848749616356,1,
Nc1ccc(NC(=O)CCCCCC(=O)Nc2ccccc2)cc1,3.910094888560602,2,0.0
Nc1ccc(NC(=O)CCCCCCC(=O)Nc2ccccc2)cc1,3.730487055782084,2,0.0
Nc1cccc(-c2cc(C(=O)NCCCCC(=O)NO)no2)c1,7.142667503568731,1,
Nc1cccc(-c2cc(C(=O)NCCCCCCC(=O)NO)no2)c1,8.595166283380062,1,
Nc1cccc(-c2cn(Cc3c(F)cc(-c4nnc(C(F)F)o4)cc3F)nn2)c1,7.431798275933005,1,
Nc1cccc(-c2cn(Cc3ccc(-c4nnc(C(F)F)o4)cc3)cn2)c1,6.97061622231479,1,
Nc1cccc(-c2cn(Cc3ccc(-c4nnc(C(F)F)o4)cc3)nn2)c1,6.991399828238082,1,
Nc1cccc(-c2csc(NC(=O)CCCCCC(=O)NO)n2)c1,8.481486060122112,1,
Nc1cccc(-c2csc(NC(=O)CCCCCCC(=O)NO)n2)c1,8.35033351532435,3,0.2081285922198021
Nc1cccc(-c2csc(NC(=O)CCCCc3cc(C(=O)NO)no3)n2)c1,7.086186147616283,1,
Nc1cccc(-c2nnn(Cc3ccc(-c4nnc(C(F)F)o4)cc3)n2)c1,7.301029995663981,1,
Nc1cccc(NC(=O)CCCCCC(=O)Nc2ccccc2)c1,3.3010299956639813,2,0.0
Nc1cccc(NC(=O)CCCCCCC(=O)Nc2ccccc2)c1,4.070581074285707,2,0.0
Nc1ccccc1NC(=O)/C=C/c1ccc(-c2ncc(CNc3ccccc3)s2)cc1,5.096367483915762,1,
Nc1ccccc1NC(=O)/C=C/c1ccc(C(=O)NCC2CCN(Cc3ccccc3)CC2)cc1,6.7447274948966935,1,
Nc1ccccc1NC(=O)/C=C/c1cccc(C(=O)NCC2CCN(Cc3ccccc3)CC2)c1,5.790484985457369,1,
Nc1ccccc1NC(=O)/C=C/c1cnc(-c2ccc3cc[nH]c3c2)s1,6.200659450546418,1,
Nc1ccccc1NC(=O)CCCCC(=O)Nc1ccccc1,3.6234230429434877,1,
Nc1ccccc1NC(=O)CCCCCC(=O)Nc1ccc(-c2ncc(CNc3ccccc3)s2)cc1,5.1123826996642645,1,
Nc1ccccc1NC(=O)CCCCCC(=O)Nc1ccccc1,4.107905397309519,1,
Nc1ccccc1NC(=O)CCCCCC(=O)Nc1ccccc1N,4.853871964321762,1,
Nc1ccccc1NC(=O)CCCCCC(=O)Nc1ccccn1,4.040958607678906,1,
Nc1ccccc1NC(=O)CCCCCCC(=O)NO,8.00436480540245,1,
Nc1ccccc1NC(=O)CCCCCCC(=O)Nc1cccc(-c2ccccc2)c1,4.301029995663981,1,
Nc1ccccc1NC(=O)CCCCCCC(=O)Nc1ccccc1,3.9557342523096266,4,0.06983099671450343
Nc1ccccc1NC(=O)CCCCCCCC(=O)NCC1CCN(Cc2ccccc2)CC1,5.943095148663527,1,
Nc1ccccc1NC(=O)CCCCCCOc1ccc(-c2cc(=S)ss2)cc1,4.494850021680094,1,
Nc1ccccc1NC(=O)CCCCCN(CC(=O)NC1CCCCC1)C(=O)c1cccc2ccccc12,4.683114326958722,2,0.287003782362117
Nc1ccccc1NC(=O)CCCCCN(CC(=O)NC1CCCCC1)C(=O)c1ccccc1,4.510034697945647,2,0.2114548908204965
Nc1ccccc1NC(=O)CCCCCN(CC(=O)NCc1ccccc1)C(=O)c1cccc2ccccc12,5.18772488829084,2,0.27764556256032297
Nc1ccccc1NC(=O)CCCCCSc1nnc(-c2ccncc2)n1-c1ccccc1,3.7973482402426617,1,
Nc1ccccc1NC(=O)CCc1ccc(C(=O)NCC2CCN(Cc3ccccc3)CC2)cc1,6.337242168318426,1,
Nc1ccccc1NC(=O)CCc1cccc(C(=O)NCC2CCN(Cc3ccccc3)CC2)c1,5.920818753952375,1,
Nc1ccccc1NC(=O)Nc1ccc(NC(=O)c2cccnc2)cc1,6.026872146400301,1,
Nc1ccccc1NC(=O)[C@@H]1CCC(=O)N1c1ccc(-c2noc(C(F)(F)F)n2)cc1,6.920818753952375,1,
Nc1ccccc1NC(=O)c1ccc(-c2nnc(Cc3cccc4ccccc34)o2)cc1,4.79317412396815,1,
Nc1ccccc1NC(=O)c1ccc(/C=C2\CCn3c2nc2cc(NCCCN4CCCC4)c(F)cc2c3=O)cc1,5.065501548756432,1,
Nc1ccccc1NC(=O)c1ccc(C(=O)NCCNc2nonc2/C(=N/O)Nc2ccc(F)c(Br)c2)cc1,7.164413578642458,2,0.013451460104447335
Nc1ccccc1NC(=O)c1ccc(CN(CC(=O)NCc2ccccc2)C(=O)c2cccnc2)cc1,5.985186380476293,2,0.014838276226763269
Nc1ccccc1NC(=O)c1ccc(CNC(=O)CCCCCCC(=O)NCCCNCCCCNCCC(c2ccccc2)c2ccccc2)cc1,5.42021640338319,1,
Nc1ccccc1NC(=O)c1ccc(CNC(=O)CCCc2ccccc2)cc1,5.366531544420413,1,
Nc1ccccc1NC(=O)c1ccc(CNC(=O)Cc2ccccc2)cc1,5.2839966563652006,1,
Nc1ccccc1NC(=O)c1ccc(CNC(=O)OCc2cccnc2)cc1,5.526885652714778,25,0.5916123334683737
Nc1ccccc1NC(=O)c1ccc(CNC(=O)c2[nH]c(-c3ccc(O)cc3)cc2-c2ccoc2)cc1,5.539703673242524,1,
Nc1ccccc1NC(=O)c1ccc(CNC(=O)c2[nH]c(-c3ccoc3)cc2-c2ccc(O)cc2)cc1,5.901356274182943,1,
Nc1ccccc1NC(=O)c1ccc(CNC(=O)c2ccc(-c3ncc(CNc4ccccc4)s3)cc2)cc1,5.080398976215889,1,
Nc1ccccc1NC(=O)c1ccc(CNC(=O)c2cnc(-c3cccc4ccccc34)[nH]2)cc1,5.0254883072626715,1,
Nc1ccccc1NC(=O)c1ccc(CNc2nccc(-c3cccnc3)n2)cc1,5.0,2,0.0
Nc1ccccc1NC(=O)c1ccc(CSC(=S)N2CCN(c3ccncc3)CC2)cc1,6.142667503568731,1,
Nc1ccccc1NC(=O)c1ccc(CSc2nccc(C(F)(F)F)n2)cc1,5.700057099977233,1,
Nc1ccccc1NC(=O)c1ccc(CSc2nnc(-c3ccncc3)n2-c2ccccc2)cc1,5.016373712875465,1,
Nc1ccccc1NC(=O)c1ccc(Cc2nnc(Cc3cccc4ccccc34)o2)cc1,5.050609993355087,1,
Nc1ccccc1NC(=O)c1ccc(Cn2cnc3c(Nc4ccc(C(=O)NO)cc4)nc(Cl)nc32)cc1,7.958607314841775,1,
Nc1ccccc1NC(=O)c1ccc(NC(=O)c2ccc(-c3ncc(CNc4ccccc4)s3)cc2)cc1,5.040958607678906,1,
Nc1ccccc1NC(=O)c1ccc(NC(=O)c2n[nH]cc2NC(=O)c2c(Cl)cccc2Cl)cc1,6.140861702705469,1,
Nc1ccccc1NC(=O)c1cccc(C(=O)NCC2CCN(Cc3ccccc3)CC2)c1,5.671620396561263,1,
Nc1ccccc1NC(=O)c1cccc(S(=O)(=O)NCC2CCN(Cc3ccccc3)CC2)c1,5.892790030352131,1,
Nc1ccccc1NC(=O)c1cnc(NCc2ccccc2)cn1,4.929678934015399,2,0.7071232999769659
Nc1ccccc1NC(=O)c1cnccn1,4.966596575093279,2,0.7071247655836822
Nc1cccnc1COCc1ccc(-c2noc(C(F)(F)F)n2)c(F)c1,7.292429823902063,1,
Nc1ccn(Cc2ccc(-c3cn(CCCCCCC(=O)NO)nn3)cc2)c(=O)n1,8.075720713938118,1,
Nc1cnc2ccc(-c3nnn(Cc4cc(F)c(-c5nnc(C(F)F)o5)cc4F)n3)cc2c1,7.309803919971486,1,
Nc1cnc2ccc(-c3nnn(Cc4ccc(-c5nnc(C(F)F)o5)c(F)c4)n3)cc2c1,7.494850021680094,1,
Nc1cncc(-c2cn(Cc3c(F)cc(-c4nnc(C(F)F)o4)cc3F)nn2)c1,7.508638306165727,1,
Nc1cncc(-c2nnn(Cc3ccc(-c4nnc(C(F)F)o4)cc3)n2)c1,7.468521082957745,1,
Nc1nc(-c2ccco2)c2cnn(Cc3cccc(OCCCCCCC(=O)NO)c3)c2n1,8.67778070526608,1,
Nc1nc(Cl)c2ccn(Cc3ccc(-c4noc(C(F)(F)F)n4)c(F)c3)c2n1,5.815308569182401,1,
Nc1nc(Cl)c2ccn(Cc3ccc(-c4noc(C(F)(F)F)n4)cc3)c2n1,5.657577319177793,1,
Nc1nc(Cl)c2ccn(Cc3ccc(-c4noc(C(F)(F)F)n4)cc3F)c2n1,5.721246399047171,1,
Nc1nc(Cl)c2ccn(Cc3ccc(C(=O)NO)cc3)c2n1,8.301029995663981,1,
Nc1nc(Cl)c2ccn(Cc3ccc(C(=O)NO)cc3F)c2n1,8.522878745280337,1,
Nc1nc(Cl)c2ccn(Cc3ccc(C(=O)NO)cn3)c2n1,7.698970004336019,1,
Nc1nc(Cl)c2ccn(Cc3ccc(CC(=O)NO)cc3)c2n1,7.568636235841012,1,
Nc1nc(Cl)c2ccn(Cc3ccc(NC(=O)CS)cc3)c2n1,8.154901959985743,1,
Nc1nc(Cl)c2ccn(Cc3cccc(-c4noc(C(F)(F)F)n4)c3)c2n1,4.419075024324381,1,
Nc1nc(Cl)c2ccn(Cc3nc(C(=O)NO)co3)c2n1,7.1487416512809245,1,
Nc1nc(Cl)c2ncn(Cc3ccc(-c4noc(C(F)(F)F)n4)c(Cl)c3)c2n1,7.130332519901961,2,0.13974617566257724
Nc1nc(Cl)c2ncn(Cc3ccc(-c4noc(C(F)(F)F)n4)c(F)c3)c2n1,6.494850021680094,1,
Nc1nc(Cl)c2ncn(Cc3ccc(-c4noc(C(F)(F)F)n4)cc3)c2n1,6.537602002101044,1,
Nc1nc(Cl)c2ncn(Cc3ccc(-c4noc(C(F)(F)F)n4)cc3F)c2n1,7.070581074285707,1,
Nc1nc(Cl)c2ncn(Cc3ccc(C(=O)NO)cc3)c2n1,7.638272163982407,1,
Nc1nc(Cl)c2ncn(Cc3ccc(C(=O)NO)cc3F)c2n1,8.397940008672037,1,
Nc1nc(Cl)c2ncn(Cc3ccc(C(=O)NO)cn3)c2n1,8.301029995663981,1,
Nc1nc(Cl)c2ncn(Cc3ccc(CC(=O)NO)cc3)c2n1,7.853871964321762,1,
Nc1nc(Cl)c2ncn(Cc3ccc(CNC(=O)CS)cc3)c2n1,6.494850021680094,1,
Nc1nc(Cl)c2ncn(Cc3ccc(NC(=O)CS)cc3)c2n1,7.721246399047171,1,
Nc1nc(Cl)c2ncn(Cc3cccc(-c4noc(C(F)(F)F)n4)c3)c2n1,6.136677139879544,1,
Nc1nc(N2CCN(CCc3ccc(C(=O)NO)cc3)CC2)nc2nc(-c3ccco3)nn12,7.721246399047171,1,
Nc1nc(NCCCCCCC(=O)NO)nc2nc(-c3ccco3)nn12,7.958607314841775,1,
Nc1nc(NCCCc2ccc(C(=O)NO)cc2)nc2nc(-c3ccco3)nn12,8.309803919971486,1,
Nc1nc(NCCOc2ccc(C(=O)NO)cc2)nc2nc(-c3ccco3)nn12,8.494850021680094,1,
Nc1nc(NCCc2ccc(/C=C/C(=O)NO)cc2)nc2nc(-c3ccco3)nn12,7.161150909262744,1,
Nc1nc(NCCc2ccc(C(=O)NO)cc2)nc2nc(-c3ccco3)nn12,7.823908740944319,1,
Nc1nc(NCCc2ccc(NC(=O)CCCCCCC(=O)NO)cc2)nc2nc(-c3ccco3)nn12,8.229147988357855,1,
Nc1nc(NCCc2ccc(OCCCC(=O)NO)cc2)nc2nc(-c3ccco3)nn12,6.876148359032914,1,
Nc1nc(NCCc2ccc(OCCCCC(=O)NO)cc2)nc2nc(-c3ccco3)nn12,7.431798275933005,1,
Nc1nc(NCCc2ccc(OCCCCCC(=O)NO)cc2)nc2nc(-c3ccco3)nn12,8.096910013008056,1,
Nc1nc(NCc2ccc(/C=C/C(=O)NO)cc2)nc2nc(-c3ccco3)nn12,8.045757490560675,1,
Nc1nc(NCc2ccc(C(=O)NO)cc2)nc2nc(-c3ccco3)nn12,8.522878745280337,1,
Nc1nc(NCc2ccc(OCCCCC(=O)NO)cc2)nc2nc(-c3ccco3)nn12,7.455931955649724,1,
Nc1nc2c(cnn2CCCCC(=O)NO)c2nc(-c3ccco3)nn12,7.130768280269024,1,
Nc1nc2c(cnn2CCCCCC(=O)NO)c2nc(-c3ccco3)nn12,7.823908740944319,1,
Nc1nc2c(cnn2CCCCCCC(=O)NO)c2nc(-c3ccco3)nn12,8.18045606445813,1,
Nc1nc2c(cnn2CCN2CCC(c3ccc(C(=O)NO)cc3)CC2)c2nc(-c3ccco3)nn12,7.494850021680094,1,
Nc1nc2c(cnn2CCN2CCc3ccc(C(=O)NO)cc3C2)c2nc(-c3ccco3)nn12,7.096910013008056,1,
Nc1nc2c(cnn2CCc2ccc(C(=O)NO)cc2)c2nc(-c3ccco3)nn12,8.119186407719209,1,
Nc1nc2c(cnn2CCc2ccc(NC(=O)CCCCCCC(=O)NO)cc2)c2nc(-c3ccco3)nn12,8.229147988357855,1,
Nc1nc2c(cnn2CCc2ccc(OCCCCCC(=O)NO)cc2)c2nc(-c3ccco3)nn12,7.795880017344075,1,
Nc1nc2cc(-c3cn(Cc4ccc(-c5nnc(C(F)F)o5)cc4)cn3)ccc2o1,7.161150909262744,1,
Nc1nc2cc(-c3cn(Cc4ccc(-c5nnc(C(F)F)o5)cc4)cn3)ccc2s1,7.173925197299173,1,
Nc1nc2cc(-c3cn(Cc4ccc(-c5nnc(C(F)F)o5)cc4)nn3)ccc2[nH]1,7.853871964321762,1,
Nc1nc2cc(-c3cn(Cc4ccc(-c5nnc(C(F)F)o5)cc4)nn3)ccc2s1,7.292429823902063,1,
Nc1nc2cc(-c3cn(Cc4ccc(-c5nnc(C(F)F)o5)cn4)cn3)ccc2o1,7.823908740944319,1,
Nc1nc2cc(-c3cn(Cc4ccc(-c5nnc(C(F)F)o5)cn4)cn3)ccc2s1,7.769551078621726,1,
Nc1nc2cc(-c3cn(Cc4ccc(-c5nnc(C(F)F)o5)cn4)nn3)ccc2s1,8.0,1,
Nc1nc2cc(-c3cnn(Cc4ccc(-c5nnc(C(F)F)o5)cc4)c3)ccc2[nH]1,7.173925197299173,1,
Nc1nc2cc(-c3cnn(Cc4ccc(-c5nnc(C(F)F)o5)cn4)c3)ccc2[nH]1,7.2839966563652006,1,
Nc1nc2cc(-c3nn(CC4CCN(c5ncc(C(=O)NO)cn5)CC4)c4ncnc(N)c34)ccc2o1,7.0655015487564325,1,
Nc1nc2cc(-c3nn(CCCCCCC(=O)NO)c4ncnc(N)c34)ccc2o1,8.41195437047216,2,0.5825914578005982
Nc1nc2cc(-c3nnn(Cc4ccc(-c5nnc(C(F)F)o5)cc4)n3)ccc2o1,7.187086643357144,1,
Nc1nc2cc(-c3nnn(Cc4ccc(-c5nnc(C(F)F)o5)cn4)n3)ccc2o1,7.886056647693163,1,
Nc1nc2ccc(-c3cc(Cc4ccc(-c5nnc(C(F)F)o5)cc4)on3)cc2s1,6.527243550682788,1,
Nc1nc2ccc(-c3cn(Cc4cc(F)c(-c5nnc(C(F)F)o5)cc4F)nn3)cc2s1,7.508638306165727,1,
Nc1nc2ccc(-c3cn(Cc4ccc(-c5nnc(C(F)F)o5)c(F)c4)nn3)cc2s1,7.568636235841012,1,
Nc1nc2ccc(-c3cn(Cc4ccc(-c5nnc(C(F)F)o5)c(F)c4F)nn3)cc2s1,6.8696662315049934,1,
Nc1nc2ccc(-c3cn(Cc4ccc(-c5nnc(C(F)F)o5)cc4)cn3)cc2s1,7.494850021680094,1,
Nc1nc2ccc(-c3cn(Cc4ccc(-c5nnc(C(F)F)o5)cc4)nn3)cc2s1,7.6399203482970215,2,0.05354263030192994
Nc1nc2ccc(-c3cn(Cc4ccc(-c5nnc(C(F)F)o5)cc4Cl)nn3)cc2s1,7.3872161432802645,1,
Nc1nc2ccc(-c3cn(Cc4ccc(-c5nnc(C(F)F)o5)cc4F)nn3)cc2s1,7.682258126592544,2,0.08834502788860882
Nc1nc2ccc(-c3cn(Cc4ccc(-c5nnc(C(F)F)o5)cn4)cn3)cc2s1,7.958607314841775,1,
Nc1nc2ccc(-c3cn(Cc4ccc(-c5nnc(C(F)F)o5)cn4)nn3)cc2[nH]1,8.0,1,
Nc1nc2ccc(-c3cn(Cc4ccc(-c5nnc(C(F)F)o5)cn4)nn3)cc2s1,8.100329725273209,2,0.07717679445947358
Nc1nc2ccc(-c3cn(Cc4ncc(-c5nnc(C(F)F)o5)cc4F)nn3)cc2s1,7.494850021680094,1,
Nc1nc2ccc(-c3cnn(Cc4ccc(-c5nnc(C(F)F)o5)cc4)c3)cc2s1,6.6595558851598815,1,
Nc1nc2ccc(-c3cnn(Cc4ccc(-c5nnc(C(F)F)o5)cn4)c3)cc2s1,7.3979400086720375,1,
Nc1nc2ccc(-n3cc(Cc4ccc(-c5nnc(C(F)F)o5)cc4)nn3)cc2s1,6.431798275933005,1,
Nc1nc2ncc(CNc3ccc(C(=O)NCCCC(=O)NO)cc3)nc2c(=O)[nH]1,5.835647144215563,1,
Nc1nc2ncc(CNc3ccc(C(=O)NCCCCC(=O)NO)cc3)nc2c(=O)[nH]1,6.673664139071249,1,
Nc1nc2ncc(CNc3ccc(C(=O)NCCCCCC(=O)NO)cc3)nc2c(=O)[nH]1,7.356547323513812,1,
Nc1nc2ncc(CNc3ccc(C(=O)NCCCCCCC(=O)NO)cc3)nc2c(=O)[nH]1,7.920818753952375,1,
Nc1nc2ncc(CNc3ccc(C(=O)NCCCCCCCC(=O)NO)cc3)nc2c(=O)[nH]1,7.259637310505756,1,
Nc1nc2ncc(CNc3ccc(C(=O)NCCCCCCCCC(=O)NO)cc3)nc2c(=O)[nH]1,8.0,1,
Nc1nc2ncc(CNc3ccc(C(=O)NCCCCCCCCCC(=O)NO)cc3)nc2c(=O)[nH]1,6.3223930472795065,1,
Nc1nc2ncc(CNc3ccc(C(=O)NO)cc3)nc2c(=O)[nH]1,7.7447274948966935,1,
Nc1nc2ncc(CNc3ccc(C(=O)N[C@@H](CCC(=O)NCCCC(=O)NO)C(=O)O)cc3)nc2c(=O)[nH]1,5.094204119632131,1,
Nc1nc2ncc(CNc3ccc(C(=O)N[C@@H](CCC(=O)NCCCCCCC(=O)NO)C(=O)O)cc3)nc2c(=O)[nH]1,6.8794260687941495,1,
Nc1nc2ncc(CNc3ccc(C(=O)N[C@@H](CCC(=O)NCCCCCCCC(=O)NO)C(=O)O)cc3)nc2c(=O)[nH]1,6.714442690992226,1,
Nc1nc2ncc(CNc3ccc(C(=O)N[C@@H](CCC(=O)NCCCCCCCCC(=O)NO)C(=O)O)cc3)nc2c(=O)[nH]1,6.747146969020107,1,
Nc1ncc(-c2cc(N3CCOCC3)c(=O)n(Cc3ccc(C(=O)NO)cc3)c2)cn1,7.698970004336019,1,
Nc1ncc(-c2cc(N3CCOCC3)c(=O)n(Cc3ccc(C(=O)NO)cc3)n2)cn1,7.886056647693163,1,
Nc1ncc(-c2cccc(-c3nnn(Cc4ccc(-c5nnc(C(F)F)o5)cc4)n3)c2)s1,6.94692155651658,1,
Nc1ncc(-c2cccc(-c3nnn(Cc4ccc(-c5nnc(C(F)F)o5)cn4)n3)c2)s1,7.7447274948966935,1,
Nc1ncc(-c2cn(CCCCCC(=O)NO)c(=O)c(N3CCOCC3)n2)cn1,6.962573502059376,1,
Nc1ncc(-c2cn(CCCCCCC(=O)NO)c(=O)c(N3CCOCC3)n2)cn1,7.267606240177031,1,
Nc1ncc(-c2cn(CCCCCCCC(=O)NO)c(=O)c(N3CCOCC3)n2)cn1,6.7121982700697735,1,
Nc1ncc(-c2cn(Cc3ccc(C(=O)NO)cc3)c(=O)c(N3CCCCC3)n2)cn1,8.3767507096021,1,
Nc1ncc(-c2cn(Cc3ccc(C(=O)NO)cc3)c(=O)c(N3CCOCC3)n2)cn1,7.823908740944319,1,
Nc1ncc(-c2cn(Cc3ccc(C(=O)NO)cc3)c(=O)c(Nc3ccccc3)n2)cn1,8.161150909262744,1,
Nc1ncc(-c2cn(Cc3cccc(C(=O)NO)c3)c(=O)c(N3CCOCC3)n2)cn1,6.187086643357144,1,
Nc1ncc(-c2nc(N3CCOCC3)c3ccn(CCCCCCC(=O)NO)c3n2)cn1,8.18045606445813,1,
Nc1ncc(-c2nnn(Cc3ccc(-c4nnc(C(F)F)o4)cc3)n2)cn1,7.481486060122112,1,
Nc1ncc(C(=O)NO)cc1F,6.982966660701219,1,
Nc1ncc(C(=O)NO)cn1,7.1938200260161125,1,
Nc1ncc(Cc2ccc3c(c2)CCCN3)c(N)n1,7.769551078621726,1,
Nc1ncc2cc(-c3nnn(Cc4cc(F)c(-c5nnc(C(F)F)o5)cc4F)n3)ccc2n1,7.00436480540245,1,
Nc1ncc2cc(-c3nnn(Cc4ccc(-c5nnc(C(F)F)o5)cc4)n3)ccc2n1,6.730487055782083,1,
Nc1ncc2cc(-c3nnn(Cc4ccc(-c5nnc(C(F)F)o5)cc4Cl)n3)ccc2n1,6.2636034977233574,1,
Nc1ncc2cc(-c3nnn(Cc4ccc(-c5nnc(C(F)F)o5)cc4F)n3)ccc2n1,7.119186407719209,1,
Nc1ncc2ncn(Cc3ccc(C(=O)NO)cc3)c2n1,7.853871964321762,1,
Nc1ncc2ncn(Cc3ccc(C(=O)NO)cc3F)c2n1,9.0,1,
Nc1nccc2cc(-c3nnn(Cc4cc(F)c(-c5nnc(C(F)F)o5)cc4F)n3)ccc12,7.221848749616356,1,
Nc1nccc2cc(-c3nnn(Cc4ccc(-c5nnc(C(F)F)o5)cc4Cl)n3)ccc12,6.603800652904264,1,
Nc1nccc2cc(-c3nnn(Cc4ccc(-c5nnc(C(F)F)o5)cc4F)n3)ccc12,7.2441251443275085,1,
Nc1ncnc2c1c(-c1ccc(Cl)cc1)nn2-c1cccc(-c2cnnn2CCCCCC(=O)NO)c1,8.568636235841012,1,
Nc1ncnc2c1c(-c1cnc3[nH]ccc3c1)nn2CCCCCCCCC(=O)NO,8.022276394711152,1,
Nc1ncnc2c1ncn2Cc1ccc(-c2cn(CCCCCCC(=O)NO)nn2)cc1,8.318758762624412,1,
Nc1ncnc2c1nnn2C1COC(COP(=O)(O)OP(=O)(O)OP(=O)(O)O)C1,6.555955204081924,1,
Nc1ncnc2cc(-c3cn(Cc4cc(F)c(-c5nnc(C(F)F)o5)cc4F)nn3)ccc12,7.638272163982407,1,
Nc1ncnc2cc(-c3cn(Cc4ccc(-c5nnc(C(F)F)o5)c(F)c4)nn3)ccc12,7.568636235841012,1,
Nc1ncnc2cc(-c3cn(Cc4ccc(-c5nnc(C(F)F)o5)cc4)nn3)ccc12,7.481486060122112,1,
Nc1ncnc2cc(-c3cn(Cc4ccc(-c5nnc(C(F)F)o5)cc4Cl)nn3)ccc12,7.229147988357855,1,
Nc1ncnc2cc(-c3cn(Cc4ccc(-c5nnc(C(F)F)o5)cc4F)nn3)ccc12,7.920818753952375,1,
Nc1ncnc2cc(-c3cn(Cc4ccc(-c5nnc(C(F)F)o5)cn4)nn3)ccc12,7.468521082957745,1,
Nc1ncnc2sc(-c3cn(Cc4c(F)cc(-c5nnc(C(F)F)o5)cc4F)nn3)cc12,7.3979400086720375,1,
Nc1ncnc2sc(-c3cn(Cc4cc(F)c(-c5nnc(C(F)F)o5)cc4F)nn3)cc12,7.309803919971486,1,
Nc1ncnc2sc(-c3cn(Cc4ccc(-c5nnc(C(F)F)o5)c(F)c4)nn3)cc12,7.356547323513812,1,
Nc1ncnc2sc(-c3cn(Cc4ccc(-c5nnc(C(F)F)o5)c(F)c4F)nn3)cc12,7.200659450546418,1,
Nc1ncnc2sc(-c3cn(Cc4ccc(-c5nnc(C(F)F)o5)cc4)nn3)cc12,7.050609993355087,1,
Nc1ncnc2sc(-c3cn(Cc4ccc(-c5nnc(C(F)F)o5)cc4F)nn3)cc12,7.337242168318426,1,
Nc1nn(-c2ccccc2)nc1C(=O)NCc1ccc(C(=O)NO)cc1,8.568636235841012,1,
O=C(/C=C/C#Cc1ccc(NS(=O)(=O)c2ccccc2)cc1)NO,6.165807041655,2,0.6602072695945777
O=C(/C=C/C1CCN(CCc2c[nH]c3ccccc23)CC1)NO,5.318758762624412,1,
O=C(/C=C/C1CCN(CCc2ccccc2)CC1)NO,5.356547323513812,1,
O=C(/C=C/C1CCN(Cc2ccc(Cl)cc2)CC1)NO,6.366531544420413,1,
O=C(/C=C/C1CCN(Cc2cccc3ccccc23)CC1)NO,5.431798275933005,1,
O=C(/C=C/C1CCN(Cc2csc3ccccc23)CC1)NO,5.853871964321762,1,
O=C(/C=C/C=C/CC/C=C/c1ccc2c(c1)OCO2)NO,6.136677139879544,1,
O=C(/C=C/C=C/CCCCc1ccc2c(c1)OCO2)NO,5.647817481888637,1,
O=C(/C=C/C=C/CSc1ccc(Cl)cc1)NO,5.795880017344075,1,
O=C(/C=C/C=C/CSc1cccc2ccccc12)NO,5.026872146400301,1,
O=C(/C=C/C=C/C[S+]([O-])c1ccc(Cl)cc1)NO,5.920818753952375,1,
O=C(/C=C/C=C/c1ccc(Cl)cc1)NO,6.598599459218455,1,
O=C(/C=C/C=C/c1ccc2c(c1)OCO2)NO,4.517126416391246,1,
O=C(/C=C/C=C/c1ccccc1)NO,6.554395796726403,1,
O=C(/C=C/C=C/c1csc(Br)n1)NO,5.488045661696707,3,1.134757733776
O=C(/C=C/COc1no[n+]([O-])c1S(=O)(=O)c1ccccc1)NO,4.982966660701219,1,
O=C(/C=C/c1cc(/C=C/C(=O)c2ccccc2)ccn1)NO,6.490797477668897,1,
O=C(/C=C/c1ccc(-c2cc(CN3CCOCC3)on2)cc1)NO,6.756961951313706,1,
O=C(/C=C/c1ccc(-c2ccc(O)c(C34CC5CC(CC(C5)C3)C4)c2)cc1)NO,5.552841968657781,1,
O=C(/C=C/c1ccc(-c2ccc(O)cc2)cc1)NO,7.376750709602099,1,
O=C(/C=C/c1ccc(-c2ccc3ncnc(Nc4ccc(OCc5cccc(F)c5)c(Cl)c4)c3c2)cc1)NO,6.638272163982407,1,
O=C(/C=C/c1ccc(-c2ccc3ncnc(Nc4ccc(OCc5cccc(F)c5)c(Cl)c4)c3c2)o1)NO,6.638272163982407,1,
O=C(/C=C/c1ccc(-c2ccc3ncnc(Nc4ccc(OCc5cccc(F)c5)c(Cl)c4)c3c2)s1)NO,5.920818753952375,1,
O=C(/C=C/c1ccc(-c2nnc(Cc3c[nH]c4ccccc34)o2)cc1)NO,7.522878745280337,1,
O=C(/C=C/c1ccc(-c2nnc(Cc3cccc4ccccc34)o2)cc1)NO,7.221848749616356,1,
O=C(/C=C/c1ccc(-n2[se]c3ccccc3c2=O)cc1)NO,6.168130225719498,1,
O=C(/C=C/c1ccc(/C=C(/CNC2CC2)c2ccc(F)cc2)cc1)NO,7.568636235841012,1,
O=C(/C=C/c1ccc(/C=C/C(=O)c2ccccc2)cc1)NO,5.8297382846050425,1,
O=C(/C=C/c1ccc(/C=C/C(=O)c2ccccc2)cn1)NO,7.657577319177793,1,
O=C(/C=C/c1ccc(/C=N/OCCN2CCOCC2)cc1)NO,6.518557371497695,1,
O=C(/C=C/c1ccc(/C=N/OCc2c(F)c(F)c(F)c(F)c2F)cc1)NO,6.17979854051436,1,
O=C(/C=C/c1ccc(/C=N/OCc2ccc([N+](=O)[O-])cc2)cc1)NO,6.906578314837764,1,
O=C(/C=C/c1ccc(C(=O)N2CCC(N3C(=O)[C@H](c4ccccc4)[C@H]3c3ccccc3)CC2)cc1)NO,6.774690718274137,1,
O=C(/C=C/c1ccc(C(=O)NC(Cc2c[nH]c3ccccc23)C(=O)NC2CC2)cc1)NO,6.3979400086720375,1,
O=C(/C=C/c1ccc(C(=O)NC(Cc2c[nH]c3ccccc23)C(=O)NC2CCCC2)cc1)NO,6.619788758288394,1,
O=C(/C=C/c1ccc(C(=O)NC(Cc2c[nH]c3ccccc23)C(=O)NCc2ccccc2)cc1)NO,6.698970004336019,1,
O=C(/C=C/c1ccc(C(=O)NC(Cc2c[nH]c3ccccc23)C(=O)Nc2ccc(Br)cc2)cc1)NO,6.604481167882659,2,1.5793445358995781
O=C(/C=C/c1ccc(C(=O)NC(Cc2c[nH]c3ccccc23)C(=O)Nc2ccc(C(F)(F)F)cc2)cc1)NO,6.251811972993799,1,
O=C(/C=C/c1ccc(C(=O)NC(Cc2c[nH]c3ccccc23)C(=O)Nc2ccc(Cl)cc2)cc1)NO,6.499555303814063,2,1.3525208317629642
O=C(/C=C/c1ccc(C(=O)NC(Cc2c[nH]c3ccccc23)C(=O)Nc2ccc(F)cc2)cc1)NO,6.522878745280337,1,
O=C(/C=C/c1ccc(C(=O)NC(Cc2c[nH]c3ccccc23)C(=O)Nc2ccc(I)cc2)cc1)NO,6.385722831730495,2,1.2703510255231525
O=C(/C=C/c1ccc(C(=O)NC(Cc2c[nH]c3ccccc23)C(=O)Nc2ccc3ccccc3c2)cc1)NO,6.470570707530753,2,1.0423285741005353
O=C(/C=C/c1ccc(C(=O)NC(Cc2c[nH]c3ccccc23)C(=O)Nc2cccc(Br)c2)cc1)NO,6.315103661234676,2,1.12911604701781
O=C(/C=C/c1ccc(C(=O)NC(Cc2c[nH]c3ccccc23)C(=O)Nc2ccccc2)cc1)NO,6.823908740944319,1,
O=C(/C=C/c1ccc(C(=O)NC(Cc2c[nH]c3ccccc23)C(=O)Nc2ccccc2Br)cc1)NO,6.886056647693163,1,
O=C(/C=C/c1ccc(C(=O)NC(Cc2c[nH]c3ccccc23)C(=O)Nc2ccncc2)cc1)NO,7.136677139879544,1,
O=C(/C=C/c1ccc(C(=O)NCC2CCN(Cc3ccccc3)CC2)cc1)NO,6.552841968657781,1,
O=C(/C=C/c1ccc(C(=O)NCCCOc2no[n+]([O-])c2S(=O)(=O)c2ccccc2)cc1)NO,6.638272163982407,2,0.0
O=C(/C=C/c1ccc(C(=O)NCCOc2no[n+]([O-])c2S(=O)(=O)c2ccccc2)cc1)NO,6.823908740944319,2,0.0
O=C(/C=C/c1ccc(C(=O)NO)cc1)NCC1CCN(Cc2ccccc2)CC1,5.6777807052660805,1,
O=C(/C=C/c1ccc(C(=O)NO)cc1)N[C@@H](Cc1c[nH]c2ccccc12)C(=O)NC1CC1,6.570247719997592,1,
O=C(/C=C/c1ccc(C(=O)NO)cc1)N[C@@H](Cc1c[nH]c2ccccc12)C(=O)NC1CCCC1,6.603800652904264,1,
O=C(/C=C/c1ccc(C(=O)NO)cc1)N[C@@H](Cc1c[nH]c2ccccc12)C(=O)NCCc1ccccc1,7.657577319177793,1,
O=C(/C=C/c1ccc(C(=O)NO)cc1)N[C@@H](Cc1c[nH]c2ccccc12)C(=O)NCc1ccccc1,7.431798275933005,1,
O=C(/C=C/c1ccc(C(=O)NO)cc1)N[C@@H](Cc1c[nH]c2ccccc12)C(=O)Nc1ccc(Br)cc1,7.797583141690031,2,1.2747535260988905
O=C(/C=C/c1ccc(C(=O)NO)cc1)N[C@@H](Cc1c[nH]c2ccccc12)C(=O)Nc1ccc(Cl)cc1,8.065090896010336,2,0.25319266209941815
O=C(/C=C/c1ccc(C(=O)NO)cc1)N[C@@H](Cc1c[nH]c2ccccc12)C(=O)Nc1ccc(F)cc1,8.698970004336019,1,
O=C(/C=C/c1ccc(C(=O)NO)cc1)N[C@@H](Cc1c[nH]c2ccccc12)C(=O)Nc1ccc(I)cc1,7.522878745280337,1,
O=C(/C=C/c1ccc(C(=O)NO)cc1)N[C@@H](Cc1c[nH]c2ccccc12)C(=O)Nc1cccc(Cl)c1,7.687755818743275,2,0.5710016833674737
O=C(/C=C/c1ccc(C(=O)NO)cc1)N[C@@H](Cc1c[nH]c2ccccc12)C(=O)Nc1cccc2ccccc12,7.221848749616356,1,
O=C(/C=C/c1ccc(C(=O)NO)cc1)N[C@@H](Cc1c[nH]c2ccccc12)C(=O)Nc1ccccc1,8.119186407719209,1,
O=C(/C=C/c1ccc(C(=O)NO)cc1)N[C@@H](Cc1c[nH]c2ccccc12)C(=O)Nc1ccccc1Cl,7.2441251443275085,1,
O=C(/C=C/c1ccc(C(=O)NO)cc1)N[C@@H](Cc1c[nH]c2ccccc12)C(=O)Nc1ccncc1,7.431798275933005,1,
O=C(/C=C/c1ccc(C(=O)Nc2cccc(Nc3ncc(-c4cccnc4)s3)c2)cc1)NO,7.259637310505756,1,
O=C(/C=C/c1ccc(C(=O)Nc2cccc(Nc3ncc(-c4cccnc4)s3)c2)s1)NO,7.346787486224656,1,
O=C(/C=C/c1ccc(C(F)(F)F)cc1)NO,6.73754891026957,1,
O=C(/C=C/c1ccc(C(c2c[nH]c3ccccc23)c2c[nH]c3ccccc23)cc1)NO,5.309803919971486,1,
O=C(/C=C/c1ccc(CCCCCCc2n[nH]c(=O)c3cc(F)ccc23)cc1)NO,7.2441251443275085,1,
O=C(/C=C/c1ccc(CCNC(=O)c2c[nH]c3ncccc23)cc1)NO,8.075720713938118,1,
O=C(/C=C/c1ccc(CCNC(=O)c2cc(C(F)(F)F)ccc2Cl)cc1)NO,7.769551078621726,1,
O=C(/C=C/c1ccc(CCNC(=O)c2cc(Cc3n[nH]c(=O)c4ccccc34)ccc2F)cc1)NO,8.086186147616283,1,
O=C(/C=C/c1ccc(CCNC(=O)c2ccc3[nH]cnc3c2)cc1)NO,8.327902142064282,1,
O=C(/C=C/c1ccc(CCNC(=O)c2ccc3c(c2)OCCO3)cc1)NO,7.920818753952375,1,
O=C(/C=C/c1ccc(CCNC(=O)c2ccc3c(c2)OCO3)cc1)NO,8.148741651280925,1,
O=C(/C=C/c1ccc(CCNC(=O)c2ccc3ncccc3c2)cc1)NO,8.275724130399212,1,
O=C(/C=C/c1ccc(CCNC(=O)c2cncc(F)c2)cc1)NO,7.443697499232712,1,
O=C(/C=C/c1ccc(CN(C(=O)c2c(F)c(F)c(F)c(F)c2F)C2CC2)cc1)NO,7.920818753952375,1,
O=C(/C=C/c1ccc(CN(CCCCOc2ccccc2)CCc2ccc3c(c2)OCO3)o1)NO,5.804100347590767,1,
O=C(/C=C/c1ccc(CN(CCCCOc2ccccc2)Cc2ccccc2)o1)NO,5.673664139071249,1,
O=C(/C=C/c1ccc(CN(CCCOc2ccccc2)Cc2ccccc2)o1)NO,5.9660555966573,2,0.1927817914905484
O=C(/C=C/c1ccc(CN(CCCc2ccccc2)Cc2ccccn2)cc1)NO,6.555955204081924,1,
O=C(/C=C/c1ccc(CN(CCCc2ccccc2)Cc2cccnc2)cc1)NO,6.785156151952302,1,
O=C(/C=C/c1ccc(CN(CCF)CC23CC4CC(CC(C4)C2)C3)cc1)NO,6.511449283499555,1,
O=C(/C=C/c1ccc(CN(CCO)CCc2c[nH]c3ccccc23)cc1)NO,7.824942484835493,4,0.38593160984508834
O=C(/C=C/c1ccc(CN(CCO)CCc2cc3ccccc3[nH]2)cc1)NO,7.823908740944319,1,
O=C(/C=C/c1ccc(CN(CCO)CCc2ccc3c(c2)OCO3)o1)NO,6.3979400086720375,1,
O=C(/C=C/c1ccc(CN(CCO)CCc2cnc3ccccc3c2)cc1)NO,7.619788758288394,1,
O=C(/C=C/c1ccc(CN(CCO)Cc2ccc(-c3ccccc3)cc2)o1)NO,7.050609993355087,1,
O=C(/C=C/c1ccc(CN(CCO)Cc2ccccc2)o1)NO,6.568041311521069,2,0.28497784558439215
O=C(/C=C/c1ccc(CN(CCOC(=O)NCc2ccoc2)CCc2c[nH]c3ccccc23)cc1)NO,6.431798275933005,1,
O=C(/C=C/c1ccc(CN(CCOc2ccccc2)CCc2ccc3c(c2)OCO3)o1)NO,5.627087997029893,1,
O=C(/C=C/c1ccc(CN(CCOc2ccccc2)Cc2ccc(-c3ccccc3)cc2)o1)NO,5.917214629683549,1,
O=C(/C=C/c1ccc(CN(CCOc2ccccc2)Cc2ccccc2)o1)NO,5.714442690992226,1,
O=C(/C=C/c1ccc(CN(CCc2c[nH]c3ccccc23)C(CO)CO)cc1)NO,7.2839966563652006,1,
O=C(/C=C/c1ccc(CN(CCc2c[nH]c3ccccc23)C2CCCCC2)cc1)NO,7.698970004336019,1,
O=C(/C=C/c1ccc(CN(CCc2c[nH]c3ccccc23)C2CCOCC2)cc1)NO,8.0,1,
O=C(/C=C/c1ccc(CN(CCc2c[nH]c3ccccc23)Cc2ccccc2)cc1)NO,7.070581074285707,1,
O=C(/C=C/c1ccc(CN(CCc2ccc3c(c2)OCO3)Cc2ccccc2)o1)NO,5.642065152999546,1,
O=C(/C=C/c1ccc(CN2C(=O)/C(=C3\Nc4ccccc4\C3=N/O)c3cc(Br)ccc32)cc1)NO,6.73754891026957,1,
O=C(/C=C/c1ccc(CN2C(=O)/C(=C3\Nc4ccccc4\C3=N/O)c3cc(Cl)ccc32)cc1)NO,6.497572880015568,1,
O=C(/C=C/c1ccc(CN2C(=O)/C(=C3\Nc4ccccc4\C3=N/O)c3cc(F)ccc32)cc1)NO,6.374687549038326,1,
O=C(/C=C/c1ccc(CN2C(=O)/C(=C3\Nc4ccccc4\C3=N/O)c3cccc(Cl)c32)cc1)NO,6.218963061378869,1,
O=C(/C=C/c1ccc(CN2C(=O)/C(=C3\Nc4ccccc4\C3=N/O)c3ccccc32)cc1)NO,7.022276394711152,1,
O=C(/C=C/c1ccc(CN2C(=O)Cc3cc(Br)ccc32)cc1)NO,6.156144577376839,1,
O=C(/C=C/c1ccc(CN2C(=O)Cc3cc(Cl)ccc32)cc1)NO,6.132532512140949,1,
O=C(/C=C/c1ccc(CN2C(=O)Cc3cc(F)ccc32)cc1)NO,5.299988937677888,1,
O=C(/C=C/c1ccc(CN2C(=O)Cc3ccccc32)cc1)NO,5.635261444944602,1,
O=C(/C=C/c1ccc(CN2CCC(c3c[nH]c4ccccc34)CC2)cc1)NO,7.275724130399211,1,
O=C(/C=C/c1ccc(CN2CCN(C(=O)c3cc(Cc4n[nH]c(=O)c5ccccc45)ccc3F)CC2)cc1)NO,8.0,1,
O=C(/C=C/c1ccc(CN2CCc3[nH]c4ccccc4c3C2)cc1)NO,7.721246399047171,1,
O=C(/C=C/c1ccc(CN2CCc3c([nH]c4ccccc34)C2)cc1)NO,6.928117992693874,1,
O=C(/C=C/c1ccc(CN2CCc3cc(NC(=O)Nc4ccc(Cl)c(C(F)(F)F)c4)ccc32)cc1)NO,5.943095148663527,1,
O=C(/C=C/c1ccc(CN2c3ccccc3Sc3ccccc32)cc1)NO,6.334419008982047,1,
O=C(/C=C/c1ccc(CNC(=O)c2c(F)c(F)c(F)c(F)c2F)cc1)NO,7.853871964321762,1,
O=C(/C=C/c1ccc(CNC(=O)c2ccc(-c3csc(N4N=C(c5ccccc5)/C(=N/Nc5nccs5)C4=O)n3)cc2)cc1)NO,5.872247484167026,1,
O=C(/C=C/c1ccc(CNC(=O)c2ccc(N3CCCC3)cc2)cc1)NO,6.688246138944246,1,
O=C(/C=C/c1ccc(CNC(=O)c2ccc(N3CCN(Cc4cccnc4)CC3)cc2)cc1)NO,6.2441251443275085,1,
O=C(/C=C/c1ccc(CNC(=O)c2ccccn2)cc1)NO,6.025949097207123,1,
O=C(/C=C/c1ccc(CNC(=O)c2cccnc2)cc1)NO,6.430626090384954,1,
O=C(/C=C/c1ccc(CNC2CC2c2ccc(-c3ccc(Cl)cc3)cc2)cc1)NO,6.428291168191312,1,
O=C(/C=C/c1ccc(CNC2CC2c2ccc(-c3cncnc3)cc2)cc1)NO,6.7594507517174005,1,
O=C(/C=C/c1ccc(CNCC23CC4CC(CC(C4)C2)C3)c(F)c1)NO,8.022276394711152,1,
O=C(/C=C/c1ccc(CNCC23CC4CC(CC(C4)C2)C3)cc1)NO,8.769551078621726,1,
O=C(/C=C/c1ccc(CNCC2CCCCC2)c(F)c1)NO,7.920818753952375,1,
O=C(/C=C/c1ccc(CNCC2CCCCC2)cc1)NO,8.013228265733755,1,
O=C(/C=C/c1ccc(CNCCCCc2c[nH]c3ccccc23)cc1)NO,7.431798275933005,1,
O=C(/C=C/c1ccc(CNCCCN2c3ccccc3CCc3ccc(Cl)cc32)cc1)NO,5.896196279044043,1,
O=C(/C=C/c1ccc(CNCCCc2c[nH]c3ccccc23)cc1)NO,7.275724130399211,1,
O=C(/C=C/c1ccc(CNCCCc2ccccc2)cc1)NO,6.823908740944319,2,0.0
O=C(/C=C/c1ccc(CNCCCn2c3ccccc3c3ccccc32)cc1)NO,7.102372908709558,1,
O=C(/C=C/c1ccc(CNCCOc2ccccc2)cc1)NO,7.161150909262744,1,
O=C(/C=C/c1ccc(CNCCc2c[nH]c3ccc(F)cc23)cc1)NO,7.853871964321762,1,
O=C(/C=C/c1ccc(CNCCc2c[nH]c3ccc(OCc4ccccc4)cc23)cc1)NO,7.522878745280337,1,
O=C(/C=C/c1ccc(CNCCc2c[nH]c3ccccc23)cc1)NO,7.200659450546418,2,0.0
O=C(/C=C/c1ccc(CNCCc2cc3ccccc3[nH]2)cc1)NO,7.337242168318426,1,
O=C(/C=C/c1ccc(CNCCc2ccc3c(c2)OCO3)cc1)NO,7.522878745280337,1,
O=C(/C=C/c1ccc(CNCCc2cn(CC3CC3)c3ccccc23)cc1)NO,7.075720713938118,1,
O=C(/C=C/c1ccc(CNCCc2cnc3ccccc3c2)cc1)NO,7.173925197299173,1,
O=C(/C=C/c1ccc(CNCCc2coc3ccccc23)cc1)NO,7.795880017344075,1,
O=C(/C=C/c1ccc(CNCCn2c3ccccc3c3ccccc32)cc1)NO,7.180456064458131,1,
O=C(/C=C/c1ccc(CNC[C@H]2CN(c3ccc(N4CCOCC4)c(F)c3)C(=O)O2)cc1)NO,6.97469413473523,1,
O=C(/C=C/c1ccc(CNCc2c[nH]c3ccccc23)cc1)NO,7.229147988357855,1,
O=C(/C=C/c1ccc(CNCc2cc3ccccc3[nH]2)cc1)NO,7.292429823902063,1,
O=C(/C=C/c1ccc(CNCc2ccc3cccc(Cl)c3n2)cc1)NO,7.431798275933005,1,
O=C(/C=C/c1ccc(CNCc2ccc3ccccc3n2)cc1)NO,7.301029995663981,1,
O=C(/C=C/c1ccc(CN[C@@H](CO)Cc2c[nH]c3ccccc23)cc1)NO,7.3979400086720375,1,
O=C(/C=C/c1ccc(CN[C@H](CO)Cc2c[nH]c3ccccc23)cc1)NO,7.568636235841012,1,
O=C(/C=C/c1ccc(CNc2ccc3nc4n(c(=O)c3c2)CCCCC4)cc1)NO,7.886056647693163,1,
O=C(/C=C/c1ccc(CNc2cccc3cccnc23)cc1)NO,7.376750709602099,1,
O=C(/C=C/c1ccc(CNc2cccc3ncccc23)cc1)NO,7.6020599913279625,1,
O=C(/C=C/c1ccc(CONC(=O)Nc2cccc3ccccc23)cc1)NO,4.3796056035219895,2,0.021339563893844987
O=C(/C=C/c1ccc(CONC(=O)Nc2ccccc2)cc1)NO,3.781441953475961,2,0.08512936946776231
O=C(/C=C/c1ccc(CONC(=O)Nc2ccccc2-c2ccccc2)cc1)NO,5.321323253019726,2,0.1037632544211276
O=C(/C=C/c1ccc(CONC(=O)c2ccc3ccccc3c2)cc1)NO,5.63245616788608,2,0.11913703227256359
O=C(/C=C/c1ccc(CONC(=O)c2ccc3ccccc3n2)cc1)NO,6.190557757502274,2,0.5346837117080255
O=C(/C=C/c1ccc(CONC(=O)c2ccccc2)cc1)NO,5.981207078586691,2,0.06458015822869359
O=C(/C=C/c1ccc(CONC(=O)c2csc(-c3ccccc3)n2)cc1)NO,4.826120391034767,2,0.15474553865075708
O=C(/C=C/c1ccc(CONC(=O)c2nccc3ccccc23)cc1)NO,5.526028397870162,2,0.2507491323598696
O=C(/C=C/c1ccc(COc2ccc(-c3csc(N4N=C(c5ccccc5)/C(=N/Nc5nccs5)C4=O)n3)cc2)cc1)NO,6.61261017366127,1,
O=C(/C=C/c1ccc(CSc2nc3c([nH]c4ccccc43)c(=O)[nH]2)cc1)NO,5.623423042943488,1,
O=C(/C=C/c1ccc(CSc2nc3ccccc3n2CC2CC2)cc1)NO,7.4089353929735005,1,
O=C(/C=C/c1ccc(CSc2nc3ccccc3n2Cc2ccc(Br)cc2)cc1)NO,6.886056647693163,1,
O=C(/C=C/c1ccc(CSc2nc3ccccc3n2Cc2ccc(Cl)cc2)cc1)NO,6.823908740944319,1,
O=C(/C=C/c1ccc(CSc2nc3ccccc3n2Cc2cccc(Br)c2)cc1)NO,6.769551078621726,1,
O=C(/C=C/c1ccc(CSc2nc3ccccc3n2Cc2ccccn2)cc1)NO,7.267606240177031,1,
O=C(/C=C/c1ccc(Cc2nnc(Cc3cccc4ccccc34)o2)cc1)NO,7.522878745280337,1,
O=C(/C=C/c1ccc(Cl)cc1F)NCCCCCC(=O)NO,8.602059991327963,1,
O=C(/C=C/c1ccc(Cn2cc(C(=O)NC3C4CC5CC(C4)CC3C5)c3ccccc32)cc1)NO,7.136677139879544,1,
O=C(/C=C/c1ccc(Cn2cc(Nc3ncc(Cl)c(Nc4ccc(F)cc4)n3)cn2)cc1)NO,7.021148479225584,2,0.2538668502366912
O=C(/C=C/c1ccc(NC(=O)C(Cc2ccccc2)c2ccccc2)cn1)NO,7.986202438280592,3,0.023898077918582967
O=C(/C=C/c1ccc(NC(=O)Cc2ccc3ccccc3c2)cn1)NO,6.950781977329818,1,
O=C(/C=C/c1ccc(NC(=O)Cc2cccc3ccccc23)cn1)NO,7.823908740944319,2,0.0
O=C(/C=C/c1ccc(NC(=O)Cc2ccccc2)cn1)NO,7.886056647693163,1,
O=C(/C=C/c1ccc(NC(=O)Nc2ccc(Cl)c(C(F)(F)F)c2)cc1)NO,6.779891911959945,1,
O=C(/C=C/c1ccc(NC(=O)Nc2ccc(Cl)cc2)cc1)NO,8.09151498112135,1,
O=C(/C=C/c1ccc(NCCCc2c[nH]c3ccccc23)cc1)NO,6.581698708680255,1,
O=C(/C=C/c1ccc(NCCCn2cc(-c3ncnc4[nH]ccc34)cn2)cc1)NO,6.8297382846050425,1,
O=C(/C=C/c1ccc(Nc2ncc(Cl)c(OC3CCCCC3)n2)cc1)NO,6.189767482004916,1,
O=C(/C=C/c1ccc(O)c(O)c1)O[C@@H]1C[C@@](O)(C(=O)O)C[C@@H](O)[C@@H]1O,3.768530409569319,1,
O=C(/C=C/c1ccc(O)c(O)c1)O[C@@H]1C[C@](O)(C(=O)O)C[C@@H](O)[C@H]1O,3.425968732272281,1,
O=C(/C=C/c1ccc(O)c(O)c1)O[C@@H]1C[C@](O)(C(=O)O)C[C@@H](OC(=O)/C=C/c2ccc(O)c(O)c2)[C@H]1O,3.8439356876601343,1,
O=C(/C=C/c1ccc(OC[C@H](Cc2c[nH]c3ccccc23)NC(=O)Cc2ccccc2)cc1)NO,6.84163750790475,1,
O=C(/C=C/c1ccc(OC[C@H](Cc2c[nH]c3ccccc23)NC(=O)c2ccc(Cl)cc2)cc1)NO,6.511449283499555,1,
O=C(/C=C/c1ccc(OC[C@H](Cc2c[nH]c3ccccc23)NC(=O)c2ccc(F)cc2)cc1)NO,6.991399828238082,1,
O=C(/C=C/c1ccc(OC[C@H](Cc2c[nH]c3ccccc23)NC(=O)c2ccccc2)cc1)NO,6.847711655616944,1,
O=C(/C=C/c1ccc(Oc2no[n+]([O-])c2S(=O)(=O)c2ccccc2)cc1)NO,6.508638306165727,1,
O=C(/C=C/c1ccc(S(=O)(=O)N2CCc3c([nH]c4ccccc34)C2)cc1)NO,7.356547323513812,1,
O=C(/C=C/c1ccc(S(=O)(=O)NCCCN2c3ccccc3CCc3ccc(Cl)cc32)cc1)NO,6.118045028660399,1,
O=C(/C=C/c1ccc(S(=O)(=O)NCCc2c[nH]c3ccccc23)cc1)NO,8.18045606445813,1,
O=C(/C=C/c1ccc(S(=O)(=O)NCCc2cccc3[nH]ccc23)cc1)NO,8.080921907623926,1,
O=C(/C=C/c1ccc(S(=O)(=O)N[C@@H]2C[C@H]2c2ccccc2)cc1)NO,11.0,1,
O=C(/C=C/c1ccc2c(=O)n(Cc3ccc(Cl)cc3)cnc2c1)NO,7.327902142064282,1,
O=C(/C=C/c1ccc2c(c1)C(=O)CC1(CCCN(C(=O)c3ccccc3)C1)O2)NO,6.782516055786093,1,
O=C(/C=C/c1ccc2c(c1)C(=O)CC1(CCCN(C(=O)c3ccccc3)CC1)O2)NO,6.958607314841775,1,
O=C(/C=C/c1ccc2c(c1)C(=O)CC1(CCCN(CCc3ccccc3)C1)O2)NO,9.0,1,
O=C(/C=C/c1ccc2c(c1)C(=O)CC1(CCCN(CCc3ccccc3)CC1)O2)NO,7.251811972993799,1,
O=C(/C=C/c1ccc2c(c1)C(=O)CC1(CCCN(Cc3ccc(F)cc3)C1)O2)NO,7.468521082957745,1,
O=C(/C=C/c1ccc2c(c1)C(=O)CC1(CCCN(Cc3ccc(F)cc3)CC1)O2)NO,6.826813731587726,1,
O=C(/C=C/c1ccc2c(c1)C(=O)CC1(CCCN(Cc3ccccc3)C1)O2)NO,7.193114886641905,3,0.10166633581773762
O=C(/C=C/c1ccc2c(c1)C(=O)CC1(CCCN(Cc3ccccc3)CC1)O2)NO,6.978850096293188,2,0.2232011455490746
O=C(/C=C/c1ccc2c(c1)C(=O)CC1(CCCNC1)O2)NO,6.866461091629782,1,
O=C(/C=C/c1ccc2c(c1)C(=O)CC1(CCCNCC1)O2)NO,6.872895201635192,1,
O=C(/C=C/c1ccc2c(c1)C(=O)CC1(CCN(C(=O)c3ccccc3)C1)O2)NO,6.7281583934635005,1,
O=C(/C=C/c1ccc2c(c1)C(=O)CC1(CCN(CCc3ccccc3)C1)O2)NO,7.568636235841012,1,
O=C(/C=C/c1ccc2c(c1)C(=O)CC1(CCN(Cc3ccc(F)cc3)C1)O2)NO,6.707743928643524,1,
O=C(/C=C/c1ccc2c(c1)C(=O)CC1(CCN(Cc3ccccc3)C1)O2)NO,7.265778713330047,4,0.27634158600250064
O=C(/C=C/c1ccc2c(c1)C(=O)CC1(CCNC1)O2)NO,6.882728704344236,1,
O=C(/C=C/c1ccc2c(c1)C(=O)CC1(CN(C(=O)c3ccccc3)C1)O2)NO,7.0915149811213505,1,
O=C(/C=C/c1ccc2c(c1)C(=O)CC1(CN(CCc3ccccc3)C1)O2)NO,6.6595558851598815,1,
O=C(/C=C/c1ccc2c(c1)C(=O)CC1(CN(Cc3ccc(F)cc3)C1)O2)NO,6.886056647693163,1,
O=C(/C=C/c1ccc2c(c1)C(=O)CC1(CN(Cc3ccccc3)C1)O2)NO,7.173925197299173,1,
O=C(/C=C/c1ccc2c(c1)C(=O)CC1(CNC1)O2)NO,6.642065152999546,1,
O=C(/C=C/c1ccc2c(c1)C(=O)N(Cc1ccc(-c3ccccc3)cc1)C2)NO,6.1249387366083,1,
O=C(/C=C/c1ccc2c(c1)C(=O)N(Cc1ccc(-c3cccnc3)cc1)C2)NO,6.552841968657781,1,
O=C(/C=C/c1ccc2c(c1)C(=O)N(Cc1ccc(-c3ccncc3)cc1)C2)NO,4.823908740944319,1,
O=C(/C=C/c1ccc2c(c1)C(=O)N(Cc1ccccc1)C2)NO,6.638272163982407,1,
O=C(/C=C/c1ccc2c(c1)C(=O)N(Cc1ccccc1)C2=O)NO,6.149353764816933,1,
O=C(/C=C/c1ccc2c(c1)C(=O)c1ccccc1C2=O)NO,6.270835210307229,1,
O=C(/C=C/c1ccc2c(c1)Cc1sc(NCCN3CCOCC3)nc1-2)NO,6.785156151952302,1,
O=C(/C=C/c1ccc2c(c1)Cc1sc(Nc3cccnc3)nc1-2)NO,6.525783735923745,1,
O=C(/C=C/c1ccc2c(c1)OCO2)NCCCCCC(=O)NO,7.537602002101044,1,
O=C(/C=C/c1ccc2c(ccn2Cc2ccccc2)c1)NO,7.3979400086720375,1,
O=C(/C=C/c1ccc2c(ccn2S(=O)(=O)c2ccc(F)cc2)c1)NO,7.229147988357855,1,
O=C(/C=C/c1ccc2c(ccn2S(=O)(=O)c2ccc([N+](=O)[O-])cc2)c1)NO,7.7447274948966935,1,
O=C(/C=C/c1ccc2c(ccn2S(=O)(=O)c2ccccc2)c1)NO,9.0,1,
O=C(/C=C/c1ccc2cc(Oc3ccc([N+](=O)[O-])cc3)ccc2n1)NO,7.292429823902063,1,
O=C(/C=C/c1ccc2ccccc2n1)NO,7.657577319177793,1,
O=C(/C=C/c1ccc2cccnc2c1)NCCCCCC(=O)NO,8.468521082957745,1,
O=C(/C=C/c1ccc2nn(Cc3ccc(Cl)cc3)cc2c1)NO,6.636388020107855,1,
O=C(/C=C/c1cccc(-c2ccc3ncnc(Nc4ccc(OCc5cccc(F)c5)c(Cl)c4)c3c2)c1)NO,7.0655015487564325,2,0.0
O=C(/C=C/c1cccc(-c2nc3ccccc3[nH]2)c1)NO,7.0,1,
O=C(/C=C/c1cccc(-c2nc3ccccc3n2-c2ccc(Cl)cc2)c1)NO,7.0,1,
O=C(/C=C/c1cccc(-c2nc3ccccc3n2-c2ccccc2)c1)NO,7.301029995663981,1,
O=C(/C=C/c1cccc(-c2nc3ccccc3n2C2CCCCC2)c1)NO,7.6020599913279625,1,
O=C(/C=C/c1cccc(-c2nc3ccccc3n2C2CCCNC2)c1)NO,7.3979400086720375,1,
O=C(/C=C/c1cccc(-c2nc3ccccc3n2CC2CCNCC2)c1)NO,6.698970004336019,1,
O=C(/C=C/c1cccc(-c2nc3ccccc3n2CCCc2ccccc2)c1)NO,7.698970004336019,1,
O=C(/C=C/c1cccc(-c2nc3ccccc3n2CCN2CCCC2)c1)NO,7.200659450546418,1,
O=C(/C=C/c1cccc(-c2nc3ccccc3n2CCN2CCCCC2)c1)NO,7.3979400086720375,1,
O=C(/C=C/c1cccc(-c2nc3ccccc3n2CCN2CCOCC2)c1)NO,6.795880017344075,1,
O=C(/C=C/c1cccc(-c2nc3ccccc3n2CCc2ccccc2)c1)NO,7.508638306165727,1,
O=C(/C=C/c1cccc(-c2nc3ccccc3n2Cc2ccccc2)c1)NO,7.200659450546418,1,
O=C(/C=C/c1cccc(-c2nc3ccccc3n2[C@@H]2CCCNC2)c1)NO,7.102372908709558,1,
O=C(/C=C/c1cccc(-c2nc3ccccc3n2[C@H]2CCCNC2)c1)NO,7.6020599913279625,1,
O=C(/C=C/c1cccc(/C=C/C(=O)c2ccccc2)c1)NO,7.070581074285707,1,
O=C(/C=C/c1cccc(/C=C/C(=O)c2ccccc2)n1)NO,7.698970004336019,1,
O=C(/C=C/c1cccc(C(=O)NC(Cc2c[nH]c3ccccc23)C(=O)Nc2ccc(Cl)cc2)c1)NO,8.0,1,
O=C(/C=C/c1cccc(C(=O)NCC2CCN(Cc3ccccc3)CC2)c1)NO,7.173925197299173,1,
O=C(/C=C/c1cccc(CNC23CC4CC(CC(C4)C2)C3)c1)NO,7.795880017344075,1,
O=C(/C=C/c1cccc(Nc2ncnc3cc4c(cc23)OCCO4)c1)NO,6.251811972993799,1,
O=C(/C=C/c1cccc(OC[C@H](Cc2c[nH]c3ccccc23)NC(=O)CCCc2ccccc2)c1)NO,6.30189945437661,1,
O=C(/C=C/c1cccc(OC[C@H](Cc2c[nH]c3ccccc23)NC(=O)CCc2ccccc2)c1)NO,6.332547047110046,1,
O=C(/C=C/c1cccc(OC[C@H](Cc2c[nH]c3ccccc23)NC(=O)Cc2ccccc2)c1)NO,6.3487219860018556,1,
O=C(/C=C/c1cccc(OC[C@H](Cc2c[nH]c3ccccc23)NC(=O)c2cc(Cl)cc(Cl)c2)c1)NO,6.108462542327436,1,
O=C(/C=C/c1cccc(OC[C@H](Cc2c[nH]c3ccccc23)NC(=O)c2ccc(Br)cc2)c1)NO,6.1598939055432425,1,
O=C(/C=C/c1cccc(OC[C@H](Cc2c[nH]c3ccccc23)NC(=O)c2ccc(Cl)cc2)c1)NO,6.6084772139426535,2,0.24986175031892024
O=C(/C=C/c1cccc(OC[C@H](Cc2c[nH]c3ccccc23)NC(=O)c2ccc(Cl)cc2Cl)c1)NO,6.586700235918748,1,
O=C(/C=C/c1cccc(OC[C@H](Cc2c[nH]c3ccccc23)NC(=O)c2cccc(Cl)c2)c1)NO,6.446116973356125,1,
O=C(/C=C/c1cccc(OC[C@H](Cc2c[nH]c3ccccc23)NC(=O)c2ccccc2)c1)NO,6.375717904164332,1,
O=C(/C=C/c1cccc(OC[C@H](Cc2c[nH]c3ccccc23)NC(=O)c2ccccc2Cl)c1)NO,7.086186147616283,1,
O=C(/C=C/c1cccc(S(=O)(=O)N2CCN(Cc3ccc4c(c3)OCO4)CC2)c1)NO,6.570247719997592,1,
O=C(/C=C/c1cccc(S(=O)(=O)N2CCN(c3ccc(Cl)cc3)CC2)c1)NO,6.826813731587726,1,
O=C(/C=C/c1cccc(S(=O)(=O)N2CCN(c3cccc(Cl)c3)CC2)c1)NO,6.7281583934635005,1,
O=C(/C=C/c1cccc(S(=O)(=O)N2CCN(c3ccccc3)CC2)c1)NO,6.8794260687941495,1,
O=C(/C=C/c1cccc(S(=O)(=O)N2CCN(c3ccccc3Cl)CC2)c1)NO,7.167491087293763,1,
O=C(/C=C/c1cccc(S(=O)(=O)N2CCN(c3ccccc3F)CC2)c1)NO,6.718966632752272,1,
O=C(/C=C/c1cccc(S(=O)(=O)N2CCN(c3ccccn3)CC2)c1)NO,6.910094888560602,1,
O=C(/C=C/c1cccc(S(=O)(=O)N2CCN(c3ncccn3)CC2)c1)NO,7.075720713938118,1,
O=C(/C=C/c1cccc(S(=O)(=O)NCCCN2c3ccccc3CCc3ccc(Cl)cc32)c1)NO,6.085656842880559,1,
O=C(/C=C/c1cccc(S(=O)(=O)NC[C@H]2CN(c3ccc(N4CCOCC4)c(F)c3)C(=O)O2)c1)NO,7.022276394711152,1,
O=C(/C=C/c1cccc(S(=O)(=O)N[C@@H]2C[C@H]2c2ccccc2)c1)NO,10.920818753952375,1,
O=C(/C=C/c1cccc(S(=O)(=O)N[C@H](C(=O)Nc2cccc3ccccc23)c2ccccc2)c1)NO,7.096910013008056,1,
O=C(/C=C/c1cccc(S(=O)(=O)Nc2ccc(Cl)cc2)c1)NO,7.376750709602099,1,
O=C(/C=C/c1cccc(S(=O)(=O)Nc2ccc(OC(F)F)cc2)c1)NO,8.0,1,
O=C(/C=C/c1cccc(S(=O)(=O)Nc2cccc(F)c2)c1)NO,7.698970004336019,1,
O=C(/C=C/c1cccc(S(=O)(=O)Nc2ccccc2)c1)NO,7.3915912973361495,22,0.7204683735386226
O=C(/C=C/c1cccc(S(=O)(=O)c2ccc3cccc(F)c3n2)c1)NO,8.229147988357855,1,
O=C(/C=C/c1cccc(S(=O)(=O)c2ccc3ccccc3n2)c1)NO,8.680007875979205,2,1.2107070075022126
O=C(/C=C/c1cccc(S(=O)(=O)n2ccc3cc(C(=O)c4ccc(F)cc4)ccc32)c1)NO,5.847711655616944,1,
O=C(/C=C/c1cccc(S(=O)(=O)n2ccc3cccnc32)c1)NO,8.020947778136831,3,0.4556140219655334
O=C(/C=C/c1cccc(S(=O)(=O)n2ccc3ccncc32)c1)NO,6.552841968657781,1,
O=C(/C=C/c1cccc2ccccc12)NO,4.086186147616283,1,
O=C(/C=C/c1ccccc1)NCCCCCC(=O)NO,7.698970004336019,1,
O=C(/C=C/c1ccccc1)NCCCCN1CCc2nc(C(=O)NO)sc2C1,4.634886568372423,1,
O=C(/C=C/c1ccccc1)NCCCN1CCc2nc(C(=O)NO)sc2C1,4.870954940112042,1,
O=C(/C=C/c1ccccc1)NO,7.657577319177793,2,0.0
O=C(/C=C/c1ccccc1Cl)NO,7.0,1,
O=C(/C=C/c1ccccc1Oc1c(Cl)cccc1Cl)NO,5.086186147616283,1,
O=C(/C=C/c1ccccc1Sc1ccc(Cl)cc1)NO,5.494850021680094,1,
O=C(/C=C/c1cccn(CCCc2ccc(Br)cc2)c1=O)NO,6.6777807052660805,1,
O=C(/C=C/c1cccn(CCCc2ccc3ccccc3c2)c1=O)NO,8.119673980880556,3,0.8355170789553593
O=C(/C=C/c1cccn(CCCc2cccc(Br)c2)c1=O)NO,7.0,1,
O=C(/C=C/c1cccn(CCCc2ccccc2Br)c1=O)NO,6.318758762624412,1,
O=C(/C=C/c1cccn(CCCc2cccnc2)c1=O)NO,6.2441251443275085,1,
O=C(/C=C/c1cccn(CCc2ccc(Br)cc2)c1=O)NO,6.443697499232712,1,
O=C(/C=C/c1cccn(CCc2ccc3ccccc3c2)c1=O)NO,7.292429823902063,1,
O=C(/C=C/c1cccn(CCc2cccc(Br)c2)c1=O)NO,6.795880017344075,1,
O=C(/C=C/c1cccn(CCc2ccccn2)c1=O)NO,5.404503778174426,1,
O=C(/C=C/c1cccn(Cc2ccc(Br)cc2)c1=O)NO,7.0,1,
O=C(/C=C/c1cccn(Cc2ccc3ccccc3n2)c1=O)NO,7.522878745280337,1,
O=C(/C=C/c1cccn(Cc2cccc(Br)c2)c1=O)NO,6.42021640338319,1,
O=C(/C=C/c1cccn(Cc2ccccc2Br)c1=O)NO,6.721246399047171,1,
O=C(/C=C/c1cccn(Cc2ccccn2)c1=O)NO,6.337242168318426,1,
O=C(/C=C/c1cccn(Cc2cccnc2)c1=O)NO,6.522878745280337,1,
O=C(/C=C/c1cccn(Cc2ccncc2)c1=O)NO,6.376750709602099,1,
O=C(/C=C/c1cn(C(/C=C/c2ccccc2)C2CCC2)nn1)NO,7.267606240177031,1,
O=C(/C=C/c1cn(C(/C=C/c2ccccc2)C2CCCC2)nn1)NO,6.939302159646388,1,
O=C(/C=C/c1cn(C(/C=C/c2ccccc2)Cc2ccc3ccccc3c2)nn1)NO,7.026872146400302,1,
O=C(/C=C/c1cn(C(/C=C/c2ccccc2)Cc2cccc(-c3ccccc3)c2)nn1)NO,6.39469495385889,1,
O=C(/C=C/c1cn(C(/C=C/c2ccccc2)Cc2cccc(Oc3ccccc3)c2)nn1)NO,6.292429823902063,1,
O=C(/C=C/c1cn(C(/C=C/c2ccccc2)Cc2cccc3ccccc23)nn1)NO,6.954677021213342,1,
O=C(/C=C/c1cn(C(/C=C/c2ccccc2)Cc2ccccc2)nn1)NO,7.113509274827518,1,
O=C(/C=C/c1cn(C(/C=C/c2ccccc2)Cc2nccs2)nn1)NO,6.767003889607846,1,
O=C(/C=C/c1cn(C(Cc2ccccc2)c2nc3ccccc3o2)nn1)NO,6.6595558851598815,1,
O=C(/C=C/c1cn(C/C=C/c2ccccc2)nn1)NO,6.982966660701219,1,
O=C(/C=C/c1cn(Cc2nc3ccccc3[nH]2)nn1)NO,6.7495799976911055,1,
O=C(/C=C/c1cn(Cc2nc3ccccc3o2)nn1)NO,6.978810700930062,1,
O=C(/C=C/c1cn(Cc2nc3ccccc3s2)nn1)NO,7.3872161432802645,1,
O=C(/C=C/c1cnc(-c2ccc(F)cc2F)s1)NO,6.026872146400301,1,
O=C(/C=C/c1cnc(-c2ccc(N3CCOCC3)cc2)s1)NO,6.136432788119755,2,0.17423750650398157
O=C(/C=C/c1cnc(-c2ccc3c(c2)OCCO3)s1)NO,6.1405001810606405,2,0.03817090565562282
O=C(/C=C/c1cnc(-c2ccc3c(c2)OCO3)s1)NO,6.050609993355087,1,
O=C(/C=C/c1cnc(N2CCN(S(=O)(=O)c3ccc(-c4ccccc4)cc3)CC2)s1)NO,4.958607314841775,1,
O=C(/C=C/c1cnc(N2CCN(S(=O)(=O)c3ccc(C(F)(F)F)cc3)CC2)s1)NO,4.823908740944319,1,
O=C(/C=C/c1cnc(N2CCN(S(=O)(=O)c3ccc(F)cc3)CC2)s1)NO,5.327902142064282,1,
O=C(/C=C/c1cnc(N2CCN(S(=O)(=O)c3ccc(OC(F)(F)F)cc3)CC2)s1)NO,5.494850021680094,1,
O=C(/C=C/c1cnc(N2CCN(S(=O)(=O)c3ccc([N+](=O)[O-])cc3)CC2)s1)NO,5.795880017344075,1,
O=C(/C=C/c1cnc(N2CCN(S(=O)(=O)c3ccc4ccccc4c3)CC2)s1)NO,7.301029995663981,1,
O=C(/C=C/c1cnc(N2CCN(S(=O)(=O)c3ccccc3)CC2)s1)NO,6.356547323513812,1,
O=C(/C=C/c1csc(Br)n1)NO,6.048801734661262,3,0.6547267869017177
O=C(/C=C/c1nc2ccccc2o1)NO,7.318758762624412,1,
O=C(C(Cc1ccc(-c2noc(C(F)(F)F)n2)cn1)c1cccc(C(F)(F)F)c1)N1CCS(=O)(=O)CC1,7.337242168318426,1,
O=C(C(Cc1ccc(-c2noc(C(F)(F)F)n2)cn1)c1cccc(C(F)(F)F)c1)N1CCS(=O)CC1,7.522878745280337,1,
O=C(C(Nc1ncc(-c2nnc(C(F)F)o2)cn1)c1ccc(F)cc1)N1CCOCC1,6.113509274827518,1,
O=C(C1CC1)N(C[C@@H](Nc1ncc(-c2nnc(C(F)F)o2)cn1)c1ccc(F)cc1)CC(F)(F)F,6.0,1,
O=C(C1CC1)N(C[C@H](Nc1ncc(-c2nnc(C(F)F)o2)cn1)c1ccc(F)cc1)CC(F)(F)F,6.795880017344075,1,
O=C(C1CC1)N(Cc1nc(-c2nnc(C(F)F)o2)cs1)c1cccc(Cl)c1,5.1249387366083,3,0.0
O=C(C1CC1c1cncnc1)N(Cc1ccc(-c2noc(C(F)(F)F)n2)cc1)c1cccc(C(F)(F)F)c1,7.537602002101044,1,
O=C(C1CCCS(=O)(=O)C1)N(Cc1ccc(-c2noc(C(F)(F)F)n2)cn1)c1cccc(F)c1,8.075720713938118,1,
O=C(C1CCN(C2CC2)CC1)N(Cc1ccc(-c2noc(C(F)(F)F)n2)cn1)c1cccc(F)c1,7.958607314841775,1,
O=C(C1CCOCC1)N(Cc1ccc(-c2noc(C(F)(F)F)n2)cc1)c1cccc(C(F)(F)F)c1,7.337242168318426,1,
O=C(C1CCOCC1)N(Cc1ccc(-c2noc(C(F)(F)F)n2)cn1)c1cccc(F)c1,8.00436480540245,1,
O=C(C1CCOCC1)N1CCOc2cc(-c3noc(C(F)(F)F)n3)ccc2C1,6.455931955649724,1,
O=C(C1CCS(=O)(=O)C1)N(Cc1ccc(-c2noc(C(F)(F)F)n2)cn1)c1cccc(F)c1,8.10790539730952,1,
O=C(C1CCS(=O)(=O)CC1)N(Cc1ccc(-c2noc(C(F)(F)F)n2)c(F)c1)c1cccc(C(F)(F)F)c1,7.468521082957745,1,
O=C(C1CCS(=O)(=O)CC1)N(Cc1ccc(-c2noc(C(F)(F)F)n2)cc1)c1cccc(C(F)(F)F)c1,7.366531544420414,1,
O=C(C1CCS(=O)(=O)CC1)N(Cc1ccc(-c2noc(C(F)(F)F)n2)cc1F)c1cccc(C(F)(F)F)c1,7.7447274948966935,1,
O=C(C1CCS(=O)(=O)CC1)N(Cc1ccc(-c2noc(C(F)(F)F)n2)cn1)c1cccc(C(F)(F)F)c1,8.0,1,
O=C(C1CCS(=O)(=O)CC1)N(Cc1ccc(-c2noc(C(F)(F)F)n2)cn1)c1cccc(F)c1,8.09151498112135,1,
O=C(C1CCS(=O)(=O)CC1)N(Cc1ccc(-c2noc(C(F)(F)F)n2)cn1)c1ccccc1C(F)(F)F,7.086186147616283,1,
O=C(C1CCS(=O)(=O)CC1)N(Cc1ccc(-c2noc(C(F)(F)F)n2)nn1)c1cccc(C(F)(F)F)c1,7.6020599913279625,1,
O=C(C1CCS(=O)(=O)CC1)N(Cc1cnc(-c2noc(C(F)(F)F)n2)cn1)c1cccc(C(F)(F)F)c1,7.327902142064282,1,
O=C(C1COCCO1)N(Cc1ccc(-c2noc(C(F)(F)F)n2)cc1)c1cccc(C(F)(F)F)c1,7.356547323513812,1,
O=C(C=Cc1ccc2c(c1)C(=O)CC1(CCN(CCc3ccccc3)CC1)O2)NO,6.903521235057672,2,0.061377323218540454
O=C(C=Cc1ccc2c(c1)C(=O)CC1(CCN(Cc3ccc(F)cc3)CC1)O2)NO,6.84163750790475,2,0.17669005577721764
O=C(C=Cc1ccc2c(c1)C(=O)CC1(CCN(Cc3ccccc3)CC1)O2)NO,7.585026652029182,1,
O=C(CBr)NCCCCC(=O)Nc1ccccc1,3.91721462968355,1,
O=C(CBr)NCCCCCC(=O)Nc1ccccc1,4.769551078621726,2,0.0
O=C(CBr)NCCCCCCC(=O)Nc1ccccc1,4.853871964321762,1,
O=C(CBr)NCCCCCCCC(=O)Nc1ccccc1,3.5228787452803374,1,
O=C(CC(=O)Nc1ccccc1)NCCS,4.154901959985743,1,
O=C(CC1CCS(=O)(=O)C1)N(Cc1ccc(-c2noc(C(F)(F)F)n2)cn1)c1cccc(F)c1,8.113509274827518,1,
O=C(CC1CNCCO1)N(Cc1ccc(-c2noc(C(F)(F)F)n2)cc1)c1cccc(C(F)(F)F)c1,7.366531544420414,1,
O=C(CC1COC1)N(Cc1ccc(-c2noc(C(F)(F)F)n2)cc1)c1cccc(C(F)(F)F)c1,7.4089353929735005,1,
O=C(CC1COCCO1)N(Cc1ccc(-c2noc(C(F)(F)F)n2)cc1)c1cccc(C(F)(F)F)c1,7.1249387366083,1,
O=C(CCC(=O)Nc1ccccc1)NCCS,4.903089986991944,1,
O=C(CCC(CCCC(=O)Nc1ccccc1)Cc1ccccc1)NO,5.530740137411755,2,1.8711909744236235
O=C(CCC(CCCC(=O)Nc1ccccc1)c1ccccc1)NO,5.5728469790994595,2,1.9597610610054756
O=C(CCC1=CCCN(CCCCc2ccc(-c3ccccc3)cc2)C1=O)NO,6.698970004336019,1,
O=C(CCC1=CCCN(CCCCc2cccc3ccccc23)C1=O)NO,6.958607314841775,1,
O=C(CCC1=CCCN(CCCCc2ccccc2)C1=O)NO,6.886056647693163,1,
O=C(CCC1=CCCN(CCCc2ccc(-c3ccccc3)cc2)C1=O)NO,6.568636235841012,1,
O=C(CCC1=CCCN(CCCc2ccc3ccccc3c2)C1=O)NO,7.522878745280337,1,
O=C(CCC1=CCCN(CCCc2ccccc2)C1=O)NO,6.568636235841012,1,
O=C(CCC1=CCCN(CCc2ccc(-c3ccccc3)cc2)C1=O)NO,6.638272163982407,1,
O=C(CCC1=CCCN(CCc2ccc3ccccc3c2)C1=O)NO,7.431798275933005,1,
O=C(CCC1=CCCN(CCc2cccc3ccccc23)C1=O)NO,6.494850021680094,1,
O=C(CCC1=CCCN(CCc2ccccc2)C1=O)NO,6.455931955649724,2,0.0
O=C(CCC1=CCCN(Cc2ccc(Br)cc2)C1=O)NO,6.346787486224656,1,
O=C(CCC1=CCCN(Cc2ccc(F)cc2)C1=O)NO,6.251811972993799,1,
O=C(CCC1=CCCN(Cc2ccc(NC(=O)c3ccccc3)cc2)C1=O)NO,6.292429823902063,1,
O=C(CCC1=CCCN(Cc2ccc([N+](=O)[O-])cc2)C1=O)NO,6.638272163982407,1,
O=C(CCC1=CCCN(Cc2ccccc2)C1=O)NO,6.173925197299173,2,0.0
O=C(CCC1=CCN(CCCc2ccc3ccccc3c2)C1=O)NO,6.096910013008056,1,
O=C(CCC1C(=O)N(Cc2ccccc2)C(=O)N1Cc1ccc(Br)cc1)Nc1ccc(C(=O)NO)cc1,8.008773924307505,1,
O=C(CCC1C(=O)N(c2ccc(Cl)cc2)C(=O)N1Cc1ccc(Br)cc1)NCc1ccc(C(=O)NO)cc1,7.769551078621726,1,
O=C(CCC1C(=O)N(c2ccc(Cl)cc2)C(=O)N1Cc1ccc(Br)cc1)Nc1ccc(C(=O)NO)cc1,8.013228265733755,1,
O=C(CCC1C(=O)N(c2ccc(Cl)cc2)C(=O)N1Cc1ccccc1)NCc1ccc(C(=O)NO)cc1,7.886056647693163,1,
O=C(CCC1C(=O)N(c2ccc(Cl)cc2)C(=O)N1Cc1ccccc1)Nc1ccc(C(=O)NO)cc1,8.119186407719209,1,
O=C(CCC1C(=O)N(c2ccccc2)C(=O)N1Cc1ccc(Br)cc1)NCc1ccc(C(=O)NO)cc1,7.853871964321762,1,
O=C(CCCC(=O)NCCCN1c2ccccc2CCc2ccc(Cl)cc21)NO,5.84163750790475,1,
O=C(CCCC(=O)NCCc1ccccc1)NO,6.413412695328245,1,
O=C(CCCC(=O)Nc1ccc(Nc2ncc(Cl)c(OC3CCCCC3)n2)cc1)NO,6.500312917381596,1,
O=C(CCCC(=O)Nc1ccccc1)NCCS,5.508638306165727,1,
O=C(CCCC(CCC(=O)Nc1ccccc1)Cc1ccccc1)NO,6.568636235841012,1,
O=C(CCCC/C=C(\F)CS)Nc1ccccc1,6.292429823902063,1,
O=C(CCCC1=CCCN(CCCc2ccccc2)C1=O)NO,5.493494967595128,1,
O=C(CCCC1CCN(C(=O)Cc2ccccc2)CC1)NO,6.585026652029182,1,
O=C(CCCC1CCN(C(=O)NCc2ccccc2)CC1)NO,7.045757490560675,1,
O=C(CCCC1CCN(C(=O)Nc2ccccc2)CC1)NO,7.0,1,
O=C(CCCC1CCN(C(=O)c2ccccc2)CC1)NO,5.856985199745905,1,
O=C(CCCC1CCN(S(=O)(=O)Cc2ccccc2)CC1)NO,6.075720713938118,2,0.0
O=C(CCCC1CCN(S(=O)(=O)c2ccc3ccccc3c2)CC1)NO,6.892790030352131,1,
O=C(CCCC1CCN(S(=O)(=O)c2cccc(-c3cnco3)c2)CC1)NO,6.671620396561263,1,
O=C(CCCC1CCN(S(=O)(=O)c2cccc3ccccc23)CC1)NO,6.7423214251308154,1,
O=C(CCCC1CCN(S(=O)(=O)c2ccccc2)CC1)NO,6.267606240177031,2,0.0
O=C(CCCC1CCN(S(=O)(=O)c2ccccc2Cl)CC1)NO,6.761953896871205,1,
O=C(CCCCC(=O)N1C/C=C/CCOc2cccc(c2)-c2ccnc(n2)Nc2cccc(c2)C1)NO,6.071604147743287,1,
O=C(CCCCC(=O)N1C/C=C/COCc2cccc(c2)-c2ccnc(n2)Nc2cccc(c2)C1)NO,6.39577394691553,1,
O=C(CCCCC(=O)NCCCCN(Cc1ccccc1-c1ccccc1)Cc1ccccc1-c1ccccc1)NO,4.01655414265866,1,
O=C(CCCCC(=O)NCCCCNCc1ccccc1-c1ccccc1)NO,4.077482139755388,1,
O=C(CCCCC(=O)NCCCN1c2ccccc2CCc2ccc(Cl)cc21)NO,5.684029654543082,1,
O=C(CCCCC(=O)NCCCNCCCCNCCC(c1ccccc1)c1ccccc1)NO,4.09555495892309,1,
O=C(CCCCC(=O)NCCCNCCCNCCCNCCCNCC1CCCCCC1)NO,4.229368872222193,1,
O=C(CCCCC(=O)Nc1cc2c(Nc3ccc(F)c(Cl)c3)ncnc2s1)NO,6.244887733604928,1,
O=C(CCCCC(=O)Nc1ccccc1)NCCS,5.823908740944319,1,
O=C(CCCCC/C=C(\F)CS)Nc1ccccc1,6.443697499232712,1,
O=C(CCCCC/C=C/c1ccc(-c2ccccc2)cc1)c1ncco1,6.004364805402449,1,
O=C(CCCCC/C=C/c1csc(Br)n1)NO,5.7304462969925565,3,1.6393919780700053
O=C(CCCCC/C=C\c1csc(Br)n1)NO,6.216214282046308,3,1.8909856035424513
O=C(CCCCC1CC(C(=O)NO)=NO1)Nc1ccccc1,6.119186407719209,1,
O=C(CCCCCC(=O)N(Cc1ccc(Br)s1)c1ccc(OCCN2CCOCC2)cc1)NO,8.958607314841775,1,
O=C(CCCCCC(=O)N(Cc1ccccc1)C(Cc1ccccc1)C(=O)NC1CCCCC1)NO,5.920818753952375,1,
O=C(CCCCCC(=O)N/N=C/c1ccc(-c2ccccc2)cc1)NO,9.221848749616356,1,
O=C(CCCCCC(=O)N/N=C/c1ccc(-c2cccnc2)cc1)NO,9.301029995663981,1,
O=C(CCCCCC(=O)N1CCc2c([nH]c3ccccc23)C1)NO,7.769551078621726,1,
O=C(CCCCCC(=O)NC(Cc1c[nH]c2ccccc12)C(=O)Nc1ccc(Cl)cc1)NO,5.804100347590767,1,
O=C(CCCCCC(=O)NCCCN1c2ccccc2CCc2ccc(Cl)cc21)NO,7.207608310501746,1,
O=C(CCCCCC(=O)N[C@@H]1C[C@H]1c1ccccc1)NO,10.55284196865778,1,
O=C(CCCCCC(=O)Nc1cc2c(Nc3ccc(Cl)c(C(F)(F)F)c3)ncnc2s1)NO,7.522878745280337,1,
O=C(CCCCCC(=O)Nc1cc2c(Nc3ccc(F)c(Cl)c3)ncnc2s1)NO,7.619788758288394,1,
O=C(CCCCCC(=O)Nc1cc2c(Nc3ccccc3)ncnc2s1)NO,7.568636235841012,1,
O=C(CCCCCC(=O)Nc1ccc(NCCOc2ccc3cc2COC/C=C/COCc2cccc(c2)-c2ccnc(n2)N3)cc1)NO,8.602059991327963,1,
O=C(CCCCCC(=O)Nc1cccc2cccnc12)NS,7.356547323513812,1,
O=C(CCCCCC(=O)Nc1cccc2cccnc12)Nc1ccccc1,4.769551078621726,2,0.0
O=C(CCCCCC(=O)Nc1ccccc1)NCCS,5.6020599913279625,1,
O=C(CCCCCC(=O)Nc1ccccc1)NO,8.920818753952375,3,0.0
O=C(CCCCCC(=O)Nc1ccccc1)Nc1ccccc1,3.6903698325741017,2,0.0
O=C(CCCCCC(=O)Nc1ccccn1)Nc1ccccc1,3.853871964321762,2,0.0
O=C(CCCCCC(=O)Nc1cnc2ccccc2c1)Nc1ccccc1,4.075720713938118,2,0.0
O=C(CCCCCC(=O)c1ncco1)NCc1ccc(Cl)cc1,5.1938200260161125,1,
O=C(CCCCCC(=O)c1ncco1)Nc1ccc(Cl)cc1,5.823908740944319,1,
O=C(CCCCCC(=O)c1ncco1)Nc1cccc(-c2ccccc2)c1,6.508638306165727,1,
O=C(CCCCCC(Cc1ccccc1)C(=O)NO)Nc1ccccc1,4.734900150898459,2,1.5400907175836571
O=C(CCCCCC(c1c[nH]c2ccc([N+](=O)[O-])cc12)c1c[nH]c2ccc([N+](=O)[O-])cc12)NO,7.698970004336019,1,
O=C(CCCCCC(c1c[nH]c2ccccc12)c1c[nH]c2ccccc12)NO,8.221848749616356,1,
O=C(CCCCCC1CNC1=O)Nc1ccccc1,4.127843727251707,1,
O=C(CCCCCC1OCCCCCCCOc2ccccc2NC1=O)NO,8.0268721464003,1,
O=C(CCCCCC1OCCCCCCOc2ccccc2NC1=O)NO,8.0,1,
O=C(CCCCCC1OCCCCCOc2ccccc2NC1=O)NO,7.795880017344075,1,
O=C(CCCCCC=Cc1csc(Br)n1)NO,4.970816221098529,2,0.070195061789801
O=C(CCCCCCC(=O)C(F)(F)F)Nc1cccc(-c2ccccc2)c1,5.769551078621726,1,
O=C(CCCCCCC(=O)C(F)(F)F)Nc1ccccc1,5.415751258238483,2,0.341993695115635
O=C(CCCCCCC(=O)N(Cc1ccccc1)C(Cc1ccc(-c2ccccc2)cc1)C(=O)NCCc1ccccc1)NO,5.356547323513812,1,
O=C(CCCCCCC(=O)N/N=C/c1ccc(N(c2ccccc2)c2ccccc2)cc1)NO,7.8979400086720375,2,2.1213203435596424
O=C(CCCCCCC(=O)N/N=C/c1cnc(N(c2ccccc2)c2ccccc2)nc1)NO,9.397940008672037,1,
O=C(CCCCCCC(=O)N1C/C=C/CCOc2cccc(c2)-c2ccnc(n2)Nc2cccc(c2)C1)NO,6.508638306165727,1,
O=C(CCCCCCC(=O)N1C/C=C/COCc2cccc(c2)-c2ccnc(n2)Nc2cccc(c2)C1)NO,6.53313237964589,1,
O=C(CCCCCCC(=O)N1CCN=C(c2ccccc2)c2ccccc21)NO,6.347754736113256,2,0.5614042593642008
O=C(CCCCCCC(=O)N1CCc2c([nH]c3ccccc23)C1)NO,7.823908740944319,1,
O=C(CCCCCCC(=O)NC(Cc1c[nH]c2ccccc12)C(=O)Nc1ccc(Cl)cc1)NO,6.823908740944319,1,
O=C(CCCCCCC(=O)NC12CC3CC(CC(C3)C1)C2)NO,6.376750709602099,1,
O=C(CCCCCCC(=O)NC1CCCC1)NO,7.1249387366083,1,
O=C(CCCCCCC(=O)NCC1CCN(Cc2ccccc2)CC1)NO,6.229147988357855,1,
O=C(CCCCCCC(=O)NCCCN1c2ccccc2CCc2ccc(Cl)cc21)NO,6.181774106386044,1,
O=C(CCCCCCC(=O)NCCCNCCCCNCCC(c1ccccc1)c1ccccc1)NO,4.582528306796707,1,
O=C(CCCCCCC(=O)NCCc1ccccc1)NO,7.6020599913279625,1,
O=C(CCCCCCC(=O)NC[C@H]1CN(c2ccc(N3CCOCC3)c(F)c2)C(=O)O1)NO,6.517126416391246,1,
O=C(CCCCCCC(=O)NO)NO,5.692503962086787,1,
O=C(CCCCCCC(=O)N[C@@H]1C[C@H]1c1ccccc1)NO,11.0,1,
O=C(CCCCCCC(=O)Nc1cc2c(Cl)ncnc2s1)NO,7.823908740944319,1,
O=C(CCCCCCC(=O)Nc1cc2c(Nc3ccc(Br)cc3F)ncnc2s1)NO,8.050609993355087,1,
O=C(CCCCCCC(=O)Nc1cc2c(Nc3ccc(Cl)c(C(F)(F)F)c3)ncnc2s1)NO,7.958607314841775,1,
O=C(CCCCCCC(=O)Nc1cc2c(Nc3ccc(Cl)cc3F)ncnc2s1)NO,8.2518119729938,1,
O=C(CCCCCCC(=O)Nc1cc2c(Nc3ccc(F)c(Cl)c3)ncnc2s1)NO,7.657577319177793,1,
O=C(CCCCCCC(=O)Nc1cc2c(Nc3ccc(F)cc3F)ncnc2s1)NO,8.102372908709558,1,
O=C(CCCCCCC(=O)Nc1cc2c(Nc3ccc(I)cc3F)ncnc2s1)NO,8.18045606445813,1,
O=C(CCCCCCC(=O)Nc1cc2c(Nc3ccc(N4CCCC4)c(F)c3)ncnc2s1)NO,8.031517051446064,1,
O=C(CCCCCCC(=O)Nc1cc2c(Nc3ccc(N4CCCC4)cc3)ncnc2s1)NO,8.142667503568731,1,
O=C(CCCCCCC(=O)Nc1cc2c(Nc3ccc(N4CCCCC4)c(F)c3)ncnc2s1)NO,8.468521082957745,1,
O=C(CCCCCCC(=O)Nc1cc2c(Nc3ccc(O[C@H]4CCOC4)c(Cl)c3)ncnc2s1)NO,8.721246399047171,1,
O=C(CCCCCCC(=O)Nc1cc2c(Nc3cccc(Cl)c3)ncnc2s1)NO,8.065501548756432,1,
O=C(CCCCCCC(=O)Nc1cc2c(Nc3cccc(Cl)c3F)ncnc2s1)NO,8.070581074285707,1,
O=C(CCCCCCC(=O)Nc1cc2c(Nc3ccccc3)ncnc2s1)NO,7.920818753952375,1,
O=C(CCCCCCC(=O)Nc1cc2ncnc(Nc3ccc(Cl)cc3F)c2s1)NO,7.431798275933005,1,
O=C(CCCCCCC(=O)Nc1cc2ncnc(Nc3ccc(F)cc3F)c2s1)NO,7.721246399047171,1,
O=C(CCCCCCC(=O)Nc1cc2ncnc(Nc3cccc(Br)c3)c2s1)NO,7.769551078621726,1,
O=C(CCCCCCC(=O)Nc1cc2ncnc(Nc3cccc(Cl)c3)c2s1)NO,7.468521082957745,1,
O=C(CCCCCCC(=O)Nc1cc2ncnc(Nc3cccc(F)c3)c2s1)NO,7.366531544420414,1,
O=C(CCCCCCC(=O)Nc1ccc(-c2ccccc2)cc1)NO,7.801029995663981,2,0.7071067811865476
O=C(CCCCCCC(=O)Nc1ccc(-c2ccnc(Nc3ccc(N4CCCCC4)cc3)n2)cc1)NO,7.638272163982407,1,
O=C(CCCCCCC(=O)Nc1ccc(-c2ccnc(Nc3ccc(N4CCOCC4)cc3)n2)cc1)NO,8.920818753952375,1,
O=C(CCCCCCC(=O)Nc1ccc(-c2ccnc(Nc3cccc(N4CCCCC4)c3)n2)cc1)NO,8.045757490560675,1,
O=C(CCCCCCC(=O)Nc1ccc(-c2ccnc(Nc3ccccc3)n2)cc1)NO,8.853871964321762,1,
O=C(CCCCCCC(=O)Nc1ccc(-c2cn(-c3ccccc3)nn2)cc1)NO,8.886056647693163,1,
O=C(CCCCCCC(=O)Nc1ccc(-c2cn(CC(O)c3cccc(Br)c3)nn2)cc1)NO,8.356547323513812,1,
O=C(CCCCCCC(=O)Nc1ccc(-c2cn(Cc3ccc(F)cc3)nn2)cc1)NO,8.721246399047171,2,0.0
O=C(CCCCCCC(=O)Nc1ccc(-c2cn(Cc3ccccc3)nn2)cc1)NO,8.318758762624412,1,
O=C(CCCCCCC(=O)Nc1ccc(-c2cnnn2-c2ccccc2)cc1)NO,8.455931955649724,1,
O=C(CCCCCCC(=O)Nc1ccc(-c2cnnn2CC(O)c2cccc(Br)c2)cc1)NO,8.3767507096021,1,
O=C(CCCCCCC(=O)Nc1ccc(-c2cnnn2Cc2ccc(F)cc2)cc1)NO,8.136677139879545,1,
O=C(CCCCCCC(=O)Nc1ccc(-c2cnnn2Cc2ccccc2)cc1)NO,8.508638306165727,1,
O=C(CCCCCCC(=O)Nc1ccc(C(=O)NC2CCNCC2)cc1)NO,7.2875591816844665,2,0.6133263446221854
O=C(CCCCCCC(=O)Nc1ccc(C(=O)NCCN2CCOCC2)cc1)NO,6.638272163982407,1,
O=C(CCCCCCC(=O)Nc1ccc(C2=C(c3ccc(O)cc3)C3CC(S(=O)(=O)Oc4ccc(Br)cc4)C2O3)cc1)NO,6.638272163982407,1,
O=C(CCCCCCC(=O)Nc1ccc(C2=C(c3ccc(O)cc3)C3CC(S(=O)(=O)Oc4ccc5ccccc5c4)C2O3)cc1)NO,6.492144128304169,1,
O=C(CCCCCCC(=O)Nc1ccc(C2=C(c3ccc(O)cc3)C3CC(S(=O)(=O)Oc4cccc5ccccc45)C2O3)cc1)NO,7.522878745280337,1,
O=C(CCCCCCC(=O)Nc1ccc(CCCn2cc(-c3ncnc4[nH]ccc34)cn2)cc1)NO,9.045757490560675,1,
O=C(CCCCCCC(=O)Nc1ccc(CN[C@@H]2C[C@H]2c2ccccc2)cc1)NO,8.431798275933005,1,
O=C(CCCCCCC(=O)Nc1ccc(F)cc1)NO,7.301029995663981,1,
O=C(CCCCCCC(=O)Nc1ccc(N(CCCl)CCCl)cc1)NO,6.207608310501746,1,
O=C(CCCCCCC(=O)Nc1ccc(NC(=O)CCCn2cc(-c3ncnc4[nH]ccc34)cn2)cc1)NO,6.259637310505756,1,
O=C(CCCCCCC(=O)Nc1ccc(NCCCn2cc(-c3ncnc4[nH]ccc34)cn2)cc1)NO,9.853871964321762,1,
O=C(CCCCCCC(=O)Nc1ccc(NCCOc2ccc3cc2COC/C=C/COCc2cccc(c2)-c2ccnc(n2)N3)cc1)NO,8.638272163982407,1,
O=C(CCCCCCC(=O)Nc1ccc(Nc2nc(-c3cn[nH]c3)c3cc[nH]c3n2)cc1)NO,9.698970004336019,1,
O=C(CCCCCCC(=O)Nc1ccc(Nc2nc(-c3cnn(CC4CCCC4)c3)c3cc[nH]c3n2)cc1)NO,8.017728766960431,1,
O=C(CCCCCCC(=O)Nc1ccc(Nc2nc(-c3cnn(CCCCCCOc4ccccc4)c3)c3cc[nH]c3n2)cc1)NO,7.795880017344075,1,
O=C(CCCCCCC(=O)Nc1ccc(Nc2nc(-c3cnn(CCCCCOc4ccccc4)c3)c3cc[nH]c3n2)cc1)NO,8.2839966563652,1,
O=C(CCCCCCC(=O)Nc1ccc(Nc2nc(-c3cnn(CCCCOc4ccccc4)c3)c3cc[nH]c3n2)cc1)NO,8.154901959985743,1,
O=C(CCCCCCC(=O)Nc1ccc(Nc2nc(NC3CCN(Cc4ccccc4)CC3)c3sccc3n2)cc1)NO,8.229147988357855,1,
O=C(CCCCCCC(=O)Nc1ccc(Nc2ncc(Cl)c(OC3CCCCC3)n2)cc1)NO,6.590066876668706,1,
O=C(CCCCCCC(=O)Nc1ccc(OS(=O)(=O)C2CC3OC2C(c2ccc(O)cc2)=C3c2ccc(O)cc2)cc1)NO,6.723538195826755,1,
O=C(CCCCCCC(=O)Nc1ccc([C@H]2O[C@@H](CSc3nc(-c4ccccc4)c(-c4ccccc4)o3)C[C@@H](c3ccc(CO)cc3)O2)cc1)NO,7.965167586437329,23,0.8031042277704918
O=C(CCCCCCC(=O)Nc1ccc2[nH]c(=O)ccc2c1)NO,7.180456064458131,1,
O=C(CCCCCCC(=O)Nc1ccc2c(c1)CCC(=O)N2)NO,6.200659450546418,1,
O=C(CCCCCCC(=O)Nc1ccc2ccnc(N3CCOCC3)c2c1)NO,7.522878745280337,1,
O=C(CCCCCCC(=O)Nc1ccc2ccnc(Nc3ccc(Br)cc3F)c2c1)NO,8.167491087293763,1,
O=C(CCCCCCC(=O)Nc1ccc2ccnc(Nc3ccc4ccccc4c3)c2c1)NO,8.2839966563652,1,
O=C(CCCCCCC(=O)Nc1ccc2ccnc(Nc3cccc(Cl)c3F)c2c1)NO,8.096910013008056,1,
O=C(CCCCCCC(=O)Nc1ccc2ccnc(Nc3ccccc3F)c2c1)NO,7.958607314841775,1,
O=C(CCCCCCC(=O)Nc1ccc2ncnc(Nc3ccc(F)cc3)c2n1)NO,6.107905397309519,1,
O=C(CCCCCCC(=O)Nc1ccc2ncnc(Nc3cccc(Cl)c3)c2c1)NO,6.324221658325914,1,
O=C(CCCCCCC(=O)Nc1cccc(-c2ccccc2)c1)NO,8.045757490560675,1,
O=C(CCCCCCC(=O)Nc1cccc(-c2cn(-c3cc(CO)cc(CO)c3)nn2)c1)NO,8.721246399047171,1,
O=C(CCCCCCC(=O)Nc1cccc(-c2cn(-c3cc(F)cc(F)c3)nn2)c1)NO,8.769551078621726,1,
O=C(CCCCCCC(=O)Nc1cccc(-c2cn(-c3ccc(C(F)(F)F)cc3)nn2)c1)NO,8.537602002101044,1,
O=C(CCCCCCC(=O)Nc1cccc(-c2cn(-c3ccc(F)cc3)nn2)c1)NO,8.075720713938118,1,
O=C(CCCCCCC(=O)Nc1cccc(-c2cn(-c3ccc(I)cc3)nn2)c1)NO,8.657577319177793,1,
O=C(CCCCCCC(=O)Nc1cccc(-c2cn(-c3ccccc3)nn2)c1)NO,8.017728766960431,2,0.0
O=C(CCCCCCC(=O)Nc1cccc(-c2cn(C3CCCCC3)nn2)c1)NO,8.481486060122112,1,
O=C(CCCCCCC(=O)Nc1cccc(-c2cn(CC(O)c3cccc(Br)c3)nn2)c1)NO,8.721246399047171,1,
O=C(CCCCCCC(=O)Nc1cccc(-c2cn(Cc3ccc(F)cc3)nn2)c1)NO,8.585026652029182,1,
O=C(CCCCCCC(=O)Nc1cccc(-c2cn(Cc3ccc(O)cc3)nn2)c1)NO,8.119186407719209,1,
O=C(CCCCCCC(=O)Nc1cccc(-c2cn(Cc3ccccc3)nn2)c1)NO,8.508638306165727,1,
O=C(CCCCCCC(=O)Nc1cccc(-c2cnnn2-c2ccccc2)c1)NO,8.1249387366083,1,
O=C(CCCCCCC(=O)Nc1cccc(-c2cnnn2CC(O)c2cccc(Br)c2)c1)NO,8.55284196865778,1,
O=C(CCCCCCC(=O)Nc1cccc(-c2cnnn2Cc2ccc(F)cc2)c1)NO,8.42021640338319,1,
O=C(CCCCCCC(=O)Nc1cccc(-c2cnnn2Cc2ccccc2)c1)NO,8.481486060122112,1,
O=C(CCCCCCC(=O)Nc1cccc(-n2cc(-c3ccccc3)nn2)c1)NO,8.508638306165727,1,
O=C(CCCCCCC(=O)Nc1cccc(-n2cc(C3CCCCC3)nn2)c1)NO,8.366531544420413,1,
O=C(CCCCCCC(=O)Nc1cccc(C(F)(F)F)c1)NO,8.221848749616356,1,
O=C(CCCCCCC(=O)Nc1ccccc1)NCCS,5.628932137728263,1,
O=C(CCCCCCC(=O)Nc1ccccc1)NO,7.26366559842251,453,0.7481325513917704
O=C(CCCCCCC(=O)Nc1ccccc1)NOC(=O)c1ccc(-c2cssc2=S)cc1,5.924453038607469,1,
O=C(CCCCCCC(=O)Nc1ccccc1)NOC(=O)c1csc(=S)s1,6.6020599913279625,1,
O=C(CCCCCCC(=O)Nc1ccccn1)NO,6.605548319173783,1,
O=C(CCCCCCC(=O)Nc1ccccn1)Nc1ccccc1,4.00436480540245,2,0.0
O=C(CCCCCCC(=O)Nc1cccnc1)NO,6.698970004336019,1,
O=C(CCCCCCC(=O)Nc1ccncc1)NO,6.514278573518419,1,
O=C(CCCCCCC(=O)Nc1cnc(N(c2ccccc2)c2ccccc2)nc1)NO,8.356547323513812,1,
O=C(CCCCCCC(=O)Nc1nc(-c2cccc([N+](=O)[O-])c2)cs1)NO,8.431798275933005,1,
O=C(CCCCCCC(=O)Nc1nc(-c2ccccc2)cs1)NO,8.351667404869234,2,0.24212939964145905
O=C(CCCCCCC(=O)Nc1nc2c(s1)C[C@@H](NC(=O)c1cccc3ccccc13)CC2)NO,8.595557066320094,2,0.36531243211698167
O=C(CCCCCCC(=O)Nc1nc2ccc(OC(F)(F)F)cc2s1)NO,7.420818753952375,2,0.7071067811865476
O=C(CCCCCCC(=O)Oc1ccc(-c2cc(=S)ss2)cc1)NO,5.0,1,
O=C(CCCCCCC(=O)Oc1ccc(-c2cc(=S)ss2)cc1)Nc1ccccc1,4.0,1,
O=C(CCCCCCC(=O)c1ncco1)NNC(=O)c1ccc(-c2ccccc2)cc1,5.73754891026957,1,
O=C(CCCCCCC(=O)c1ncco1)Nc1ccc(Cl)cc1,6.494850021680094,1,
O=C(CCCCCCC(=O)c1ncco1)Nc1ccc(Oc2ccccc2)cc1,6.236572006437063,1,
O=C(CCCCCCC(=O)c1ncco1)Nc1cccc(-c2ccccc2)c1,7.221848749616356,1,
O=C(CCCCCCCC(=O)N1C/C=C/CCOc2cccc(c2)-c2ccnc(n2)Nc2cccc(c2)C1)NO,6.449771646944906,1,
O=C(CCCCCCCC(=O)N1C/C=C/COCc2cccc(c2)-c2ccnc(n2)Nc2cccc(c2)C1)NO,6.476253533188435,1,
O=C(CCCCCCCC(=O)NC(Cc1c[nH]c2ccccc12)C(=O)Nc1ccc(Cl)cc1)NO,6.769551078621726,1,
O=C(CCCCCCCC(=O)NCC1CCN(Cc2ccccc2)CC1)NO,6.366531544420413,1,
O=C(CCCCCCCC(=O)NCCCN1c2ccccc2CCc2ccc(Cl)cc21)NO,6.84163750790475,1,
O=C(CCCCCCCC(=O)N[C@@H]1C[C@H]1c1ccccc1)NO,10.769551078621726,1,
O=C(CCCCCCCC(=O)Nc1ccccc1)NCCS,4.991399828238082,1,
O=C(CCCCCCCCC(=O)NCCCN1c2ccccc2CCc2ccc(Cl)cc21)NO,6.847711655616944,1,
O=C(CCCCCCCCC(=O)N[C@@H]1C[C@H]1c1ccccc1)NO,10.721246399047171,1,
O=C(CCCCCCCCCCCc1cccc(O)c1)NO,5.995678626217357,1,
O=C(CCCCCCCCCCn1cc(-c2ncnc3[nH]ccc23)cn1)NO,7.055517327849831,1,
O=C(CCCCCCCCn1cc(-c2cccc(-c3ccccc3)c2)nn1)NO,6.8297382846050425,1,
O=C(CCCCCCCCn1cc(-c2ccccc2)nn1)NO,7.259637310505756,1,
O=C(CCCCCCCN1C(=O)[C@@H]2CCC(=O)N2Cc2ccccc21)NO,7.781918676479622,2,0.14727333124820904
O=C(CCCCCCCN1C(=O)[C@@H]2CCCN2Cc2ccccc21)NO,6.536107011014092,1,
O=C(CCCCCCCNC(=O)c1ccc(N(c2ncccn2)c2ncccn2)cc1)NO,7.451892707326797,2,1.0888822774370066
O=C(CCCCCCCNC(=O)c1nc(-c2nccs2)sc1C1CC1)NO,6.872895201635192,1,
O=C(CCCCCCCNC(=O)c1ncc(-c2ccc(Br)cc2)o1)NO,7.698970004336019,1,
O=C(CCCCCCCNC(=O)c1ncc(-c2ccc(C(F)(F)F)cc2)o1)NO,7.2441251443275085,1,
O=C(CCCCCCCNC(=O)c1ncc(-c2ccccc2)o1)NO,7.443697499232712,1,
O=C(CCCCCCCNc1nc2cc(C(=O)O)ccc2c2cnccc12)NO,7.886056647693163,1,
O=C(CCCCCCCNc1nn2c(=O)c3cc(Br)ccc3nc2c2ccccc12)NO,6.94692155651658,1,
O=C(CCCCCCCNc1nn2c(=O)c3cc(Cl)ccc3nc2c2ccccc12)NO,6.939302159646388,1,
O=C(CCCCCCCNc1nn2c(=O)c3cc(F)ccc3nc2c2ccccc12)NO,6.931814138253838,1,
O=C(CCCCCCCNc1nn2c(=O)c3ccccc3nc2c2ccccc12)NO,7.356547323513812,1,
O=C(CCCCCCCOc1ccc(-c2csc(N3N=C(c4ccccc4)/C(=N/Nc4nccs4)C3=O)n2)cc1)NO,6.8696662315049934,1,
O=C(CCCCCCCOc1ccc(-c2nc(N3CCOCC3)c3sccc3n2)cc1)NO,6.309803919971486,1,
O=C(CCCCCCCOc1ccc(-c2nc3ccc(-c4nc5ccccc5[nH]4)cc3[nH]2)cc1)NO,7.698970004336019,1,
O=C(CCCCCCCOc1ccc(-c2nc3ccccc3[nH]2)cc1)NO,7.309803919971486,1,
O=C(CCCCCCCOc1ccc2cc1COC/C=C/COCc1cccc(c1)-c1ccnc(n1)N2)NO,7.795880017344075,1,
O=C(CCCCCCCOc1cccc(-c2nc(N3CCOCC3)c3sccc3n2)c1)NO,6.214670164989233,1,
O=C(CCCCCCCOc1cccc(-c2nc3ccc(-c4nc5ccccc5[nH]4)cc3[nH]2)c1)NO,7.887474651930976,2,0.3524255382339841
O=C(CCCCCCCOc1cccc(-c2nc3ccccc3[nH]2)c1)NO,8.069292540682001,2,0.04678270511286424
O=C(CCCCCCCS)Nc1ccccc1,6.489405350465031,2,0.941154330897503
O=C(CCCCCCCn1c2cc3c(cc2c2[nH]c(=O)c4ccccc4c21)OCO3)NO,7.823908740944319,1,
O=C(CCCCCCCn1cc(-c2ccc(-c3ccncc3)cc2)nn1)NO,6.671620396561263,1,
O=C(CCCCCCCn1cc(-c2cccc(-c3ccccc3)c2)nn1)NO,6.962573502059376,1,
O=C(CCCCCCCn1cc(-c2ccccc2)nn1)NO,6.438898616350944,1,
O=C(CCCCCCCn1cc(-c2cccnc2)nn1)NO,6.370590400897282,1,
O=C(CCCCCCCn1cc(-c2ncnc3[nH]ccc23)cn1)NO,8.744727494896694,1,
O=C(CCCCCCCn1cc(Nc2ncc(Cl)c(Nc3ccc(F)cc3)n2)cn1)NO,6.971547574331764,2,0.6345135430585827
O=C(CCCCCCN(Cc1ccc(F)cc1)c1ncc(C(=O)NCCCn2ccnc2)s1)NO,8.207608310501746,1,
O=C(CCCCCCN(c1ccccn1)c1cc(-c2ccccc2)ccn1)NO,7.721246399047171,1,
O=C(CCCCCCN(c1ccccn1)c1cc(OCc2ccccc2)ccn1)NO,8.522878745280337,1,
O=C(CCCCCCN(c1ccccn1)c1cc2ccccc2cn1)NO,8.698970004336019,1,
O=C(CCCCCCN(c1ccccn1)c1ccc(OCc2ccccc2)cn1)NO,7.2441251443275085,1,
O=C(CCCCCCN(c1ccccn1)c1ccc2ccccc2n1)NO,7.795880017344075,1,
O=C(CCCCCCN(c1ccccn1)c1ccccn1)NO,8.045757490560675,1,
O=C(CCCCCCN1C(=O)/C(=C2\Nc3ccccc3\C2=N/O)c2cc(Br)ccc21)NO,8.397940008672037,1,
O=C(CCCCCCN1C(=O)/C(=C2\Nc3ccccc3\C2=N/O)c2cc(Cl)ccc21)NO,8.522878745280337,1,
O=C(CCCCCCN1C(=O)/C(=C2\Nc3ccccc3\C2=N/O)c2cc(F)ccc21)NO,7.853871964321762,1,
O=C(CCCCCCN1C(=O)/C(=C2\Nc3ccccc3\C2=N/O)c2cccc(Cl)c21)NO,8.154901959985743,1,
O=C(CCCCCCN1C(=O)/C(=C2\Nc3ccccc3\C2=N/O)c2ccccc21)NO,7.657577319177793,1,
O=C(CCCCCCN1C(=O)Cc2cc(Cl)ccc21)NO,8.154901959985743,1,
O=C(CCCCCCN1C(=O)Cc2cc(F)ccc21)NO,7.327902142064282,1,
O=C(CCCCCCN1C(=O)Cc2ccccc21)NO,7.823908740944319,1,
O=C(CCCCCCN1C(=O)NC2(CCCc3ccccc32)C1=O)NO,6.583359492661719,1,
O=C(CCCCCCN1C(=O)[C@@H]2CCCN2Cc2ccccc21)NO,6.531652669587842,1,
O=C(CCCCCCN1C(=O)c2ccccc2C1=O)NO,6.447331783887806,1,
O=C(CCCCCCN1C/C=C/CCOc2cccc(c2)-c2ccnc(n2)Nc2cccc(c2)C1)NO,7.060480747381382,1,
O=C(CCCCCCN1C/C=C/COCc2cccc(c2)-c2ccnc(n2)Nc2cccc(c2)C1)NO,6.798602875679549,1,
O=C(CCCCCCN1CC(=O)N2[C@H](CC3c4ccccc4NC3[C@H]2c2ccc(Br)cc2)C1=O)NO,7.853871964321762,1,
O=C(CCCCCCN1CC(=O)N2[C@H](c3ccc(Cl)cc3)c3[nH]c4ccccc4c3C[C@@H]2C1=O)NO,8.040958607678906,1,
O=C(CCCCCCN1CC(c2ccc3ncnc(Nc4ccc(Br)cc4F)c3c2)N=N1)NO,8.366531544420413,1,
O=C(CCCCCCN1CCN(c2ccc(Nc3ncc(F)c(-c4cn(C5CCCC5)nn4)n3)cc2)CC1)NO,7.346787486224656,1,
O=C(CCCCCCNC(=O)C(O)(O)C(F)(F)F)Nc1ccc(-c2ccccc2)cc1,4.42021640338319,1,
O=C(CCCCCCNC(=O)C(O)(O)C(F)(F)F)Nc1ccc(Br)cc1,4.0,1,
O=C(CCCCCCNC(=O)C(O)(O)C(F)(F)F)Nc1ccc(Cl)cc1,3.585026652029182,1,
O=C(CCCCCCNC(=O)C(O)(O)C(F)(F)F)Nc1nc2ccccc2s1,4.086186147616283,1,
O=C(CCCCCCNC(=O)C(O)(O)C(F)(F)F)Nc1ncc(-c2ccc(Br)cc2)s1,4.455931955649724,1,
O=C(CCCCCCNC(=O)C(O)(O)C(F)(F)F)Nc1ncc(-c2ccc(O)cc2)s1,3.6777807052660805,1,
O=C(CCCCCCNC(=O)C(O)(O)C(F)(F)F)Nc1ncc(-c2ccccc2)s1,3.4559319556497243,1,
O=C(CCCCCCNC(=O)c1cc(-c2ccc(F)cc2)[nH]n1)NO,7.512054431799104,2,0.2058004409666359
O=C(CCCCCCNC(=O)c1cc2cc(-c3cn[nH]c3)ccc2s1)NO,9.387216143280265,1,
O=C(CCCCCCNC(=O)c1ccc(-c2cn(CCCCCCOCCOCCNC(=O)CC34C[C@H]5C[C@@H](C3)C[C@@H](C4)C5)nn2)cc1)NO,6.838270816575266,2,1.281923328185829
O=C(CCCCCCNC(=O)c1ccc(-c2csc(N3N=C(c4ccccc4)/C(=N/Nc4nccs4)C3=O)n2)cc1)NO,7.00436480540245,1,
O=C(CCCCCCNC(=O)c1ccc(C(CO)(c2ccccc2)c2ccccc2)cc1)NO,8.154901959985743,1,
O=C(CCCCCCNC(=O)c1ccc(C(O)(c2cc(F)cc(F)c2)c2cc(F)cc(F)c2)cc1)NO,7.539938336854638,2,1.2133976008229561
O=C(CCCCCCNC(=O)c1ccc(C(O)(c2ccc(F)cc2)C(F)(F)F)cc1)NO,7.801029995663981,2,0.7071067811865476
O=C(CCCCCCNC(=O)c1ccc(C(O)(c2ccc(F)cc2)c2ccc(F)cc2)cc1)NO,7.720046687481943,2,1.1353759844463893
O=C(CCCCCCNC(=O)c1ccc(C(O)(c2ccc(F)cc2)c2ccccn2)cc1)NO,7.809894379144197,2,1.0083121603497145
O=C(CCCCCCNC(=O)c1ccc(C(O)(c2ccc(F)cc2F)c2ccc(F)cc2F)cc1)NO,7.582154714253788,2,1.016643172625072
O=C(CCCCCCNC(=O)c1ccc(C(O)(c2cccc(F)c2)c2cccc(F)c2)cc1)NO,7.515758525723032,4,0.9067533891146801
O=C(CCCCCCNC(=O)c1ccc(C(O)(c2ccccc2)c2ccccc2)cc1)NO,7.3979400086720375,2,0.8514414050982325
O=C(CCCCCCNC(=O)c1ccc(C(O)(c2ccccc2)c2ccncc2)cc1)NO,7.752922702990778,2,0.9121922216597891
O=C(CCCCCCNC(=O)c1ccc(C(O)(c2ccccc2F)c2ccccc2F)cc1)NO,7.826823512774681,2,0.9843707499702579
O=C(CCCCCCNC(=O)c1ccc(C(O)(c2ccccn2)c2ccccn2)cc1)NO,7.65401744861632,2,1.0520653737861094
O=C(CCCCCCNC(=O)c1ccc(C(O)(c2nccs2)c2nccs2)cc1)NO,7.5759054415043,2,1.0254809789023636
O=C(CCCCCCNC(=O)c1ccc(C(c2ccccc2)c2ccccc2)cc1)NO,7.044687797555399,2,0.8667566737147481
O=C(CCCCCCNC(=O)c1ccc(C2(c3ccc(F)cc3)CCCO2)cc1)NO,7.92539044367231,2,0.8449760594933391
O=C(CCCCCCNC(=O)c1ccc(C2(c3ccccc3)OC(=O)c3ccccc32)cc1)NO,7.386957942012088,2,0.8084342959778172
O=C(CCCCCCNC(=O)c1ccc(C=C2CCn3c2nc2cc(NCCCN4CCCC4)c(F)cc2c3=O)cc1)NO,7.301029995663981,1,
O=C(CCCCCCNC(=O)c1ccc(N(C(=O)c2ccccc2)c2ccccc2)cc1)NO,7.936447600817596,2,1.0783695246690834
O=C(CCCCCCNC(=O)c1ccc(N(C(=O)c2ccccn2)c2ccccc2)cc1)NO,7.734260541478872,4,0.6544489938844598
O=C(CCCCCCNC(=O)c1ccc(N(c2cccc(Cl)c2)c2cccc(Cl)c2)cc1)NO,5.497076254093903,2,0.8053047618944613
O=C(CCCCCCNC(=O)c1ccc(N(c2ccccc2)S(=O)(=O)c2ccccc2)cc1)NO,7.449814727441218,2,0.5290488274986683
O=C(CCCCCCNC(=O)c1ccc(N(c2ccccc2)c2ccccc2)cc1)NO,7.122520206139145,2,0.8799339863683183
O=C(CCCCCCNC(=O)c1ccc(N(c2ccccc2)c2ccccn2)cc1)NO,7.534271064655497,2,0.45198392685467403
O=C(CCCCCCNC(=O)c1ccc(N(c2ccccc2)c2cccnc2)cc1)NO,7.429118384862106,2,0.3516616259664652
O=C(CCCCCCNC(=O)c1ccc(N(c2ccccc2)c2cnccn2)cc1)NO,7.523845995168937,2,0.46672720151124936
O=C(CCCCCCNC(=O)c1ccc(N(c2ccccc2)c2cncnc2)cc1)NO,7.47851546330341,2,0.6255113123180156
O=C(CCCCCCNC(=O)c1ccc(N(c2ccccc2)c2ncccn2)cc1)NO,7.854982694318741,2,0.9445476535253217
O=C(CCCCCCNC(=O)c1ccc(N(c2ncccn2)c2ncccn2)cc1)NO,6.361211435980813,2,0.5631954413848639
O=C(CCCCCCNC(=O)c1ccc(NC(=O)CC23C[C@H]4C[C@@H](C2)C[C@@H](C3)C4)cc1)NO,7.117389316847509,2,1.6498319215099129
O=C(CCCCCCNC(=O)c1ccc(NC(=O)CCCCCCCNC(=O)COc2cccc3c2C(=O)N(C2CCC(=O)NC2=O)C3=O)cc1)NO,8.1701544568393,3,0.13268235834635475
O=C(CCCCCCNC(=O)c1ccc(NC(=O)CCOCCOCCOCCNC(=O)COc2cccc3c2C(=O)N(C2CCC(=O)NC2=O)C3=O)cc1)NO,7.769551078621726,1,
O=C(CCCCCCNC(=O)c1ccc(NC(=O)CCOCCOCCOCCOCCNC(=O)CNc2cccc3c2C(=O)N(C2CCC(=O)NC2=O)C3=O)cc1)NO,7.823908740944319,1,
O=C(CCCCCCNC(=O)c1ccc(NC(=O)CCOCCOCCOCCOCCNC(=O)COc2cccc3c2C(=O)N(C2CCC(=O)NC2=O)C3=O)cc1)NO,7.6777807052660805,1,
O=C(CCCCCCNC(=O)c1ccc(NC(=O)CNC(=O)CC23C[C@H]4C[C@@H](C2)C[C@@H](C3)C4)cc1)NO,7.232859997397459,2,1.4089639888456358
O=C(CCCCCCNC(=O)c1ccc(NC(=O)CNC(=O)CC2c3ccccc3-c3ccccc32)cc1)NO,7.3745461501495715,2,1.5654494334152198
O=C(CCCCCCNC(=O)c1ccc(NC(=O)COCCNC(=O)COc2cccc3c2C(=O)N(C2CCC(=O)NC2=O)C3=O)cc1)NO,7.920818753952375,1,
O=C(CCCCCCNC(=O)c1ccc(NC(=O)COCCOCCNC(=O)COc2cccc3c2C(=O)N(C2CCC(=O)NC2=O)C3=O)cc1)NO,7.568636235841012,2,0.0
O=C(CCCCCCNC(=O)c1ccc(Nc2c(Cl)cccc2Cl)cc1)NO,8.037860356969059,2,0.6859195827501502
O=C(CCCCCCNC(=O)c1ccc(Nc2c(F)cccc2F)cc1)NO,8.06246936830415,2,0.6511171851634713
O=C(CCCCCCNC(=O)c1ccc(Nc2ccccc2)cc1)NO,7.975390988664909,2,0.2538668502366912
O=C(CCCCCCNC(=O)c1ccc(Nc2nc3ccccc3o2)cc1)NO,8.090228032229065,2,0.6118605061674991
O=C(CCCCCCNC(=O)c1ccc(Nc2nc3ccccc3s2)cc1)NO,7.789198036565084,2,0.18613980361838284
O=C(CCCCCCNC(=O)c1ccc2[nH]c(=O)ccc2c1)NO,6.552841968657781,1,
O=C(CCCCCCNC(=O)c1ccc2c(c1)CCC(=O)N2)NO,6.366531544420413,1,
O=C(CCCCCCNC(=O)c1cccc(C(O)(c2ccc(F)cc2)c2ccc(F)cc2)c1)NO,7.472693472721556,2,0.3847142035869832
O=C(CCCCCCNC(=O)c1cccc(C(O)(c2ccccn2)c2ccccn2)c1)NO,6.966185641635877,2,0.5954270455982403
O=C(CCCCCCNC(=O)c1ccccc1)NO,6.245651664288982,1,
O=C(CCCCCCNC(=O)c1cnc(-c2ccc(Cl)cc2)s1)NO,6.017728766960431,1,
O=C(CCCCCCNC(=O)c1cnc(-c2ccc(F)cc2)s1)NO,5.991399828238082,1,
O=C(CCCCCCNC(=O)c1cnc(-c2ccc(OC(F)(F)F)cc2)s1)NO,6.151821805633334,2,0.004355996059379394
O=C(CCCCCCNC(=O)c1cnc(-c2ccc(Oc3ccccc3)cc2)s1)NO,6.096910013008056,1,
O=C(CCCCCCNC(=O)c1cnc(N(CCO)CC(c2ccc(F)cc2)c2ccc(F)cc2)nc1)NO,7.645365019512084,2,0.6385810538236745
O=C(CCCCCCNC(=O)c1cnc(N(CCO)CCc2c[nH]c3ccccc23)nc1)NO,7.989405350465031,2,0.7544453101130233
O=C(CCCCCCNC(=O)c1cnc(N(CCO)c2ccccc2)nc1)NO,7.610924374808178,2,0.6872874806608118
O=C(CCCCCCNC(=O)c1cnc(N(c2ccc(F)cc2)c2ccc(F)cc2)nc1)NO,7.41369853439507,2,0.7171762922515628
O=C(CCCCCCNC(=O)c1cnc(N(c2ccccc2)c2ccccc2)nc1)NO,8.188049496292672,58,0.4675785872724051
O=C(CCCCCCNC(=O)c1cnc(N(c2ccccc2)c2ccccc2Cl)nc1)NO,8.310079200504035,17,0.77164725775167
O=C(CCCCCCNC(=O)c1cnc(N2CCC(O)(c3ccc(Cl)cc3)CC2)nc1)NO,7.836832069535625,2,0.7935264574819332
O=C(CCCCCCNC(=O)c1cnc(N2CCC(O)(c3ccccc3)CC2)nc1)NO,7.903437700822769,2,0.6993318703852309
O=C(CCCCCCNC(=O)c1cnc(N2CCCCC2)nc1)NO,7.969651079823194,2,0.4686405570665336
O=C(CCCCCCNC(=O)c1cnc(N2CCCNCC2)nc1)NO,7.594883741002458,2,0.17870378478434717
O=C(CCCCCCNC(=O)c1cnc(N2CCC[C@@H](O)C2)nc1)NO,7.732352939978615,2,0.5975745548615414
O=C(CCCCCCNC(=O)c1cnc(N2CCC[C@H]2CO)nc1)NO,7.83889035263304,2,0.44690790098551364
O=C(CCCCCCNC(=O)c1cnc(N2CCCc3ccccc32)nc1)NO,7.761439372640169,2,0.6511171851634713
O=C(CCCCCCNC(=O)c1cnc(N2CCN(CCO)CC2)nc1)NO,7.561314327065113,2,0.45925499410870035
O=C(CCCCCCNC(=O)c1cnc(N2CCN(Cc3ccccc3)CC2)nc1)NO,7.610924374808178,2,0.8639775364380294
O=C(CCCCCCNC(=O)c1cnc(N2CCN(c3ccc(F)cc3)CC2)nc1)NO,7.792513326014591,2,0.7191511709109667
O=C(CCCCCCNC(=O)c1cnc(N2CCN(c3ccccc3)CC2)nc1)NO,7.821032576499773,2,0.8158703148118528
O=C(CCCCCCNC(=O)c1cnc(N2CCN(c3nccc(C(F)(F)F)n3)CC2)nc1)NO,7.711254100081387,2,0.6274128203945392
O=C(CCCCCCNC(=O)c1cnc(N2CCNCC2)nc1)NO,7.522156124843248,2,0.22008639227259366
O=C(CCCCCCNC(=O)c1cnc(N2CCOC(CO)C2)nc1)NO,7.811711521471744,2,0.48534457262326747
O=C(CCCCCCNC(=O)c1cnc(N2CCOCC2)nc1)NO,7.69466991845506,2,0.5688533970470837
O=C(CCCCCCNC(=O)c1cnc(N2CCc3ccccc3C2)nc1)NO,7.899301437839775,2,0.881871485370542
O=C(CCCCCCNC(=O)c1cnc(N2CCn3c(nnc3C(F)(F)F)C2)nc1)NO,7.340342847954744,2,0.7262398410397084
O=C(CCCCCCNC(=O)c1cnc(NC(c2ccc(F)cc2)c2ccc(F)cc2)nc1)NO,7.744058319510563,2,0.7876768982738398
O=C(CCCCCCNC(=O)c1csc(Br)n1)NO,6.557068217202598,3,1.461237475239312
O=C(CCCCCCNC(=O)c1nc(-c2nc3c(s2)CCCC3)sc1C1CC1)NO,7.309803919971486,1,
O=C(CCCCCCNC(=O)c1nc(-c2nccs2)sc1C1CC1)NO,8.0,1,
O=C(CCCCCCNC(=O)c1ncc(-c2ccc(Br)cc2)o1)NO,8.2518119729938,1,
O=C(CCCCCCNC(=O)c1ncc(-c2ccc(C(F)(F)F)cc2)o1)NO,8.244125144327509,1,
O=C(CCCCCCNC(=O)c1ncc(-c2ccc(C(F)(F)F)cc2)s1)NO,8.2839966563652,1,
O=C(CCCCCCNC(=O)c1ncc(-c2ccc(Cl)cc2)o1)NO,7.823908740944319,1,
O=C(CCCCCCNC(=O)c1ncc(-c2ccc(Cl)cc2)s1)NO,7.267606240177031,1,
O=C(CCCCCCNC(=O)c1ncc(-c2ccc(F)cc2)o1)NO,8.443697499232712,1,
O=C(CCCCCCNC(=O)c1ncc(-c2ccc(F)cc2)s1)NO,8.259637310505756,1,
O=C(CCCCCCNC(=O)c1ncc(-c2cccc(Br)c2)o1)NO,8.275724130399212,1,
O=C(CCCCCCNC(=O)c1ncc(-c2cccc(C(F)(F)F)c2)o1)NO,8.0,1,
O=C(CCCCCCNC(=O)c1ncc(-c2cccc(C(F)(F)F)c2)s1)NO,7.275724130399211,1,
O=C(CCCCCCNC(=O)c1ncc(-c2cccc(Cl)c2)o1)NO,8.2839966563652,1,
O=C(CCCCCCNC(=O)c1ncc(-c2cccc(Cl)c2)s1)NO,8.443697499232712,1,
O=C(CCCCCCNC(=O)c1ncc(-c2ccccc2)o1)NO,8.585026652029182,1,
O=C(CCCCCCNC(=O)c1ncc(-c2ccccc2)s1)NO,8.431798275933005,1,
O=C(CCCCCCNC(=O)c1ncc(-c2ccccc2Cl)o1)NO,8.2839966563652,1,
O=C(CCCCCCNC(=O)c1ncc(-c2ccccc2Cl)s1)NO,8.236572006437063,1,
O=C(CCCCCCNP(=O)([O-])[O-])Nc1ccccc1,3.309803919971486,1,
O=C(CCCCCCNc1cc(N2CCCCCC2)nc(-c2ccccn2)n1)NO,6.42021640338319,1,
O=C(CCCCCCNc1cc(N2CCCCCC2)nc(-c2cccnc2)n1)NO,7.259637310505756,1,
O=C(CCCCCCNc1cc(N2CCc3ccccc3CC2)nc(-c2ccccn2)n1)NO,6.667561540084394,1,
O=C(CCCCCCNc1ccc2ccccc2c1)c1ncco1,6.366531544420413,1,
O=C(CCCCCCNc1ccc2ncnc(Nc3ccc(F)cc3)c2n1)NO,6.107905397309519,1,
O=C(CCCCCCNc1nc2ccccc2nc1-c1nc2ccccc2o1)NO,7.346787486224656,1,
O=C(CCCCCCNc1nccc(-c2sc(-c3ccccc3)nc2-c2cccc(NS(=O)(=O)c3c(F)cccc3F)c2F)n1)NO,7.795880017344075,1,
O=C(CCCCCCNc1ncnc2ccc(Cl)cc12)NO,8.154901959985743,1,
O=C(CCCCCCNc1ncnc2ccc(F)cc12)NO,8.096910013008056,1,
O=C(CCCCCCNc1nn2c(=O)c3cc(Br)ccc3nc2c2ccccc12)NO,7.214670164989233,1,
O=C(CCCCCCNc1nn2c(=O)c3cc(Cl)ccc3nc2c2ccccc12)NO,7.173925197299173,1,
O=C(CCCCCCNc1nn2c(=O)c3cc(F)ccc3nc2c2ccccc12)NO,7.1487416512809245,1,
O=C(CCCCCCNc1nn2c(=O)c3ccccc3nc2c2ccccc12)NO,7.366531544420414,1,
O=C(CCCCCCOP(=O)([O-])[O-])Nc1ccccc1,2.4089353929735005,1,
O=C(CCCCCCOc1ccc(-c2cc(=S)ss2)cc1)NO,8.0,1,
O=C(CCCCCCOc1ccc(-c2cc(=S)ss2)cc1)Nc1ccccc1,3.036826283624748,1,
O=C(CCCCCCOc1ccc(-c2ccc3ccccc3n2)cc1)NO,6.559090917934782,1,
O=C(CCCCCCOc1ccc(-c2ccccc2)cc1)C(F)(F)F,5.537602002101044,1,
O=C(CCCCCCOc1ccc(-c2ccccc2)cc1)C1=NCCO1,5.7447274948966935,1,
O=C(CCCCCCOc1ccc(-c2ccccc2)cc1)c1ncco1,5.958607314841775,1,
O=C(CCCCCCOc1ccc(-c2ccccc2)cc1)c1nnn[nH]1,5.698970004336019,1,
O=C(CCCCCCOc1ccc(-c2csc(N3N=C(c4ccccc4)/C(=N/Nc4nccs4)C3=O)n2)cc1)NO,7.3872161432802645,1,
O=C(CCCCCCOc1ccc(-c2nc3ccc(-c4nc5ccccc5[nH]4)cc3[nH]2)cc1)NO,7.8283942049101265,2,0.4112422770449516
O=C(CCCCCCOc1ccc(-c2nc3ccccc3[nH]2)cc1)NO,7.3979400086720375,1,
O=C(CCCCCCOc1ccc(-c2nnc(-c3ccccc3)s2)cc1)NO,7.1938200260161125,1,
O=C(CCCCCCOc1ccc(-n2[se]c3ccccc3c2=O)cc1)NO,6.7423214251308154,1,
O=C(CCCCCCOc1ccc2cc1COC/C=C/COCc1cccc(c1)-c1ccnc(n1)N2)NO,8.67778070526608,1,
O=C(CCCCCCOc1ccc2ccccc2c1)c1ncco1,6.2839966563652006,1,
O=C(CCCCCCOc1ccc2ncnc(Nc3ccc(F)c(Cl)c3)c2c1)NO,8.356547323513812,1,
O=C(CCCCCCOc1cccc(-c2ccccc2)c1)c1ncco1,6.207608310501746,1,
O=C(CCCCCCOc1cccc(-c2nc(N3CCOCC3)c3sccc3n2)c1)NO,6.42021640338319,1,
O=C(CCCCCCOc1cccc(-c2nc3ccc(-c4nc5ccccc5[nH]4)cc3[nH]2)c1)NO,7.7447274948966935,1,
O=C(CCCCCCOc1cccc(-c2nc3ccccc3[nH]2)c1)NO,7.6069793948787225,2,0.3946748358800068
O=C(CCCCCCOc1cccc(-c2nnc(-c3ccccc3)s2)c1)NO,6.732828271596986,1,
O=C(CCCCCCOc1cccc(-c2nnc(-c3ccccc3Cl)s2)c1)NO,7.522878745280337,1,
O=C(CCCCCCOc1cccc2cccnc12)NO,7.920818753952375,1,
O=C(CCCCCCS(=O)(=O)c1ccc2ccccc2c1)c1ncco1,6.214670164989233,1,
O=C(CCCCCCS)NC1CCCC1,7.060480747381382,1,
O=C(CCCCCCS)NCc1ccc(C(F)(F)F)cc1,5.275724130399211,1,
O=C(CCCCCCS)NCc1cccc(OCc2ccccc2)c1,5.752026733638193,1,
O=C(CCCCCCS)Nc1ccc(-c2ccccc2)cc1,5.958607314841775,1,
O=C(CCCCCCS)Nc1ccc(Oc2ccccc2)cc1,6.207608310501746,2,0.0
O=C(CCCCCCS)Nc1cccc(-c2ccccc2)c1,7.1249387366083,1,
O=C(CCCCCCS)Nc1cccc(Oc2ccccc2)c1,6.6777807052660805,2,0.0
O=C(CCCCCCS)Nc1ccccc1,7.02032146692525,6,0.42479667491193895
O=C(CCCCCCS)Nc1cccnc1,6.958607314841775,2,0.0
O=C(CCCCCCS)Nc1cnc2ccccc2c1,7.142667503568731,2,0.0
O=C(CCCCCCS)Nc1nc(-c2ccc(F)cc2)cs1,6.259637310505756,1,
O=C(CCCCCCS)Nc1nc(-c2cccc(F)c2)cs1,6.823908740944319,1,
O=C(CCCCCCS)Nc1nc(-c2ccccc2)cs1,6.72579144040862,3,0.07579391670593263
O=C(CCCCCCS)Nc1nc2ccccc2s1,6.468521082957745,1,
O=C(CCCCCCSc1ccc2ccccc2c1)c1ncco1,6.267606240177031,1,
O=C(CCCCCC[S+]([O-])c1ccc(Cl)cc1)NO,5.795880017344075,1,
O=C(CCCCCCc1ccc(-c2sc3cc(O)ccc3c2C(=O)c2ccc(OCCN3CCCCC3)cc2)cc1)NO,6.47755576649368,1,
O=C(CCCCCCc1nnc(-c2ccc(-c3ccccc3)cc2)o1)c1ncco1,6.6020599913279625,1,
O=C(CCCCCCn1[se]c2ccccc2c1=O)NO,7.721246399047171,1,
O=C(CCCCCCn1c(C(=O)NC2C3CC4CC(C3)CC2C4)cc2cc(Cl)ccc21)NO,8.167491087293763,1,
O=C(CCCCCCn1c(C(=O)NC2C3CC4CC(C3)CC2C4)cc2ccc(Br)cc21)NO,8.337242168318426,1,
O=C(CCCCCCn1c(C(=O)NC2C3CC4CC(C3)CC2C4)cc2ccccc21)NO,8.619788758288394,1,
O=C(CCCCCCn1c(C(=O)NC2C3CC4CC(C3)CC2C4)nc2ccccc21)NO,8.275724130399212,1,
O=C(CCCCCCn1c2cc3c(cc2c2ncc4ccccc4c21)OCO3)NO,8.397940008672037,1,
O=C(CCCCCCn1c2ccccc2c2ccccc21)NO,8.221848749616356,2,0.0
O=C(CCCCCCn1cc(-c2ccc(-c3ccncc3)cc2)nn1)NO,7.769551078621726,1,
O=C(CCCCCCn1cc(-c2ccc(Nc3c4ccccc4nc4ccccc34)cc2)nn1)NO,8.537602002101044,1,
O=C(CCCCCCn1cc(-c2ccc3ncnc(Nc4ccc(Br)cc4F)c3c2)nn1)NO,8.366531544420413,1,
O=C(CCCCCCn1cc(-c2ccc3ncnc(Nc4ccc(F)c(Cl)c4)c3c2)nn1)NO,8.075720713938118,1,
O=C(CCCCCCn1cc(-c2ccc3ncnc(Nc4ccc(OCc5cccc(F)c5)c(Cl)c4)c3c2)nn1)NO,7.698970004336019,1,
O=C(CCCCCCn1cc(-c2ccc3ncnc(Nc4ccc(OCc5nccs5)c(Cl)c4)c3c2)nn1)NO,7.853871964321762,1,
O=C(CCCCCCn1cc(-c2ccc3ncnc(Nc4cccc(Cl)c4F)c3c2)nn1)NO,8.494850021680094,1,
O=C(CCCCCCn1cc(-c2cccc(-c3ccccc3)c2)nn1)NO,8.267606240177031,1,
O=C(CCCCCCn1cc(-c2cccc(Nc3c4ccccc4nc4ccccc34)c2)nn1)NO,8.301029995663981,1,
O=C(CCCCCCn1cc(-c2ccccc2)nn1)NO,8.017728766960431,1,
O=C(CCCCCCn1cc(-c2ccccn2)nn1)NO,7.619788758288394,1,
O=C(CCCCCCn1cc(-c2cccnc2)nn1)NO,6.436518914605589,1,
O=C(CCCCCCn1cc(-c2ncnc3[nH]ccc23)cn1)NO,8.853871964321762,1,
O=C(CCCCCCn1cc(C(=O)N2CCOCC2)c2ccccc21)NO,8.119186407719209,1,
O=C(CCCCCCn1cc(C(=O)NC23CC4CC(CC(C4)C2)C3)c2ccccc21)NO,8.721246399047171,1,
O=C(CCCCCCn1cc(C(=O)NC2C3CC4CC(C3)CC2C4)c2ccccc21)NO,8.769551078621726,1,
O=C(CCCCCCn1cc(C(=O)NC2CCCCC2)c2ccccc21)NO,8.638272163982407,1,
O=C(CCCCCCn1cc(C(=O)NC2CCCCCC2)c2ccccc21)NO,8.67778070526608,1,
O=C(CCCCCCn1cc(C(=O)NC2CCCCCCC2)c2ccccc21)NO,8.744727494896694,1,
O=C(CCCCCCn1cc(C(=O)NCc2ccc(Cl)cc2)c2ccccc21)NO,8.795880017344075,1,
O=C(CCCCCCn1cc(C(=O)Nc2ccc(Cl)cc2Cl)c2ccccc21)NO,8.431798275933005,1,
O=C(CCCCCCn1cc(Nc2cc(-c3cccc(NCC4CCOCC4)n3)c(Cl)cn2)cn1)NO,6.669586226650809,1,
O=C(CCCCCCn1cc(Nc2cc(-c3cccc(NCc4cccc(F)c4)n3)c(Cl)cn2)cn1)NO,6.806875401645538,1,
O=C(CCCCCCn1cc(Nc2ncc(C(F)(F)F)c(Nc3ccc(F)cc3)n2)cn1)NO,7.3872161432802645,1,
O=C(CCCCCCn1cc(Nc2ncc(Cl)c(-c3cnc4ccccn34)n2)cn1)NO,7.267606240177031,1,
O=C(CCCCCCn1cc(Nc2ncc(Cl)c(N3CCCCC3)n2)cn1)NO,7.3979400086720375,1,
O=C(CCCCCCn1cc(Nc2ncc(Cl)c(N3CCOCC3)n2)cn1)NO,7.431798275933005,1,
O=C(CCCCCCn1cc(Nc2ncc(Cl)c(NC3CC3)n2)cn1)NO,7.886056647693163,1,
O=C(CCCCCCn1cc(Nc2ncc(Cl)c(Nc3ccc(Cl)cc3)n2)cn1)NO,8.698970004336019,2,0.0
O=C(CCCCCCn1cc(Nc2ncc(Cl)c(Nc3ccc(F)cc3)n2)cn1)NO,8.522878745280337,1,
O=C(CCCCCCn1cc(Nc2ncc(Cl)c(Nc3cccc(Cl)c3)n2)cn1)NO,7.543093073808142,2,0.2204432692136125
O=C(CCCCCCn1cc(Nc2ncc(Cl)c(Nc3ccccc3)n2)cn1)NO,7.721246399047171,1,
O=C(CCCCCCn1cc(Nc2ncc(Cl)c(Nc3ccccc3Cl)n2)cn1)NO,8.0,1,
O=C(CCCCCCn1cc(Nc2ncc(Cl)c(OC3CCCCC3)n2)cn1)NO,6.623423042943488,1,
O=C(CCCCCCn1cc(Nc2ncc(F)c(Nc3ccc(F)cc3)n2)cn1)NO,8.522878745280337,1,
O=C(CCCCCCn1cc(Nc2ncc3ccn(-c4ccc(Br)cc4)c3n2)cn1)NO,7.698970004336019,1,
O=C(CCCCCCn1cc(Nc2ncc3ccn(-c4ccc(Cl)cc4)c3n2)cn1)NO,7.481486060122112,1,
O=C(CCCCCCn1cc(Nc2ncc3ccn(-c4ccc(F)cc4)c3n2)cn1)NO,7.657577319177793,1,
O=C(CCCCCCn1cc(Nc2ncc3ccn(-c4ccccc4)c3n2)cn1)NO,7.886056647693163,1,
O=C(CCCCCCn1cc(Nc2ncc3ccn(C4CCCC4)c3n2)cn1)NO,7.657577319177793,1,
O=C(CCCCCCn1cc(Nc2ncc3ccn(CC4CC4)c3n2)cn1)NO,7.795880017344075,1,
O=C(CCCCCCn1cc(Nc2ncc3ccn(CC4CCCCC4)c3n2)cn1)NO,7.055517327849831,1,
O=C(CCCCCCn1cc(Nc2ncc3ccn(Cc4cccc(Cl)c4)c3n2)cn1)NO,7.431798275933005,1,
O=C(CCCCCCn1cc(Nc2ncc3ccn(Cc4cccc(F)c4)c3n2)cn1)NO,7.823908740944319,1,
O=C(CCCCCCn1cc(Nc2ncc3ccn(Cc4ccccc4)c3n2)cn1)NO,7.886056647693163,1,
O=C(CCCCCCn1cc(Nc2ncc3ccn(Cc4ccccc4Cl)c3n2)cn1)NO,7.376750709602099,1,
O=C(CCCCCCn1cc(Nc2ncc3ccn(Cc4ccccc4F)c3n2)cn1)NO,8.075720713938118,1,
O=C(CCCCCCn1cc(Nc2nccc(Nc3ccc(F)cc3)n2)cn1)NO,7.7447274948966935,1,
O=C(CCCCCCn1cnc2c(N3CCOCC3)nc(-c3cccc(CO)c3)nc21)NO,8.3767507096021,2,0.0
O=C(CCCCCCn1nc(C(=O)NC2C3CC4CC(C3)CC2C4)c2ccccc21)NO,8.568636235841012,1,
O=C(CCCCCN(C(=O)c1ccccc1)C(C(=O)NC1CCCCC1)c1ccccc1)NO,5.575143601543101,4,0.07991274021112584
O=C(CCCCCN(C(=O)c1ccccc1)C1(C(=O)NC2CCCCC2)CCCCC1)NO,4.926159404656393,4,0.07867192944037865
O=C(CCCCCN(CC(=O)NC1CCCCC1)C(=O)c1cccc2ccccc12)NO,6.06348163572146,4,0.14288839061558878
O=C(CCCCCN(CC(=O)NC1CCCCC1)C(=O)c1ccccc1)NO,5.891571228656192,4,0.08467678737601722
O=C(CCCCCN1C(=O)CC(c2c3ccccc3cc3ccccc23)Sc2ccccc21)NO,6.609064892896621,1,
O=C(CCCCCN1C(=O)CC(c2ccc(Cl)c(Cl)c2)S(=O)(=O)c2ccccc21)NO,7.7447274948966935,2,0.24903064677189865
O=C(CCCCCN1C(=O)CC(c2ccc(Cl)c(Cl)c2)Sc2ccccc21)NO,6.6401645176601125,1,
O=C(CCCCCN1C(=O)CC(c2cccc(Br)c2)Sc2ccccc21)NO,6.53313237964589,1,
O=C(CCCCCN1C(=O)CC(c2cccc3ccccc23)S(=O)(=O)c2ccccc21)NO,7.107905397309519,1,
O=C(CCCCCN1C(=O)CC(c2cccc3ccccc23)Sc2ccccc21)NO,6.586700235918748,1,
O=C(CCCCCN1C(=O)CC(c2ccccc2)S(=O)(=O)c2ccccc21)NO,7.523603778477954,2,0.1621655859558242
O=C(CCCCCN1C(=O)CC(c2ccccc2Cl)S(=O)(=O)c2ccccc21)NO,7.3872161432802645,1,
O=C(CCCCCN1C(=O)CC(c2ccccc2Cl)Sc2ccccc21)NO,6.962573502059376,1,
O=C(CCCCCN1C(=O)C[C@@H](c2ccc(Cl)c(Cl)c2)Sc2ccccc21)NO,6.782516055786093,1,
O=C(CCCCCN1C(=O)C[C@H](c2ccc(Cl)c(Cl)c2)Sc2ccccc21)NO,6.562249437179612,1,
O=C(CCCCCN1C(=O)[C@@H]2CCCN2Cc2ccccc21)NO,8.070581074285707,1,
O=C(CCCCCN1C(=O)c2cccc3c(N4CCOCC4)ccc(c23)C1=O)NO,8.501948468660519,3,0.6395091177976151
O=C(CCCCCN1C(=O)c2cccc3c(NCc4ccccc4)ccc(c23)C1=O)NO,8.455931955649724,1,
O=C(CCCCCN1C(=O)c2cccc3c(Nc4cccc(F)c4)ccc(c23)C1=O)NO,7.853871964321762,1,
O=C(CCCCCN1C(=O)c2cccc3c(Nc4ccccc4)ccc(c23)C1=O)NO,7.886056647693163,1,
O=C(CCCCCN1C(=O)c2cccc3c(OCc4ccc(C(F)(F)F)cc4)ccc(c23)C1=O)NO,7.920818753952375,1,
O=C(CCCCCN1C(=O)c2cccc3c([N+](=O)[O-])ccc(c23)C1=O)NO,8.244125144327509,1,
O=C(CCCCCN1C(=O)c2cccc3cccc(c23)C1=O)NO,7.726210296599919,5,0.8635555311389466
O=C(CCCCCN1C(=O)c2ccccc2C(F)(F)c2ccccc21)NO,6.954677021213342,1,
O=C(CCCCCN1C(=O)c2ccccc2C(F)c2ccccc21)NO,7.275724130399211,1,
O=C(CCCCCN1C(=O)c2ccccc2C(O)c2ccccc21)NO,7.221848749616356,1,
O=C(CCCCCN1C(=O)c2ccccc2C1=O)NO,6.288192770958808,1,
O=C(CCCCCN1C(=O)c2ccccc2Cc2ccccc21)NO,7.376750709602099,1,
O=C(CCCCCN1C/C=C/CCOc2cccc(c2)-c2ccnc(n2)Nc2cccc(c2)C1)NO,6.818156412055227,1,
O=C(CCCCCN1C/C=C/COCc2cccc(c2)-c2ccnc(n2)Nc2cccc(c2)C1)NO,6.910094888560602,1,
O=C(CCCCCN1CC(=O)N2[C@@H](CC3c4ccccc4NC3[C@@H]2c2ccc(Br)cc2)C1=O)NO,7.214670164989233,1,
O=C(CCCCCN1CC(=O)N2[C@H](c3ccc(Br)cc3)c3[nH]c4ccccc4c3C[C@@H]2C1=O)NO,7.214670164989233,1,
O=C(CCCCCNC(=O)NC12CC3CC(CC(C3)C1)C2)NO,6.991399828238082,1,
O=C(CCCCCNC(=O)NO)Nc1ccccc1,4.096910013008056,1,
O=C(CCCCCNC(=O)[C@H](Cc1ccccc1)N1C(=O)CCC1=O)NO,6.180456064458131,1,
O=C(CCCCCNC(=O)c1cc(-c2ccc(F)cc2)[nH]n1)NO,7.387087004269054,2,0.21286035127455813
O=C(CCCCCNC(=O)c1cc2c(cn1)[nH]c1ccccc12)NO,5.7423214251308154,1,
O=C(CCCCCNC(=O)c1ccc(-c2ccccc2)cc1)NO,6.576754126063192,1,
O=C(CCCCCNC(=O)c1ccc(-c2csc(N3N=C(c4ccccc4)/C(=N/Nc4nccs4)C3=O)n2)cc1)NO,7.055517327849831,1,
O=C(CCCCCNC(=O)c1ccc(Cl)cc1)NO,6.432973633840939,1,
O=C(CCCCCNC(=O)c1ccc(O)cc1)NO,6.826813731587726,1,
O=C(CCCCCNC(=O)c1ccc(OCc2ccccc2)cc1)NO,6.657577319177793,1,
O=C(CCCCCNC(=O)c1ccc([N+](=O)[O-])cc1)NO,5.807990407346329,1,
O=C(CCCCCNC(=O)c1ccc2cccc(OCc3ccc(Br)cc3)c2n1)NO,6.774690718274137,1,
O=C(CCCCCNC(=O)c1ccc2cccc(OCc3ccccc3)c2n1)NO,6.774690718274137,1,
O=C(CCCCCNC(=O)c1cccc2cc3ccccc3nc12)NO,8.6479247415801,2,0.013650806150516465
O=C(CCCCCNC(=O)c1nc(-c2nccs2)sc1C1CC1)NO,6.978810700930062,1,
O=C(CCCCCNC(=O)c1ncc(-c2ccccc2)o1)NO,7.958607314841775,1,
O=C(CCCCCNC(=O)c1ncc(-c2ccccc2)s1)NO,7.337242168318426,1,
O=C(CCCCCNC(=S)N/N=C(\c1ccccc1)c1cccc([N+](=O)[O-])c1)NO,7.327902142064282,1,
O=C(CCCCCNC(=S)Nc1ccc2c(c1)C(=O)NC2=O)NO,5.496209316942819,2,0.0
O=C(CCCCCNC1CC1c1ccccc1)NO,6.086716098239581,1,
O=C(CCCCCNP(=O)([O-])[O-])Nc1ccccc1,4.154901959985743,1,
O=C(CCCCCNc1cc(N2CCCCCC2)nc(-c2ccccn2)n1)NO,6.272458742971444,1,
O=C(CCCCCNc1cc(N2CCc3ccccc3CC2)nc(-c2ccccn2)n1)NO,6.465973893943865,1,
O=C(CCCCCONC(=O)Cc1ccc2ccccc2c1)NO,5.597548821738703,2,0.23606439054883205
O=C(CCCCCONC(=O)Nc1cnc2ccccc2c1)NO,7.2839966563652006,1,
O=C(CCCCCONC(=O)c1[nH]nc2ccccc12)NO,6.257636597850668,2,0.15400071031282608
O=C(CCCCCONC(=O)c1c(Cl)cncc1Cl)NO,4.867414138404534,2,0.04070409364652316
O=C(CCCCCONC(=O)c1c[nH]c2ccccc12)NO,5.978988036375566,2,0.15913713139189525
O=C(CCCCCONC(=O)c1cc(Br)cc(Br)c1)NO,5.763621775341393,2,0.026720547656175313
O=C(CCCCCONC(=O)c1cc(C(F)(F)F)cc(C(F)(F)F)c1)NO,4.96747169832199,2,0.01253613133979781
O=C(CCCCCONC(=O)c1cc(F)cc(F)c1)NO,5.422509719913068,2,0.0016248322201236033
O=C(CCCCCONC(=O)c1cc(I)cc(I)c1I)NO,5.084769824984516,2,0.08187968228371532
O=C(CCCCCONC(=O)c1cc2ccccc2[nH]1)NO,6.408928777738987,5,1.034840444573173
O=C(CCCCCONC(=O)c1cc2ccccc2o1)NO,5.73407540659907,2,0.04656790725938326
O=C(CCCCCONC(=O)c1cc2ccccc2s1)NO,5.724580197467107,2,0.10855887345566047
O=C(CCCCCONC(=O)c1ccc2[nH]ccc2c1)NO,6.208684280255182,2,0.19530742688923575
O=C(CCCCCONC(=O)c1ccc2cc[nH]c2c1)NO,6.309894379144197,2,0.12451532338594933
O=C(CCCCCONC(=O)c1ccc2ccccc2c1)NO,6.413991676992455,5,1.1488336905334848
O=C(CCCCCONC(=O)c1ccc2ccccc2n1)NO,6.41033243238536,5,0.8219229067795505
O=C(CCCCCONC(=O)c1cccc2[nH]ccc12)NO,6.224763521446718,2,0.13292934487202532
O=C(CCCCCONC(=O)c1cccc2cc[nH]c12)NO,6.265531097167269,2,0.10141476939426766
O=C(CCCCCONC(=O)c1cccc2ccccc12)NO,5.672570147439309,2,0.07207970527721454
O=C(CCCCCONC(=O)c1ccnc2ccccc12)NO,5.169332224419559,2,0.07734821091560527
O=C(CCCCCONC(=O)c1cnc2ccccc2n1)NO,6.2083076418959795,5,1.1483337364017576
O=C(CCCCCONC(=O)c1nc(-c2cc3ccccc3o2)cs1)NO,7.522878745280337,1,
O=C(CCCCCONC(=O)c1nc(-c2ccc(C(F)(F)F)cc2)cs1)NO,6.96657624451305,1,
O=C(CCCCCONC(=O)c1nc(-c2ccc(F)cc2)cs1)NO,7.346787486224656,1,
O=C(CCCCCONC(=O)c1nc(-c2ccc(N3CCCC3)cc2)cs1)NO,7.1938200260161125,1,
O=C(CCCCCONC(=O)c1nc(-c2cccc(F)c2)cs1)NO,7.327902142064282,1,
O=C(CCCCCONC(=O)c1nc(-c2ccccc2)cs1)NO,7.1249387366083,1,
O=C(CCCCCONC(=O)c1nc(-c2ccccc2F)cs1)NO,7.292429823902063,1,
O=C(CCCCCONC(=O)c1nc(-c2cccs2)cs1)NO,7.0915149811213505,1,
O=C(CCCCCONC(=O)c1nc(-c2ccsc2)cs1)NO,7.309803919971486,1,
O=C(CCCCCONC(=O)c1nc2ccccc2[nH]1)NO,5.210889048252579,2,0.238966590717909
O=C(CCCCCONC(=O)c1nc2ccccc2s1)NO,5.534474576611304,2,0.048311881795821444
O=C(CCCCCONC(=O)c1nccc2ccccc12)NO,6.092336916468169,5,0.5920629397849272
O=C(CCCCCOP(=O)([O-])[O-])Nc1ccccc1,4.221848749616356,1,
O=C(CCCCCOP([O-])([O-])=S)Nc1ccccc1,4.301029995663981,1,
O=C(CCCCCOc1ccc(-c2csc(N3N=C(c4ccccc4)/C(=N/Nc4nccs4)C3=O)n2)cc1)NO,7.119186407719209,1,
O=C(CCCCCOc1ccc(-c2nc3ccc(-c4nc5ccccc5[nH]4)cc3[nH]2)cc1)NO,7.356547323513812,1,
O=C(CCCCCOc1ccc(-c2nc3ccccc3[nH]2)cc1)NO,7.119186407719209,1,
O=C(CCCCCOc1ccc(-c2sc3cc(O)ccc3c2C(=O)c2ccc(OCCN3CCCCC3)cc2)cc1)NO,7.6777807052660805,1,
O=C(CCCCCOc1ccc(-n2[se]c3ccccc3c2=O)cc1)NO,6.29413628771608,1,
O=C(CCCCCOc1ccc2c(c1)N=C(NC(=O)c1ccccc1)N1CCN=C21)NO,7.301029995663981,1,
O=C(CCCCCOc1ccc2cc1COC/C=C/COCc1cccc(c1)-c1ccnc(n1)N2)NO,7.552841968657781,1,
O=C(CCCCCOc1cccc(-c2nc3ccc(-c4nc5ccccc5[nH]4)cc3[nH]2)c1)NO,7.568636235841012,1,
O=C(CCCCCOc1cccc(-c2nc3ccccc3[nH]2)c1)NO,6.924453038607469,1,
O=C(CCCCCOc1cccc(-c2nnc(-c3ccccc3)s2)c1)NO,7.698970004336019,1,
O=C(CCCCCOc1no[n+]([O-])c1S(=O)(=O)c1ccccc1)NO,6.8631462342007765,3,1.5530610227613477
O=C(CCCCCS(=O)(=O)c1ccccc1)NO,4.809668301829708,1,
O=C(CCCCCS)Nc1ccccc1,6.802861736616089,2,0.5247629785991131
O=C(CCCCCSc1ccc(NS(=O)(=O)c2ccc(Cl)cc2)cc1)NO,5.026872146400301,1,
O=C(CCCCCSc1ccccc1)NO,5.026872146400301,1,
O=C(CCCCCSc1nc(-c2ccc(-c3ccccc3)cc2)cc(=O)[nH]1)NO,8.045757490560675,1,
O=C(CCCCCSc1nc(-c2ccc3ccccc3c2)cc(=O)[nH]1)NO,7.769551078621726,1,
O=C(CCCCCSc1nc2c([nH]c3ccccc32)c(=O)[nH]1)NO,5.58838029403677,1,
O=C(CCCCCSc1nc[nH]n1)Nc1ccccc1,5.09151498112135,1,
O=C(CCCCCSc1nnc(-c2ccncc2)n1-c1ccccc1)NO,3.608835448302873,1,
O=C(CCCCC[C@@H]1CN(O)C1=O)Nc1ccccc1,3.8794260687941504,1,
O=C(CCCCC[C@@H]1NC(=O)[C@H](Cc2c[nH]c3ccccc23)NC(=O)[C@H]2CCCN2C(=O)[C@H](Cc2c[nH]c3ccccc23)NC1=O)NO,4.607303046740334,1,
O=C(CCCCC[C@@H]1NC(=O)[C@H]2CCCN2C(=O)[C@@H]2CCCCCCCCCCCC[C@@H](NC1=O)C(=O)N2)NO,6.619788758288394,1,
O=C(CCCCC[C@@H]1NC(=O)[C@H]2CCCN2C(=O)[C@@H]2CCCCCCCCCCC[C@@H](NC1=O)C(=O)N2)NO,6.552841968657781,1,
O=C(CCCCC[C@@H]1NC(=O)[C@H]2CCCN2C(=O)[C@@H]2CCCCCCCCCC[C@@H](NC1=O)C(=O)N2)NO,6.3872161432802645,1,
O=C(CCCCC[C@@H]1NC(=O)[C@H]2CCCN2C(=O)[C@@H]2CCCCCCCCC[C@@H](NC1=O)C(=O)N2)NO,6.481486060122112,1,
O=C(CCCCC[C@@H]1NC(=O)[C@H]2CCCN2C(=O)[C@H](Cc2ccccc2)NC(=O)[C@H](Cc2c[nH]c3ccccc23)NC1=O)NO,5.698970004336019,1,
O=C(CCCCC[C@@H]1NC(=O)[C@H]2CCCN2C(=O)[C@H](Cc2ccccc2)NC(=O)[C@H](Cc2ccccc2)NC1=O)NO,8.698970004336019,1,
O=C(CCCCC[C@H](NC(=O)C(F)(F)F)c1nc(-c2ccccc2F)c[nH]1)c1ccon1,5.040958607678906,1,
O=C(CCCCC[C@H](NC(=O)C1C(=O)NCC1c1ccccc1)C(=O)Nc1ccccc1)NO,8.397940008672037,1,
O=C(CCCCC[C@H](NC(=O)C1CCCNC1=O)C(=O)Nc1ccccc1)NO,7.721246399047171,1,
O=C(CCCCC[C@H](NC(=O)C1CCNC1=O)C(=O)Nc1ccccc1)NO,8.397940008672037,1,
O=C(CCCCC[C@H](NC(=O)[C@@H]1CC(=O)N1)C(=O)Nc1ccccc1)NO,8.372363747448347,2,0.21286035127455813
O=C(CCCCC[C@H](NC(=O)[C@@H]1CCC(=O)N1)C(=O)Nc1ccccc1)NO,8.372363747448347,2,0.21286035127455813
O=C(CCCCC[C@H](NC(=O)[C@@H]1CCCC(=O)N1)C(=O)NC1CCCC1)NO,7.508638306165727,1,
O=C(CCCCC[C@H](NC(=O)[C@@H]1CCCC(=O)N1)C(=O)NCCc1ccccc1)NO,8.096910013008056,1,
O=C(CCCCC[C@H](NC(=O)[C@@H]1CCCC(=O)N1)C(=O)Nc1ccccc1)NO,8.301029995663981,1,
O=C(CCCCC[C@H](NC(=O)[C@H]1CC12CCOCC2)c1nc(-c2ccc(F)cc2)c[nH]1)c1ncco1,4.346787486224656,1,
O=C(CCCCC[C@H](NC(=O)[C@H]1CCC(=O)N1)C(=O)NCCc1ccccc1)NO,8.221848749616356,1,
O=C(CCCCC[C@H](NC(=O)[C@H]1CCC(=O)N1)C(=O)Nc1cccc(C(F)(F)F)c1)NO,8.698970004336019,2,0.0
O=C(CCCCC[C@H](NC(=O)[C@H]1CCC(=O)N1)C(=O)Nc1ccccc1)NO,8.096910013008056,1,
O=C(CCCCC[C@H](NC(=O)c1cc2ccccc2[nH]1)C(=O)Nc1cccc2cccnc12)NO,6.97061622231479,1,
O=C(CCCCC[C@H](NC(=O)c1cncs1)c1nc(-c2ccc(F)cc2)c[nH]1)c1ncco1,4.346787486224656,1,
O=C(CCCCC[C@H]1CN(O)C1=O)Nc1ccccc1,3.7594507517174005,1,
O=C(CCCCC[S+]([O-])c1ccc(Cl)cc1)NO,5.886056647693163,1,
O=C(CCCCC[S+]([O-])c1ccccc1)NO,5.113509274827518,1,
O=C(CCCCCc1ccc(-c2sc3cc(O)ccc3c2C(=O)c2ccc(OCCN3CCCCC3)cc2)cc1)NO,6.527243550682788,1,
O=C(CCCCCc1ccc2c(c1)OCO2)NO,7.1084772139426535,2,0.4572450308676273
O=C(CCCCCn1[se]c2ccccc2c1=O)NO,6.7423214251308154,1,
O=C(CCCCCn1c(=O)c(-c2ccc(Cl)cc2Cl)cc2cnc(NC3CC3)nc21)NO,7.42021640338319,1,
O=C(CCCCCn1c(=O)c2ccccc2c(=O)c2ccccc21)NO,6.815308569182401,1,
O=C(CCCCCn1c2c(c3ccccc31)CCCC2)NO,7.045757490560675,2,0.0
O=C(CCCCCn1c2ccccc2c2ccccc21)NO,7.267477588094586,3,0.1036966306032431
O=C(CCCCCn1cc(-c2ccc(-c3ccccc3)cc2)nn1)NO,7.2839966563652006,1,
O=C(CCCCCn1cc(-c2ccc(-c3ccncc3)cc2)nn1)NO,8.638272163982407,1,
O=C(CCCCCn1cc(-c2ccc(Nc3c4ccccc4nc4ccccc34)cc2)nn1)NO,8.561314327065112,2,0.03353429155958347
O=C(CCCCCn1cc(-c2ccc3ccccc3n2)nn1)NO,8.67778070526608,1,
O=C(CCCCCn1cc(-c2ccc3cccnc3c2)nn1)NO,6.818156412055227,1,
O=C(CCCCCn1cc(-c2ccc3ncnc(Nc4ccc(Br)cc4F)c3c2)nn1)NO,8.366531544420413,1,
O=C(CCCCCn1cc(-c2ccc3ncnc(Nc4ccc(F)c(Cl)c4)c3c2)nn1)NO,8.022276394711152,1,
O=C(CCCCCn1cc(-c2ccc3ncnc(Nc4ccc(OCc5cccc(F)c5)c(Cl)c4)c3c2)nn1)NO,7.026872146400302,1,
O=C(CCCCCn1cc(-c2ccc3ncnc(Nc4ccc(OCc5nccs5)c(Cl)c4)c3c2)nn1)NO,7.853871964321762,1,
O=C(CCCCCn1cc(-c2ccc3ncnc(Nc4cccc(Cl)c4F)c3c2)nn1)NO,8.387216143280265,1,
O=C(CCCCCn1cc(-c2cccc(-c3ccccc3)c2)nn1)NO,8.721246399047171,1,
O=C(CCCCCn1cc(-c2cccc(Nc3c4ccccc4nc4ccccc34)c2)nn1)NO,8.468521082957745,1,
O=C(CCCCCn1cc(-c2ccccc2)nn1)NO,7.853871964321762,1,
O=C(CCCCCn1cc(-c2ccccc2-c2ccccc2)nn1)NO,6.787812395596042,1,
O=C(CCCCCn1cc(-c2ccccn2)nn1)NO,7.167491087293763,1,
O=C(CCCCCn1cc(-c2cccnc2)nn1)NO,6.542118103266008,1,
O=C(CCCCCn1cc(-c2cccs2)nn1)NO,7.494850021680094,1,
O=C(CCCCCn1cc(-c2ccncc2)nn1)NO,6.94692155651658,1,
O=C(CCCCCn1cc(-c2ncnc3[nH]ccc23)cn1)NO,8.537602002101044,1,
O=C(CCCCCn1cc(C(=O)NC2C3CC4CC(C3)CC2C4)c2ccccc21)NO,8.0,1,
O=C(CCCCCn1cc(Nc2cc(-c3cccc(NCC4CCOCC4)n3)c(Cl)cn2)cn1)NO,6.201349354554731,1,
O=C(CCCCCn1cc(Nc2cc(-c3cccc(NCc4cccc(F)c4)n3)c(Cl)cn2)cn1)NO,6.3214816209598865,1,
O=C(CCCCCn1cc(Nc2ncc(Cl)c(-c3cnc4ccccn34)n2)cn1)NO,7.180456064458131,1,
O=C(CCCCCn1cc(Nc2ncc(Cl)c(Nc3ccc(Cl)cc3)n2)cn1)NO,8.27642098432889,2,0.5975745548615414
O=C(CCCCCn1cc(Nc2ncc(Cl)c(Nc3ccc(F)cc3)n2)cn1)NO,7.585026652029182,1,
O=C(CCCCCn1cc(Nc2ncc(Cl)c(Nc3cccc(Cl)c3)n2)cn1)NO,8.397940008672037,1,
O=C(CCCCCn1cc(Nc2ncc(Cl)c(Nc3ccccc3Cl)n2)cn1)NO,7.7447274948966935,1,
O=C(CCCCCn1cc(Nc2ncc(Cl)c(OC3CCCCC3)n2)cn1)NO,6.8696662315049934,1,
O=C(CCCCCn1cc(Nc2ncc3ccn(-c4ccc(Br)cc4)c3n2)cn1)NO,7.958607314841775,1,
O=C(CCCCCn1cc(Nc2ncc3ccn(Cc4cccc(Cl)c4)c3n2)cn1)NO,7.468521082957745,1,
O=C(CCCCCn1cc(Nc2ncc3ccn(Cc4cccc(F)c4)c3n2)cn1)NO,7.853871964321762,1,
O=C(CCCCCn1cc(Nc2ncc3ccn(Cc4ccccc4)c3n2)cn1)NO,7.853871964321762,1,
O=C(CCCCCn1cc(Nc2ncc3ccn(Cc4ccccc4Cl)c3n2)cn1)NO,7.346787486224656,1,
O=C(CCCCCn1cc(Nc2ncc3ccn(Cc4ccccc4F)c3n2)cn1)NO,7.823908740944319,1,
O=C(CCCCN1C(=O)CN=C(c2ccccc2)c2ccccc21)NO,5.723538195826755,1,
O=C(CCCCN1C(=O)[C@@H](CS)N=C(c2ccccc2)c2ccccc21)NO,6.236572006437063,1,
O=C(CCCCN1C(=O)[C@H](CC(=O)NC(c2ccccc2)(c2ccccc2)c2ccccc2)N=C(c2ccccc2)c2ccccc21)NO,5.202732459169283,1,
O=C(CCCCN1C(=O)[C@H](CCC(=O)NC(c2ccccc2)(c2ccccc2)c2ccccc2)N=C(c2ccccc2)c2ccccc21)NO,6.004364805402449,1,
O=C(CCCCN1C(=O)[C@H](CCC(=O)NO)N=C(c2ccccc2)c2ccccc21)NO,5.7594507517174005,1,
O=C(CCCCN1C(=O)[C@H](CO)N=C(c2ccccc2)c2ccccc21)NO,5.197226274708024,1,
O=C(CCCCN1C(=O)[C@H](Cc2cc3ccccc3[nH]2)N=C(c2ccccc2)c2ccccc21)NO,5.709965388637482,1,
O=C(CCCCN1C(=O)[C@H](Cc2ccc(O)cc2)N=C(c2ccccc2)c2ccccc21)NO,5.0726296369609765,1,
O=C(CCCCN1C(=O)[C@H](Cc2ccccc2)N=C(c2ccccc2)c2ccccc21)NO,5.703334809738469,1,
O=C(CCCCN1C(=O)[C@H](Cc2cnc[nH]2)N=C(c2ccccc2)c2ccccc21)NO,5.302770657240282,1,
O=C(CCCCN1C(=O)[C@H](Cc2cncn2C(c2ccccc2)(c2ccccc2)c2ccccc2)N=C(c2ccccc2)c2ccccc21)NO,5.324221658325914,1,
O=C(CCCCN1C/C=C/CCOc2cccc(c2)-c2ccnc(n2)Nc2cccc(c2)C1)NO,6.600326278518962,1,
O=C(CCCCN1C/C=C/COCc2cccc(c2)-c2ccnc(n2)Nc2cccc(c2)C1)NO,6.801342913045577,1,
O=C(CCCCN1CC(=O)N2[C@H](c3ccc(Br)cc3)c3[nH]c4ccccc4c3C[C@@H]2C1=O)NO,7.214670164989233,1,
O=C(CCCCNC(=O)/C(Cc1ccc(O)c(Br)c1)=N/O)NO,5.889410289700751,1,
O=C(CCCCNC(=O)c1cc(-c2ccc(F)cc2)[nH]n1)NO,6.375890719404962,2,0.2613135550117535
O=C(CCCCNC(=O)c1cc(-c2ccccc2)on1)NO,7.207608310501746,1,
O=C(CCCCNC(=O)c1cc2c(cn1)[nH]c1ccccc12)NO,5.844663962534938,1,
O=C(CCCCNC(=O)c1ccc(-c2csc(N3N=C(c4ccccc4)/C(=N/Nc4nccs4)C3=O)n2)cc1)NO,6.684029654543082,1,
O=C(CCCCNC(=O)c1csc(-c2cccs2)n1)NO,6.216096420727265,1,
O=C(CCCCNC(=O)c1csc(-c2cscn2)n1)NO,5.76278696309558,2,0.1598556037605346
O=C(CCCCNC(=O)c1csc(-c2nccs2)n1)NO,5.9566421680275585,2,0.0027791372767187066
O=C(CCCCNC(=O)c1nc(-c2nc(-c3ccccc3)cs2)sc1C1CC1)NO,6.732828271596986,1,
O=C(CCCCNC(=O)c1nc(-c2nc(C3CC3)cs2)sc1C1CC1)NO,6.478861916295964,1,
O=C(CCCCNC(=O)c1nc(-c2nc3c(s2)CCC3)sc1C1CC1)NO,5.889410289700751,1,
O=C(CCCCNC(=O)c1nc(-c2nc3c(s2)CCCC3)sc1C1CC1)NO,5.73118809626022,1,
O=C(CCCCNC(=O)c1nc(-c2nc3c(s2)CCCCC3)sc1C1CC1)NO,5.739213331345024,1,
O=C(CCCCNC(=O)c1nc(-c2nc3c(s2)CCCCCC3)sc1C1CC1)NO,5.748605149959896,1,
O=C(CCCCNC(=O)c1nc(-c2ncc(-c3ccccc3)s2)sc1C1CC1)NO,6.311580177997289,1,
O=C(CCCCNC(=O)c1nc(-c2ncc([N+](=O)[O-])s2)sc1C1CC1)NO,5.513144644723057,1,
O=C(CCCCNC(=O)c1nc(-c2nccs2)sc1-c1ccc(F)cc1)NO,6.300596134898368,2,0.0006135717789123004
O=C(CCCCNC(=O)c1nc(-c2nccs2)sc1-c1ccc(F)cc1Cl)NO,5.301855942255244,2,6.153543216310184e-05
O=C(CCCCNC(=O)c1nc(-c2nccs2)sc1-c1ccc([N+](=O)[O-])cc1)NO,5.971225901445161,2,0.0008622164948654337
O=C(CCCCNC(=O)c1nc(-c2nccs2)sc1-c1cccc([N+](=O)[O-])c1)NO,6.325138859262188,1,
O=C(CCCCNC(=O)c1nc(-c2nccs2)sc1-c1ccccc1)NO,6.329292630749085,2,0.001966447956374202
O=C(CCCCNC(=O)c1nc(-c2nccs2)sc1-c1ccccc1Cl)NO,5.286173705403602,2,0.00047482432835949996
O=C(CCCCNC(=O)c1nc(-c2nccs2)sc1/C=C/c1ccccc1)NO,6.1095789811990855,1,
O=C(CCCCNC(=O)c1nc(-c2nccs2)sc1C1CC1)NO,6.647416126061826,4,0.6280661029425314
O=C(CCCCNC(=O)c1nc(-c2nccs2)sc1C1CCCCC1)NO,6.125518569371919,2,0.0008200073582183465
O=C(CCCCNC(=O)c1nc(-c2nccs2)sc1CCOCc1ccccc1)NO,6.020682228467154,2,0.0022544915229393433
O=C(CCCCNC(=O)c1nc(-c2nccs2)sc1Cc1ccccc1)NO,5.757458855972077,2,0.0007027293070754858
O=C(CCCCNC(=O)c1ncc(-c2ccccc2)o1)NO,6.774690718274137,1,
O=C(CCCCNC(=S)Nc1ccc(/C=C/C(=O)c2cccnc2)cc1)NO,5.3872161432802645,1,
O=C(CCCCNC(=S)Nc1ccc2c(c1)C(=O)NC2=O)NO,4.848630149752539,1,
O=C(CCCCNP(=O)([O-])[O-])Nc1ccccc1,3.443697499232713,1,
O=C(CCCCNc1cc(N2CCCCCC2)nc(-c2ccccn2)n1)NO,5.643018599006869,1,
O=C(CCCCNc1cc(N2CCc3ccccc3CC2)nc(-c2ccccn2)n1)NO,6.166215625343521,1,
O=C(CCCCOCc1cc(-c2ccccc2)on1)NO,7.301029995663981,1,
O=C(CCCCOP(=O)([O-])[O-])Nc1ccccc1,2.6575773191777934,1,
O=C(CCCCOc1ccc(-c2cc(=S)ss2)cc1)NO,7.096910013008056,1,
O=C(CCCCOc1ccc(-c2cc(=S)ss2)cc1)Nc1ccccc1,4.301029995663981,1,
O=C(CCCCOc1ccc(-c2csc(N3N=C(c4ccccc4)/C(=N/Nc4nccs4)C3=O)n2)cc1)NO,6.924453038607469,1,
O=C(CCCCOc1ccc(-c2nc3ccc(-c4nc5ccccc5[nH]4)cc3[nH]2)cc1)NO,6.6595558851598815,1,
O=C(CCCCOc1ccc(-c2nc3ccccc3[nH]2)cc1)NO,6.723538195826755,1,
O=C(CCCCOc1ccc(-c2sc3cc(O)ccc3c2C(=O)c2ccc(OCCN3CCCCC3)cc2)cc1)NO,6.910094888560602,1,
O=C(CCCCOc1ccc2cc1COC/C=C/COCc1cccc(c1)-c1ccnc(n1)N2)NO,6.97061622231479,1,
O=C(CCCCOc1cccc(-c2nc3ccc(-c4nc5ccccc5[nH]4)cc3[nH]2)c1)NO,6.517126416391246,1,
O=C(CCCCOc1cccc(-c2nc3ccccc3[nH]2)c1)NO,6.7121982700697735,1,
O=C(CCCCOc1cccc(-c2nnc(-c3ccccc3)s2)c1)NO,7.494850021680094,1,
O=C(CCCCOc1ccccc1C(=O)Nc1cccc2[nH]cnc12)NO,5.568636235841012,1,
O=C(CCCCS)Nc1ccccc1,5.207608310501746,1,
O=C(CCCCSc1nc(-c2ccc(-c3ccccc3)cc2)cc(=O)[nH]1)NO,8.154901959985743,2,0.0
O=C(CCCCSc1nc(-c2ccc3ccccc3c2)cc(=O)[nH]1)NO,7.920818753952375,1,
O=C(CCCCSc1nc2c([nH]c3ccccc32)c(=O)[nH]1)NO,5.330683119433887,1,
O=C(CCCCc1cc(C(=O)NO)no1)NC1CCCC1,4.767003889607846,1,
O=C(CCCCc1cc(C(=O)NO)no1)NC1CCCCC1,4.910094888560602,1,
O=C(CCCCc1cc(C(=O)NO)no1)Nc1ccc(-c2ccccc2)cc1,6.053056729302174,1,
O=C(CCCCc1cc(C(=O)NO)no1)Nc1ccccc1,6.366531544420413,1,
O=C(CCCCc1cc(C(=O)NO)no1)Nc1cnc2ccccc2c1,7.292429823902063,1,
O=C(CCCCc1cc(C(=O)NO)no1)Nc1nc(-c2ccccc2)cs1,7.167491087293763,1,
O=C(CCCCc1ccc(-c2sc3cc(O)ccc3c2C(=O)c2ccc(OCCN3CCCCC3)cc2)cc1)NO,6.655607726314889,1,
O=C(CCCCc1ccc(Cl)cc1)NO,5.58838029403677,1,
O=C(CCCCc1ccccc1)Nc1ccc(C(=O)NO)cc1,6.6020599913279625,1,
O=C(CCCCc1ccn(-c2ccccc2)n1)NO,7.1938200260161125,1,
O=C(CCCCc1ccn(Cc2ccc(-c3ccccc3)cc2)n1)NO,7.468521082957745,1,
O=C(CCCCc1ccn(Cc2ccc(-n3ccc4ccccc43)cc2)n1)NO,6.801342913045577,1,
O=C(CCCCc1ccn(Cc2ccc(Nc3ccccc3)cc2)n1)NO,7.187086643357144,1,
O=C(CCCCc1ccn(Cc2cccc(-c3ccccc3)c2)n1)NO,5.282495925235798,1,
O=C(CCCCc1cn(-c2ccc(C(=O)c3c(-c4ccc(O)cc4)sc4cc(O)ccc34)cc2)nn1)NO,5.886056647693163,1,
O=C(CCCCc1nnc(-c2cc3c([nH]c4ccccc43)c(-c3ccc(C(F)(F)F)cc3)n2)o1)NO,8.221848749616356,1,
O=C(CCCCn1[se]c2ccccc2c1=O)NO,6.448550002027124,1,
O=C(CCCCn1c2ccccc2c2ccccc21)NO,5.580044251510242,2,0.0
O=C(CCCCn1cc(-c2ccccc2)nn1)NO,6.958607314841775,1,
O=C(CCCCn1cc(-c2ncnc3[nH]ccc23)cn1)NO,8.221848749616356,1,
O=C(CCCCn1cc(C(=O)NC2=CC(c3ccccc3)N=N2)c(=O)c2ccccc21)NO,7.022276394711152,1,
O=C(CCCCn1cc(C(=O)NC2C3CC4CC(C3)CC2C4)c2ccccc21)NO,7.3979400086720375,1,
O=C(CCCCn1cc(C(=O)NCc2ccccc2)c(=O)c2ccccc21)NO,6.920818753952375,1,
O=C(CCCCn1cc(C(=O)NCc2cccs2)c(=O)c2ccccc21)NO,6.4089353929735005,1,
O=C(CCCCn1cc(C(=O)Nc2ccc(F)cc2)c(=O)c2cc(F)ccc21)NO,7.3979400086720375,1,
O=C(CCCCn1cc(C(=O)Nc2ccc(F)cc2)c(=O)c2ccccc21)NO,6.568636235841012,1,
O=C(CCCCn1cc(C(=O)Nc2ccccc2)c(=O)c2ccccc21)NO,7.494850021680094,1,
O=C(CCCCn1cc(C(=O)Nc2ccncc2)c(=O)c2cc(F)ccc21)NO,7.070581074285707,1,
O=C(CCCCn1cc(C(=O)Nc2ccncc2)c(=O)c2ccccc21)NO,7.045757490560675,1,
O=C(CCCCn1cc(C(=O)Nc2nc3ccccc3s2)c(=O)c2cc(F)ccc21)NO,7.4089353929735005,1,
O=C(CCCCn1cc(C(=O)Nc2nc3ccccc3s2)c(=O)c2ccccc21)NO,8.823908740944319,1,
O=C(CCCCn1cc(C(=O)Nc2nccs2)c(=O)c2ccccc21)NO,7.376750709602099,1,
O=C(CCCCn1cc(Nc2ncc(Cl)c(Nc3ccc(F)cc3)n2)cn1)NO,6.376763019885328,2,0.1864998183995753
O=C(CCCNC(=O)CC[C@@H]1N=C(c2ccccc2)c2ccccc2NC1=O)NO,5.145086977692145,1,
O=C(CCCNC(=O)C[C@@H]1N=C(c2ccccc2)c2ccccc2NC1=O)NO,5.75448733218585,1,
O=C(CCCNC(=O)c1cc(-c2ccc(F)cc2)[nH]n1)NO,5.78022542229167,2,0.27676101489581956
O=C(CCCNC(=O)c1cc2c(cn1)[nH]c1ccccc12)NO,5.806875401645538,1,
O=C(CCCNC(=O)c1nc(-c2nccs2)sc1C1CC1)NO,5.447210149807217,1,
O=C(CCCNC(=S)Nc1ccc2c(c1)C(=O)NC2=O)NO,4.90031935889075,1,
O=C(CCCNc1cc(-c2cccnc2)cc(N2CCN(c3ccc(F)cc3)CC2)c1)NO,5.717604495257474,1,
O=C(CCCNc1cc(N2CCCCCC2)nc(-c2cccnc2)n1)NO,6.301029995663981,1,
O=C(CCCO/N=C1/C(=C2/C(=O)Nc3ccccc32)Nc2ccccc21)NO,6.889410289700751,1,
O=C(CCCOc1ccc(-c2csc(N3N=C(c4ccccc4)/C(=N/Nc4nccs4)C3=O)n2)cc1)NO,6.170696227168975,1,
O=C(CCCOc1ccc(-c2nc3ccccc3[nH]2)cc1)NO,6.008330992620051,1,
O=C(CCCOc1ccc(-c2sc3cc(O)ccc3c2C(=O)c2ccc(OCCN3CCCCC3)cc2)cc1)NO,7.040958607678906,1,
O=C(CCCOc1ccc(-n2[se]c3ccccc3c2=O)cc1)NO,6.044312249686494,1,
O=C(CCCOc1ccc2cc1COC/C=C/COCc1cccc(c1)-c1ccnc(n1)N2)NO,6.292429823902063,1,
O=C(CCCOc1cccc(-c2nc3ccc(-c4nc5ccccc5[nH]4)cc3[nH]2)c1)NO,7.301029995663981,1,
O=C(CCCOc1cccc(-c2nc3ccccc3[nH]2)c1)NO,6.309803919971486,1,
O=C(CCCSC[C@H](NC(=O)OCc1ccccc1)C(=O)Nc1cccc2ccccc12)NO,7.420818753952375,2,0.3933652706835837
O=C(CCCSC[C@H](NC(=O)OCc1ccccc1)C(=O)Nc1ccccc1)NO,7.40135972093719,2,0.3909183049624374
O=C(CCCSC[C@H](NC(=O)c1ccccc1)C(=O)Nc1ccccc1)NO,7.564798047360487,2,0.40881225389494996
O=C(CCCc1ccc(N(CCCl)CCCl)cc1)NO,6.158640529545146,1,
O=C(CCCc1ccccc1)NCc1ccc(C(=O)NO)cc1,6.098271442175793,2,0.2509559983651218
O=C(CCCc1ccccc1)NO,6.301029995663981,1,
O=C(CCCc1ccccc1)Nc1ccc(C(=O)NO)cc1,7.356547323513812,2,0.0
O=C(CCCc1ccccc1)Oc1ccc(-c2cssc2=S)cc1,3.746177561291927,1,
O=C(CCCc1csc(/C=C/c2ccccc2)n1)NO,6.3022751063088585,4,0.3661903696970249
O=C(CCCc1csc(CCc2ccccc2)n1)NO,7.022276394711152,1,
O=C(CCCc1csc(Cc2ccccc2)n1)NO,6.076238039171299,1,
O=C(CCCn1cc(-c2ncnc3[nH]ccc23)cn1)NO,6.218963061378869,1,
O=C(CCCn1cncn1)N(Cc1ccc(-c2noc(C(F)(F)F)n2)cc1)c1cccc(C(F)(F)F)c1,7.552841968657781,1,
O=C(CCN1C(=O)C2(OCCCO2)c2cc(Br)ccc21)Nc1ccc(C(=O)NO)cc1,6.899629454882437,1,
O=C(CCN1CCOCC1)N(Cc1ncc(-c2nnc(C(F)F)o2)s1)c1cccnc1,6.287350298372789,3,0.0
O=C(CCN1CCOCC1)N(Cc1ncc(-c2nnc(C(F)F)o2)s1)c1cncc(Cl)c1,6.505845405981557,3,0.0
O=C(CCN1CCOCC1)N(Cc1ncc(-c2nnc(C(F)F)o2)s1)c1cncc(F)c1,6.304518323509801,3,0.0
O=C(CCNC(=O)[C@H]1CCCN(S(=O)(=O)c2ccc(NC(=O)Nc3ccc(OC(F)(F)F)cc3)c(F)c2)C1)NO,5.46344155742847,1,
O=C(CCNC(=O)c1cc2c(cn1)[nH]c1ccccc12)NO,5.490797477668897,1,
O=C(CCNC(=S)Nc1ccc2c(c1)C(=O)NC2=O)NO,4.741602195904491,1,
O=C(CCNc1cc(-c2cccnc2)cc(N2CCN(c3ccc(F)cc3)CC2)c1)NO,5.119815447173567,1,
O=C(CCNc1cc(N2CCCCCC2)nc(-c2cccnc2)n1)NO,5.306800854846283,1,
O=C(CCS)NCCCCCC(=O)Nc1ccccc1,4.619788758288394,1,
O=C(CCS/C=C/c1ccccc1)NCCSCc1ccco1,4.717151397165355,1,
O=C(CCS/C=C/c1ccccc1)NO,5.431798275933005,1,
O=C(CC[C@@H](CCCC(=O)Nc1ccccc1)Cc1ccccc1)NO,7.318758762624412,1,
O=C(CC[C@H](CCCC(=O)Nc1ccccc1)Cc1ccccc1)NO,7.022276394711152,1,
O=C(CCc1cc(C(=O)NO)no1)Nc1nc(-c2ccccc2)cs1,7.508638306165727,1,
O=C(CCc1ccc(-c2sc3cc(O)ccc3c2C(=O)c2ccc(OCCN3CCCCC3)cc2)cc1)NO,6.694648630553376,1,
O=C(CCc1ccc(-n2[se]c3ccccc3c2=O)cc1)NO,5.941194513324094,1,
O=C(CCc1ccc(C(=O)NCC2CCN(Cc3ccccc3)CC2)cc1)NO,6.0,1,
O=C(CCc1ccc(CN2c3ccccc3Sc3ccccc32)cc1)NO,6.464705879957229,1,
O=C(CCc1ccc(NC(=O)CCCc2ccccc2)cc1)NO,6.098271442175793,2,0.2509559983651224
O=C(CCc1ccc(NC(=O)Cc2ccccc2)cc1)NO,6.173925197299173,1,
O=C(CCc1ccc(NC(=O)Nc2ccc(Cl)cc2)cc1)NO,6.978810700930062,1,
O=C(CCc1ccc(Nc2c3ccccc3nc3ccccc23)cc1)NO,6.929118384862106,2,0.10641450844818395
O=C(CCc1cccc(C(=O)NCC2CCN(Cc3ccccc3)CC2)c1)NO,6.327902142064282,1,
O=C(CCc1ccccc1)NO,6.3487219860018556,1,
O=C(CCc1ccccc1)Nc1ccc(C(=O)NO)cc1,6.958607314841775,1,
O=C(CCc1csc(/C=C/c2c[nH]c3ccccc23)n1)NO,6.931814138253838,1,
O=C(CCc1csc(/C=C/c2ccc(Br)cc2)n1)NO,6.510041520575165,1,
O=C(CCc1csc(/C=C/c2ccc(Cl)cc2)n1)NO,6.22767829327708,1,
O=C(CCc1csc(/C=C/c2ccc(F)cc2)n1)NO,7.366531544420414,1,
O=C(CCc1csc(/C=C/c2ccccc2)n1)NO,5.858236769724212,1,
O=C(CCc1csc(CCc2c[nH]c3ccccc23)n1)NO,7.267606240177031,1,
O=C(CCc1csc(CCc2cc(O)c(O)c(O)c2)n1)NO,4.7092755199807765,1,
O=C(CCc1csc(CCc2ccc(Br)cc2)n1)NO,7.795880017344075,1,
O=C(CCc1csc(CCc2ccc(C(F)(F)F)cc2)n1)NO,7.4089353929735005,1,
O=C(CCc1csc(CCc2ccc(Cl)cc2)n1)NO,7.823908740944319,1,
O=C(CCc1csc(CCc2ccc(F)c(F)c2)n1)NO,7.698970004336019,1,
O=C(CCc1csc(CCc2ccc(F)cc2)n1)NO,7.6777807052660805,1,
O=C(CCc1csc(CCc2ccc(O)c(O)c2)n1)NO,6.250263684430939,1,
O=C(CCc1csc(CCc2ccc(O)cc2)n1)NO,7.2441251443275085,1,
O=C(CCc1csc(CCc2ccc([N+](=O)[O-])cc2)n1)NO,7.356547323513812,1,
O=C(CCc1csc(CCc2cccc(F)c2)n1)NO,7.42021640338319,1,
O=C(CCc1csc(CCc2ccccc2)n1)NO,7.508638306165727,1,
O=C(CCc1csc(CCc2ccco2)n1)NO,6.995678626217357,1,
O=C(CCc1csc(CCc2cccs2)n1)NO,7.468521082957745,1,
O=C(CCc1csc(Cc2ccccc2)n1)NO,5.8371370066780734,1,
O=C(CCn1c(=O)n(CCc2ccccc2)c(=O)c2ccccc21)NO,6.09799710864927,1,
O=C(CCn1c(=O)n(Cc2ccccc2)c(=O)c2ccc(Cl)cc21)NO,7.327902142064282,1,
O=C(CCn1c2ccccc2c2ccccc21)NO,5.798602875679549,2,0.0
O=C(CCn1cncn1)N(Cc1ccc(-c2noc(C(F)(F)F)n2)cc1)c1cccc(C(F)(F)F)c1,7.2839966563652006,1,
O=C(CN(C(=O)Cc1ccc(C(=O)NO)cc1)c1ccccc1)NC1CCCCC1,7.455931955649724,1,
O=C(CN(C(=O)Cc1ccc(C(=O)NO)cc1)c1ccccc1)NCc1ccccc1,7.366531544420414,1,
O=C(CN(C(=O)Cc1ccc(C(=O)NO)cc1)c1ccccc1C(F)(F)F)NC1CCCCC1,7.6777807052660805,1,
O=C(CN(C(=O)Cc1ccc(C(=O)NO)cc1F)c1ccccc1)NC1CCCCC1,7.795880017344075,1,
O=C(CN(C(=O)Cc1ccc(C(=O)NO)cc1F)c1ccccc1C(F)(F)F)NC1CCCCC1,7.886056647693163,1,
O=C(CN(Cc1ccc(C(=O)NO)cc1)C(=O)Cc1ccccc1)NC1CCCCC1,7.301029995663981,1,
O=C(CN(Cc1ccc(C(=O)NO)cc1)C(=O)Cc1ccccc1)NCc1ccccc1,7.522878745280337,1,
O=C(CN(Cc1ccc(C(=O)NO)cc1)C(=O)c1c[nH]c2ccccc12)NC1CCCC1,8.154901959985743,1,
O=C(CN(Cc1ccc(C(=O)NO)cc1)C(=O)c1c[nH]c2ccccc12)NC1CCCCC1,8.0,1,
O=C(CN(Cc1ccc(C(=O)NO)cc1)C(=O)c1c[nH]c2ccccc12)NCc1ccccc1,8.221848749616356,1,
O=C(CN(Cc1ccc(C(=O)NO)cc1)C(=O)c1cc2ccccc2[nH]1)NC1CCCCC1,7.886056647693163,1,
O=C(CN(Cc1ccc(C(=O)NO)cc1)C(=O)c1cc2ccccc2[nH]1)NCc1ccccc1,8.0,1,
O=C(CN(Cc1ccc(C(=O)NO)cc1)C(=O)c1cccc2ccccc12)NC1CCCCC1,7.508638306165727,1,
O=C(CN(Cc1ccc(C(=O)NO)cc1)C(=O)c1cccc2ccccc12)NCc1ccccc1,8.0,1,
O=C(CN(Cc1ccc(C(=O)NO)cc1F)C(=O)c1ccccc1C(F)(F)F)NC1CCCCC1,7.568636235841012,1,
O=C(CN(Cc1ccc(C(=O)NO)cc1F)C(=O)c1ccccc1F)NC1CCCCC1,7.7447274948966935,1,
O=C(CN1CCOCC1)NC(Cc1ccc(-c2noc(C(F)(F)F)n2)cn1)c1cccc(C(F)(F)F)c1,7.431798275933005,1,
O=C(CN1CCS(=O)(=O)CC1)N(Cc1ccc(-c2noc(C(F)(F)F)n2)cc1)c1cccc(C(F)(F)F)c1,7.3872161432802645,1,
O=C(CNC(=O)CNC(=O)OCc1ccccc1)NCc1ccc(C(=O)NO)cc1,6.474955192963154,1,
O=C(CNC(=O)c1cc2c(cn1)[nH]c1ccccc12)NO,5.209714835966759,1,
O=C(CNS(=O)(=O)c1cccc(C(=O)NO)c1)Nc1ccccc1,4.85078088734462,1,
O=C(CO)NCc1ccc(C(=O)CSc2nc(C(F)(F)F)nc3ccc(N4CCOCC4)cc23)s1,6.522878745280337,1,
O=C(CO)NCc1ccc(C(=O)CSc2nc3c(C(F)(F)F)cccc3o2)s1,5.664141088680182,1,
O=C(CO)NCc1ccc(C(=O)CSc2nc3cc(C(F)(F)F)ccc3o2)s1,5.664141088680182,1,
O=C(CO)NCc1ccc(C(=O)CSc2nc3cc(Cl)ccc3o2)s1,5.664141088680182,1,
O=C(CO)NCc1ccc(C(=O)CSc2nc3cc(Cl)cnc3[nH]2)s1,5.664141088680182,1,
O=C(CO)NCc1ccc(C(=O)CSc2nccc3cccnc23)s1,6.522878745280337,1,
O=C(CO)NCc1ccc(C(=O)CSc2nccc3ccncc23)s1,6.522878745280337,1,
O=C(CO)NCc1ccc(C(=O)CSc2nccc3ncccc23)s1,6.522878745280337,1,
O=C(CO)NCc1ccc(C(=O)CSc2nccn3ccnc23)s1,5.664141088680182,1,
O=C(CO)NCc1ccc(C(=O)CSc2nccn3cncc23)s1,6.522878745280337,1,
O=C(CO)NCc1ccc(C(=O)CSc2nccn3nccc23)s1,5.664141088680182,1,
O=C(COc1cc(-c2noc(C(F)(F)F)n2)ccn1)N1CCOCC1,7.0,1,
O=C(COc1ccc(-c2nc3ccccc3[nH]2)cc1)NO,6.804100347590767,1,
O=C(COc1ccc(C(=O)NO)cc1)Nc1ccc2ccnc(Nc3ccc4ccccc4c3)c2c1,6.2636034977233574,1,
O=C(COc1ccc(CNCCc2c[nH]c3ccccc23)c(F)c1)NO,7.853871964321762,1,
O=C(COc1ccc2c(c1)OC1(CCN(Cc3cc(Cl)cc(Cl)c3)CC1)CC2=O)NO,7.096910013008056,1,
O=C(COc1ccc2c(c1)OC1(CCN(Cc3cc(F)cc(F)c3)CC1)CC2=O)NO,7.096910013008056,1,
O=C(CS)NCC(S)CCCn1ccc2cc(Cl)c(Cl)cc21,6.272458742971444,1,
O=C(CS)NCCC(=O)Nc1cnc2ccccc2c1,4.403402904373539,1,
O=C(CS)NCCCC(=O)Nc1cnc2ccccc2c1,6.180456064458131,1,
O=C(CS)NCCCCC(=O)Nc1ccccc1,4.958607314841775,1,
O=C(CS)NCCCCC(=O)Nc1cnc2ccccc2c1,5.552841968657781,1,
O=C(CS)NCCCCCC(=O)Nc1ccc(-c2ccccc2NC(=O)[C@@H]2CCCN2)cc1,6.6777807052660805,1,
O=C(CS)NCCCCCC(=O)Nc1cccc2cccnc12,7.524499277162318,4,0.33496422154220495
O=C(CS)NCCCCCC(=O)Nc1ccccc1,6.4089353929735005,2,0.0
O=C(CS)NCCCCCC(=O)Nc1cnc2ccccc2c1,5.958607314841775,1,
O=C(CS)NCCCCCCC(=O)Nc1ccccc1,5.522878745280337,1,
O=C(CS)NCCCCCCNC(=O)Nc1ccccc1,5.6968039425795105,1,
O=C(CS)NCCCCCCn1cc(Cl)c2cc(Cl)c(Cl)cc21,6.617982957425132,1,
O=C(CS)NCCCCCCn1ccc2cc(Cl)c(Cl)cc21,7.1938200260161125,1,
O=C(CS)NCCCCCCn1ccc2cc(F)c(Cl)cc21,7.187086643357144,1,
O=C(CS)NCCCCCNC(=O)N1CCc2c(c3ccccc3n2Cc2ccccc2)C1,5.317403708539446,1,
O=C(CS)NCCCCCNc1c(Cl)cc(Cl)c2cccnc12,7.823908740944319,1,
O=C(CS)NCCCCCOc1c(Cl)cc(Cl)c2cccnc12,7.481486060122112,1,
O=C(CS)NCCCCCn1ccc2cc(Cl)c(Cl)cc21,7.794212985047326,4,0.32878865958889675
O=C(CS)NCCCCNC(=O)c1cc(-c2ccc(F)cc2)[nH]n1,5.371641127011256,2,0.4329467435471521
O=C(CS)NCCCCNc1c(Cl)cc(Cl)c2cccnc12,8.55284196865778,3,0.0
O=C(CS)NCCCNC(=O)c1cc(-c2ccc(F)cc2)[nH]n1,5.939713034397075,2,0.1637720023819215
O=C(CS)NCCNC(=O)c1cc(-c2ccc(F)cc2)[nH]n1,5.7011524070372435,2,0.061624480232433505
O=C(CS)Nc1ccc(CN2CCc3c(c4ccccc4n3Cc3ccccc3)C2)cc1,5.367239111520561,1,
O=C(CS)Nc1ccc(CNC(=O)N2CCc3c(c4ccccc4n3Cc3ccccc3)C2)cc1,5.606073993414164,1,
O=C(CS)Nc1ccc(Cn2c(=O)[nH]c(=O)c3cccc(Cl)c32)cc1,8.275724130399212,1,
O=C(CS)Nc1ccc(Cn2c3c(c4ccccc42)CS(=O)(=O)CC3)cc1,6.886056647693163,1,
O=C(CSC1=NC2CCCCC2N1)N1CCC(CCCc2ccccc2)CC1,6.121478204498794,1,
O=C(CSC1=NC2CCCCC2N1)N1CCC(c2ccc(C(F)(F)F)cc2)CC1,6.701146923590294,1,
O=C(CSC1=NC2CCCCC2N1)N1CCOCC1,6.106238237942057,1,
O=C(CSC1=N[C@H]2CCCC[C@H]2N1)N1CCOCC1,7.119186407719209,1,
O=C(CSc1nc(C(F)(F)F)nc2ccc(N3CCOCC3)cc12)c1ccc(CNC(=O)C2(O)CC2)s1,6.522878745280337,1,
O=C(CSc1nc(C(F)(F)F)nc2ccccc12)c1ccc(CCN2CCCC2=O)s1,6.522878745280337,1,
O=C(CSc1nc(C(F)(F)F)nc2nn(C3CC3)cc12)c1ccc(CNC(=O)C(F)(F)C(F)(F)F)s1,6.522878745280337,1,
O=C(CSc1nc(C(F)(F)F)nc2nn(C3CC3)cc12)c1ccc(CNC(=O)C2CC2(F)F)s1,6.522878745280337,1,
O=C(Cc1[nH]nc2ccccc12)N(Cc1ccc(-c2noc(C(F)(F)F)n2)cn1)c1cccc(F)c1,7.7447274948966935,1,
O=C(Cc1ccc(-c2noc(C(F)(F)F)n2)cc1)N1CCOCC1,5.259637310505756,1,
O=C(Cc1ccc(/C=C/C(=O)c2ncc[nH]2)cc1)Nc1ccc(F)cc1,5.698970004336019,1,
O=C(Cc1ccc(C(=O)NO)cc1)NC1=CC(=O)c2ccccc2C1=O,8.221848749616356,3,0.0
O=C(Cc1ccc(C(=O)NO)cc1)Nc1ccc2ncnc(Nc3ccc(Br)c(F)c3)c2c1,7.823908740944319,1,
O=C(Cc1ccc(C(=O)NO)cc1)Nc1ccc2ncnc(Nc3ccc(Cl)c(F)c3)c2c1,5.826813731587726,1,
O=C(Cc1ccc(C(=O)NO)cc1)Nc1ccc2ncnc(Nc3ccc(I)cc3)c2c1,4.787812395596042,1,
O=C(Cc1ccc(CN2C(=O)[C@@H]3CCCN3Cc3ccccc32)cc1)NO,6.5406075122407685,1,
O=C(Cc1ccc(CN2CCN(C(=O)c3cc(Cc4n[nH]c(=O)c5ccccc45)ccc3F)CC2)cc1)NO,6.889410289700751,1,
O=C(Cc1ccc(Cn2c3ccccc3c3ccccc32)cc1)NO,6.521433504406156,2,0.0
O=C(Cc1ccc(Nc2c3ccccc3nc3ccccc23)cc1)NO,7.130768280269024,1,
O=C(Cc1ccc(O)c(Br)c1)C(=O)NCCS,6.0,1,
O=C(Cc1ccc(O)c(Br)c1)C(=O)NCCSSCCNC(=O)C(=O)Cc1ccc(O)c(Br)c1,5.045757490560675,1,
O=C(Cc1ccc(OCCCn2c3c(c4cccc(Cl)c42)CCNC3)cc1)NO,6.338187314462739,1,
O=C(Cc1ccc2ccccc2c1)Nc1ccc(C(=O)NO)nc1,6.910094888560602,1,
O=C(Cc1cccc2ccccc12)Nc1ccc(C(=O)NO)nc1,7.4107993292331225,2,0.24639464283414225
O=C(Cc1ccccc1)NCc1ccc(C(=O)NO)cc1,5.6020599913279625,1,
O=C(Cc1ccccc1)NO,5.958607314841775,1,
O=C(Cc1ccccc1)Nc1ccc(C(=O)NO)cc1,6.881353831216271,2,0.10925292428375541
O=C(Cc1ccccc1)Nc1ccc(C(=O)NO)nc1,7.095624513825203,2,0.47542149368684045
O=C(Cc1cnc(N2CCC(CN3CC(=O)N4[C@H](c5ccc6c(c5)OCO6)c5[nH]c6ccccc6c5C[C@@H]4C3=O)CC2)nc1)NO,6.621602099051863,1,
O=C(Cc1cnccn1)N(Cc1ccc(-c2noc(C(F)(F)F)n2)cc1)c1cccc(C(F)(F)F)c1,7.161150909262744,1,
O=C(Cc1noc(-c2ccc(C(=O)C(F)(F)F)s2)n1)N1CCCC1,6.1487416512809245,1,
O=C(Cn1ccc(-c2nnc(C(F)F)o2)cc1=O)N1CCCC1,6.005682847330363,1,
O=C(Cn1ccc(-c2nnc(C(F)F)o2)cc1=O)N1CCOCC1,6.22767829327708,1,
O=C(Cn1ccc(-c2nnc(C(F)F)o2)cc1=O)Nc1ccccc1,6.661543506395395,1,
O=C(Cn1ccnn1)N(Cc1ccc(-c2noc(C(F)(F)F)n2)cc1)c1cccc(C(F)(F)F)c1,7.468521082957745,1,
O=C(Cn1cnc2ccccc21)N(Cc1ccc(-c2noc(C(F)(F)F)n2)cc1)c1cccc(C(F)(F)F)c1,6.795880017344075,1,
O=C(Cn1cncn1)N(Cc1ccc(-c2noc(C(F)(F)F)n2)cc1)c1cccc(C(F)(F)F)c1,7.721246399047171,1,
O=C(Cn1ncccc1=O)N(Cc1ccc(-c2noc(C(F)(F)F)n2)cc1)c1cccc(C(F)(F)F)c1,7.619788758288394,1,
O=C(N(Cc1ccc(-c2noc(C(F)(F)F)n2)cn1)c1cccc(F)c1)C1(CN2CCOCC2)CC1,7.823908740944319,1,
O=C(N1CCOCC1)N(Cc1ccc(-c2noc(C(F)(F)F)n2)cc1)c1cccc(C(F)(F)F)c1,7.366531544420414,1,
O=C(N1CCOCC1)N(Cc1ccc(-c2noc(C(F)(F)F)n2)cn1)c1cccc(C(F)(F)F)c1,6.920818753952375,1,
O=C(N1CCOCC1)N(Cc1ncc(-c2noc(C(F)(F)F)n2)cn1)c1cccc(C(F)(F)F)c1,7.161150909262744,1,
O=C(N1Cc2ccc(-c3noc(C(F)(F)F)n3)cc2OC[C@@H]1c1ccccc1)C(F)(F)F,5.560667306169737,1,
O=C(NC(=O)c1cc(Cl)cc(Cl)c1)NC1CN2CCC1CC2,6.698970004336019,1,
O=C(NC(CCCCCSSCCCCCC(NC(=O)OCc1ccccc1)C(=O)Nc1cccc2cccnc12)C(=O)Nc1cccc2cccnc12)OCc1ccccc1,8.1249387366083,1,
O=C(NC(CCCCCSSCCO)C(=O)Nc1cccc2cccnc12)OCc1ccccc1,8.494850021680094,1,
O=C(NC(Cc1ccc(-c2noc(C(F)(F)F)n2)cn1)c1cccc(C(F)(F)F)c1)C(F)(F)F,7.251811972993799,1,
O=C(NC(Cc1ccc(-c2noc(C(F)(F)F)n2)cn1)c1cccc(C(F)(F)F)c1)C1CCOCC1,7.568636235841012,1,
O=C(NC(Cc1ccc(-c2noc(C(F)(F)F)n2)cn1)c1cccc(C(F)(F)F)c1)C1CCS(=O)(=O)CC1,7.356547323513812,1,
O=C(NC(Cc1ccc(-c2noc(C(F)(F)F)n2)cn1)c1cccc(C(F)(F)F)c1)c1ccccc1,7.180456064458131,1,
O=C(NC(Cc1ccc(-c2noc(C(F)(F)F)n2)cn1)c1cccc(C(F)(F)F)c1)c1ccccn1,7.136677139879544,1,
O=C(NC(Cc1ccc(-c2noc(C(F)(F)F)n2)cn1)c1cccc(C(F)(F)F)c1)c1cccnc1,7.568636235841012,1,
O=C(NC(Cc1ccc(-c2noc(C(F)(F)F)n2)cn1)c1cccc(C(F)(F)F)c1)c1ncccn1,7.537602002101044,1,
O=C(NC1=CC(=O)c2ccccc2C1=O)c1ccccc1,5.2564902352715706,1,
O=C(NC1C2CC3CC(C2)CC1C3)c1cn(CCCCCCCS)c2ccccc12,6.634512015109101,1,
O=C(NC1C2CC3CC(C2)CC1C3)c1cn(CCCCCCS)c2ccccc12,7.721246399047171,1,
O=C(NC1CC1)N[C@@H]1CCCC[C@H]1N1Cc2ccc(-c3nnc(C(F)F)o3)cc2S1(=O)=O,7.045757490560675,1,
O=C(NC1CC1)c1ccccc1NCc1ccc(-c2noc(C(F)(F)F)n2)cn1,8.327902142064282,1,
O=C(NC1CCC1)c1ccc(-c2noc(C(F)(F)F)n2)cc1,5.187086643357144,1,
O=C(NC1CCCCC1O)c1ccc(-c2noc(C(F)(F)F)n2)cc1,5.1487416512809245,1,
O=C(NC1CCNC1)c1ccc(-c2noc(C(F)(F)F)n2)cc1F,5.161150909262744,1,
O=C(NC1CCNCC1)c1ccc(-c2noc(C(F)(F)F)n2)cc1,5.4089353929735005,1,
O=C(NC1CCOCC1)OCc1ccc(-c2noc(C(F)(F)F)n2)cn1,7.346787486224656,1,
O=C(NC1CCOCC1)c1ccc(-c2noc(C(F)(F)F)n2)cc1,5.187086643357144,1,
O=C(NCC(Nc1ncc(-c2nnc(C(F)F)o2)cn1)c1ccc(F)cc1)C(F)(F)F,7.301029995663981,1,
O=C(NCC(Nc1ncc(-c2nnc(C(F)F)o2)cn1)c1ccc(F)cc1)c1ccccc1,7.119186407719209,1,
O=C(NCC1(c2nc(-c3ccccc3)cs2)CCOCC1)c1cccc(-c2noc(C(F)(F)F)n2)c1,5.374132163694644,5,0.8358414935585554
O=C(NCC12C[C@H]3C[C@@H](C1)C[C@@H](C2)C3)c1ccc2c(ccn2Cc2ccc(C(=O)NO)c(Br)c2)c1,6.769551078621726,1,
O=C(NCC12C[C@H]3C[C@@H](C1)C[C@@H](C2)C3)c1ccc2c(ccn2Cc2ccc(C(=O)NO)c(Cl)c2)c1,6.657577319177793,1,
O=C(NCC12C[C@H]3C[C@@H](C1)C[C@@H](C2)C3)c1ccc2c(ccn2Cc2ccc(C(=O)NO)c(F)c2)c1,8.397940008672037,1,
O=C(NCC12C[C@H]3C[C@@H](C1)C[C@@H](C2)C3)c1ccc2c(ccn2Cc2ccc(C(=O)NO)c(O)c2)c1,7.045757490560675,1,
O=C(NCC1CC1)C1CCCN(C(=O)c2ccc(-c3cn(Cc4c(F)cc(-c5nnc(C(F)F)o5)cc4F)nn3)cc2)C1,6.667561540084394,1,
O=C(NCC1CC1)N[C@@H]1CCCC[C@H]1N1Cc2ccc(-c3nnc(C(F)F)o3)cc2S1(=O)=O,6.488116639021126,1,
O=C(NCC1CC1)c1ccc(-c2noc(C(F)(F)F)n2)cc1,5.494850021680094,1,
O=C(NCC1CCCCC1)c1cc(C(=O)C(F)(F)F)cs1,5.698970004336019,1,
O=C(NCC1CCCCC1)c1ccc(C(=O)C(F)(F)F)cc1,5.6020599913279625,1,
O=C(NCC1CCCCC1)c1ccc(C(=O)C(F)(F)F)cn1,5.478861916295964,1,
O=C(NCC1CCCCC1)c1ccc(C(=O)C(F)(F)F)s1,6.337242168318426,1,
O=C(NCC1CCCCC1)c1cccc(C(=O)C(F)(F)F)c1,5.376750709602099,1,
O=C(NCC1CCCCC1)c1cnc(C(=O)C(F)(F)F)s1,5.823908740944319,1,
O=C(NCC1CCCCN1)c1ccc(-c2noc(C(F)(F)F)n2)cc1,5.154901959985743,1,
O=C(NCCCCC(=O)C(F)(F)F)c1nc(-c2nc3c(s2)CCCC3)sc1C1CC1,7.7447274948966935,1,
O=C(NCCCCC(=O)C(F)(F)F)c1nc(-c2nccs2)sc1C1CC1,7.6777807052660805,1,
O=C(NCCCCC(=O)C(F)(F)F)c1nc(-c2nccs2)sc1Cc1ccccc1,7.236572006437063,1,
O=C(NCCCCC/C=C(\F)CS)c1ccccc1,6.537602002101044,1,
O=C(NCCCCCC(=O)C(F)(F)F)c1nc(-c2nccs2)sc1C1CC1,6.844663962534938,1,
O=C(NCCCCCC(=O)c1ncco1)c1cc2ccccc2[nH]1,6.468521082957745,1,
O=C(NCCCCCCC(=O)c1ncco1)c1cc2ccccc2[nH]1,7.045757490560675,1,
O=C(NCCCCCCS)c1cc(-c2c[nH]c3ccccc23)n[nH]1,7.318194010053928,2,0.230929831834133
O=C(NCCCCCCS)c1cc(-c2ccc(-c3ccccc3)cc2)n[nH]1,7.170612839577822,2,0.27707088951096515
O=C(NCCCCCCS)c1cc(-c2ccc(F)cc2)n(CCCCO)n1,6.462591779677412,2,0.27575119442807394
O=C(NCCCCCCS)c1cc(-c2ccc(F)cc2)n(CCCO)n1,5.789609690225717,2,0.3973535419763777
O=C(NCCCCCCS)c1cc(-c2ccc(F)cc2)n(CCO)n1,5.765826334793921,2,0.12451532338594933
O=C(NCCCCCCS)c1cc(-c2ccc(F)cc2)n[nH]1,6.252875506746342,4,0.2394357953301336
O=C(NCCCCCCS)c1cc(-c2ccc(F)cc2)nn1CCCCO,6.811711521471744,2,0.05962387007415119
O=C(NCCCCCCS)c1cc(-c2ccc(F)cc2)nn1CCCO,6.1243604480083285,2,0.28785142424232474
O=C(NCCCCCCS)c1cc(-c2ccc(F)cc2)nn1CCO,6.101054758470825,2,0.08498879149635061
O=C(NCCCCCCS)c1cc(-c2ccc(F)cc2)on1,6.032145626078668,2,0.033052577620517984
O=C(NCCCCCCS)c1cc(-c2ccc3ccccc3c2)n[nH]1,6.810165982983173,2,0.2563033619205196
O=C(NCCCCCCS)c1cc(-c2cccc3ccccc23)n[nH]1,6.414353297194268,2,0.2803775635333626
O=C(NCCCCCCS)c1cc(-c2ccccc2)n[nH]1,7.580575454631372,2,0.08159546886853195
O=C(NCCCCCCS)c1cc(-c2ccccn2)n[nH]1,7.525061147981562,2,0.061624480232433505
O=C(NCCCCCCS)c1cc(-c2cccnc2)n[nH]1,7.70446769648675,2,0.16891514497590107
O=C(NCCCCCCS)c1cc(-c2ccncc2)n[nH]1,7.920818753952375,2,0.24903064677189865
O=C(NCCCCCCS)c1cc(-c2cnccn2)n[nH]1,7.7011524070372435,2,0.061624480232433505
O=C(NCCCCCCS)c1cc(C2CCCCC2)n[nH]1,6.528440786888037,2,0.1266317519778826
O=C(NCCCCCCS)c1cc2ccccc2[nH]1,7.0,1,
O=C(NCCCCCCS)c1cc2ccccc2o1,7.102372908709558,1,
O=C(NCCCCCCS)c1ccc2ccccc2c1,7.070581074285707,1,
O=C(NCCCCCCS)c1ccccc1,6.443697499232712,2,0.0
O=C(NCCCCCCS)c1ccn[nH]1,7.063863576887897,2,0.0391049908856104
O=C(NCCCCCS)c1cc(-c2ccc(F)cc2)[nH]n1,5.839926856944473,2,0.16783951314701323
O=C(NCCCCCS)c1cc(-c2ccc(F)cc2)on1,5.70446769648675,2,0.2568055575732152
O=C(NCCCCN1CCc2nc(C(=O)NO)sc2C1)c1ccc(-c2ccccc2)s1,5.570247719997592,1,
O=C(NCCCCS)c1cc(-c2ccc(F)cc2)on1,5.309803919971486,1,
O=C(NCCCN1CCc2nc(C(=O)NO)sc2C1)c1ccc(-c2ccccc2)s1,5.4698003017969175,1,
O=C(NCCCS)c1cc(-c2ccc(F)cc2)on1,5.236572006437063,1,
O=C(NCCCn1ccnc1)c1ccc(-c2noc(C(F)(F)F)n2)cc1,5.337242168318426,1,
O=C(NCCF)c1ccc(-c2noc(C(F)(F)F)n2)cc1,5.318758762624412,1,
O=C(NCCN1CCCC1)c1ccc(-c2noc(C(F)(F)F)n2)cc1,5.008773924307505,1,
O=C(NCCNc1ccccc1)c1ccc(-c2noc(C(F)(F)F)n2)cc1,5.7447274948966935,1,
O=C(NCCO)c1ccc(-c2noc(C(F)(F)F)n2)cc1,5.058055771055759,2,0.01052991980670614
O=C(NCCS)C(=O)Nc1ccccc1,5.552841968657781,1,
O=C(NCCS)c1cc(-c2ccc(F)cc2)on1,5.187086643357144,1,
O=C(NCCSSCCNC(=O)/C(Cc1ccc(Cl)cc1Cl)=N/O)/C(Cc1ccc(Cl)cc1Cl)=N/O,6.552841968657781,2,0.0
O=C(NCCSSCCNC(=O)/C(Cc1ccc(O)cc1)=N/O)/C(Cc1ccc(O)cc1)=N/O,6.920818753952375,2,0.0
O=C(NCCSSCCNC(=O)/C(Cc1ccc2c(c1)OCO2)=N/O)/C(Cc1ccc2c(c1)OCO2)=N/O,6.886056647693163,2,0.0
O=C(NCCSSCCNC(=O)/C(Cc1cccc(C(F)(F)F)c1)=N/O)/C(Cc1cccc(C(F)(F)F)c1)=N/O,6.568636235841012,2,0.0
O=C(NCCSSCCNC(=O)/C(Cc1cccc(Cl)c1)=N/O)/C(Cc1cccc(Cl)c1)=N/O,6.6777807052660805,2,0.0
O=C(NCCSSCCNC(=O)c1cc(-c2ccc(O)c(Br)c2)[nH]n1)c1cc(-c2ccc(O)c(Br)c2)[nH]n1,6.167491087293763,2,0.0
O=C(NCCSSCCNC(=O)c1cc(-c2ccc(O)cc2)[nH]n1)c1cc(-c2ccc(O)cc2)[nH]n1,5.7423214251308154,2,0.0
O=C(NCCSSCCNC(=O)c1cc(-c2ccc(O)cc2)on1)c1cc(-c2ccc(O)cc2)on1,5.503070351926786,2,0.0
O=C(NCC[Se][Se]CCNC(=O)/C(Cc1ccc(Br)s1)=N/O)/C(Cc1ccc(Br)s1)=N/O,5.443697499232712,1,
O=C(NCC[Se][Se]CCNC(=O)/C(Cc1ccc(O)c(Br)c1)=N/O)/C(Cc1ccc(O)c(Br)c1)=N/O,7.221848749616356,1,
O=C(NCC[Se][Se]CCNC(=O)/C(Cc1ccsc1)=N/O)/C(Cc1ccsc1)=N/O,5.508638306165727,1,
O=C(NCCc1cc(C(=O)NO)no1)c1ccc(Cl)c(Cl)c1,7.316036427016881,4,0.7757397778660168
O=C(NCCc1cc(C(=O)NO)no1)c1ccc2ccccc2c1,8.0,1,
O=C(NCCc1cc(C(=O)NO)no1)c1cccc(-c2ccccc2)c1,7.619788758288394,1,
O=C(NCCc1cc(C(=O)NO)no1)c1ccccc1,6.721246399047171,1,
O=C(NCCc1ccc(C(=O)CSc2nc(C(F)(F)F)nc3ccccc23)s1)c1ccccc1,5.664141088680182,1,
O=C(NCCc1ccccc1)[C@@H]1CCC(=O)N1c1ccc(-c2noc(C(F)(F)F)n2)cc1,7.376750709602099,1,
O=C(NCCc1ccccc1)c1ccc(C(=O)C(F)(F)F)s1,6.6777807052660805,1,
O=C(NC[C@@H](Nc1ncc(-c2nnc(C(F)F)o2)cn1)c1ccc(F)cc1)C1CC1,6.1249387366083,1,
O=C(NC[C@H](Nc1ncc(-c2nnc(C(F)F)o2)cn1)c1ccc(F)cc1)C1CC1,7.537602002101044,1,
O=C(NCc1ccc(-c2noc(C(F)(F)F)n2)cc1)C1CCCC1,7.086186147616283,1,
O=C(NCc1ccc(-c2noc(C(F)(F)F)n2)cc1)c1cc(N2CCOCC2)ccn1,7.022276394711152,1,
O=C(NCc1ccc(-c2noc(C(F)(F)F)n2)cc1)c1cccc(O)c1,7.136677139879544,1,
O=C(NCc1ccc(C(=O)NO)cc1)Nc1ccc(CO)cc1,8.080921907623926,3,0.0
O=C(NCc1ccc(C(=O)Nc2ccccc2O)cc1)OCc1cccnc1,5.657577319177793,1,
O=C(NCc1ccc(CN2CCOCC2)cc1)c1ccc(-c2noc(C(F)(F)F)n2)cc1,5.2441251443275085,1,
O=C(NCc1ccccc1)c1ccc(-c2noc(C(F)(F)F)n2)cc1,5.481486060122112,1,
O=C(NCc1ccccc1)c1ccc(C(=O)C(F)(F)F)s1,6.431798275933005,1,
O=C(NCc1ccccc1)c1ccccc1NCc1ccc(-c2noc(C(F)(F)F)n2)cn1,7.494850021680094,1,
O=C(NCc1ccccc1Cl)c1ccc(C(=O)C(F)(F)F)s1,6.721246399047171,1,
O=C(NCc1ccccn1)c1cccc(NCc2ccc(-c3noc(C(F)(F)F)n3)cn2)c1,7.958607314841775,1,
O=C(NCc1ccco1)c1cccc(-c2nnn(Cc3ccc(-c4nnc(C(F)F)o4)cc3)n2)c1,7.431798275933005,1,
O=C(NNCCF)c1ccc(CN2c3ccccc3C=Cc3ccncc32)cc1,6.498940737782249,1,
O=C(NO)C(c1ccc(-c2ncc(C(F)(F)F)cn2)cc1)c1ccccc1F,4.988579694561736,2,0.30975323921016984
O=C(NO)C(c1ccccc1)c1ccccc1,5.129818655252878,2,0.24212939964145905
O=C(NO)C1=CCCC1,7.522878745280337,1,
O=C(NO)C1=CCCCC1,7.920818753952375,1,
O=C(NO)C1CCCCC1,6.424812155072339,1,
O=C(NO)C1CCN(CCOc2ccc3cc2COC/C=C/COCc2cccc(c2)-c2ccnc(n2)N3)CC1,6.046240308266771,1,
O=C(NO)C1c2ccccc2-c2ccccc21,5.309803919971486,1,
O=C(NO)N/C=C/c1ccc(-c2ccccc2)cc1,5.978810700930062,1,
O=C(NO)[C@H](Cc1ccccc1)n1nnc(-c2ccccc2)c1C#CC1CC1,5.920818753952375,1,
O=C(NO)[C@H](Cc1ccccc1)n1nnc(-c2ccccc2)c1C#Cc1ccccc1,5.443697499232712,1,
O=C(NO)c1c(Cl)cc2c(c1Cl)CCN(C(=O)c1cc3ccccc3[nH]1)C2,9.698970004336019,1,
O=C(NO)c1cc(CCCCN2CCCc3cc(Cl)ccc32)on1,6.161150909262744,1,
O=C(NO)c1cc(CCCCN2c3ccc(Cl)cc3CCc3cc(Cl)ccc32)on1,5.8696662315049934,1,
O=C(NO)c1cc(CCCCc2ccc(Cl)c(Cl)c2)on1,5.703334809738469,1,
O=C(NO)c1cc(CCCCn2ccc3cc(Cl)c(Cl)cc32)on1,5.360513510731414,1,
O=C(NO)c1cc(CCCOc2ccc(Cl)c(Cl)c2)on1,6.698970004336019,1,
O=C(NO)c1cc(Cn2c(=O)n(CCc3ccccc3)c(=O)c3ccccc32)cs1,5.92299567320665,2,0.0
O=C(NO)c1cc(F)c(CN2CN(c3ccccc3)C3(CCN(Cc4ccccc4)CC3)C2=O)c(F)c1,8.022276394711152,1,
O=C(NO)c1cc(F)c(CN2CN(c3ccccc3)C3(CCNCC3)C2=O)c(F)c1,7.236572006437063,1,
O=C(NO)c1cc(F)c(CNCC23CC4CC(CC(C4)C2)C3)c(F)c1,7.853871964321762,2,0.0
O=C(NO)c1cc(F)c(Cc2nnc(-c3ccncc3)s2)c(F)c1,8.397940008672037,2,0.0
O=C(NO)c1cc(F)c(Cn2nnc(-c3ccc4ccccc4n3)n2)c(F)c1,8.0,2,0.0
O=C(NO)c1cc(F)c(Cn2nnc(-c3ccccn3)n2)c(F)c1,8.154901959985743,2,0.0
O=C(NO)c1cc(F)c(Cn2nnc(-c3ccco3)n2)c(F)c1,8.522878745280337,2,0.0
O=C(NO)c1cc(F)c(Cn2nnc(-c3nccc4ccccc34)n2)c(F)c1,7.657577319177793,2,0.0
O=C(NO)c1cc(F)c(Cn2nnc(-c3ncccn3)n2)c(F)c1,8.301029995663981,3,0.0
O=C(NO)c1cc(F)c(Cn2nnnc2-c2cccs2)c(F)c1,7.721246399047171,1,
O=C(NO)c1cc(F)c2c(c1)CCN(C1CCC1)C2,9.0,1,
O=C(NO)c1cc(F)c2c(c1)CCn1cccc1-2,9.0,1,
O=C(NO)c1cc2c(Cl)cccc2s1,4.9344202852715515,1,
O=C(NO)c1cc2c(cn1)CN(C1CC3(CCCCC3)C1)CC2,5.259637310505756,1,
O=C(NO)c1cc2c(s1)CCN(C(=O)CCCN1CCC(CNC3CC3c3ccc(F)cc3)CC1)C2,7.455931955649724,1,
O=C(NO)c1cc2c(s1)CCN(C(=O)CCCNC1CC1c1ccc(F)cc1)C2,7.7447274948966935,1,
O=C(NO)c1cc2c(s1)CCN(C(=O)CNC1CC1c1ccc(F)cc1)C2,7.3872161432802645,1,
O=C(NO)c1cc2c(s1)CCN(C(=O)CN[C@@H]1C[C@H]1c1ccc(F)cc1)C2,7.657577319177793,1,
O=C(NO)c1cc2c(s1)CCN(C(=O)CN[C@H]1C[C@@H]1c1ccc(F)cc1)C2,7.443697499232712,1,
O=C(NO)c1cc2cccc(C(F)(F)F)c2s1,5.036684488613888,1,
O=C(NO)c1cc2cccc(Cl)c2s1,5.536107011014092,1,
O=C(NO)c1cc2ccccc2s1,5.66354026615147,1,
O=C(NO)c1cc2ccsc2s1,5.96657624451305,1,
O=C(NO)c1cc2n(c1)CCN(C(=O)C1CCCCC1)C2,6.5683385699397725,2,0.6104614487445399
O=C(NO)c1cc2n(c1)CCN(C(=O)c1cc3ccccc3[nH]1)C2,6.552841968657781,1,
O=C(NO)c1cc2n(c1)CCN(C(=O)c1cc3ccccc3s1)C2,7.4089353929735005,1,
O=C(NO)c1cc2n(c1)CCN(C(=O)c1ccc(-c3ccccc3)cc1)C2,7.494850021680094,1,
O=C(NO)c1cc2n(c1)CCN(C(=O)c1cccs1)C2,6.958607314841775,1,
O=C(NO)c1cc2nn(Cc3cccc(Cl)c3)cc2cc1F,7.522878745280337,1,
O=C(NO)c1cc2nn(Cc3ccccc3)cc2cc1F,7.130768280269024,1,
O=C(NO)c1cc2sccc2s1,6.2541448048262716,1,
O=C(NO)c1ccc(-c2ccc3ncnc(Nc4ccc(OCc5cccc(F)c5)c(Cl)c4)c3c2)o1,5.008773924307505,1,
O=C(NO)c1ccc(-c2ccc3ncnc(Nc4ccc(OCc5cccc(F)c5)c(Cl)c4)c3c2)s1,7.301029995663981,1,
O=C(NO)c1ccc(-c2ccc[nH]2)cc1,7.958607314841775,1,
O=C(NO)c1ccc(-c2cccc3ccccc23)cc1,4.259637310505756,1,
O=C(NO)c1ccc(-c2ccnc(Nc3ccc(N4CCOCC4)cc3)n2)cc1,6.377785977033705,1,
O=C(NO)c1ccc(-c2ccncc2)cc1,7.443697499232712,1,
O=C(NO)c1ccc(-c2csc(N3N=C(c4ccccc4)/C(=N/Nc4nccs4)C3=O)n2)cc1,6.238824186844269,1,
O=C(NO)c1ccc(-c2nc3ccccc3c(=O)[nH]2)cc1,6.498940737782249,1,
O=C(NO)c1ccc(-c2nnc(-c3ccccc3)o2)cc1,6.180456064458131,2,0.0
O=C(NO)c1ccc(-c2nnc(Cc3cccc4ccccc34)o2)cc1,5.3872161432802645,1,
O=C(NO)c1ccc(-n2[se]c3ccccc3c2=O)cc1,5.7055337738384075,1,
O=C(NO)c1ccc(-n2cc(Cc3ccccc3)c3ccccc32)cc1,7.537602002101044,1,
O=C(NO)c1ccc(-n2ccc3ccccc32)cc1,8.010995384301463,1,
O=C(NO)c1ccc(-n2cccc2)cc1,7.508638306165727,1,
O=C(NO)c1ccc(-n2cnc3cncnc32)cc1,8.45842075605342,1,
O=C(NO)c1ccc(-n2cnc3ncncc32)cc1,7.853871964321762,2,0.0
O=C(NO)c1ccc(/C=C/C(=O)N2CC(CNC3CC3c3ccc(F)cc3)C2)cc1,7.236572006437063,1,
O=C(NO)c1ccc(/C=C/C(=O)N2CC(CN[C@@H]3C[C@H]3c3ccc(F)cc3)C2)cc1,7.075720713938118,1,
O=C(NO)c1ccc(/C=C/C(=O)N2CC(CN[C@H]3C[C@@H]3c3ccc(F)cc3)C2)cc1,6.84163750790475,1,
O=C(NO)c1ccc(/C=C/C(=O)N2CCC(CNC3CC3c3ccc(-c4cncnc4)cc3)CC2)cc1,7.130768280269024,1,
O=C(NO)c1ccc(/C=C/C(=O)N2CCC(CNC3CC3c3ccccc3)CC2)cc1,7.167491087293763,1,
O=C(NO)c1ccc(/C=C/C(=O)N2CCC(CN[C@@H]3C[C@H]3c3ccc(F)cc3)CC2)cc1,7.301029995663981,1,
O=C(NO)c1ccc(/C=C/C(=O)N2CCC(CN[C@@H]3C[C@H]3c3ccccc3)CC2)cc1,7.42021640338319,1,
O=C(NO)c1ccc(/C=C/C(=O)N2CCC(CN[C@H]3C[C@@H]3c3ccc(F)cc3)CC2)cc1,7.275724130399211,1,
O=C(NO)c1ccc(/C=C/C(=O)N2CCC(CN[C@H]3C[C@@H]3c3ccccc3)CC2)cc1,7.481486060122112,1,
O=C(NO)c1ccc(/C=C/C(=O)N2CCC(N3C(=O)[C@H](c4ccccc4)[C@H]3c3ccccc3)CC2)cc1,6.886056647693163,1,
O=C(NO)c1ccc(/C=C/c2cccc(-c3cc(F)ccc3O)c2)cc1,6.619788758288394,1,
O=C(NO)c1ccc(/C=C/c2cccc(-c3cccc(O)c3)c2)cc1,6.698970004336019,1,
O=C(NO)c1ccc(/C=C/c2cccc(-c3ccccc3O)c2)cc1,6.7447274948966935,1,
O=C(NO)c1ccc(/C=C/c2ccnc(-c3cc(F)ccc3O)c2)cc1,6.886056647693163,1,
O=C(NO)c1ccc(/C=C/c2ccnc(-c3cccc(CO)c3)c2)cc1,7.468521082957745,1,
O=C(NO)c1ccc(/C=C/c2ccnc(-c3cccc(O)c3)c2)cc1,7.721246399047171,1,
O=C(NO)c1ccc(/C=C/c2ccnc(-c3ccccc3O)c2)cc1,7.327902142064282,2,0.0
O=C(NO)c1ccc(/C=C/c2ccnc(-c3cccnc3)c2)cc1,7.853871964321762,1,
O=C(NO)c1ccc(/C=C/c2ccnc(-c3ccsc3)c2)cc1,7.267606240177031,1,
O=C(NO)c1ccc(/C=C/c2ccnc(Br)c2)cc1,6.494850021680094,1,
O=C(NO)c1ccc(/C=C/c2ccncc2)cc1,6.886056647693163,1,
O=C(NO)c1ccc(/C=C/c2cncc(-c3ccccc3O)c2)cc1,7.886056647693163,1,
O=C(NO)c1ccc(/C=C/c2nc3ccccc3c(=O)[nH]2)cc1,7.552841968657781,1,
O=C(NO)c1ccc(/C=N/NC(=O)c2cc(N3CCOCC3)nc(-c3cccc(O)c3)n2)cc1,7.823908740944319,3,0.0
O=C(NO)c1ccc(/C=N/NC(=O)c2cc(N3CCOCC3)nc(-c3cccc4[nH]ncc34)n2)cc1,7.455931955649724,3,0.0
O=C(NO)c1ccc(/C=N/NC(=O)c2ccnc(-c3ccccc3)n2)cc1,7.721246399047171,1,
O=C(NO)c1ccc(Br)c(NC(=O)c2ccccc2)c1,6.823908740944319,1,
O=C(NO)c1ccc(C(=O)N2CCCc3cc(Cl)ccc32)cc1,4.978810700930062,1,
O=C(NO)c1ccc(C(=O)N2CCCc3cc(F)ccc32)cc1,5.280668713016274,1,
O=C(NO)c1ccc(C(=O)N2CCc3c(c4ccccc4n3Cc3ccccc3)C2)cc1,6.191789027075778,1,
O=C(NO)c1ccc(C(=O)NCC2CCN(Cc3ccccc3)CC2)cc1,6.853871964321762,1,
O=C(NO)c1ccc(C(=O)NCCCN2c3ccccc3CCc3ccc(Cl)cc32)cc1,6.3487219860018556,1,
O=C(NO)c1ccc(C(=O)NCCN2CCC(CNC3CC3c3ccc(F)c(F)c3)CC2)cc1,6.769551078621726,1,
O=C(NO)c1ccc(C(=O)NCCN2CCC(CNC3CC3c3ccccc3)CC2)cc1,6.142667503568731,1,
O=C(NO)c1ccc(C(=O)NCCc2ccccc2)cc1,8.397940008672037,1,
O=C(NO)c1ccc(C(=O)NCCc2ccncc2)cc1,8.096910013008056,1,
O=C(NO)c1ccc(C(=O)NCc2ccccc2)cc1,8.154901959985743,1,
O=C(NO)c1ccc(C(=O)N[C@H](C(=O)NC2CC2)c2c[nH]c3ccccc23)cc1,6.165579296318468,1,
O=C(NO)c1ccc(C(=O)N[C@H](C(=O)NC2CCCCC2)c2c[nH]c3ccccc23)cc1,6.380906669373257,1,
O=C(NO)c1ccc(C(=O)N[C@H](C(=O)NCCc2ccccc2)c2c[nH]c3ccccc23)cc1,6.521433504406156,1,
O=C(NO)c1ccc(C(=O)N[C@H](C(=O)NCc2cccc3ccccc23)c2c[nH]c3ccccc23)cc1,6.647817481888637,1,
O=C(NO)c1ccc(C(=O)N[C@H](C(=O)NCc2ccccc2)c2c[nH]c3ccccc23)cc1,6.460923901207224,1,
O=C(NO)c1ccc(C(=O)N[C@H](C(=O)NO)c2c[nH]c3ccccc23)cc1,6.6439741428068775,1,
O=C(NO)c1ccc(C(=O)N[C@H](C(=O)Nc2ccc(Br)cc2)c2c[nH]c3ccccc23)cc1,7.017728766960431,1,
O=C(NO)c1ccc(C(=O)N[C@H](C(=O)Nc2ccc(C(F)(F)F)cc2)c2c[nH]c3ccccc23)cc1,5.890421453095613,1,
O=C(NO)c1ccc(C(=O)N[C@H](C(=O)Nc2ccc(Cl)cc2)c2c[nH]c3ccccc23)cc1,6.823908740944319,1,
O=C(NO)c1ccc(C(=O)N[C@H](C(=O)Nc2ccc(F)cc2)c2c[nH]c3ccccc23)cc1,6.694648630553376,1,
O=C(NO)c1ccc(C(=O)N[C@H](C(=O)Nc2ccc(I)cc2)c2c[nH]c3ccccc23)cc1,7.107905397309519,1,
O=C(NO)c1ccc(C(=O)N[C@H](C(=O)Nc2cccc(Br)c2)c2c[nH]c3ccccc23)cc1,6.723538195826755,1,
O=C(NO)c1ccc(C(=O)N[C@H](C(=O)Nc2cccc(Cl)c2)c2c[nH]c3ccccc23)cc1,6.443697499232712,1,
O=C(NO)c1ccc(C(=O)N[C@H](C(=O)Nc2cccc(F)c2)c2c[nH]c3ccccc23)cc1,6.630784142589857,1,
O=C(NO)c1ccc(C(=O)N[C@H](C(=O)Nc2ccccc2)c2c[nH]c3ccccc23)cc1,6.442492798094342,1,
O=C(NO)c1ccc(C(=O)Nc2cccc(Nc3ncc(-c4cccnc4)s3)c2)cc1,7.040958607678906,1,
O=C(NO)c1ccc(C(=O)Nc2cccc3cccnc23)cc1,6.576754126063192,1,
O=C(NO)c1ccc(C(=O)Nc2cccc3ncccc23)cc1,6.279840696594043,1,
O=C(NO)c1ccc(C(=O)Nc2ccccc2)cc1,7.431798275933005,1,
O=C(NO)c1ccc(C(=O)Nc2n[nH]c3cc(-c4c(Cl)cccc4Cl)ccc23)cc1,6.414539270491499,1,
O=C(NO)c1ccc(C(=O)Nc2n[nH]c3cc(-c4cc(Cl)cc(Cl)c4)ccc23)cc1,6.53313237964589,1,
O=C(NO)c1ccc(C(=O)Nc2n[nH]c3cc(-c4cc(Cl)ccc4Cl)ccc23)cc1,6.7495799976911055,1,
O=C(NO)c1ccc(C(=O)Nc2n[nH]c3cc(-c4ccc(C(F)(F)F)cc4)ccc23)cc1,6.987162775294828,1,
O=C(NO)c1ccc(C(=O)Nc2n[nH]c3cc(-c4ccc(Cl)c(Cl)c4)ccc23)cc1,6.8326826652518236,1,
O=C(NO)c1ccc(C(=O)Nc2n[nH]c3cc(-c4ccc(Cl)c(F)c4)ccc23)cc1,7.008773924307505,1,
O=C(NO)c1ccc(C(=O)Nc2n[nH]c3cc(-c4ccc(Cl)cc4)ccc23)cc1,6.55129368009492,1,
O=C(NO)c1ccc(C(=O)Nc2n[nH]c3cc(-c4cccc(Cl)c4)ccc23)cc1,7.161150909262744,1,
O=C(NO)c1ccc(C(=O)Nc2n[nH]c3cc(-c4cccc(Cl)c4Cl)ccc23)cc1,6.804100347590767,1,
O=C(NO)c1ccc(C(=O)Nc2n[nH]c3cc(-c4cccc(OC(F)(F)F)c4)ccc23)cc1,6.661543506395395,1,
O=C(NO)c1ccc(C(=O)Nc2n[nH]c3cc(-c4ccccc4)ccc23)cc1,7.42021640338319,1,
O=C(NO)c1ccc(C(=O)Nc2n[nH]c3cc(-c4ccccc4Cl)ccc23)cc1,7.229147988357855,1,
O=C(NO)c1ccc(C(=O)Nc2n[nH]c3cc(-c4ccccc4F)ccc23)cc1,7.187086643357144,1,
O=C(NO)c1ccc(C(F)(F)F)c(NC(=O)c2ccccc2)c1,6.853871964321762,1,
O=C(NO)c1ccc(C(c2ccccc2)c2ccccc2)cc1,5.346787486224656,1,
O=C(NO)c1ccc(C2(NC(=O)c3nc(-c4nccs4)sc3C3CC3)CC2)cc1,7.769551078621726,1,
O=C(NO)c1ccc(C2CCCC2)cc1,6.267606240177031,1,
O=C(NO)c1ccc(CC(=O)N(CCO)C(=O)Cc2ccccc2)cc1,7.6020599913279625,1,
O=C(NO)c1ccc(CC(=O)N(CCO)c2ccccc2)cc1,7.247358300341155,20,0.20764487110229657
O=C(NO)c1ccc(CC(=O)N2CCC(CNC3CC3c3ccccc3)CC2)cc1,7.346787486224656,1,
O=C(NO)c1ccc(CC(=O)N2CCC(CN[C@@H]3C[C@H]3c3ccccc3)CC2)cc1,7.657577319177793,1,
O=C(NO)c1ccc(CC(=O)N2CCC(CN[C@H]3C[C@@H]3c3ccccc3)CC2)cc1,7.6020599913279625,1,
O=C(NO)c1ccc(CC(=O)N2CCC(N3C(=O)[C@H](c4ccccc4)[C@H]3c3ccccc3)CC2)cc1,6.917214629683549,1,
O=C(NO)c1ccc(CC(=O)N2CCC(N3CC(c4ccccc4)(c4ccccc4)C3=O)CC2)cc1,7.040958607678906,1,
O=C(NO)c1ccc(CC(=O)N2CCC3(CC2)CN(Cc2ccccc2)c2ccccc23)cc1,6.6439741428068775,1,
O=C(NO)c1ccc(CC(=O)N2CCc3c([nH]c4ccccc34)C2)cc1,6.777283528852417,1,
O=C(NO)c1ccc(CC(=O)N2CCc3c(c4ccccc4n3Cc3ccccc3)C2)cc1,7.3979400086720375,1,
O=C(NO)c1ccc(CCC(=O)N2CCC(CNC3CC3c3ccccc3)CC2)cc1,7.455931955649724,1,
O=C(NO)c1ccc(CCC(=O)N2CCC(NC3CC3c3ccccc3)CC2)cc1,6.747146969020107,1,
O=C(NO)c1ccc(CCC(=O)N2CCN(C(=O)CNC3CC3c3ccccc3)CC2)cc1,6.939302159646388,1,
O=C(NO)c1ccc(CCCC2CCN(C(=O)CNC3CC3c3ccccc3)CC2)cc1,6.7281583934635005,1,
O=C(NO)c1ccc(CCCN2CC(CNC3CC3c3ccc(-c4ccc(F)cc4)cc3)C2)cc1,7.366531544420414,1,
O=C(NO)c1ccc(CCCN2CC(CNC3CC3c3ccc(F)cc3)C2)cc1,6.735182176990463,1,
O=C(NO)c1ccc(CCCN2CC(CN[C@H]3C[C@@H]3c3ccccc3)C2)cc1,6.735182176990463,1,
O=C(NO)c1ccc(CCCN2CC3(CC(NC4CC4c4ccccc4)C3)C2)cc1,3.3214816209598856,1,
O=C(NO)c1ccc(CCCN2CCC(CNC3CC3c3ccc(-c4ccc(C(F)(F)F)nc4)cc3)CC2)cc1,7.0,1,
O=C(NO)c1ccc(CCCN2CCC(CNC3CC3c3ccc(-c4ccc(Cl)cc4)cc3)CC2)cc1,7.721246399047171,1,
O=C(NO)c1ccc(CCCN2CCC(CNC3CC3c3ccc(-c4ccc(F)cc4)cc3)CC2)cc1,7.229147988357855,1,
O=C(NO)c1ccc(CCCN2CCC(CNC3CC3c3ccc(-c4cncnc4)cc3)CC2)cc1,6.917214629683549,1,
O=C(NO)c1ccc(CCCN2CCC(CNC3CC3c3ccc(C(=O)N4CCCCC4)cc3)CC2)cc1,6.669586226650809,1,
O=C(NO)c1ccc(CCCN2CCC(CNC3CC3c3ccc(C(=O)N4CCOCC4)cc3)CC2)cc1,6.536107011014092,1,
O=C(NO)c1ccc(CCCN2CCC(CNC3CC3c3ccc(F)c(F)c3)CC2)cc1,6.673664139071249,1,
O=C(NO)c1ccc(CCCN2CCC(CNC3CC3c3ccc(F)cc3)CC2)cc1,7.292429823902063,1,
O=C(NO)c1ccc(CCCN2CCC(CNC3CC3c3ccc(OCc4ccc(F)cc4)cc3)CC2)cc1,7.920818753952375,1,
O=C(NO)c1ccc(CCCN2CCC(CNC3CC3c3ccccc3)CC2)cc1,7.318758762624412,1,
O=C(NO)c1ccc(CCCN2CCC(CNC3CC3c3cnn(-c4ccccc4)c3)CC2)cc1,6.982966660701219,1,
O=C(NO)c1ccc(CCCN2CCC(CN[C@@H]3C[C@H]3c3ccc(-c4cncnc4)cc3)CC2)cc1,6.821023052706831,1,
O=C(NO)c1ccc(CCCN2CCC(CN[C@@H]3C[C@H]3c3ccccc3)CC2)cc1,7.508638306165727,2,0.0
O=C(NO)c1ccc(CCCN2CCC(CN[C@@H]3C[C@H]3c3cnn(-c4ccccc4)c3)CC2)cc1,7.055517327849831,1,
O=C(NO)c1ccc(CCCN2CCC(CN[C@H]3C[C@@H]3c3ccc(-c4ccc(C(F)(F)F)nc4)cc3)CC2)cc1,7.0,1,
O=C(NO)c1ccc(CCCN2CCC(CN[C@H]3C[C@@H]3c3ccc(-c4ccc(Cl)cc4)cc3)CC2)cc1,7.721246399047171,1,
O=C(NO)c1ccc(CCCN2CCC(CN[C@H]3C[C@@H]3c3ccc(-c4ccc(F)cc4)cc3)CC2)cc1,7.229147988357855,1,
O=C(NO)c1ccc(CCCN2CCC(CN[C@H]3C[C@@H]3c3ccc(-c4cncnc4)cc3)CC2)cc1,6.798602875679549,1,
O=C(NO)c1ccc(CCCN2CCC(CN[C@H]3C[C@@H]3c3ccc(C(=O)N4CCCCC4)cc3)CC2)cc1,6.669586226650809,1,
O=C(NO)c1ccc(CCCN2CCC(CN[C@H]3C[C@@H]3c3ccc(C(=O)N4CCOCC4)cc3)CC2)cc1,6.536107011014092,1,
O=C(NO)c1ccc(CCCN2CCC(CN[C@H]3C[C@@H]3c3ccc(F)cc3)CC2)cc1,7.292429823902063,1,
O=C(NO)c1ccc(CCCN2CCC(CN[C@H]3C[C@@H]3c3ccc(OCc4ccc(F)cc4)cc3)CC2)cc1,7.920818753952375,1,
O=C(NO)c1ccc(CCCN2CCC(CN[C@H]3C[C@@H]3c3ccccc3)CC2)cc1,7.200552872603161,4,0.07880392668083411
O=C(NO)c1ccc(CCCN2CCC(CN[C@H]3C[C@@H]3c3cnn(-c4ccccc4)c3)CC2)cc1,7.142667503568731,1,
O=C(NO)c1ccc(CCCN2CCC(NC3CC3c3ccccc3)CC2)cc1,7.187086643357144,1,
O=C(NO)c1ccc(CCCN2CCc3cc(CNC4CC4c4ccc(F)cc4)ccc3C2)cc1,6.73754891026957,1,
O=C(NO)c1ccc(CCCN2CCc3cc(CN[C@H]4C[C@@H]4c4ccc(F)cc4)ccc3C2)cc1,6.73754891026957,1,
O=C(NO)c1ccc(CCCN2CCn3cc(CNC4CC4c4ccc(F)cc4)nc3C2)cc1,7.7447274948966935,1,
O=C(NO)c1ccc(CCCNC2CC2c2ccc(F)cc2)cc1,6.694648630553376,1,
O=C(NO)c1ccc(CCCn2cc(CNC3CC3c3ccccc3)cn2)cc1,7.657577319177793,1,
O=C(NO)c1ccc(CCCn2cc(CNC3CC3c3ccccc3)nn2)cc1,7.1487416512809245,1,
O=C(NO)c1ccc(CCCn2cnc(CNC3CC3c3ccc(F)c(F)c3)c2)cc1,6.614393726401688,1,
O=C(NO)c1ccc(CCCn2cnc(CNC3CC3c3ccccc3)c2)cc1,6.437707135543525,1,
O=C(NO)c1ccc(CCCn2cncc2CNC2CC2c2ccccc2)cc1,6.950781977329818,1,
O=C(NO)c1ccc(CCN2C(=O)c3cccc4c(N5CCOCC5)ccc(c34)C2=O)cc1,6.856985199745905,1,
O=C(NO)c1ccc(CCN2CCC(CNC3CC3c3ccccc3)CC2)cc1,6.309803919971486,1,
O=C(NO)c1ccc(CCN2CCC(CN[C@H]3C[C@@H]3c3ccccc3)CC2)cc1,6.309803919971486,1,
O=C(NO)c1ccc(CCN2c3ccccc3Sc3ccccc32)cc1,6.866461091629782,1,
O=C(NO)c1ccc(CCS(=O)(=O)N2CCC(CNC3CC3c3ccccc3)CC2)cc1,7.113509274827518,1,
O=C(NO)c1ccc(CCc2cccc3cccnc23)cc1,7.376750709602099,1,
O=C(NO)c1ccc(CCn2c3ccccc3c3ccccc32)cc1,6.7447274948966935,2,0.0
O=C(NO)c1ccc(CN(C(=O)c2c(F)c(F)c(F)c(F)c2F)C2CC2)cc1,7.7447274948966935,1,
O=C(NO)c1ccc(CN(C2CC2)S(=O)(=O)c2c(F)c(Cl)c(F)c(Cl)c2F)cc1,7.823908740944319,1,
O=C(NO)c1ccc(CN(C2CC2)S(=O)(=O)c2c(F)c(F)c(Cl)c(F)c2F)cc1,7.154901959985743,1,
O=C(NO)c1ccc(CN(C2CC2)S(=O)(=O)c2c(F)c(F)c(F)c(F)c2F)cc1,9.045757490560675,1,
O=C(NO)c1ccc(CN(C2CC2)S(=O)(=O)c2c(F)c(F)cc(F)c2F)cc1,8.0,1,
O=C(NO)c1ccc(CN(C2CC2)S(=O)(=O)c2c(F)cc(F)c(Cl)c2F)cc1,8.045757490560675,1,
O=C(NO)c1ccc(CN(C2CC2)S(=O)(=O)c2c(F)cc(F)cc2F)cc1,8.096910013008056,1,
O=C(NO)c1ccc(CN(C2CC2)S(=O)(=O)c2cc(F)c(F)c(F)c2)cc1,7.853871964321762,1,
O=C(NO)c1ccc(CN(C2CC2)S(=O)(=O)c2cc(F)c(F)c(F)c2F)cc1,8.128833858821427,2,0.08238187793641155
O=C(NO)c1ccc(CN(C2CC2)S(=O)(=O)c2ccc(F)cc2)cc1,7.958607314841775,1,
O=C(NO)c1ccc(CN(C2CCCC2)S(=O)(=O)c2cc(F)c(F)c(F)c2F)cc1,7.301029995663981,1,
O=C(NO)c1ccc(CN(CC23CC4CC(CC(C4)C2)C3)C(=O)c2ccccc2)cc1,5.941573975542995,1,
O=C(NO)c1ccc(CN(CC2CC2)C(=O)c2ccccc2)cc1,6.268411234813261,1,
O=C(NO)c1ccc(CN(CC2CCCCC2)C(=O)c2ccccc2)cc1,6.7495799976911055,1,
O=C(NO)c1ccc(CN(CCCCO)C(=O)Nc2ccccc2)cc1,9.180755371522682,2,0.17009400466995195
O=C(NO)c1ccc(CN(CCCO)C(=O)Cc2ccccc2)cc1,7.508638306165727,1,
O=C(NO)c1ccc(CN(CCO)C(=O)Cc2ccccc2)cc1,7.178503484188677,3,0.6543851064193781
O=C(NO)c1ccc(CN(CCc2ccccc2)C(=O)Nc2ccccc2)cc1,7.853871964321762,5,0.0
O=C(NO)c1ccc(CN(Cc2ccc(C(F)(F)F)cc2)S(=O)(=O)c2c(F)c(F)c(F)c(F)c2F)cc1,7.346787486224656,1,
O=C(NO)c1ccc(CN(Cc2ccc(F)cc2)S(=O)(=O)c2c(F)c(F)c(F)c(F)c2F)cc1,7.886056647693163,1,
O=C(NO)c1ccc(CN(Cc2ccc(F)cc2)S(=O)(=O)c2cc(F)c(F)c(F)c2F)cc1,7.6777807052660805,1,
O=C(NO)c1ccc(CN(Cc2cccc(F)c2)S(=O)(=O)c2cc(F)c(F)c(F)c2F)cc1,7.853871964321762,1,
O=C(NO)c1ccc(CN(Cc2cccc3ccccc23)C(=O)c2ccccc2)cc1,6.97469413473523,1,
O=C(NO)c1ccc(CN(Cc2ccccc2)C(=O)c2ccccc2)cc1,7.6777807052660805,1,
O=C(NO)c1ccc(CN(Cc2ccccc2)S(=O)(=O)c2c(F)c(F)c(F)c(F)c2F)cc1,8.045757490560675,1,
O=C(NO)c1ccc(CN(Cc2ccccc2)S(=O)(=O)c2cc(F)c(F)c(F)c2F)cc1,8.301029995663981,1,
O=C(NO)c1ccc(CN(Cc2ccccc2F)S(=O)(=O)c2cc(F)c(F)c(F)c2F)cc1,8.0,1,
O=C(NO)c1ccc(CN(Cc2ccccn2)S(=O)(=O)c2cc(F)c(F)c(F)c2F)cc1,8.221848749616356,1,
O=C(NO)c1ccc(CN(Cc2cccnc2)S(=O)(=O)c2cc(F)c(F)c(F)c2F)cc1,8.31835200693763,5,0.695137571705308
O=C(NO)c1ccc(CN(Cc2ccco2)C(=O)c2ccccc2)cc1,7.6020599913279625,1,
O=C(NO)c1ccc(CN(Cc2cccs2)C(=O)c2ccccc2)cc1,7.537602002101044,1,
O=C(NO)c1ccc(CN(Cc2ccncc2)S(=O)(=O)c2c(F)c(F)c(F)c(F)c2F)cc1,7.853871964321762,1,
O=C(NO)c1ccc(CN(Cc2ccncc2)S(=O)(=O)c2cc(F)c(F)c(F)c2F)cc1,7.958607314841775,1,
O=C(NO)c1ccc(CN(Cc2nnnn2C2CCCCC2)C(=O)c2ccccc2)cc1,7.154901959985743,1,
O=C(NO)c1ccc(CN(Cc2nnnn2Cc2ccccc2)C(=O)c2ccccc2)cc1,7.522878745280337,1,
O=C(NO)c1ccc(CN(Cc2nnnn2Cc2ccccc2)C(=O)c2ccccc2C(F)(F)F)cc1,7.372363747448347,2,0.21286035127455813
O=C(NO)c1ccc(CN(c2ccccc2)c2ccccc2)cc1,5.346787486224656,1,
O=C(NO)c1ccc(CN2C(=O)/C(=C3\Nc4ccccc4\C3=N/O)c3cc(Br)ccc32)cc1,7.514362075630947,2,0.14909584445016535
O=C(NO)c1ccc(CN2C(=O)/C(=C3\Nc4ccccc4\C3=N/O)c3cc(Cl)ccc32)cc1,7.277665384530738,2,0.732866161944815
O=C(NO)c1ccc(CN2C(=O)/C(=C3\Nc4ccccc4\C3=N/O)c3cc(F)ccc32)cc1,7.014037525407904,2,0.49850182234289014
O=C(NO)c1ccc(CN2C(=O)/C(=C3\Nc4ccccc4\C3=N/O)c3cccc(Cl)c32)cc1,7.229272785626206,2,0.11388822238438619
O=C(NO)c1ccc(CN2C(=O)/C(=C3\Nc4ccccc4\C3=N/O)c3ccccc32)cc1,7.432433674311612,2,1.0217244479847951
O=C(NO)c1ccc(CN2C(=O)C(Cc3ccccc3)N(CCc3ccccc3)C2=O)cc1,7.698970004336019,1,
O=C(NO)c1ccc(CN2C(=O)C(Cc3ccccc3)N(Cc3ccc(Cl)cc3)C2=O)cc1,8.221848749616356,1,
O=C(NO)c1ccc(CN2C(=O)C(Cc3ccccc3)N(Cc3ccc4ccccc4c3)C2=O)cc1,7.6020599913279625,1,
O=C(NO)c1ccc(CN2C(=O)C(Cc3ccccc3)N(Cc3cccc4ccccc34)C2=O)cc1,7.537602002101044,1,
O=C(NO)c1ccc(CN2C(=O)C(Cc3ccccc3)N(Cc3ccccc3)C2=O)cc1,7.6777807052660805,1,
O=C(NO)c1ccc(CN2C(=O)C(Cc3ccccc3)N(Cc3ccccn3)C2=O)cc1,8.318758762624412,1,
O=C(NO)c1ccc(CN2C(=O)C(Cc3ccccc3)N(Cc3cccnc3)C2=O)cc1,8.67778070526608,1,
O=C(NO)c1ccc(CN2C(=O)C(Cc3ccccc3)N(Cc3ccncc3)C2=O)cc1,7.853871964321762,1,
O=C(NO)c1ccc(CN2C(=O)C3=C(CCN(Cc4ccc(Cl)c(C(F)(F)F)c4)C3)N3CCN=C23)cc1,7.431798275933005,1,
O=C(NO)c1ccc(CN2C(=O)C3=C(CCN(Cc4cccc(Br)c4)C3)N3CCN=C23)cc1,7.494850021680094,1,
O=C(NO)c1ccc(CN2C(=O)C3=C(CCN(Cc4cccc(C(F)(F)F)c4Cl)C3)N3CCN=C23)cc1,7.221848749616356,1,
O=C(NO)c1ccc(CN2C(=O)C3=C(CCN(Cc4cccc(Cl)c4)C3)N3CCN=C23)cc1,7.366531544420414,1,
O=C(NO)c1ccc(CN2C(=O)C3=C(CCN(Cc4cccc(F)c4)C3)N3CCN=C23)cc1,7.1938200260161125,1,
O=C(NO)c1ccc(CN2C(=O)C3=C(CCN(Cc4ccccc4)C3)N3CCN=C23)cc1,7.187086643357144,1,
O=C(NO)c1ccc(CN2C(=O)C3=C(CCN(Cc4cccnc4)C3)N3CCN=C23)cc1,6.863279432843593,1,
O=C(NO)c1ccc(CN2C(=O)CCCc3cc(Cl)ccc32)cc1,9.096910013008056,1,
O=C(NO)c1ccc(CN2C(=O)CCc3cc(Br)ccc32)cc1,9.045757490560675,1,
O=C(NO)c1ccc(CN2C(=O)CCc3cc(Br)cnc32)c(F)c1,8.721246399047171,1,
O=C(NO)c1ccc(CN2C(=O)CCc3cc(C4CC4)ccc32)cc1,8.568636235841012,1,
O=C(NO)c1ccc(CN2C(=O)CCc3cc(Cl)ccc32)cc1,8.537602002101044,1,
O=C(NO)c1ccc(CN2C(=O)CCc3cc(Cl)cnc32)c(F)c1,8.568636235841012,1,
O=C(NO)c1ccc(CN2C(=O)CCc3cc(F)cnc32)c(F)c1,8.568636235841012,1,
O=C(NO)c1ccc(CN2C(=O)CN(CCc3ccccc3)C2=O)cc1,7.657577319177793,1,
O=C(NO)c1ccc(CN2C(=O)CN(Cc3ccc(Cl)cc3)C2=O)cc1,8.080921907623926,1,
O=C(NO)c1ccc(CN2C(=O)CN(Cc3ccccc3)C2=O)cc1,7.886056647693163,1,
O=C(NO)c1ccc(CN2C(=O)CNC(=O)[C@H]2Cc2c[nH]c3ccccc23)cc1,6.958607314841775,1,
O=C(NO)c1ccc(CN2C(=O)CNC(=O)[C@H]2Cc2ccccc2)cc1,6.769551078621726,1,
O=C(NO)c1ccc(CN2C(=O)CNC(=O)[C@H]2Cc2cccs2)cc1,6.795880017344075,1,
O=C(NO)c1ccc(CN2C(=O)COc3cccnc32)c(F)c1,8.721246399047171,1,
O=C(NO)c1ccc(CN2C(=O)CSC2=O)cc1,7.6777807052660805,1,
O=C(NO)c1ccc(CN2C(=O)Cc3cc(Br)ccc32)cc1,5.562407967746038,1,
O=C(NO)c1ccc(CN2C(=O)Cc3cc(Cl)ccc32)cc1,6.308918507877031,1,
O=C(NO)c1ccc(CN2C(=O)Cc3cc(F)ccc32)cc1,6.3214816209598865,1,
O=C(NO)c1ccc(CN2C(=O)Cc3ccccc32)cc1,6.3214816209598865,1,
O=C(NO)c1ccc(CN2C(=O)NC(CCc3ccccc3)(c3ccccc3)C2=O)cc1,7.6020599913279625,1,
O=C(NO)c1ccc(CN2C(=O)NC(Cc3ccc(Cl)cc3)(c3ccccc3)C2=O)cc1,7.267606240177031,1,
O=C(NO)c1ccc(CN2C(=O)NC(Cc3ccc4ccccc4c3)(c3ccccc3)C2=O)cc1,7.1249387366083,1,
O=C(NO)c1ccc(CN2C(=O)NC(Cc3cccc4ccccc34)(c3ccccc3)C2=O)cc1,7.036212172654444,1,
O=C(NO)c1ccc(CN2C(=O)NC(Cc3ccccc3)(c3ccccc3)C2=O)cc1,7.142667503568731,1,
O=C(NO)c1ccc(CN2C(=O)N[C@@H](Cc3ccccc3)C2=O)cc1,7.585026652029182,3,0.0
O=C(NO)c1ccc(CN2C(=O)[C@@H]3CCCN3Cc3ccccc32)cc1,8.045757490560675,1,
O=C(NO)c1ccc(CN2C(=O)c3cccc(F)c3C2=O)cc1-c1ccccc1,5.376750709602099,1,
O=C(NO)c1ccc(CN2C(=O)c3cccc4c(N5CCOCC5)ccc(c34)C2=O)cc1,8.568636235841012,1,
O=C(NO)c1ccc(CN2C(=O)c3ccccc3C2=O)cc1-c1ccccc1,5.1938200260161125,1,
O=C(NO)c1ccc(CN2C(=O)c3ccccc3S2(=O)=O)cc1-c1ccccc1,5.275724130399211,1,
O=C(NO)c1ccc(CN2CC3(CCCCC3)c3ccccc32)cc1,7.3872161432802645,1,
O=C(NO)c1ccc(CN2CC3(CCOC3)C2)c(F)c1,9.0,1,
O=C(NO)c1ccc(CN2CCC(CNC3CC3c3ccc(-c4cncnc4)cc3)CC2)cc1,6.772113295386326,1,
O=C(NO)c1ccc(CN2CCC(CNC3CC3c3ccccc3)CC2)cc1,6.628932137728263,1,
O=C(NO)c1ccc(CN2CCC(CN[C@@H]3C[C@H]3c3ccccc3)CC2)cc1,7.8564632339623195,4,1.452356998210332
O=C(NO)c1ccc(CN2CCC(CN[C@H]3C[C@@H]3c3ccccc3)CC2)cc1,6.948269188952647,2,0.45161078880975536
O=C(NO)c1ccc(CN2CCC(S(=O)(=O)N[C@@H]3C[C@H]3c3ccccc3)CC2)cc1,11.045757490560675,1,
O=C(NO)c1ccc(CN2CCC3(CC2)CN(C(=O)c2ccccc2)c2c(-c4ccccc4)cccc23)cc1,6.332547047110046,1,
O=C(NO)c1ccc(CN2CCC3(CC2)CN(C(=O)c2ccccc2)c2ccccc23)cc1,6.809668301829708,1,
O=C(NO)c1ccc(CN2CCC3(CC2)CN(Cc2ccccc2)c2ccccc23)cc1,6.251037138743838,1,
O=C(NO)c1ccc(CN2CCCC2)cc1,6.267606240177031,1,
O=C(NO)c1ccc(CN2CCCCc3cc(-c4cc[nH]n4)ccc32)cc1,7.769551078621726,1,
O=C(NO)c1ccc(CN2CCCCc3cc(Br)ccc32)cc1,8.045757490560675,1,
O=C(NO)c1ccc(CN2CCCCc3cc(Cl)ccc32)cc1,8.215899137966503,2,1.1088860733562071
O=C(NO)c1ccc(CN2CCCCc3ccc(-c4ccccc4)cc32)cc1,6.889410289700751,1,
O=C(NO)c1ccc(CN2CCCCc3ccc(Br)cc32)cc1,7.366531544420414,1,
O=C(NO)c1ccc(CN2CCCCc3ccc(C4CC4)cc32)cc1,7.346787486224656,1,
O=C(NO)c1ccc(CN2CCCCc3ccc(Cl)cc32)cc1,7.853871964321762,1,
O=C(NO)c1ccc(CN2CCCCc3ccc(Cl)nc32)c(F)c1,8.244125144327509,1,
O=C(NO)c1ccc(CN2CCCCc3ccc(F)cc32)cc1,7.721246399047171,1,
O=C(NO)c1ccc(CN2CCCCc3ccccc32)cc1,8.247425010840047,2,0.07580889654881194
O=C(NO)c1ccc(CN2CCCCc3cccnc32)c(F)c1,8.4089353929735,1,
O=C(NO)c1ccc(CN2CCCOc3ccccc32)cc1,8.207608310501746,1,
O=C(NO)c1ccc(CN2CCCSc3ccccc32)cc1,8.744727494896694,2,0.0
O=C(NO)c1ccc(CN2CCC[S+]([O-])c3ccccc32)cc1,7.886056647693163,1,
O=C(NO)c1ccc(CN2CCCc3cc(-c4cc[nH]n4)ccc32)cc1,9.522878745280337,1,
O=C(NO)c1ccc(CN2CCCc3cc(Br)cnc32)c(F)c1,8.09151498112135,1,
O=C(NO)c1ccc(CN2CCCc3cc(Cl)c(Cl)cc32)cc1,7.013302130050968,2,2.024592974442186
O=C(NO)c1ccc(CN2CCCc3cc(Cl)c(F)cc32)cc1,6.905451445464291,2,1.9987183757289775
O=C(NO)c1ccc(CN2CCCc3cc(Cl)ccc32)c(F)c1,6.297241446511812,2,2.296085047743637
O=C(NO)c1ccc(CN2CCCc3cc(Cl)ccc32)cc1,8.245548892381565,15,1.0038551589326359
O=C(NO)c1ccc(CN2CCCc3cc(Cl)cnc32)c(F)c1,8.3767507096021,1,
O=C(NO)c1ccc(CN2CCCc3cc(F)c(Cl)cc32)cc1,7.096432136710365,2,1.9350312847387177
O=C(NO)c1ccc(CN2CCCc3cc(F)ccc32)cc1,8.296708621881338,1,
O=C(NO)c1ccc(CN2CCCc3cc(F)cnc32)c(F)c1,8.585026652029182,1,
O=C(NO)c1ccc(CN2CCCc3ccc(Cl)nc32)c(F)c1,8.221848749616356,1,
O=C(NO)c1ccc(CN2CCCc3ccccc32)cc1,7.140262739922833,3,1.9327473299774054
O=C(NO)c1ccc(CN2CCCc3ccccc3C2)cc1,7.0,1,
O=C(NO)c1ccc(CN2CCCc3cccnc32)c(F)c1,8.744727494896694,1,
O=C(NO)c1ccc(CN2CCCc3cccnc32)cc1,8.568636235841012,1,
O=C(NO)c1ccc(CN2CCN(C(=O)CNC3CC3c3ccccc3)CC2)cc1,6.860120913598763,1,
O=C(NO)c1ccc(CN2CCN(C(=O)c3c[nH]c4cc(F)ccc34)CC2)cc1,7.853871964321762,1,
O=C(NO)c1ccc(CN2CCN(C(=O)c3c[nH]c4cc(OCc5ccccc5)ccc34)CC2)cc1,7.638272163982407,1,
O=C(NO)c1ccc(CN2CCN(C(=O)c3c[nH]c4ccc(Cl)cc34)CC2)cc1,7.585026652029182,1,
O=C(NO)c1ccc(CN2CCN(C(=O)c3c[nH]c4cccc(Cc5ccccc5)c34)CC2)cc1,7.102372908709558,1,
O=C(NO)c1ccc(CN2CCN(C(=O)c3c[nH]c4ccccc34)CC2)cc1,7.853871964321762,1,
O=C(NO)c1ccc(CN2CCN(C(=O)c3cc(Cc4n[nH]c(=O)c5ccccc45)ccc3F)CC2)cc1,7.769551078621726,1,
O=C(NO)c1ccc(CN2CCN(C(=O)c3cc4ccccc4[nH]3)CC2)cc1,7.050609993355087,1,
O=C(NO)c1ccc(CN2CCOc3cccnc32)c(F)c1,8.537602002101044,1,
O=C(NO)c1ccc(CN2CCS(=O)c3ccccc32)cc1,8.698970004336019,1,
O=C(NO)c1ccc(CN2CCSc3ccccc32)cc1,8.214670164989233,1,
O=C(NO)c1ccc(CN2CCc3[nH]c4ccc(F)cc4c3C2)cc1,8.0,1,
O=C(NO)c1ccc(CN2CCc3[nH]c4ccccc4c3C2)cc1,7.920818753952375,1,
O=C(NO)c1ccc(CN2CCc3c([nH]c4ccccc34)C2)cc1,7.853871964321762,1,
O=C(NO)c1ccc(CN2CCc3c(c4ccccc4n3Cc3ccccc3)C2)cc1,6.329754146925875,1,
O=C(NO)c1ccc(CN2CCc3c(n(CC4CC4)c4ccc(F)cc34)C2)cc1,7.823908740944319,1,
O=C(NO)c1ccc(CN2CCc3ccc(CNC4CC4c4ccc(F)cc4)cc3C2)cc1,7.619788758288394,1,
O=C(NO)c1ccc(CN2CCc3ccccc3CC2)cc1,6.5934598195660445,1,
O=C(NO)c1ccc(CN2CCc3cccnc32)c(F)c1,8.522878745280337,1,
O=C(NO)c1ccc(CN2CCc3cccnc32)cc1,8.494850021680094,1,
O=C(NO)c1ccc(CN2CCn3cc(CNC4CC4c4ccc(F)cc4)nc3C2)cc1,7.167491087293763,1,
O=C(NO)c1ccc(CN2CN(c3ccccc3)C3(CCN(C(=O)C(=O)N4CCCC4)CC3)C2=O)c(F)c1,7.455931955649724,1,
O=C(NO)c1ccc(CN2CN(c3ccccc3)C3(CCN(C(=O)NC4CCCC4)CC3)C2=O)cc1,7.795880017344075,1,
O=C(NO)c1ccc(CN2CN(c3ccccc3)C3(CCN(C(=O)NCCc4ccccc4)CC3)C2=O)cc1,7.920818753952375,1,
O=C(NO)c1ccc(CN2CN(c3ccccc3)C3(CCN(C(=O)NCc4ccccc4)CC3)C2=O)cc1,7.920818753952375,1,
O=C(NO)c1ccc(CN2CN(c3ccccc3)C3(CCN(C(=O)NCc4ccco4)CC3)C2=O)c(F)c1,7.568636235841012,1,
O=C(NO)c1ccc(CN2CN(c3ccccc3)C3(CCN(C(=O)[C@H]4CCCO4)CC3)C2=O)c(F)c1,7.886056647693163,1,
O=C(NO)c1ccc(CN2CN(c3ccccc3)C3(CCN(C(=O)[C@H]4CCCO4)CC3)C2=O)cc1,7.823908740944319,1,
O=C(NO)c1ccc(CN2CN(c3ccccc3)C3(CCN(C(=O)c4cc5ccccc5o4)CC3)C2=O)c(F)c1,8.10790539730952,1,
O=C(NO)c1ccc(CN2CN(c3ccccc3)C3(CCN(C(=O)c4ccc(-c5ccccc5)o4)CC3)C2=O)c(F)c1,6.75448733218585,1,
O=C(NO)c1ccc(CN2CN(c3ccccc3)C3(CCN(C(=O)c4cccnc4)CC3)C2=O)c(F)c1,8.229147988357855,1,
O=C(NO)c1ccc(CN2CN(c3ccccc3)C3(CCN(C(=O)c4cccnc4)CC3)C2=O)cc1,7.552841968657781,1,
O=C(NO)c1ccc(CN2CN(c3ccccc3)C3(CCN(Cc4ccc(-c5ccccc5)o4)CC3)C2=O)c(F)c1,7.721246399047171,1,
O=C(NO)c1ccc(CN2CN(c3ccccc3)C3(CCN(Cc4ccc(Br)cc4)CC3)C2=O)c(F)c1,7.721246399047171,1,
O=C(NO)c1ccc(CN2CN(c3ccccc3)C3(CCN(Cc4ccccc4)CC3)C2=O)c(F)c1,7.7447274948966935,1,
O=C(NO)c1ccc(CN2CN(c3ccccc3)C3(CCN(Cc4ccccc4)CC3)C2=O)cc1,7.886056647693163,1,
O=C(NO)c1ccc(CN2CN(c3ccccc3)C3(CCN(Cc4cccnc4)CC3)C2=O)c(F)c1,8.337242168318426,1,
O=C(NO)c1ccc(CN2CN(c3ccccc3)C3(CCN(Cc4cccnc4)CC3)C2=O)cc1,8.102372908709558,1,
O=C(NO)c1ccc(CN2CN(c3ccccc3)C3(CCN(Cc4ccco4)CC3)C2=O)c(F)c1,8.075720713938118,1,
O=C(NO)c1ccc(CN2CN(c3ccccc3)C3(CCNCC3)C2=O)cc1,7.638272163982407,1,
O=C(NO)c1ccc(CN2N=C(Cl)C=C3Sc4ccccc4N=C32)cc1,6.939302159646388,1,
O=C(NO)c1ccc(CN2N=CC=C3Sc4ccccc4N=C32)cc1,7.721246399047171,1,
O=C(NO)c1ccc(CN2c3cc(C(F)(F)F)ccc3CCC[C@@H]3CCCC[C@H]32)cc1,7.958607314841775,1,
O=C(NO)c1ccc(CN2c3cc(C(F)(F)F)ccc3S(=O)(=O)C[C@H]3CCCC[C@H]32)cc1,8.0,1,
O=C(NO)c1ccc(CN2c3ccccc3C3C2CCS3(=O)=O)cc1,8.086186147616283,1,
O=C(NO)c1ccc(CN2c3ccccc3CCC[C@@H]3CCCC[C@H]32)cc1,8.096910013008056,1,
O=C(NO)c1ccc(CN2c3ccccc3CC[C@@H]3CCCC[C@H]32)cc1,8.221848749616356,1,
O=C(NO)c1ccc(CN2c3ccccc3C[C@@H]3CCCCC[C@H]32)cc1,7.481486060122112,1,
O=C(NO)c1ccc(CN2c3ccccc3C[C@@H]3CCCC[C@H]32)cc1,7.443697499232712,1,
O=C(NO)c1ccc(CN2c3ccccc3NC(=O)[C@@H]2Cc2ccccc2)cc1,6.657577319177793,1,
O=C(NO)c1ccc(CN2c3ccccc3NC(=O)[C@@H]2Cc2cccs2)cc1,6.508638306165727,1,
O=C(NO)c1ccc(CN2c3ccccc3NC(=O)[C@H]2CCc2ccccc2)cc1,8.0,1,
O=C(NO)c1ccc(CN2c3ccccc3NC(=O)[C@H]2Cc2ccc(F)c(F)c2)cc1,7.3979400086720375,1,
O=C(NO)c1ccc(CN2c3ccccc3NC(=O)[C@H]2Cc2ccc(O)cc2)cc1,8.0,1,
O=C(NO)c1ccc(CN2c3ccccc3NC(=O)[C@H]2Cc2ccccc2)cc1,8.0,1,
O=C(NO)c1ccc(CN2c3ccccc3NC(=O)[C@H]2Cc2cccs2)cc1,7.3979400086720375,1,
O=C(NO)c1ccc(CN2c3ccccc3S(=O)(=O)C[C@@H]3CCCC[C@@H]32)cc1,8.096910013008056,1,
O=C(NO)c1ccc(CN2c3ccccc3S(=O)(=O)C[C@H]3CCCC[C@H]32)cc1,7.548455006504028,2,0.7756325085494207
O=C(NO)c1ccc(CN2c3ccccc3S(=O)(=O)c3ccccc32)cc1,7.886056647693163,1,
O=C(NO)c1ccc(CN2c3ccccc3SC[C@H]3CCCCC[C@H]32)cc1,7.522878745280337,1,
O=C(NO)c1ccc(CN2c3ccccc3SC[C@H]3CCCC[C@H]32)cc1,7.522878745280337,1,
O=C(NO)c1ccc(CN2c3ccccc3Sc3cc(Cl)nnc32)cc1,7.7447274948966935,1,
O=C(NO)c1ccc(CN2c3ccccc3Sc3ccc(C(=O)Nc4ccc(Br)cn4)cc32)cc1,7.15534557043819,2,0.5197704004838074
O=C(NO)c1ccc(CN2c3ccccc3Sc3ccc(C(=O)Nc4ccccn4)cc32)cc1,7.180256755365707,2,0.3078506091273107
O=C(NO)c1ccc(CN2c3ccccc3Sc3ccc(C(F)(F)F)cc32)cc1,7.177217556529281,3,0.9621973748220701
O=C(NO)c1ccc(CN2c3ccccc3Sc3ccc(Cl)cc32)cc1,7.493565716921523,3,0.8294416081057864
O=C(NO)c1ccc(CN2c3ccccc3Sc3cccc(Cl)c32)cc1,7.795880017344075,1,
O=C(NO)c1ccc(CN2c3ccccc3Sc3ccccc32)cc1,6.86727737778952,3,1.7836013706976923
O=C(NO)c1ccc(CN2c3ccccc3Sc3ccccc32)nc1,8.280333653084869,2,0.4549897509160172
O=C(NO)c1ccc(CN2c3ccccc3Sc3cccnc32)cc1,8.301029995663981,2,0.0
O=C(NO)c1ccc(CN2c3ccccc3Sc3ccncc32)cc1,8.154901959985743,1,
O=C(NO)c1ccc(CN2c3ccccc3Sc3ccnnc32)cc1,7.958607314841775,1,
O=C(NO)c1ccc(CN2c3ccccc3Sc3nccnc32)cc1,7.769551078621726,1,
O=C(NO)c1ccc(CN2c3ccccc3[S+]([O-])C[C@H]3CCCC[C@H]32)cc1,7.0,1,
O=C(NO)c1ccc(CN2c3ccccc3[S+]([O-])c3ccc(C(F)(F)F)cc32)cc1,6.69745526905921,2,1.4478593010662506
O=C(NO)c1ccc(CN2c3ccccc3[S+]([O-])c3ccc(Cl)cc32)cc1,7.0043869621537524,2,1.4204176637485493
O=C(NO)c1ccc(CN2c3ccccc3[S+]([O-])c3ccccc32)cc1,6.783460299342793,3,1.097228712894159
O=C(NO)c1ccc(CN2c3cccnc3Sc3cccnc32)cc1,7.853871964321762,1,
O=C(NO)c1ccc(CN2c3ccncc3Sc3ccncc32)cc1,8.045757490560675,1,
O=C(NO)c1ccc(CN2c3ccncc3Sc3ncccc32)cc1,7.920818753952375,1,
O=C(NO)c1ccc(CNC(=O)N2CCC(N3C(=O)CC3c3cccc(Cl)c3)CC2)cc1,6.568636235841012,1,
O=C(NO)c1ccc(CNC(=O)N2CCC(N3C(=O)[C@H](c4ccccc4)[C@H]3c3ccccc3)CC2)cc1,7.6777807052660805,1,
O=C(NO)c1ccc(CNC(=O)N2CCC(N3CC(c4ccccc4)(c4ccccc4)C3=O)CC2)cc1,8.468521082957745,1,
O=C(NO)c1ccc(CNC(=O)N2CCC3(CC2)CN(Cc2ccccc2)c2ccccc23)cc1,6.958607314841775,1,
O=C(NO)c1ccc(CNC(=O)N2CCc3c(c4ccccc4n3Cc3ccccc3)C2)cc1,8.200659450546418,1,
O=C(NO)c1ccc(CNC(=O)[C@@H]2Cc3c([nH]c4ccccc34)[C@@H](C3CC3)N2)cc1,8.481486060122112,1,
O=C(NO)c1ccc(CNC(=O)[C@@H]2Cc3c([nH]c4ccccc34)[C@@H](C3CC3)N2Cc2ccc(Cl)cc2)cc1,7.958607314841775,1,
O=C(NO)c1ccc(CNC(=O)[C@@H]2Cc3c([nH]c4ccccc34)[C@@H](C3CC3)N2Cc2ccccc2)cc1,7.886056647693163,1,
O=C(NO)c1ccc(CNC(=O)[C@@H]2Cc3c([nH]c4ccccc34)[C@@H](C3CCCC3)N2)cc1,8.346787486224656,1,
O=C(NO)c1ccc(CNC(=O)[C@@H]2Cc3c([nH]c4ccccc34)[C@@H](c3ccc(Cl)cc3)N2)cc1,8.2518119729938,1,
O=C(NO)c1ccc(CNC(=O)[C@@H]2Cc3c([nH]c4ccccc34)[C@@H](c3ccc(Cl)cc3)N2CC2CC2)cc1,8.242858976069812,2,0.2508212790941805
O=C(NO)c1ccc(CNC(=O)[C@@H]2Cc3c([nH]c4ccccc34)[C@@H](c3ccc4c(c3)OCO4)N2)cc1,8.698970004336019,1,
O=C(NO)c1ccc(CNC(=O)[C@@H]2Cc3c([nH]c4ccccc34)[C@@H](c3ccccc3)N2)cc1,8.275724130399212,1,
O=C(NO)c1ccc(CNC(=O)[C@H]2Cc3c([nH]c4ccccc34)[C@H](C3CC3)N2)cc1,8.356547323513812,1,
O=C(NO)c1ccc(CNC(=O)[C@H]2Cc3c([nH]c4ccccc34)[C@H](C3CC3)N2Cc2ccc(Cl)cc2)cc1,7.958607314841775,1,
O=C(NO)c1ccc(CNC(=O)[C@H]2Cc3c([nH]c4ccccc34)[C@H](C3CCCC3)N2)cc1,8.602059991327963,1,
O=C(NO)c1ccc(CNC(=O)[C@H]2Cc3c([nH]c4ccccc34)[C@H](c3ccc(Cl)cc3)N2)cc1,8.568636235841012,1,
O=C(NO)c1ccc(CNC(=O)[C@H]2Cc3c([nH]c4ccccc34)[C@H](c3ccc(Cl)cc3)N2CC2CC2)cc1,8.102372908709558,1,
O=C(NO)c1ccc(CNC(=O)[C@H]2Cc3c([nH]c4ccccc34)[C@H](c3ccccc3)N2)cc1,8.67778070526608,1,
O=C(NO)c1ccc(CNC(=O)c2[nH]c(-c3ccc(O)cc3)cc2-c2ccoc2)cc1,9.154901959985743,1,
O=C(NO)c1ccc(CNC(=O)c2[nH]c(-c3ccc(O)cc3)cc2-c2ccsc2)cc1,9.356547323513812,1,
O=C(NO)c1ccc(CNC(=O)c2[nH]c(-c3cccs3)cc2-c2ccc(F)cc2)nc1,7.2839966563652006,1,
O=C(NO)c1ccc(CNC(=O)c2[nH]c(-c3cccs3)cc2-c2ccc(O)cc2)cc1,8.18045606445813,1,
O=C(NO)c1ccc(CNC(=O)c2[nH]c(-c3ccoc3)cc2-c2ccc(F)cc2)cc1,7.366531544420414,1,
O=C(NO)c1ccc(CNC(=O)c2c(F)c(F)c(F)c(F)c2F)cc1,7.518401996574589,3,1.1184827418464438
O=C(NO)c1ccc(CNC(=O)c2cc(-c3ccc(F)cc3)[nH]n2)cc1,8.328788659588897,2,0.9492361808280066
O=C(NO)c1ccc(CNC(=O)c2cc(-c3ccc(F)cc3)cn3ccnc23)cc1,8.522878745280337,1,
O=C(NO)c1ccc(CNC(=O)c2cc(Cn3c4ccccc4c4ccccc43)on2)cc1,9.214670164989233,1,
O=C(NO)c1ccc(CNC(=O)c2ccc(-c3csc(N4N=C(c5ccccc5)/C(=N/Nc5nccs5)C4=O)n3)cc2)cc1,7.200659450546418,1,
O=C(NO)c1ccc(CNC(=O)c2ccc(Cl)c(Cl)c2)cc1,8.1259059864969,2,0.8104349061360995
O=C(NO)c1ccc(CNC(=O)c2ccc3cccc(OCc4ccc(Br)cc4)c3n2)cc1,7.267606240177031,1,
O=C(NO)c1ccc(CNC(=O)c2ccc3cccc(OCc4ccc(F)cc4)c3n2)cc1,7.450851231752651,2,0.043324189761063905
O=C(NO)c1ccc(CNC(=O)c2ccc3cccc(OCc4ccccc4)c3n2)cc1,7.207608310501746,1,
O=C(NO)c1ccc(CNC(=O)c2ccccc2)cc1,7.402604121139038,2,0.4838355151729164
O=C(NO)c1ccc(CNC(=O)c2cccnc2C(F)(F)F)cc1,7.769551078621726,1,
O=C(NO)c1ccc(CNC(=O)c2nc(-c3nc4c(s3)CCCC4)sc2C2CC2)cc1,7.1249387366083,1,
O=C(NO)c1ccc(CNC(=O)c2nc(-c3nccs3)sc2C2CC2)cc1,7.678273661756906,2,0.029269048366900915
O=C(NO)c1ccc(CNC(c2ccccc2)c2nnnn2C2CCCCC2)cc1,6.920818753952375,1,
O=C(NO)c1ccc(CNC(c2ccccc2)c2nnnn2Cc2ccccc2)cc1,7.0,1,
O=C(NO)c1ccc(CNC23CC4CC(CC(C4)C2)C3)cc1,5.860120913598763,2,0.0
O=C(NO)c1ccc(CNC2CC2c2ccccc2)cc1,6.578396073130168,1,
O=C(NO)c1ccc(CNC2CCCc3cccnc32)c(F)c1,7.200659450546418,1,
O=C(NO)c1ccc(CNC2CCCc3cccnc32)cc1,7.0655015487564325,1,
O=C(NO)c1ccc(CNCC23CC4CC(CC(C4)C2)C3)c(Br)c1,7.221848749616356,2,0.0
O=C(NO)c1ccc(CNCC23CC4CC(CC(C4)C2)C3)c(C(F)(F)F)c1,6.074629254692731,3,0.14415759530426786
O=C(NO)c1ccc(CNCC23CC4CC(CC(C4)C2)C3)c(Cl)c1,7.1249387366083,2,0.0
O=C(NO)c1ccc(CNCC23CC4CC(CC(C4)C2)C3)c(F)c1,7.920818753952375,2,0.0
O=C(NO)c1ccc(CNCC23CC4CC(CC(C4)C2)C3)cc1,7.455931955649724,2,0.0
O=C(NO)c1ccc(CNCC23CC4CC(CC(C4)C2)C3)cc1F,7.050609993355087,2,0.0
O=C(NO)c1ccc(CNCC23CC4CC(CC(C4)C2)C3)nc1,7.568636235841012,2,0.0
O=C(NO)c1ccc(CNCC2CCCCC2)cc1,7.075720713938118,2,0.0
O=C(NO)c1ccc(CNCC2CCN(Cc3ccccc3)CC2)cc1,5.847711655616944,1,
O=C(NO)c1ccc(CNCCCN2c3ccccc3CCc3ccc(Cl)cc32)cc1,5.583359492661719,1,
O=C(NO)c1ccc(CNC[C@H]2CN(c3ccc(N4CCOCC4)c(F)c3)C(=O)O2)cc1,7.214670164989233,1,
O=C(NO)c1ccc(CNCc2ccccc2)cc1,6.6777807052660805,1,
O=C(NO)c1ccc(CNCc2cccs2)cc1,6.801342913045577,1,
O=C(NO)c1ccc(CNCc2ccsc2)cc1,6.752026733638193,1,
O=C(NO)c1ccc(CNCc2csc3ccccc23)cc1,7.853871964321762,1,
O=C(NO)c1ccc(CNCc2nnnn2C2CCCCC2)cc1,6.920818753952375,1,
O=C(NO)c1ccc(CNCc2nnnn2Cc2ccccc2)cc1,7.0,1,
O=C(NO)c1ccc(CNS(=O)(=O)c2c(F)c(F)c(F)c(F)c2F)cc1,6.410050398674292,2,0.0
O=C(NO)c1ccc(CN[C@@H]2C[C@H]2c2ccccc2)cc1,9.085656842880558,1,
O=C(NO)c1ccc(CNc2ccc3ccccc3n2)cc1,8.3767507096021,1,
O=C(NO)c1ccc(CNc2ccc3cccnc3c2)cc1,8.481486060122112,1,
O=C(NO)c1ccc(CNc2ccc3ncccc3c2)cc1,8.318758762624412,1,
O=C(NO)c1ccc(CNc2cccc3c2CCC3)cc1,7.698970004336019,1,
O=C(NO)c1ccc(CNc2cccc3c2CCCC3)cc1,7.6020599913279625,1,
O=C(NO)c1ccc(CNc2cccc3cc(-c4cccnc4)cnc23)cc1,8.318758762624412,1,
O=C(NO)c1ccc(CNc2cccc3cc(-c4ccncc4)cnc23)cc1,8.086186147616283,1,
O=C(NO)c1ccc(CNc2cccc3ccc(F)nc23)cc1,8.327902142064282,1,
O=C(NO)c1ccc(CNc2cccc3cccnc23)cc1,9.214115082985382,3,0.559001579007346
O=C(NO)c1ccc(CNc2cccc3ccncc23)cc1,8.468521082957745,1,
O=C(NO)c1ccc(CNc2cccc3cn[nH]c23)cc1,8.443697499232712,1,
O=C(NO)c1ccc(CNc2cccc3cnccc23)cc1,8.638272163982407,1,
O=C(NO)c1ccc(CNc2cccc3ncccc23)cc1,9.09963287134353,1,
O=C(NO)c1ccc(CNc2cccc3nccnc23)cc1,8.229147988357855,1,
O=C(NO)c1ccc(CNc2ccnc3ccccc23)cc1,7.657577319177793,1,
O=C(NO)c1ccc(CNc2cnc3ccccc3c2)cc1,6.39469495385889,1,
O=C(NO)c1ccc(CNc2cncc3ccccc23)cc1,8.638272163982407,1,
O=C(NO)c1ccc(CNc2ncnc3[nH]ccc23)cc1,8.0,1,
O=C(NO)c1ccc(COC(=O)N2CCC(N3CC(c4ccccc4)(c4ccccc4)C3=O)CC2)cc1,7.721246399047171,1,
O=C(NO)c1ccc(COC(=O)N2CCC3(CC2)CN(Cc2ccccc2)c2ccccc23)cc1,7.309803919971486,1,
O=C(NO)c1ccc(COC(=O)N2CCc3c(c4ccccc4n3Cc3ccccc3)C2)cc1,6.318758762624412,1,
O=C(NO)c1ccc(COc2c(-c3ccccc3)c3ccccc3[nH]c2=O)cc1,6.8326826652518236,1,
O=C(NO)c1ccc(COc2c(-c3ccccc3)c3ccccc3n(C3CCN(Cc4ccccc4)CC3)c2=O)cc1,6.060480747381382,1,
O=C(NO)c1ccc(COc2c(-c3ccccc3)c3ccccc3n(Cc3ccccc3)c2=O)cc1,6.75448733218585,1,
O=C(NO)c1ccc(COc2c(-c3ccccc3)c3ccccc3n(Cc3ccncc3)c2=O)cc1,7.075720713938118,1,
O=C(NO)c1ccc(COc2c(-c3cccnc3)c3ccccc3n(Cc3ccccc3)c2=O)cc1,7.585026652029182,1,
O=C(NO)c1ccc(COc2c(-c3cccnc3)c3ccccc3n(Cc3ccncc3)c2=O)cc1,7.346787486224656,1,
O=C(NO)c1ccc(COc2ccc(-c3csc(N4N=C(c5ccccc5)/C(=N/Nc5nccs5)C4=O)n3)cc2)cc1,7.070581074285707,1,
O=C(NO)c1ccc(COc2ccc(CNC(=O)[C@@H]3CCC(=O)N3Cc3ccccc3)cc2)cc1,6.844663962534938,1,
O=C(NO)c1ccc(COc2cccc3cccnc23)cc1,8.55284196865778,1,
O=C(NO)c1ccc(COc2no[n+]([O-])c2S(=O)(=O)c2ccccc2)cc1,7.481486060122112,1,
O=C(NO)c1ccc(CS(=O)(=O)NCCN2CCC(CNC3CC3c3ccccc3)CC2)cc1,6.2564902352715706,1,
O=C(NO)c1ccc(CSc2cccc3cccnc23)cc1,8.022276394711152,1,
O=C(NO)c1ccc(CSc2nc3ccccc3[nH]2)cc1,7.309803919971486,1,
O=C(NO)c1ccc(CSc2nc3ccccc3n2Cc2ccc(Br)cc2)cc1,6.309803919971486,1,
O=C(NO)c1ccc(CSc2nc3ccccc3n2Cc2ccc(Cl)c(Cl)c2)cc1,5.958607314841775,1,
O=C(NO)c1ccc(CSc2nc3ccccc3n2Cc2ccc(Cl)cc2)cc1,6.2839966563652006,1,
O=C(NO)c1ccc(CSc2nc3ccccc3n2Cc2cccc(Br)c2)cc1,6.267606240177031,1,
O=C(NO)c1ccc(CSc2nc3ccccc3n2Cc2ccccc2)cc1,6.309803919971486,1,
O=C(NO)c1ccc(CSc2nc3ccccc3n2Cc2ccccn2)cc1,6.455931955649724,1,
O=C(NO)c1ccc(CSc2nc3ccccc3n2Cc2cccnc2)cc1,6.585026652029182,1,
O=C(NO)c1ccc(CSc2nnc(-c3ccncc3)n2-c2ccccc2)cc1,5.159266765388193,1,
O=C(NO)c1ccc(Cc2ccncc2)cc1,7.443697499232712,1,
O=C(NO)c1ccc(Cc2nc(-c3ccc(Cl)cc3)nn2Cc2ccccc2)cc1,6.434152181326482,2,0.0
O=C(NO)c1ccc(Cc2nnc(-c3ccccc3)[nH]2)cc1,8.301029995663981,2,0.0
O=C(NO)c1ccc(Cc2nnc(-c3ccccc3)o2)cc1,8.397940008672037,2,0.0
O=C(NO)c1ccc(Cc2nnc(-c3ccccc3)s2)cc1,7.795880017344075,2,0.0
O=C(NO)c1ccc(Cc2nnc(Cc3cccc4ccccc34)o2)cc1,5.920818753952375,1,
O=C(NO)c1ccc(Cc2nnc[nH]2)cc1,6.703334809738469,2,0.0
O=C(NO)c1ccc(Cc2noc(-c3ccccc3)n2)cc1,8.221848749616356,2,0.0
O=C(NO)c1ccc(Cl)c(NC(=O)c2ccc(-c3ccccc3)cc2)c1,6.795880017344075,1,
O=C(NO)c1ccc(Cl)c(NC(=O)c2ccc(-c3ccccc3)cc2Cl)c1,5.619788758288394,1,
O=C(NO)c1ccc(Cl)c(NC(=O)c2ccc(Cl)cc2)c1,7.045757490560675,1,
O=C(NO)c1ccc(Cl)c(NC(=O)c2ccc(Cl)cc2Cl)c1,6.096910013008056,1,
O=C(NO)c1ccc(Cl)c(NC(=O)c2ccc(Oc3ccccc3)cc2)c1,6.823908740944319,1,
O=C(NO)c1ccc(Cl)c(NC(=O)c2cccc(OCc3ccccc3)c2)c1,5.823908740944319,1,
O=C(NO)c1ccc(Cl)c(NC(=O)c2cccc(Oc3ccccc3)c2)c1,6.522878745280337,1,
O=C(NO)c1ccc(Cl)c(NC(=O)c2cccc3ccsc23)c1,7.275724130399211,1,
O=C(NO)c1ccc(Cl)c(NC(=O)c2ccccc2)c1,6.920818753952375,1,
O=C(NO)c1ccc(Cl)c(NCc2ccccc2)c1,5.3979400086720375,1,
O=C(NO)c1ccc(Cn2[se]c3ccc(C(F)(F)F)cc3c2=O)cc1,6.2335871528876,1,
O=C(NO)c1ccc(Cn2[se]c3ccc(F)cc3c2=O)cc1,6.7495799976911055,1,
O=C(NO)c1ccc(Cn2[se]c3ccc(O)cc3c2=O)cc1,6.7258421507363195,1,
O=C(NO)c1ccc(Cn2[se]c3ccccc3c2=O)cc1,7.431798275933005,1,
O=C(NO)c1ccc(Cn2c(=O)[nH]c(=O)c3c(Cl)cccc32)cc1,7.886056647693163,1,
O=C(NO)c1ccc(Cn2c(=O)[nH]c(=O)c3cc(Br)ccc32)cc1,7.7447274948966935,1,
O=C(NO)c1ccc(Cn2c(=O)[nH]c(=O)c3cc(F)ccc32)cc1,8.221848749616356,1,
O=C(NO)c1ccc(Cn2c(=O)[nH]c(=O)c3ccc(C(F)(F)F)cc32)cc1,7.236572006437063,1,
O=C(NO)c1ccc(Cn2c(=O)[nH]c(=O)c3ccc(F)cc32)cc1,8.795880017344075,1,
O=C(NO)c1ccc(Cn2c(=O)[nH]c(=O)c3cccc(Cl)c32)cc1,8.0,1,
O=C(NO)c1ccc(Cn2c(=O)c(F)cn(C3CCCO3)c2=O)cc1,7.920818753952375,1,
O=C(NO)c1ccc(Cn2c(=O)c(O)c(-c3ccccc3)c3ccccc32)cc1,6.511449283499555,1,
O=C(NO)c1ccc(Cn2c(=O)c(O)c(-c3cccnc3)c3ccccc32)cc1,6.528708288941061,1,
O=C(NO)c1ccc(Cn2c(=O)c(OCc3ccccc3)c(-c3ccccc3)c3ccccc32)cc1,7.070581074285707,1,
O=C(NO)c1ccc(Cn2c(=O)ccc3cc(Cl)cnc32)c(F)c1,8.823908740944319,1,
O=C(NO)c1ccc(Cn2c(=O)n(CCc3ccc(F)cc3)c(=O)c3ccccc32)cc1,7.638272163982407,2,0.0
O=C(NO)c1ccc(Cn2c(=O)n(CCc3ccc(N4CCOCC4)cc3)c(=O)c3ccccc32)cc1,7.853871964321762,1,
O=C(NO)c1ccc(Cn2c(=O)n(CCc3ccc(O)cc3)c(=O)c3ccccc32)cc1,8.301029995663981,1,
O=C(NO)c1ccc(Cn2c(=O)n(CCc3cccc(C(F)(F)F)c3)c(=O)c3ccccc32)cc1,7.619788758288394,1,
O=C(NO)c1ccc(Cn2c(=O)n(CCc3cccc(F)c3)c(=O)c3ccccc32)cc1,8.0,2,0.0
O=C(NO)c1ccc(Cn2c(=O)n(CCc3ccccc3)c(=O)c3cc(Cl)ccc32)cc1,7.455931955649724,3,0.0
O=C(NO)c1ccc(Cn2c(=O)n(CCc3ccccc3)c(=O)c3cc(F)ccc32)cc1,7.2441251443275085,2,0.0
O=C(NO)c1ccc(Cn2c(=O)n(CCc3ccccc3)c(=O)c3ccc(C(F)(F)F)cc32)cc1,6.196770681137065,3,0.00039455560625071884
O=C(NO)c1ccc(Cn2c(=O)n(CCc3ccccc3)c(=O)c3ccc(C4CC4)cc32)cc1,6.774690718274137,2,0.0
O=C(NO)c1ccc(Cn2c(=O)n(CCc3ccccc3)c(=O)c3ccc(Cl)cc32)cc1,7.667679012221937,2,0.014285951305957757
O=C(NO)c1ccc(Cn2c(=O)n(CCc3ccccc3)c(=O)c3ccc(F)cc32)cc1,8.096910013008056,2,0.0
O=C(NO)c1ccc(Cn2c(=O)n(CCc3ccccc3)c(=O)c3ccc(O)cc32)cc1,7.523845995168937,2,0.04100649896213307
O=C(NO)c1ccc(Cn2c(=O)n(CCc3ccccc3)c(=O)c3ccccc32)c(F)c1,6.96657624451305,1,
O=C(NO)c1ccc(Cn2c(=O)n(CCc3ccccc3)c(=O)c3ccccc32)cc1,8.380430542020099,4,0.035018933303877876
O=C(NO)c1ccc(Cn2c(=O)n(CCc3ccccc3)c(=O)c3ccccc32)s1,7.698970004336019,1,
O=C(NO)c1ccc(Cn2c(=O)n(CCc3ccccc3)c(=O)c3cccnc32)cc1,7.5452219853794125,2,0.010776283697324371
O=C(NO)c1ccc(Cn2c(=O)n(CCc3ccccc3)c(=O)c3ccsc32)cc1,7.823908740944319,2,0.0
O=C(NO)c1ccc(Cn2c(=O)n(CCc3ccccc3O)c(=O)c3ccccc32)cc1,8.221848749616356,2,0.0
O=C(NO)c1ccc(Cn2c(=O)n(CCc3cccs3)c(=O)c3ccccc32)cc1,7.958607314841775,1,
O=C(NO)c1ccc(Cn2c(=O)n(Cc3ccccc3)c(=O)c3ccccc32)cc1,7.619788758288394,1,
O=C(NO)c1ccc(Cn2c([C@@H]3CC4(CC4)CN3c3ncnc4[nH]cnc34)nc3cccc(F)c3c2=O)cc1,7.552841968657781,1,
O=C(NO)c1ccc(Cn2c3c(c4cc(F)ccc42)C(=O)C(CN2CCOCC2)CC3)cc1,8.301029995663981,1,
O=C(NO)c1ccc(Cn2c3c(c4cc(F)ccc42)C(=O)CCC3)cc1,7.958607314841775,1,
O=C(NO)c1ccc(Cn2c3c(c4cc(F)ccc42)CS(=O)(=O)CC3)cc1,8.431798275933005,1,
O=C(NO)c1ccc(Cn2c3c(c4cc(F)ccc42)CSCC3)cc1,7.657577319177793,1,
O=C(NO)c1ccc(Cn2c3c(c4cc(F)ccc42)C[S+]([O-])CC3)cc1,8.0268721464003,1,
O=C(NO)c1ccc(Cn2c3c(c4ccccc42)C(=O)C(CN2CCCCC2)CC3)cc1,7.920818753952375,1,
O=C(NO)c1ccc(Cn2c3c(c4ccccc42)C(=O)C(CN2CCN(c4ccc(F)cc4)CC2)CC3)cc1,8.096910013008056,1,
O=C(NO)c1ccc(Cn2c3c(c4ccccc42)C(=O)CCC3)cc1,7.6259059864969,2,0.24037957967529816
O=C(NO)c1ccc(Cn2c3c(c4ccccc42)CCCC3)cc1,7.200659450546418,2,0.0
O=C(NO)c1ccc(Cn2c3c(c4ccccc42)CCN(Cc2ccccc2)C3)cc1,9.059483515067432,1,
O=C(NO)c1ccc(Cn2c3c(c4ccccc42)CCNC3)cc1,8.603800652904264,1,
O=C(NO)c1ccc(Cn2c3c(c4ccccc42)CN(Cc2ccccc2)CC3)cc1,8.84163750790475,1,
O=C(NO)c1ccc(Cn2c3c(c4ccccc42)CN(Cc2ccncc2)CC3)cc1,9.235077015350111,1,
O=C(NO)c1ccc(Cn2c3c(c4ccccc42)CNCC3)cc1,8.18309616062434,1,
O=C(NO)c1ccc(Cn2c3c(c4ccccc42)COCC3)cc1,7.698970004336019,1,
O=C(NO)c1ccc(Cn2c3c(c4ccccc42)CS(=O)(=O)CC3)cc1,8.387913065713837,3,0.5773502691896255
O=C(NO)c1ccc(Cn2c3c(c4ccccc42)CSCC3)cc1,6.899629454882437,1,
O=C(NO)c1ccc(Cn2c3c(c4ccccc42)S(=O)(=O)CC3)cc1,8.089760769413541,3,0.0061914265706929095
O=C(NO)c1ccc(Cn2c3ccccc3c3ccccc32)cc1,7.61347760225546,3,0.18666103151380958
O=C(NO)c1ccc(Cn2cc(-c3ccc(CN4CCCC4)cc3)nn2)cc1,7.255724641749778,2,0.9940262090437567
O=C(NO)c1ccc(Cn2cc(-c3ccc(CO)cc3)nc(N3CCOCC3)c2=O)cc1,7.823908740944319,1,
O=C(NO)c1ccc(Cn2cc(-c3ccc(O)cc3)nc(N3CCOCC3)c2=O)cc1,7.853871964321762,1,
O=C(NO)c1ccc(Cn2cc(-c3cccc(CO)c3)nc(N3CCOCC3)c2=O)cc1,7.853871964321762,1,
O=C(NO)c1ccc(Cn2cc(-c3cccc(O)c3)nc(N3CCOCC3)c2=O)cc1,7.638272163982407,1,
O=C(NO)c1ccc(Cn2cc(-c3cccc4[nH]ncc34)nc(N3CCOCC3)c2=O)cc1,8.346787486224656,1,
O=C(NO)c1ccc(Cn2cc(-c3cccnc3)nc(N3CCOCC3)c2=O)cc1,7.823908740944319,1,
O=C(NO)c1ccc(Cn2cc(-c3ccoc3)nc(N3CCOCC3)c2=O)cc1,8.102372908709558,1,
O=C(NO)c1ccc(Cn2cc(-c3cn[nH]c3)nc(N3CCOCC3)c2=O)cc1,7.522878745280337,1,
O=C(NO)c1ccc(Cn2cc(-c3cncnc3)nc(N3CCOCC3)c2=O)cc1,7.455931955649724,1,
O=C(NO)c1ccc(Cn2cc(C(=O)NC3C4CC5CC(C4)CC3C5)c3ccccc32)cc1,8.275724130399212,1,
O=C(NO)c1ccc(Cn2cc(CCO)c3ccccc32)cc1,7.494850021680094,1,
O=C(NO)c1ccc(Cn2cc(CN3CCCC3)c3ccccc32)cc1,6.801342913045577,1,
O=C(NO)c1ccc(Cn2cc(CNC3CC3c3ccccc3)cn2)cc1,7.431798275933005,1,
O=C(NO)c1ccc(Cn2cc(CNC3CC3c3ccccc3)nn2)cc1,7.130768280269024,1,
O=C(NO)c1ccc(Cn2cc(CN[C@@H]3C[C@H]3c3ccccc3)cn2)cc1,7.939713034397075,2,0.026720547656175313
O=C(NO)c1ccc(Cn2cc(CN[C@H]3CC3c3ccccc3)cn2)cc1,6.7495799976911055,1,
O=C(NO)c1ccc(Cn2cc(Cc3ccccc3)c3ccccc32)cc1,7.496766978875384,2,0.057749443665548725
O=C(NO)c1ccc(Cn2cc(Nc3cc(-c4cccc(NCC5CCOCC5)n4)c(Cl)cn3)cn2)cc1,6.436518914605589,1,
O=C(NO)c1ccc(Cn2cc(Nc3cc(-c4cccc(NCc5cccc(F)c5)n4)c(Cl)cn3)cn2)cc1,6.111259039317107,1,
O=C(NO)c1ccc(Cn2cc(Nc3ncc(Cl)c(Nc4ccc(F)cc4)n3)cn2)cc1,7.546832479097454,2,0.47973541991278856
O=C(NO)c1ccc(Cn2cc(Nc3ncc(Cl)c(OC4CCCCC4)n3)cn2)cc1,6.860120913598763,1,
O=C(NO)c1ccc(Cn2ccc(C(=O)Nc3ccccc3)n2)cc1,8.200659450546418,1,
O=C(NO)c1ccc(Cn2ccc3cc(C(=O)NCC45C[C@H]6C[C@@H](C4)C[C@@H](C5)C6)ccc32)c(F)c1,8.096910013008056,1,
O=C(NO)c1ccc(Cn2ccc3cc(C(=O)NCC45C[C@H]6C[C@@H](C4)C[C@@H](C5)C6)ccc32)cc1,7.7447274948966935,1,
O=C(NO)c1ccc(Cn2ccc3cc(C(=O)c4ccc(Cl)cc4)ccc32)cc1,8.173925197299173,1,
O=C(NO)c1ccc(Cn2ccc3cc(C(=O)c4ccc(F)cc4)ccc32)cc1,8.031517051446064,1,
O=C(NO)c1ccc(Cn2ccc3ccccc32)cc1,7.60582741742394,2,0.5729940337973253
O=C(NO)c1ccc(Cn2ccc3cncnc32)c(F)c1,8.585026652029182,1,
O=C(NO)c1ccc(Cn2cccc2)cc1,7.508638306165727,1,
O=C(NO)c1ccc(Cn2cccn2)cc1,7.313802323772646,3,0.5584175027528633
O=C(NO)c1ccc(Cn2cnc(-c3c(F)cccc3F)n2)cc1,7.853871964321762,1,
O=C(NO)c1ccc(Cn2cnc(-c3cc(F)cc(F)c3)n2)cc1,7.698970004336019,1,
O=C(NO)c1ccc(Cn2cnc(-c3ccc(F)cc3)n2)cc1,7.886056647693163,1,
O=C(NO)c1ccc(Cn2cnc(-c3cccc(-c4ccccc4)c3)n2)cc1,7.958607314841775,1,
O=C(NO)c1ccc(Cn2cnc(-c3cccc(C(F)(F)F)c3)n2)cc1,8.337242168318426,1,
O=C(NO)c1ccc(Cn2cnc(-c3cccc(Cl)c3)n2)cc1,8.193820026016112,1,
O=C(NO)c1ccc(Cn2cnc(-c3cccc(F)c3)n2)cc1,8.060480747381382,1,
O=C(NO)c1ccc(Cn2cnc(-c3cccc(O)c3)n2)cc1,7.920818753952375,1,
O=C(NO)c1ccc(Cn2cnc(-c3cccc(OC(F)(F)F)c3)n2)cc1,7.886056647693163,1,
O=C(NO)c1ccc(Cn2cnc(-c3ccccc3)n2)c(F)c1,7.920818753952375,1,
O=C(NO)c1ccc(Cn2cnc(-c3ccccc3)n2)cc1,8.040958607678906,1,
O=C(NO)c1ccc(Cn2cnc(-c3ccccc3)n2)nc1,7.6777807052660805,1,
O=C(NO)c1ccc(Cn2cnc(-c3ccccc3F)n2)c(F)c1,8.148741651280925,2,0.0
O=C(NO)c1ccc(Cn2cnc(-c3ccccc3F)n2)cc1,8.0,1,
O=C(NO)c1ccc(Cn2cnc(-c3cccnc3)n2)cc1,7.552841968657781,1,
O=C(NO)c1ccc(Cn2cnc(-c3cccs3)n2)cc1,8.0,1,
O=C(NO)c1ccc(Cn2cnc(Br)n2)cc1,7.356547323513812,1,
O=C(NO)c1ccc(Cn2cnc3c(Cl)ncnc32)c(F)c1,8.154901959985743,1,
O=C(NO)c1ccc(Cn2cnc3c(Cl)ncnc32)cc1,8.397940008672037,1,
O=C(NO)c1ccc(Cn2cnc3c(Nc4ccc(Br)cc4F)ncnc32)cc1,6.735182176990463,1,
O=C(NO)c1ccc(Cn2cnc3c(Nc4ccc(F)c(Cl)c4)ncnc32)cc1,6.467245621007502,1,
O=C(NO)c1ccc(Cn2cnc3ccccc32)cc1,7.537602002101044,1,
O=C(NO)c1ccc(Cn2cnc3cncnc32)cc1,8.45842075605342,1,
O=C(NO)c1ccc(Cn2cnc3ncncc32)cc1,7.853871964321762,1,
O=C(NO)c1ccc(Cn2cncn2)cc1,7.036212172654444,1,
O=C(NO)c1ccc(Cn2nc(-c3ccc(F)cc3)cc2Cc2ccccc2)cc1,6.237394642636402,2,0.35268754865733026
O=C(NO)c1ccc(Cn2nc(C(=O)Nc3cccc(F)c3)cc2C(F)(F)F)cc1,8.070581074285707,1,
O=C(NO)c1ccc(Cn2nc(C(=O)Nc3ccccc3)cc2C(F)(F)F)cc1,8.259637310505756,1,
O=C(NO)c1ccc(Cn2nc(Cc3ccccc3)cc2-c2ccc(F)cc2)cc1,6.376750709602099,1,
O=C(NO)c1ccc(Cn2ncnc2-c2ccccc2)cc1,7.769551078621726,1,
O=C(NO)c1ccc(Cn2ncnc2-c2ccccc2F)cc1,7.920818753952375,1,
O=C(NO)c1ccc(Cn2ncnc2-c2cccs2)cc1,7.7447274948966935,1,
O=C(NO)c1ccc(Cn2nnc(-c3ccc(C(F)(F)F)cc3)n2)cc1,7.958607314841775,2,0.0
O=C(NO)c1ccc(Cn2nnc(-c3ccc(S(F)(F)(F)(F)F)cc3)n2)cc1,7.6020599913279625,2,0.0
O=C(NO)c1ccc(Cn2nnc(-c3ccc4ccccc4n3)n2)cc1,7.698970004336019,2,0.0
O=C(NO)c1ccc(Cn2nnc(-c3cccc(S(F)(F)(F)(F)F)c3)n2)cc1,7.585026652029182,2,0.0
O=C(NO)c1ccc(Cn2nnc(-c3ccccc3)n2)cc1,8.522878745280337,2,0.0
O=C(NO)c1ccc(Cn2nnc(-c3ccccn3)n2)cc1,8.045757490560675,2,0.0
O=C(NO)c1ccc(Cn2nnc(-c3nccc4ccccc34)n2)cc1,7.698970004336019,2,0.0
O=C(NO)c1ccc(Cn2nnc(-c3ncccn3)n2)cc1,8.154901959985743,3,0.0
O=C(NO)c1ccc(Cn2nnc(Cc3ccccc3)n2)cc1,7.2839966563652006,2,0.0
O=C(NO)c1ccc(Cn2nnc(Cc3ccccn3)n2)cc1,7.6020599913279625,2,0.0
O=C(NO)c1ccc(Cn2nnnc2-c2ccccc2)cc1,8.045757490560675,2,0.0
O=C(NO)c1ccc(Cn2nnnc2-c2cccs2)cc1,7.769551078621727,3,0.0
O=C(NO)c1ccc(Cn2sc3ccccc3c2=O)cc1,8.522878745280337,1,
O=C(NO)c1ccc(Cn2sc3ncccc3c2=O)cc1,9.018634490921455,1,
O=C(NO)c1ccc(F)c(NC(=O)c2ccccc2)c1,6.301029995663981,1,
O=C(NO)c1ccc(F)c(NCc2ccccc2)c1,5.301029995663981,1,
O=C(NO)c1ccc(N(Cc2ccc(C(F)(F)F)cc2)C(=O)CN(Cc2c(F)c(F)c(F)c(F)c2F)S(=O)(=O)c2ccc(F)cc2)cc1,7.0655015487564325,1,
O=C(NO)c1ccc(N(Cc2ccc(C(F)(F)F)cc2)C(=O)CN(Cc2ccccc2C(F)(F)F)S(=O)(=O)c2ccc(F)c(F)c2)cc1,6.7258421507363195,1,
O=C(NO)c1ccc(N(Cc2ccc(C(F)(F)F)cc2)C(=O)CN(Cc2ccccc2C(F)(F)F)S(=O)(=O)c2ccc(F)cc2)cc1,7.031517051446065,1,
O=C(NO)c1ccc(N(Cc2ccc(C(F)(F)F)cc2)C(=O)CN(Cc2ccccc2C(F)(F)F)S(=O)(=O)c2ccc(F)cc2F)cc1,6.821023052706831,1,
O=C(NO)c1ccc(N(Cc2cccc(C(F)(F)F)c2)C(=O)c2cccc(C(F)(F)F)c2)cc1,6.647817481888637,1,
O=C(NO)c1ccc(N(Cc2ccccc2)C(=O)CN(Cc2c(F)c(F)c(F)c(F)c2F)S(=O)(=O)c2ccc(F)cc2)cc1,8.823908740944319,1,
O=C(NO)c1ccc(N(Cc2ccccc2)C(=O)c2cccc(C(F)(F)F)c2)cc1,6.756961951313706,1,
O=C(NO)c1ccc(N2CCC(CNC3CC3c3ccc(F)cc3)CC2)cc1,6.767003889607846,1,
O=C(NO)c1ccc(N2CCCC2)cc1,6.267606240177031,1,
O=C(NO)c1ccc(N2c3ccccc3Sc3ccccc32)cc1,5.573488738635424,1,
O=C(NO)c1ccc(NC(=O)C(Cc2ccccc2)c2ccccc2)cn1,7.795880017344075,1,
O=C(NO)c1ccc(NC(=O)N2CCC(N3C(=O)[C@H](c4ccccc4)[C@H]3c3ccccc3)CC2)cc1,6.692503962086787,1,
O=C(NO)c1ccc(NC(=O)N2CCc3c(c4ccccc4n3Cc3ccccc3)C2)cc1,7.337242168318426,1,
O=C(NO)c1ccc(NC(=O)[C@@H](NC(=O)c2ccc(Cl)cc2)c2ccccc2)cc1,6.45717457304082,1,
O=C(NO)c1ccc(NC(=O)[C@@H](NC(=O)c2ccc3ccccc3c2)c2ccccc2)cc1,7.13934205969705,2,1.0104978818414212
O=C(NO)c1ccc(NC(=O)[C@@H](NC(=O)c2cccc(Br)c2)c2ccccc2)cc1,7.280807946482643,2,0.8104349061360995
O=C(NO)c1ccc(NC(=O)[C@@H](NS(=O)(=O)c2cccc3ccccc23)c2ccccc2)cc1,7.163029000682956,2,0.8949864907237562
O=C(NO)c1ccc(NC(=O)c2[nH]c(-c3ccccc3)cc2-c2ccc(O)cc2)cc1,7.958607314841775,1,
O=C(NO)c1ccc(NC(=O)c2[nH]c(-c3ccoc3)cc2-c2ccc(O)cc2)cc1,8.167491087293763,1,
O=C(NO)c1ccc(NC(=O)c2c(F)c(F)c(F)c(F)c2F)cc1,8.823908740944319,1,
O=C(NO)c1ccc(NC(=O)c2cc(C(F)(F)F)cc(C(F)(F)F)c2)cc1,6.950781977329818,1,
O=C(NO)c1ccc(NC(=O)c2ccc(C(F)(F)F)cc2)cc1,7.638272163982407,1,
O=C(NO)c1ccc(NC(=O)c2ccc(C3CC3)cc2)cc1,8.55284196865778,1,
O=C(NO)c1ccc(NC(=O)c2ccc(C3CCCCC3)cc2)cc1,7.568636235841012,1,
O=C(NO)c1ccc(NC(=O)c2ccc(F)cc2)cc1,8.167491087293763,1,
O=C(NO)c1ccc(NC(=O)c2ccc(N3CCOCC3)cc2)cc1,7.013228265733755,1,
O=C(NO)c1ccc(NC(=O)c2cccc(C(F)(F)F)c2)cc1,7.221848749616356,1,
O=C(NO)c1ccc(NC(=O)c2ccccc2)cc1,6.6777807052660805,1,
O=C(NO)c1ccc(NC2CC(=O)N(c3ccccc3)C2)cc1,5.645891560852599,1,
O=C(NO)c1ccc(NC2CCN(CCc3ccccc3)C2=O)cc1,6.619788758288394,1,
O=C(NO)c1ccc(NC2CCN(Cc3ccccc3)C2=O)cc1,6.292429823902063,1,
O=C(NO)c1ccc(NC2CCN(c3ccc(C(F)(F)F)cc3)C2=O)cc1,6.6020599913279625,1,
O=C(NO)c1ccc(NC2CCN(c3ccc(Cl)c(Cl)c3)C2=O)cc1,7.200659450546418,1,
O=C(NO)c1ccc(NC2CCN(c3ccc(Cl)cc3)C2)cc1,6.065501548756432,1,
O=C(NO)c1ccc(NC2CCN(c3ccc(Cl)cc3)C2=O)c(Cl)c1,5.97061622231479,1,
O=C(NO)c1ccc(NC2CCN(c3ccc(Cl)cc3)C2=O)cc1,6.795880017344075,1,
O=C(NO)c1ccc(NC2CCN(c3cccc(Cl)c3)C2=O)cc1,7.045757490560675,1,
O=C(NO)c1ccc(NC2CCN(c3ccccc3)C2=O)cc1,6.42021640338319,1,
O=C(NO)c1ccc(NC2CCN(c3ccccc3Cl)C2=O)cc1,6.443697499232712,1,
O=C(NO)c1ccc(NCCOc2ccc3cc2COC/C=C/COCc2cccc(c2)-c2ccnc(n2)N3)cc1,6.403402904373539,1,
O=C(NO)c1ccc(NCc2cc(-c3cccc(Br)c3)cn3ccnc23)cc1,7.585026652029182,1,
O=C(NO)c1ccc(NCc2cc(-c3cccc(Cl)c3)cn3ccnc23)cc1,8.1249387366083,1,
O=C(NO)c1ccc(NCc2cccc3cccnc23)cc1,8.130768280269024,1,
O=C(NO)c1ccc(NCc2csc3ccc(Br)cc23)cc1,7.431798275933005,1,
O=C(NO)c1ccc(NCc2csc3ccccc23)cc1,7.187205297655095,3,1.1547005383792517
O=C(NO)c1ccc(NCc2nc(-c3cc4ccccc4s3)nn2-c2ccccc2)cc1,6.489454989793388,1,
O=C(NO)c1ccc(NCc2nc(-c3ccc(Cl)cc3)nn2-c2ccccc2)cc1,6.7423214251308154,1,
O=C(NO)c1ccc(NCc2nc(-c3ccc(F)cc3)nn2-c2ccccc2)cc1,6.939302159646388,1,
O=C(NO)c1ccc(NCc2nc(-c3cccc(Cl)c3)nn2-c2ccccc2)cc1,6.939302159646388,1,
O=C(NO)c1ccc(NCc2nc(-c3ccccc3)nn2-c2ccc(Br)cc2)cc1,5.762205006726077,1,
O=C(NO)c1ccc(NCc2nc(-c3ccccc3)nn2-c2ccc(F)cc2)cc1,6.562249437179612,1,
O=C(NO)c1ccc(NCc2nc(-c3ccccc3)nn2-c2cccc(Cl)c2)cc1,6.168770306132936,1,
O=C(NO)c1ccc(NCc2nc(-c3ccccc3)nn2-c2ccccc2)cc1,6.950781977329818,1,
O=C(NO)c1ccc(NCc2nc(-c3ccccc3)nn2-c2ccccc2Cl)cc1,6.174573882232177,1,
O=C(NO)c1ccc(NCc2nc(-c3ccccc3Cl)nn2-c2ccccc2)cc1,6.732828271596986,1,
O=C(NO)c1ccc(NCc2nc(-c3cccs3)nn2-c2ccc(O)cc2)cc1,7.468521082957745,1,
O=C(NO)c1ccc(NCc2nc(-c3sccc3Br)nn2-c2ccccc2)cc1,7.259637310505756,1,
O=C(NO)c1ccc(Nc2c3c(nc4ccccc24)CCCC3)cc1,5.449771646944906,1,
O=C(NO)c1ccc(Nc2c3ccccc3nc3ccc(Br)cc23)cc1,7.321977773800813,3,0.4556140219655338
O=C(NO)c1ccc(Nc2c3ccccc3nc3ccc(F)cc23)cc1,7.537602002101044,1,
O=C(NO)c1ccc(Nc2c3ccccc3nc3ccc(OC(F)(F)F)cc23)cc1,7.537602002101044,1,
O=C(NO)c1ccc(Nc2c3ccccc3nc3ccc(OCc4ccccc4)cc23)cc1,6.657577319177793,1,
O=C(NO)c1ccc(Nc2c3ccccc3nc3ccccc23)cc1,7.6020599913279625,1,
O=C(NO)c1ccc(Nc2cccc3cccnc23)cc1,6.889410289700751,1,
O=C(NO)c1ccc(Nc2ccnc3ccccc23)cc1,7.4089353929735005,1,
O=C(NO)c1ccc(Nc2nc3ccccc3n2C2CCCCC2)cc1,7.823908740944319,2,0.0
O=C(NO)c1ccc(Nc2nc3ccccc3n2C2CCCCCC2)cc1,7.853871964321762,2,0.0
O=C(NO)c1ccc(Nc2nc3ccccc3n2CC2CCCCC2)cc1,8.193820026016112,2,0.0
O=C(NO)c1ccc(Nc2nnc(-c3ccccc3)o2)cc1,6.866461091629782,2,0.0
O=C(NO)c1ccc(Nc2nnc(-c3ccccc3)s2)cc1,7.180456064458131,2,0.0
O=C(NO)c1ccc(OC2CCN(c3ccccc3)C2=O)cc1,5.241088107602026,1,
O=C(NO)c1ccc(OCCCNC2CC2c2ccccc2)cc1,6.818156412055227,1,
O=C(NO)c1ccc(OCCN2CCC(CNC3CC3c3ccc(-c4ccc(F)cc4)cc3)CC2)nc1,5.2247537402597635,1,
O=C(NO)c1ccc(OCCN2CCC(CNC3CC3c3ccc(F)cc3)CC2)nc1,5.179929965687674,1,
O=C(NO)c1ccc(OCCN2CCC(CNC3CC3c3ccccc3)CC2)cc1,7.292429823902063,1,
O=C(NO)c1ccc(OCCNC2CC2c2ccccc2)cc1,6.455931955649724,1,
O=C(NO)c1ccc(OCCOc2ccc3cc2COC/C=C/COCc2cccc(c2)-c2ccnc(n2)N3)cc1,7.180456064458131,1,
O=C(NO)c1ccc(Oc2no[n+]([O-])c2S(=O)(=O)c2ccccc2)cc1,6.795880017344075,1,
O=C(NO)c1ccc(S(=O)(=O)N2CCC(CNC3CC3c3ccccc3)CC2)cc1,6.2403321553103694,1,
O=C(NO)c1ccc(S(=O)(=O)NCC2CCN(Cc3ccccc3)CC2)cc1,6.346787486224656,1,
O=C(NO)c1ccc(S(=O)(=O)NCCN2CCC(CNC3CC3c3ccc(F)cc3)CC2)cc1,5.974284616098659,1,
O=C(NO)c1ccc(S(=O)(=O)n2ccc3cc(OCCCN4CCCCC4)ccc32)cc1,7.920818753952375,1,
O=C(NO)c1ccc(S(=O)(=O)n2ccc3cc(OCc4ccccc4)ccc32)cc1,6.530177984021837,1,
O=C(NO)c1ccc(Sc2nc(C3CC3)n(-c3ccccc3)n2)cc1,6.790484985457369,2,0.0
O=C(NO)c1ccc(Sc2ncc(-c3ccccc3)s2)cc1,7.207608310501746,2,0.0
O=C(NO)c1ccc(Sc2nnc(-c3ccccc3)n2-c2ccccc2)cc1,7.251811972993799,2,0.0
O=C(NO)c1ccc(Sc2nnc(-c3ccccc3)o2)cc1,8.221848749616356,2,0.0
O=C(NO)c1ccc(Sc2nnc(-c3ccccc3)s2)cc1,8.221848749616356,2,0.0
O=C(NO)c1ccc2[nH]c(CNc3ccccc3)nc2c1,7.161150909262744,2,0.0
O=C(NO)c1ccc2c(c1)C(=O)c1ccccc1C2=O,7.251811972993799,1,
O=C(NO)c1ccc2c(c1)CC(Nc1nccc(-c3cccnc3)n1)CN2,7.920818753952375,1,
O=C(NO)c1ccc2c(c1)CC1(CC2)CCN(Cc2cc(Cl)ccc2Cl)C1=O,7.0,1,
O=C(NO)c1ccc2c(c1)CC1(CC2)CCN(Cc2ccccc2OC(F)(F)F)C1=O,7.0,1,
O=C(NO)c1ccc2c(c1)CCN(S(=O)(=O)c1cc(F)c(F)c(F)c1F)C2,7.301029995663981,1,
O=C(NO)c1ccc2c(c1)CCN(c1nc3ccccc3[nH]1)C2,8.698970004336019,1,
O=C(NO)c1ccc2c(c1)CN(C(=O)CCCN1CCC(CNC3CC3c3ccccc3)CC1)C2,6.97061622231479,1,
O=C(NO)c1ccc2c(c1)CN(C(=O)CCCNC1CC1c1ccc(F)cc1)C2,6.709965388637482,1,
O=C(NO)c1ccc2c(c1)CN(C(=O)CCCNC1CC1c1ccc(F)cc1)CC2,7.070581074285707,1,
O=C(NO)c1ccc2c(c1)CN(C(=O)CNC1CC1c1ccc(F)cc1)CC2,7.494850021680094,1,
O=C(NO)c1ccc2c(c1)CN(C(=O)CN[C@@H]1C[C@H]1c1ccc(F)cc1)CC2,7.346787486224656,1,
O=C(NO)c1ccc2c(c1)CN(C(=O)CN[C@H]1C[C@@H]1c1ccc(F)cc1)CC2,7.275724130399211,1,
O=C(NO)c1ccc2c(c1)CN(Cc1ccc(-c3cccc([N+](=O)[O-])c3)o1)CC2,7.301029995663981,1,
O=C(NO)c1ccc2c(c1)CN(c1nc3ccccc3[nH]1)CC2,8.397940008672037,1,
O=C(NO)c1ccc2c(c1)C[C@@H](Nc1nccc(-c3cccnc3)n1)CC2,7.3979400086720375,1,
O=C(NO)c1ccc2c(c1)C[C@H](Nc1nccc(-c3cccnc3)n1)CC2,7.309894379144197,2,0.012536131339796868
O=C(NO)c1ccc2c(c1)nc(CNc1ccccc1)n2C1CC1,6.0467236633326955,1,
O=C(NO)c1ccc2c(n1)CCN(C1CC3(CCCCC3)C1)C2,6.259637310505756,1,
O=C(NO)c1ccc2cc(-c3cccc(O)c3)oc2c1,8.397940008672037,1,
O=C(NO)c1ccc2cc(-c3ccccc3)oc2c1,8.045757490560675,1,
O=C(NO)c1ccc2cc(-c3ccoc3)sc2c1,7.309803919971486,1,
O=C(NO)c1ccc2cc(CO)oc2c1,7.130768280269024,1,
O=C(NO)c1ccc2cn(CCc3ccc(F)cc3)nc2c1,8.173925197299173,1,
O=C(NO)c1ccc2cn(CCc3ccccc3)nc2c1,8.397940008672037,1,
O=C(NO)c1ccc2cn(Cc3cc(F)cc(F)c3)nc2c1,8.4089353929735,1,
O=C(NO)c1ccc2cn(Cc3ccc(-c4ccccc4)cc3)nc2c1,8.443697499232712,1,
O=C(NO)c1ccc2cn(Cc3ccc(Br)cc3)nc2c1,8.468521082957745,1,
O=C(NO)c1ccc2cn(Cc3ccc(C(F)(F)F)cc3)nc2c1,8.522878745280337,1,
O=C(NO)c1ccc2cn(Cc3ccc(Cl)cc3)nc2c1,8.568636235841012,1,
O=C(NO)c1ccc2cn(Cc3ccc(F)cc3)nc2c1,8.229147988357855,1,
O=C(NO)c1ccc2cn(Cc3ccc(OC(F)(F)F)cc3)nc2c1,8.259637310505756,1,
O=C(NO)c1ccc2cn(Cc3ccc(OC(F)F)cc3)nc2c1,8.387216143280265,1,
O=C(NO)c1ccc2cn(Cc3ccc4ccccc4c3)nc2c1,8.3767507096021,1,
O=C(NO)c1ccc2cn(Cc3cccc(Cl)c3)nc2c1,8.886056647693163,1,
O=C(NO)c1ccc2cn(Cc3ccccc3)nc2c1,8.585026652029182,1,
O=C(NO)c1ccc2nc(-c3cc(Cl)ccc3O)[nH]c2c1,8.698970004336019,1,
O=C(NO)c1ccc2nc(-c3ccc(-c4ccc(/C=N/O)cc4)cc3)[nH]c2c1,7.958607314841775,1,
O=C(NO)c1ccc2nc(-c3ccc(-c4ccc(CN5CCCC5)cc4)cc3)[nH]c2c1,8.443697499232712,1,
O=C(NO)c1ccc2nc(-c3ccc(-c4ccc(CN5CCOCC5)cc4)cc3)[nH]c2c1,7.6777807052660805,2,0.0
O=C(NO)c1ccc2nc(-c3ccc(-c4cccc(CN5CCCCC5)c4)cc3)[nH]c2c1,8.387216143280265,1,
O=C(NO)c1ccc2nc(-c3ccc(-c4cccc(Cl)c4)s3)[nH]c2c1,8.292429823902063,1,
O=C(NO)c1ccc2nc(-c3ccc(-c4ccccc4)c(F)c3)[nH]c2c1,7.721246399047171,1,
O=C(NO)c1ccc2nc(-c3ccc(-c4ccccc4)cc3)[nH]c2c1,7.823908740944319,2,0.0
O=C(NO)c1ccc2nc(-c3ccc(-c4ccccc4)s3)[nH]c2c1,8.508638306165727,1,
O=C(NO)c1ccc2nc(-c3ccc(-c4ccccc4F)cc3)[nH]c2c1,7.721246399047171,1,
O=C(NO)c1ccc2nc(-c3ccc(-c4ccccc4F)s3)[nH]c2c1,8.537602002101044,1,
O=C(NO)c1ccc2nc(-c3ccc(-c4cccnc4)nc3)oc2c1,7.0915149811213505,1,
O=C(NO)c1ccc2nc(-c3ccc(Br)cc3)[nH]c2c1,7.346787486224656,1,
O=C(NO)c1ccc2nc(-c3ccc(F)cc3)oc2c1,7.468521082957745,1,
O=C(NO)c1ccc2nc(-c3ccc4[nH]nnc4c3)oc2c1,7.221848749616356,1,
O=C(NO)c1ccc2nc(-c3ccc4c(c3)CCO4)[nH]c2c1,8.2839966563652,2,0.0
O=C(NO)c1ccc2nc(-c3ccc4c(c3)OCCO4)[nH]c2c1,6.958607314841775,1,
O=C(NO)c1ccc2nc(-c3cccc(Br)c3)[nH]c2c1,7.920818753952375,2,0.0
O=C(NO)c1ccc2nc(-c3cccc(OCCOc4ccccc4)c3)[nH]c2c1,7.7447274948966935,1,
O=C(NO)c1ccc2nc(-c3cccc4cccnc34)sc2c1,7.187086643357144,1,
O=C(NO)c1ccc2nc(-c3ccccc3-c3ccccc3)[nH]c2c1,7.853871964321762,2,0.0
O=C(NO)c1ccc2nc(-c3ccccc3C(F)(F)F)[nH]c2c1,7.113509274827518,2,0.0
O=C(NO)c1ccc2nc(-c3cccs3)[nH]c2c1,8.154901959985743,2,0.0
O=C(NO)c1ccc2nc(-c3ccnc4ccccc34)[nH]c2c1,7.853871964321762,1,
O=C(NO)c1ccc2nc(CCc3ccccc3)[nH]c2c1,7.161150909262744,1,
O=C(NO)c1ccc2nc(N3CCN(c4ccc(F)cc4)CC3)[nH]c2c1,7.070581074285707,1,
O=C(NO)c1ccc2nc(NCc3ccc(-c4ccccc4)cc3)[nH]c2c1,8.154901959985743,1,
O=C(NO)c1ccc2nc(NCc3ccccc3)[nH]c2c1,7.221848749616356,1,
O=C(NO)c1ccc2nc(Nc3cccc(-c4ccccc4)c3)[nH]c2c1,7.142667503568731,1,
O=C(NO)c1ccc2nc(Nc3cccc(OCc4ccccc4)c3)[nH]c2c1,7.769551078621726,2,0.0
O=C(NO)c1ccc2nc[nH]c2c1,5.361510743045363,1,
O=C(NO)c1ccc2ncc(Nc3ccccc3)cc2c1,6.157390760389438,1,
O=C(NO)c1ccc2oc(-c3ccc(-c4ccc(CN5CCCCC5)cc4)cc3)nc2c1,7.853871964321762,1,
O=C(NO)c1ccc2oc(-c3ccc(-c4ccccc4)cc3F)nc2c1,7.698970004336019,1,
O=C(NO)c1ccc2oc(-c3ccc(-c4ccccc4)nc3)nc2c1,7.657577319177793,1,
O=C(NO)c1ccc2oc(-c3ccc(-c4ccccc4F)cc3)nc2c1,7.552841968657781,2,0.0
O=C(NO)c1ccc2oc(-c3ccc(-c4cccnc4)cc3)nc2c1,7.958607314841775,1,
O=C(NO)c1ccc2oc(-c3ccc(-c4cccnc4)cc3F)nc2c1,7.468521082957745,1,
O=C(NO)c1ccc2oc(-c3ccc(-c4ccncc4)cc3)nc2c1,7.886056647693163,1,
O=C(NO)c1ccc2oc(-c3ccc(Br)cc3)nc2c1,8.397940008672037,1,
O=C(NO)c1ccc2oc(-c3ccc(C(F)(F)F)cc3)nc2c1,7.431798275933005,1,
O=C(NO)c1ccc2oc(-c3ccc(C4CC4)cc3)nc2c1,8.0,2,0.0
O=C(NO)c1ccc2oc(-c3ccc(CN4CCN(c5ccncc5)CC4)cc3)nc2c1,7.455931955649724,1,
O=C(NO)c1ccc2oc(-c3ccc(F)c(F)c3)nc2c1,7.443697499232712,1,
O=C(NO)c1ccc2oc(-c3ccc(N4CCCC4)nc3)nc2c1,7.657577319177793,1,
O=C(NO)c1ccc2oc(-c3ccc(N4CCOCC4)nc3)nc2c1,7.552841968657781,1,
O=C(NO)c1ccc2oc(-c3ccc(NC4CCCCCC4)nc3)nc2c1,7.468521082957745,1,
O=C(NO)c1ccc2oc(-c3ccc(OC(F)(F)F)cc3)nc2c1,7.42021640338319,1,
O=C(NO)c1ccc2oc(-c3ccc4[nH]nnc4c3)nc2c1,7.585026652029182,1,
O=C(NO)c1ccc2oc(-c3ccc4c(c3)OCCO4)nc2c1,7.356547323513812,1,
O=C(NO)c1ccc2oc(-c3ccc4c(c3)OCO4)nc2c1,7.853871964321762,1,
O=C(NO)c1ccc2oc(-c3cccc(Br)c3)nc2c1,8.154901959985743,1,
O=C(NO)c1ccc2oc(-c3cccc(O)c3)nc2c1,7.494850021680094,1,
O=C(NO)c1ccc2oc(-c3ccccc3)nc2c1,7.823908740944319,1,
O=C(NO)c1ccc2oc(-c3ccccc3CO)cc2c1,7.036212172654444,1,
O=C(NO)c1ccc2oc(-c3ccccc3Cl)nc2c1,8.301029995663981,2,0.0
O=C(NO)c1ccc2oc(COc3cccc(F)c3)cc2c1,8.154901959985743,2,0.0
O=C(NO)c1ccc2oc(N(Cc3ccccc3)c3ccccc3)nc2c1,7.568636235841012,1,
O=C(NO)c1ccc2oc(N3CCC(Cc4ccccc4)CC3)nc2c1,7.136677139879544,1,
O=C(NO)c1ccc2oc(N3CCc4ccccc4C3)nc2c1,7.318758762624412,1,
O=C(NO)c1ccc2oc(NC3(c4cccc(F)c4)CCCCC3)nc2c1,8.045757490560675,1,
O=C(NO)c1ccc2oc(NC3CCCCCCC3)nc2c1,7.292429823902063,1,
O=C(NO)c1ccc2oc(NCCc3ccccc3)nc2c1,7.6777807052660805,1,
O=C(NO)c1ccc2oc(NCc3ccc(-c4ccccc4)cc3)nc2c1,8.397940008672037,1,
O=C(NO)c1ccc2oc(Nc3cccc(-c4ccccc4)c3)nc2c1,8.154901959985743,1,
O=C(NO)c1ccc2oc(Nc3cccc(OCc4ccccc4)c3)nc2c1,7.508638306165727,1,
O=C(NO)c1ccc2oc(Nc3ccccc3)nc2c1,7.853871964321762,1,
O=C(NO)c1ccc2sc(-c3cc(F)ccc3O)cc2c1,7.431798275933005,1,
O=C(NO)c1ccc2sc(-c3ccc(F)cc3)nc2c1,7.7447274948966935,2,0.0
O=C(NO)c1ccc2sc(-c3ccc(OC(F)(F)F)cc3)cc2c1,7.154901959985743,1,
O=C(NO)c1ccc2sc(-c3ccc4[nH]ccc4c3)cc2c1,7.657577319177793,1,
O=C(NO)c1ccc2sc(-c3cccc(C(F)(F)F)c3)cc2c1,7.552841968657781,1,
O=C(NO)c1ccc2sc(-c3cccnc3)cc2c1,7.1938200260161125,2,0.0
O=C(NO)c1ccc2sc(-c3cncc(Br)c3)nc2c1,7.522878745280337,1,
O=C(NO)c1ccc2sc(CN3CCCCC3)nc2c1,7.795880017344075,1,
O=C(NO)c1ccc2sc(CO)nc2c1,7.431798275933005,1,
O=C(NO)c1ccc2sc(COCc3ccccc3)nc2c1,8.397940008672037,1,
O=C(NO)c1ccc2sc(Cc3ccc(-c4ccncc4)cc3)nc2c1,8.221848749616356,1,
O=C(NO)c1ccc2sc(Cc3ccc(F)cc3)nc2c1,8.154901959985743,1,
O=C(NO)c1cccc(-c2cn(CCc3ccccc3)nn2)c1,5.494850021680094,1,
O=C(NO)c1cccc(-c2cn(CCc3ccsc3)nn2)c1,5.958607314841775,1,
O=C(NO)c1cccc(-c2cn(CSc3ccccc3)nn2)c1,5.619788758288394,1,
O=C(NO)c1cccc(-c2cn(Cc3ccccc3)nn2)c1,5.102372908709558,1,
O=C(NO)c1cccc(-c2csc(CSc3ccccc3)n2)c1,4.853871964321762,1,
O=C(NO)c1cccc(/C=C/c2ccnc(-c3cc(F)ccc3O)c2)c1,6.3979400086720375,2,0.0
O=C(NO)c1cccc(/C=C/c2ccnc(-c3ccccc3O)c2)c1,6.4089353929735005,1,
O=C(NO)c1cccc(C(=O)NCC2CCN(Cc3ccccc3)CC2)c1,6.096910013008056,1,
O=C(NO)c1cccc(C(=O)NCCc2ccccc2)c1,5.173925197299173,1,
O=C(NO)c1cccc(C(=O)NOCc2ccc(Cl)cc2Cl)c1,5.290730039024169,1,
O=C(NO)c1cccc(C(=O)Nc2ccccc2)c1,5.508638306165727,1,
O=C(NO)c1cccc(CN(C2CC2)S(=O)(=O)c2c(F)c(F)c(F)c(F)c2F)c1,6.311580177997289,1,
O=C(NO)c1cccc(CN2CCc3c(c4ccccc4n3Cc3ccccc3)C2)c1,5.774690718274137,1,
O=C(NO)c1cccc(CNC(=O)N2CCc3c(c4ccccc4n3Cc3ccccc3)C2)c1,6.306273051076353,1,
O=C(NO)c1cccc(CNc2cccc3cccnc23)c1,5.94692155651658,1,
O=C(NO)c1cccc(Cn2c(=O)[nH]c(=O)c3cccc(Cl)c32)c1,5.22548303427145,1,
O=C(NO)c1cccc(Cn2c(=O)n(CCc3ccccc3)c(=O)c3ccccc32)c1,5.3506773681452735,2,0.02299279203056857
O=C(NO)c1cccc(Cn2cnc(-c3ccccc3)n2)c1,5.8873949984654255,1,
O=C(NO)c1cccc(Cn2cncn2)c1,4.942181805567901,1,
O=C(NO)c1cccc(Cn2ncnc2-c2ccccc2)c1,6.818156412055227,1,
O=C(NO)c1cccc(F)c1,6.343901797987169,1,
O=C(NO)c1cccc(N(Cc2ccccc2)Cc2ccccc2)c1,5.065501548756432,1,
O=C(NO)c1cccc(NC(=O)c2ccccc2)c1,5.522878745280337,1,
O=C(NO)c1cccc(NCCOc2ccc3cc2COC/C=C/COCc2cccc(c2)-c2ccnc(n2)N3)c1,5.537602002101044,1,
O=C(NO)c1cccc(Nc2c3ccccc3nc3ccccc23)c1,5.328827157284916,1,
O=C(NO)c1cccc(Nc2nc3cc(Cl)c(Cl)cc3o2)c1,6.1249387366083,1,
O=C(NO)c1cccc(Oc2no[n+]([O-])c2S(=O)(=O)c2ccccc2)c1,4.406713932979542,1,
O=C(NO)c1cccc(S(=O)(=O)NCC2CCN(Cc3ccccc3)CC2)c1,5.167491087293763,1,
O=C(NO)c1cccc(S(=O)(=O)NCCc2ccccc2)c1,5.7447274948966935,1,
O=C(NO)c1cccc(S(=O)(=O)NCc2ccccc2)c1,5.585026652029182,1,
O=C(NO)c1cccc(S(=O)(=O)N[C@@H](Cc2c[nH]c3ccccc23)C(=O)NCc2ccccc2)c1,4.610833915635467,1,
O=C(NO)c1cccc(S(=O)(=O)N[C@@H](Cc2c[nH]c3ccccc23)C(=O)Nc2ccccc2)c1,5.229147988357855,1,
O=C(NO)c1cccc(S(=O)(=O)N[C@H](C(=O)NCc2ccccc2)c2ccccc2)c1,4.468521082957745,1,
O=C(NO)c1cccc(S(=O)(=O)N[C@H](C(=O)Nc2ccccc2)c2ccccc2)c1,5.173925197299173,1,
O=C(NO)c1cccc(S(=O)(=O)Nc2ccccc2)c1,5.823908740944319,1,
O=C(NO)c1cccc2[nH]c(C#Cc3cccc(C(F)(F)F)c3)cc12,5.958607314841775,1,
O=C(NO)c1cccc2[nH]c(C#Cc3ccccc3)cc12,5.920818753952375,1,
O=C(NO)c1cccc2c1CCN(c1nc3ccccc3[nH]1)CC2,5.552841968657781,1,
O=C(NO)c1cccc2c1CN(c1nc3ccccc3[nH]1)CC2,7.086186147616283,1,
O=C(NO)c1ccccc1,6.015432363739366,4,0.6267939657255187
O=C(NO)c1cccnc1,6.168130225719498,1,
O=C(NO)c1cn2c(n1)CN(C(=O)c1cc3ccccc3s1)CC2,7.1938200260161125,1,
O=C(NO)c1cn2c(n1)CN(C(=O)c1ccc(-c3ccccc3)cc1)CC2,6.369130726323731,2,0.9777165761266544
O=C(NO)c1cnc(C2(c3ccccc3)CCC(F)(F)CC2)nc1,8.522878745280337,1,
O=C(NO)c1cnc(C2CC2)c(F)c1,8.79860287567955,1,
O=C(NO)c1cnc(CCCN2CCC(CNC3CC3c3ccccc3)CC2)s1,6.286509456906058,1,
O=C(NO)c1cnc(CCCN2CCC(CN[C@H]3C[C@@H]3c3ccccc3)CC2)s1,6.286509456906058,1,
O=C(NO)c1cnc(CN(CC2COC2)C2(c3ccccc3)CC2)c(F)c1,7.552841968657781,1,
O=C(NO)c1cnc(CN2C(=O)COc3ccccc32)c(F)c1,8.958607314841775,1,
O=C(NO)c1cnc(CN2CCc3ccccc3C2)c(F)c1,8.0,1,
O=C(NO)c1cnc(CN2Cc3ccccc3OC2=O)c(F)c1,8.958607314841775,1,
O=C(NO)c1cnc(CN2c3ccccc3C3CCOCC32)c(F)c1,7.886056647693163,1,
O=C(NO)c1cnc(CNC2(c3ccccc3)CC2)c(F)c1,7.769551078621726,1,
O=C(NO)c1cnc(Cn2c(C(F)F)nc3ccccc32)c(F)c1,8.595166283380062,1,
O=C(NO)c1cnc(Cn2c3c(c4ccccc42)COCC3)c(F)c1,7.886056647693163,1,
O=C(NO)c1cnc(Cn2ccc3cccnc32)c(F)c1,8.826813731587727,1,
O=C(NO)c1cnc(N2CCC(CN3CC(=O)N4C(Cc5c([nH]c6ccccc56)C4c4ccc5c(c4)OCO5)C3=O)CC2)nc1,7.096910013008056,1,
O=C(NO)c1cnc(N2CCC(CNC3CC3c3ccc(-c4ccc(F)cc4)cc3)CC2)nc1,6.872895201635192,1,
O=C(NO)c1cnc(N2CCC(CNC3CC3c3ccc(-c4cncnc4)cc3)CC2)nc1,6.400116927926312,1,
O=C(NO)c1cnc(N2CCC(CNC3CC3c3ccc(F)cc3)CC2)nc1,7.055517327849831,1,
O=C(NO)c1cnc(N2CCC(CNCc3nnnn3C3CCCC3)CC2)nc1,6.494850021680094,1,
O=C(NO)c1cnc(N2CCC(CNCc3nnnn3C3CCCCC3)CC2)nc1,6.6020599913279625,1,
O=C(NO)c1cnc(N2CCC(CNCc3nnnn3CCc3c[nH]c4ccccc34)CC2)nc1,6.7447274948966935,1,
O=C(NO)c1cnc(N2CCC(CNCc3nnnn3Cc3ccccc3)CC2)nc1,6.823908740944319,1,
O=C(NO)c1cnc(N2CCC(CN[C@@H]3C[C@H]3c3ccc(F)cc3)CC2)nc1,7.142667503568731,1,
O=C(NO)c1cnc(N2CCC(CN[C@H]3C[C@@H]3c3ccc(F)cc3)CC2)nc1,7.040958607678906,1,
O=C(NO)c1cnc(N2CCC(Cn3[se]c4ccccc4c3=O)CC2)nc1,6.35261702988538,1,
O=C(NO)c1cnc(N2CCC(NC(=O)c3cnc(-n4cccn4)nc3O)CC2)nc1,7.795880017344075,1,
O=C(NO)c1cnc(N2CCC(NC3CC3c3ccc(OCc4ccc(F)cc4)cc3)CC2)nc1,6.866461091629782,1,
O=C(NO)c1cnc(N2CCC(c3ccccc3)CC2)c(F)c1,8.474955192963154,1,
O=C(NO)c1cnc(N2CCC(n3[se]c4ccccc4c3=O)CC2)nc1,6.014124642691606,1,
O=C(NO)c1cnc(N2CCC3(CCN(Cc4c[nH]c5ccccc45)C3)CC2)nc1,7.494850021680094,1,
O=C(NO)c1cnc(N2CCN(C(/C=C/c3ccc(F)cc3)CO)CC2)nc1,6.649751981665837,1,
O=C(NO)c1cnc(N2CCN(C(=O)Cc3ccccc3)CC2)s1,4.494850021680094,1,
O=C(NO)c1cnc(N2CCN(C(=O)c3ccccc3)CC2)s1,5.455931955649724,1,
O=C(NO)c1cnc(N2CCN(S(=O)(=O)c3ccc(-c4ccccc4)cc3)CC2)s1,6.698970004336019,1,
O=C(NO)c1cnc(N2CCN(S(=O)(=O)c3ccc(C(F)(F)F)cc3)CC2)s1,5.585026652029182,1,
O=C(NO)c1cnc(N2CCN(S(=O)(=O)c3ccc(F)cc3)CC2)s1,6.823908740944319,1,
O=C(NO)c1cnc(N2CCN(S(=O)(=O)c3ccc(OC(F)(F)F)cc3)CC2)s1,5.920818753952375,1,
O=C(NO)c1cnc(N2CCN(S(=O)(=O)c3ccc([N+](=O)[O-])cc3)CC2)s1,6.3979400086720375,1,
O=C(NO)c1cnc(N2CCN(S(=O)(=O)c3ccc4ccccc4c3)CC2)nc1,7.180456064458131,1,
O=C(NO)c1cnc(N2CCN(S(=O)(=O)c3ccc4ccccc4c3)CC2)s1,6.657577319177793,1,
O=C(NO)c1cnc(N2CCN(S(=O)(=O)c3ccccc3)CC2)s1,6.2441251443275085,1,
O=C(NO)c1cnc(N2CCOCC2)c(F)c1,9.169411331314855,1,
O=C(NO)c1cnc(N2CCS(=O)(=O)CC2)c(F)c1,8.6903698325741,1,
O=C(NO)c1cnc(N2CCc3ccccc3C2)c(F)c1,8.744727494896694,1,
O=C(NO)c1cnc(N2CCc3ncccc3C2)c(F)c1,9.22548303427145,2,0.0
O=C(NO)c1cnc(N2CCn3cc(CNC4CC4c4ccccc4)nc3C2)nc1,6.866461091629782,1,
O=C(NO)c1cnc(N2C[C@@H]3[C@H](C2)[C@H]3NCc2ccc(Cl)cc2)nc1,5.481486060122112,1,
O=C(NO)c1cnc(N2C[C@@H]3[C@H](C2)[C@H]3NCc2ccc3cc(F)ccc3n2)nc1,5.6777807052660805,1,
O=C(NO)c1cnc(NC(C2CC2)C2CC2)c(F)c1,8.578396073130168,1,
O=C(NO)c1cnc(NC(c2ccc(F)cc2)c2ccc(F)cc2)nc1,8.522878745280337,1,
O=C(NO)c1cnc(NC(c2ccccc2)c2ccccc2)c(F)c1,8.950781977329818,1,
O=C(NO)c1cnc(NC(c2ccccc2)c2ccccc2)nc1,8.698970004336019,1,
O=C(NO)c1cnc(NC2(C(F)(F)F)CC2)c(F)c1,7.853871964321762,1,
O=C(NO)c1cnc(NC2(Cc3ccccc3)CC2)nc1,8.397940008672037,1,
O=C(NO)c1cnc(NC2(c3c(F)cccc3F)CC2)c(F)c1,9.371611069949688,2,0.0
O=C(NO)c1cnc(NC2(c3c(F)cccc3F)CC2)nc1,9.0,1,
O=C(NO)c1cnc(NC2(c3cc(C(F)(F)F)cc(C(F)(F)F)c3)CC2)nc1,8.221848749616356,1,
O=C(NO)c1cnc(NC2(c3cc(C(F)(F)F)ccc3F)CC2)nc1,8.698970004336019,1,
O=C(NO)c1cnc(NC2(c3cc(Cl)cc(Cl)c3)CC2)nc1,8.522878745280337,1,
O=C(NO)c1cnc(NC2(c3cc(F)cc(F)c3)CC2)nc1,8.397940008672037,1,
O=C(NO)c1cnc(NC2(c3cc(F)cc(F)c3)CCCCC2)nc1,8.537602002101044,2,0.0
O=C(NO)c1cnc(NC2(c3cc(F)cc(F)c3)CCOCC2)nc1,8.154901959985743,1,
O=C(NO)c1cnc(NC2(c3cc(F)ccc3F)CCOCC2)nc1,8.619788758288394,2,0.0
O=C(NO)c1cnc(NC2(c3cc4ccccc4s3)CC2)nc1,8.698970004336019,1,
O=C(NO)c1cnc(NC2(c3ccc(C(F)(F)F)c(F)c3)CC2)nc1,8.397940008672037,1,
O=C(NO)c1cnc(NC2(c3ccc(C(F)(F)F)cc3)CC2)nc1,8.154901959985743,1,
O=C(NO)c1cnc(NC2(c3ccc(CO)cc3)CC2)nc1,8.698970004336019,1,
O=C(NO)c1cnc(NC2(c3ccc(Cl)c(Cl)c3)CC2)nc1,8.397940008672037,1,
O=C(NO)c1cnc(NC2(c3ccc(Cl)cc3)CC2)nc1,8.522878745280337,1,
O=C(NO)c1cnc(NC2(c3ccc(F)c(Cl)c3)CC2)nc1,8.522878745280337,1,
O=C(NO)c1cnc(NC2(c3ccc(F)c(F)c3)CC2)nc1,8.154901959985743,1,
O=C(NO)c1cnc(NC2(c3ccc(F)cc3)CC2)nc1,8.522878745280337,1,
O=C(NO)c1cnc(NC2(c3ccc(F)cc3)CCCC2)nc1,8.522878745280337,1,
O=C(NO)c1cnc(NC2(c3ccc(F)cc3)CCCCC2)nc1,8.045757490560675,1,
O=C(NO)c1cnc(NC2(c3ccc(F)cc3)CCOCC2)nc1,8.301029995663981,1,
O=C(NO)c1cnc(NC2(c3ccc(F)cc3Cl)CC2)nc1,8.522878745280337,1,
O=C(NO)c1cnc(NC2(c3ccc(F)cc3F)CC2)nc1,8.522878745280337,1,
O=C(NO)c1cnc(NC2(c3ccc4c(c3)OCO4)CC2)nc1,8.698970004336019,1,
O=C(NO)c1cnc(NC2(c3cccc(C(F)(F)F)c3)CC2)nc1,8.698970004336019,1,
O=C(NO)c1cnc(NC2(c3cccc(Cl)c3)CC2)nc1,8.698970004336019,1,
O=C(NO)c1cnc(NC2(c3cccc(Cl)c3)CCCC2)nc1,8.096910013008056,1,
O=C(NO)c1cnc(NC2(c3cccc(F)c3)CC2)nc1,8.698970004336019,1,
O=C(NO)c1cnc(NC2(c3cccc(F)c3)CCC3(CC2)OCCO3)nc1,8.4089353929735,2,0.0
O=C(NO)c1cnc(NC2(c3cccc(F)c3)CCCC2)nc1,8.522878745280337,1,
O=C(NO)c1cnc(NC2(c3cccc(F)c3)CCCCC2)nc1,8.130931381283789,5,0.013399960859394655
O=C(NO)c1cnc(NC2(c3cccc(F)c3)CCOCC2)nc1,8.397940008672037,1,
O=C(NO)c1cnc(NC2(c3cccc(F)c3F)CC2)nc1,8.397940008672037,1,
O=C(NO)c1cnc(NC2(c3cccc(OC(F)(F)F)c3)CC2)nc1,8.698970004336019,1,
O=C(NO)c1cnc(NC2(c3ccccc3)CC2)c(F)c1,8.79317412396815,1,
O=C(NO)c1cnc(NC2(c3ccccc3)CC2)nc1,8.747833824995356,13,0.03390605135685015
O=C(NO)c1cnc(NC2(c3ccccc3)CCC(F)(F)CC2)nc1,8.486446557541404,5,0.04988682760969162
O=C(NO)c1cnc(NC2(c3ccccc3)CCC2)nc1,8.522878745280337,1,
O=C(NO)c1cnc(NC2(c3ccccc3)CCCC2)nc1,8.522878745280337,1,
O=C(NO)c1cnc(NC2(c3ccccc3)CCCCC2)nc1,8.154901959985743,1,
O=C(NO)c1cnc(NC2(c3ccccc3)CCN(C(=O)Cc3c[nH]c4ccccc34)CC2)nc1,8.55284196865778,1,
O=C(NO)c1cnc(NC2(c3ccccc3)CCN(C(=O)Cc3cc4ccccc4[nH]3)CC2)nc1,8.301029995663981,1,
O=C(NO)c1cnc(NC2(c3ccccc3)CCN(C(=O)Nc3c(F)cccc3F)CC2)nc1,8.431798275933005,1,
O=C(NO)c1cnc(NC2(c3ccccc3)CCN(C(=O)Nc3ccc(Cl)c(Cl)c3)CC2)nc1,7.853871964321762,1,
O=C(NO)c1cnc(NC2(c3ccccc3)CCN(C(=O)Nc3ccc(F)cc3)CC2)nc1,8.698970004336019,1,
O=C(NO)c1cnc(NC2(c3ccccc3)CCN(C(=O)Nc3cccc(F)c3)CC2)nc1,8.602059991327963,1,
O=C(NO)c1cnc(NC2(c3ccccc3)CCN(C(=O)Nc3ccccc3)CC2)nc1,8.721246399047171,1,
O=C(NO)c1cnc(NC2(c3ccccc3)CCN(C(=O)Nc3ccccc3F)CC2)nc1,8.769551078621726,1,
O=C(NO)c1cnc(NC2(c3ccccc3)CCN(C(=O)OCc3ccccc3)CC2)nc1,8.585026652029182,1,
O=C(NO)c1cnc(NC2(c3ccccc3)CCN(C(=S)Nc3ccccc3)CC2)nc1,8.619788758288394,1,
O=C(NO)c1cnc(NC2(c3ccccc3)CCN(S(=O)(=O)c3ccc(C(F)(F)F)cc3)CC2)nc1,8.136677139879545,1,
O=C(NO)c1cnc(NC2(c3ccccc3)CCN(S(=O)(=O)c3ccc(Cl)cc3)CC2)nc1,8.301029995663981,1,
O=C(NO)c1cnc(NC2(c3ccccc3)CCN(S(=O)(=O)c3cccc(F)c3)CC2)nc1,8.292429823902063,1,
O=C(NO)c1cnc(NC2(c3ccccc3)CCN(S(=O)(=O)c3ccccc3)CC2)nc1,8.337242168318426,1,
O=C(NO)c1cnc(NC2(c3ccccc3)CCN(c3ccccc3)CC2)nc1,8.67778070526608,1,
O=C(NO)c1cnc(NC2(c3ccccc3)CCOCC2)nc1,8.522878745280337,1,
O=C(NO)c1cnc(NC2(c3ccccc3)COC2)c(F)c1,8.94692155651658,1,
O=C(NO)c1cnc(NC2(c3ccccc3C(F)(F)F)CC2)nc1,8.698970004336019,1,
O=C(NO)c1cnc(NC2(c3ccccc3Cl)CC2)nc1,9.0,1,
O=C(NO)c1cnc(NC2(c3ccccc3F)CC2)nc1,8.698970004336019,1,
O=C(NO)c1cnc(NC2(c3ccccn3)CC2)c(F)c1,8.598599459218455,2,0.24903064677189865
O=C(NO)c1cnc(NC2(c3cccnc3)CC2)c(F)c1,8.422508200162774,1,
O=C(NO)c1cnc(NC2(c3ccco3)CC2)nc1,8.397940008672037,1,
O=C(NO)c1cnc(NC2(c3cccs3)CC2)nc1,8.397940008672037,1,
O=C(NO)c1cnc(NC2(c3cccs3)CCCCC2)nc1,8.301029995663981,1,
O=C(NO)c1cnc(NC23CC4CC(CC(C4)C2)C3)nc1,8.045757490560675,1,
O=C(NO)c1cnc(NC2CC(F)(F)C2)c(F)c1,7.886056647693163,1,
O=C(NO)c1cnc(NC2CC2C(F)(F)F)c(F)c1,7.853871964321762,1,
O=C(NO)c1cnc(NC2CCCCC2)nc1,7.337242168318426,1,
O=C(NO)c1cnc(NC2CCOCC2)nc1,7.309803919971486,1,
O=C(NO)c1cnc(NC2Cc3ccccc3C2)c(F)c1,8.175223537524454,1,
O=C(NO)c1cnc(NC2c3ccccc3-c3ccccc32)nc1,7.721246399047171,1,
O=C(NO)c1cnc(NCC2(c3ccccc3)CC2)c(F)c1,8.00511051322387,2,1.6538709571500796
O=C(NO)c1cnc(NCCN2CCC(CNC3CC3c3ccc(F)cc3)CC2)nc1,7.1249387366083,1,
O=C(NO)c1cnc(NCCc2c(Cl)cccc2Cl)nc1,7.721246399047171,1,
O=C(NO)c1cnc(NCCc2c[nH]c3ccccc23)nc1,8.397940008672037,1,
O=C(NO)c1cnc(NCCc2ccc(Cl)cc2)nc1,7.958607314841775,1,
O=C(NO)c1cnc(NCCc2cccc(Cl)c2)nc1,8.397940008672037,1,
O=C(NO)c1cnc(NCCc2ccccc2)nc1,8.397940008672037,1,
O=C(NO)c1cnc(NCCc2ccccc2-c2ccccc2)nc1,7.3979400086720375,1,
O=C(NO)c1cnc(NCCc2ccccc2Cl)nc1,8.397940008672037,1,
O=C(NO)c1cnc(NCc2c(CO)cccc2CO)nc1,7.958607314841775,1,
O=C(NO)c1cnc(NCc2c(Cl)cccc2Cl)nc1,8.154901959985743,1,
O=C(NO)c1cnc(NCc2ccc(-c3ccccc3)cc2)nc1,8.698970004336019,1,
O=C(NO)c1cnc(NCc2ccc(C(F)(F)F)cc2)nc1,8.301029995663981,1,
O=C(NO)c1cnc(NCc2ccc(Cl)cc2)nc1,8.698970004336019,1,
O=C(NO)c1cnc(NCc2ccc(F)c(Cl)c2)nc1,8.698970004336019,1,
O=C(NO)c1cnc(NCc2ccc(F)cc2C(F)(F)F)nc1,8.221848749616356,1,
O=C(NO)c1cnc(NCc2ccc3c(c2)OCO3)nc1,8.698970004336019,1,
O=C(NO)c1cnc(NCc2cccc(C(F)(F)F)c2)nc1,8.698970004336019,1,
O=C(NO)c1cnc(NCc2cccc(Cl)c2)nc1,9.0,1,
O=C(NO)c1cnc(NCc2ccccc2)nc1,8.698970004336019,1,
O=C(NO)c1cnc(NCc2ccccc2-c2ccccc2)nc1,8.096910013008056,1,
O=C(NO)c1cnc(NCc2ccccc2C(F)(F)F)nc1,8.154901959985743,1,
O=C(NO)c1cnc(NCc2ccccc2Cl)nc1,8.698970004336019,1,
O=C(NO)c1cnc(NCc2ccccc2OC(F)(F)F)nc1,8.397940008672037,1,
O=C(NO)c1cnc(NCc2ccccn2)nc1,8.301029995663981,1,
O=C(NO)c1cnc(NCc2cccnc2)nc1,8.397940008672037,1,
O=C(NO)c1cnc(NCc2cccs2)nc1,8.397940008672037,1,
O=C(NO)c1cnc(NCc2ccncc2)nc1,8.301029995663981,1,
O=C(NO)c1cnc(NCc2cnccn2)nc1,8.397940008672037,1,
O=C(NO)c1cnc(NS(=O)(=O)c2ccccc2)c(F)c1,7.113509274827518,1,
O=C(NO)c1cnc(N[C@@H](c2ccccc2)C2CC2)c(F)c1,8.782516055786093,1,
O=C(NO)c1cnc(N[C@@H](c2ccccn2)C2CC2)c(F)c1,9.454692883534175,2,0.0
O=C(NO)c1cnc(N[C@H](c2ccccc2)C2CC2)c(F)c1,9.560667306169737,3,0.0
O=C(NO)c1cnc(N[C@H](c2ccccn2)C2CC2)c(F)c1,9.135617423908588,2,0.04779180217952114
O=C(NO)c1cnc(Nc2c(Cl)cccc2Cl)nc1,6.063486257521107,1,
O=C(NO)c1cnc(Nc2c(F)c(F)cc(F)c2F)nc1,7.6777807052660805,1,
O=C(NO)c1cnc(Nc2cc(C(F)(F)F)cc(C(F)(F)F)c2)nc1,7.853871964321762,1,
O=C(NO)c1cnc(Nc2cc(Cl)cc(C(F)(F)F)c2)nc1,8.0,1,
O=C(NO)c1cnc(Nc2cc(Cl)cc(OC(F)(F)F)c2)nc1,8.154901959985743,1,
O=C(NO)c1cnc(Nc2cc(Cl)ccc2Cl)nc1,7.823908740944319,1,
O=C(NO)c1cnc(Nc2cc(F)cc(C(F)(F)F)c2)nc1,8.301029995663981,1,
O=C(NO)c1cnc(Nc2cc(F)cc(F)c2)nc1,7.886056647693163,1,
O=C(NO)c1cnc(Nc2ccc(Cl)c(Cl)c2)nc1,8.301029995663981,1,
O=C(NO)c1cnc(Nc2ccc(Cl)cc2)nc1,7.698970004336019,1,
O=C(NO)c1cnc(Nc2ccc(F)cc2)nc1,8.096910013008056,1,
O=C(NO)c1cnc(Nc2ccc([N+](=O)[O-])c(C(F)(F)F)c2)nc1,8.0,1,
O=C(NO)c1cnc(Nc2cccc(-c3ccccc3)c2)nc1,8.397940008672037,1,
O=C(NO)c1cnc(Nc2cccc(-c3ccncc3)c2)nc1,8.522878745280337,1,
O=C(NO)c1cnc(Nc2cccc(C(F)(F)F)c2)nc1,8.522878745280337,1,
O=C(NO)c1cnc(Nc2cccc(Cl)c2)nc1,8.301029995663981,1,
O=C(NO)c1cnc(Nc2cccc(N3CCOCC3)c2)nc1,8.096910013008056,1,
O=C(NO)c1cnc(Nc2ccccc2)nc1,8.154901959985743,1,
O=C(NO)c1cnc(Nc2ccccc2Cl)nc1,7.376750709602099,1,
O=C(NO)c1cnc(OC2(c3ccccc3)CC2)c(F)c1,8.747146969020108,1,
O=C(NO)c1cnc2c(c1)CCN(C1CC3(CCCNC3)C1)C2,6.259637310505756,2,0.0
O=C(NO)c1cnc2c(c1)CCN(C1CC3(CCNCC3)C1)C2,6.259637310505756,1,
O=C(NO)c1cnc2c(c1)CCN(C1CC3(CCOC3)C1)C2,6.259637310505756,2,0.0
O=C(NO)c1cnc2c(c1)CCN(C1CC3(CCOCC3)C1)C2,6.259637310505756,1,
O=C(NO)c1cnc2c(c1)CCN(C1CC3(CNC3)C1)C2,6.259637310505756,1,
O=C(NO)c1cnc2c(c1)CCN([C@@H]1CCCC3(CCC3)C1)C2,6.259637310505756,1,
O=C(NO)c1cncc(F)c1,6.866461091629782,1,
O=C(NO)c1coc(-c2ccc(-c3ccccc3)cc2)n1,7.050609993355087,1,
O=C(NO)c1coc(-c2ccc(Br)cc2)n1,7.229147988357855,1,
O=C(NO)c1coc(-c2ccc(Cl)cc2)n1,7.0915149811213505,1,
O=C(NO)c1coc(-c2ccc(F)cc2)n1,6.958607314841775,1,
O=C(NO)c1coc(-c2ccc3ccccc3c2)n1,7.050609993355087,1,
O=C(NO)c1coc(-c2cccc(-c3ccccc3)c2)n1,6.301029995663981,1,
O=C(NO)c1coc(-c2ccccc2)n1,6.568636235841012,1,
O=C(NO)c1coc(-c2ccccc2Br)n1,5.661543506395395,1,
O=C(NO)c1coc(-c2cccs2)n1,6.507239610973162,1,
O=C(NO)c1coc(C(c2ccccc2)c2ccccc2)n1,5.028260409112222,1,
O=C(NO)c1coc(CN2c3ccccc3Sc3ccccc32)n1,6.053547734986926,1,
O=C(NO)c1csc(-c2ccc(Br)cc2)n1,5.97469413473523,1,
O=C(NO)c1csc(-c2ccccc2)n1,5.718966632752272,1,
O=C(NO)c1csc(-c2cccnc2)n1,6.522878745280337,2,0.0
O=C(NO)c1csc(-c2cnccn2)n1,5.053056729302174,1,
O=C(NO)c1csc(C(c2ccccc2)c2ccccc2)n1,5.432973633840939,1,
O=C(NO)c1csc(CCCN2CCC(CNC3CC3c3ccc(-c4ccc(F)cc4)cc3)CC2)n1,5.525783735923745,1,
O=C(NO)c1csc(Cc2ccccc2)n1,5.5951662833800615,1,
O=C(NO)c1csc(NS(=O)(=O)Nc2ccc(Cl)cc2)n1,7.443697499232712,1,
O=C(NO)c1csc(NS(=O)(=O)Nc2ccccc2)n1,7.443697499232712,1,
O=C(NO)c1csc2ccccc12,4.118444170206688,1,
O=C(NO)c1noc(-c2ccc(-c3ccccc3)cc2)n1,5.882728704344236,1,
O=C(NO)c1noc(-c2ccc(Br)cc2)n1,5.557520230935552,1,
O=C(NO)c1noc(-c2ccccc2)n1,6.950781977329818,1,
O=C(NO)c1sc2ccccc2c1Cl,4.42712839779952,1,
O=C(NOCCN1CCCCC1)c1ccc(-c2noc(C(F)(F)F)n2)cc1,4.943095148663527,1,
O=C(NOCCN1CCOCC1)c1ccc(-c2noc(C(F)(F)F)n2)cc1,4.7423214251308154,1,
O=C(N[C@@H](C(=O)O)c1ccccc1)c1cccc(=S)n1O,5.055517327849831,1,
O=C(N[C@@H](CCCCCB(O)O)C(=O)Nc1cccc(-c2ccccc2)c1)c1ccccc1,5.958607314841775,1,
O=C(N[C@@H](CCCCCB(O)O)C(=O)Nc1cccc(-c2ccccc2)c1)c1cccnc1,6.494850021680094,1,
O=C(N[C@@H](CCCCCB(O)O)C(=O)Nc1cccc(-c2ccccc2)c1)c1cncs1,6.958607314841775,1,
O=C(N[C@@H](CCCCCC(=O)C1NC=CO1)C1NC(c2ccc(F)cc2)=NC1Cl)c1cncs1,4.346787486224656,1,
O=C(N[C@@H](CCCCCC(=O)c1nccs1)c1nc(-c2ccc(F)cc2)c[nH]1)c1cncs1,4.346787486224656,1,
O=C(N[C@@H](CCCCNC(=O)c1c(O)cccc1F)c1ncc(-c2ccc3ccccc3c2)[nH]1)c1cncs1,5.045757490560675,1,
O=C(N[C@@H]1CCCC[C@H]1N1C(=O)c2ccc(-c3nnc(C(F)F)o3)cc2S1(=O)=O)C(F)F,6.403402904373539,1,
O=C(N[C@@H]1CCCC[C@H]1N1Cc2c(F)cc(-c3nnc(C(F)F)o3)cc2S1(=O)=O)C(F)F,6.598599459218455,1,
O=C(N[C@@H]1CCCC[C@H]1N1Cc2ccc(-c3nnc(C(F)F)o3)cc2S1(=O)=O)C(F)(F)C(F)(F)F,7.337242168318426,1,
O=C(N[C@@H]1CCCC[C@H]1N1Cc2ccc(-c3nnc(C(F)F)o3)cc2S1(=O)=O)C(F)(F)F,7.318758762624412,1,
O=C(N[C@@H]1CCCC[C@H]1N1Cc2ccc(-c3nnc(C(F)F)o3)cc2S1(=O)=O)C(F)F,8.244125144327509,1,
O=C(N[C@@H]1CCCC[C@H]1N1Cc2ccc(-c3nnc(C(F)F)o3)cc2S1(=O)=O)C1CC1,7.008773924307505,1,
O=C(N[C@@H]1CCCC[C@H]1N1Cc2ccc(-c3nnc(C(F)F)o3)cc2S1(=O)=O)N1CCCC1,6.85078088734462,1,
O=C(N[C@H](CCCCCB(O)O)C(=O)Nc1cccc(-c2ccccc2)c1)c1ccccc1,4.619788758288394,1,
O=C(N[C@H](CCCCCB(O)O)C(=O)Nc1cccc(-c2ccccc2)c1)c1cccnc1,4.853871964321762,1,
O=C(N[C@H](CCCCCB(O)O)C(=O)Nc1cccc(-c2ccccc2)c1)c1cncs1,5.251811972993799,1,
O=C(N[C@H]1[C@H](N2Cc3ccc(-c4nnc(C(F)F)o4)cc3S2(=O)=O)CCCC1(F)F)C(F)F,7.200659450546418,1,
O=C(Nc1cc(-c2nnn(Cc3c(F)cc(-c4nnc(C(F)F)o4)cc3F)n2)ccc1O)N1CCOCC1,7.431798275933005,1,
O=C(Nc1cc(-c2nnn(Cc3c(F)cc(-c4nnc(C(F)F)o4)cc3F)n2)ccc1OC(=O)N1CCOCC1)N1CCOCC1,6.97061622231479,1,
O=C(Nc1cc(-c2nnn(Cc3ccc(-c4nnc(C(F)F)o4)cc3)n2)ccc1O)N1CCOCC1,8.154901959985743,1,
O=C(Nc1cc(-c2nnn(Cc3ccc(-c4nnc(C(F)F)o4)cc3)n2)ccc1Sc1ccccc1)N1CCOCC1,6.3872161432802645,1,
O=C(Nc1cc(-c2nnn(Cc3ccc(-c4nnc(C(F)F)o4)cn3)n2)ccc1O)N1CCOCC1,8.0,1,
O=C(Nc1ccc(-c2cn(Cc3ccc(-c4nnc(C(F)F)o4)cn3)cn2)cn1)C(F)F,7.309803919971486,1,
O=C(Nc1ccc(-c2cn(Cc3ncc(-c4nnc(C(F)F)o4)cn3)nn2)cn1)C(F)F,7.468521082957745,1,
O=C(Nc1ccc(-c2nnc(Cc3ccc(-c4nnc(C(F)F)o4)cn3)s2)cn1)C(F)F,7.4089353929735005,1,
O=C(Nc1ccc(-c2nnn(Cc3ncc(-c4nnc(C(F)F)o4)cn3)n2)cn1)C(F)F,7.481486060122112,1,
O=C(Nc1ccc(C(=O)N2CCc3nc(C(=O)NO)sc3C2)cc1)c1ccc(-c2ccccc2)s1,6.920818753952375,1,
O=C(Nc1ccc(CNC(=O)c2cc(F)ccc2N2CCCC2)cc1)OCc1cccnc1,4.369572124974976,1,
O=C(Nc1ccc(Cl)cc1)Nc1ccc(C(=O)NO)cc1,7.6777807052660805,1,
O=C(Nc1ccc2c(c1)CCCN2c1ccc(C(=O)NO)cc1)Nc1ccc(Cl)c(C(F)(F)F)c1,5.920818753952375,1,
O=C(Nc1ccc2c(c1)CCN2c1ccc(C(=O)NO)cc1)Nc1ccc(Cl)c(C(F)(F)F)c1,6.0835460514500745,1,
O=C(Nc1ccc2c(c1)N(Cc1ccc(C(=O)NO)cc1)CC2)Nc1ccc(Cl)c(C(F)(F)F)c1,6.6020599913279625,1,
O=C(Nc1cccc(-c2cn(Cc3c(F)cc(-c4nnc(C(F)F)o4)cc3F)nn2)c1)N1CCOCC1,7.494850021680094,1,
O=C(Nc1cccc(-c2cn(Cc3cc(F)c(-c4nnc(C(F)F)o4)cc3F)nn2)c1)N1CCOCC1,7.537602002101044,1,
O=C(Nc1cccc(-c2cn(Cc3ccc(-c4nnc(C(F)F)o4)c(F)c3)nn2)c1)N1CCOCC1,7.537602002101044,1,
O=C(Nc1cccc(-c2cn(Cc3ccc(-c4nnc(C(F)F)o4)c(F)c3F)nn2)c1)N1CCOCC1,6.995678626217357,1,
O=C(Nc1cccc(-c2cn(Cc3ccc(-c4nnc(C(F)F)o4)cc3)cn2)c1)N1CCOCC1,7.070581074285707,1,
O=C(Nc1cccc(-c2cn(Cc3ccc(-c4nnc(C(F)F)o4)cc3)nn2)c1)N1CCOCC1,7.221848749616356,1,
O=C(Nc1cccc(-c2cn(Cc3ccc(-c4nnc(C(F)F)o4)cc3Cl)nn2)c1)N1CCOCC1,7.346787486224656,1,
O=C(Nc1cccc(-c2cn(Cc3ccc(-c4nnc(C(F)F)o4)cc3F)nn2)c1)N1CCOCC1,7.6777807052660805,1,
O=C(Nc1cccc(-c2cn(Cc3ccc(-c4nnc(C(F)F)o4)cn3)cn2)c1)N1CCOCC1,7.721246399047171,1,
O=C(Nc1cccc(-c2cn(Cc3ccc(-c4nnc(C(F)F)o4)cn3)nn2)c1)N1CCOCC1,7.8278038631574445,2,0.08238187793641091
O=C(Nc1cccc(-c2cn(Cc3ncc(-c4nnc(C(F)F)o4)cc3F)nn2)c1)N1CCOCC1,7.2441251443275085,1,
O=C(Nc1cccc(-c2cnn(Cc3ccc(-c4nnc(C(F)F)o4)cc3)c2)c1)N1CCOCC1,6.764471553092451,1,
O=C(Nc1cccc(-c2cnn(Cc3ccc(-c4nnc(C(F)F)o4)cn3)c2)c1)N1CCOCC1,7.346787486224656,1,
O=C(Nc1cccc(-c2nc(Cc3c(F)cc(-c4nnc(C(F)F)o4)cc3F)no2)c1)N1CCOCC1,7.214670164989233,1,
O=C(Nc1cccc(-c2nc(Cc3ccc(-c4nnc(C(F)F)o4)cc3)no2)c1)N1CCOCC1,6.7495799976911055,1,
O=C(Nc1cccc(-c2nnn(Cc3c(F)cc(-c4nnc(C(F)F)o4)cc3F)n2)c1)N1CCOCC1,7.42021640338319,1,
O=C(Nc1cccc(-c2nnn(Cc3ccc(-c4nnc(C(F)F)o4)cc3)n2)c1)N1CCOCC1,7.522878745280337,1,
O=C(Nc1cccc(-c2nnn(Cc3ccc(-c4nnc(C(F)F)o4)cc3)n2)c1)c1ccccc1,7.154901959985743,1,
O=C(Nc1ccccc1)C(Nc1ncc(-c2nnc(C(F)F)o2)cn1)c1ccc(F)cc1,6.769551078621726,1,
O=C(Nc1ccccc1)[C@@H]1CCC(=O)N1c1ccc(-c2noc(C(F)(F)F)n2)cc1,7.721246399047171,1,
O=C(Nc1ccccc1)c1cccc(NCc2ccc(-c3noc(C(F)(F)F)n3)cn2)c1,8.154901959985743,1,
O=C(Nc1ccccc1)c1ccccc1NCc1ccc(-c2noc(C(F)(F)F)n2)cn1,7.769551078621726,1,
O=C(Nc1cccnc1)c1ccc(-c2noc(C(F)(F)F)n2)cc1,5.318758762624412,1,
O=C(Nc1ccnc(C(F)(F)F)c1)c1ccc(-c2noc(C(F)(F)F)n2)cc1,5.065501548756432,1,
O=C(Nc1ccncc1)c1ccc(-c2noc(C(F)(F)F)n2)cc1,5.6777807052660805,1,
O=C(Nc1cncc(-c2nnn(Cc3ccc(-c4nnc(C(F)F)o4)cc3)n2)c1)N1CCOCC1,6.962573502059376,1,
O=C(O)/C=C/c1ccc(O)c(O)c1,2.5951662833800615,1,
O=C(O)CC(c1nc2ccccc2o1)n1cc(/C=C/C(=O)NO)nn1,6.853871964321762,1,
O=C(O)CCC(c1nc2ccccc2o1)n1cc(/C=C/C(=O)NO)nn1,6.47755576649368,1,
O=C(O)CCC1C(=O)N(Cc2ccccc2)c2ccccc21,3.2659205927194055,1,
O=C(O)CCC=CC[C@@H]1NC(=O)[C@H]2CCCN2C(=O)[C@H](Cc2ccccc2)NC(=O)[C@H](Cc2c[nH]c3ccccc23)NC1=O,4.473660722610156,1,
O=C(O)CCCCCCC(=O)Nc1ccc(C2=C(c3ccc(O)cc3)C3CC(S(=O)(=O)Oc4ccc(C(F)(F)F)cc4)C2O3)cc1,6.188424994129407,1,
O=C(O)CCCCCCC(=O)Nc1ccc(C2=C(c3ccc(O)cc3)C3CC(S(=O)(=O)Oc4ccc(Cl)cc4)C2O3)cc1,5.835647144215563,1,
O=C(O)CCCCCCC(=O)Nc1ccc(C2=C(c3ccc(O)cc3)C3CC(S(=O)(=O)Oc4ccc5ccccc5c4)C2O3)cc1,5.090979145788844,1,
O=C(O)CCCCCCC(=O)Nc1ccc(C2=C(c3ccc(O)cc3)C3CC(S(=O)(=O)Oc4cccc(O)c4)C2O3)cc1,7.1487416512809245,1,
O=C(O)CCCCCCC(=O)Nc1ccc(NCCOc2ccc3cc2COC/C=C/COCc2cccc(c2)-c2ccnc(n2)N3)cc1,5.585026652029182,1,
O=C(O)CCCCCCC(=O)Nc1ccc(OS(=O)(=O)C2CC3OC2C(c2ccc(O)cc2)=C3c2ccc(O)cc2)cc1,5.078833949362261,1,
O=C(O)CCCCCCC(=O)c1ccccc1,6.568636235841012,1,
O=C(O)CCCCCCCOc1ccc2cc1COC/C=C/COCc1cccc(c1)-c1ccnc(n1)N2,5.0,1,
O=C(O)CCCCCCNC(=O)c1cnc(N(c2ccccc2)c2ccccc2)nc1,5.306220451500453,2,0.8436098403767871
O=C(O)CCCCCCOc1ccc2cc1COC/C=C/COCc1cccc(c1)-c1ccnc(n1)N2,5.552841968657781,1,
O=C(O)CCCCCOc1ccc2cc1COC/C=C/COCc1cccc(c1)-c1ccnc(n1)N2,4.346787486224656,1,
O=C(O)CCCCCSc1nnc(-c2ccncc2)n1-c1ccccc1,4.962972120244225,1,
O=C(O)CCCCC[C@@H]1NC(=O)[C@H](Cc2ccccc2)NC(=O)C[C@H](Cc2c[nH]c3ccccc23)NC(=O)[C@H](Cc2cccc3ccccc23)NC1=O,5.096910013008056,1,
O=C(O)CCCn1nc(-c2ccc(F)cc2)cc1C(=O)NCCCCCCS,7.0713337517843655,2,0.036170295497340514
O=C(O)CCCn1nc(C(=O)NCCCCCCS)cc1-c1ccc(F)cc1,6.219151233673003,2,0.18050491940902555
O=C(O)CC[C@@H]1N=C(c2ccccc2)c2ccccc2N(CCCCC(=O)NO)C1=O,4.795880017344075,1,
O=C(O)CCc1nc(O)c2ccccc2n1,3.638272163982407,1,
O=C(O)CCc1nc2cc(Cl)ccc2n(Cc2ccccc2)c1=O,3.8239087409443187,1,
O=C(O)CCc1nc2cc(Cl)ccc2s1,4.259637310505756,2,0.0
O=C(O)CCc1nc2cc3nc(CCC(=O)O)sc3cc2s1,5.292429823902063,1,
O=C(O)CCc1nc2ccccc2c(=O)n1Cc1ccc(Cl)cc1,4.167491087293763,1,
O=C(O)CCc1nc2ccccc2c(=O)n1Cc1ccc(F)cc1,3.896538377905295,1,
O=C(O)CCc1nc2ccccc2c(=O)n1Cc1ccccc1,4.480172006224281,1,
O=C(O)CCc1nc2ccccc2c2nc(=O)c(Cc3ccccc3)nn12,4.6020599913279625,1,
O=C(O)CCc1nc2ccccc2nc1OCCOc1ccccn1,3.9586073148417746,1,
O=C(O)CCc1nc2ccccc2nc1OCc1ccccn1,3.568636235841013,1,
O=C(O)CCc1nc2ccccc2nc1Sc1ccccc1,4.221848749616356,1,
O=C(O)CCc1nc2ccccc2s1,3.7447274948966935,1,
O=C(O)CCn1c2c(c3cc(-c4ccc(F)cc4)ccc31)CS(=O)(=O)CC2,3.790216985151485,1,
O=C(O)CCn1c2c(c3cc(F)ccc31)CS(=O)(=O)CC2,3.7759851886271356,1,
O=C(O)CCn1c2c(c3ccccc31)CS(=O)(=O)CC2,3.5456125328530446,1,
O=C(O)CCn1nc(-c2ccc(F)cc2)cc1C(=O)NCCCCCCS,6.600329725273209,2,0.10953222632500617
O=C(O)CCn1nc(-c2cccnc2)ccc1=O,3.4559319556497243,1,
O=C(O)CCn1nc(C(=O)NCCCCCCS)cc1-c1ccc(F)cc1,6.439713034397075,2,0.0590759795217079
O=C(O)CCn1nnc2ccccc2c1=O,3.6197887582883936,1,
O=C(O)C[C@@H]1N=C(c2ccccc2)c2ccccc2N(CCCCC(=O)NO)C1=O,4.70245833218184,1,
O=C(O)Cc1nc2ccccc2s1,3.4089353929735005,1,
O=C(O)Cn1ccc(-c2nnc(C(F)F)o2)cc1=O,5.494850021680094,1,
O=C(O)Cn1cnc2c(oc3ccccc32)c1=O,4.292429823902063,1,
O=C(O)Cn1cnc2ccc(Br)cc2c1=O,3.6989700043360187,1,
O=C(O)Cn1cnc2ccccc2c1=O,3.4948500216800937,1,
O=C(O)Cn1nc(-c2ccc(F)cc2)cc1C(=O)NCCCCCCS,7.096910013008056,2,0.42572070254911626
O=C(O)Cn1nc(C(=O)NCCCCCCS)cc1-c1ccc(F)cc1,6.391258027893047,2,0.2981189956645353
O=C(O)Cn1nc(O)c2ccccc2c1=O,3.6989700043360187,1,
O=C(O)[C@H]1/C(=C/CO)O[C@@H]2CC(=O)N21,9.698970004336019,1,
O=C(O)c1ccc(-c2ccc(C(=O)C(F)(F)F)s2)cc1,7.568636235841012,1,
O=C(O)c1ccc(-c2cssc2=S)cc1,4.0,1,
O=C(O)c1ccc(NCCOc2ccc3cc2COC/C=C/COCc2cccc(c2)-c2ccnc(n2)N3)cc1,4.1938200260161125,1,
O=C(O)c1cccc(-c2ccc(C(=O)C(F)(F)F)s2)c1,7.154901959985743,1,
O=C(O)c1cccc(-c2cn(Cc3ccc(-c4nnc(C(F)F)o4)cc3)nn2)c1,6.428291168191312,1,
O=C(O)c1cccc(-c2nnn(Cc3ccc(-c4nnc(C(F)F)o4)cc3)n2)c1,6.318758762624412,1,
O=C(O)c1cccc(-c2nnn(Cc3ccc(C(=O)NO)cc3)n2)c1,7.920818753952375,2,0.0
O=C(O)c1cccc(=S)n1O,6.823908740944319,1,
O=C(O)c1cccc(NCCOc2ccc3cc2COC/C=C/COCc2cccc(c2)-c2ccnc(n2)N3)c1,4.275724130399211,1,
O=C(O)c1csc(=S)s1,4.333482019445119,1,
O=C(OCCOCCCl)[C@@H]1CCC(=O)N1c1ccc(-c2noc(C(F)(F)F)n2)c(F)c1,7.769551078621726,1,
O=C(O[C@H]1C[N+]2(CCc3cccc(Cl)c3)CCC1CC2)C1(C2=CC=CC2)CCCCCC1,5.530177984021837,1,
O=C([C@@H]1CCC(=O)N1c1cc(F)c(-c2noc(C(F)(F)F)n2)cc1F)N1CCC1,7.1487416512809245,1,
O=C([C@@H]1CCC(=O)N1c1cc(F)c(-c2noc(C(F)(F)F)n2)cc1F)N1CCCC1,7.229147988357855,1,
O=C([C@@H]1CCC(=O)N1c1cc(F)c(-c2noc(C(F)(F)F)n2)cc1F)N1CCCc2ccccc21,7.102372908709558,1,
O=C([C@@H]1CCC(=O)N1c1cc(F)c(-c2noc(C(F)(F)F)n2)cc1F)N1CCc2ccccc2C1,7.568636235841012,1,
O=C([C@H](Cc1ccc(-c2noc(C(F)(F)F)n2)cn1)c1cccc(C(F)(F)F)c1)N1CCS(=O)(=O)CC1,7.287967737291256,2,0.08318368667699519
O=C([O-])CCCc1ccccc1,3.6197887582883936,1,
O=C(c1cc(-c2ccccc2)cs1)C(F)(F)F,5.721246399047171,1,
O=C(c1ccc(-c2ccc3c(c2)OCCO3)s1)C(F)(F)F,7.431798275933005,1,
O=C(c1ccc(-c2ccc3nccnc3c2)s1)C(F)(F)F,7.823908740944319,1,
O=C(c1ccc(-c2ccccc2)s1)C(F)(F)F,6.769551078621726,1,
O=C(c1ccc(-c2nc(-c3ccc(C(F)(F)F)cc3)no2)s1)C(F)(F)F,4.958607314841775,1,
O=C(c1ccc(-c2nc(-c3ccc(Cl)cc3Cl)no2)s1)C(F)(F)F,5.522878745280337,1,
O=C(c1ccc(-c2nc(-c3ccc(F)cc3)no2)s1)C(F)(F)F,6.568636235841012,1,
O=C(c1ccc(-c2nc(-c3ccc(F)cc3F)no2)s1)C(F)(F)F,6.236572006437063,1,
O=C(c1ccc(-c2nc(-c3cccc(C(F)(F)F)c3)no2)s1)C(F)(F)F,5.610833915635467,1,
O=C(c1ccc(-c2nc(-c3ccccc3)no2)s1)C(F)(F)F,6.236572006437063,1,
O=C(c1ccc(-c2nc(-c3ccccn3)no2)s1)C(F)(F)F,6.301029995663981,1,
O=C(c1ccc(-c2nc(-c3cccnc3)no2)s1)C(F)(F)F,6.075720713938118,1,
O=C(c1ccc(-c2nc(-c3cccs3)no2)s1)C(F)(F)F,6.173925197299173,1,
O=C(c1ccc(-c2nc(-c3ccncc3)no2)s1)C(F)(F)F,6.2441251443275085,1,
O=C(c1ccc(-c2nc(COc3ccc(-c4nnco4)cc3)no2)s1)C(F)(F)F,6.119186407719209,1,
O=C(c1ccc(-c2nc(CS(=O)(=O)Cc3ccc(F)cc3)no2)s1)C(F)(F)F,6.154901959985743,2,0.0
O=C(c1ccc(-c2nc(CS(=O)(=O)c3cccs3)no2)s1)C(F)(F)F,6.2839966563652006,2,0.0
O=C(c1ccc(-c2nc(Cc3cccs3)no2)s1)C(F)(F)F,6.769551078621726,1,
O=C(c1ccc(-c2ncc(-c3ccccc3)s2)s1)C(F)(F)F,5.8696662315049934,1,
O=C(c1ccc(-c2nnc(-c3ccccc3)o2)s1)C(F)(F)F,6.481486060122112,1,
O=C(c1ccc(-c2nnc(-c3cccs3)o2)s1)C(F)(F)F,6.795880017344075,1,
O=C(c1ccc(-c2nnn(Cc3ccc(-c4nnc(C(F)F)o4)cc3)n2)cc1)N1CCOCC1,6.7281583934635005,1,
O=C(c1ccc(-c2noc(C(F)(F)F)n2)cc1)N1CCCC1,5.221848749616356,1,
O=C(c1ccc(C(=O)C(F)(F)F)[nH]1)N1CCc2ccccc21,6.146044667143447,2,0.1280249909945827
O=C(c1ccc(C(=O)C(F)(F)F)s1)N1CCC(c2nnc(-c3ccccc3)o2)CC1,6.795880017344075,1,
O=C(c1ccc(C(=O)C(F)(F)F)s1)N1CCc2ccccc21,6.7613322187884,3,0.10801452390403078
O=C(c1ccc(C(=O)C(F)(F)F)s1)N1CCn2c(-c3ccccc3)cnc2C1,6.508638306165727,2,0.0
O=C(c1ccc(C(=O)N2CCc3ccccc32)s1)C(F)F,7.823908740944319,2,0.0
O=C(c1cccc(-c2nnn(Cc3c(F)cc(-c4nnc(C(F)F)o4)cc3F)n2)c1)N1CCOCC1,7.376750709602099,1,
O=C(c1cccc(-c2nnn(Cc3ccc(-c4nnc(C(F)F)o4)c(F)c3)n2)c1)N1CCOCC1,7.275724130399211,1,
O=C(c1cccc(-c2nnn(Cc3ccc(-c4nnc(C(F)F)o4)cc3)n2)c1)N1CCOCC1,7.346787486224656,1,
O=C(c1cccc(-c2nnn(Cc3ccc(-c4nnc(C(F)F)o4)cc3F)n2)c1)N1CCOCC1,7.443697499232712,1,
O=C(c1cccc(-c2nnn(Cc3ccc(-c4nnc(C(F)F)o4)cn3)n2)c1)N1CCOCC1,7.522878745280337,1,
O=C(c1cccc(NCc2ccc(-c3noc(C(F)(F)F)n3)cn2)c1)N1CCCC1,7.267606240177031,1,
O=C(c1cccnc1)N(Cc1ncc(-c2nnc(C(F)F)o2)s1)c1cccc(C(F)(F)F)c1,7.055517327849831,3,0.0
O=C(c1cn(Cc2ccc(-c3nnc(C(F)F)o3)cc2)c2ccccc12)C(F)F,6.621602099051863,1,
O=C(c1cnc(-c2ccccc2)s1)C(F)(F)F,6.6777807052660805,1,
O=C(c1cncnc1)N(Cc1ccc(-c2noc(C(F)(F)F)n2)cc1)c1cccc(C(F)(F)F)c1,7.585026652029182,1,
O=C(c1nc2cc(Cl)c(Cl)cc2n1Cc1ccc(-c2nnc(C(F)F)o2)cc1)C(F)F,6.627087997029893,1,
O=C(c1ncc(C(=O)C(F)(F)F)s1)N1CCc2ccccc21,6.3872161432802645,1,
O=C1/C(=C/c2ccc(O)c(O)c2)Oc2cc(O)cc(O)c21,4.523543266497361,2,0.2959736926132122
O=C1/C(=C/c2ccc(O)c(O)c2)Oc2ccccc21,4.828216933806938,2,0.36482356084390105
O=C1/C(=C/c2ccc(O)cc2)Oc2ccccc21,4.383204999074971,2,0.7303344693440634
O=C1/C(=C/c2cccc(O)c2O)Oc2ccccc21,4.650367387889839,2,0.11330632094604187
O=C1C(C2CCOCC2)NC[C@@H](c2cc(F)cc(F)c2)N1c1ccc(-c2noc(C(F)(F)F)n2)cn1,7.585026652029182,1,
O=C1CC(NCc2ccc(-c3noc(C(F)(F)F)n3)cn2)CCN1,7.494850021680094,1,
O=C1CCC(N2C(=O)c3cccc(NCCCCCCn4cc(CCCCN(Cc5ccc(C(=O)NO)cc5)Cc5cccnc5)nn4)c3C2=O)C(=O)N1,8.244125144327509,1,
O=C1CCC(N2C(=O)c3cccc(NCCCCCCn4cc(CN(Cc5ccc(C(=O)NO)cc5)Cc5cccnc5)nn4)c3C2=O)C(=O)N1,8.008773924307505,1,
O=C1CCC(N2C(=O)c3cccc(NCCCCN(Cc4ccc(C(=O)NO)cc4)Cc4cccnc4)c3C2=O)C(=O)N1,8.318758762624412,1,
O=C1CCC(N2C(=O)c3cccc(NCCCn4cc(CCCCN(Cc5ccc(C(=O)NO)cc5)Cc5cccnc5)nn4)c3C2=O)C(=O)N1,8.060480747381382,1,
O=C1CCC(N2C(=O)c3cccc(NCCCn4cc(CN(Cc5ccc(C(=O)NO)cc5)Cc5cccnc5)nn4)c3C2=O)C(=O)N1,8.050609993355087,1,
O=C1CCC(N2C(=O)c3cccc(NCCN(Cc4ccc(C(=O)NO)cc4)Cc4cccnc4)c3C2=O)C(=O)N1,8.318758762624412,1,
O=C1CCC(N2C(=O)c3cccc(NCCOCCN(Cc4ccc(C(=O)NO)cc4)Cc4cccnc4)c3C2=O)C(=O)N1,8.031517051446064,1,
O=C1CCC(N2C(=O)c3cccc(NCCOCCOCCN(Cc4ccc(C(=O)NO)cc4)Cc4cccnc4)c3C2=O)C(=O)N1,8.060480747381382,1,
O=C1CCC(N2C(=O)c3cccc(NCCOCCOCCn4cc(CCCCN(Cc5ccc(C(=O)NO)cc5)Cc5cccnc5)nn4)c3C2=O)C(=O)N1,8.142667503568731,1,
O=C1CCC(N2C(=O)c3cccc(NCCOCCOCCn4cc(CN(Cc5ccc(C(=O)NO)cc5)Cc5cccnc5)nn4)c3C2=O)C(=O)N1,8.113509274827518,1,
O=C1CCC(N2C(=O)c3cccc(NCCOCCn4cc(CCCCN(Cc5ccc(C(=O)NO)cc5)Cc5cccnc5)nn4)c3C2=O)C(=O)N1,8.229147988357855,1,
O=C1CCC(N2C(=O)c3cccc(NCCOCCn4cc(CN(Cc5ccc(C(=O)NO)cc5)Cc5cccnc5)nn4)c3C2=O)C(=O)N1,8.337242168318426,1,
O=C1CCC(NCc2ccc(-c3noc(C(F)(F)F)n3)cn2)c2ccccc2N1,7.409078206027614,2,0.5470203675142185
O=C1CCC(c2c(F)cccc2F)N1c1ccc(-c2noc(C(F)(F)F)n2)cc1F,7.292429823902063,1,
O=C1CCC(c2ccc(-c3noc(C(F)(F)F)n3)cc2)N1c1cccc(F)c1,7.221848749616356,1,
O=C1CCC(c2ccc(-c3noc(C(F)(F)F)n3)cc2)N1c1ccccc1F,7.536571645525154,2,0.4942464299119894
O=C1CCC(c2ccc(Cl)cc2)N1c1ccc(-c2noc(C(F)(F)F)n2)cc1F,7.823908740944319,1,
O=C1CCC(c2cccc(Cl)c2)N1c1ccc(-c2noc(C(F)(F)F)n2)cc1F,7.045757490560675,1,
O=C1CCC(c2ccccc2)N1c1cc(F)c(-c2noc(C(F)(F)F)n2)cc1F,8.214670164989233,1,
O=C1CCC(c2ccccc2)N1c1ccc(-c2noc(C(F)(F)F)n2)c(F)c1,7.886056647693163,1,
O=C1CCC(c2ccccc2)N1c1ccc(-c2noc(C(F)(F)F)n2)cc1,7.6777807052660805,1,
O=C1CCC(c2ccccc2)N1c1ccc(-c2noc(C(F)(F)F)n2)cc1F,7.958607314841775,1,
O=C1CCC(c2ccccc2)N1c1ncc(-c2nnc(C(F)F)o2)s1,6.767003889607846,3,0.0
O=C1CCC(c2ccccc2)N1c1ncc(-c2noc(C(F)(F)F)n2)cc1F,7.721246399047171,1,
O=C1CCC(c2ccccc2Cl)N1c1cc(F)c(-c2noc(C(F)(F)F)n2)c(F)c1,6.886056647693163,1,
O=C1CCC(c2ccccc2Cl)N1c1cc(F)c(-c2noc(C(F)(F)F)n2)cc1F,7.6020599913279625,1,
O=C1CCC(c2ccccc2Cl)N1c1ccc(-c2noc(C(F)(F)F)n2)c(F)c1,7.142667503568731,1,
O=C1CCC(c2ccccc2Cl)N1c1ccc(-c2noc(C(F)(F)F)n2)cc1F,8.060480747381382,1,
O=C1CCC(c2ccccc2Cl)N1c1ccc(-c2noc(C(F)(F)F)n2)cn1,6.886056647693163,1,
O=C1CCC(c2ccccc2F)N1c1ccc(-c2noc(C(F)(F)F)n2)cc1F,8.292429823902063,2,0.0
O=C1CCCC(c2ccccc2)N1c1ccc(-c2noc(C(F)(F)F)n2)cc1,8.060480747381382,1,
O=C1CCCC(c2ccccc2)N1c1ccc(-c2noc(C(F)(F)F)n2)cn1,7.494850021680094,1,
O=C1CCCC(c2nc(-c3ccccc3)no2)N1c1ccc(-c2noc(C(F)(F)F)n2)cc1,8.136677139879545,1,
O=C1CCCN1CC(Nc1ncc(-c2nnc(C(F)F)o2)cn1)c1ccc(F)cc1,7.119186407719209,1,
O=C1CCCN1C[C@H](Nc1ncc(-c2nnc(C(F)F)o2)cn1)c1ccc(F)cc1,6.958607314841775,1,
O=C1CCC[C@@H](C(=O)N[C@@H](CCCCCS)C(=O)N2CCc3ccccc3C2)N1,6.235077015350111,1,
O=C1CCC[C@@H](C(=O)N[C@@H](CCCCCS)C(=O)NC2CCCC2)N1,8.221848749616356,1,
O=C1CCC[C@@H](C(=O)N[C@@H](CCCCCS)C(=O)NCc2ccc(C(F)(F)F)cc2)N1,6.856985199745905,1,
O=C1CCC[C@@H](C(=O)N[C@@H](CCCCCS)C(=O)NCc2cccc(OCc3ccccc3)c2)N1,7.080921907623926,1,
O=C1CCC[C@@H](C(=O)N[C@@H](CCCCCS)C(=O)Nc2ccccc2)N1,8.221848749616356,1,
O=C1CCC[C@@H](C(=O)N[C@H](CCCCCS)C(=O)Nc2ccccc2)N1,5.027797161620935,1,
O=C1CCC[C@@H](c2nc3ccccc3s2)N1c1ccc(-c2noc(C(F)(F)F)n2)cc1,8.09151498112135,1,
O=C1CCC[C@H](C(=O)N[C@@H](CCCCCS)C(=O)Nc2ccccc2)N1,8.301029995663981,1,
O=C1CCCc2ccncc2N1Cc1ncc(-c2nnc(C(F)F)o2)s1,7.7447274948966935,3,0.0
O=C1CCCc2cnccc2N1Cc1ncc(-c2nnc(C(F)F)o2)s1,6.903089986991944,3,0.0
O=C1CCSc2ccc(C(=O)NO)cc2N1,5.886056647693163,1,
O=C1CC[C@@H](C(=O)N[C@@H](CCCCCS)C(=O)Nc2ccccc2)N1,9.0,1,
O=C1CC[C@@H](C(=O)N[C@H](CCCCCS)C(=O)Nc2ccccc2)N1,8.522878745280337,1,
O=C1CC[C@@H](CN2CCOCC2)N1c1ccc(-c2noc(C(F)(F)F)n2)c(F)c1,6.769551078621726,1,
O=C1CC[C@@H](CO)N1c1ccc(-c2noc(C(F)(F)F)n2)c(F)c1,7.568636235841012,1,
O=C1CC[C@@H](c2ccccc2)N1c1ccc(-c2noc(C(F)(F)F)n2)cn1,7.362486372403121,3,0.21033547352151774
O=C1CC[C@@H](c2nc(-c3ccccn3)no2)N1c1ccc(-c2noc(C(F)(F)F)n2)cc1,8.301029995663981,1,
O=C1CC[C@@H](c2nc(-c3cccnc3)no2)N1c1ccc(-c2noc(C(F)(F)F)n2)cc1,8.142667503568731,1,
O=C1CC[C@@H](c2nc(-c3ccncc3)no2)N1c1ccc(-c2noc(C(F)(F)F)n2)cc1,8.119186407719209,1,
O=C1CC[C@@H](c2nc3ccccc3[nH]2)N1c1ccc(-c2noc(C(F)(F)F)n2)cc1,8.060480747381382,1,
O=C1CC[C@@H](c2nc3ccccc3[nH]2)N1c1ccc(-c2noc(C(F)(F)F)n2)cc1F,8.387216143280265,1,
O=C1CC[C@@H](c2nc3ccccc3o2)N1c1ccc(-c2noc(C(F)(F)F)n2)cc1,8.148741651280925,1,
O=C1CC[C@@H](c2nc3ccccc3o2)N1c1ccc(-c2noc(C(F)(F)F)n2)cc1F,8.327902142064282,1,
O=C1CC[C@@](CCCCCC(=O)c2ccon2)(C2=NC(c3ccc(C4NC=CO4)cc3F)CN2)N1,4.346787486224656,1,
O=C1CC[C@H](C(=O)N[C@@H](CCCCCS)C(=O)Nc2cccc(C(F)(F)F)c2)N1,8.301029995663981,2,0.0
O=C1CC[C@H](C(=O)N[C@@H](CCCCCS)C(=O)Nc2ccccc2)N1,8.522878745280337,1,
O=C1CC[C@H](C(=O)N[C@H](CCCCCS)C(=O)Nc2ccccc2)N1,7.6777807052660805,1,
O=C1CC[C@](CCCCCC(=O)C2NC=CO2)(c2ncc(-c3ccc(F)cc3)[nH]2)N1,4.346787486224656,1,
O=C1CCc2c1cccc2-c1nnn(Cc2ccc(-c3nnc(C(F)F)o3)cc2)n1,6.8794260687941495,1,
O=C1CCc2cc(C(F)(F)F)ccc2N1Cc1ccc(-c2noc(C(F)(F)F)n2)cn1,7.552841968657781,1,
O=C1CCc2cc(F)ccc2N1Cc1ccc(-c2noc(C(F)(F)F)n2)cc1,7.6020599913279625,1,
O=C1CCc2cc(F)ccc2N1Cc1ccc(-c2noc(C(F)(F)F)n2)cn1,8.4089353929735,1,
O=C1CCc2ccc(-c3nnn(Cc4ccc(-c5nnc(C(F)F)o5)cc4)n3)cc21,6.928117992693874,1,
O=C1CCc2ccc(Br)cc2N1Cc1ccc(-c2noc(C(F)(F)F)n2)cc1,7.657577319177793,1,
O=C1CCc2ccc(F)cc2N1Cc1ccc(-c2noc(C(F)(F)F)n2)cc1,8.00436480540245,1,
O=C1CCc2ccc(F)cc2N1Cc1ccc(-c2noc(C(F)(F)F)n2)cn1,8.3767507096021,1,
O=C1CCc2cccc(C(F)(F)F)c2N1Cc1ccc(-c2noc(C(F)(F)F)n2)cn1,7.187086643357144,1,
O=C1CCc2ccccc2N1Cc1ccc(-c2noc(C(F)(F)F)n2)cn1,8.040958607678906,1,
O=C1CCc2cccnc2N1Cc1ccc(-c2noc(C(F)(F)F)n2)cn1,7.022276394711152,1,
O=C1CCc2ccncc2N1Cc1ncc(-c2nnc(C(F)F)o2)s1,7.657577319177793,3,0.0
O=C1CCc2cnccc2N1Cc1ncc(-c2nnc(C(F)F)o2)s1,7.309803919971486,3,0.0
O=C1CCc2ncccc2N1Cc1ccc(-c2noc(C(F)(F)F)n2)cn1,7.455931955649724,1,
O=C1CN(Cc2ccc(C(=O)NO)cc2)c2ccccc2N1,6.823908740944319,1,
O=C1CN(c2ccccc2)C(=O)N1Cc1ccc(-c2nnc(C(F)F)o2)cc1F,6.6595558851598815,1,
O=C1CN(c2ccccc2)C(=O)N1Cc1ccc(-c2nnc(C(F)F)o2)cn1,6.9185237353271365,2,0.12139760550912712
O=C1CNC(=O)/C(=C/c2ccc(C(=O)NO)cc2)N1,6.33161408331,1,
O=C1CNCC(c2ccccc2)N1c1ccc(-c2noc(C(F)(F)F)n2)cc1,7.958607314841775,1,
O=C1COC[C@@H](CNCc2ccc(-c3noc(C(F)(F)F)n3)cn2)N1,7.187086643357144,1,
O=C1COC[C@@H](c2ccccc2)N1c1cc(F)c(-c2noc(C(F)(F)F)n2)cc1F,7.376750709602099,1,
O=C1COC[C@@H](c2ccccc2)N1c1ccc(-c2noc(C(F)(F)F)n2)c(F)c1,8.275724130399212,1,
O=C1COC[C@@H](c2ccccc2)N1c1ccc(-c2noc(C(F)(F)F)n2)cc1,8.0,1,
O=C1COC[C@@H](c2ccccc2)N1c1ccc(-c2noc(C(F)(F)F)n2)cc1F,7.853871964321762,1,
O=C1COC[C@@H](c2ccccc2)N1c1ccc(-c2noc(C(F)(F)F)n2)cn1,7.823908740944319,1,
O=C1COC[C@@H](c2ccccc2)N1c1ccc(-c2noc(C(F)(F)F)n2)nc1,7.494850021680094,1,
O=C1COC[C@@H](c2ccccc2)N1c1ccc(-c2noc(C(F)(F)F)n2)nn1,7.301029995663981,2,0.0
O=C1COC[C@@H](c2ccccc2)N1c1cnc(-c2noc(C(F)(F)F)n2)cn1,8.045757490560675,2,0.0
O=C1COC[C@@H](c2ccccc2)N1c1cnc(-c2noc(C(F)(F)F)n2)nc1,6.721246399047171,1,
O=C1COC[C@@H](c2nc(-c3ccccn3)no2)N1c1ccc(-c2noc(C(F)(F)F)n2)cc1,8.221848749616356,1,
O=C1COC[C@@H](c2nc(-c3cccnc3)no2)N1c1ccc(-c2noc(C(F)(F)F)n2)cc1,7.853871964321762,1,
O=C1COC[C@@H](c2nc(-c3ccncc3)no2)N1c1ccc(-c2noc(C(F)(F)F)n2)cc1,7.920818753952375,1,
O=C1COC[C@@H](c2nc3ccccc3o2)N1c1ccc(-c2noc(C(F)(F)F)n2)cc1,8.221848749616356,1,
O=C1COC[C@H](CNCc2ccc(-c3noc(C(F)(F)F)n3)cn2)N1,7.142667503568731,1,
O=C1COc2ccccc2N1Cc1ccc(-c2noc(C(F)(F)F)n2)cn1,8.292429823902063,1,
O=C1COc2ccccc2N1Cc1noc(-c2ccc(C(=O)C(F)(F)F)s2)n1,6.3872161432802645,1,
O=C1COc2ccncc2N1Cc1ncc(-c2nnc(C(F)F)o2)s1,7.6020599913279625,3,0.0
O=C1COc2cnccc2N1Cc1ncc(-c2nnc(C(F)F)o2)s1,5.598599459218455,3,0.0
O=C1CSc2ccccc2N1Cc1ccc(-c2noc(C(F)(F)F)n2)cn1,7.958607314841775,1,
O=C1C[C@@H](C(=O)N[C@@H](CCCCCS)C(=O)Nc2ccccc2)N1,8.698970004336019,1,
O=C1Cc2cc(-c3cn(Cc4ccc(-c5nnc(C(F)F)o5)cn4)nn3)ccc2N1,7.585026652029182,1,
O=C1Cc2ccccc2C(=O)N1Cc1ccc(-c2nnc(C(F)F)o2)cn1,6.876148359032914,1,
O=C1N(CC2CCOCC2)CC(c2ccccc2)N1c1ccc(-c2noc(C(F)(F)F)n2)cc1,7.086186147616283,1,
O=C1N(Cc2ccc(-c3nnc(C(F)F)o3)cc2)c2ccccc2C12CCOCC2,6.6401645176601125,1,
O=C1N(Cc2ccc(-c3nnc(C(F)F)o3)cn2)C(=O)C2(CCC2)N1c1ccccc1,7.251811972993799,1,
O=C1N(Cc2ccc(-c3nnc(C(F)F)o3)cn2)C(=O)C2(CCN(C3COC3)CC2)N1c1cccc(F)c1,7.0,1,
O=C1N(Cc2ncc(-c3nnc(C(F)F)o3)s2)c2cnccc2C12CC2,6.801342913045577,3,0.0
O=C1NC(=O)/C(=C\c2ccc(OCC(=O)N3N=C(c4ccc(F)cc4)CC3c3ccc(Cl)c(Cl)c3)cc2)S1,4.886056647693163,1,
O=C1NC(=O)/C(=C\c2ccc(OCC(=O)N3N=C(c4ccc(F)cc4)CC3c3ccco3)cc2)S1,5.119186407719209,1,
O=C1NC(=O)/C(=C\c2ccc(OCC(=O)N3N=C(c4ccccc4)CC3c3ccc(Cl)c(Cl)c3)cc2)S1,4.4089353929735005,1,
O=C1NC(=O)[C@]2(CC[C@H](NCc3ccc(-c4noc(C(F)(F)F)n4)cn3)CC2)N1,7.207608310501746,1,
O=C1NC(CCCCCC(=O)C2NC=CO2)(C2=NC(c3ccc(F)cc3)CN2)CO1,4.346787486224656,1,
O=C1NCC(c2ccccc2)N1c1ccc(-c2noc(C(F)(F)F)n2)cn1,7.040958607678906,1,
O=C1NCCCC1NCc1ccc(-c2noc(C(F)(F)F)n2)cn1,7.3979400086720375,1,
O=C1NCCCCC1NCc1ccc(-c2noc(C(F)(F)F)n2)cn1,7.1938200260161125,1,
O=C1NCCC[C@@H]1C(=O)N[C@@H](CCCCCS)C(=O)Nc1ccccc1,9.0,1,
O=C1NCCC[C@H]1C(=O)N[C@@H](CCCCCS)C(=O)Nc1ccccc1,9.0,1,
O=C1NCCN(c2ccc(-c3noc(C(F)(F)F)n3)cn2)C1c1cccc(F)c1,7.869487583003801,2,0.209644692853711
O=C1NCCc2c(OCc3ccc(-c4noc(C(F)(F)F)n4)c(F)c3)cccc21,7.309803919971486,1,
O=C1NCCc2c(OCc3ccc(-c4noc(C(F)(F)F)n4)cn3)cccc21,7.376750709602099,1,
O=C1NCCc2ccc(-c3nnn(Cc4ccc(-c5nnc(C(F)F)o5)cc4)n3)cc21,7.481486060122112,1,
O=C1NCCc2ccccc2C1NCc1ccc(-c2noc(C(F)(F)F)n2)cn1,7.443697499232712,1,
O=C1NC[C@@H](c2ccccc2)[C@@H]1C(=O)N[C@@H](CCCCCS)C(=O)Nc1ccccc1,8.397940008672037,1,
O=C1NC[C@@H](c2ccccc2)[C@H]1C(=O)N[C@@H](CCCCCS)C(=O)Nc1ccccc1,7.455931955649724,1,
O=C1NC[C@H](c2ccccc2)[C@@H]1C(=O)N[C@@H](CCCCCS)C(=O)Nc1ccccc1,8.397940008672037,1,
O=C1NC[C@H](c2ccccc2)[C@H]1C(=O)N[C@@H](CCCCCS)C(=O)Nc1ccccc1,6.795880017344075,1,
O=C1NCc2cc(-c3nnn(Cc4ccc(-c5nnc(C(F)F)o5)cc4)n3)ccc21,7.102372908709558,1,
O=C1NCc2ccc(-c3cn(Cc4ccc(-c5nnc(C(F)F)o5)cc4)cn3)cc21,7.107905397309519,1,
O=C1NCc2ccc(-c3cn(Cc4ccc(-c5nnc(C(F)F)o5)cc4)nn3)cc21,7.376750709602099,1,
O=C1NCc2ccc(-c3cn(Cc4ccc(-c5nnc(C(F)F)o5)cn4)cn3)cc21,7.522878745280337,1,
O=C1NCc2ccc(-c3cnn(Cc4ccc(-c5nnc(C(F)F)o5)cc4)c3)cc21,7.060480747381382,1,
O=C1NCc2ccc(-c3cnn(Cc4ccc(-c5nnc(C(F)F)o5)cn4)c3)cc21,7.3979400086720375,1,
O=C1NCc2ccc(-c3nnn(Cc4c(F)cc(-c5nnc(C(F)F)o5)cc4F)n3)cc21,7.6020599913279625,1,
O=C1NCc2ccc(-c3nnn(Cc4ccc(-c5nnc(C(F)F)o5)c(F)c4)n3)cc21,7.42021640338319,1,
O=C1NCc2ccc(-c3nnn(Cc4ccc(-c5nnc(C(F)F)o5)cc4)n3)cc21,7.619788758288394,1,
O=C1NCc2ccc(-c3nnn(Cc4ccc(-c5nnc(C(F)F)o5)cc4F)n3)cc21,7.721246399047171,1,
O=C1NCc2ccc(-c3nnn(Cc4ccc(-c5nnc(C(F)F)o5)cn4)n3)cc21,7.920818753952375,1,
O=C1NCc2ccc(-c3nnn(Cc4ncc(-c5nnc(C(F)F)o5)cn4)n3)cc21,7.3872161432802645,1,
O=C1NCc2ccc(-c3nnnn3Cc3ncc(-c4nnc(C(F)F)o4)cn3)cc21,6.821023052706831,1,
O=C1N[C@@H](Cc2ccccc2)C(=O)N2CCC[C@@H]2C(=O)N[C@@H](CCCCCC(=O)[C@@H]2CO2)C(=O)N[C@H]1Cc1ccccc1,8.397940008672037,1,
O=C1N[C@@H]2CCCCCCCCCCCC[C@H](NC2=O)C(=O)N2CCC[C@@H]2C(=O)N[C@H]1CCCCCSSc1ccccn1,5.309803919971486,1,
O=C1N[C@@H]2CCOCCSSCCCCC[C@@H]1NC(=O)[C@H]1CCCN1C(=O)[C@H](Cc1ccccc1)NC2=O,6.481486060122112,1,
O=C1Nc2cc(-c3cn(Cc4ccc(-c5nnc(C(F)F)o5)cc4)nn3)ccc2C12CCNCC2,7.1249387366083,1,
O=C1Nc2cc(-c3cn(Cc4ccc(-c5nnc(C(F)F)o5)cc4)nn3)ccc2NC12CCNCC2,7.142667503568731,1,
O=C1Nc2cc(-c3cn(Cc4ccc(-c5nnc(C(F)F)o5)cn4)nn3)ccc2C12CCCC2,7.337242168318426,1,
O=C1Nc2cc(-c3cn(Cc4ccc(-c5nnc(C(F)F)o5)cn4)nn3)ccc2NC12CCNCC2,7.721246399047171,1,
O=C1Nc2cc(-c3nnn(Cc4ccc(-c5nnc(C(F)F)o5)cc4)n3)ccc2NC12CCCC2,6.982966660701219,1,
O=C1Nc2cc(-c3nnn(Cc4ccc(-c5nnc(C(F)F)o5)cc4)n3)ccc2NC12CCCCC2,6.876148359032914,1,
O=C1Nc2ccc(-c3cn(Cc4ccc(-c5nnc(C(F)F)o5)cc4)nn3)cc2C12CCCC2,7.568636235841012,1,
O=C1Nc2ccc(-c3cn(Cc4ccc(-c5nnc(C(F)F)o5)cc4)nn3)cc2C12CCNC2,7.6777807052660805,1,
O=C1Nc2ccc(-c3cn(Cc4ccc(-c5nnc(C(F)F)o5)cc4)nn3)cc2C12CCNCC2,7.698970004336019,1,
O=C1Nc2ccc(-c3cn(Cc4ccc(-c5nnc(C(F)F)o5)cc4)nn3)cc2NC12CCNCC2,7.366531544420414,1,
O=C1Nc2ccc(-c3cn(Cc4ccc(-c5nnc(C(F)F)o5)cn4)nn3)cc2C12CCCC2,8.096910013008056,1,
O=C1Nc2ccc(-c3cn(Cc4ccc(-c5nnc(C(F)F)o5)cn4)nn3)cc2C12CCNC2,7.922331981267469,2,0.05130106872039133
O=C1Nc2ccc(-c3cn(Cc4ccc(-c5nnc(C(F)F)o5)cn4)nn3)cc2C12CCNCC2,7.958607314841775,1,
O=C1Nc2ccc(-c3cn(Cc4ccc(-c5nnc(C(F)F)o5)cn4)nn3)cc2NC12CCNCC2,7.795880017344075,1,
O=C1Nc2ccc(-c3cn(Cc4ccc(-c5nnc(C(F)F)o5)cn4)nn3)cc2[C@@]12CCNC2,7.657577319177793,1,
O=C1Nc2ccc(-c3nnn(Cc4ccc(-c5nnc(C(F)F)o5)cc4)n3)cc2NC12CCCC2,7.376750709602099,1,
O=C1Nc2ccc(-c3nnn(Cc4ccc(-c5nnc(C(F)F)o5)cc4)n3)cc2NC12CCCCC2,7.154901959985743,1,
O=C1Nc2ccc(-c3nnn(Cc4ccc(-c5nnc(C(F)F)o5)cn4)n3)cc2NC12CCCC2,8.045757490560675,1,
O=C1Nc2ccc(F)cc2C1Cc1ccc(-c2noc(C(F)(F)F)n2)cc1,7.301029995663981,1,
O=C1Nc2ccccc2CC1NCc1ccc(-c2noc(C(F)(F)F)n2)cn1,7.769551078621726,1,
O=C1OC[C@@H](c2ccccc2)N1c1cc(F)c(-c2noc(C(F)(F)F)n2)cc1F,8.2518119729938,1,
O=C1OC[C@@H](c2ccccc2)N1c1ccc(-c2noc(C(F)(F)F)n2)c(F)c1,7.853871964321762,1,
O=C1OC[C@@H](c2ccccc2)N1c1ncc(-c2nnc(C(F)F)o2)s1,7.070581074285708,3,0.0
O=C1OC[C@H](c2ccccc2)N1c1ncc(-c2nnc(C(F)F)o2)s1,5.047207556955907,3,0.0
O=C1c2cc(F)ccc2CCN1Cc1ccc(-c2noc(C(F)(F)F)n2)cn1,7.585026652029182,1,
O=C1c2ccc(Br)cc2C2(CCC2)C(=O)N1Cc1ccc(-c2nnc(C(F)F)o2)cn1,7.318758762624412,1,
O=C1c2ccc(Br)cc2C2(CCCCC2)C(=O)N1Cc1ccc(-c2nnc(C(F)F)o2)cn1,6.8297382846050425,1,
O=C1c2ccccc2C(=O)N1Cc1ccc(-c2nnc(C(F)F)o2)cc1,6.58838029403677,1,
O=C1c2ccccc2C(=O)N1Cc1ccc(-c2nnc(C(F)F)o2)cc1F,6.251037138743838,1,
O=C1c2ccccc2C(=O)N1Cc1ccc(-c2nnc(C(F)F)o2)cn1,7.2441251443275085,1,
O=C1c2ccccc2C2(CCC2)C(=O)N1Cc1ccc(-c2nnc(C(F)F)o2)cc1,6.289882634888183,1,
O=C1c2ccccc2C2(CCC2)C(=O)N1Cc1ccc(-c2nnc(C(F)F)o2)cc1F,6.497572880015568,1,
O=C1c2ccccc2C2(CCC2)C(=O)N1Cc1ccc(-c2nnc(C(F)F)o2)cn1,7.494850021680094,1,
O=CN(CC1CCN(c2ncc(C(=O)NO)cn2)CC1)C1(C(=O)NCCc2c[nH]c3ccccc23)CCNC1,6.619788758288394,1,
O=CN(CC1CCN(c2ncc(C(=O)NO)cn2)CC1)C1(C(=O)NCc2ccccc2)CCNC1,6.6020599913279625,1,
O=CN(O)CCCCCC(=O)Nc1ccccc1,5.552841968657781,1,
O=CN(O)CCCCCC(C(=O)Nc1ccc2ncccc2c1)C(=O)Nc1ccc2ncccc2c1,6.166273523555023,2,0.05845621629785787
O=CN(O)CCCCCC(C(=O)Nc1cnc2ccccc2c1)C(=O)Nc1cnc2ccccc2c1,6.060566831521637,2,0.06694684176051402
O=CN(O)CCCCCCCC(=O)Nc1ccc2ccccc2c1,5.719449308175472,2,0.45468281178683023
O=CN(O)CCCCCCCC(=O)Nc1cccc2ccccc12,4.904834150914854,2,0.8539080253730142
O=CN(O)CCCCCCCC(=O)Nc1ccccc1,5.406239639581768,2,0.2073270020547802
O=CN(O)CCCCCNC(=O)CCc1ccccc1,4.522878745280337,1,
O=CN(O)CCCCCNC(=O)c1ccc2ccccc2c1,5.789198036565084,2,0.6118605061674991
O=CN(O)CCCCCNC(=O)c1ccccc1,5.366531544420413,1,
O=CN/N=C/c1ccc(NS(=O)(=O)c2ccc(-c3ccccc3)cc2)cc1O,3.5346171485515816,1,
O=Cc1ccc(-c2ccccc2)c(-c2ccccc2)c1O,6.555955204081924,1,
O=NC(Cc1cc(Br)c(O)c(Br)c1)C(=O)NCCS,6.102372908709558,1,
O=NC(Cc1cc(Br)cc([N+](=O)[O-])c1)C(=O)NCCS,6.130768280269024,1,
O=NC(Cc1ccc(F)c(Br)c1)C(=O)NCCS,6.1938200260161125,1,
O=NC(Cc1ccc(F)cc1)C(=O)NCCS,5.537602002101044,1,
O=NC(Cc1ccc(O)c(Br)c1)C(=O)NCCC(=O)NO,6.869487583003801,2,0.209644692853711
O=NC(Cc1ccc(O)c(Br)c1)C(=O)NCCCC(=O)NO,5.769551078621726,1,
O=NC(Cc1ccc(O)c(Br)c1)C(=O)NCCS,6.230713133096572,2,0.301205379163167
O=NC(Cc1ccc(O)c(Br)c1)C(=O)NCCSSCCNC(=O)C(Cc1ccc(O)c(Br)c1)N=O,6.442996707923337,5,0.8748314574831214
O=NC(Cc1ccc(O)cc1)C(=O)NCCS,5.769551078621726,1,
O=NC(Cc1cccc([N+](=O)[O-])c1)C(=O)NCCS,5.920818753952375,1,
O=NC(Cc1ccccc1)C(=O)NCCS,5.481486060122112,1,
O=S(=O)(C(F)F)N(Cc1ncc(-c2nnc(C(F)F)o2)s1)c1ccc(F)cn1,7.0655015487564325,3,0.0
O=S(=O)(C(F)F)N(Cc1ncc(-c2nnc(C(F)F)o2)s1)c1ccc(F)nc1,7.0655015487564325,1,
O=S(=O)(C(F)F)N(Cc1ncc(-c2nnc(C(F)F)o2)s1)c1cccnc1,7.180456064458131,3,0.0
O=S(=O)(C1CC1)N(CC(Nc1ncc(-c2nnc(C(F)F)o2)cn1)c1ccc(F)cc1F)CC(F)(F)F,6.795880017344075,1,
O=S(=O)(C1CC1)N(CC(Nc1ncc(-c2nnc(C(F)F)o2)cn1)c1ccc(OC(F)(F)F)cc1)CC(F)(F)F,6.236572006437063,1,
O=S(=O)(C1CC1)N(CC(Nc1ncc(-c2nnc(C(F)F)o2)cn1)c1ccc(OC(F)F)cc1F)CC(F)(F)F,6.552841968657781,1,
O=S(=O)(C1CC1)N(C[C@@H](Nc1ncc(-c2nnc(C(F)F)o2)cn1)c1ccc(F)cc1)CC(F)(F)F,6.958607314841775,1,
O=S(=O)(C1CC1)N(C[C@H](Nc1ncc(-c2nnc(C(F)F)o2)cn1)c1ccc(F)cc1)CC(F)(F)F,6.795880017344075,1,
O=S(=O)(C1CC1)N(Cc1cc(-c2nnc(C(F)F)o2)no1)c1cccc(Cl)c1,7.657577319177793,1,
O=S(=O)(C1CC1)N(Cc1nc(-c2nnc(C(F)F)o2)co1)c1cccc(Cl)c1,5.096910013008056,3,0.0
O=S(=O)(C1CC1)N(Cc1nc(-c2nnc(C(F)F)o2)cs1)c1cccc(Cl)c1,6.11975822410452,3,0.0
O=S(=O)(C1CC1)N(Cc1ncc(-c2nnc(C(F)F)o2)s1)c1ccc(OC(F)F)nc1,7.318758762624412,3,0.0
O=S(=O)(C1CC1)N(Cc1ncc(-c2nnc(C(F)F)o2)s1)c1cccc(Cl)c1,8.3767507096021,3,0.0
O=S(=O)(C1CC1)N(Cc1ncc(-c2nnc(C(F)F)o2)s1)c1cccnc1,7.443697499232712,3,0.0
O=S(=O)(C1CC1)N(Cc1ncc(-c2nnc(C(F)F)o2)s1)c1cncc(F)c1,7.853871964321762,3,0.0
O=S(=O)(C1CC1)N(Cc1ncc(-c2nnc(C(F)F)o2)s1)c1cnccn1,7.7447274948966935,3,0.0
O=S(=O)(C1CC1)N(Cc1ncc(-c2noc(C(F)(F)F)n2)s1)c1cccc(Cl)c1,6.060980223551334,3,0.0
O=S(=O)(CC(F)(F)F)NCC(Nc1ncc(-c2nnc(C(F)F)o2)cn1)c1ccc(F)cc1,7.142667503568731,1,
O=S(=O)(CC(F)(F)F)NC[C@H](Nc1ncc(-c2nnc(C(F)F)o2)cn1)c1ccc(F)cc1,7.537602002101044,1,
O=S(=O)(CCCN1CCOCC1)N(Cc1ncc(-c2nnc(C(F)F)o2)s1)c1cccnc1,6.287350298372789,1,
O=S(=O)(CCCN1CCOCC1)N(Cc1ncc(-c2nnc(C(F)F)o2)s1)c1cncc(Cl)c1,6.505845405981557,1,
O=S(=O)(CCN1C2COCC1C2)N(Cc1ccc(F)cn1)Cc1ncc(-c2nnc(C(F)F)o2)s1,7.7447274948966935,1,
O=S(=O)(CCN1C2COCC1C2)N(Cc1ncc(-c2nnc(C(F)F)o2)s1)c1cccnc1,7.886056647693163,3,0.0
O=S(=O)(CCN1C2COCC1C2)N(Cc1ncc(-c2nnc(C(F)F)o2)s1)c1cncc(Cl)c1,7.795880017344075,3,0.0
O=S(=O)(CCN1C2COCC1C2)N(Cc1ncc(-c2nnc(C(F)F)o2)s1)c1cncc(F)c1,7.7447274948966935,3,0.0
O=S(=O)(CCN1CC2CC(C1)O2)N(Cc1ccccn1)Cc1ncc(-c2nnc(C(F)F)o2)s1,7.853871964321762,1,
O=S(=O)(CCN1CC2CC(C1)O2)N(Cc1ncc(-c2nnc(C(F)F)o2)s1)c1cccnc1,7.853871964321762,3,0.0
O=S(=O)(CCN1CC2CC(C1)O2)N(Cc1ncc(-c2nnc(C(F)F)o2)s1)c1cncc(Cl)c1,7.920818753952375,3,0.0
O=S(=O)(CCN1CC2CC(C1)O2)N(Cc1ncc(-c2nnc(C(F)F)o2)s1)c1cncc(F)c1,7.769551078621727,3,0.0
O=S(=O)(CCN1CC2COCC2C1)N(Cc1ncc(-c2nnc(C(F)F)o2)s1)c1cccnc1,7.657577319177793,3,0.0
O=S(=O)(CCN1CC2COCC2C1)N(Cc1ncc(-c2nnc(C(F)F)o2)s1)c1cncc(F)c1,8.0,3,0.0
O=S(=O)(CCN1CCCOCC1)N(Cc1ncc(-c2nnc(C(F)F)o2)s1)c1cccnc1,7.698970004336019,3,0.0
O=S(=O)(CCN1CCCOCC1)N(Cc1ncc(-c2nnc(C(F)F)o2)s1)c1cncc(F)c1,7.552841968657781,3,0.0
O=S(=O)(CCN1CCOCC1)N(Cc1ncc(-c2nnc(C(F)F)o2)s1)c1cccnc1,7.769551078621727,3,0.0
O=S(=O)(CCN1CCOCC1)N(Cc1ncc(-c2nnc(C(F)F)o2)s1)c1cncc(Cl)c1,8.596879478824182,3,0.0
O=S(=O)(CCN1CCOCC1)N(Cc1ncc(-c2nnc(C(F)F)o2)s1)c1cncc(F)c1,7.823908740944319,3,0.0
O=S(=O)(CCN1CCOCC1)N(Cc1ncc(-c2nnc(C(F)F)o2)s1)c1cncc(OC(F)F)c1,7.7447274948966935,3,0.0
O=S(=O)(CCN1C[C@@H]2C[C@H]1CO2)N(Cc1ncc(-c2nnc(C(F)F)o2)s1)c1cccnc1,7.6020599913279625,3,0.0
O=S(=O)(CCN1C[C@@H]2C[C@H]1CO2)N(Cc1ncc(-c2nnc(C(F)F)o2)s1)c1cncc(Cl)c1,7.795880017344075,3,0.0
O=S(=O)(CCN1C[C@@H]2C[C@H]1CO2)N(Cc1ncc(-c2nnc(C(F)F)o2)s1)c1cncc(F)c1,7.6777807052660805,3,0.0
O=S(=O)(CCN1C[C@H]2C[C@@H]1CO2)N(Cc1ncc(-c2nnc(C(F)F)o2)s1)c1cccnc1,7.301029995663981,3,0.0
O=S(=O)(CCN1C[C@H]2C[C@@H]1CO2)N(Cc1ncc(-c2nnc(C(F)F)o2)s1)c1cncc(Cl)c1,7.795880017344075,3,0.0
O=S(=O)(CCN1C[C@H]2C[C@@H]1CO2)N(Cc1ncc(-c2nnc(C(F)F)o2)s1)c1cncc(F)c1,7.823908740944319,3,0.0
O=S(=O)(N1CCN(C2COC2)CC1)N(Cc1ccc(-c2nnc(C(F)(F)F)o2)cc1F)c1ccccc1,4.321864187066965,1,
O=S(=O)(N1CCN(C2COC2)CC1)N(Cc1ccc(-c2nnc(C(F)(F)F)o2)cn1)c1ccc(F)c(Cl)c1,7.853871964321762,1,
O=S(=O)(N1CCN(C2COC2)CC1)N(Cc1ccc(-c2nnc(C(F)(F)F)o2)cn1)c1ccccc1,4.380948430465833,1,
O=S(=O)(N1CCN(C2COC2)CC1)N(Cc1ccc(-c2nnc(C(F)F)o2)cc1)c1ccc(F)c(Cl)c1,4.2806438495401125,1,
O=S(=O)(N1CCNCC1)N(Cc1ccc(-c2nnc(C(F)(F)F)o2)cc1F)c1cccc(F)c1,4.381878654974379,1,
O=S(=O)(N1CCNCC1)N(Cc1ccc(-c2nnc(C(F)(F)F)o2)cc1F)c1ccccc1,4.11911784031935,1,
O=S(=O)(N1CCNCC1)N(Cc1ccc(-c2nnc(C(F)(F)F)o2)cc1F)c1cccnc1,7.356547323513812,1,
O=S(=O)(N1CCOCC1)N(Cc1ncc(-c2nnc(C(F)F)o2)s1)c1ccc(F)c(Cl)c1,7.327902142064282,3,0.0
O=S(=O)(N1CCOCC1)N(Cc1ncc(-c2nnc(C(F)F)o2)s1)c1cccc(Cl)c1,8.301029995663981,3,0.0
O=S(=O)(N1CCOCC1)N(Cc1ncc(-c2nnc(C(F)F)o2)s1)c1cccnc1,5.374687549038325,3,0.0
O=S(=O)(NCC(Nc1ncc(-c2nnc(C(F)F)o2)cn1)c1ccc(F)cc1)C1CC1,7.552841968657781,1,
O=S(=O)(NCC(Nc1ncc(-c2nnc(C(F)F)o2)cn1)c1ccc(F)cc1)c1ccccc1,7.301029995663981,1,
O=S(=O)(NCC(Nc1ncc(-c2nnc(C(F)F)o2)cn1)c1ccc(F)cc1F)C1CC1,7.455931955649724,1,
O=S(=O)(NCC(Nc1ncc(-c2nnc(C(F)F)o2)cn1)c1ccc(OC(F)(F)F)cc1)C1CC1,7.292429823902063,1,
O=S(=O)(NCC(Nc1ncc(-c2nnc(C(F)F)o2)cn1)c1ccc(OC(F)F)cc1F)C1CC1,7.638272163982407,1,
O=S(=O)(NCCCO)c1ccc(-c2noc(C(F)(F)F)n2)cc1,5.508638306165727,1,
O=S(=O)(NCc1ccccc1)c1ccc(-c2noc(C(F)(F)F)n2)cc1,5.356547323513812,1,
O=S(=O)(N[C@@H]1CCCC[C@H]1N1Cc2ccc(-c3nnc(C(F)F)o3)cc2S1(=O)=O)C1CC1,6.8124792791635365,1,
O=S(=O)(Nc1ccc(Cl)cc1)c1ccc(-c2noc(C(F)(F)F)n2)cc1,5.698970004336019,1,
O=S(=O)(Nc1ccc(F)cc1)c1ccc(-c2noc(C(F)(F)F)n2)cc1,6.356547323513812,1,
O=S(=O)(Nc1cccc(Cl)c1)c1ccc(-c2noc(C(F)(F)F)n2)cc1,6.337242168318426,1,
O=S(=O)(Nc1ccccc1)c1ccc(-c2noc(C(F)(F)F)n2)cc1,6.3979400086720375,1,
O=S(=O)(Nc1ccccc1)c1cccc(-c2noc(C(F)(F)F)n2)c1,6.920818753952375,1,
O=S(=O)(Nc1ccccc1Cl)c1ccc(-c2noc(C(F)(F)F)n2)cc1,6.113509274827518,1,
O=S(=O)(Nc1ccccc1F)c1ccc(-c2noc(C(F)(F)F)n2)cc1,6.236572006437063,1,
O=S1(=O)CCC(S(=O)(=O)N(Cc2ccc(-c3noc(C(F)(F)F)n3)cc2)c2cccc(C(F)(F)F)c2)C1,7.251811972993799,1,
O=S1(=O)CCCN1C[C@@H](Nc1ncc(-c2nnc(C(F)F)o2)cn1)c1ccc(F)cc1,6.823908740944319,1,
O=S1(=O)CCCN1C[C@H](Nc1ncc(-c2nnc(C(F)F)o2)cn1)c1ccc(F)cc1,7.431798275933005,1,
O=S1(=O)CCN(C(=S)N(Cc2ccc(-c3nnc(C(F)F)o3)cn2)c2ccccc2)CC1,7.508638306165727,1,
O=S1(=O)CCN(S(=O)(=O)N(Cc2ccc(-c3nnc(C(F)F)o3)cn2)c2ccc(F)c(Cl)c2)CC1,4.3077084164055695,1,
O=S1(=O)CCN(S(=O)(=O)N(Cc2ncc(-c3nnc(C(F)F)o3)s2)c2cccc(Cl)c2)CC1,7.657577319177793,3,0.0
O=S1(=O)c2cc(-c3nnc(C(F)F)o3)ccc2CN1C(c1ccccn1)[C@@H](O)c1ccccn1,7.042881326116129,2,0.5336323838301761
O=S1(=O)c2cc(-c3nnc(C(F)F)o3)ccc2CN1C(c1ccccn1)[C@H](O)c1ccccn1,6.912926467451484,2,0.07021150967408679
O=S1(=O)c2cc(-c3nnc(C(F)F)o3)ccc2CN1Cc1cccc(Cl)c1,6.309803919971486,1,
O=S1(=O)c2cc(-c3nnc(C(F)F)o3)ccc2CN1[C@@H](c1ccc(F)cn1)[C@@H](O)c1ccc(F)cn1,6.2335871528876,1,
O=S1(=O)c2cc(-c3nnc(C(F)F)o3)ccc2CN1[C@@H](c1ccc(F)cn1)[C@H](O)c1ccc(F)cn1,6.8794260687941495,1,
O=S1(=O)c2cc(-c3nnc(C(F)F)o3)ccc2CN1[C@@H](c1ccccn1)[C@@H](O)c1ccc(F)cn1,6.6777807052660805,1,
O=S1(=O)c2cc(-c3nnc(C(F)F)o3)ccc2CN1[C@@H](c1ccccn1)[C@H](O)c1ccc(F)cn1,7.366531544420414,1,
O=S1(=O)c2cc(-c3nnc(C(F)F)o3)ccc2CN1[C@@H](c1cnccn1)[C@@H](O)c1cnccn1,6.688246138944246,1,
O=S1(=O)c2cc(-c3nnc(C(F)F)o3)ccc2CN1[C@@H](c1cnccn1)[C@H](O)c1cnccn1,6.8297382846050425,1,
O=S1(=O)c2cc(-c3nnc(C(F)F)o3)ccc2CN1[C@@H](c1ncccn1)[C@@H](O)c1ncccn1,6.645891560852599,1,
O=S1(=O)c2cc(-c3nnc(C(F)F)o3)ccc2CN1[C@@H](c1ncccn1)[C@H](O)c1ncccn1,6.54515513999149,1,
O=S1(=O)c2cc(-c3nnc(C(F)F)o3)ccc2CN1[C@@H]1CCCC[C@H]1NS(=O)(=O)C(F)(F)F,6.761953896871205,1,
O=S1(=O)c2cc(-c3nnc(C(F)F)o3)ccc2CN1[C@@H]1CCCC[C@H]1O,6.1295960947209736,1,
O=S1(=O)c2cc(-c3nnc(C(F)F)o3)ccc2CN1[C@@H]1CCOC[C@H]1O,6.086186147616283,1,
O=S1(=O)c2cc(-c3nnc(C(F)F)o3)ccc2CN1[C@H](c1ccc(F)cn1)[C@@H](O)c1ccc(F)cn1,6.175223537524454,1,
O=S1(=O)c2cc(-c3nnc(C(F)F)o3)ccc2CN1[C@H](c1ccc(F)cn1)[C@H](O)c1ccc(F)cn1,6.795880017344075,1,
O=S1(=O)c2cc(-c3nnc(C(F)F)o3)ccc2CN1[C@H](c1ccccn1)[C@@H](O)c1ccc(F)cn1,6.94692155651658,1,
O=S1(=O)c2cc(-c3nnc(C(F)F)o3)ccc2CN1[C@H](c1ccccn1)[C@H](O)c1ccc(F)cn1,7.638272163982407,1,
O=S1(=O)c2cc(-c3nnc(C(F)F)o3)ccc2CN1[C@H](c1cnccn1)[C@@H](O)c1cnccn1,6.860120913598763,1,
O=S1(=O)c2cc(-c3nnc(C(F)F)o3)ccc2CN1[C@H](c1cnccn1)[C@H](O)c1cnccn1,7.130768280269024,1,
O=S1(=O)c2cc(-c3nnc(C(F)F)o3)ccc2CN1[C@H](c1ncccn1)[C@@H](O)c1ncccn1,6.96657624451305,1,
O=S1(=O)c2cc(-c3nnc(C(F)F)o3)ccc2CN1[C@H](c1ncccn1)[C@H](O)c1ncccn1,6.636388020107855,1,
O=S1(=O)c2cc(-c3nnc(C(F)F)o3)ccc2CN1c1ccccc1-c1ccccn1,6.347753658996677,1,
O=[N+]([O-])c1ccccc1-c1nnn(Cc2ccc(-c3nnc(C(F)F)o3)cc2)n1,7.1938200260161125,1,
O=c1[nH]c2cc(-c3nnn(Cc4ccc(-c5nnc(C(F)F)o5)cc4)n3)ccc2o1,6.772113295386326,1,
O=c1[nH]c2ccc(-c3nnn(Cc4ccc(-c5nnc(C(F)F)o5)cc4)n3)cc2[nH]1,7.102372908709558,1,
O=c1[nH]c2ccc(F)cc2c(=O)n1Cc1ccc(-c2nnc(C(F)F)o2)cn1,7.207608310501746,1,
O=c1[nH]c2ccccc2c(=O)n1Cc1ccc(-c2nnc(C(F)F)o2)cn1,7.275724130399211,1,
O=c1[nH]c2ccccc2n(Cc2ccc(-c3noc(C(F)(F)F)n3)cn2)c1=O,8.468521082957745,1,
O=c1c(N(Cc2ccc(-c3nnc(C(F)F)o3)cc2F)c2ccccc2)c(N2C[C@@H]3C[C@H]2CN3C2COC2)c1=O,7.619788758288394,1,
O=c1c(N(Cc2ccc(-c3nnc(C(F)F)o3)cn2)c2ccccc2)c(N2C[C@@H]3C[C@H]2CN3C2COC2)c1=O,7.366531544420414,1,
O=c1c(N(Cc2ncc(-c3nnc(C(F)F)o3)cc2F)c2ccccc2)c(N2C[C@@H]3C[C@H]2CN3C2COC2)c1=O,7.267606240177031,1,
O=c1c(N2CC3(C2)CN(C2COC2)C3)c(N(Cc2ccc(-c3nnc(C(F)F)o3)cc2F)c2ccccc2)c1=O,7.251811972993799,1,
O=c1c(N2CCN(C3COC3)CC2)c(N(Cc2ccc(-c3nnc(C(F)F)o3)cc2F)c2ccc(F)c(F)c2)c1=O,7.301029995663981,1,
O=c1c(N2CCOCC2)c(N(Cc2ccc(-c3nnc(C(F)(F)F)o3)cc2)c2ccccc2)c1=O,6.79317412396815,1,
O=c1c(N2CCOCC2)c(N(Cc2ccc(-c3nnc(C(F)F)o3)cc2F)c2ccccc2)c1=O,7.585026652029182,1,
O=c1c(N2CCS(=O)(=O)CC2)c(N(Cc2ccc(-c3nnc(C(F)F)o3)cc2)c2ccccc2)c1=O,7.537602002101044,1,
O=c1c(N2CCS(=O)(=O)CC2)c(N(Cc2ccc(-c3nnc(C(F)F)o3)cc2F)c2ccccc2)c1=O,7.568636235841012,1,
O=c1c(N2CCS(=O)(=O)CC2)c(N(Cc2ncc(-c3nnc(C(F)F)o3)cc2F)c2ccccc2)c1=O,7.494850021680094,1,
O=c1c2cc(F)ccc2n(CCN2CCCCC2)c(=O)n1Cc1ccc(-c2nnc(C(F)F)o2)cn1,6.823908740944319,1,
O=c1c2ccccc2[se]n1-c1ccccc1,5.340423940953836,3,0.5147308239685011
O=c1c2ccccc2n(CC2CCN(C3COC3)CC2)c(=O)n1Cc1ccc(-c2nnc(C(F)F)o2)cn1,6.590066876668706,1,
O=c1c2ccccc2n(CCN2CCCCC2)c(=O)n1Cc1ccc(-c2nnc(C(F)F)o2)cc1,5.99097425791309,1,
O=c1c2ccccc2n(CCN2CCCCC2)c(=O)n1Cc1ccc(-c2nnc(C(F)F)o2)cc1F,6.341988603342887,1,
O=c1c2ccccc2n(CCN2CCCCC2)c(=O)n1Cc1ccc(-c2nnc(C(F)F)o2)cn1,6.899629454882437,1,
O=c1c2ccccc2n(CCN2CCOCC2)c(=O)n1Cc1ccc(-c2nnc(C(F)F)o2)cn1,6.798602875679549,1,
O=c1c2ccccc2n(CCn2cccn2)c(=O)n1Cc1ccc(-c2nnc(C(F)F)o2)cn1,6.5638373529592435,1,
O=c1c2ccccc2n(Cc2ccc(-c3nnc(C(F)F)o3)cn2)c(=O)n1CCc1ccccc1,6.85078088734462,1,
O=c1c2ccccc2n(Cc2ccc(-c3nnc(C(F)F)o3)cn2)c(=O)n1Cc1ccc(-c2nnc(C(F)F)o2)cn1,7.3979400086720375,1,
O=c1cc(-c2nnc(C(F)(F)F)o2)cc[nH]1,5.958607314841775,1,
O=c1cc(-c2nnc(C(F)(F)F)o2)ccn1CCc1ccccc1,5.366531544420413,1,
O=c1cc(-c2nnc(C(F)F)o2)cc[nH]1,6.09151498112135,1,
O=c1cc(-c2nnc(C(F)F)o2)ccn1CCOc1cc(F)cc(F)c1,8.522878745280337,1,
O=c1cc(-c2nnc(C(F)F)o2)ccn1CCOc1cccc(F)c1,8.698970004336019,1,
O=c1cc(-c2nnc(C(F)F)o2)ccn1CCc1ccccc1,6.610833915635467,1,
O=c1cc(-c2nnc(C(F)F)o2)ccn1C[C@@H]1C[C@H]1c1ccccc1,7.638272163982407,1,
O=c1cc(-c2nnc(C(F)F)o2)ccn1Cc1ccccc1,6.4723700991286615,1,
O=c1cc(-c2nnc(C(F)F)o2)ccn1Cc1ccnc(C2CC2)c1,6.987162775294828,1,
O=c1cc(-c2nnc(C(F)F)o2)cnn1CCOc1cccc(F)c1,8.045757490560675,1,
O=c1ccc2ccc(Br)cc2n1Cc1ccc(-c2noc(C(F)(F)F)n2)cc1,7.6777807052660805,1,
O=c1ccc2ccc(C(F)(F)F)cc2n1Cc1ccc(-c2noc(C(F)(F)F)n2)cn1,8.065501548756432,1,
O=c1ccc2ccc(F)cc2n1Cc1ccc(-c2noc(C(F)(F)F)n2)cc1,7.958607314841775,1,
O=c1ccc2ccccc2n1Cc1ccc(-c2nnc(C(F)F)o2)cc1,6.721246399047171,2,0.0
O=c1ccc2ccccc2n1Cc1ccc(-c2noc(C(F)(F)F)n2)cc1,7.508638306165727,1,
O=c1ccc2ccccc2n1Cc1ccc(-c2noc(C(F)(F)F)n2)cn1,8.346787486224656,1,
O=c1ccc2ccccc2n1Cc1ncc(-c2noc(C(F)(F)F)n2)cn1,7.585026652029182,1,
O=c1ccc2cnccc2n1Cc1ccc(-c2noc(C(F)(F)F)n2)cn1,7.721246399047171,1,
O=c1cnc2ccccc2n1Cc1ccc(-c2noc(C(F)(F)F)n2)cn1,8.05551732784983,1,
O=c1n(-c2ccccc2)cnn1Cc1ccc(-c2nnc(C(F)F)o2)cc1,5.933674074637962,1,
OCC1CC(c2ccccc2)N(c2ccc(-c3noc(C(F)(F)F)n3)cn2)C1,7.036212172654444,1,
OCC1CCC(c2ccccc2)N(c2ccc(-c3noc(C(F)(F)F)n3)cn2)C1,7.130768280269024,1,
OCCn1cc2cc(NCc3ccc(-c4noc(C(F)(F)F)n4)cc3)ccc2n1,7.113509274827518,1,
OCc1cc(NCc2ccc(-c3noc(C(F)(F)F)n3)cn2)ccc1F,7.769551078621726,1,
OCc1cccc(NCc2ccc(-c3noc(C(F)(F)F)n3)cc2)c1,7.537602002101044,1,
OCc1ccnc(NCc2ccc(-c3noc(C(F)(F)F)n3)cc2)n1,7.309803919971486,1,
OCc1ccnc(NCc2ccc(-c3noc(C(F)(F)F)n3)cn2)c1,7.769551078621726,1,
Oc1[nH]c2cnccc2c1Cc1ncc(-c2nnc(C(F)F)o2)s1,7.161150909262744,3,0.0
Oc1ccc(-c2cc(=S)ss2)cc1,6.346787486224656,2,0.0
Oc1ccc(-c2nnn(Cc3ccc(-c4nnc(C(F)F)o4)cc3)n2)cc1,7.6020599913279625,1,
Oc1ccc2c(-c3ccccc3)c(-c3ccccc3)ccc2c1,6.555955204081924,1,
Oc1ccc[nH]c1=S,6.166852888087215,2,0.0
Oc1cccn(CCCCCCCn2cc(-c3ccccc3)nn2)c1=S,6.019996628416253,1,
Oc1cccn(CCCCCn2cc(-c3ccccc3)nn2)c1=S,6.040481623027002,3,0.0
Oc1cccn(CCCCn2cc(-c3ccccc3)nn2)c1=S,5.964570261815451,2,0.0
Oc1cccn(CCCn2cc(-c3ccccc3)nn2)c1=S,5.440332721611942,2,0.0
Oc1cccn(Cc2ccc(-c3ccccc3)cc2)c1=S,6.072116589669293,2,0.0
Oc1cccn(Cc2ccc(-c3ccncc3)cc2)c1=S,5.656788409820253,2,0.0
Oc1cccn(Cc2ccc(Cn3cc(-c4ccccc4)nn3)cc2)c1=S,6.272458742971444,1,
Oc1cccn(Cc2ccccc2)c1=S,6.34008379993015,2,0.0
S=C1Sc2cc(Br)ccc2C2=NCCCN12,4.920818753952375,1,
S=C1Sc2cc(Cl)ccc2C2=NCCN12,5.045757490560675,1,
S=C1Sc2cccc(Br)c2C2=NCCN12,4.853871964321762,1,
S=C1Sc2cccc(Cl)c2C2=NCCCN12,5.161150909262744,1,
S=C1Sc2cccc(I)c2C2=NCCCN12,4.619788758288394,1,
S=C1Sc2ccccc2C2=NCCCN12,5.327902142064282,1,
SCCCCCCOc1ccccc1,4.958607314841775,2,0.0
[C-]#[N+]c1ccccc1-c1ccc(Cn2cccc(O)c2=S)cc1,6.429457060118103,1,
[C]C([C])=C(c1ccccc1)c1ccc(/[C]=[C]/C(=O)[N][O])cc1,5.593543321678572,2,0.012044389724419147
[C]C([C])=[C][C]c1c2c(c3occ(-c4ccc([O])c([O])c4)c(=O)c3c1[O])[C]=[C]C([C])([C])O2,5.978810700930062,1,
[C]C([C])=[C][C]c1c2c(c3occ(-c4ccc([O])cc4)c(=O)c3c1[O])[C]=[C]C([C])([C])O2,5.185086818724926,1,
[C]C([C])=[C]c1sc(-c2nccs2)nc1C(=O)[N][C][C][C][C]C(=O)[N][O],6.7447274948966935,1,
[C]C([C])=[C]c1sc(-c2nccs2)nc1C(=O)[N][C][C][C][N]C(=O)[C][S],6.7423214251308154,1,
[C]N([C])C(=Nc1ccc(-c2cn([C]c3ccc(-c4nnc([C](F)F)o4)cc3)nn2)cc1)N([C])[C],6.8124792791635365,1,
[C]Oc1cc(/[C]=[C]/C(=O)C([C]/[C]=C(\[C])[C][C][C]=C([C])[C])([C]/[C]=C(\[C])[C][C][C]=C([C])[C])C(=O)/[C]=[C]/c2ccc(O[C]/[C]=C(\[C])[C][C][C]=C([C])[C])c(O[C])c2)ccc1O[C]/[C]=C(\[C])[C][C][C]=C([C])[C],3.1045774539605917,1,
[C]Oc1cc(/[C]=[C]/C(=O)[C]([C]/[C]=C(\[C])[C][C][C]=C([C])[C])C(=O)/[C]=[C]/c2ccc(O[C]/[C]=C(\[C])[C][C][C]=C([C])[C])c(O[C])c2)ccc1O[C]/[C]=C(\[C])[C][C][C]=C([C])[C],3.663540266151471,1,
[C]Oc1cc(/[C]=[C]/C(=O)[C]C(=O)/[C]=[C]/c2ccc(O[C]/[C]=C(\[C])[C][C]/[C]=C(\[C])[C][C][C]=C([C])[C])c(O[C])c2)ccc1O[C]/[C]=C(\[C])[C][C]/[C]=C(\[C])[C][C][C]=C([C])[C],3.9136401693252516,1,
[C]Oc1cc(/[C]=[C]/C(=O)[C]C(=O)/[C]=[C]/c2ccc(O[C]/[C]=C(\[C])[C][C]/[C]=C(\[C])[C][C][C]=C([C])[C])c(O[C])c2)ccc1[O],4.0746879085003505,1,
[C]Oc1cc(/[C]=[C]/C(=O)[C]C(=O)/[C]=[C]/c2ccc(O[C]/[C]=C(\[C])[C][C][C]=C([C])[C])c(O[C])c2)ccc1O[C]/[C]=C(\[C])[C][C][C]=C([C])[C],3.7258421507363204,1,
[C]Oc1cc(/[C]=[C]/C(=O)[C]C(=O)/[C]=[C]/c2ccc(O[C]/[C]=C(\[C])[C][C][C]=C([C])[C])c(O[C])c2)ccc1[O],3.3053948010664316,1,
[C]Oc1cc(/[C]=[C]/C(=O)[C]C(=O)/[C]=[C]/c2ccc(O[C][C]=C([C])[C])c(O[C])c2)ccc1O[C][C]=C([C])[C],3.459670525209126,1,
[C]Oc1cc(/[C]=[C]/C(=O)[C]C(=O)/[C]=[C]/c2ccc(O[C][C]=C([C])[C])c(O[C])c2)ccc1[O],2.250263684430939,1,
[C][C@H]([C][C][C]C(=O)[N][O])[C@H]1[C][C][C@H]2/C(=[C]/[C]=C3[C][C@@H]([O])[C][C@H]([O])[C]3)[C][C][C][C@]12[C],5.031517051446064,1,
[C][C@H]([C][C][C]C(=O)[N]c1ccccc1[N])[C@H]1[C][C][C@H]2/C(=[C]/[C]=C3[C][C@@H]([O])[C][C@H]([O])[C]3)[C][C][C][C@]12[C],3.481486060122113,1,
[C][C@H]([C][C][C][C]C(=O)[N][O])[C@H]1[C][C][C@H]2/C(=[C]/[C]=C3[C][C@@H]([O])[C][C@H]([O])[C]3)[C][C][C][C@]12[C],5.522878745280337,1,
[C][C@H]([C][C][C][C]C(=O)[N]c1ccccc1[N])[C@H]1[C][C][C@H]2/C(=[C]/[C]=C3[C][C@@H]([O])[C][C@H]([O])[C]3)[C][C][C][C@]12[C],4.091247063455097,2,0.0003788927972146602
[C][C@H]([C][C][C][C][C][N]S([N])(=O)=O)[C@H]1[C][C][C@H]2/C(=[C]/[C]=C3[C][C@@H]([O])[C][C@H]([O])[C]3)[C][C][C][C@]12[C],4.5003129173815966,1,
[C][C@H]([C][C][C][C][N]C(=O)[C][S])[C@H]1[C][C][C@H]2/C(=[C]/[C]=C3[C][C@@H]([O])[C][C@H]([O])[C]3)[C][C][C][C@]12[C],5.756961951313706,1,
[C][C@H]([C][C][C][C][N]S(=O)(=O)C(F)(F)F)[C@H]1[C][C][C@H]2/C(=[C]/[C]=C3[C][C@@H]([O])[C][C@H]([O])[C]3)[C][C][C][C@]12[C],3.8153085691824016,1,
[C][C@H]([C][C][C][C][N]S(=O)(=O)c1ccccc1)[C@H]1[C][C][C@H]2/C(=[C]/[C]=C3[C][C@@H]([O])[C][C@H]([O])[C]3)[C][C][C][C@]12[C],3.533132379645891,1,
[C][C@H]([C][C][C][C][N]S([C])(=O)=O)[C@H]1[C][C][C@H]2/C(=[C]/[C]=C3[C][C@@H]([O])[C][C@H]([O])[C]3)[C][C][C][C@]12[C],3.718966632752273,1,
[C][C@H]([C][C][C][C][N]S([N])(=O)=O)[C@H]1[C][C][C@H]2/C(=[C]/[C]=C3[C][C@@H]([O])[C][C@H]([O])[C]3)[C][C][C][C@]12[C],4.297569463554475,1,
[C][C@H]([C][C][C][N]S([C])(=O)=O)[C@H]1[C][C][C@H]2/C(=[C]/[C]=C3[C][C@@H]([O])[C][C@H]([O])[C]3)[C][C][C][C@]12[C],4.146910470148135,1,
[C][C]([C])[C@H]([N]C(=O)[C@H]([C][C][C][C][N])[N]C(=O)[C@H]([C][C][C]N=C([N])[N])[N]C(=O)[C@H]([C][C][C][C][N])[N]C(=O)[C@H]([C][C][C][C][N])[C]C(=O)[C@H]([C][C][C][C][N])[N]C(=O)[C@@H]1[C][C][C]N1C(=O)[C][N]C(=O)[C][N]C(=O)[C][C][C]c1cn(-c2ccc(-c3cn([C][C][C][C][C]C(=O)[N][O])nn3)cc2)nn1)C(=O)[N][C]C(=O)[N][C]C([N])=O,6.2403321553103694,1,
[C][C]([C])[C@H]([N]C(=O)[C@H]([C][C][C][C][N])[N]C(=O)[C@H]([C][C][C]N=C([N])[N])[N]C(=O)[C@H]([C][C][C][C][N])[N]C(=O)[C@H]([C][C][C][C][N])[C]C(=O)[C@H]([C][C][C][C][N])[N]C(=O)[C@@H]1[C][C][C]N1C(=O)[C][N]C(=O)[C][N]C(=O)[C][C][C]c1cn(-c2ccc(-c3cn([C][C][C][C][C][C]C(=O)[N][O])nn3)cc2)nn1)C(=O)[N][C]C(=O)[N][C]C([N])=O,6.145086977692145,1,
[C][C]([C])[C@H]([N]C(=O)[C@H]([C][C][C][C][N])[N]C(=O)[C@H]([C][C][C]N=C([N])[N])[N]C(=O)[C@H]([C][C][C][C][N])[N]C(=O)[C@H]([C][C][C][C][N])[C]C(=O)[C@H]([C][C][C][C][N])[N]C(=O)[C@@H]1[C][C][C]N1C(=O)[C][N]C(=O)[C][N]C(=O)[C][C][C]c1cn(-c2ccc(-c3cn([C][C][C][C][C][C][C]C(=O)[N][O])nn3)cc2)nn1)C(=O)[N][C]C(=O)[N][C]C([N])=O,6.146301788223825,1,
[C][C]([C])[C][C@H]1[C]C(=O)[N][C@@H]([C][C][C]N=C([N])[N])C(=O)[N][C@@H]([C][C][C][C][C]C([O])=O)C(=O)[N][C@@H]([C]c2cccc3ccccc23)C(=O)[N]1,5.853871964321762,1,
[C][C][C][C]S(=O)(=O)[N][C][C][C][C][C@@H]([C])[C@H]1[C][C][C@H]2/C(=[C]/[C]=C3[C][C@@H]([O])[C][C@H]([O])[C]3)[C][C][C][C@]12[C],3.995678626217358,1,
[C][N]C(=O)C(=O)[C][C][C][C][C@@H]([C])[C@H]1[C][C][C@H]2/C(=[C]/[C]=C3[C][C@@H]([O])[C][C@H]([O])[C]3)[C][C][C][C@]12[C],4.1938200260161125,1,
[N-]=[N+]=NCc1cc(Cn2cc(NC(=O)CCCCCCC(=O)NO)cn2)cc(N=[N+]=[N-])c1,6.562249437179612,1,
[N-]=[N+]=NCc1cc(N=[N+]=[N-])cc(C(=O)Nc2ccc(-c3cc(C(=O)NCCCCCCC(=O)NO)no3)cc2)c1,7.327902142064282,1,
[N]C([N])=N[C][C][C][C@@H]1[N]C(=O)[C][C@H]([C][O])[N]C(=O)[C@H]([C]c2cccc3ccccc23)[N]C(=O)[C@H]([C][C][C][C][C]C([O])=O)[N]C1=O,5.634512015109101,1,
[N]C([N])=N[C][C][C][C@@H]1[N]C(=O)[C][C@H]([C]c2ccc([O])cc2)[N]C(=O)[C@H]([C]C([O])=O)[N]C(=O)[C@H]([C][C][C][C][C]C(=O)[N][O])[N]C1=O,7.4089353929735005,1,
[N]C([N])=N[C][C][C][C@@H]1[N]C(=O)[C][C@H]([C]c2ccc([O])cc2)[N]C(=O)[C@H]([C]c2cccc3ccccc23)[N]C(=O)[C@H]([C][C][C][C][C]C([O])=O)[N]C1=O,5.96657624451305,1,
[O][N]C(=O)[C][C][C][C][C]=C(c1ccccn1)c1ccccn1,7.167491087293763,1,
[O][N]C(=O)[C][C][C][C][C][C]=C(c1ccccn1)c1ccccn1,7.657577319177793,1,
[O][N]C(=O)[C][C][C][C][C][N]C(=O)[C]=C1c2ccccc2-c2ccccc21,8.698970004336019,1,
