canonical_smiles,pIC50,n_measurements,pIC50_std
Br.O=C(NO)c1ccc(Cn2cc(CN[C@@H]3C[C@H]3c3ccccc3)cn2)cc1,7.008773924307505,1,
Brc1cncs1,5.251811972993799,1,
C#CCN(C)CCCOc1cc(NC(=O)CCCCCCC(=O)NO)c(Cl)cc1Cl,5.7495799976911055,1,
C#CCN(C)CCCOc1cc(NC(=O)CCCCCCC(=O)NO)ccc1Cl,7.301029995663981,1,
C#CCN(C)CCCOc1cc(NC(=O)CCCCCCCC(=O)NO)ccc1Cl,5.950781977329818,1,
C#CCN(C)CCCOc1cc(NC(=O)CCCCCCCCC(=O)NO)ccc1Cl,5.605548319173783,1,
C#CCN(C)CCCOc1cc(NCc2ccc(/C=C/C(=O)NO)cc2)ccc1Cl,7.096910013008056,1,
C#CCN(C)CCCOc1cc(NCc2ccc(C(=O)NO)cc2)ccc1Cl,5.931814138253838,1,
C#CCN(C)CCCOc1ccc(NC(=O)CCCCCCC(=O)NO)cc1Cl,6.481486060122112,1,
C#CCN(C)CCCOc1cccc(NC(=O)CCCCCCC(=O)NO)c1Cl,5.8326826652518236,1,
C#CCN(C)Cc1cccc(NC(=O)CCCCCCC(=O)NO)c1,6.6777807052660805,1,
C#CCN1C(=O)CNC(=O)/C1=C/c1ccc(C(=O)NCCNC(=O)c2ccc(C(=O)NO)cc2)cc1,7.221631656644126,1,
C#CCN1C(=O)CNC(=O)/C1=C/c1ccc(C(=O)NCc2ccc(C(=O)NO)cc2)cc1,7.820735535660974,1,
C#CCN1C(=O)CNC(=O)/C1=C/c1ccc(C(=O)NO)cc1,6.307038575975984,1,
C#CCOc1ccc(/C=N/NC(=O)CCCCCCC(=O)NO)cc1,6.537602002101044,1,
C#CCOc1ccc(/C=N/NC(=O)c2cccc(C(=O)NO)c2)cc1,7.537602002101044,2,0.0
C#Cc1c[n+](C)ccc1NC(=O)CC(=O)N1Cc2ccccc2C1.[I-],4.761526248912963,2,0.750811036061948
C#Cc1c[n+](C)ccn1,4.538271431637897,8,0.8203316927518058
C#Cc1cc[n+](C)cc1,5.075373783377279,11,0.8760333182083311
C#Cc1ccc(C(=O)NO)s1,6.0,1,
C#Cc1ccc[n+](C)c1,5.086186147616283,1,
C#Cc1cccc(Nc2ncnc3cc(OC)c(OCCCCCCC(=O)NO)cc23)c1,7.09799710864927,1,
C#Cc1cccc(Nc2ncnc3ccc(S(=O)(=O)n4ccc(/C=C/C(=O)NO)c4)cc23)c1,6.229147988357855,1,
C#Cc1cccc[n+]1C,5.6777807052660805,1,
C#Cc1ccncc1,4.8996294548824375,1,
C#Cc1cn(C)[n+](C)c1,5.0,1,
C#Cc1cnc[n+](C)c1,4.6777807052660805,1,
C#Cc1nc(/C=C/C(=O)NO)cs1,5.7447274948966935,1,
C#Cc1nc(/C=C/C=C/C(=O)NO)cs1,6.173925197299173,1,
C#Cc1nc(/C=C/CCCCCC(=O)NO)cs1,6.568636235841012,1,
C#Cc1nc(/C=C\CCCCCC(=O)NO)cs1,6.327902142064282,1,
C#Cc1nc(C(=O)NCCCCCCC(=O)NO)cs1,6.494850021680094,1,
C#Cc1nccc[n+]1C,5.027701361889155,3,1.0536991265718127
C/C(=C\Cc1ccc(NS(=O)(=O)c2ccccc2)cc1)CC(=O)NO,5.698970004336019,1,
C/C(=N\N(C)C(=O)c1ccc(N(C)C)cc1)c1ccc(C(=O)NO)cc1,7.267606240177031,1,
C/C(=N\NC(=O)c1ccc(N(C)C)cc1)c1ccc(C(=O)NO)cc1,6.958607314841775,1,
C/C=C1\NC(=O)[C@@H](CS)NC(=O)[C@@H](C(C)C)NC(=O)C[C@@H](/C=C/CCS)OC(=O)[C@H](C(C)C)NC1=O,7.593543321678572,2,0.012044389724419147
C/C=C1\NC(=O)[C@H]2CSSCC/C=C/[C@H](CC(=O)N[C@H](C(C)C)C(=O)N2)OC(=O)[C@H](C(C)C)NC1=O,7.698970004336019,2,0.42572070254911626
C/C=C1\NC(=O)c2csc(n2)CNC(=O)C[C@@H](/C=C/CCS)OC(=O)[C@H](C(C)C)NC1=O,5.449771646944906,1,
C/C=C1\NC(=O)c2csc(n2)CNC(=O)C[C@@H](/C=C/CCSC(=O)CCCCCCC)OC(=O)[C@H](C(C)C)NC1=O,5.402304814074488,1,
C/C=C1\NC(=O)c2csc(n2)[C@@H](C(C)C)NC(=O)C[C@@H](/C=C/CCS)OC(=O)[C@H](C(C)C)NC1=O,5.5934598195660445,1,
C=C(C)[C@H](CC=C(C)C)C[C@]12C[C@H](CC=C(C)C)C(C)(C)[C@](CC=C(C)C)(C(=O)C(C(=O)c3ccc(O)c(O)c3)=C1O)C2=O,4.6020599913279625,1,
C=C(CCCCCCCC(=O)NO)c1ccc2ccccc2c1,8.096910013008056,1,
C=C(c1cc(OC)c(OC)c(OC)c1)c1ccc(OC)cc1/C=C/C(=O)NO,7.221848749616356,1,
C=C(c1cc(OC)c(OC)c(OC)c1)c1ccc2c(c1)c(/C=C/C(=O)NO)cn2C,6.619788758288394,1,
C=C(c1cc(OC)c(OC)c(OC)c1)c1ccc2c(c1)cc(/C=C/C(=O)NO)n2C,5.207608310501746,1,
C=C(c1ccc(OC)c(/C=C/C(=O)NO)c1)c1cc(OC)c(OC)c(OC)c1,6.468521082957745,2,0.0
C=C1C(=O)N(C)[C@H](C)[C@H](O)N1C(=O)/C=C/C=C\[C@@H](CO)[C@H](O)[C@H](C)CCC,6.045757490560675,1,
C=C1C(=O)O[C@@H]2C[C@@]3(C)CC[C@@H](OC(=O)[C@H](C)NC(=O)c4ccc(/C=C/C(=O)NO)cc4)C(=C)[C@@H]3C[C@H]12,5.848630149752539,1,
C=CCn1c(SCCCCCC(=O)NO)nnc1-c1ccncc1,4.956244873031321,1,
C=CCn1c(SCCCCCC(=O)Nc2ccccc2N)nnc1-c1ccncc1,5.232102383981909,1,
C=CCn1c(SCc2ccc(C(=O)NO)cc2)nnc1-c1ccncc1,4.547140664204147,1,
C=CCn1c(SCc2ccc(C(=O)Nc3ccccc3N)cc2)nnc1-c1ccncc1,4.648010544564368,1,
C=Cc1c[n+](C)ccn1,6.376750709602099,1,
C=Cc1cc[n+](C)cc1,5.468521082957745,1,
C=Cc1ccc[n+](C)c1,5.301029995663981,1,
C=Cc1cccc[n+]1C,6.0,1,
C=Cc1cnc[n+](C)c1,5.301029995663981,1,
CC(/C=C/C(=O)NO)=C\[C@@H](C)C(=O)c1ccc(N(C)C)cc1,6.443826699940528,58,0.6573101825357384
CC(/C=C/C(=O)NO)=C\[C@H](C)C(=O)c1ccc(N(C)C)cc1,6.102372908709558,1,
CC(/C=C/c1ccccc1)=C\C(=O)NCCCCCC(=O)NO,5.674422768059582,1,
CC(=O)CCCCC[C@H](NC(=O)C1CCCCN1C)C(=O)Nc1nc(-c2ccccc2)cs1,5.522878745280337,1,
CC(=O)CCCCC[C@H](NC1CCCCN1C)C(=O)Nc1nc(-c2ccccc2)cs1,5.522878745280337,1,
CC(=O)N(Cc1ccc(C(C)(C)C)cc1)c1ccc(C(=O)NO)cc1,7.068542129310995,1,
CC(=O)N1C(NCc2ccc(C(=O)Nc3ccccc3N)cc2)=NC(=O)C1Cc1c[nH]c2ccccc12,4.614393726401688,1,
CC(=O)N1C(NCc2ccc(C(=O)Nc3ccccc3N)cc2)=NC(=O)C1Cc1ccccc1,4.6439741428068775,1,
CC(=O)N1CCC(CNCc2ccc(-c3noc(C(F)(F)F)n3)cn2)CC1,5.42021640338319,1,
CC(=O)N1CCN(CC(=O)N(Cc2ccc(-c3noc(C(F)(F)F)n3)cc2)c2cccc(C(F)(F)F)c2)CC1,5.585026652029182,1,
CC(=O)N1CCN(c2cncc(-c3ccc4cnn(C(Cc5ccccc5)C(=O)NO)c4c3)c2)CC1,6.903089986991944,1,
CC(=O)NC(Cc1ccc(-c2noc(C(F)(F)F)n2)cn1)c1cccc(C(F)(F)F)c1,5.346787486224656,1,
CC(=O)NCCC(=O)N(Cc1ccc(-c2noc(C(F)(F)F)n2)cc1)c1cccc(C(F)(F)F)c1,5.638272163982407,1,
CC(=O)NCCCC[C@@H]1NC(=O)C[C@H](CC(C)C)NC(=O)[C@H](Cc2c[nH]c3ccccc23)NC(=O)[C@H](CSCCC(=O)O)NC1=O,5.152427340857888,1,
CC(=O)NCCCC[C@@H]1NC(=O)C[C@H](CC(C)C)NC(=O)[C@H](Cc2cccc3ccccc23)NC(=O)[C@H](CCCCCC(=O)O)NC1=O,6.0,1,
CC(=O)NCCCC[C@@H]1NC(=O)C[C@H](Cc2ccc(O)cc2)NC(=O)[C@H](Cc2cccc3ccccc23)NC(=O)[C@H](CCCCCC(=O)O)NC1=O,5.860120913598763,1,
CC(=O)N[C@@H](Cc1ccc(OCCc2ccccc2)cc1)C(=O)NO,4.841637507904751,1,
CC(=O)N[C@@H](Cc1ccc(OCc2ccccc2)cc1)C(=O)NO,5.236572006437063,1,
CC(=O)N[C@@H](Cc1ccc(OCc2ccccc2)cc1)C(=O)O,4.432973633840939,1,
CC(=O)Nc1ccc(-c2cc(C(=O)NCCCCCCC(=O)NO)no2)cc1,5.309803919971486,1,
CC(=O)Nc1ccc(C(=O)CSc2nc(C)cc(O)n2)cc1,4.621602099051862,2,0.0
CC(=O)Nc1ccc2c(c1)CN(C(=O)[C@H](N)Cc1ccc(Cl)cc1Cl)C2.Cl,6.995678626217357,1,
CC(=O)SCC(=O)CCCCCCC(=O)Nc1ccccc1,6.721246399047171,1,
CC(=O)SCC/C=C/[C@@H]1CC(=O)N[C@H](C(C)C)C(=O)N[C@H](Cc2ccccc2)C(=O)N[C@H](C(C)C)c2cn(nn2)CC(=O)O1,5.7447274948966935,1,
CC(=O)SCC/C=C/[C@@H]1CC(=O)N[C@H](C(C)C)C(=O)N[C@H](Cc2cn(C)cn2)C(=O)N[C@H](C(C)C)c2cn(nn2)CC(=O)O1,5.790484985457369,1,
CC(=O)SCCCCCCNC(=O)c1cc(-c2ccc(F)cc2)nn1C,5.376750709602099,1,
CC(=O)c1cc(/C=C/C(=O)NO)n(C)c1,4.948847477552619,1,
CC(C(=O)N(Cc1ccc(-c2noc(C(F)(F)F)n2)cc1)c1cccc(C(F)(F)F)c1)c1ncccn1,5.769551078621726,1,
CC(C(=O)N(Cc1ccc(-c2noc(C(F)(F)F)n2)cc1)c1cccc(C(F)(F)F)c1)n1cncn1,5.721246399047171,1,
CC(C(=O)N(Cc1ccc(-c2noc(C(F)(F)F)n2)cn1)c1cccc(F)c1)c1ccn(C)n1,5.769551078621726,1,
CC(C(=O)N(Cc1ccc(-c2noc(C(F)(F)F)n2)cn1)c1cccc(F)c1)n1cccn1,5.795880017344075,1,
CC(C)(C#N)C(=O)N(Cc1ccc(-c2noc(C(F)(F)F)n2)cc1)c1cccc(C(F)(F)F)c1,5.0,1,
CC(C)(C(=O)N(Cc1ccc(-c2noc(C(F)(F)F)n2)cn1)c1cccc(F)c1)n1cccn1,5.130768280269024,1,
CC(C)(C(=O)N(Cc1ccc(-c2noc(C(F)(F)F)n2)cn1)c1cccc(F)c1)n1cncn1,5.508638306165727,1,
CC(C)(C)C(=O)N1CCc2cc(C(=O)NO)ccc2C1,5.6777807052660805,1,
CC(C)(C)C(=O)N1Cc2ccc(C(=O)NO)cc2C1,5.886056647693163,1,
CC(C)(C)CC(C)(C)n1nnnc1CNCC1CCN(c2ncc(C(=O)NO)cn2)CC1,6.189095719331299,1,
CC(C)(C)NC(=O)[C@@H]1Cc2ccc(OCC(=O)NO)cc2CN1.Cl,4.914709421769935,1,
CC(C)(C)NC(=O)[C@@H]1Cc2ccc(OCC(=O)NO)cc2CN1C(=O)OC(C)(C)C,5.339134521996131,1,
CC(C)(C)OC(=O)C1COCC(=O)N1c1ccc(-c2noc(C(F)(F)F)n2)c(F)c1,5.259637310505756,1,
CC(C)(C)OC(=O)CC(O)/C=C/CCSSCC/C=C/C(O)CC(=O)OC(C)(C)C,4.958607314841775,1,
CC(C)(C)OC(=O)CCCCCCC(=O)Nc1ccc(OCc2cc(CN=[N+]=[N-])cc(N=[N+]=[N-])c2)cc1,4.370590400897281,1,
CC(C)(C)OC(=O)CC[C@@H]1N=C(c2ccccc2)c2ccccc2N(CCCCC(=O)NO)C1=O,4.583858968831671,1,
CC(C)(C)OC(=O)C[C@@H]1N=C(c2ccccc2)c2ccccc2N(CCCCC(=O)NO)C1=O,4.64994590642097,1,
CC(C)(C)OC(=O)N(Cc1ccc(-c2noc(C(F)(F)F)n2)cn1)c1cccc(F)c1,4.721246399047171,1,
CC(C)(C)OC(=O)N(Cc1ccc(C(C)(C)C)cc1)c1ccc(C(=O)NO)cc1,6.197226274708024,1,
CC(C)(C)OC(=O)N1C(NCc2ccc(C(=O)Nc3ccccc3N)cc2)=NC(=O)C1Cc1c[nH]c2ccccc12,4.565431095965801,1,
CC(C)(C)OC(=O)N1CC(=O)N(c2ccc(-c3noc(C(F)(F)F)n3)cc2)[C@H](c2ccccc2)C1,5.366531544420413,1,
CC(C)(C)OC(=O)N1CC2(C[C@H]1C(=O)NCCCCCC(=O)NO)SCCS2,5.730487055782083,1,
CC(C)(C)OC(=O)N1CCC(C(=O)N2CC3(C[C@H]2C(=O)NCCCCCC(=O)NO)SCCS3)CC1,5.84163750790475,1,
CC(C)(C)OC(=O)N1CCC2(CC1)CN(Cc1ccc(C(=O)NO)cc1)c1ccccc12,5.795337488251781,1,
CC(C)(C)OC(=O)N1CCC2(CC1)CN(Cc1ccc(C(=O)NO)s1)c1ccccc12,5.871600731282193,1,
CC(C)(C)OC(=O)N1CCC[C@H]1C(=O)N1CC2(C[C@H]1C(=O)NCCCCCC(=O)NO)SCCS2,6.119186407719209,1,
CC(C)(C)OC(=O)N1CCN(c2ccc(-c3noc(C(F)(F)F)n3)cn2)[C@@H](c2ccccc2)C1,5.214670164989233,1,
CC(C)(C)OC(=O)N1Cc2cc(OCC(=O)NO)ccc2C[C@H]1C(=O)NCCc1ccccc1,5.573488738635424,1,
CC(C)(C)OC(=O)N1Cc2cc(OCC(=O)NO)ccc2C[C@H]1C(=O)NCc1ccccc1,5.467245621007502,1,
CC(C)(C)OC(=O)N1Cc2cc(OCC(=O)NO)ccc2C[C@H]1C(=O)Nc1ccc(-c2ccccc2)cc1,5.703334809738469,1,
CC(C)(C)OC(=O)N1Cc2cc(OCC(=O)NO)ccc2C[C@H]1C(=O)Nc1ccc(F)c(Cl)c1,5.809668301829708,1,
CC(C)(C)OC(=O)N1Cc2cc(OCC(=O)NO)ccc2C[C@H]1C(=O)Nc1ccc(F)cc1,5.59176003468815,1,
CC(C)(C)OC(=O)N1Cc2cc(OCC(=O)NO)ccc2C[C@H]1C(=O)Nc1cccc(Cl)c1,5.931814138253838,1,
CC(C)(C)OC(=O)N1Cc2cc(OCC(=O)NO)ccc2C[C@H]1C(=O)Nc1cccc2ccccc12,5.371611069949688,1,
CC(C)(C)OC(=O)N1Cc2cc(OCC(=O)NO)ccc2C[C@H]1C(=O)Nc1ccccc1,5.889410289700751,1,
CC(C)(C)OC(=O)NCC(=O)N1CC2(C[C@H]1C(=O)NCCCCCC(=O)NO)SCCS2,5.924453038607469,1,
CC(C)(C)OC(=O)NCCC(=O)N1CC2(C[C@H]1C(=O)NCCCCCC(=O)NO)SCCS2,5.721246399047171,1,
CC(C)(C)OC(=O)NCCCC(=O)N1CC2(C[C@H]1C(=O)NCCCCCC(=O)NO)SCCS2,6.017728766960431,1,
CC(C)(C)OC(=O)NCCCC[C@@H]1C(=O)Nc2ccccc2N1Cc1ccc(C(=O)NO)cc1,5.939302159646388,1,
CC(C)(C)OC(=O)NCCCC[C@@H]1N=C(c2ccccc2)c2ccccc2N(CCCCC(=O)NO)C1=O,4.661742769753745,1,
CC(C)(C)OC(=O)NCCCC[C@H](NC(=O)OC(C)(C)C)C(=O)N1CC2(C[C@H]1C(=O)NCCCCCC(=O)NO)SCCS2,6.455931955649724,1,
CC(C)(C)OC(=O)NCCC[C@@H]1NC(=O)[C@]2(C)CSC(=N2)c2csc(n2)CNC(=O)C[C@@H](/C=C/CCS)OC1=O,6.102372908709558,1,
CC(C)(C)OC(=O)N[C@@H](CCCCCS)C(=O)NC1CCCC1,4.356547323513812,1,
CC(C)(C)OC(=O)N[C@@H](CO)C(=O)N1CC2(C[C@H]1C(=O)NCCCCCC(=O)NO)SCCS2,6.060480747381382,1,
CC(C)(C)OC(=O)N[C@@H](Cc1c[nH]c2ccccc12)C(=O)N1CC2(C[C@H]1C(=O)NCCCCCC(=O)NO)SCCS2,6.853871964321762,1,
CC(C)(C)OC(=O)N[C@@H](Cc1ccc(O)cc1)C(=O)N1CC2(C[C@H]1C(=O)NCCCCCC(=O)NO)SCCS2,7.6777807052660805,1,
CC(C)(C)OC(=O)N[C@@H](Cc1ccc(OCC(=O)NO)cc1)C(=O)Nc1ccccc1,6.6439741428068775,1,
CC(C)(C)OC(=O)N[C@@H](Cc1ccccc1)C(=O)N1CC2(C[C@H]1C(=O)NCCCCCC(=O)NO)SCCS2,7.455931955649724,1,
CC(C)(C)OC(=O)Nc1ccc(-c2cc(C(=O)NCCCCC(=O)NO)no2)cc1,5.437707135543525,1,
CC(C)(C)OC(=O)Nc1ccc(-c2cc(C(=O)NCCCCCCC(=O)NO)no2)cc1,5.185577216152018,2,0.0301668492495677
CC(C)(C)OC(=O)Nc1ccc(-c2cc(NC(=O)CCCCCCC(=O)NO)no2)cc1,5.164246032480617,1,
CC(C)(C)OC(=O)Nc1ccc(-c2ncc(C(=O)NCCCCCCC(=O)NO)s2)cc1,5.282329496997738,1,
CC(C)(C)OC(=O)Nc1ccc(Cn2cc(NC(=O)CCCCCCC(=O)NO)cn2)cc1,6.8326826652518236,1,
CC(C)(C)OC(=O)Nc1cccc(-c2cc(C(=O)NCCCCC(=O)NO)no2)c1,5.235823867609669,1,
CC(C)(C)OC(=O)Nc1cccc(-c2cc(C(=O)NCCCCCCC(=O)NO)no2)c1,5.091300567647776,1,
CC(C)(C)OC(=O)Nc1cccc(-c2csc(NC(=O)CCCCCC(=O)NO)n2)c1,5.58838029403677,1,
CC(C)(C)OC(=O)Nc1cccc(-c2csc(NC(=O)CCCCCCC(=O)NO)n2)c1,5.58838029403677,1,
CC(C)(C)OC(=O)Nc1cccc(C(=O)/C=C/c2ccc(/C=C/C(=O)NO)cc2)c1,5.920818753952375,1,
CC(C)(C)OC(=O)[C@@H]1CCC(=O)N1c1cc(F)c(-c2noc(C(F)(F)F)n2)cc1F,4.823908740944319,1,
CC(C)(C)OC(=O)[C@@H]1CCC(=O)N1c1ccc(-c2noc(C(F)(F)F)n2)c(F)c1,4.721246399047171,1,
CC(C)(C)OC(=O)[C@@H]1CCC(=O)N1c1ccc(-c2noc(C(F)(F)F)n2)c(F)c1F,5.130768280269024,1,
CC(C)(C)OC(=O)[C@@H]1CCC(=O)N1c1ccc(-c2noc(C(F)(F)F)n2)cc1F,5.207608310501746,1,
CC(C)(C)OC(=O)[C@@H]1COCC(=O)N1c1ccc(-c2noc(C(F)(F)F)n2)c(F)c1,5.42021640338319,1,
CC(C)(C)OC(=O)n1c(C[C@@H]2N=C(c3ccccc3)c3ccccc3N(CCCCC(=O)NO)C2=O)cc2ccccc21,5.076238039171299,1,
CC(C)(C)OC(=O)n1cnc(C[C@@H]2NC(=O)[C@]3(C)CSC(=N3)c3csc(n3)CNC(=O)C[C@@H](/C=C/CCS)OC2=O)c1,6.267606240177031,1,
CC(C)(C)Oc1ccc(C[C@@H]2C(=O)Nc3ccccc3N2Cc2ccc(C(=O)NO)cc2)cc1,6.6020599913279625,1,
CC(C)(C)Oc1ccc(C[C@@H]2N=C(c3ccccc3)c3ccccc3N(CCCCC(=O)NO)C2=O)cc1,5.481486060122112,1,
CC(C)(C)c1[nH]c2ccccc2c1[C@@H]1CCCN(Cc2ccc(/C=C/C(=O)NO)cc2F)C1,6.438898616350944,1,
CC(C)(C)c1[nH]c2ccccc2c1[C@H]1CCCN(Cc2ccc(/C=C/C(=O)NO)cc2F)C1,6.66354026615147,1,
CC(C)(C)c1cc(C(=O)N(CC2CC2)c2ccc(C(=O)NO)cc2)cc(C(C)(C)C)c1,6.647817481888637,1,
CC(C)(C)c1cc(CN(C(=O)c2cccc(C(F)(F)F)c2)c2ccc(C(=O)NO)cc2)cc(C(C)(C)C)c1,5.518557371497695,1,
CC(C)(C)c1ccc(-c2nc3cc(C(=O)NO)ccc3o2)cc1,6.0,1,
CC(C)(C)c1ccc(-c2nc3cc(C(=O)NO)ccc3s2)cc1,6.3872161432802645,1,
CC(C)(C)c1ccc(-c2nnn([C@@H](Cc3ccccc3)C(=O)NO)c2C#CC2CC2)cc1,6.876148359032914,1,
CC(C)(C)c1ccc(C(=O)N(Cc2ccc(C(=O)NO)cc2)C2CC2)cc1,6.570247719997592,1,
CC(C)(C)c1ccc(C(=O)NCc2ccc(C(=O)NO)cc2)cc1,6.790484985457369,1,
CC(C)(C)c1ccc(C(=O)Nc2ccc(C(=O)NO)cc2)cc1,6.610833915635467,2,0.0
CC(C)(C)c1ccc(C2c3ccccc3CCN2CCC(=O)NO)cc1,6.318758762624412,1,
CC(C)(C)c1ccc(CC(=O)Nc2ccc(C(=O)NO)cc2)cc1,7.129011186239425,1,
CC(C)(C)c1ccc(CN(C(=O)CN(Cc2c(F)c(F)c(F)c(F)c2F)S(C)(=O)=O)c2ccc(C(=O)NO)cc2)cc1,6.876148359032914,1,
CC(C)(C)c1ccc(CN(C(=O)CNS(=O)(=O)c2ccc(F)cc2)c2ccc(C(=O)NO)cc2)cc1,7.552841968657781,1,
CC(C)(C)c1ccc(CN(Cc2ccc(C(=O)NO)cc2)S(=O)(=O)c2c(F)c(F)c(F)c(F)c2F)cc1,7.167491087293763,1,
CC(C)(C)c1ccc(CS(=O)(=O)Nc2ccc(/C=C\C(=O)NO)cc2)cc1,7.0,1,
CC(C)(C)c1ccc(NC(=O)c2ccc(C(=O)NO)cc2)cc1,7.357535479757878,1,
CC(C)(C)c1ccc(NS(=O)(=O)c2ccc(C(=O)NO)cc2)cc1,8.0268721464003,1,
CC(C)(C)c1ccc(S(=O)(=O)NCc2ccc(C(=O)NO)cc2)cc1,6.206209615309181,1,
CC(C)(C)c1ccc(S(=O)(=O)Nc2ccc(C(=O)NO)cc2)cc1,7.876148359032914,1,
CC(C)(C)c1cccc(C(=O)N(CC2CC2)c2ccc(C(=O)NO)cc2)c1,7.205908981605258,2,0.03599586063142657
CC(C)(C)c1cccc(C(=O)Nc2ccc(C(=O)NO)cc2)c1,7.4723700991286615,2,0.0
CC(C)(C)c1cccc(NC(=O)c2ccc(C(=O)NO)cc2)c1,5.982966660701219,1,
CC(C)(CNC(=O)c1cccc(-c2noc(C(F)(F)F)n2)c1)c1coc(-c2ccccc2)n1,5.6777807052660805,1,
CC(C)C(=O)N1CCC(C(=O)N(Cc2ccc(-c3noc(C(F)(F)F)n3)cc2)c2cccc(C(F)(F)F)c2)CC1,5.6020599913279625,1,
CC(C)C(=O)NC(Cc1ccc(-c2noc(C(F)(F)F)n2)cn1)c1cccc(C(F)(F)F)c1,4.346787486224656,1,
CC(C)C(C(=O)Nc1ccc(/C=C/C(=O)NO)nc1)c1ccccc1,6.774690718274137,1,
CC(C)C(C(=O)Nc1ccc(/C=C/C(=O)Nc2ccccc2N)nc1)c1ccccc1,4.3655227298392685,1,
CC(C)C(C(=O)Nc1ccc(C(=O)NO)cc1)c1ccccc1,7.060480747381382,1,
CC(C)C(C(=O)Nc1ccc(C(=O)NO)nc1)c1ccccc1,6.05453141486818,1,
CC(C)C(C(=O)Nc1ccc(C(=O)Nc2ccccc2N)nc1)c1ccccc1,4.123782159408358,1,
CC(C)C(c1ccc(C(=O)NO)cc1)C(C)C,5.71669877129645,1,
CC(C)CCN(CCCCCCC(=O)NO)c1ncc(C(=O)NCCCn2ccnc2)s1,6.690369832574101,1,
CC(C)CCNNC(=O)c1ccc(N2CCN(C)CC2)cc1,6.851089006890644,1,
CC(C)CCc1c(OCCCCCCC(=O)NO)ccc(CCC(=O)NO)c1O,6.572108349291122,1,
CC(C)CCc1c(OCCCCCCC(=O)NO)ccc2c1OC(=O)CC2,5.968543059069974,1,
CC(C)CCc1c(OCCCCCCC(=O)NO)ccc2ccc(=O)oc12,6.256921608217861,1,
CC(C)CCc1c(OCCCCCCCC(=O)NO)ccc(CCC(=O)NO)c1O,6.553618187777558,1,
CC(C)CNNC(=O)c1ccc(N2CCN(C)CC2)cc1,7.369572124974976,1,
CC(C)C[C@H](N)C(=O)N1CC2(C[C@H]1C(=O)NCCCCCC(=O)NO)SCCS2.Cl,6.036212172654444,1,
CC(C)C[C@H](NC(=O)CNC(=O)c1cccc(/C=C/C(=O)NO)c1)B1O[C@@H]2[C@@H]3C[C@H](C[C@]2(C)O1)C3(C)C,6.086716098239581,1,
CC(C)C[C@H](NC(=O)OC(C)(C)C)C(=O)N1CC2(C[C@H]1C(=O)NCCCCCC(=O)NO)SCCS2,6.221848749616356,1,
CC(C)C[C@H](NC(=O)[C@@H](O)[C@H](N)Cc1ccccc1)C(=O)NCc1ccc(C(=O)NO)cc1.Cl,5.8696662315049934,1,
CC(C)C[C@H](NC(=O)[C@H](Cc1ccccc1)NC(=O)c1cnccn1)B(O)O,7.142667503568731,1,
CC(C)C[C@H]1CC(=O)NC(C)(C)C(=O)N[C@@H](CCCCCC(=O)O)C(=O)N[C@@H](Cc2cccc3ccccc23)C(=O)N1,6.060480747381382,1,
CC(C)C[C@H]1CC(=O)N[C@@H](C)C(=O)N[C@@H](CCCCCC(=O)NO)C(=O)N[C@@H](Cc2c[nH]c3ccccc23)C(=O)N1,6.892270102092904,4,0.019597194981603273
CC(C)C[C@H]1CC(=O)N[C@@H](C)C(=O)N[C@@H](CCCCCC(=O)NO)C(=O)N[C@@H](Cc2cc3ccccc3[nH]2)C(=O)N1,6.920818753952375,1,
CC(C)C[C@H]1CC(=O)N[C@@H](C)C(=O)N[C@@H](CCCCCC(=O)O)C(=O)N[C@@H](Cc2c[nH]c3ccccc23)C(=O)N1,5.638272163982407,2,0.0
CC(C)C[C@H]1CC(=O)N[C@@H](C)C(=O)N[C@@H](CCCCCC(N)=O)C(=O)N[C@@H](Cc2c[nH]c3ccccc23)C(=O)N1,5.568636235841012,1,
CC(C)C[C@H]1CC(=O)N[C@@H](C)C(=O)N[C@@H](CSCC(=O)O)C(=O)N[C@@H](Cc2c[nH]c3ccccc23)C(=O)N1,5.013228265733755,1,
CC(C)C[C@H]1CC(=O)N[C@@H](C)C(=O)N[C@@H](CSCCC(=O)O)C(=O)N[C@@H](Cc2c[nH]c3ccccc23)C(=O)N1,5.2182446253475305,1,
CC(C)C[C@H]1CC(=O)N[C@@H](CCCNC(=N)N)C(=O)N[C@@H](CCCCCC(=O)O)C(=O)N[C@@H](Cc2cccc3ccccc23)C(=O)N1,6.2168113089247425,1,
CC(C)C[C@H]1CC(=O)N[C@@H](Cc2ccccc2)C(=O)N[C@@H](CCCCCC(=O)O)C(=O)N[C@@H](Cc2cccc3ccccc23)C(=O)N1,6.275724130399211,1,
CC(C)Cc1nc2cc(/C=C/C(=O)NO)ccc2n1CCCO,6.623423042943488,2,0.0
CC(C)Cc1nc2cc(/C=C/C(=O)NO)ccc2n1CCc1ccccc1,6.221125527997261,2,0.0
CC(C)Cc1nc2cc(/C=C/C(=O)NO)ccc2n1CCc1ccccn1,6.630784142589857,2,0.0
CC(C)Cc1nc2cc(/C=C/C(=O)NO)ccc2n1Cc1ccccc1,6.0726296369609765,2,0.0
CC(C)Cc1nc2cc(CCC(=O)NO)ccc2n1CCCO,4.469032318428085,2,0.0
CC(C)Cn1cnc2c(NCCCCCCC(=O)NO)nc(Cl)nc21,5.6968039425795105,1,
CC(C)N(C(=O)c1cc(C(C)(C)C)cc(C(C)(C)C)c1)c1ccc(C(=O)NO)cc1,7.44753463046113,2,0.6744644809459402
CC(C)N(C(=O)c1cc(C(F)(F)F)cc(C(F)(F)F)c1)c1ccc(C(=O)NO)cc1,7.288852849553219,2,0.4835638720121838
CC(C)N(C(=O)c1ccc(F)c(C(F)(F)F)c1)c1ccc(C(=O)NO)cc1,6.924453038607469,1,
CC(C)N(C(=O)c1cccc(C(F)(F)F)c1)c1ccc(C(=O)NO)cc1,7.195269497043867,2,0.012516476786160573
CC(C)N(C(=O)c1cccc(C(F)(F)F)c1F)c1ccc(C(=O)NO)cc1,7.215940223763569,2,0.2303520469540278
CC(C)N(C(=O)c1cccc(OC(F)(F)F)c1)c1ccc(C(=O)NO)cc1,7.160813660347589,2,0.03244918627724789
CC(C)N(CCn1c(-c2cccc(/C=C/C(=O)NO)c2)nc2ccccc21)C(C)C,6.698970004336019,1,
CC(C)N(Cc1ccc(C(=O)NO)cc1)C(=O)c1c(F)c(F)c(F)c(F)c1F,6.05749589383192,2,0.0
CC(C)N(Cc1ccc(C(=O)NO)cc1)C(C)C,5.71669877129645,1,
CC(C)N(Cc1ccc(C(=O)NO)cc1)S(=O)(=O)c1c(F)c(F)c(F)c(F)c1F,6.185086818724926,2,0.0
CC(C)N(Cc1ccc(CC(=O)NO)cc1)S(=O)(=O)c1cc(F)c(F)c(F)c1F,7.0726296369609765,1,
CC(C)N1CCC(NCc2ccc(-c3noc(C(F)(F)F)n3)cn2)C1=O,5.337242168318426,1,
CC(C)N1CCCC(C(=O)N(Cc2ccc(-c3noc(C(F)(F)F)n3)cn2)c2cccc(F)c2)C1,5.698970004336019,1,
CC(C)NC(=O)OCc1ccc(-c2noc(C(F)(F)F)n2)cn1,5.7447274948966935,1,
CC(C)NC(=O)c1ccccc1NCc1ccc(-c2noc(C(F)(F)F)n2)cn1,5.853871964321762,1,
CC(C)Oc1ccc(-c2cccc3nn(C(Cc4ccccc4)C(=O)NO)cc23)cn1,6.425968732272281,1,
CC(C)Oc1ccc(-c2nc3ccc(C(=O)NO)cc3[nH]2)cc1,6.585026652029182,1,
CC(C)Oc1ccc(C(=O)NO)cc1NC(=O)c1ccccc1,7.537602002101044,1,
CC(C)Oc1ccc(C(C)(C)O)cc1-c1cn(C)c(=O)c2[nH]c(C(=O)NCCCCCCC(=O)NO)cc12,7.001740661576301,1,
CC(C)[C@@H](C(=O)NO)n1nnc(-c2ccccc2)c1C#Cc1ccccc1,5.638272163982407,1,
CC(C)[C@@H]1N=C(c2ccccc2)c2ccccc2N(CCCCC(=O)NO)C1=O,4.702677285794698,1,
CC(C)[C@@H]1NC(=O)[C@]2(C)CSC(=N2)c2cccc(n2)CNC(=O)C[C@@H](/C=C/CCS)OC1=O,6.466863711721361,1,
CC(C)[C@@H]1NC(=O)[C@]2(C)CSC(=N2)c2ccnc(c2)CNC(=O)C[C@@H](/C=C/CCS)NC1=O,5.826522356547006,1,
CC(C)[C@@H]1NC(=O)[C@]2(C)CSC(=N2)c2ccnc(c2)CNC(=O)C[C@@H](/C=C/CCS)OC1=O,6.99225222199926,1,
CC(C)[C@@H]1NC(=O)[C@]2(C)CSC(=N2)c2coc(n2)CNC(=O)C[C@@H](/C=C/CCS)OC1=O,5.920818753952375,1,
CC(C)[C@@H]1NC(=O)[C@]2(C)CSC(=N2)c2csc(n2)CNC(=O)C(F)(F)[C@@H](/C=C/CCS)NC1=O,6.781202001888262,1,
CC(C)[C@@H]1NC(=O)[C@]2(C)CSC(=N2)c2csc(n2)CNC(=O)C[C@@H](/C(F)=C/CCS)NC1=O,7.566390156676282,1,
CC(C)[C@@H]1NC(=O)[C@]2(C)CSC(=N2)c2csc(n2)CNC(=O)C[C@@H](/C(F)=C/CCS)OC1=O,8.070581074285707,1,
CC(C)[C@@H]1NC(=O)[C@]2(C)CSC(=N2)c2csc(n2)CNC(=O)C[C@@H](/C=C(\F)CCS)OC1=O,9.387216143280265,1,
CC(C)[C@@H]1NC(=O)[C@]2(C)CSC(=N2)c2csc(n2)CNC(=O)C[C@@H](/C=C/C(F)(F)CS)OC1=O,7.355659901173677,1,
CC(C)[C@@H]1NC(=O)[C@]2(C)CSC(=N2)c2csc(n2)CNC(=O)C[C@@H](/C=C/CCC(=O)NO)OC1=O,5.455931955649724,1,
CC(C)[C@@H]1NC(=O)[C@]2(C)CSC(=N2)c2csc(n2)CNC(=O)C[C@@H](/C=C/CCS)NC1=O,6.592949185195749,1,
CC(C)[C@@H]1NC(=O)[C@]2(C)CSC(=N2)c2csc(n2)CNC(=O)C[C@@H](/C=C/CCS)OC1=O,7.207143957704725,5,0.6948662312062781
CC(C)[C@@H]1NC(=O)[C@]2(C)CSC(=N2)c2csc(n2)CNC(=O)C[C@@H](/C=C/CCSCCS)OC1=O,5.017728766960431,1,
CC(C)[C@@H]1NC(=O)[C@]2(C)CSC(=N2)c2csc(n2)CNC(=O)C[C@H](/C(F)=C/CCS)OC1=O,6.422508200162774,1,
CC(C)[C@H](C(=O)Nc1ccc(C(=O)NO)cc1)c1ccccc1,6.769551078621726,1,
CC(C)[C@H](N)C(=O)N1CC2(C[C@H]1C(=O)NCCCCCC(=O)NO)SCCS2.Cl,5.97061622231479,1,
CC(C)[C@H](NC(=O)OC(C)(C)C)C(=O)N1CC2(C[C@H]1C(=O)NCCCCCC(=O)NO)SCCS2,6.142667503568731,1,
CC(C)[C@H](NC(=O)[C@H](CCCCN)NC(=O)[C@H](CCCNC(=N)N)NC(=O)[C@H](CCCCN)NC(=O)[C@H](CCCCN)CC(=O)[C@H](CCCCN)NC(=O)[C@@H]1CCCN1C(=O)CNC(=O)CNC(=O)CCCc1cn(-c2ccc(-c3cn(CCCCCC(=O)NO)nn3)cc2)nn1)C(=O)NCC(=O)NCC(N)=O,5.455559862682307,1,
CC(C)[C@H](NC(=O)[C@H](CCCCN)NC(=O)[C@H](CCCNC(=N)N)NC(=O)[C@H](CCCCN)NC(=O)[C@H](CCCCN)CC(=O)[C@H](CCCCN)NC(=O)[C@@H]1CCCN1C(=O)CNC(=O)CNC(=O)CCCc1cn(-c2ccc(-c3cn(CCCCCCC(=O)NO)nn3)cc2)nn1)C(=O)NCC(=O)NCC(N)=O,5.815876645760329,1,
CC(C)[C@H](NC(=O)[C@H](CCCCN)NC(=O)[C@H](CCCNC(=N)N)NC(=O)[C@H](CCCCN)NC(=O)[C@H](CCCCN)CC(=O)[C@H](CCCCN)NC(=O)[C@@H]1CCCN1C(=O)CNC(=O)CNC(=O)CCCc1cn(-c2ccc(-c3cn(CCCCCCCC(=O)NO)nn3)cc2)nn1)C(=O)NCC(=O)NCC(N)=O,5.905528871358355,1,
CC(C)[C@H](NS(=O)(=O)c1cccc(C(=O)NO)c1)C(=O)Nc1ccccc1,4.4698003017969175,1,
CC(C)[C@H]1NC(=O)[C@@H](C)[C@@H](C/C=C\CCC(=O)O)NC(=O)[C@@H](Cc2ccccc2)NC(=O)[C@@H](C)NC1=O,5.431798275933005,1,
CC(C)[C@H]1NC(=O)[C@]2(C)CSC(=N2)c2csc(n2)CNC(=O)C[C@@H](/C=C/CCS)OC1=O,6.991399828238082,2,0.0
CC(C)c1cc(-n2nnc(C(=O)NCCCCCCC(=O)NO)c2-c2ccc(CN3CCOCC3)cc2)c(O)cc1O,6.1444808443322,1,
CC(C)c1cc(C(=O)N(C)c2ccc(NC(=O)CCCCCCC(=O)NO)cc2)c(O)cc1O,6.374687549038326,1,
CC(C)c1cc(C(=O)N(C)c2ccc(NC(=O)CCCCCCCC(=O)NO)cc2)c(O)cc1O,5.467245621007502,1,
CC(C)c1cc(C(=O)N2CCc3cc(NC(=O)CCCC(=O)NO)ccc32)c(O)cc1O,5.707743928643524,1,
CC(C)c1cc(C(=O)N2CCc3cc(NC(=O)CCCCC(=O)NO)ccc32)c(O)cc1O,5.531652669587842,1,
CC(C)c1cc(C(=O)N2CCc3cc(NC(=O)CCCCCC(=O)NO)ccc32)c(O)cc1O,5.809668301829708,1,
CC(C)c1cc(C(=O)N2CCc3cc(NC(=O)CCCCCCC(=O)NO)ccc32)c(O)cc1O,7.046681659952963,2,0.7071067811865472
CC(C)c1cc(C(=O)N2CCc3cc(NC(=O)CCCCCCCC(=O)NO)ccc32)c(O)cc1O,5.913640169325252,1,
CC(C)c1cc(C(=O)N2CCc3cc(NC(=O)CCCCCCCCC(=O)NO)ccc32)c(O)cc1O,5.777283528852417,1,
CC(C)c1cc(C(=O)N2CCc3cc(NCc4ccc(C(=O)NO)cc4)ccc32)c(O)cc1O,5.809668301829708,1,
CC(C)c1cc(C(=O)N2CCc3onc(C(=O)NCCCCCCC(=O)NO)c3C2)c(O)cc1O,5.75448733218585,1,
CC(C)c1cc(C(=O)N2Cc3ccc(/C=C/C(=O)NO)cc3C2)c(O)cc1O,6.170696227168975,1,
CC(C)c1cc(C(=O)N2Cc3ccc(NC(=O)CCC(=O)NO)cc3C2)c(O)cc1O,5.135548252841817,1,
CC(C)c1cc(C(=O)N2Cc3ccc(NC(=O)CCCCC(=O)NO)cc3C2)c(O)cc1O,5.129888844635599,1,
CC(C)c1cc(C(=O)N2Cc3ccc(NC(=O)CCCCCC(=O)NO)cc3C2)c(O)cc1O,5.6965879294032575,1,
CC(C)c1cc(C(=O)N2Cc3ccc(NC(=O)CCCCCCC(=O)NO)cc3C2)c(O)cc1O,5.821023052706831,1,
CC(C)c1cc(C(=O)N2Cc3ccc(NC(=O)CCCCCCCCC(=O)NO)cc3C2)c(O)cc1O,5.429457060118103,1,
CC(C)c1cc(C(=O)N2Cc3ccc(NCc4ccc(C(=O)NO)cc4)cc3C2)c(O)cc1O,6.376750709602099,1,
CC(C)c1cc(C(C)C)c(C(C)C)cc1CS(=O)(=O)Nc1ccc(/C=C\C(=O)NO)cc1,6.221848749616356,1,
CC(C)c1ccc(-c2cc3cc(C(=O)NO)cnc3o2)cc1,6.920818753952375,1,
CC(C)c1ccc(-c2cc3ccc(C(=O)NO)cc3s2)cc1,5.958607314841775,1,
CC(C)c1ccc(-c2nc3cc(C(=O)NO)ccc3n2C)cc1,7.075720713938118,1,
CC(C)c1ccc(-c2nc3cc(C(=O)NO)ccc3o2)cc1,5.920818753952375,1,
CC(C)c1ccc(-c2nc3cc(C(=O)NO)ccc3s2)cc1,7.552841968657781,1,
CC(C)c1ccc(-c2nc3ccc(C(=O)NO)cc3[nH]2)cc1,6.376750709602099,1,
CC(C)c1ccc(C(=O)N(CC(=O)NC2CCCCC2)CC2CCN(c3ncc(C(=O)NO)cn3)CC2)cc1,6.244887733604928,1,
CC(C)c1ccc(Nc2nc3cc(C(=O)NO)ccc3o2)cc1,6.698970004336019,1,
CC(C)c1ncc(C(=O)N(Cc2ccc(-c3noc(C(F)(F)F)n3)cn2)c2cccc(F)c2)cn1,5.7447274948966935,1,
CC(C)c1ncncc1C(=O)N(Cc1ccc(-c2noc(C(F)(F)F)n2)cn1)c1cccc(F)c1,5.508638306165727,1,
CC(C)n1c(-c2cccc(/C=C/C(=O)NO)c2)nc2ccccc21,7.3979400086720375,1,
CC(C)n1cnc2c(NCCCCCCC(=O)NO)nc(N)nc21,5.504455662453552,1,
CC(CCCCCC(=O)NO)n1cc(-c2ncnc3[nH]ccc23)cn1,6.508638306165727,1,
CC(CCCCCC(=O)c1ccc2ccccc2c1)C(=O)NOCCCCC(=O)NO,6.221848749616356,1,
CC(CCc1ccc(NS(=O)(=O)c2ccccc2)cc1)CC(=O)NO,4.769551078621726,1,
CC(CNC(=O)c1ccc(/C=C/C(=O)NO)cc1)Oc1no[n+]([O-])c1S(=O)(=O)c1ccccc1,6.376750709602099,2,0.0
CC(Cc1nc2cc(/C=C/C(=O)NO)ccc2n1CCCO)c1ccccc1,6.924453038607469,2,0.0
CC(Cn1cncn1)C(=O)N(Cc1ccc(-c2noc(C(F)(F)F)n2)cc1)c1cccc(C(F)(F)F)c1,5.468521082957745,1,
CC(O)COC[C@H]1O[C@H]2O[C@H]3[C@@H](O)[C@H](O)[C@@H](O[C@H]4[C@@H](O)[C@@H](O)[C@@H](O[C@H]5[C@@H](O)[C@H](O)[C@@H](O[C@H]6[C@@H](O)[C@H](O)[C@@H](O[C@@H]7[C@@H](O)[C@H](O)[C@H](O[C@H]8[C@@H](O)[C@H](O)[C@@H](O[C@@H]1[C@@H](O)[C@@H]2O)O[C@@H]8COCC(C)O)O[C@@H]7COCC(C)O)O[C@@H]6COCC(C)O)O[C@@H]5COCC(C)O)O[C@@H]4COCC(C)O)O[C@@H]3COCC(C)O,7.2541448048262716,1,
CC(Oc1cc(-c2noc(C(F)(F)F)n2)ccn1)c1nc2ccccc2[nH]1,6.045757490560675,1,
CC(Oc1nccc(-c2noc(C(F)(F)F)n2)c1Cl)c1cccnc1,5.638272163982407,1,
CC1(C(=O)NC(Cc2ccc(-c3noc(C(F)(F)F)n3)cn2)c2cccc(C(F)(F)F)c2)COC1,5.070581074285707,1,
CC1(C)CC(=O)Nc2ccc(C(=O)NCCCCCCC(=O)NO)cc21,7.259637310505756,1,
CC1(C)CC(=O)Nc2ccc(C(=O)NC[C@H]3CC[C@@H](/C=C/C(=O)NO)CC3)cc21,7.6777807052660805,1,
CC1(C)CC(=O)Nc2ccc(C(=O)NC[C@H]3CC[C@@H](CCC(=O)NO)CC3)cc21,7.619788758288394,1,
CC1(C)CC(=O)Nc2ccc(C(=O)NC[C@H]3CC[C@H](/C=C/C(=O)NO)CC3)cc21,8.221848749616356,1,
CC1(C)CC(=O)Nc2ccc(C(=O)NC[C@H]3CC[C@H](CCC(=O)NO)CC3)cc21,7.552841968657781,1,
CC1(C)CC(=O)Nc2ccc(C(=O)NCc3ccc(/C=C/C(=O)NO)cc3)cc21,7.309803919971486,1,
CC1(C)CC(=O)Nc2ccc(C(=O)NCc3cccc(/C=C/C(=O)NO)c3)cc21,6.698970004336019,1,
CC1(C)CC(=O)Nc2ccc(NC(=O)CCCCCCC(=O)NO)cc21,7.481486060122112,1,
CC1(C)CC(C(=O)N(Cc2ccc(-c3noc(C(F)(F)F)n3)cn2)c2cccc(F)c2)CCO1,5.823908740944319,1,
CC1(C)CC(c2ccccc2)N(c2ccc(-c3noc(C(F)(F)F)n3)cc2F)C1=O,4.346787486224656,1,
CC1(C)CCCCN1C(=O)[C@@H]1CCC(=O)N1c1ccc(-c2noc(C(F)(F)F)n2)c(F)c1,4.6020599913279625,1,
CC1(C)CCCN1C(=O)[C@@H]1CCC(=O)N1c1cc(F)c(-c2noc(C(F)(F)F)n2)cc1F,4.346787486224656,1,
CC1(C)CCCN1C(=O)[C@@H]1CCC(=O)N1c1ccc(-c2noc(C(F)(F)F)n2)c(F)c1,4.6020599913279625,1,
CC1(C)NC(=O)C[C@H](Cc2c[nH]c3ccccc23)NC(=O)[C@H](Cc2cccc3ccccc23)NC(=O)[C@H](CCCCCC(=O)O)NC1=O,5.573488738635424,1,
CC1(C)c2cccc(C(=O)NO)c2CN1c1cnc(C(F)(F)F)cn1,5.144012072824122,2,0.15245208084242357
CC1(C)c2cccc(C(=O)NO)c2CN1c1nc2ccc(C(F)(F)F)cc2[nH]1,5.0,1,
CC1(C)c2ccccc2N(Cc2ccc(C(=O)NO)cc2)C1c1cccnc1,5.6612896473743985,3,0.0038981860703578134
CC1(C)c2ccccc2N(Cc2ccc(C(=O)NO)cc2)C1c1ccncc1,5.333482019445119,1,
CC1(Cc2ccc(-c3noc(C(F)(F)F)n3)cc2)C(=O)Nc2ccc(F)cc21,4.823908740944319,1,
CC1(NCC(=O)NCc2ccc(/C=C/C(=O)NO)cc2)CCN(c2cnc(-c3cccc(Cl)c3Cl)c(N)n2)CC1,5.537602002101044,1,
CC1(Nc2ccc(C(=O)NO)cc2)CCN(c2ccc(Cl)cc2)C1=O,6.3872161432802645,1,
CC1(Nc2ccc(C(=O)NO)cc2)CCN(c2ccc3ncccc3c2)C1=O,7.119186407719209,1,
CC1(Nc2ccc(C(=O)NO)cc2)CCN(c2ccccc2)C1=O,6.229147988357855,1,
CC12CC3CC(C)(C1)CC(NC(=O)/C=C/c1ccc(C(=O)NO)cc1)(C3)C2,6.207608310501746,1,
CC12CC3CC(C)(C1)CC(NC(=O)CCCCCC(=O)NO)(C3)C2,5.3829996588791005,1,
CC12CC3CC(C)(C1)CC(NC(=O)CCCCCCC(=O)NO)(C3)C2,6.080398976215889,1,
CC12CC3CC(C)(C1)CC(NC(=O)CCCCCCCC(=O)NO)(C3)C2,5.97061622231479,1,
CC12CC3CC(C)(C1)CC(NC(=O)CCCCCCCCC(=O)NO)(C3)C2,6.1505805862031,1,
CC12CC3CC(C)(C1)CC(NCc1ccc(/C=C/C(=O)NO)cc1)(C3)C2,5.987162775294828,1,
CC12CC3CC(C)(C1)CC(NCc1ccc(C(=O)NO)cc1)(C3)C2,5.06398920428479,1,
CC12CC3CC(C)(C1)CC(NCc1ccc(NC(=O)CCCCCCC(=O)NO)cc1)(C3)C2,6.195179321278838,1,
CC12CC3CC(C)(C1)CC(NCc1ccc(NCc4ccc(C(=O)NO)cc4)cc1)(C3)C2,4.815308569182402,1,
CC12CC3CC(C)(C1)CC(NCc1cccc(NC(=O)CCCCCCC(=O)NO)c1)(C3)C2,6.153044674980176,1,
CC12CC3CC(C)(C1)CC(NS(=O)(=O)c1ccc(/C=C/C(=O)NO)cc1)(C3)C2,5.131943638176958,1,
CC12CC3CC(C)(C1)CC(NS(=O)(=O)c1cccc(/C=C/C(=O)NO)c1)(C3)C2,6.250263684430939,1,
CC1=C(C)C(=O)C(CONC(=O)CCCCCCC(=O)Nc2ccccc2)=C(C)C1=O,5.415442639474325,1,
CC1Sc2ccc(C(=O)NO)cc2NC1=O,6.013228265733755,2,0.0
CCC(=O)CCCCCC(NC(=O)c1cncs1)c1[nH]c(-c2ccccc2)nc1C(=O)N1CCOCC1,4.775208043507319,1,
CCC(=O)CCCCCC(NC(=O)c1cncs1)c1[nH]c(-c2ccccc2)nc1C(=O)NC,5.1266212635908595,1,
CCC(=O)CCCCCC(NC(=O)c1cncs1)c1[nH]c(-c2ccccc2)nc1C(=O)NCCN(C)C,5.272865576239511,1,
CCC(=O)CCCCCC(NC(=O)c1cncs1)c1[nH]c(-c2ccccc2)nc1C(N)=O,5.327809748811747,1,
CCC(=O)CCCCC[C@@H]1NC(=O)C2CCCCN2C(=O)[C@H](C(C)CC)NC(=O)[C@H](Cc2cn(OC)c3ccccc23)NC1=O,5.596879478824182,1,
CCC(=O)CCCCC[C@@H]1NC(=O)C2CCN2CCCCCCOc2ccccc2-c2cnc1[nH]2,5.074739490480565,1,
CCC(=O)CCCCC[C@@H]1NC(=O)C2CCN2CCCCCOc2ccccc2-c2cnc1[nH]2,4.668370282370068,1,
CCC(=O)CCCCC[C@@H]1NC(=O)C[C@H](CC(C)C)NC(=O)[C@H](Cc2c[nH]c3ccccc23)NC(=O)[C@H](CCCCCC(=O)CC)NC1=O,5.853871964321762,1,
CCC(=O)CCCCC[C@@H]1NC(=O)[C@@H](C)n2nncc2[C@H](CC(C)C)NC(=O)[C@H](Cc2c[nH]c3ccccc23)NC1=O,6.968709007885918,2,0.014285951305957757
CCC(=O)CCCCC[C@@H]1NC(=O)[C@@H]2CCCN2C(=O)C[C@H](CC(C)C)NC(=O)[C@H](Cc2c[nH]c3ccccc23)NC1=O,6.823908740944319,2,1.4142135623730951
CCC(=O)CCCCC[C@@H]1NC(=O)[C@H](C)N(C)C(=O)C[C@H](CC(C)C)NC(=O)[C@H](Cc2c[nH]c3ccccc23)NC1=O,5.678273661756906,2,0.029269048366900915
CCC(=O)CCCCC[C@@H]1NC(=O)[C@H](C)NC(=O)C[C@H](CC(C)C)NC(=O)[C@H](Cc2c[nH]c3ccccc23)NC1=O,5.657577319177793,2,0.0
CCC(=O)CCCCC[C@@H]1NC(=O)[C@H](CCCCCNC(C)=O)NC(=O)C[C@H](CC(C)C)NC(=O)[C@H](Cc2c[nH]c3ccccc23)NC1=O,6.823908740944319,1,
CCC(=O)CCCCC[C@@H]1NC(=O)[C@H](CCCCNC(C)=O)NC(=O)C[C@H](CC(C)C)NC(=O)[C@H](Cc2c[nH]c3ccccc23)NC1=O,6.823908740944319,1,
CCC(=O)CCCCC[C@@H]1NC(=O)[C@H](CCCNC(=N)N)NC(=O)CCN(CC(C)C)C(=O)CN(CCc2c[nH]c3ccccc23)C1=O,6.1249387366083,1,
CCC(=O)CCCCC[C@@H]1NC(=O)[C@H]2CC23CCN(CCCOCCCn2ccc4cc(ccc4c2=O)-c2cnc1[nH]2)CC3,6.092588639225414,1,
CCC(=O)CCCCC[C@@H]1NC(=O)[C@H]2CCCCN2C(=O)[C@H]([C@@H](C)CC)NC(=O)[C@H](Cc2cn(OC)c3ccccc23)NC1=O,6.768383889504304,6,1.3974743638138671
CCC(=O)CCCCC[C@@H]1NC(=O)[C@H]2CCCCN2C(=O)[C@H]([C@H](C)CC)NC(=O)[C@H](Cc2cn(OC)c3ccccc23)NC1=O,6.872895201635192,1,
CCC(=O)CCCCC[C@H](NC(=O)C12CCN(CC1)CC2)c1[nH]c(-c2ccc(F)cc2)nc1C#N,5.159329438666591,1,
CCC(=O)CCCCC[C@H](NC(=O)C1=NOC2(CCN(C)CC2)C1)c1ncc(-c2cc3ccccc3nc2OC)[nH]1,5.53985418250825,1,
CCC(=O)CCCCC[C@H](NC(=O)C1CC2(C1)CN(C)C2)c1ncc(-c2cc3ccccc3nc2OC)[nH]1,5.575608445589722,1,
CCC(=O)CCCCC[C@H](NC(=O)C1CCC2(CC1)CN(C)C2)c1ncc(-c2cc3ccccc3nc2OC)[nH]1,5.710634048479968,1,
CCC(=O)CCCCC[C@H](NC(=O)C1CCOCC1)c1[nH]c(-c2ccc(F)cc2)nc1C(N)=O,5.121133663043275,1,
CCC(=O)CCCCC[C@H](NC(=O)C1CN(C)C1)c1[nH]c(-c2ccc(F)cc2)nc1C#N,4.706637445288554,1,
CCC(=O)CCCCC[C@H](NC(=O)C1CN(C)C1)c1[nH]c(-c2ccc(F)cc2)nc1C(N)=O,5.268975620184312,1,
CCC(=O)CCCCC[C@H](NC(=O)C1CN(C)C1)c1[nH]c(-c2ccccc2)nc1C(N)=O,5.265840486755533,2,0.0
CCC(=O)CCCCC[C@H](NC(=O)C1CN(C)C1)c1ncc(-c2ccccc2)[nH]1,4.825358807339551,1,
CCC(=O)CCCCC[C@H](NC(=O)CC1CC2(C1)CN(C)C2)c1ncc(-c2cc3ccccc3nc2OC)[nH]1,5.589560213789653,1,
CCC(=O)CCCCC[C@H](NC(=O)CN(C)C)c1[nH]c(-c2ccc(F)cc2)nc1C#N,4.530325227448202,1,
CCC(=O)CCCCC[C@H](NC(=O)[C@@H]1CC12CCC(N(C)C)CC2)c1ncc(-c2cc3ccccc3nc2OC)[nH]1,5.253599355508439,1,
CCC(=O)CCCCC[C@H](NC(=O)[C@@H]1CC12CCCN(C)C2)c1ncc(-c2cc3ccccc3nc2OC)[nH]1,5.036873558918096,1,
CCC(=O)CCCCC[C@H](NC(=O)[C@@H]1CC12CCN(C)CC2)c1ncc(-c2cc3ccccc3nc2OC)[nH]1,4.834162375309872,1,
CCC(=O)CCCCC[C@H](NC(=O)[C@@H]1CC12CCOCC2)c1ncc(-c2cc3ccccc3nc2OC)[nH]1,5.197157887260925,1,
CCC(=O)CCCCC[C@H](NC(=O)[C@@H]1CC12CN(C)C2)c1ncc(-c2cc3ccccc3nc2OC)[nH]1,5.603626272463494,1,
CCC(=O)CCCCC[C@H](NC(=O)[C@@H]1CCC12CCN(CC)CC2)c1ncc(-c2cc3ccccc3nc2OC)[nH]1,5.633017024022149,1,
CCC(=O)CCCCC[C@H](NC(=O)[C@@H]1C[C@@]12CCN(C)C2)c1ncc(-c2cc3ccccc3nc2OC)[nH]1,4.86359655186601,1,
CCC(=O)CCCCC[C@H](NC(=O)[C@@H]1C[C@]12CCN(C)C2)c1ncc(-c2cc3ccccc3nc2OC)[nH]1,5.152735898229235,1,
CCC(=O)CCCCC[C@H](NC(=O)[C@H]1CC12CCC(N(C)C)CC2)c1ncc(-c2cc3ccccc3nc2OC)[nH]1,7.1249387366083,1,
CCC(=O)CCCCC[C@H](NC(=O)[C@H]1CC12CCCN(C)C2)c1ncc(-c2cc3ccccc3nc2OC)[nH]1,5.556267758598404,1,
CCC(=O)CCCCC[C@H](NC(=O)[C@H]1CC12CCN(C(C)=O)CC2)c1ncc(-c2cc3ccccc3nc2OC)[nH]1,5.643782865780265,1,
CCC(=O)CCCCC[C@H](NC(=O)[C@H]1CC12CCN(C(C)C)CC2)c1ncc(-c2cc3ccc(C)nc3cc2OC)[nH]1,5.346787486224656,1,
CCC(=O)CCCCC[C@H](NC(=O)[C@H]1CC12CCN(C(C)C)CC2)c1ncc(-c2cc3ccccc3nc2OC)[nH]1,5.246876755318287,1,
CCC(=O)CCCCC[C@H](NC(=O)[C@H]1CC12CCN(C(C)C)CC2)c1ncc(-c2cc3ccccc3nc2OC)o1,4.482540173459768,1,
CCC(=O)CCCCC[C@H](NC(=O)[C@H]1CC12CCN(C)CC2)c1[nH]c(-c2ccc(-c3cccnc3)cc2)nc1C#N,4.898940645091884,1,
CCC(=O)CCCCC[C@H](NC(=O)[C@H]1CC12CCN(C)CC2)c1[nH]c(-c2ccc(C(F)(F)F)cc2)nc1C#N,4.716925025264528,1,
CCC(=O)CCCCC[C@H](NC(=O)[C@H]1CC12CCN(C)CC2)c1[nH]c(-c2ccc(F)cc2)nc1C#N,4.775985188627136,1,
CCC(=O)CCCCC[C@H](NC(=O)[C@H]1CC12CCN(C)CC2)c1[nH]c(-c2ccc(F)cc2)nc1C(N)=O,5.167363372403297,1,
CCC(=O)CCCCC[C@H](NC(=O)[C@H]1CC12CCN(C)CC2)c1[nH]c(-c2ccc(F)cc2F)nc1C#N,4.683400697906139,1,
CCC(=O)CCCCC[C@H](NC(=O)[C@H]1CC12CCN(C)CC2)c1[nH]c(-c2ccc3nc(C)ccc3c2)nc1C#N,5.0072256357446445,1,
CCC(=O)CCCCC[C@H](NC(=O)[C@H]1CC12CCN(C)CC2)c1[nH]c(-c2ccc3nn(C)cc3c2)nc1C#N,4.905878404159439,1,
CCC(=O)CCCCC[C@H](NC(=O)[C@H]1CC12CCN(C)CC2)c1[nH]c(-c2ccccc2F)nc1C#N,4.402195157595707,1,
CCC(=O)CCCCC[C@H](NC(=O)[C@H]1CC12CCN(C)CC2)c1[nH]c(-c2cccnc2OC)nc1C#N,4.419303060287564,1,
CCC(=O)CCCCC[C@H](NC(=O)[C@H]1CC12CCN(C)CC2)c1ncc(-c2cc3ccc(C)nc3cc2OC)[nH]1,5.4089353929735005,1,
CCC(=O)CCCCC[C@H](NC(=O)[C@H]1CC12CCN(C)CC2)c1ncc(-c2cc3ccc(C)nc3cc2OC)o1,4.698970004336019,1,
CCC(=O)CCCCC[C@H](NC(=O)[C@H]1CC12CCN(C)CC2)c1ncc(-c2cc3ccc(C4CC4)nc3cc2F)o1,4.619788758288394,1,
CCC(=O)CCCCC[C@H](NC(=O)[C@H]1CC12CCN(C)CC2)c1ncc(-c2cc3ccc(C4CC4)nc3cc2OC)[nH]1,5.42021640338319,1,
CCC(=O)CCCCC[C@H](NC(=O)[C@H]1CC12CCN(C)CC2)c1ncc(-c2cc3ccccc3nc2OC)[nH]1,5.471211808225103,1,
CCC(=O)CCCCC[C@H](NC(=O)[C@H]1CC12CCN(C)CC2)c1ncc(-c2cc3ccccc3nc2OC)o1,4.6637404479858064,1,
CCC(=O)CCCCC[C@H](NC(=O)[C@H]1CC12CCN(C)CC2)c1ncc(-c2cc3cccnc3cc2OC)[nH]1,5.431798275933005,1,
CCC(=O)CCCCC[C@H](NC(=O)[C@H]1CC12CCN(C)CC2)c1ncc(-c2cc3cccnc3cc2OC)o1,4.769551078621726,1,
CCC(=O)CCCCC[C@H](NC(=O)[C@H]1CC12CCN(C)CC2)c1ncc(-c2cc3ccncc3nc2OC)[nH]1,5.443697499232712,1,
CCC(=O)CCCCC[C@H](NC(=O)[C@H]1CC12CCN(C)CC2)c1ncc(-c2ccc(-c3cccnc3)cc2)[nH]1,5.259637310505756,1,
CCC(=O)CCCCC[C@H](NC(=O)[C@H]1CC12CCN(C)CC2)c1ncc(-c2ccc(-c3cccnc3)cc2)o1,5.013228265733755,1,
CCC(=O)CCCCC[C@H](NC(=O)[C@H]1CC12CCN(C)CC2)c1ncc(-c2ccc(-c3ccncc3)cc2)[nH]1,5.0,1,
CCC(=O)CCCCC[C@H](NC(=O)[C@H]1CC12CCN(C)CC2)c1ncc(-c2ccc(-c3cnccn3)cc2)[nH]1,5.036212172654444,1,
CCC(=O)CCCCC[C@H](NC(=O)[C@H]1CC12CCN(C)CC2)c1ncc(-c2ccc3c(=O)n(C)ccc3c2)[nH]1,5.251811972993799,2,0.0
CCC(=O)CCCCC[C@H](NC(=O)[C@H]1CC12CCN(C)CC2)c1ncc(-c2ccc3c(c2)C2CCC3C2)[nH]1,5.3441895055047475,1,
CCC(=O)CCCCC[C@H](NC(=O)[C@H]1CC12CCN(C)CC2)c1ncc(-c2ccc3nc(C)ccc3c2)[nH]1,5.142667503568731,1,
CCC(=O)CCCCC[C@H](NC(=O)[C@H]1CC12CCN(C)CC2)c1ncc(-c2ccc3nc(C4CC4)ccc3c2)[nH]1,5.267606240177031,1,
CCC(=O)CCCCC[C@H](NC(=O)[C@H]1CC12CCN(C)CC2)c1ncc(-c2ccc3nc(CC)ccc3c2)[nH]1,5.795880017344075,1,
CCC(=O)CCCCC[C@H](NC(=O)[C@H]1CC12CCN(C)CC2)c1ncc(-c2ccc3nc(OC)ccc3c2)[nH]1,5.080921907623926,1,
CCC(=O)CCCCC[C@H](NC(=O)[C@H]1CC12CCN(C)CC2)c1ncc(-c2ccc3ncccc3c2)[nH]1,5.356547323513812,1,
CCC(=O)CCCCC[C@H](NC(=O)[C@H]1CC12CCN(C)CC2)c1ncc(-c2ccc3nccnc3c2)[nH]1,5.443697499232712,1,
CCC(=O)CCCCC[C@H](NC(=O)[C@H]1CC12CCN(C)CC2)c1ncc(-c2ccc3nn(C)cc3c2)[nH]1,5.050609993355087,1,
CCC(=O)CCCCC[C@H](NC(=O)[C@H]1CC12CCN(C)CC2)c1ncc(-c2ccc3nnccc3c2)[nH]1,4.886056647693163,1,
CCC(=O)CCCCC[C@H](NC(=O)[C@H]1CC12CCN(C)CC2)c1ncc(-c2cnc3ccccc3c2)[nH]1,5.065501548756432,1,
CCC(=O)CCCCC[C@H](NC(=O)[C@H]1CC12CCN(C)CC2)c1ncc(-c2cnc3ncccc3c2)[nH]1,5.468521082957745,1,
CCC(=O)CCCCC[C@H](NC(=O)[C@H]1CC12CCN(C)CC2)c1ncc(C2=CC3OC=NC3C=C2)[nH]1,5.013228265733755,1,
CCC(=O)CCCCC[C@H](NC(=O)[C@H]1CC12CCN(C)CC2)c1ncc(C2=CC3SC=NC3C=C2)[nH]1,5.508638306165727,1,
CCC(=O)CCCCC[C@H](NC(=O)[C@H]1CC12CCN(C)CC2)c1nnc(-c2cc3ccccc3nc2OC)[nH]1,5.714217726220605,1,
CCC(=O)CCCCC[C@H](NC(=O)[C@H]1CC12CCN(C)CC2)c1nnc(-c2cc3ccccc3nc2OC)o1,4.346787486224656,1,
CCC(=O)CCCCC[C@H](NC(=O)[C@H]1CC12CCN(CC(F)(F)F)CC2)c1ncc(-c2cc3ccccc3nc2OC)[nH]1,5.215168821875531,1,
CCC(=O)CCCCC[C@H](NC(=O)[C@H]1CC12CCN(CC)CC2)c1[nH]c(-c2ccc(F)cc2)nc1C#N,5.028260409112222,1,
CCC(=O)CCCCC[C@H](NC(=O)[C@H]1CC12CCN(CC)CC2)c1[nH]c(-c2ccc(F)cc2)nc1C(N)=O,5.196269829025455,2,0.0
CCC(=O)CCCCC[C@H](NC(=O)[C@H]1CC12CCN(CC)CC2)c1[nH]c2nc1C(=O)NCCC/C=C\c1cccc-2c1,7.045757490560675,1,
CCC(=O)CCCCC[C@H](NC(=O)[C@H]1CC12CCN(CC)CC2)c1ncc(-c2cc3ccc(C)nc3cc2OC)[nH]1,5.200659450546418,1,
CCC(=O)CCCCC[C@H](NC(=O)[C@H]1CC12CCN(CC)CC2)c1ncc(-c2cc3ccc(C)nc3cc2OC)o1,4.4089353929735005,1,
CCC(=O)CCCCC[C@H](NC(=O)[C@H]1CC12CCN(CC)CC2)c1ncc(-c2cc3ccccc3nc2OC)[nH]1,5.400335221211583,1,
CCC(=O)CCCCC[C@H](NC(=O)[C@H]1CC12CCN(CC)CC2)c1ncc(-c2cc3ccccc3nc2OC)o1,4.795880017344075,1,
CCC(=O)CCCCC[C@H](NC(=O)[C@H]1CC12CCN(CC)CC2)c1ncc(-c2cc3cccnc3nc2OC)o1,5.119186407719209,1,
CCC(=O)CCCCC[C@H](NC(=O)[C@H]1CC12CCN(CC)CC2)c1ncc(-c2cc3ccncc3nc2OC)o1,4.619788758288394,1,
CCC(=O)CCCCC[C@H](NC(=O)[C@H]1CC12CCN(CC)CC2)c1ncc(-c2cc3cn(C)nc3cc2OC)[nH]1,5.508638306165727,1,
CCC(=O)CCCCC[C@H](NC(=O)[C@H]1CC12CCN(CC)CC2)c1ncc(-c2cc3cn(C)nc3cc2OC)o1,4.568636235841013,1,
CCC(=O)CCCCC[C@H](NC(=O)[C@H]1CC12CCN(CC)CC2)c1ncc(-c2ccc3c(=O)n(CC)ccc3c2)[nH]1,5.203356296214883,1,
CCC(=O)CCCCC[C@H](NC(=O)[C@H]1CC12CCN(CC)CC2)c1ncc(-c2ccc3ccncc3c2)[nH]1,5.537602002101044,1,
CCC(=O)CCCCC[C@H](NC(=O)[C@H]1CC12CCN(CC)CC2)c1ncc(-c2ccc3cnccc3c2)[nH]1,5.552841968657781,1,
CCC(=O)CCCCC[C@H](NC(=O)[C@H]1CC12CCN(CC)CC2)c1nnc(-c2cc3ccccc3nc2OC)[nH]1,5.5246194068566385,1,
CCC(=O)CCCCC[C@H](NC(=O)[C@H]1CC12CCN(CC1CC1)CC2)c1ncc(-c2cc3ccccc3nc2OC)[nH]1,5.504594436853807,1,
CCC(=O)CCCCC[C@H](NC(=O)[C@H]1CC12CCN(CCC(F)(F)F)CC2)c1ncc(-c2cc3ccccc3nc2OC)[nH]1,4.851089006890644,1,
CCC(=O)CCCCC[C@H](NC(=O)[C@H]1CC12CCN(Cc1ccc(OC)cc1)CC2)c1ncc(-c2cc3ccccc3nc2OC)[nH]1,5.490663041982356,1,
CCC(=O)CCCCC[C@H](NC(=O)[C@H]1CC12CCN(Cc1ccccc1)CC2)c1ncc(-c2cc3ccccc3nc2OC)[nH]1,5.08634506491338,1,
CCC(=O)CCCCC[C@H](NC(=O)[C@H]1CC12CCN(Cc1cccnc1)CC2)c1ncc(-c2cc3ccccc3nc2OC)[nH]1,5.307681955740721,1,
CCC(=O)CCCCC[C@H](NC(=O)[C@H]1CC12CCOCC2)c1ncc(-c2cc3ccccc3nc2OC)[nH]1,5.5101820916985496,1,
CCC(=O)CCCCC[C@H](NC(=O)[C@H]1CC12CN(C)C2)c1ncc(-c2cc3ccccc3nc2OC)[nH]1,5.693789491832239,1,
CCC(=O)CCCCC[C@H](NC(=O)[C@H]1CCC12CCN(CC)CC2)c1ncc(-c2cc3ccccc3nc2OC)[nH]1,5.532539890492736,1,
CCC(=O)CCCCC[C@H](NC(=O)[C@H]1C[C@@]12CCN(C)C2)c1ncc(-c2cc3ccccc3nc2OC)[nH]1,5.480303232840146,1,
CCC(=O)CCCCC[C@H](NC(=O)[C@H]1C[C@]12CCN(C)C2)c1ncc(-c2cc3ccccc3nc2OC)[nH]1,5.412064651363644,1,
CCC(=O)CCCCC[C@H](NC(=O)c1ccon1)c1[nH]c(-c2ccc(F)cc2)nc1C#N,4.790753151246626,1,
CCC(=O)CCCCC[C@H](NC(=O)c1cncs1)c1[nH]c(-c2ccc(F)cc2)nc1C#N,4.911509529817604,1,
CCC(=O)CCCSC[C@@H]1NC(=O)[C@H](C)NC(=O)C[C@H](CC(C)C)NC(=O)[C@H](Cc2c[nH]c3ccccc23)NC1=O,5.308919408602063,2,0.001250887974711711
CCC(=O)N(Cc1ccc(-c2noc(C(F)(F)F)n2)cc1)c1cccc(C(F)(F)F)c1,5.537602002101044,1,
CCC(C(=O)Nc1ccc(/C=C/C(=O)NO)nc1)c1ccccc1,6.982966660701219,1,
CCC(C(=O)Nc1ccc(/C=C/C(=O)Nc2ccccc2N)nc1)c1ccccc1,4.448550002027125,1,
CCC(C(=O)Nc1ccc(C(=O)NO)nc1)c1ccccc1,6.015922966097169,1,
CCC(C(=O)Nc1ccc(C(=O)Nc2ccccc2N)nc1)c1ccccc1,4.1791420105603,1,
CCC(CC)(c1ccc(C(=O)NCCCCC(=O)NO)cc1)c1ccc(OCC(O)C(C)(C)C)c(C)n1,5.480172006224281,1,
CCC(CC)c1ccc(C(=O)NO)cc1,5.0254883072626715,1,
CCC(CCCC(=O)Nc1ccccc1)CCC(=O)NO,6.886056647693163,1,
CCC/C=C/c1c(-c2ccccc2)nnn1[C@@H](Cc1ccccc1)C(=O)NO,6.333482019445119,1,
CCCC(=O)NC(Cc1ccc(-c2noc(C(F)(F)F)n2)cn1)c1cccc(C(F)(F)F)c1,4.346787486224656,1,
CCCC(=O)NO,4.585026652029182,1,
CCCC(=O)O,4.823908740944319,1,
CCCC(=O)[O-].[Na+],4.823908740944319,1,
CCCC(CCC)C(=O)NO,4.4089353929735005,1,
CCCC(CCC)C(=O)N[C@@H](Cc1ccccc1)C(=O)NNc1ccccc1,5.8124792791635365,1,
CCCC(CCC)C(=O)N[C@@H](Cc1ccccc1)C(=O)NO,8.543633966870956,1,
CCCCC(CCCC(=O)NO)CCC(=O)Nc1ccccc1,6.366531544420413,1,
CCCCC(CCCC(=O)Nc1ccccc1)CCC(=O)NO,7.130768280269024,1,
CCCCCC(CCCCCC(=O)Nc1ccccc1)C(=O)NO,5.886056647693163,1,
CCCCCCC(=O)N(O)C1CC(=O)C(c2ccc(Cl)cc2)C1=O,5.114073660198569,1,
CCCCCCC(CCCC(=O)NO)CCC(=O)Nc1ccccc1,6.376750709602099,1,
CCCCCCC(CCCC(=O)Nc1ccccc1)CCC(=O)NO,7.102372908709558,1,
CCCCCCC(CCCCCC(=O)Nc1ccccc1)C(=O)NO,5.698970004336019,1,
CCCCCCCC(=O)SCC/C=C(\F)[C@@H]1CC(=O)NCc2nc(cs2)C2=N[C@@](C)(CS2)C(=O)N[C@@H](C(C)C)C(=O)O1,6.5934598195660445,1,
CCCCCCCC(=O)SCC/C=C/[C@@H]1CC(=O)NCc2nc(cs2)C2=N[C@@](C)(CS2)C(=O)N[C@@H](C(C)C)C(=O)O1,6.446123750629919,2,0.6713201116893592
CCCCCCCC(=O)SCC/C=C/[C@@H]1CC(=O)N[C@H](C(C)C)C(=O)N[C@H](C)C(=O)N[C@H](C(C)C)C(=O)NCC(=O)O1,4.844663962534939,1,
CCCCCCCCCCCCCCCCNNC(=O)c1cccs1,5.221848749616356,1,
CCCCCCCCSSCC/C=C/[C@@H]1CC(=O)N[C@H](C(C)C)C(=O)N[C@H](C)C(=O)N[C@H](C(C)C)C(=O)NCC(=O)O1,5.096367483915762,1,
CCCCCCCCc1nc2cc(/C=C/C(=O)NO)ccc2n1CCCO,6.210059963865362,3,0.3216660543188767
CCCCCCCNNC(=O)c1ccc(N2CCN(C)CC2)cc1,8.267606240177031,1,
CCCCCCN(NC(=O)c1ccc(CNC(=O)CN2CCC(c3ccc(NC4CCC(=O)NC4=O)cc3)CC2)cc1)C(=O)OC(C)(C)C,4.779891911959945,1,
CCCCCCNC(=O)[C@@H]1Cc2ccc(OCC(=O)NO)cc2CN1.Cl,5.238824186844269,1,
CCCCCCNC(=O)[C@@H]1Cc2ccc(OCC(=O)NO)cc2CN1C(=O)OC(C)(C)C,5.354577730650908,1,
CCCCCCNNC(=O)c1ccc(-c2ccc(CNC(C)=O)cc2)cc1,7.443697499232712,1,
CCCCCCNNC(=O)c1ccc(CNC(=O)CN2CCC(c3ccc(NC4CCC(=O)NC4=O)cc3)CC2)cc1,5.568636235841012,1,
CCCCCCNNC(=O)c1ccc(CNC(C)=O)cc1,6.9300604567993815,2,1.0015626013296377
CCCCCCNNC(=O)c1ccc(N2CCN(C)CC2)cc1,8.119186407719209,1,
CCCCCCNNC(=O)c1cccc(NCc2ccccc2)c1,7.337242168318426,1,
CCCCCCNNC(=O)c1cnc(N2CCN(CCc3c[nH]c4ccccc34)CC2)nc1,7.886056647693163,1,
CCCCCCNNC(=O)c1cnc(N2CCN(CCc3cn(C)c4ccccc34)CC2)nc1,7.638272163982407,1,
CCCCCCNNC(=O)c1cnc(N2CCN(Cc3c[nH]c4ccccc34)CC2)nc1,8.229147988357855,1,
CCCCCCNNC(=O)c1cnc(N2CCN(Cc3cn(C)c4ccccc34)CC2)nc1,7.853871964321762,1,
CCCCCCNNC(=O)c1cnc(NCCc2ccccc2)nc1,7.552841968657781,1,
CCCCCCNNC(=O)c1cnc(NCc2ccc(CNC(C)=O)cc2)nc1,7.721246399047171,1,
CCCCCCNNC(=O)c1cnc(NCc2cccc3ccccc23)nc1,7.200659450546418,1,
CCCCCCNNC(=O)c1cnc(NCc2ccccc2)nc1,7.795880017344075,1,
CCCCCC[C@@H](CCCCCC(=O)Nc1ccccc1)C(=O)NO,5.508638306165727,1,
CCCCCC[C@H](CCCCCC(=O)Nc1ccccc1)C(=O)NO,6.1487416512809245,1,
CCCCCNC(=O)[C@@H]1Cc2ccc(OCC(=O)NO)cc2CN1.Cl,5.450996737974212,1,
CCCCCNC(=O)[C@@H]1Cc2ccc(OCC(=O)NO)cc2CN1C(=O)OC(C)(C)C,5.51999305704285,1,
CCCCCNNC(=O)c1ccc(-c2ccc(CNC(C)=O)cc2)cc1,6.455931955649724,1,
CCCCCNNC(=O)c1ccc(N2CCN(C)CC2)cc1,7.79317412396815,1,
CCCCCOc1ccc(/C=C/C(=O)NO)c(-c2ccccc2)c1,6.730487055782083,1,
CCCCCc1c(-c2ccccc2)nnn1[C@@H](Cc1ccccc1)C(=O)NO,6.795880017344075,1,
CCCCN(Cc1ccc(C(=O)NO)cc1)C(=O)CCCCn1cc(COc2cccc(Cc3cnc(NC(=O)CSc4nc(C)cc(C)n4)s3)c2)nn1,5.531652669587842,1,
CCCCN(Cc1ccc(C(=O)NO)cc1)C(=O)Nc1ccc(CN)cc1,6.211831628858832,1,
CCCCN(Cc1ccc(C(=O)NO)cc1)C(=O)Nc1ccccc1,5.972773728116018,5,0.08992940085718211
CCCCN(Cc1ccc(C(=O)NO)cc1)C(=O)Nc1ccccc1OC,6.30715308072277,1,
CCCCNNC(=O)c1ccc(-c2cc(C(=O)OCC)ccc2F)cc1,5.4089353929735005,1,
CCCCNNC(=O)c1ccc(-c2cc(C)cc(F)c2)cc1,5.443697499232712,1,
CCCCNNC(=O)c1ccc(-c2ccc(CNC(C)=O)cc2)cc1,6.443697499232712,1,
CCCCNNC(=O)c1ccc(-c2cccc(F)c2F)cc1,5.638272163982407,1,
CCCCNNC(=O)c1ccc(-c2ccccc2)cc1,5.614393726401688,3,0.0
CCCCNNC(=O)c1ccc(Br)cc1,5.618075450748233,4,0.18332375626559516
CCCCNNC(=O)c1ccc(C(C)(C)C)cc1,7.346787486224656,1,
CCCCNNC(=O)c1ccc(CN=[N+]=[N-])cc1,6.052566278112949,1,
CCCCNNC(=O)c1ccc(N(C)C)cc1,4.883724412419456,1,
CCCCNNC(=O)c1ccc(N2CCN(C)CC2)cc1,7.089909454405932,1,
CCCCNc1nc(Cl)nc2c1ncn2Cc1ccc(C(=O)Nc2ccccc2N)cc1,6.023191662661934,1,
CCCCOc1ccc(/C=C/C(=O)NO)c(-c2ccccc2)c1,6.539102157243452,1,
CCCCS(=O)(=O)NC1CCc2ccc(C(=O)NO)cc2C1,6.040958607678906,1,
CCCC[C@H]1NC(=O)C[C@@H](/C=C/CCS)OC(=O)C[C@H](O)[C@@H]([C@@H](C)CC)NC(=O)[C@@H](CS)NC1=O,6.0,1,
CCCC[C@H]1NC(=O)C[C@H]2/C=C/CCSSC[C@@H](NC1=O)C(=O)N[C@H]([C@@H](C)CC)[C@@H](O)CC(=O)O2,4.522878745280337,1,
CCCCc1ccc(-c2nc3ccc(C(=O)NO)cc3[nH]2)cc1,6.721246399047171,1,
CCCCc1nc2cc(/C=C/C(=O)NO)ccc2n1CCN(C)C,5.624885315307775,1,
CCCCc1nc2cc(/C=C/C(=O)NO)ccc2n1CCN(CC)CC,6.200659450546418,2,0.9237819960929132
CCCN(CCC)C[C@@H](C)NC(=O)c1ccc(-c2noc(C(F)(F)F)n2)cc1,5.537602002101044,1,
CCCN1CC(=O)N2Cc3c(c4ccccc4n3Cc3ccc(C(=O)NO)cc3)CC2C1=O,6.126679398184601,1,
CCCN1CC(=O)N2[C@H](Cc3c(n(Cc4ccc(C(=O)NO)cc4)c4ccccc34)[C@@H]2C)C1=O,6.774690718274137,1,
CCCN1CCC2(CC1)C[C@@H]2C(=O)N[C@@H](CCCCCC(=O)CC)c1ncc(-c2cc3ccccc3nc2OC)[nH]1,5.691862621361961,1,
CCCNNC(=O)/C=C/c1ccc(CNCCc2c(C)[nH]c3ccccc23)cc1.O=C(O)C(F)(F)F,5.7557228791981565,1,
CCCNNC(=O)c1ccc(-c2ccc(CNC(C)=O)cc2)cc1,6.154901959985743,1,
CCCNNC(=O)c1ccc(CNC(=O)[C@H](CC(C)C)NC(=O)[C@@H](O)[C@H](N)Cc2ccccc2)cc1.Cl,5.332547047110046,1,
CCCNNC(=O)c1ccc(N2CCN(C)CC2)cc1,7.030584087646019,1,
CCCNNC(=O)c1ccc(NC(=O)Cc2ccccc2)cc1,5.524183586968682,1,
CCCNNC(=O)c1ccc(NC(=O)[C@H](Cc2c[nH]c3ccccc23)NC(=O)c2ccc(OC)cc2)cc1,6.2539109569438,1,
CCCNNC(=O)c1ccc(Nc2ccccc2)cc1,5.6285626825958985,1,
CCCNNC(=O)c1cnc(N2CCN(C)CC2)nc1,6.6020599913279625,1,
CCCNNC(=O)c1cnc(N2CCN(Cc3c[nH]c4ccccc34)CC2)nc1,8.086186147616283,1,
CCCNNC(=O)c1cnc(NCc2ccc(OC)cc2)cn1,4.968834000339341,1,
CCCNNC(=O)c1cnc(NCc2ccccc2)nc1,6.0,1,
CCCNc1ccc2c3c(cccc13)C(=O)N(CCCCCC(=O)NO)C2=O,5.818156412055227,1,
CCCNc1nc(Cl)nc2c1ncn2Cc1ccc(C(=O)Nc2ccccc2N)cc1,5.7258421507363195,1,
CCCOc1ccc(/C=C/C(=O)NO)c(-c2ccccc2)c1,6.876148359032914,1,
CCCOc1ccc(C(C)=O)cc1C(=O)Nc1cc(C(=O)NO)ccc1C,6.853871964321762,1,
CCCc1cc(C(=O)Nc2ccccc2)nn1Cc1ccc(C(=O)NO)cc1,6.306800854846283,1,
CCCc1ccc2c(c1)CCC(=O)N2Cc1ccc(C(=O)NO)cc1,5.571865205971211,1,
CCN(C(=O)c1cc(C(C)(C)C)cc(C(C)(C)C)c1)c1ccc(C(=O)NO)cc1,7.03228667658116,2,0.09292858422011759
CCN(C(=O)c1ccc(C(=O)NO)cc1)c1cccc(C(C)(C)C)c1,6.293489338030797,2,0.21584807187001404
CCN(C(=O)c1ccc(C(C)(C)C)cc1)c1ccc(C(=O)NO)cc1,6.55129368009492,1,
CCN(C(=O)c1cccc(C(C)(C)C)c1)c1ccc(C(=O)NO)cc1,6.885408743301593,2,0.27280855784059227
CCN(C(=O)c1cccc(C(F)(F)F)c1)c1ccc(C(=O)NO)cc1,7.023574730622791,2,0.2572980878683475
CCN(C(=O)c1ccccc1C(F)(F)F)c1ccc(C(=O)NO)cc1,6.259376173057106,2,0.24717060127198362
CCN(CC)CCCCNC(=O)c1ccc(-c2noc(C(F)(F)F)n2)cc1,5.172630726946174,1,
CCN(CC)CCN(C)C(=O)c1ccc(-c2noc(C(F)(F)F)n2)cc1,4.966576244513051,1,
CCN(CC)CCNC(=O)c1ccc(-c2noc(C(F)(F)F)n2)cc1,5.370590400897282,1,
CCN(CC)CCn1c(-c2cccc(/C=C/C(=O)NO)c2)nc2ccccc21,7.200659450546418,1,
CCN(CC)CCn1c(CCc2ccccc2)nc2cc(/C=C/C(=O)NO)ccc21,6.5934598195660445,2,0.0
CCN(CC)Cc1cc2ccc(C(=O)NO)cc2o1,5.853871964321762,1,
CCN(CC)Cc1ccc(C(=O)NO)cc1,5.0254883072626715,1,
CCN(CC)Cc1ccc(Cn2c(=O)c(OCc3ccc(C(=O)NO)cc3)c(-c3ccccc3)c3ccccc32)cc1,6.259637310505756,1,
CCN(CC)Cc1ccc(Cn2c(=O)c(OCc3ccc(C(=O)NO)cc3)c(-c3cccnc3)c3ccccc32)cc1,6.309803919971486,1,
CCN(CC)Cc1ccc(Cn2c3c(c4ccccc42)CN(C(=O)NCc2ccc(C(=O)NO)cc2)CC3)cc1,5.957818405484234,1,
CCN(CC)Cc1ccc2cc(COC(=O)Nc3ccc(C(=O)NO)cc3)ccc2c1,6.07727454200674,1,
CCN(c1ccc(C(=O)NO)cc1)S(=O)(=O)c1cc(C(F)(F)F)cc(C(F)(F)F)c1,6.386730978583062,2,0.17637831828908784
CCN(c1ccc(C(=O)NO)cc1)S(=O)(=O)c1cccc(C(C)(C)C)c1,7.0945445034745696,2,0.23013548950508578
CCN(c1ccc(C(=O)NO)cc1)S(=O)(=O)c1cccc(C(F)(F)F)c1,6.6789656863292475,2,0.29761361221620636
CCN1CCCC(C(=O)N(Cc2ccc(-c3noc(C(F)(F)F)n3)cn2)c2cccc(F)c2)C1,5.698970004336019,1,
CCN1CCCC(n2c(-c3cccc(/C=C/C(=O)NO)c3)nc3ccccc32)C1,6.920818753952375,1,
CCN1CCC[C@@H](n2c(-c3cccc(/C=C/C(=O)NO)c3)nc(-c3ccccc3)c2C)C1,7.508638306165727,1,
CCN1CCC[C@@H](n2c(-c3cccc(/C=C/C(=O)NO)c3)nc(C)c2-c2ccccc2)C1,7.301029995663981,1,
CCN1CCC[C@@H](n2c(-c3cccc(/C=C/C(=O)NO)c3)nc(C)c2C)C1,7.0,1,
CCN1CCC[C@@H](n2c(-c3cccc(/C=C/C(=O)NO)c3)nc(Cc3ccccc3)c2C)C1,7.301029995663981,1,
CCN1CCC[C@@H](n2c(-c3cccc(/C=C/C(=O)NO)c3)nc3ccccc32)C1,6.920818753952375,1,
CCN1CCC[C@@H](n2c(-c3ccccc3)nc(C)c2-c2cccc(/C=C/C(=O)NO)c2)C1,6.3979400086720375,1,
CCN1CCC[C@@H](n2c(C)nc(C)c2-c2cccc(/C=C/C(=O)NO)c2)C1,6.301029995663981,1,
CCN1CCC[C@@H](n2c(Cc3ccccc3)nc(C)c2-c2cccc(/C=C/C(=O)NO)c2)C1,7.0,1,
CCN1CCC[C@H](n2c(-c3cccc(/C=C/C(=O)NO)c3)nc3ccccc32)C1,6.795880017344075,1,
CCNNC(=O)c1ccc(N2CCN(C)CC2)cc1,6.993962045002682,1,
CCNc1nc(Cl)nc2c1ncn2Cc1ccc(C(=O)Nc2ccccc2N)cc1,5.625251653989896,1,
CCOC(=O)N1CCN(c2ccc(-c3noc(C(F)(F)F)n3)cn2)C(c2ccccc2)C1,5.3979400086720375,1,
CCOC(=O)NCCCC(=O)NCCc1ccccc1,5.301029995663981,1,
CCOC(=O)Nc1cccc(-c2csc(NC(=O)CCCCCC(=O)NO)n2)c1,6.104025267640935,1,
CCOP(=O)(CNCc1ccc(C(=O)Nc2cc(-c3cccs3)ccc2N)cc1)OCC,4.431798275933005,1,
CCOc1cc(/C=C2/C(=O)NCC(=O)N2C)ccc1/C=C/C(=O)NO,7.876148359032914,1,
CCOc1cc(C(C)(C)C)ccc1C1=NC(c2ccc(Cl)cc2)C(c2ccc(Cl)cc2)N1C(=O)N1CCN(CCCCCCC(=O)NO)CC1,5.912218582190458,1,
CCOc1cc(C)nc(NC2CCc3ccc(C(=O)NO)cc3C2)n1,6.537602002101044,1,
CCOc1ccc(-c2nc(C(=O)NCc3ccc(C(=O)NO)cc3)c3[nH]c(=O)n(-c4cccnc4OC)c3n2)cn1,6.858550226599533,1,
CCOc1ccc(C(=O)NO)cc1NC(=O)c1ccc(-c2ccccc2)cc1,6.827689031478046,1,
CCOc1ccc(C(=O)NO)cc1NC(=O)c1ccc(Cl)cc1Cl,6.638272163982407,1,
CCOc1ccc(C(=O)NO)cc1NC(=O)c1ccccc1,6.7657358756212105,1,
CCOc1ccc(C(=O)Nc2cc(C(=O)NO)ccc2OC)cc1,6.358129454523688,1,
CCOc1ccc(C(C)=O)cc1NC(=O)c1cc(C(=O)NO)ccc1C,7.154901959985743,1,
CCOc1ccc(C(C)=O)cc1NC(=O)c1cc(C(=O)NO)ccc1Cl,6.657577319177793,1,
CCOc1ccc(C(C)=O)cc1NC(=O)c1cccc(C(=O)NO)c1,6.229147988357855,1,
CCOc1ccc(C2c3ccccc3CCN2CCC(=O)NO)cc1,6.6777807052660805,1,
CCOc1ccc2nc(NC(=O)COc3ccc4cc(/C=C5/SC(=O)NC5=O)ccc4c3)sc2c1,4.769551078621726,1,
CCOc1cccc(-c2ccc3c(NC(=O)CCCCCCC(=O)NO)n[nH]c3c2)c1,8.468521082957745,1,
CCS/C(Nc1ccccc1)=C(\C#N)C(=O)N/N=C\c1ccc(Cl)cc1Cl,6.694648630553376,1,
CCS/C(Nc1ccccc1)=C(\C#N)C(=O)Nc1ccc(OC)cc1,6.530177984021837,1,
CCSC(=S)SCC(=O)c1ccc(OC)cc1,4.800000052738446,1,
CC[C@@H](C)[C@@H]1NC(=O)[C@@H](Cc2ccc(OC)cc2)NC(=O)[C@H](CCCCCC(=O)C(F)(F)F)NC(=O)[C@H]2CCCN2C1=O,6.431798275933005,1,
CC[C@@H]1OC(=O)[C@@H](C)[C@H](O[C@@H]2C[C@](C)(OC)[C@@](O)(CN(C)C)[C@@H](C)O2)[C@H](C)[C@H](O[C@@H]2O[C@H](C)C[C@H](N(C)Cc3ccc(-c4cn(CCCCCC(=O)NO)nn4)cc3)[C@H]2O)[C@@](C)(OC)C[C@H](C)C(=O)[C@@H](C)[C@@H](O)[C@@]1(C)O,5.494850021680094,1,
CC[C@@H]1OC(=O)[C@@H](C)[C@H](O[C@@H]2C[C@](C)(OC)[C@@](O)(CN(C)C)[C@@H](C)O2)[C@H](C)[C@H](O[C@@H]2O[C@H](C)C[C@H](N(C)Cc3ccc(-c4cn(CCCCCCC(=O)NO)nn4)cc3)[C@H]2O)[C@@](C)(OC)C[C@H](C)C(=O)[C@@H](C)[C@@H](O)[C@@]1(C)O,5.655607726314889,1,
CC[C@@H]1OC(=O)[C@@H](C)[C@H](O[C@H]2C[C@@](C)(OC)[C@@H](O)[C@H](C)O2)[C@@H](C)[C@H](O[C@H]2O[C@@H](C)C[C@@H](N(C)C)[C@@H]2O)[C@](C)(O)C[C@H](C)CN(Cc2ccc(-c3cn(CCCCCCC(=O)NO)nn3)cc2)[C@H](C)[C@H](O)[C@@]1(C)O,5.769551078621726,1,
CC[C@@H]1OC(=O)[C@@H](C)[C@H](O[C@H]2C[C@@](C)(OC)[C@@H](O)[C@H](C)O2)[C@H](C)[C@H](O[C@@H]2O[C@H](C)C[C@H](N(C)Cc3ccc(-c4cn(CCC(=O)NO)nn4)cc3)[C@H]2O)[C@@](C)(OC)C[C@H](C)C(=O)[C@@H](C)[C@@H](O)[C@@]1(C)O,5.610833915635467,1,
CC[C@@H]1OC(=O)[C@@H](C)[C@H](O[C@H]2C[C@@](C)(OC)[C@@H](O)[C@H](C)O2)[C@H](C)[C@H](O[C@@H]2O[C@H](C)C[C@H](N(C)Cc3ccc(-c4cn(CCCCC(=O)NO)nn4)cc3)[C@H]2O)[C@@](C)(OC)C[C@H](C)C(=O)[C@@H](C)[C@@H](O)[C@@]1(C)O,6.057000406633959,1,
CC[C@@H]1OC(=O)[C@@H](C)[C@H](O[C@H]2C[C@@](C)(OC)[C@@H](O)[C@H](C)O2)[C@H](C)[C@H](O[C@@H]2O[C@H](C)C[C@H](N(C)Cc3ccc(-c4cn(CCCCCCC(=O)NO)nn4)cc3)[C@H]2O)[C@@](C)(OC)C[C@H](C)C(=O)[C@@H](C)[C@@H](O)[C@@]1(C)O,6.146910470148134,1,
CC[C@@H]1OC(=O)[C@@H](C)[C@H](O[C@H]2C[C@@](C)(OC)[C@](O)(CN(C)Cc3ccc(-c4cn(CC(=O)NO)nn4)cc3)[C@H](C)O2)[C@H](C)[C@H](O[C@@H]2O[C@H](C)C[C@H](N(C)C)[C@H]2O)[C@@](C)(OC)C[C@H](C)C(=O)[C@@H](C)[C@@H](O)[C@@]1(C)O,5.147520006363143,1,
CC[C@@H]1OC(=O)[C@@H](C)[C@H](O[C@H]2C[C@@](C)(OC)[C@](O)(CN(C)Cc3ccc(-c4cn(CCC(=O)NO)nn4)cc3)[C@H](C)O2)[C@H](C)[C@H](O[C@@H]2O[C@H](C)C[C@H](N(C)C)[C@H]2O)[C@@](C)(OC)C[C@H](C)C(=O)[C@@H](C)[C@@H](O)[C@@]1(C)O,4.991399828238082,1,
CC[C@@H]1OC(=O)[C@@H](C)[C@H](O[C@H]2C[C@@](C)(OC)[C@](O)(CN(C)Cc3ccc(-c4cn(CCCCC(=O)NO)nn4)cc3)[C@H](C)O2)[C@H](C)[C@H](O[C@@H]2O[C@H](C)C[C@H](N(C)C)[C@H]2O)[C@@](C)(OC)C[C@H](C)C(=O)[C@@H](C)[C@@H](O)[C@@]1(C)O,5.739928612014925,1,
CC[C@@H]1OC(=O)[C@@H](C)[C@H](O[C@H]2C[C@@](C)(OC)[C@](O)(CN(C)Cc3ccc(-c4cn(CCCCCCC(=O)NO)nn4)cc3)[C@H](C)O2)[C@H](C)[C@H](O[C@@H]2O[C@H](C)C[C@H](N(C)C)[C@H]2O)[C@@](C)(OC)C[C@H](C)C(=O)[C@@H](C)[C@@H](O)[C@@]1(C)O,5.735182176990463,1,
CC[C@@H]1OC(=O)[C@H](C)[C@@H](O[C@@H]2C[C@](C)(OC)[C@@](O)(CN(C)Cc3ccc(-c4cn(CCCC(=O)NO)nn4)cc3)[C@@H](C)O2)[C@@H](C)[C@@H](O[C@@H]2O[C@H](C)C[C@H](N(C)C)[C@H]2O)[C@](C)(O)C[C@@H](C)CN(C)[C@H](C)[C@@H](O)[C@]1(C)O,5.928117992693874,1,
CC[C@@H]1OC(=O)[C@H](C)[C@@H](O[C@@H]2C[C@](C)(OC)[C@@](O)(CN(C)Cc3ccc(-c4cn(CCCCCC(=O)NO)nn4)cc3)[C@@H](C)O2)[C@@H](C)[C@@H](O[C@@H]2O[C@H](C)C[C@H](N(C)C)[C@H]2O)[C@](C)(O)C[C@@H](C)CN(C)[C@H](C)[C@@H](O)[C@]1(C)O,6.104577453960593,1,
CC[C@@H]1OC(=O)[C@H](C)[C@@H](O[C@@H]2C[C@](C)(OC)[C@H](O)[C@@H](C)O2)[C@@H](C)[C@@H](O[C@@H]2O[C@H](C)C[C@H](N(C)Cc3ccc(-c4cn(CCCCC(=O)NO)nn4)cc3)[C@H]2O)[C@](C)(O)C[C@@H](C)CN(C)[C@H](C)[C@@H](O)[C@]1(C)O,5.269217724333611,1,
CC[C@@H]1OC(=O)[C@H](C)[C@@H](O[C@@H]2C[C@](C)(OC)[C@H](O)[C@@H](C)O2)[C@@H](C)[C@@H](O[C@@H]2O[C@H](C)C[C@H](N(C)Cc3cccc(-c4cn(CCCCCC(=O)NO)nn4)c3)[C@H]2O)[C@](C)(O)C[C@@H](C)CN(C)[C@H](C)[C@@H](O)[C@]1(C)O,6.218963061378869,1,
CC[C@@H]1OC(=O)[C@H](C)[C@@H](O[C@@H]2C[C@](C)(OC)[C@H](O)[C@@H](C)O2)[C@@H](C)[C@@H](O[C@@H]2O[C@H](C)C[C@H](N(C)Cc3cccc(-c4cn(CCCCCCC(=O)NO)nn4)c3)[C@H]2O)[C@](C)(O)C[C@@H](C)CN(C)[C@H](C)[C@@H](O)[C@]1(C)O,5.84163750790475,1,
CC[C@@H]1OC(=O)[C@H](C)[C@@H](O[C@@H]2C[C@](C)(OC)[C@H](O)[C@@H](C)O2)[C@@H](C)[C@@H](O[C@@H]2O[C@H](C)C[C@H](N(C)Cc3ccccc3-c3cn(CCCCCC(=O)NO)nn3)[C@H]2O)[C@](C)(O)C[C@@H](C)CN(C)[C@H](C)[C@@H](O)[C@]1(C)O,5.366531544420413,1,
CC[C@@H]1OC(=O)[C@H](C)[C@@H](O[C@@H]2C[C@](C)(OC)[C@H](O)[C@@H](C)O2)[C@@H](C)[C@@H](O[C@@H]2O[C@H](C)C[C@H](N(C)Cc3ccccc3-c3cn(CCCCCCC(=O)NO)nn3)[C@H]2O)[C@](C)(O)C[C@@H](C)CN(C)[C@H](C)[C@@H](O)[C@]1(C)O,5.892790030352131,1,
CC[C@@H]1OC(=O)[C@H](C)[C@@H](O[C@H]2C[C@@](C)(OC)[C@](O)(CN(C)C)[C@H](C)O2)[C@@H](C)[C@@H](O[C@@H]2O[C@H](C)C[C@H](N(C)Cc3ccc(-c4cn(CCCCCC(=O)NO)nn4)cc3)[C@H]2O)[C@](C)(O)C[C@@H](C)CN(C)[C@H](C)[C@@H](O)[C@]1(C)O,5.962573502059376,1,
CC[C@@H]1OC(=O)[C@H](C)[C@@H](O[C@H]2C[C@@](C)(OC)[C@](O)(CN(C)Cc3ccc(-c4cn(CCC(=O)NO)nn4)cc3)[C@H](C)O2)[C@@H](C)[C@@H](O[C@@H]2O[C@H](C)C[C@H](N(C)C)[C@H]2O)[C@](C)(O)C[C@@H](C)CN(C)[C@H](C)[C@@H](O)[C@]1(C)O,5.651695136951839,1,
CC[C@@]1(O)C(=O)OCc2c1cc1n(c2=O)Cc2cc3cc(OCc4cn(CCCCCCC(=O)NO)nn4)ccc3nc2-1,5.980468315468745,1,
CC[C@H](C)[C@@H](CN1Cc2cc(OCC(=O)NO)ccc2C[C@H]1C(=O)Nc1ccc(OC)cc1)NC(=O)CC(C)(C)C,6.47755576649368,1,
CC[C@H](C)[C@@H](CN1Cc2cc(OCC(=O)NO)ccc2C[C@H]1C(=O)Nc1ccc(OC)cc1)NC(=O)OC(C)(C)C,6.580044251510242,1,
CC[C@H](C)[C@@H]1NC(=O)[C@@H](Cc2ccc(OC)cc2)NC(=O)[C@H](CCCCCC(=O)C(F)(F)C(F)(F)F)NC(=O)[C@H]2CCCN2C1=O,6.107905397309519,2,0.0
CC[C@H](C)[C@@H]1NC(=O)[C@@H](Cc2ccc(OC)cc2)NC(=O)[C@H](CCCCCC(=O)C(F)(F)F)NC(=O)[C@H]2CCCN2C1=O,6.431798275933005,2,0.0
CC[C@H](C)[C@@H]1NC(=O)[C@@H](Cc2ccc(OC)cc2)NC(=O)[C@H](CCCCSCC(=O)C(F)(F)F)NC(=O)[C@H]2CCCN2C1=O,6.638272163982407,1,
CC[C@H](C)[C@H](N)C(=O)N1CC2(C[C@H]1C(=O)NCCCCCC(=O)NO)SCCS2.Cl,5.97061622231479,1,
CC[C@H](C)[C@H](N)C(=O)N1Cc2cc(OCC(=O)NO)ccc2C[C@H]1C(=O)Nc1ccc(OC)cc1.Cl,5.982966660701219,1,
CC[C@H](C)[C@H](NC(=O)C1CCN(C(=O)OC(C)(C)C)CC1)C(=O)N1Cc2cc(OCC(=O)NO)ccc2C[C@H]1C(=O)Nc1ccc(OC)cc1,6.8326826652518236,1,
CC[C@H](C)[C@H](NC(=O)C1CCNCC1)C(=O)N1Cc2cc(OCC(=O)NO)ccc2C[C@H]1C(=O)Nc1ccc(OC)cc1.Cl,5.84163750790475,1,
CC[C@H](C)[C@H](NC(=O)CC(C)(C)C)C(=O)N1Cc2cc(OCC(=O)NO)ccc2C[C@H]1C(=O)Nc1ccc(OC)cc1,6.835647144215563,1,
CC[C@H](C)[C@H](NC(=O)OC(C)(C)C)C(=O)N1CC2(C[C@H]1C(=O)NCCCCCC(=O)NO)SCCS2,5.882728704344236,1,
CC[C@H](C)[C@H](NC(=O)OC(C)(C)C)C(=O)N1Cc2cc(OCC(=O)NO)ccc2C[C@H]1C(=O)Nc1ccc(OC)cc1,6.856985199745905,1,
CC[C@H](C)[C@H](NC(=O)[C@@H](N)C(C)C)C(=O)N1Cc2cc(OCC(=O)NO)ccc2C[C@H]1C(=O)Nc1ccc(OC)cc1.Cl,7.167491087293763,1,
CC[C@H](C)[C@H](NC(=O)[C@@H](NC(=O)OC(C)(C)C)C(C)C)C(=O)N1Cc2cc(OCC(=O)NO)ccc2C[C@H]1C(=O)Nc1ccc(OC)cc1,6.6968039425795105,1,
CC[C@H](C)[C@H](NC(=O)[C@@H]1CCCN1)C(=O)N1Cc2cc(OCC(=O)NO)ccc2C[C@H]1C(=O)Nc1ccc(OC)cc1.Cl,7.327902142064282,1,
CC[C@H](C)[C@H](NC(=O)[C@@H]1CCCN1C(=O)OC(C)(C)C)C(=O)N1Cc2cc(OCC(=O)NO)ccc2C[C@H]1C(=O)Nc1ccc(OC)cc1,6.71669877129645,1,
CC[C@H](C)[C@H]1NC(=O)[C@@H](CS)NC(=O)[C@@H](CCSC)NC(=O)C[C@@H](/C=C/CCS)OC(=O)C[C@@H]1O,5.920818753952375,1,
CC[C@H](C)[C@H]1NC(=O)[C@H](Cc2ccc(OC)cc2)NC(=O)[C@@H](CCCCSCC(=O)C(F)(F)F)NC(=O)[C@@H]2CCCN2C1=O,6.638272163982407,1,
CC[C@H](Nc1ncnc2[nH]cnc12)c1nc(CCCCC(=O)NO)c2ccccc2n1,5.712870379280889,1,
CC[C@H](Nc1ncnc2[nH]cnc12)c1nc(CCCCCC(=O)NO)c2ccccc2n1,6.452225294612178,1,
CC[C@H](Nc1ncnc2[nH]cnc12)c1nc(NCCCC(=O)NO)c2ccccc2n1,5.208028798979232,1,
CC[C@H](Nc1ncnc2[nH]cnc12)c1nc2cccc(-c3ccc(C(=O)NO)cc3)c2c(=O)n1-c1ccccc1,7.1487416512809245,1,
CC[C@H](Nc1ncnc2[nH]cnc12)c1nc2cccc(CCCCC(=O)NO)c2c(=O)n1-c1ccccc1,6.414539270491499,1,
CC[C@H](Nc1ncnc2[nH]cnc12)c1nc2cccc(CCCCCC(=O)NO)c2c(=O)n1-c1ccccc1,6.596879478824182,1,
CC[C@H](Nc1ncnc2[nH]cnc12)c1nc2cccc(CCc3ccc(C(=O)NO)cc3)c2c(=O)n1-c1ccccc1,5.415668775632469,1,
CC[C@H](Nc1ncnc2[nH]cnc12)c1nc2cccc(CNC(=O)c3ccc(C(=O)NO)cc3)c2c(=O)n1-c1ccccc1,6.860120913598763,1,
CC[C@H](Nc1ncnc2[nH]cnc12)c1nc2cccc(CNc3ncc(C(=O)NO)cn3)c2c(=O)n1-c1ccccc1,6.494850021680094,1,
CC[C@H](Nc1ncnc2[nH]cnc12)c1nc2cccc(NCCCC(=O)NO)c2c(=O)n1-c1ccccc1,5.754981129262247,1,
CC[C@H](Nc1ncnc2[nH]cnc12)c1nc2cccc(NCc3ccc(C(=O)NO)cc3)c2c(=O)n1-c1ccccc1,6.6020599913279625,1,
CC[C@H](Nc1ncnc2[nH]cnc12)c1nc2cccc(NCc3ccc(C(=O)NO)cn3)c2c(=O)n1-c1ccccc1,6.690369832574101,1,
CC[C@H]1OC(=O)[C@@H](C)[C@H](O[C@@H]2C[C@](C)(OC)[C@@](O)(CN(C)Cc3ccc(-c4cn(CC(=O)NO)nn4)cc3)[C@@H](C)O2)[C@H](C)[C@H](O[C@H]2O[C@@H](C)C[C@@H](N(C)C)[C@@H]2O)[C@@](C)(O)C[C@H](C)CN(C)[C@@H](C)[C@H](O)[C@@]1(C)O,5.345823458122039,1,
CC[C@H]1OC(=O)[C@@H](C)[C@H](O[C@H]2C[C@@](C)(OC)[C@@H](O)[C@H](C)O2)[C@H](C)[C@H](O[C@H]2O[C@@H](C)C[C@@H](N(C)Cc3ccc(-c4cn(CCCCCC(=O)NO)nn4)cc3)[C@@H]2O)[C@@](C)(O)C[C@H](C)CN(C)[C@@H](C)[C@H](O)[C@@]1(C)O,6.1911141326401875,1,
CC[C@H]1OC(=O)[C@@H](C)[C@H](O[C@H]2C[C@@](C)(OC)[C@@H](O)[C@H](C)O2)[C@H](C)[C@H](O[C@H]2O[C@@H](C)C[C@@H](N(C)Cc3ccc(-c4cn(CCCCCCC(=O)NO)nn4)cc3)[C@@H]2O)[C@@](C)(O)C[C@H](C)CN(C)[C@@H](C)[C@H](O)[C@@]1(C)O,6.503070351926786,1,
CC[C@H]1OC(=O)[C@@H](C)[C@H](O[C@H]2C[C@@](C)(OC)[C@](O)(CN(C)C)[C@H](C)O2)[C@H](C)[C@H](O[C@H]2O[C@@H](C)C[C@@H](N(C)Cc3ccc(-c4cn(CCCCCCC(=O)NO)nn4)cc3)[C@@H]2O)[C@@](C)(O)C[C@H](C)CN(C)[C@@H](C)[C@H](O)[C@@]1(C)O,6.125518182300533,1,
CC[C@H]1OC(=O)[C@@H](C)[C@H](O[C@H]2C[C@@](C)(OC)[C@](O)(CN(C)Cc3ccc(-c4cn(CCCCC(=O)NO)nn4)cc3)[C@H](C)O2)[C@H](C)[C@H](O[C@H]2O[C@@H](C)C[C@@H](N(C)C)[C@@H]2O)[C@@](C)(O)C[C@H](C)CN(C)[C@@H](C)[C@H](O)[C@@]1(C)O,6.149353764816933,1,
CC[C@H]1OC(=O)[C@@H](C)[C@H](O[C@H]2C[C@@](C)(OC)[C@](O)(CN(C)Cc3ccc(-c4cn(CCCCCCC(=O)NO)nn4)cc3)[C@H](C)O2)[C@H](C)[C@H](O[C@H]2O[C@@H](C)C[C@@H](N(C)C)[C@@H]2O)[C@@](C)(O)C[C@H](C)CN(C)[C@@H](C)[C@H](O)[C@@]1(C)O,6.087777943467584,1,
CC[C@H]1OC(=O)[C@H](C)C(=O)[C@H](C)[C@@H](O[C@@H]2O[C@H](C)C[C@H](N(C)Cc3ccc(-c4cn(CC(=O)NO)nn4)cc3)[C@H]2O)[C@@](C)(OC)C[C@@H](C)C2=NCCN3C(=O)O[C@@]1(C)[C@H]3[C@H]2C,5.54515513999149,1,
CC[C@H]1OC(=O)[C@H](C)C(=O)[C@H](C)[C@@H](O[C@@H]2O[C@H](C)C[C@H](N(C)Cc3ccc(-c4cn(CCCC(=O)NO)nn4)cc3)[C@H]2O)[C@@](C)(OC)C[C@@H](C)C2=NCCN3C(=O)O[C@@]1(C)[C@H]3[C@H]2C,5.649751981665837,1,
CC[C@H]1OC(=O)[C@H](C)C(=O)[C@H](C)[C@@H](O[C@@H]2O[C@H](C)C[C@H](N(C)Cc3ccc(-c4cn(CCCCC(=O)NO)nn4)cc3)[C@H]2O)[C@@](C)(OC)C[C@@H](C)C2=NCCN3C(=O)O[C@@]1(C)[C@H]3[C@H]2C,5.493494967595128,1,
CC[C@H]1OC(=O)[C@H](C)C(=O)[C@H](C)[C@@H](O[C@@H]2O[C@H](C)C[C@H](N(C)Cc3ccc(-c4cn(CCCCCC(=O)NO)nn4)cc3)[C@H]2O)[C@@](C)(OC)C[C@@H](C)C2=NCCN3C(=O)O[C@@]1(C)[C@H]3[C@H]2C,5.692503962086787,1,
CC[C@H]1OC(=O)[C@H](C)C(=O)[C@H](C)[C@@H](O[C@@H]2O[C@H](C)C[C@H](N(C)Cc3ccc(-c4cn(CCCCCC(=O)NO)nn4)cc3)[C@H]2O)[C@](C)(OC)C[C@@H](C)C2=NCCN3C(=O)O[C@@]1(C)[C@H]3[C@H]2C,6.098977826751921,1,
CC[C@H]1OC(=O)[C@H](C)C(=O)[C@H](C)[C@@H](O[C@@H]2O[C@H](C)C[C@H](N(C)Cc3ccc(-c4cn(CCCCCCC(=O)NO)nn4)cc3)[C@H]2O)[C@@](C)(OC)C[C@@H](C)C2=NCCN3C(=O)O[C@@]1(C)[C@H]3[C@H]2C,5.823908740944319,1,
CC[C@H]1OC(=O)[C@H](C)C(=O)[C@H](C)[C@@H](O[C@@H]2O[C@H](C)C[C@H](N(C)Cc3ccc(-c4cn(CCCCCCC(=O)NO)nn4)cc3)[C@H]2O)[C@](C)(OC)C[C@@H](C)C2=NCCN3C(=O)O[C@@]1(C)[C@H]3[C@H]2C,6.6777807052660805,1,
CC[C@H]1OC(=O)[C@H](C)C(=O)[C@H](C)[C@@H](O[C@@H]2O[C@H](C)C[C@H](N(C)Cc3ccc(-c4cn(CCCCCCCC(=O)NO)nn4)cc3)[C@H]2O)[C@](C)(OC)C[C@@H](C)C2=NCCN3C(=O)O[C@@]1(C)[C@H]3[C@H]2C,6.236572006437063,1,
CC[C@H]1OC(=O)[C@H](C)C(=O)[C@H](C)[C@@H](O[C@@H]2O[C@H](C)C[C@H](N(C)Cc3ccc(-c4cn(CCCCCCCCC(=O)NO)nn4)cc3)[C@H]2O)[C@](C)(OC)C[C@@H](C)C2=NCCN3C(=O)O[C@@]1(C)[C@H]3[C@H]2C,6.207608310501746,1,
CC[C@H]1OC(=O)[C@H](C)C(=O)[C@H](C)[C@@H](O[C@@H]2O[C@H](C)C[C@H](N(C)Cc3ccc(-c4cn(CCCCCCCCCC(=O)NO)nn4)cc3)[C@H]2O)[C@](C)(OC)C[C@@H](C)C2=NCCN3C(=O)O[C@@]1(C)[C@H]3[C@H]2C,6.0835460514500745,1,
CC[C@H]1OC(=O)[C@H](C)C(=O)[C@H](C)[C@@H](O[C@@H]2O[C@H](C)C[C@H](N(C)Cc3cccc(-c4cn(CCCCCC(=O)NO)nn4)c3)[C@H]2O)[C@@](C)(OC)C[C@@H](C)C2=NCCN3C(=O)O[C@@]1(C)[C@H]3[C@H]2C,5.490797477668897,1,
CC[C@H]1OC(=O)[C@H](C)C(=O)[C@H](C)[C@@H](O[C@@H]2O[C@H](C)C[C@H](N(C)Cc3cccc(-c4cn(CCCCCCC(=O)NO)nn4)c3)[C@H]2O)[C@@](C)(OC)C[C@@H](C)C2=NCCN3C(=O)O[C@@]1(C)[C@H]3[C@H]2C,6.508638306165727,1,
CC[C@H]1OC(=O)[C@H](C)C(=O)[C@H](C)[C@@H](O[C@@H]2O[C@H](C)C[C@H](N(C)Cc3ccccc3-c3cn(CCCCCC(=O)NO)nn3)[C@H]2O)[C@@](C)(OC)C[C@@H](C)C2=NCCN3C(=O)O[C@@]1(C)[C@H]3[C@H]2C,5.924453038607469,1,
CC[C@H]1OC(=O)[C@H](C)C(=O)[C@H](C)[C@@H](O[C@@H]2O[C@H](C)C[C@H](N(C)Cc3ccccc3-c3cn(CCCCCCC(=O)NO)nn3)[C@H]2O)[C@@](C)(OC)C[C@@H](C)C2=NCCN3C(=O)O[C@@]1(C)[C@H]3[C@H]2C,5.610833915635467,1,
CC[C@H]1OC(=O)[C@H](C)[C@@H](O)[C@H](C)[C@@H](O[C@@H]2O[C@H](C)C[C@H](N(C)Cc3ccc(-c4cn(CCCCCC(=O)NO)nn4)cc3)[C@H]2O)[C@](C)(O)C[C@@H](C)CN(C)[C@H](C)[C@@H](O)[C@]1(C)O,5.427128397799519,1,
CC[C@H]1OC(=O)[C@H](C)[C@@H](O)[C@H](C)[C@@H](O[C@@H]2O[C@H](C)C[C@H](N(C)Cc3ccc(-c4cn(CCCCCC(=O)NO)nn4)cc3)[C@H]2O)[C@](C)(OC)C[C@@H](C)C(=O)[C@H](C)[C@@H](O)[C@]1(C)O,5.323306390375134,1,
CC[C@H]1OC(=O)[C@H](C)[C@@H](O)[C@H](C)[C@@H](O[C@@H]2O[C@H](C)C[C@H](N(C)Cc3ccc(-c4cn(CCCCCCC(=O)NO)nn4)cc3)[C@H]2O)[C@](C)(O)C[C@@H](C)CN(C)[C@H](C)[C@@H](O)[C@]1(C)O,5.991399828238082,1,
CC[C@H]1OC(=O)[C@H](C)[C@@H](O)[C@H](C)[C@@H](O[C@@H]2O[C@H](C)C[C@H](N(C)Cc3ccc(-c4cn(CCCCCCC(=O)NO)nn4)cc3)[C@H]2O)[C@](C)(OC)C[C@@H](C)C(=O)[C@H](C)[C@@H](O)[C@]1(C)O,5.856985199745905,2,0.0
CC[C@H]1OC(=O)[C@H](C)[C@@H](O)[C@H](C)[C@@H](O[C@@H]2O[C@H](C)C[C@H](N(C)Cc3ccc(-c4cn(CCCCCCCC(=O)NO)nn4)cc3)[C@H]2O)[C@](C)(O)C[C@@H](C)CN(C)[C@H](C)[C@@H](O)[C@]1(C)O,5.168770306132936,1,
CC[C@H]1OC(=O)[C@H](C)[C@@H](O)[C@H](C)[C@@H](O[C@@H]2O[C@H](C)C[C@H](N(C)Cc3ccc(-c4cn(CCCCCCCC(=O)NO)nn4)cc3)[C@H]2O)[C@](C)(OC)C[C@@H](C)C(=O)[C@H](C)[C@@H](O)[C@]1(C)O,5.354577730650908,1,
CC[C@H]1OC(=O)[C@H](C)[C@@H](O)[C@H](C)[C@@H](O[C@@H]2O[C@H](C)C[C@H](N(C)Cc3ccc(NC(=O)CCCCCCC(=O)NO)cc3)[C@H]2O)[C@](C)(O)C[C@@H](C)CN(C)[C@H](C)[C@@H](O)[C@]1(C)O,5.634512015109101,1,
CC[C@H]1OC(=O)[C@H](C)[C@@H](O[C@@H]2C[C@](C)(OC)[C@@](O)(CN(C)Cc3ccc(-c4cn(CCCC(=O)NO)nn4)cc3)[C@@H](C)O2)[C@@H](C)[C@@H](O[C@H]2O[C@@H](C)C[C@@H](N(C)C)[C@@H]2O)[C@](C)(OC)C[C@@H](C)C(=O)[C@H](C)[C@H](O)[C@]1(C)O,5.596879478824182,1,
CC[C@H]1OC(=O)[C@H](C)[C@@H](O[C@@H]2C[C@](C)(OC)[C@@](O)(CN(C)Cc3ccc(-c4cn(CCCCCC(=O)NO)nn4)cc3)[C@@H](C)O2)[C@@H](C)[C@@H](O[C@H]2O[C@@H](C)C[C@@H](N(C)C)[C@@H]2O)[C@](C)(OC)C[C@@H](C)C(=O)[C@H](C)[C@H](O)[C@]1(C)O,6.006563769502389,1,
CC[C@H]1OC(=O)[C@H](C)[C@@H](O[C@@H]2C[C@](C)(OC)[C@H](O)[C@@H](C)O2)[C@@H](C)[C@@H](O[C@H]2O[C@@H](C)C[C@@H](N(C)Cc3ccc(-c4cn(CCCC(=O)NO)nn4)cc3)[C@@H]2O)[C@](C)(OC)C[C@@H](C)C(=O)[C@H](C)[C@H](O)[C@]1(C)O,6.006123085058789,1,
CC[C@H]1OC(=O)[C@H](C)[C@@H](O[C@@H]2C[C@](C)(OC)[C@H](O)[C@@H](C)O2)[C@@H](C)[C@@H](O[C@H]2O[C@@H](C)C[C@@H](N(C)Cc3ccc(-c4cn(CCCCCC(=O)NO)nn4)cc3)[C@@H]2O)[C@](C)(OC)C[C@@H](C)C(=O)[C@H](C)[C@H](O)[C@]1(C)O,5.928117992693874,1,
CC[C@H]1OC(=O)[C@H](C)[C@@H](O[C@@H]2C[C@](C)(OC)[C@H](O)[C@@H](C)O2)[C@H](C)[C@@H](O[C@@H]2O[C@H](C)C[C@H](N(C)C)[C@H]2O)[C@@](C)(O)C[C@@H](C)CN(Cc2ccc(-c3cn(CCCC(=O)NO)nn3)cc2)[C@@H](C)[C@@H](O)[C@]1(C)O,5.557520230935552,1,
CC[C@H]1OC(=O)[C@H](C)[C@@H](O[C@@H]2C[C@](C)(OC)[C@H](O)[C@@H](C)O2)[C@H](C)[C@@H](O[C@@H]2O[C@H](C)C[C@H](N(C)C)[C@H]2O)[C@@](C)(O)C[C@@H](C)CN(Cc2ccc(-c3cn(CCCCCC(=O)NO)nn3)cc2)[C@@H](C)[C@@H](O)[C@]1(C)O,5.625251653989896,1,
CC[C@H]1OC(=O)[C@H](C)[C@@H](O[C@H]2C[C@@](C)(OC)[C@@H](O)[C@H](C)O2)[C@H](C)[C@@H](O[C@@H]2O[C@H](C)C[C@H](N(C)Cc3ccc(-c4cn(CCCCCC(=O)NO)nn4)cc3)[C@H]2O)[C@](C)(O)C[C@@H](C)CN(C)[C@H](C)[C@@H](O)[C@]1(C)O,5.325138859262188,1,
CC[C@H]1OC(=O)[C@H](C)[C@@H](O[C@H]2C[C@@](C)(OC)[C@@H](O)[C@H](C)O2)[C@H](C)[C@@H](O[C@@H]2O[C@H](C)C[C@H](N(C)Cc3ccc(-c4cn(CCCCCC(=O)NO)nn4)cc3)[C@H]2O)[C@](C)(OC)C[C@@H](C)C(=O)[C@H](C)[C@@H](O)[C@]1(C)O,5.399027104313252,1,
CC[C@H]1OC(=O)[C@H](C)[C@@H](O[C@H]2C[C@@](C)(OC)[C@@H](O)[C@H](C)O2)[C@H](C)[C@@H](O[C@@H]2O[C@H](C)C[C@H](N(C)Cc3ccc(-c4cn(CCCCCCC(=O)NO)nn4)cc3)[C@H]2O)[C@](C)(O)C[C@@H](C)CN(C)[C@H](C)[C@@H](O)[C@]1(C)O,6.002613615602687,1,
CC[C@H]1OC(=O)[C@H](C)[C@@H](O[C@H]2C[C@@](C)(OC)[C@@H](O)[C@H](C)O2)[C@H](C)[C@@H](O[C@@H]2O[C@H](C)C[C@H](N(C)Cc3ccc(-c4cn(CCCCCCC(=O)NO)nn4)cc3)[C@H]2O)[C@](C)(OC)C[C@@H](C)C(=O)[C@H](C)[C@@H](O)[C@]1(C)O,5.723538195826755,2,0.0
CC[C@H]1OC(=O)[C@H](C)[C@@H](O[C@H]2C[C@@](C)(OC)[C@@H](O)[C@H](C)O2)[C@H](C)[C@@H](O[C@@H]2O[C@H](C)C[C@H](N(C)Cc3ccc(-c4cn(CCCCCCCC(=O)NO)nn4)cc3)[C@H]2O)[C@](C)(O)C[C@@H](C)CN(C)[C@H](C)[C@@H](O)[C@]1(C)O,5.146910470148134,1,
CC[C@H]1OC(=O)[C@H](C)[C@@H](O[C@H]2C[C@@](C)(OC)[C@@H](O)[C@H](C)O2)[C@H](C)[C@@H](O[C@@H]2O[C@H](C)C[C@H](N(C)Cc3ccc(-c4cn(CCCCCCCC(=O)NO)nn4)cc3)[C@H]2O)[C@](C)(OC)C[C@@H](C)C(=O)[C@H](C)[C@@H](O)[C@]1(C)O,5.230622673923861,1,
CC[C@H]1OC(=O)[C@H](C)[C@@H](O[C@H]2C[C@@](C)(OC)[C@@H](O)[C@H](C)O2)[C@H](C)[C@@H](O[C@@H]2O[C@H](C)C[C@H](N(C)Cc3ccc(-c4cn(CCCCCCCCC(=O)NO)nn4)cc3)[C@H]2O)[C@](C)(O)C[C@@H](C)CN(C)[C@H](C)[C@@H](O)[C@]1(C)O,4.95663772197887,1,
CC[C@H]1OC(=O)[C@H](C)[C@@H](O[C@H]2C[C@@](C)(OC)[C@@H](O)[C@H](C)O2)[C@H](C)[C@@H](O[C@@H]2O[C@H](C)C[C@H](N(C)Cc3ccc(-c4cn(CCCCCCCCC(=O)NO)nn4)cc3)[C@H]2O)[C@](C)(OC)C[C@@H](C)C(=O)[C@H](C)[C@@H](O)[C@]1(C)O,4.976747540366288,1,
CC[C@H]1OC(=O)[C@H](C)[C@@H](O[C@H]2C[C@@](C)(OC)[C@@H](O)[C@H](C)O2)[C@H](C)[C@@H](O[C@@H]2O[C@H](C)C[C@H](N(C)Cc3ccc(NC(=O)CCCCCCC(=O)NO)cc3)[C@H]2O)[C@](C)(O)C[C@@H](C)CN(C)[C@H](C)[C@@H](O)[C@]1(C)O,5.175223537524454,1,
CCc1c(C#N)c(S[C@@H](C(N)=O)c2ccccc2)nc(N2CCC(CNCc3ccc(/C=C/C(=O)NO)cc3)CC2)c1C#N,6.619788758288394,1,
CCc1c2c(nc3ccc(OCc4cn(CCCC(=O)NO)nn4)cc13)-c1cc3c(c(=O)n1C2)COC(=O)[C@]3(O)CC,5.762959208620809,1,
CCc1c2c(nc3ccc(OCc4cn(CCCCCCCC(=O)NO)nn4)cc13)-c1cc3c(c(=O)n1C2)COC(=O)[C@]3(O)CC,5.585193720498987,1,
CCc1ccc(-c2nc3ccc(C(=O)NO)cc3[nH]2)cc1,5.920818753952375,1,
CCc1ccc(C#Cc2c(-c3ccccc3)nnn2[C@@H](Cc2ccccc2)C(=O)NO)cc1,5.823908740944319,1,
CCc1ccc(C(=O)NO)cc1NCc1ccccc1,6.866461091629782,1,
CCc1ccc2c(cnn2C(Cc2ccccc2)C(=O)NO)c1,6.425968732272281,1,
CCc1ccc2cnn(C(Cc3ccccc3)C(=O)NO)c2c1,6.425968732272281,1,
CCc1nc(C(N)=O)c(Nc2ccc(N3CCN(CCCCCCCC(=O)NO)CC3)c(OC)c2)nc1NC1CCOCC1,6.371611069949688,1,
CCc1nc(N)nc(N)c1-c1ccc(-c2cn(CCCCCC(=O)NO)nn2)cc1,5.552841968657781,1,
CCc1nc(N)nc(N)c1-c1ccc(-c2cn(CCCCCCC(=O)NO)nn2)cc1,6.107905397309519,1,
CCc1nc(N)nc(N)c1-c1ccc(/C=C/C(=O)NO)cc1,5.7447274948966935,1,
CCc1nc2c(Cc3ccc(C(=O)NO)cc3)cccc2c(=O)n1CCc1ccccc1,6.549750891680639,2,0.0
CCc1nc2cc(/C=C/C(=O)NO)c(F)cc2c(=O)n1CCc1ccccc1,5.853871964321762,1,
CCc1nc2cc(/C=C/C(=O)NO)ccc2c(=O)n1CCCc1ccccc1,5.876148359032914,1,
CCc1nc2cc(/C=C/C(=O)NO)ccc2c(=O)n1CCc1ccc(F)cc1,6.050122295963125,1,
CCc1nc2cc(/C=C/C(=O)NO)ccc2c(=O)n1CCc1ccc(OC)cc1,6.2262135550188065,1,
CCc1nc2cc(/C=C/C(=O)NO)ccc2c(=O)n1CCc1ccccc1,5.928117992693874,1,
CCc1nc2cc(Cc3ccc(C(=O)NO)cc3)ccc2c(=O)n1CCc1ccccc1,6.761953896871205,1,
CCc1nc2cc(Cl)c(/C=C/C(=O)NO)cc2c(=O)n1CCc1ccccc1,5.7258421507363195,1,
CCc1nc2cc(F)c(/C=C/C(=O)NO)cc2c(=O)n1CCc1ccccc1,6.115771230367396,1,
CCc1nc2ccc(/C=C/CC(=O)NO)cc2c(=O)n1-c1ccccc1,5.432973633840939,1,
CCc1nc2ccc(Cc3ccc(C(=O)NO)cc3)cc2c(=O)n1CCc1ccccc1,7.00436480540245,1,
CCc1nnc([C@@H]2CCC(=O)N2c2cc(F)c(-c3noc(C(F)(F)F)n3)cc2F)o1,5.180456064458131,1,
CCn1c(C)nc2cc(/C=C/C(=O)NO)ccc21,6.71669877129645,2,0.0
CCn1c(CCc2ccccc2)nc2cc(/C=C/C(=O)NO)ccc21,6.8297382846050425,1,
CCn1cnc2cc(/C=C/C(=O)NO)ccc21,6.6968039425795105,1,
CN(/N=C/c1ccc(C(=O)NO)cc1)C(=O)c1ccc(N(C)C)cc1,6.886056647693163,1,
CN(/N=C/c1cccc(C(=O)NO)c1)C(=O)c1ccc(N(C)C)cc1,5.698970004336019,1,
CN(C(=O)CN(C)S(=O)(=O)c1ccc(F)cc1)c1ccc(C(=O)NO)cc1,6.24184537803261,1,
CN(C(=O)CN(Cc1c(F)c(F)c(F)c(F)c1F)S(=O)(=O)c1ccc(F)cc1)c1ccc(C(=O)NO)cc1,6.649751981665837,1,
CN(C(=O)[C@@H]1CCC(=O)N1c1cc(F)c(-c2noc(C(F)(F)F)n2)cc1F)C(C)(C)C,4.6777807052660805,2,0.0
CN(C(=O)[C@@H]1CCC(=O)N1c1ccc(-c2noc(C(F)(F)F)n2)c(F)c1)C(C)(C)C,4.568636235841013,1,
CN(C(=O)[C@@H]1COCC(=O)N1c1ccc(-c2noc(C(F)(F)F)n2)c(F)c1)C(C)(C)C,5.200659450546418,1,
CN(C(=O)c1ccc(-c2noc(C(F)(F)F)n2)cc1)c1ccccc1,4.1438755557577,1,
CN(C)C(=O)c1ccc(-c2ccc3c(cnn3C(Cc3ccccc3)C(=O)NO)c2)cc1,6.425968732272281,1,
CN(C)C(=O)c1cccc(NCc2ccc(-c3noc(C(F)(F)F)n3)cn2)c1,6.0,1,
CN(C)CC(=O)N(Cc1ccc(-c2noc(C(F)(F)F)n2)cc1)c1cccc(C(F)(F)F)c1,5.455931955649724,1,
CN(C)CC(C)(C)Cn1c(CCc2ccccc2)nc2cc(/C=C/C(=O)NO)ccc21,6.452225294612178,2,0.0
CN(C)CCCNC(=O)c1cc(NC(=O)c2cc(NC(=O)c3cc(NC(=O)c4nc(NC(=O)CCCNC(=O)c5cc(NC(=O)c6cc(NC(=O)c7cc(NC(=O)c8nc(NC(=O)CCNC(=O)CCNC(=O)CCCCCCC(=O)NO)cn8C)cn7C)cn6C)cn5C)cn4C)cn3C)cn2C)cn1C,6.886056647693163,1,
CN(C)CCCNC(=O)c1cc(NC(=O)c2cc(NC(=O)c3cc(NC(=O)c4nc(NC(=O)CCCNC(=O)c5cc(NC(=O)c6cc(NC(=O)c7cc(NC(=O)c8nc(NC(=O)CCNC(=O)CCNC(=O)c9ccc(NC(=O)CCCCCCC(=O)NO)cc9)cn8C)cn7C)cn6C)cn5C)cn4C)cn3C)cn2C)cn1C,6.086186147616283,1,
CN(C)CCCNC(=O)c1ccc(/C=C2\CCn3c2nc2cc(N4CCN(CCCCCCCC(=O)NO)CC4)c(F)cc2c3=O)cc1.Cl,7.522878745280337,1,
CN(C)CCCn1c(SCc2ccc(/C=C/C(=O)NO)cc2)nc2ccccc21,6.638272163982407,1,
CN(C)CCOc1ccc(-c2cc(=O)c3c(O)cc(OCCCCCC(=O)NO)cc3o2)cc1.Cl,5.6020599913279625,1,
CN(C)CCc1cn(Cc2ccc(C(=O)NO)cc2)c2ccccc12,6.374687549038326,1,
CN(C)CCn1c(-c2cccc(/C=C/C(=O)NO)c2)nc2ccccc21,6.795880017344075,1,
CN(C)Cc1c(C(=O)NCCOc2ccc(C(=O)NO)cc2)oc2ccccc12,6.431798275933005,1,
CN(C)Cc1c(C(=O)NCCOc2ccc(C(=O)NO)cc2)oc2ccccc12.Cl,6.721246399047171,1,
CN(C)Cc1ccc(S(=O)(=O)n2ccc(/C=C/C(=O)NO)c2)cc1.Cl,6.057000406633958,3,0.0
CN(C)Cc1cn(Cc2ccc(C(=O)NO)cc2)c2ccccc12,6.399996913372259,1,
CN(C)Cc1nn(Cc2ccc(C(=O)NO)cc2)c2ccccc12,6.0999990348465305,1,
CN(C)S(=O)(=O)c1ccc(NCCCCCC(=O)NO)c2nonc12,4.896196279044043,1,
CN(C)S(=O)(=O)c1ccc(NCCCCCCC(=O)NO)c2nonc12,5.958607314841775,1,
CN(C)c1ccc(-c2ccc(Cn3cccc(O)c3=S)cc2)cc1,5.543937775545048,2,0.0
CN(C)c1ccc(-c2cn(CCCCCn3cccc(O)c3=S)nn2)cc1,5.82915179635669,2,0.0
CN(C)c1ccc(-n2cc(Cn3cccc(O)c3=S)nn2)cc1,5.728623128105926,2,0.0
CN(C)c1ccc(C(=O)N(CC(=O)NCc2ccccc2)Cc2ccc(C(=O)NNCCCc3ccccc3)cc2)cc1,5.1432711096171175,1,
CN(C)c1ccc(C(=O)N(CC(=O)NCc2ccccc2)Cc2ccc(C(=O)Nc3ccccc3N)cc2)cc1,5.03574036980315,1,
CN(C)c1ccc(C(=O)N(CCCCCC(=O)NO)CC(=O)NCc2ccccc2)cc1,5.560667306169737,1,
CN(C)c1ccc(C(=O)N/N=C/c2ccc(C(=O)NO)cc2)cc1,6.638272163982407,1,
CN(C)c1ccc(C(=O)N/N=C/c2cccc(C(=O)NO)c2)cc1,5.657577319177793,1,
CN(C)c1ccc(C(=O)NCCCCCCNC(=O)CS)cc1,4.718966632752273,1,
CN(C)c1ccc(C(=O)NCCCCCNC(=O)CS)cc1,4.991399828238082,1,
CN(C)c1ccc(C(=O)NCCCNC(=O)CS)cc1,4.910094888560602,1,
CN(C)c1ccc(C2(C(=O)Nc3ccc(C(=O)NO)cc3)CCCC2)cc1,7.050609993355087,1,
CN(C)c1ccc(CNC(=O)NCCC(=O)NO)cc1,5.978810700930062,1,
CN(C)c1ccc(NC(=O)NCCCCCCC(=O)NO)cc1,5.7594507517174005,1,
CN(C)c1ccc2c(c1)SC(=S)N1CCCN=C21,5.568636235841012,1,
CN(C)c1ccc2c(c1)SC(=S)N1CCN=C21,5.154901959985743,1,
CN(C)c1cccc(-c2ccnc(NC3CCc4ccc(C(=O)NO)cc4C3)n2)c1,6.096910013008056,1,
CN(C)c1cccc(C(=O)NO)c1,7.153662887870195,1,
CN(C)c1cccc(COc2cc(-c3noc(C(F)(F)F)n3)ccn2)n1,4.769551078621726,1,
CN(C)c1cccc2c(SNCCCCCC(=O)NO)cccc12,5.58838029403677,1,
CN(CC(=O)N(Cc1ccc(C(C)(C)C)cc1)c1ccc(C(=O)NO)cc1)S(=O)(=O)c1ccc(F)cc1,7.421360790031928,1,
CN(CCOc1no[n+]([O-])c1S(=O)(=O)c1ccccc1)C(=O)c1ccc(/C=C/C(=O)NO)cc1,6.585026652029182,1,
CN(CCc1ccccc1)S(=O)(=O)c1cccc(/C=C/C(=O)NO)c1,6.823908740944319,2,0.0
CN(Cc1ccc(/C=C/C(=O)NO)cc1)CC12CC3CC(CC(C3)C1)C2,6.1249387366083,1,
CN(Cc1ccc(/C=C/C(=O)NO)cc1F)CC1CCCCC1,5.7423214251308154,1,
CN(Cc1ccc(C(=O)NO)cc1)S(=O)(=O)c1c(F)c(F)c(F)c(F)c1F,6.735182176990463,1,
CN(Cc1ccc(C(=O)NO)cc1F)CC12CC3CC(CC(C3)C1)C2,5.070581074285707,4,0.0
CN(Cc1ccc(C(=O)NO)cc1[18F])CC12CC3CC(CC(C3)C1)C2,5.070581074285707,1,
CN(Cc1ccc2c(c1)CCC(C(=O)NO)=C2)CC12CC3CC(CC(C3)C1)C2,5.619788758288394,1,
CN(Cc1ccccc1)c1ccc2c3c(cccc13)C(=O)N(CCCCCC(=O)NO)C2=O,5.853871964321762,1,
CN(Cc1nc2c(N3CCOCC3)nc(-c3ccc(N)cc3)nc2n1C)c1ncc(C(=O)NO)cn1,7.619788758288394,1,
CN(Cc1nc2c(N3CCOCC3)nc(-c3ccncc3)nc2n1C)c1ncc(C(=O)NO)cn1,7.958607314841775,1,
CN(Cc1nc2c(N3CCOCC3)nc(-c3cnc(N)nc3)nc2n1C)c1ncc(C(=O)NO)cn1,7.657577319177793,1,
CN(c1ccc(/C=C/C(=O)NO)cc1)S(=O)(=O)c1ccccc1,6.221848749616356,1,
CN(c1ccc(C(=O)NO)cc1)C1CCN(c2ccccc2)C1=O,5.086186147616283,1,
CN(c1ccc(OCC(=O)NO)cc1)c1ncnc2ccccc12,5.847100403606253,1,
CN(c1ccc(OCCCC(=O)NO)cc1)c1ncnc2ccccc12,5.609594843519919,1,
CN(c1ccc(OCCCCC(=O)NO)cc1)c1ncnc2ccccc12,5.877456475931245,1,
CN(c1ccc(OCCCCCC(=O)NO)cc1)c1ncnc2ccccc12,5.975514332300833,1,
CN(c1cccc2ccccc12)S(=O)(=O)C1CC2OC1C(c1ccc(NC(=O)CCCCCCC(=O)O)cc1)=C2c1ccc(O)cc1,5.404503778174426,1,
CN(c1ccccc1)S(=O)(=O)c1cccc(/C=C/C(=O)NO)c1,6.0338582672609675,1,
CN(c1ccccc1Cl)S(=O)(=O)C1CC2OC1C(c1ccc(NC(=O)CCCCCCC(=O)O)cc1)=C2c1ccc(O)cc1,5.474955192963154,1,
CN(c1ncc(C(=O)NO)cn1)C12CC3CC(CC(C3)C1)C2,6.438898616350944,1,
CN(c1nccc(-c2cccnc2)n1)C1CCc2ccc(C(=O)NO)cc2C1,5.517126416391246,1,
CN1C(=O)C2CN(Cc3c2c2ccccc2n3Cc2ccc(C(=O)NO)cc2)C1=O,6.6020599913279625,1,
CN1C(=O)CC(C)(C)c2cc(C(=O)NCCCCCCC(=O)NO)ccc21,7.229147988357855,1,
CN1C(=O)CCC[C@H]1C(=O)N[C@@H](CCCCCS)C(=O)Nc1ccccc1,6.694648630553376,1,
CN1C(=O)CC[C@@H]1C(=O)N[C@@H](CCCCCS)C(=O)Nc1ccccc1,6.2636034977233574,1,
CN1C(=O)CNC(=O)/C1=C/c1ccc(-c2ccc(/C=C/C(=O)NO)cc2)cc1,6.505984625242856,1,
CN1C(=O)CNC(=O)/C1=C/c1ccc(/C=C/C(=O)NO)cc1,7.4463596637686456,1,
CN1C(=O)CNC(=O)/C1=C/c1ccc(/C=C/C(=O)NO)cc1C(F)(F)F,6.229722520243827,1,
CN1C(=O)CNC(=O)/C1=C/c1ccc(C(=O)NCCCCCCC(=O)NO)cc1,6.339485513045027,1,
CN1C(=O)CNC(=O)/C1=C/c1ccc(C(=O)NCCCNC(=O)c2ccc(C(=O)NO)cc2)cc1,6.0703154694852595,1,
CN1C(=O)CNC(=O)/C1=C/c1ccc(C(=O)NCc2ccc(C(=O)NO)cc2)cc1,6.657577319177793,1,
CN1C(=O)CNC(=O)/C1=C/c1ccc(C(=O)NO)cc1,7.023145853423781,1,
CN1C(=O)CNC(=O)/C1=C/c1ccc(C(=O)Nc2ccc(C(=O)NO)cc2)cc1,6.09137024041616,1,
CN1C(=O)CNC(=O)/C1=C/c1ccc(N(C)C)c(/C=C/C(=O)NO)c1,6.14052544990985,1,
CN1C(=O)CNC(=O)/C1=C/c1ccc(NCc2ccc(C(=O)NO)cc2)cc1,7.000260654893432,1,
CN1C(=O)CNC(=O)/C1=C/c1ccc(OCC(=O)NO)cc1,8.406713932979542,1,
CN1C(=O)CNC(=O)/C1=C/c1ccc(OCc2ccc(C(=O)NO)cc2)cc1,6.732570119185995,1,
CN1CC(=O)N(c2ccc(-c3noc(C(F)(F)F)n3)cc2)C(c2ccccc2)C1,5.853871964321762,1,
CN1CC(C(=O)N(Cc2ccc(-c3noc(C(F)(F)F)n3)cn2)c2cccc(F)c2)CCC1=O,5.585026652029182,1,
CN1CC(C(=O)N[C@@H](CCCCCC(=O)c2ccon2)c2ncc(-c3ccccc3F)[nH]2)C1,8.522878745280337,1,
CN1CC(C(=O)N[C@@H](CCCCCC(=O)c2ccon2)c2ncc(-c3ccccc3F)o2)C1,7.494850021680094,1,
CN1CC(C(=O)N[C@@H](CCCCCC(=O)c2ncco2)c2ncc(-c3ccc(F)cc3)[nH]2)C1,7.0,1,
CN1CC(NS(=O)(=O)c2ccc(Cl)cc2)Cc2cc(C(=O)NO)ccc21,6.1249387366083,1,
CN1CC2(CCN(Cc3ccc(C(=O)NO)cc3)CC2)c2ccccc21,5.718966632752272,1,
CN1CC=C(c2cccc3c2cnn3C(Cc2ccccc2)C(=O)NO)CC1,6.425968732272281,1,
CN1CCC(C(=O)N(Cc2ccc(-c3noc(C(F)(F)F)n3)cn2)c2cccc(F)c2)C1,5.698970004336019,1,
CN1CCC(C(=O)N[C@@H](CCCCCC(=O)c2nccs2)c2ncc(-c3ccc(F)cc3)[nH]2)CC1,6.42021640338319,1,
CN1CCC2(CC1)C(=O)N(Cc1c(F)cc(C(=O)NO)cc1F)CN2c1ccccc1,5.442132038431978,1,
CN1CCC2(CC1)c1ccccc1N(Cc1ccc(C(=O)NO)cc1)C2c1ccccc1F,5.45717457304082,1,
CN1CCCC(n2c(-c3cccc(/C=C/C(=O)NO)c3)nc3ccccc32)C1,6.795880017344075,1,
CN1CCCC1c1cn(Cc2ccc(C(=O)NO)cc2)c2ccccc12,6.399996913372259,1,
CN1CCC[C@@H](n2c(-c3cccc(/C=C/C(=O)NO)c3)nc3ccccc32)C1,6.698970004336019,1,
CN1CCC[C@H](n2c(-c3cccc(/C=C/C(=O)NO)c3)nc3ccccc32)C1,6.795880017344075,1,
CN1CCN(C(=O)[C@H](N)Cc2ccccc2)CC1.Cl,4.958607314841775,1,
CN1CCN(C(=O)c2ccc(-c3noc(C(F)(F)F)n3)cc2)CC1,4.79317412396815,1,
CN1CCN(CC(=O)N(Cc2ccc(-c3noc(C(F)(F)F)n3)cc2)c2cccc(C(F)(F)F)c2)CC1,5.657577319177793,1,
CN1CCN(CC2CCc3c(c4cc(F)ccc4n3Cc3ccc(C(=O)NO)cc3)C2=O)CC1,5.97469413473523,1,
CN1CCN(CCNC(=O)c2ccc(C(=O)NO)cc2)CC1,4.679645967182328,1,
CN1CCN(CCc2cn(CC3=CCC(C(=O)NO)C=C3)c3ccccc23)CC1,6.7594507517174005,1,
CN1CCN(Cc2ccc(-c3nc4ccc(C(=O)NO)cc4[nH]3)cc2)CC1,5.7447274948966935,1,
CN1CCN(Cc2cccc3cn(C(Cc4ccccc4)C(=O)NO)nc23)CC1=O,6.903089986991944,1,
CN1CCN(NC(=O)c2cccc(C(=O)NO)c2)CC1,5.882728704344236,2,0.0
CN1CCN(c2ccc(-c3cccc4nn(C(Cc5ccccc5)C(=O)NO)cc34)cc2)CC1,6.903089986991944,1,
CN1CCN(c2ccc(-c3cccc4nn(C(Cc5ccccc5)C(=O)NO)cc34)cn2)CC1,6.903089986991944,1,
CN1CCN(c2ccc(-c3ccn4c(C(Cc5ccccc5)C(=O)NO)cnc4c3)cn2)CC1,6.425968732272281,1,
CN1CCN(c2ccc(-c3noc(C(F)(F)F)n3)cc2)C(c2ccccc2)C1,5.4089353929735005,1,
CN1CCN(c2ccc(-c3noc(C(F)(F)F)n3)cn2)C(c2cccc(F)c2)C1O,5.275724130399211,1,
CN1CCN(c2ccc(-c3noc(C(F)(F)F)n3)cn2)[C@@H](c2ccccc2)C1,5.6777807052660805,1,
CN1CCN(c2ccc(C(=O)NNCC3CC3)cc2)CC1,7.019996628416253,1,
CN1CCN(c2ccc(C(=O)NNCC3CCC3)cc2)CC1,6.715794932298206,1,
CN1CCN(c2ccc(C(=O)NNCC3CCCC3)cc2)CC1,6.746661994673893,1,
CN1CCN(c2ccc(C(=O)Nc3ccc(F)cc3N)cc2)CC1,6.080869586139386,1,
CN1CCOC(CNCc2ccc(-c3noc(C(F)(F)F)n3)cn2)C1,5.619788758288394,1,
CN1CCc2c(c3ccccc3n2Cc2ccc(C(=O)NO)cc2)C1,6.071090351597424,37,0.18354429235948283
CN1CCc2c(c3ccccc3n2Cc2ccc(C(=O)NO)cc2)C1.O=C(O)C(F)(F)F,6.068542129310995,1,
CN1CCc2c(n(Cc3ccc(C(=O)NO)cc3)c3ccccc23)C1,5.40000018605658,1,
CN1Cc2ccc(NCc3ccc(-c4noc(C(F)(F)F)n4)cn3)cc2C1=O,6.2839966563652006,1,
CN1c2ccc(/C=C/C(=O)NO)cc2NC1CCc1ccccc1,6.536107011014092,1,
CN1c2ccc(F)cc2C(=O)N2CCc3c([nH]c4ccc(OCc5ccc(/C=C/C(=O)NO)cc5)cc34)C21,5.008773924307505,1,
CN1c2ccc(F)cc2C(=O)N2CCc3c([nH]c4ccc(OCc5ccc(/C=C/C(=O)Nc6ccccc6N)cc5)cc34)C21,6.161150909262744,1,
CN1c2ccc(NCc3ccc(-c4noc(CCCCCCC(=O)NO)n4)cc3)cc2C(=O)N2CCc3c([nH]c4ccc(O)cc34)C21,8.602059991327963,1,
CNC(=O)/C(CCCCCCC(=O)NC1c2ccccc2-c2ccccc21)=N\O,4.2335871528876,1,
CNC(=O)/C(CCCCCCC(=O)Nc1ccc2ccccc2c1)=N\O,4.187086643357144,1,
CNC(=O)/C(CCCCCCC(=O)Nc1cccc(-c2ccc(C(=O)O)cc2)c1)=N\O,4.531652669587842,1,
CNC(=O)/C(CCCCCCC(=O)Nc1cccc(-c2cccnc2)c1)=N\O,4.115204636051019,1,
CNC(=O)/C(CCCCCCC(=O)Nc1ccccc1)=N\O,4.651734440015196,2,0.008263078955052242
CNC(=O)/C(CCCCC[C@@H](C(=O)Nc1ccccc1)N(Cc1ccccc1)Cc1ccccc1)=N\O,4.060480747381382,1,
CNC(=O)/C(CCCCC[C@H](NCc1ccc(OC)cc1)C(=O)Nc1ccccc1)=N\O,4.024108863598207,1,
CNC(=O)CCCCCCCn1nc(-c2ccc3oc(N)nc3c2)c2c(N)ncnc21,6.476253533188435,1,
CNC(=O)OCc1ccc(-c2noc(C(F)(F)F)n2)cn1,5.886056647693163,1,
CNC(=O)[C@H](N)Cc1ccc(Cl)cc1Cl.Cl,4.782516055786093,1,
CNC(=O)c1ccc(C(=O)NO)cc1,5.709965388637482,1,
CNC(=O)c1ccc2c(c1)CN(C(=O)[C@H](N)Cc1ccc(Cl)cc1Cl)C2.Cl,6.58838029403677,1,
CNC(=O)c1cccc(C(=O)NO)c1,4.853871964321762,1,
CNC(=O)c1ccccc1NCc1ccc(-c2noc(C(F)(F)F)n2)cn1,5.6020599913279625,1,
CNCCOc1no[n+]([O-])c1S(=O)(=O)c1ccccc1,6.585026652029182,1,
CNCc1ccc2c(c1)CN(C(=O)[C@H](N)Cc1ccc(Cl)cc1Cl)C2.Cl.Cl,6.75448733218585,1,
CNc1ccc(C(=O)NO)cc1,6.026872146400301,1,
CNc1ccc(CCn2c(=O)c3ccccc3n(Cc3ccc(C(=O)NO)cc3)c2=O)cc1,5.847711655616944,1,
CNc1ccccc1NC(=O)[C@@H]1CCC(=O)N1c1ccc(-c2noc(C(F)(F)F)n2)cc1,5.638272163982407,1,
CNc1nc(Cl)nc2c1ncn2Cc1ccc(C(=O)Nc2ccccc2N)cc1,5.991399828238082,1,
CNc1nc(Nc2cnn(CCCCCCC(=O)NO)c2)ncc1Cl,5.39040559077478,1,
COC(=O)/C=C/c1ccc(CN(C(=O)OC(C)(C)C)C2CC2c2ccc(F)cc2)cc1,7.008773924307505,1,
COC(=O)C(Cc1ccccc1)n1cc2cccc(C(=O)N3CCC(F)(F)CC3)c2n1,6.425968732272281,1,
COC(=O)CCCCCCC(=O)Nc1ccc(OCc2cc(C)cc(C)c2)cc1,4.320572103387881,1,
COC(=O)CCCCCCC(=O)Nc1ccc(OCc2cc(CN=[N+]=[N-])cc(N=[N+]=[N-])c2)cc1,4.42712839779952,1,
COC(=O)CCCCCCC(=O)Nc1cnn(Cc2cc(CN=[N+]=[N-])cc(N=[N+]=[N-])c2)c1,4.443697499232713,1,
COC(=O)CCCCCCNC(=O)c1cc(-c2ccc(NC(=O)c3cc(CN=[N+]=[N-])cc(N=[N+]=[N-])c3)cc2)on1,4.326979092871103,1,
COC(=O)Cc1c(C)n(Cc2ccc(-c3cn(CCCCCC(=O)NO)nn3)cc2)c2ccc(OC)cc12,6.172630726946174,1,
COC(=O)Cc1c(C)n(Cc2ccc(-c3cn(CCCCCCC(=O)NO)nn3)cc2)c2ccc(OC)cc12,6.8696662315049934,1,
COC(=O)Cc1c(C)n(Cc2ccc(-c3cn(CCCCCCCC(=O)NO)nn3)cc2)c2ccc(OC)cc12,6.404503778174426,1,
COC(=O)N1CC(=O)N(Cc2ccc(-c3noc(C(F)(F)F)n3)cn2)c2ccccc21,5.853871964321762,1,
COC(=O)N1CCC(C(=O)N(Cc2ccc(-c3noc(C(F)(F)F)n3)cn2)c2cccc(C(F)(F)F)c2)CC1,5.886056647693163,1,
COC(=O)[C@@H]1Cc2cccc(c2)C[C@H](NC(C)=O)C(=O)N[C@@H](CCCCCC(=O)NO)C(=O)N1,6.636388020107855,1,
COC(=O)c1ccc(CO/N=C/c2ccc(/C=C/C(=O)NO)cc2)cc1,6.219682687859849,1,
COC(=O)c1ccc2ccccc2c1OCCCCCCCC(=O)NO,5.795880017344075,1,
COC1CCN(Cc2cccc3cn(C(Cc4ccccc4)C(=O)NO)nc23)CC1,6.425968732272281,1,
COCC(=O)NC(Cc1ccc(-c2noc(C(F)(F)F)n2)cn1)c1cccc(C(F)(F)F)c1,5.275724130399211,1,
COCCCn1c(CCc2ccccc2)nc2cc(/C=C/C(=O)NO)ccc21,6.504455662453552,2,0.0
COCCN1Cc2ccccc2N(Cc2ccc(-c3noc(C(F)(F)F)n3)cn2)C1=O,5.638272163982407,1,
COCCn1nc(C(=O)N(Cc2ccc(-c3noc(C(F)(F)F)n3)cc2)c2cccc(C(F)(F)F)c2)ccc1=O,5.481486060122112,1,
COC[C@@H]1CCCC1c1ccc(C(=O)NO)cc1,5.739928612014925,1,
COC[C@@H]1CCCN1Cc1ccc(C(=O)NO)cc1,5.739928612014925,1,
COC[C@H]1CCCC1c1ccc(C(=O)NO)cc1,5.252588192113577,1,
COC[C@H]1CCCN1Cc1ccc(C(=O)NO)cc1,5.252588192113577,1,
COCc1cc(=O)n(Cc2ccc(-c3noc(C(F)(F)F)n3)cn2)c2ccccc12,6.0,1,
COCc1ccc(-c2cccc3nn(C(Cc4ccccc4)C(=O)NO)cc23)cc1,6.425968732272281,1,
COCc1cccc(CCOc2cc(-c3noc(C(F)(F)F)n3)ccn2)c1,5.522878745280337,1,
COc1c(C)cc(-c2nc3cc(C(=O)NO)ccc3n2C)cc1C,7.0,1,
COc1c(OCCCCCC(=O)NO)ccc2c1N=C(NC(=O)c1ccccc1)N1CCN=C21,6.815308569182401,1,
COc1cc(-c2cccc(-c3ccc(/C=C/C(=O)NO)cc3)n2)cc(OC)c1OC,6.931814138253838,1,
COc1cc(-c2nc(NCc3ccc(C(=O)NO)cc3)cc3c2[nH]c2ccccc23)cc(OC)c1OC,6.057991946977687,1,
COc1cc(-c2nc3cc(/C=C/C(=O)NO)ccc3n2C)ccc1OCc1ccccc1,5.767003889607846,2,0.0
COc1cc(-c2nc3cc(/C=C/C(=O)NO)ccc3n2CC(O)CO)ccc1OCc1ccccc1,6.4736607226101555,2,0.0
COc1cc(-c2nc3cc(/C=C/C(=O)NO)ccc3n2CCCO)ccc1OCc1ccccc1,6.102372908709558,2,0.0
COc1cc(-c2ncc(/C=C/C(=O)NO)s2)cc(OC)c1OC,5.653647025549361,1,
COc1cc(-c2ncc(/C=C/C(=O)Nc3ccccc3N)s2)cc(OC)c1OC,4.848323769152953,1,
COc1cc(/C=C2/C(=O)NCC(=O)N2C)ccc1/C=C/C(=O)NO,9.920818753952375,1,
COc1cc(/C=C2\SC(=O)N(CCNC(=O)Nc3c(C)n(C)n(-c4ccccc4)c3=O)C2=O)cc(OC)c1OC,6.46344155742847,1,
COc1cc(C(=O)NN)ccc1COc1ccc(Cl)c(C)c1,5.795880017344075,1,
COc1cc(C(=O)NO)ccc1CN(C(C)C)S(=O)(=O)c1cc(F)c(F)c(F)c1F,6.324221658325914,1,
COc1cc(C(=O)NO)ccc1CS(=O)(=O)Nc1ccc2c(c1)cc(C)c(=O)n2C,6.636388020107855,1,
COc1cc(C(=O)NO)ccc1Cn1ccc2cc(C(=O)NCC34C[C@H]5C[C@@H](C3)C[C@@H](C4)C5)ccc21,6.795880017344075,1,
COc1cc(C(=O)c2ccc3c(ccn3Cc3ccc(/C=C/C(=O)NO)cc3)c2)cc(OC)c1OC,5.66354026615147,1,
COc1cc(C(=O)c2ccc3c(ccn3S(=O)(=O)c3ccc(/C=C/C(=O)NO)cc3)c2)cc(OC)c1OC,5.272458742971444,1,
COc1cc(C(=O)c2ccc3c(ccn3S(=O)(=O)c3cccc(/C=C/C(=O)NO)c3)c2)cc(OC)c1OC,5.899629454882437,1,
COc1cc(C(=O)c2csc(-c3ccc(/C=C/C(=O)NO)cc3)n2)cc(OC)c1OC,5.567030709125595,1,
COc1cc(C(=O)c2csc(-c3ccc(/C=C/C(=O)Nc4ccccc4N)cc3)n2)cc(OC)c1OC,5.507239610973162,1,
COc1cc(C(=O)c2csc(-c3ccc(C#CCCC(=O)Nc4ccccc4N)cc3)n2)cc(OC)c1OC,5.183758700008217,1,
COc1cc(C(=O)c2csc(-c3ccc(NC(=O)/C=C/C(=O)NO)cc3)n2)cc(OC)c1OC,5.4089353929735005,1,
COc1cc(C(=O)c2csc(-c3ccc(NC(=O)/C=C/C(=O)Nc4ccccc4N)cc3)n2)cc(OC)c1OC,6.096910013008056,1,
COc1cc(C(=O)c2csc(-c3ccc(NC(=O)CC(=O)Nc4ccccc4N)cc3)n2)cc(OC)c1OC,4.92009553233328,1,
COc1cc(C(=O)c2csc(-c3ccc(NC(=O)CCC(=O)NO)cc3)n2)cc(OC)c1OC,5.289036881004725,1,
COc1cc(C(=O)c2csc(-c3ccc(NC(=O)CCCC(=O)NO)cc3)n2)cc(OC)c1OC,5.199282921717614,1,
COc1cc(C(=O)c2csc(-c3ccc(NC(=O)CCCC(=O)Nc4ccccc4N)cc3)n2)cc(OC)c1OC,4.934793871945688,1,
COc1cc(C(=O)c2csc(-c3ccc(NC(=O)CCCCC(=O)NO)cc3)n2)cc(OC)c1OC,5.484126156288321,1,
COc1cc(C(=O)c2csc(-c3ccc(NC(=O)CCCCC(=O)Nc4ccccc4N)cc3)n2)cc(OC)c1OC,5.058488567365597,1,
COc1cc(C(=O)c2csc(-c3ccc(NC(=O)CCCCCC(=O)NO)cc3)n2)cc(OC)c1OC,5.379863945026242,1,
COc1cc(C(=O)c2csc(-c3ccc(NC(=O)CCCCCC(=O)Nc4ccccc4N)cc3)n2)cc(OC)c1OC,5.070581074285707,1,
COc1cc(C(=O)c2csc(-c3ccc(NC(=O)CCCCCCC(=O)Nc4ccccc4N)cc3)n2)cc(OC)c1OC,4.9931062920521,1,
COc1cc(C(=O)c2csc(-c3ccc(NC(=O)c4ccc(C(=O)Nc5ccccc5N)cc4)cc3)n2)cc(OC)c1OC,5.681936665037238,1,
COc1cc(C(=O)c2csc(-c3ccc(NCC(=O)Nc4ccccc4N)cc3)n2)cc(OC)c1OC,5.040481623027002,1,
COc1cc(C(=O)c2csc(-c3ccc(NCCC(=O)Nc4ccccc4N)cc3)n2)cc(OC)c1OC,5.081969663215119,1,
COc1cc(C(=O)c2csc(-c3ccc(O/C=C/c4ccc(CC(=O)NO)cc4)cc3)n2)cc(OC)c1OC,5.1487416512809245,1,
COc1cc(C(=O)c2csc(-c3ccc(OCCCC(=O)NO)cc3)n2)cc(OC)c1OC,5.053547734986926,1,
COc1cc(C(=O)c2csc(-c3ccc(OCCCCCCC(=O)Nc4ccccc4N)cc3)n2)cc(OC)c1OC,5.125518182300533,1,
COc1cc(C(=O)c2csc(-c3ccc(OCc4ccc(C(=O)NO)cc4)cc3)n2)cc(OC)c1OC,5.09799710864927,1,
COc1cc(CNc2nc(NCc3ccc(C(=O)Nc4ccccc4N)cc3)nc3[nH]ccc23)cc(OC)c1,5.709965388637482,1,
COc1cc(COc2ccc(NC(=O)CCCCCCC(=O)OCCN=[N+]=[N-])cc2)cc(N=[N+]=[N-])c1,4.170696227168975,1,
COc1cc(COc2ccc(NC(=O)CCCCCCC(=O)OCc3ccc(CN=[N+]=[N-])cc3)cc2)cc(N=[N+]=[N-])c1,4.552841968657781,1,
COc1cc(Cn2c(CCc3ccccc3)nc3cc(/C=C/C(=O)NO)ccc32)cc(OC)c1OC,6.449771646944906,2,0.0
COc1cc(Cn2ccc3cc(C(=O)NCC45C[C@H]6C[C@@H](C4)C[C@@H](C5)C6)ccc32)ccc1C(=O)NO,5.073657553374344,1,
COc1cc(NC(=O)NOCCCCCC(=O)NO)c2nc(OC)cc(C)c2c1,7.2859650154404685,2,2.083823512206143
COc1cc(NC(=O)NOCCCCCC(=O)NO)c2nccc(C)c2c1,5.913640169325252,1,
COc1cc(NC(=O)NOCCCCCC(=O)NO)c2ncccc2c1,5.96657624451305,1,
COc1cc(Nc2nc(N)nc3c2ncn3Cc2ccc(C(=O)Nc3ccccc3N)cc2)cc(OC)c1,5.017276612331455,1,
COc1cc(OC)c(/C=C/S(=O)(=O)Cc2ccc(OC)c(NC(=O)CCC(=O)NO)c2)c(OC)c1,7.046917156087914,1,
COc1cc(OC)c(/C=C/S(=O)(=O)Cc2ccc(OC)c(NCC(=O)NO)c2)c(OC)c1,7.0523702526156455,1,
COc1cc(OC)c2c(N3CCN(C)CC3)nc(-c3cc(C)c(OCCCCCC(=O)NO)c(C)c3)nc2c1,6.4222784754909785,1,
COc1cc(OC)c2c(N3CCS(=O)(=O)CC3)nc(-c3cc(C)c(OCCCCCC(=O)NO)c(C)c3)nc2c1,6.394156460941911,1,
COc1cc(OC)cc(-c2ccc3c(NC(=O)CCCCCCC(=O)NO)n[nH]c3c2)c1,8.356547323513812,1,
COc1cc(OC)cc(-c2nnn([C@@H](Cc3ccccc3)C(=O)NO)c2C#CC2CC2)c1,8.522878745280337,1,
COc1cc(OC)cc(N(CCNC(C)C)c2ccc3ncc(-c4cnn(CCCCCCC(=O)NO)c4)nc3c2)c1,7.886056647693163,1,
COc1cc(OC)cc(N(CCNC(C)C)c2ccc3ncc(-c4cnn(CCOc5ccc(C(=O)NO)cc5)c4)nc3c2)c1,6.5406075122407685,1,
COc1cc(OCc2cccc(-c3ccccc3)c2C)cc(OC)c1CNCCCCCCC(=O)NO,5.662540738709344,1,
COc1cc(Oc2ccc3nc(/C=C/C(=O)NO)ccc3c2)cc(OC)c1OC,5.549750891680639,1,
COc1cc2c(Oc3ccc(NC(=O)C4(C(=O)Nc5ccc(F)cc5)CC4)cc3F)ccnc2cc1OCCCC(=O)NO,5.048662481204082,1,
COc1cc2c(Oc3ccc(NC(=O)C4(C(=O)Nc5ccc(F)cc5)CC4)cc3F)ccnc2cc1OCCCCCC(=O)NO,5.787812395596042,1,
COc1cc2c(cc1-c1c(C)noc1C)[nH]c1nc(C)nc(NCCCCCCC(=O)NO)c12,6.106793246940152,1,
COc1cc2c(cc1-c1c(C)noc1C)[nH]c1ncnc(NCCCCCCC(=O)NO)c12,6.105683937315561,1,
COc1cc2c(cc1OC)C(=O)C(CC1CCN(Cc3ccc(/C=C/C(=O)NO)cc3)CC1)C2,6.94692155651658,1,
COc1cc2c(cc1OC)C(=O)C(CC1CCN(Cc3ccc(NC(=O)CCCCCCC(=O)NO)cc3)CC1)C2,6.0746879085003505,1,
COc1cc2c(cc1OC)C(=O)C(CC1CCN(Cc3ccc(NCc4ccc(C(=O)NO)cc4)cc3)CC1)C2,5.667561540084394,1,
COc1cc2c(cc1OC)C(=O)C(CC1CCN(Cc3cccc(NC(=O)CCCCCCC(=O)NO)c3)CC1)C2,5.906578314837764,1,
COc1cc2c(cc1OC)C(=O)C(CC1CCN(S(=O)(=O)c3cccc(/C=C/C(=O)NO)c3)CC1)C2,5.764471553092451,1,
COc1cc2cc(c1)COc1ccccc1NC(=O)C(CCCCCC(=O)NO)OC/C=C\2,6.924453038607469,1,
COc1cc2cc(c1)COc1ccccc1NC(=O)C(CCCCCC(=O)NO)OCCC2,6.35261702988538,1,
COc1cc2cc(c1)COc1ccccc1NC(=O)[C@@H](CCCCCC(=O)NO)OC/C=C\2,6.686132779630847,1,
COc1cc2cc(c1)COc1ccccc1NC(=O)[C@@H](CCCCCC(=O)NO)OCCC2,7.042392712939905,1,
COc1cc2cc(c1)COc1ccccc1NC(=O)[C@H](CCCCCC(=O)NO)OC/C=C\2,6.703334809738469,1,
COc1cc2cc(c1)COc1ccccc1NC(=O)[C@H](CCCCCC(=O)NO)OCCC2,6.866461091629782,1,
COc1cc2ccn(CCCCOc3cccc(NC(=O)CCCCCCC(=O)NO)c3)c2c(OC)c1OC,6.123782159408358,1,
COc1cc2ccn(CCOc3ccc(NC(=O)CCCCCCC(=O)NO)cc3)c2cc1OC,6.399789693590672,1,
COc1cc2ccn(CCOc3cccc(NC(=O)CCCCCCC(=O)NO)c3)c2c(OC)c1OC,6.375821074251977,1,
COc1cc2ncnc(Nc3ccc(Br)cc3)c2cc1OCCCCCCC(=O)NO,8.337242168318426,1,
COc1cc2ncnc(Nc3ccc(Cl)cc3Cl)c2cc1OCCCCCC(=O)NO,8.2839966563652,1,
COc1ccc(-c2cc(-c3ccccc3)[nH]c2C(=O)NCc2ccc(C(=O)Nc3ccccc3N)cc2)cc1,6.905878404159439,1,
COc1ccc(-c2cc(-c3ccccc3)[nH]c2C(=O)NCc2ccc(C(=O)Nc3ccccc3S)cc2)cc1,6.252588192113577,1,
COc1ccc(-c2cc(-c3ccccc3)[nH]c2C(=O)NCc2ccc(C(=O)Nc3ccccn3)cc2)cc1,7.126098402135539,1,
COc1ccc(-c2cc(-c3ccccc3)[nH]c2C(=O)Nc2cccc(CC(=O)NO)c2)cc1,6.6439741428068775,1,
COc1ccc(-c2cc(-c3ccn(Cc4ccc(C(=O)NO)cc4)n3)ccn2)cc1,7.380906669373257,1,
COc1ccc(-c2cc(-c3ccoc3)c(C(=O)NCc3ccc(C(=O)NO)cc3)[nH]2)cc1,6.826823512774681,2,0.00412210985372089
COc1ccc(-c2cc(-c3ccsc3)c(C(=O)NCc3ccc(C(=O)NO)cc3)[nH]2)cc1,6.7594507517174005,1,
COc1ccc(-c2cc(C(=O)NCc3ccc(C(=O)NO)cc3)ccn2)cc1,6.97061622231479,1,
COc1ccc(-c2cc(OCCN(C)c3ncc(C(=O)NO)cn3)c3ncnc(C)c3c2)cn1,7.920818753952375,2,0.0
COc1ccc(-c2ccc(-c3nc4cc(C(=O)NO)ccc4o3)c(F)c2)cn1,6.415668775632469,1,
COc1ccc(-c2ccc(/C=C/C(=O)NO)cc2)cc1,7.156144577376839,1,
COc1ccc(-c2ccc(/C=C/C=C/C(=O)NO)cc2)cc1,5.806875401645538,1,
COc1ccc(-c2ccc(/C=C/C=C/C(=O)NO)cc2)cc1C12CC3CC(CC(C3)C1)C2,4.51427857351842,1,
COc1ccc(-c2ccc3c(NC(=O)CCCCCCC(=O)NO)n[nH]c3c2)cc1,8.428445002379155,3,0.026418099492647226
COc1ccc(-c2ccc3c(NC(=O)CCCCCCC(=O)NO)n[nH]c3c2)cc1OC,8.494850021680094,1,
COc1ccc(-c2ccc3c(NC(=O)CCCCCCC(=O)NO)n[nH]c3n2)cc1,8.142667503568731,1,
COc1ccc(-c2ccc3nc(/C=C/C(=O)NO)ccc3c2)cc1,5.3214816209598865,1,
COc1ccc(-c2ccc3nn(C(Cc4ccccc4)C(=O)NO)c(C#CC4CC4)c3c2)cn1,6.425968732272281,1,
COc1ccc(-c2cccc(-c3cc(OC)c(OC)c(OC)c3)n2)cc1/C=C/C(=O)NO,6.931814138253838,1,
COc1ccc(-c2cccc(-c3cc(OC)c(OC)c(OC)c3)n2)cc1CCC(=O)NO,5.619788758288394,1,
COc1ccc(-c2ccnc(NC3CCc4ccc(C(=O)NO)cc4C3)n2)c(OC)c1,5.910094888560602,1,
COc1ccc(-c2ccnc(NC3CCc4ccc(C(=O)NO)cc4C3)n2)cn1,6.0,1,
COc1ccc(-c2cnc(NC(=O)CCCCCCNC(=O)C(O)(O)C(F)(F)F)s2)cc1,4.886056647693163,1,
COc1ccc(-c2csc(C(=O)NOCCCCCC(=O)NO)n2)cc1,5.2403321553103694,1,
COc1ccc(-c2nc(C(=O)NCCCC(=O)NO)cc3c2[nH]c2ccccc23)cc1,6.4089353929735005,1,
COc1ccc(-c2nc(C(=O)NO)co2)cc1,4.292941059372404,1,
COc1ccc(-c2nc(N3CCOCC3)c3nc(CN(C)c4ncc(C(=O)NO)cn4)n(C)c3n2)cc1,7.031890798871802,1,
COc1ccc(-c2nc(N3CCOCC3)c3nc(CN(C)c4ncc(C(=O)NO)cn4)n(C)c3n2)cn1,6.66354026615147,1,
COc1ccc(-c2nc(N3CCOCC3)c3sc(CN(C)c4ncc(C(=O)NO)cn4)cc3n2)cn1,7.186000374180123,5,0.986102126348993
COc1ccc(-c2nc(NC(=O)NCCC(=O)NO)cc3c2[nH]c2ccccc23)cc1,6.366531544420413,1,
COc1ccc(-c2nc(NC(=O)NCCCC(=O)NO)cc3c2[nH]c2ccccc23)cc1,6.795880017344075,1,
COc1ccc(-c2nc(NC(=O)NCCCC(=O)NO)cc3c4ccccc4n(C)c23)cc1,6.2441251443275085,1,
COc1ccc(-c2nc(NC(=O)NCCCCC(=O)NO)cc3c2[nH]c2ccccc23)cc1,6.698970004336019,1,
COc1ccc(-c2nc3cc(/C=C/C(=O)NO)ccc3n2CC(O)CO)cc1,6.581698708680255,2,0.0
COc1ccc(-c2nc3cc(/C=C/C(=O)NO)ccc3n2CCO)cc1,6.396855627379818,2,0.0
COc1ccc(-c2nc3ccccc3s2)cc1OCCCCCCC(=O)NO,4.812366490049307,1,
COc1ccc(-c2ncc(/C=C/C(=O)NO)s2)c(OC)c1OC,5.59176003468815,1,
COc1ccc(-c2ncc(/C=C/C(=O)NO)s2)cc1,5.427128397799519,1,
COc1ccc(-c2ncc(/C=C/C(=O)Nc3ccccc3N)s2)cc1OC,4.937418015771837,1,
COc1ccc(-c2ncc(C(=O)NCCCCCC(=O)NO)s2)c(OC)c1,4.703115524461453,1,
COc1ccc(-c2ncc(C(=O)NCCCCCCC(=O)NO)[nH]2)c(OC)c1,4.836838625022982,1,
COc1ccc(-c2ncc(C(=O)NCCCCCCC(=O)NO)s2)c(OC)c1,5.044793462458058,1,
COc1ccc(-c2nnc(CNC(=O)CN)o2)cc1,6.847711655616944,1,
COc1ccc(-c2nnc(CNC(=O)[C@@H](C)N)o2)cc1,6.815308569182401,1,
COc1ccc(-c2noc(CCCCCCC(=O)C(F)(F)F)n2)cc1,5.730487055782083,1,
COc1ccc(-c2noc(CNCc3ccc(C(=O)NO)cc3)n2)cc1,6.065501548756432,1,
COc1ccc(-n2c(-c3cccc(/C=C/C(=O)NO)c3)nc3ccccc32)cc1,7.200659450546418,1,
COc1ccc(/C=C(\C)C(=O)c2cc(OC)c(OC)c(OC)c2)cc1OCCCC(=O)NO,5.769551078621726,1,
COc1ccc(/C=C(\C)C(=O)c2cc(OC)c(OC)c(OC)c2)cc1OCCCCCCCC(=O)NO,5.308918507877031,1,
COc1ccc(/C=C/C(=O)NO)c(-c2ccc(-c3ccccc3)cc2)c1,7.567567855882608,6,0.0016551271145276263
COc1ccc(/C=C/C(=O)NO)c(-c2ccc(Br)cc2)c1,8.244125144327509,2,0.0
COc1ccc(/C=C/C(=O)NO)c(-c2ccc(C(=O)c3ccccc3)cc2)c1,7.3788237182249645,1,
COc1ccc(/C=C/C(=O)NO)c(-c2ccc(Oc3ccccc3)cc2)c1,6.7594507517174005,1,
COc1ccc(/C=C/C(=O)NO)c(-c2cccc3c2oc2ccccc23)c1,7.3214816209598865,1,
COc1ccc(/C=C/C(=O)NO)c(-c2cccc3ccccc23)c1,7.107905397309519,1,
COc1ccc(/C=C/C(=O)NO)c(-c2ccccc2)c1,7.140261433802853,1,
COc1ccc(/C=C/C(=O)NO)cc1,6.421768131128951,2,1.1771583809457542
COc1ccc(/C=C/C(=O)OO)c(OCc2ccccc2)c1,6.686132779630847,1,
COc1ccc(/C=C/C(=O)c2cc(OC)c(OC)c(OC)c2)cc1OCCCCCCC(=O)NO,5.411168274405792,1,
COc1ccc(/C=C/C(=O)c2nnn(-c3ccc(Cl)cc3)c2C)cc1OC,7.327902142064282,1,
COc1ccc(/C=C2\SC(=O)N(CCNC(=O)Nc3c(C)n(C)n(-c4ccccc4)c3=O)C2=O)cc1,6.286509456906058,1,
COc1ccc(/C=C\c2cc(OC)c(OC)c(OC)c2)cc1/C=C/C(=O)Nc1ccccc1N,5.962573502059376,1,
COc1ccc(/C=N/NC(=O)CCCCCCCC(=O)NO)cc1,7.219538667138282,1,
COc1ccc(C(=O)CCCCCCC(=O)NO)cc1,6.346787486224656,1,
COc1ccc(C(=O)CCCCCCCC(=O)NO)cc1,7.823908740944319,1,
COc1ccc(C(=O)NO)cc1C(=O)Nc1ccc(Cl)cc1,7.409078206027614,2,0.015751789760643998
COc1ccc(C(=O)NO)cc1C(=O)Nc1ccc2c(c1)cc(C)c(=O)n2C,7.187086643357144,1,
COc1ccc(C(=O)NO)cc1C(=O)Nc1ccc2sccc2c1,7.0,1,
COc1ccc(C(=O)NO)cc1C(=O)Nc1cccc(Cl)c1,6.552841968657781,1,
COc1ccc(C(=O)NO)cc1CNc1ccc2c(c1)cc(C)c(=O)n2C,6.255707016877324,1,
COc1ccc(C(=O)NO)cc1CS(=O)(=O)Nc1ccc2c(c1)cc(C)c(=O)n2C,6.801342913045577,1,
COc1ccc(C(=O)NO)cc1NC(=O)Cc1ccccc1,6.290560425867589,1,
COc1ccc(C(=O)NO)cc1NC(=O)c1ccc(-c2ccccc2)cc1,7.234708070177441,2,0.4930675702179379
COc1ccc(C(=O)NO)cc1NC(=O)c1ccc(-c2ccccc2)cc1Cl,5.958607314841775,1,
COc1ccc(C(=O)NO)cc1NC(=O)c1ccc(Cl)cc1,6.620331965966346,1,
COc1ccc(C(=O)NO)cc1NC(=O)c1ccc(Cl)cc1Cl,6.26098175411652,1,
COc1ccc(C(=O)NO)cc1NC(=O)c1ccc2[nH]c3c(c2c1)CN(C)CC3.Cl,6.537602002101044,1,
COc1ccc(C(=O)NO)cc1NC(=O)c1cccc2c1/C(=N/O)c1ccccc1-2,6.823908740944319,1,
COc1ccc(C(=O)NO)cc1NC(=O)c1cccc2c1oc1ccccc12,6.494850021680094,1,
COc1ccc(C(=O)NO)cc1NC(=O)c1cccc2cccnc12,6.7447274948966935,1,
COc1ccc(C(=O)NO)cc1NC(=O)c1ccccc1,7.054039296422431,1,
COc1ccc(C(=O)NO)cc1NC(=O)c1ccccc1Cl,6.675388346671079,1,
COc1ccc(C(=O)NO)cc1NC(C)c1ccc(Cl)cc1,6.619788758288394,1,
COc1ccc(C(=O)NO)cc1NCCc1ccccc1,6.821023052706831,1,
COc1ccc(C(=O)NO)cc1NCc1ccc(Cl)cc1,6.8326826652518236,1,
COc1ccc(C(=O)NO)cc1NCc1ccc(OCCCCC(=O)Nc2ccc3c(c2)cc(C)c(=O)n3C)cc1,6.0195421077239,1,
COc1ccc(C(=O)NO)cc1NCc1ccc(OCc2cn(CCCCCC(=O)Nc3cccc4c3C(=O)N(C3CCC(=O)NC3=O)C4=O)nn2)cc1,6.6020599913279625,2,0.0
COc1ccc(C(=O)NO)cc1NCc1ccc2ccccc2n1,6.317854923626168,1,
COc1ccc(C(=O)NO)cc1NCc1cccc(Oc2ccccc2)c1,6.694648630553376,1,
COc1ccc(C(=O)NO)cc1NCc1cccc2c1oc1ccccc12,6.065501548756432,1,
COc1ccc(C(=O)NO)cc1NCc1ccccc1,7.158026434624244,2,0.004418674409058364
COc1ccc(C(=O)NO)cc1OCc1ccc(C(=O)NCCCCCCCCNc2cccc3c2C(=O)N(C2CCC(=O)NC2=O)C3=O)cc1,5.795880017344075,1,
COc1ccc(C(=O)NO)cc1OCc1ccc(Cl)cc1,6.7423214251308154,1,
COc1ccc(C(=O)NO)cc1OCc1ccc(Cl)cc1Cl,6.075720713938118,1,
COc1ccc(C(=O)NO)cc1OCc1ccccc1,7.595119167446438,2,0.03745252104779132
COc1ccc(C(=O)NO)cc1OCc1ccccc1Cl,6.920818753952375,1,
COc1ccc(C(=O)NO)cc1S(=O)(=O)Nc1ccc(C)cc1,7.703334809738469,1,
COc1ccc(C(=O)NO)cc1S(=O)(=O)Nc1ccc2c(c1)cc(C)c(=O)n2C,6.3535962737769305,1,
COc1ccc(C(=O)Nc2cc(C(=O)NO)ccc2Cl)cc1,6.6278247138849355,1,
COc1ccc(C(=O)Nc2cc(C(=O)NO)ccc2OC)cc1,7.112945621949043,1,
COc1ccc(C(=O)c2ccc3c(ccn3Cc3ccc(/C=C/C(=O)NO)cc3)c2)cc1,5.55129368009492,1,
COc1ccc(C(=O)c2ccc3c(ccn3Cc3ccc(C(=O)NO)cc3)c2)cc1,6.189767482004916,1,
COc1ccc(C(=O)c2ccc3c(ccn3Cc3ccc(C(=O)NO)cc3)c2)cc1OC,6.121478204498794,1,
COc1ccc(C(=O)c2ccc3c(ccn3S(=O)(=O)c3ccc(/C=C/C(=O)NO)cc3)c2)cc1,5.0,1,
COc1ccc(C(=O)c2ccc3c(ccn3S(=O)(=O)c3cccc(/C=C/C(=O)NO)c3)c2)cc1,6.090443970758825,1,
COc1ccc(C(=O)c2ccc3c(ccn3S(=O)(=O)c3cccc(/C=C/C(=O)NO)c3)c2)cc1OC,5.847711655616944,1,
COc1ccc(C(C)=O)cc1NC(=O)c1cc(C(=O)NO)ccc1C,7.045757490560675,1,
COc1ccc(C(C)=O)cc1NC(=O)c1cc(C(=O)NO)ccc1Cl,7.045757490560675,1,
COc1ccc(C2c3ccccc3CCN2CCC(=O)NO)cc1,7.086186147616283,1,
COc1ccc(CC(=O)N[C@@H](CCC(=O)O)C(=O)NCc2ccccc2)cc1,5.42021640338319,1,
COc1ccc(CC2C=Cc3cc(C(=O)NO)ccc32)cc1,7.73754891026957,1,
COc1ccc(CCn2c(=O)c3ccccc3n(Cc3ccc(C(=O)NO)cc3)c2=O)cc1,5.939302159646388,1,
COc1ccc(CN2CCC(Nc3nc(Nc4ccc(NC(=O)CCCCCCC(=O)NO)cc4)nc4cc(OC)c(OC)cc34)CC2)cc1,5.899629454882437,1,
COc1ccc(CNC(=O)[C@H](CCC(=O)O)NC(=O)Cc2ccc(Br)cc2)cc1,5.539102157243452,1,
COc1ccc(CNC(=O)[C@H](N)Cc2ccc(Cl)cc2Cl)cc1.Cl,4.779891911959945,1,
COc1ccc(CNC(=O)c2cc(C(=O)Nc3ccccc3N)ccc2N2CCOCC2)cc1O,5.648977147415876,1,
COc1ccc(CNC(=O)c2cc(F)ccc2N2CCOCC2)cc1/C=C/C(=O)NO,5.673664139071249,1,
COc1ccc(CNC(=O)c2cc(F)ccc2N2CCOCC2)cc1OCC(=O)NO,4.782279232469181,1,
COc1ccc(CNCCCCCCC(=O)NO)cc1OC,5.7447274948966935,1,
COc1ccc(COC(CCCCCC(=O)NO)C(=O)Nc2ccccc2)cc1,6.480172006224281,1,
COc1ccc(COc2cc(OC)ccc2/C=C/C(=O)NO)cc1,6.401209493236885,1,
COc1ccc(CS(=O)(=O)Nc2ccc(/C=C\C(=O)NO)cc2)cc1,7.221848749616356,1,
COc1ccc(CS(=O)(=O)Nc2ccc(/C=C\C(=O)NO)cc2)cc1OC,7.045757490560675,1,
COc1ccc(Cn2ccc3cc(C(=O)NO)ccc32)cc1,7.036212172654444,1,
COc1ccc(Cn2ccc3ccc(C(=O)NO)cc32)cc1,7.5194952369181625,32,0.703130182311603
COc1ccc(Cn2ccc3ccc(CC(=O)NO)cc32)cc1,5.309803919971486,1,
COc1ccc(F)c(-c2ccc3c(NC(=O)CCCCCCC(=O)NO)n[nH]c3c2)c1,8.309803919971486,1,
COc1ccc(N(C)c2cc(C#N)nc3ccccc23)cc1/C=C/C(=O)NO,6.823908740944319,1,
COc1ccc(N(C)c2nc(C)nc3ccccc23)cc1/C=C/C(=O)NO,6.552841968657781,1,
COc1ccc(N(C)c2nc(C)nc3ccccc23)cc1OCCCC(=O)NO,5.468776625466973,1,
COc1ccc(N(C)c2nc(C)nc3ccccc23)cc1OCCCCC(=O)NO,5.284916329305073,1,
COc1ccc(N(C)c2nc(C)nc3ccccc23)cc1OCCCCCC(=O)NO,5.81502480930174,1,
COc1ccc(N)c(NC(=O)c2ccc(CNC(=O)OCc3cccnc3)cc2)c1,5.337242168318426,1,
COc1ccc(NC(=O)CCCCCCNC(=O)C(O)(O)C(F)(F)F)cc1,4.292429823902063,1,
COc1ccc(NC(=O)[C@@H]2Cc3ccc(OCC(=O)NO)cc3CN2)cc1.Cl,5.2541448048262716,1,
COc1ccc(NC(=O)[C@@H]2Cc3ccc(OCC(=O)NO)cc3CN2C(=O)CCCc2ccccc2)cc1,6.943095148663527,1,
COc1ccc(NC(=O)[C@@H]2Cc3ccc(OCC(=O)NO)cc3CN2C(=O)CCc2ccccc2)cc1,6.29929628285498,1,
COc1ccc(NC(=O)[C@@H]2Cc3ccc(OCC(=O)NO)cc3CN2C(=O)CN)cc1.Cl,5.669586226650809,1,
COc1ccc(NC(=O)[C@@H]2Cc3ccc(OCC(=O)NO)cc3CN2C(=O)CNC(=O)OC(C)(C)C)cc1,6.289036881004725,1,
COc1ccc(NC(=O)[C@@H]2Cc3ccc(OCC(=O)NO)cc3CN2C(=O)Cc2ccccc2)cc1,6.85078088734462,1,
COc1ccc(NC(=O)[C@@H]2Cc3ccc(OCC(=O)NO)cc3CN2C(=O)OC(C)(C)C)cc1,6.0,1,
COc1ccc(NC(=O)[C@@H]2Cc3ccc(OCC(=O)NO)cc3CN2C(=O)[C@@H](N)C(C)C)cc1.Cl,5.991399828238082,1,
COc1ccc(NC(=O)[C@@H]2Cc3ccc(OCC(=O)NO)cc3CN2C(=O)[C@@H](N)CC(C)C)cc1.Cl,6.170696227168975,1,
COc1ccc(NC(=O)[C@@H]2Cc3ccc(OCC(=O)NO)cc3CN2C(=O)[C@@H](N)Cc2ccc(O)cc2)cc1.Cl,6.1979107421182675,1,
COc1ccc(NC(=O)[C@@H]2Cc3ccc(OCC(=O)NO)cc3CN2C(=O)[C@@H](N)Cc2ccccc2)cc1.Cl,6.434152181326482,1,
COc1ccc(NC(=O)[C@@H]2Cc3ccc(OCC(=O)NO)cc3CN2C(=O)[C@@H](NC(=O)OC(C)(C)C)C(C)C)cc1,6.982966660701219,1,
COc1ccc(NC(=O)[C@@H]2Cc3ccc(OCC(=O)NO)cc3CN2C(=O)[C@@H]2CCCN2)cc1.Cl,6.317854923626168,1,
COc1ccc(NC(=O)[C@@H]2Cc3ccc(OCC(=O)NO)cc3CN2C(=O)[C@@H]2CCCN2C(=O)OC(C)(C)C)cc1,6.673664139071249,1,
COc1ccc(NC(=O)[C@@H]2Cc3ccc(OCC(=O)NO)cc3CN2C(=O)[C@H](C)N)cc1.Cl,5.892790030352131,1,
COc1ccc(NC(=O)[C@@H]2Cc3ccc(OCC(=O)NO)cc3CN2C(=O)[C@H](C)NC(=O)OC(C)(C)C)cc1,6.739928612014925,1,
COc1ccc(NC(=O)[C@@H]2Cc3ccc(OCC(=O)NO)cc3CN2C(=O)[C@H](CC(C)C)NC(=O)OC(C)(C)C)cc1,6.787812395596042,1,
COc1ccc(NC(=O)[C@@H]2Cc3ccc(OCC(=O)NO)cc3CN2C(=O)[C@H](Cc2ccc(O)cc2)NC(=O)OC(C)(C)C)cc1,6.756961951313706,1,
COc1ccc(NC(=O)[C@@H]2Cc3ccc(OCC(=O)NO)cc3CN2C(=O)[C@H](Cc2ccccc2)NC(=O)OC(C)(C)C)cc1,6.987162775294828,1,
COc1ccc(NC(=O)[C@@H]2Cc3ccc(OCC(=O)NO)cc3CN2C(=O)c2ccccc2)cc1,6.785156151952302,1,
COc1ccc(NC(=O)[C@@H]2Cc3ccc(OCC(=O)NO)cc3CN2CCCc2ccccc2)cc1,5.764471553092451,1,
COc1ccc(NC(=O)[C@@H]2Cc3ccc(OCC(=O)NO)cc3CN2CCc2ccccc2)cc1,5.991399828238082,1,
COc1ccc(NC(=O)[C@@H]2Cc3ccc(OCC(=O)NO)cc3CN2Cc2ccccc2)cc1,5.71669877129645,1,
COc1ccc(NC(=O)[C@H](Cc2ccc(OCC(=O)NO)cc2)NC(=O)CCCc2ccccc2)cc1,7.0655015487564325,1,
COc1ccc(NC(=O)[C@H](Cc2ccc(OCC(=O)NO)cc2)NC(=O)CCc2ccccc2)cc1,7.045757490560675,1,
COc1ccc(NC(=O)[C@H](Cc2ccc(OCC(=O)NO)cc2)NC(=O)Cc2ccccc2)cc1,7.200659450546418,1,
COc1ccc(NC(=O)[C@H](Cc2ccc(OCC(=O)NO)cc2)NC(=O)OCc2ccccc2)cc1,6.920818753952375,1,
COc1ccc(NC(=O)[C@H](Cc2ccc(OCC(=O)NO)cc2)NC(=O)c2ccccc2)cc1,7.060480747381382,1,
COc1ccc(NC(=O)[C@H](Cc2ccc(OCC(=O)NO)cc2)NCCCc2ccccc2)cc1,6.035269078946371,1,
COc1ccc(NC(=O)[C@H](Cc2ccc(OCC(=O)NO)cc2)NCCc2ccccc2)cc1,6.180456064458131,1,
COc1ccc(NC(=O)[C@H](Cc2ccc(OCC(=O)NO)cc2)NCc2ccccc2)cc1,5.928117992693874,1,
COc1ccc(NC(=O)[C@H](N)Cc2ccc(Cl)cc2Cl)cc1.Cl,5.573488738635424,1,
COc1ccc(NC(=O)c2cc(C(=O)NO)ccc2OC)cc1,6.568636235841012,1,
COc1ccc(NC(=O)c2ccc(CNC(=O)OCc3cccnc3)cc2)c(N)c1,4.356547323513812,1,
COc1ccc(NC(=O)c2cccc(COc3ccccc3)n2)cc1C(=O)NO,5.455931955649724,1,
COc1ccc(NCc2ccc(-c3noc(C(F)(F)F)n3)cn2)cn1,5.468521082957745,1,
COc1ccc(OCCCCOc2cc(OC)ccc2/C=C/C(=O)NO)cc1,6.455400816597425,2,0.3444588486761175
COc1ccc(OCCCOc2cc(OC)ccc2/C=C/C(=O)NO)cc1,6.950781977329818,1,
COc1ccc(OCCOc2cc(OC)ccc2/C=C/C(=O)NO)cc1,6.718966632752272,1,
COc1ccc(OCOc2cc(OC)ccc2/C=C/C(=O)NO)cc1,7.083892487075762,2,0.24077313678822485
COc1ccc(OCc2ccc(-c3noc(C(F)(F)F)n3)c(F)c2)nc1,5.795880017344075,1,
COc1ccc(Oc2ccc3nc(/C=C/C(=O)NO)ccc3c2)cc1,5.110698297493689,1,
COc1ccc(S(=O)(=O)NC2CCc3ccc(C(=O)NO)cc3C2)cc1OC,6.4089353929735005,1,
COc1ccc(S(=O)(=O)NC2CNc3ccc(C(=O)NO)cc3C2)cc1OC,5.913640169325252,1,
COc1ccc([C@H]2[C@H](COC(=O)CCC(=O)NO)C(=O)N2c2cc(OC)c(OC)c(OC)c2)cc1O,6.5406075122407685,1,
COc1ccc([C@H]2[C@H](COC(=O)c3ccc(C(=O)NO)cc3)C(=O)N2c2cc(OC)c(OC)c(OC)c2)cc1O,6.752026733638193,1,
COc1ccc2[nH]c(C)c(CC(=O)N[C@@H](CCCCCC(=O)NO)C(=O)NCCc3c(-c4ccccc4)[nH]c4ccccc34)c2c1,6.698970004336019,1,
COc1ccc2[nH]cc(CCN(Cc3ccc(C(=O)NO)cc3)C(=O)/C=C/c3ccc(O)c(OC)c3)c2c1,5.447453013923506,2,0.0036026560197192606
COc1ccc2[nH]cc(Cn3cc(COc4ccc(/C=C/C(=O)NO)cc4OC)nn3)c2c1,6.42021640338319,1,
COc1ccc2c(=O)n(CCc3ccccc3)c(=O)n(Cc3ccc(C(=O)NO)cc3)c2c1,6.13608262304214,2,0.0
COc1ccc2c(C(=O)c3cc(OC)c(OC)c(OC)c3)cn(Cc3ccc(C(=O)NO)cc3)c2c1,6.4089353929735005,1,
COc1ccc2c(C(=O)c3cc(OC)c(OC)c(OC)c3)cn(S(=O)(=O)c3cccc(/C=C/C(=O)NO)c3)c2c1,4.790484985457369,1,
COc1ccc2c(CN[C@H]3CC[C@@H](Nc4ncc(C(=O)NO)cn4)CC3)cn(C)c2c1.Cl,7.522878745280337,1,
COc1ccc2c(c1)C(=O)N(CCCCCC(=O)NO)c1ccccc1S2(=O)=O,5.546681659952963,1,
COc1ccc2c(c1)C1=NCCN1C(=S)S2,5.107905397309519,1,
COc1ccc2c(c1)SC(=S)N1CCN=C21,4.920818753952375,1,
COc1ccc2c(c1)c(CC(=O)NCCCCCC(=O)NO)c(C)n2C(=O)c1ccc(Cl)cc1,6.462180904926726,1,
COc1ccc2c(c1)c(CC(=O)NCCCCCCC(=O)NO)c(C)n2C(=O)c1ccc(Cl)cc1,6.962573502059376,1,
COc1ccc2c(c1)c(CC(=O)NCCCCCCCC(=O)NO)c(C)n2C(=O)c1ccc(Cl)cc1,6.1505805862031,1,
COc1ccc2c(c1)c(CC(=O)O)c(C)n2Cc1ccc(-c2cn(CCCCCCC(=O)NO)nn2)cc1,6.935542010773082,1,
COc1ccc2c(c1)c(CCNC(C)=O)cn2Cc1ccc(C(=O)NO)cc1,6.0783789752028525,2,0.002295259890458809
COc1ccc2c(ccn2CCOc2ccc(NC(=O)CCCCCCC(=O)NO)cc2)c1,6.251114559990484,1,
COc1ccc2cc(-c3nc(C(=O)NO)co3)ccc2c1,4.536405597812999,1,
COc1ccc2cc(C(=O)/C=C/C=C/c3ccc(OC)c(OC)c3)c(=O)oc2c1,4.552841968657781,1,
COc1ccc2cc(C(=O)NCCCCCCC(=O)NO)ccc2n1,7.096910013008056,1,
COc1ccc2sc(NC(=O)CCCCCCNC(=O)C(O)(O)C(F)(F)F)nc2c1,5.050609993355087,1,
COc1cccc(-c2cc3ccc(C(=O)NO)cc3o2)c1,6.6777807052660805,1,
COc1cccc(-c2ccc3c(NC(=O)C4CCC(C(=O)NO)CC4)n[nH]c3c2)c1,5.476253533188435,1,
COc1cccc(-c2ccc3c(NC(=O)CCCC(=O)NO)n[nH]c3c2)c1,7.267606240177031,1,
COc1cccc(-c2ccc3c(NC(=O)CCCCC(=O)NO)n[nH]c3c2)c1,7.3872161432802645,1,
COc1cccc(-c2ccc3c(NC(=O)CCCCCC(=O)NO)n[nH]c3c2)c1,8.346787486224656,1,
COc1cccc(-c2ccc3c(NC(=O)CCCCCCC(=O)NO)n[nH]c3c2)c1,8.522878745280337,1,
COc1cccc(-c2ccc3c(NC(=O)CCCCCCC(=O)NO)n[nH]c3c2)c1F,8.356547323513812,1,
COc1cccc(-c2ccc3c(NC(=O)CCCCCCC(=O)NO)n[nH]c3n2)c1,8.481486060122112,1,
COc1cccc(-c2csc(C(=O)NOCCCCCC(=O)NO)n2)c1,5.2839966563652006,1,
COc1cccc(-c2nc(NCc3ccc(/C=C/C(=O)NO)cc3)cc3c2[nH]c2ccccc23)c1,6.209714835966759,1,
COc1cccc(-c2ncc(/C=C/C(=O)Nc3ccccc3N)s2)c1,4.873868592738016,1,
COc1cccc(-c2ncc(C(=O)NCCCCCCC(=O)NO)s2)c1,4.817300096663957,1,
COc1cccc(C(=O)NC2CNc3ccc(C(=O)NO)cc3C2)c1,5.55129368009492,1,
COc1cccc(C(=O)c2ccc3c(ccn3Cc3ccc(C(=O)NO)cc3)c2)c1,5.950781977329818,1,
COc1cccc(C(=O)c2ccc3c(ccn3S(=O)(=O)c3cccc(/C=C/C(=O)NO)c3)c2)c1,5.452225294612178,1,
COc1cccc(C2c3ccccc3CCN2CCC(=O)NO)c1,6.958607314841775,1,
COc1cccc(CN2C(=O)CN(Cc3ccc(C(=O)NO)cc3)C(=O)[C@H]2Cc2ccccc2)c1,6.767003889607846,1,
COc1cccc(CNc2cc(C(=O)NO)ccc2OC)c1,6.777283528852417,1,
COc1cccc(NC(=O)COc2ccc3cc(/C=C4/SC(=O)NC4=O)ccc3c2)c1,5.119186407719209,1,
COc1cccc(NCc2ccc(-c3noc(C(F)(F)F)n3)cc2)c1,5.236572006437063,1,
COc1cccc2c(C(CCCCCC(=O)NO)c3c[nH]c4c(OC)cccc34)c[nH]c12,6.7447274948966935,1,
COc1cccc2c1C(=O)c1c(O)c3c(c(O)c1C2=O)C[C@@](O)(C(C)=O)C[C@@H]3O[C@H]1C[C@H](N)[C@H](O)[C@H](C)O1,6.657577319177793,1,
COc1cccc2c1C(=O)c1c(O)c3c(c(O)c1C2=O)C[C@@](O)(C(C)=O)C[C@@H]3O[C@H]1C[C@H](NCc2ccc(-c3cn(CCCCCC(=O)NO)nn3)cc2)[C@H](O)[C@H](C)O1,5.384155117125298,1,
COc1cccc2c1C(=O)c1c(O)c3c(c(O)c1C2=O)C[C@@](O)(C(C)=O)C[C@@H]3O[C@H]1C[C@H](NCc2ccc(-c3cn(CCCCCCC(=O)NO)nn3)cc2)[C@H](O)[C@H](C)O1,6.1487416512809245,1,
COc1cccc2c1C(=O)c1c(O)c3c(c(O)c1C2=O)C[C@@](O)(C(C)=O)C[C@@H]3O[C@H]1C[C@H](NCc2ccc(-c3cn(CCCCCCCC(=O)NO)nn3)cc2)[C@H](O)[C@H](C)O1,6.421360790031928,1,
COc1cccc2c1C(=O)c1c(O)c3c(c(O)c1C2=O)C[C@@](O)(C(C)=O)C[C@@H]3O[C@H]1C[C@H](NCc2ccc(NC(=O)CCCCCCC(=O)NO)cc2)[C@H](O)[C@H](C)O1,6.657577319177793,2,0.0
COc1ccccc1-c1ccc2c(NC(=O)CCCCCCC(=O)NO)n[nH]c2c1,8.3767507096021,1,
COc1ccccc1-c1cnc(C(=O)NCCCCCCC(=O)NO)s1,6.59194668570202,1,
COc1ccccc1-c1csc(C(=O)NOCCCCCC(=O)NO)n1,5.665546248849069,1,
COc1ccccc1-c1ncc(C(=O)NCCCCCCC(=O)NO)s1,4.991825815993574,1,
COc1ccccc1/C=C1\CC(=O)N(CCCCCCC(=O)NO)C1=O,6.247183568811728,1,
COc1ccccc1C(=O)CCCCCCCC(=O)NO,7.022276394711152,1,
COc1ccccc1C(=O)N[C@H](COc1cccc(/C=C/C(=O)NO)c1)Cc1c[nH]c2ccccc12,7.058488567365597,1,
COc1ccccc1C1CCC(=O)N1c1ccc(-c2noc(C(F)(F)F)n2)cc1F,5.096910013008056,1,
COc1ccccc1CCn1c(=O)c2ccccc2n(Cc2ccc(C(=O)NO)cc2)c1=O,6.279840696594043,3,0.0
COc1cncc(-c2ccnc(NC3CCc4ccc(C(=O)NO)cc4C3)n2)c1,6.2839966563652006,1,
COc1cnnc(OCc2ccc(-c3noc(C(F)(F)F)n3)c(F)c2)c1,5.619788758288394,1,
COc1nc(-c2cccc(-c3ccccc3)c2C)ccc1CNCCCCCC(=O)NO,5.042871802323187,1,
COc1nc2ccccc2cc1-c1cnc([C@@H](N)CCCCCC(=O)c2cnoc2C)[nH]1,5.301029995663981,1,
COc1ncc(-c2cc(OCCCCCCC(=O)NO)c3ncnc(C)c3c2)cc1F,8.299299729609228,2,0.7842835756460211
COc1ncc(-c2cc3cnn(C(Cc4ccccc4)C(=O)NO)c3cn2)cn1,6.425968732272281,1,
COc1ncc(-c2ccc3nn(C(Cc4ccccc4)C(=O)NO)cc3c2)cn1,6.425968732272281,1,
COc1ncccc1-c1ccc(-c2nc3cc(C(=O)NO)ccc3o2)cc1,6.154901959985743,1,
COc1ncccc1OCc1ccc(-c2noc(C(F)(F)F)n2)c(F)c1,4.346787486224656,1,
CS(=O)(=O)CC(=O)N(Cc1ccc(-c2noc(C(F)(F)F)n2)cc1)c1cccc(C(F)(F)F)c1,5.721246399047171,1,
CS(=O)(=O)N1CC(C(=O)N(Cc2ccc(-c3noc(C(F)(F)F)n3)cn2)c2cccc(F)c2)C1,5.886056647693163,1,
CS(=O)(=O)NC(Cc1ccc(-c2noc(C(F)(F)F)n2)cn1)c1cccc(C(F)(F)F)c1,5.431798275933005,1,
CS(=O)(=O)N[C@@H](Cc1ccc(OCCc2ccccc2)cc1)C(=O)NO,5.022276394711152,1,
CS(=O)(=O)N[C@@H](Cc1ccc(OCc2ccccc2)cc1)C(=O)NO,5.443697499232712,1,
CS(=O)(=O)N[C@@H](Cc1ccc(OCc2ccccc2)cc1)C(=O)O,4.3260580013659125,1,
CS(=O)(=O)Nc1ccc(-c2ccnc(Nc3ccc(N4CCC(C(=O)NCCCCCCCC(=O)NO)CC4)cc3)n2)cc1,6.242603971206975,1,
CS(=O)(=O)Nc1ccc(-c2ccnc(Nc3ccc(N4CCC(C(=O)Nc5ccc(/C=C/C(=O)NO)cc5)CC4)cc3)n2)cc1,5.217169194797409,1,
CS(=O)(=O)Nc1ccc(-c2ccnc(Nc3ccc(N4CCN(CC(=O)Nc5ccc(C(=O)NO)cc5)CC4)cc3)n2)cc1,6.004803708402821,1,
CS(=O)(=O)c1ccc(N2CCC(Nc3ccc(C(=O)NO)cc3)C2=O)cc1,6.920818753952375,1,
CSCC[C@@H]1N=C(c2ccccc2)c2ccccc2N(CCCCC(=O)NO)C1=O,4.692932049338702,1,
CSCC[C@@H]1NCC(=O)NC1=O,7.053400374984867,1,
CSCC[C@H]1NCC(=O)NC1=O,7.098759697926691,1,
CSN1C(=O)C[C@H]1CC/C=C/C(=O)Nc1ccccc1,5.346787486224656,1,
CSc1ccc(C(=O)NO)cc1NC(=O)c1ccc(-c2ccccc2)cc1,6.657577319177793,1,
C[C@@H](COCCC(=O)N1CCN(c2ncc(OCc3ccc(/C=C/C(=O)NO)cc3)cn2)CC1)Nc1cn[nH]c(=O)c1C(F)(F)F,6.495937117321308,1,
C[C@@H](N)C(=O)NCc1nnc(-c2ccc(F)cc2)o1,6.935542010773082,1,
C[C@@H](N)C(=O)NCc1nnc(-c2ccc([N+](=O)[O-])cc2)o1,6.896196279044043,1,
C[C@@H](N)C(=O)NCc1nnc(-c2ccccc2)o1,7.008773924307505,1,
C[C@@H](NC(=O)[C@H](N)Cc1ccc(Cl)cc1Cl)c1ccccc1.Cl,4.5968794788241825,1,
C[C@@H](NC(=O)c1cccc(=S)n1O)C(=O)O,6.008773924307505,1,
C[C@@H](OCc1ccccc1)[C@@H]1N=C(c2ccccc2)c2ccccc2N(CCCCC(=O)NO)C1=O,4.52958950902407,1,
C[C@@H](c1ccccc1)n1c(-c2cccc(/C=C/C(=O)NO)c2)nc2ccccc21,7.795880017344075,1,
C[C@@H]1CN(C(=O)Nc2ccc(-c3nc(N4CCOCC4)c4cnn(CCCCCCC(=O)NO)c4n3)cc2)CCO1,8.892790030352131,1,
C[C@@H]1N=C(c2ccccc2)c2ccccc2N(CCCCC(=O)NO)C1=O,4.606424796730413,1,
C[C@@]1(Nc2ccc(C(=O)NO)cc2)CCN(c2ccc(Cl)cc2)C1=O,6.229147988357855,1,
C[C@@]12CSC(=N1)c1csc(n1)CNC(=O)C[C@@H](/C=C/CCS)OC(=O)[C@H](CCCCNC(=O)O[C@@H]1CC/C=C/CCC1)NC2=O,5.952725132615821,1,
C[C@@]12Nc3ccccc3[C@]1(O)CCN2Cc1ccc(/C=C/C(=O)NO)cc1,6.036212172654444,1,
C[C@@]12Nc3ccccc3[C@]1(O)CCN2Cc1ccc(/C=C/C(N)=O)cc1,4.638272163982407,1,
C[C@H](CN1CCC[C@@H]1C)NC(=O)c1ccc(-c2noc(C(F)(F)F)n2)cc1,5.698970004336019,1,
C[C@H](N)C(=O)N1CC2(C[C@H]1C(=O)NCCCCCC(=O)NO)SCCS2.Cl,5.229147988357855,1,
C[C@H](NC(=O)OC(C)(C)C)C(=O)N1CC2(C[C@H]1C(=O)NCCCCCC(=O)NO)SCCS2,5.939302159646388,1,
C[C@H](NC(=O)[C@H](CC(=O)NCC(C)(C)C)NC(=O)c1ccc(C(=O)NO)cc1)C(=O)NCc1ccccc1,6.275724130399211,2,0.0
C[C@H](NC(=O)[C@H](N)Cc1ccc(Cl)cc1Cl)c1ccccc1.Cl,4.11690664142431,1,
C[C@H](NC(=O)c1nc(-c2ncc(-c3ccccc3)s2)sc1C1CC1)c1ccc(C(=O)NO)cc1,7.773657912836369,1,
C[C@H](NS(=O)(=O)c1cccc(C(=O)NO)c1)C(=O)Nc1ccccc1,4.616184634019569,1,
C[C@H](c1ccccc1)n1c(-c2cccc(/C=C/C(=O)NO)c2)nc2ccccc21,7.698970004336019,1,
C[C@H]1CN(c2ccc(C(=O)Nc3ccccc3N)cn2)CCN1C(=O)OCc1ccccc1,4.776763726897002,1,
C[C@]1(Nc2ccc(C(=O)NO)cc2)CCN(c2ccc(Cl)cc2)C1=O,6.7447274948966935,1,
C[C@]12CC[C@@H]3c4ccc(O)cc4CC[C@H]3[C@@H]1CC[C@@]2(O)c1cn(CCCC(=O)NO)nn1,4.958607314841775,1,
C[C@]12CC[C@@H]3c4ccc(O)cc4CC[C@H]3[C@@H]1CC[C@@]2(O)c1cn(CCCCC(=O)NO)nn1,5.129818655252878,2,0.24212939964145905
C[C@]12CC[C@@H]3c4ccc(O)cc4CC[C@H]3[C@@H]1CC[C@@]2(O)c1cn(CCCCCC(=O)NO)nn1,5.3979400086720375,1,
C[C@]12CC[C@@H]3c4ccc(O)cc4CC[C@H]3[C@@H]1CC[C@@]2(O)c1cn(CCCCCCC(=O)NO)nn1,5.872363747448347,2,0.670936485689207
C[C@]12CC[C@@H]3c4ccc(O)cc4CC[C@H]3[C@@H]1CC[C@@]2(O)c1cn(CCCCCCCC(=O)NO)nn1,5.522878745280337,2,1.1651829156011964
C[Si](O)(O)CCCCCCC(=O)Nc1ccccc1,4.568636235841013,1,
C[Si]1(C)CCC(NCc2ccc(-c3noc(C(F)(F)F)n3)cn2)CC1,5.376750709602099,1,
C[n+]1ccc(Br)cc1,5.508638306165727,1,
C[n+]1ccc(C#N)cc1,4.853871964321762,1,
C[n+]1ccc(Cl)cc1,5.187086643357144,1,
C[n+]1ccc(I)cc1,4.752019494193781,8,0.7077218548101493
C[n+]1cccc(Br)c1,5.096910013008056,1,
C[n+]1cccc(C#N)c1,4.920818753952375,1,
C[n+]1cccc(Cl)c1,4.853871964321762,1,
C[n+]1cccc(I)c1,5.327902142064282,1,
C[n+]1ccccc1Br,5.886056647693163,1,
C[n+]1ccccc1C#N,5.275724130399211,1,
C[n+]1ccccc1I,4.57099873220386,8,0.7424259680585579
C[n+]1cccnc1Br,4.8774309047310265,7,0.8053883360854635
C[n+]1cccnc1Cl,4.608234736085423,7,0.82648666097177
C[n+]1cccnc1I,4.893465254329662,11,0.6985207285548031
C[n+]1ccnc(Br)c1,4.568636235841013,1,
C[n+]1ccnc(Cl)c1,5.638272163982407,1,
C[n+]1ccnc(I)c1,4.568636235841013,1,
C[n+]1ccoc1I,5.920818753952375,1,
C[n+]1ccsc1Br,5.920818753952375,1,
C[n+]1cncc(Br)c1,4.637200327839221,10,0.7248303672171398
C[n+]1cncc(Cl)c1,5.366531544420413,1,
C[n+]1cncc(I)c1,5.038162664921318,8,0.7796230510947058
C[n+]1cnccc1C#N,5.443697499232712,1,
C[n+]1csc(Br)c1,6.886056647693163,1,
Cc1[nH]c2cc(O)ccc2c1CCNCc1ccc(/C=C/C(N)=O)cc1,5.167491087293763,1,
Cc1[nH]c2ccccc2c1/C=C/c1ccccc1-c1ccc(/C=C/C(=O)NO)cc1,6.236572006437063,1,
Cc1[nH]c2ccccc2c1C1=CCC(NCc2ccc(OCC(=O)NO)cc2F)CC1,7.0655015487564325,1,
Cc1[nH]c2ccccc2c1CCNCc1ccc(/C=C/C(=O)NO)cc1,6.80081552459769,19,0.7648803030192632
Cc1[nH]c2ccccc2c1CCNCc1ccc(/C=C/C(N)=O)cc1,4.657577319177793,1,
Cc1c(-c2ccccc2)nc(-c2cccc(/C=C/C(=O)NO)c2)n1CCN1CCOCC1,7.102372908709558,1,
Cc1c(-c2ccccc2)nc(-c2cccc(/C=C/C(=O)NO)c2)n1CCc1ccccc1,7.698970004336019,1,
Cc1c(-c2ccccc2)nc(-c2cccc(/C=C/C(=O)NO)c2)n1[C@@H]1CCCN(C(C)C)C1,7.508638306165727,1,
Cc1c(-c2ccccc2)nc(-c2cccc(/C=C/C(=O)NO)c2)n1[C@@H]1CCCN(C)C1,7.301029995663981,1,
Cc1c(C)n(Cc2ccc(C(=O)NO)cc2)c2ccccc12,5.800000874803203,1,
Cc1c(Cc2ccccc2)nc(-c2cccc(/C=C/C(=O)NO)c2)n1CCN1CCOCC1,7.301029995663981,1,
Cc1c(Cc2ccccc2)nc(-c2cccc(/C=C/C(=O)NO)c2)n1CCc1ccccc1,7.795880017344075,1,
Cc1c(Cc2ccccc2)nc(-c2cccc(/C=C/C(=O)NO)c2)n1[C@@H]1CCCN(C)C1,7.102372908709558,1,
Cc1c(F)c(N)cc(C(=O)Nc2cc(-c3ccc(C(=O)NCc4ccc(/C=C/C(=O)NO)cc4)cc3)ccc2N2CCN(C)CC2)c1Cl,5.275724130399211,1,
Cc1c(N)cccc1-c1cn(CCCCCCC(=O)NO)c2ccc(C#N)cc12,7.795880017344075,1,
Cc1c(NC(=O)CN2C(=O)S/C(=C\c3ccc(Br)cc3)C2=O)c(=O)n(-c2ccccc2)n1C,5.961379838050297,1,
Cc1c(NC(=O)NCCN2C(=O)S/C(=C\c3ccc([N+](=O)[O-])cc3)C2=O)c(=O)n(-c2ccccc2)n1C,6.610833915635467,1,
Cc1c(O)c(O)c(O)c(C=O)c1-c1cc2c(C=O)c(C)c(O)c(O)c2o1,5.6777807052660805,1,
Cc1c(O)c(O)c2c(c1C=O)[C@@H]1O[C@H](O2)c2c(C)c(O)c(O)c(O)c2C1=O,5.795880017344075,1,
Cc1c2ccc(N(C)c3ccnc(Nc4ccc(/C=C/C(=O)NO)cc4)n3)cc2nn1C,5.539102157243452,1,
Cc1c2ccc(N(C)c3ccnc(Nc4ccc(C(=O)NCCCCCCC(=O)NO)cc4)n3)cc2nn1C,5.779891911959945,1,
Cc1cc(-c2nc3sc4c(c3c(=O)[nH]2)CCN(C)C4)cc(C)c1OCCCCCC(=O)NO,6.777283528852417,1,
Cc1cc(/C=C/C(=O)NO)ccc1/C=C1/C(=O)NCC(=O)N1C,6.670358089269788,1,
Cc1cc(/C=C2/C(=O)NCC(=O)N2C)ccc1/C=C/C(=O)NO,7.617622696531886,1,
Cc1cc(=O)n2c(n1)CN(c1ccc(-c3noc(C(F)(F)F)n3)cn1)CC2,6.1249387366083,1,
Cc1cc(Br)ccc1NC(=O)COc1ccc2cc(/C=C3/SC(=O)NC3=O)ccc2c1,5.130768280269024,1,
Cc1cc(C(=O)CCCCC[C@H](NC(=O)C2CN(C)C2)c2ncc(-c3ccccc3F)[nH]2)no1,7.795880017344075,1,
Cc1cc(C)c(CNC(=O)c2cc(-c3ccc(N4CCN(c5ncc(C(=O)NO)cn5)CC4)nc3)cc3c2cnn3C(C)C)c(=O)[nH]1,6.958607314841775,1,
Cc1cc(C)c(CNC(=O)c2cc(C)n(-c3cccc(NC(=O)CCCCCCC(=O)NO)c3)c2C)c(=O)[nH]1,6.958607314841775,2,0.0
Cc1cc(C)c(CNC(=O)c2cnn(-c3cccc(NC(=O)CCCCCCC(=O)NO)c3)c2C)c(=O)[nH]1,5.681936665037238,2,0.0
Cc1cc(C)cc(C(=O)N(CC(=O)NCc2ccccc2)Cc2ccc(C(=O)Nc3cc(-c4ccccc4)ccc3N)cc2)c1,5.504455662453552,1,
Cc1cc(C)cc(C(=O)N(CCCCCC(=O)NO)CC(=O)NC2CCCCC2)c1,5.130768280269024,1,
Cc1cc(C)cc(C(=O)N(CCCCCC(=O)NO)CC(=O)NCc2ccccc2)c1,5.134896025358872,1,
Cc1cc(C)cc(C(=O)NOCCCCCC(=O)NO)c1,5.893469146177619,1,
Cc1cc(C)cc(COc2ccc(NC(=O)CCCCCCC(=O)OC(C)(C)C)cc2)c1,4.274088367704952,1,
Cc1cc(C)nc(COc2nccc(-c3noc(C(F)(F)F)n3)c2Cl)n1,5.4089353929735005,1,
Cc1cc(CC(=O)N(Cc2ccc(-c3noc(C(F)(F)F)n3)cn2)c2cccc(F)c2)on1,5.823908740944319,1,
Cc1cc(CNCCCCCCC(=O)NO)ccc1F,5.552841968657781,1,
Cc1cc(Cl)ccc1-c1ccnc(NC2CCc3ccc(C(=O)NO)cc3C2)n1,5.667561540084394,1,
Cc1cc(Cn2ccc3cc(C(=O)NCC45C[C@H]6C[C@@H](C4)C[C@@H](C5)C6)ccc32)ccc1C(=O)NO,5.686132779630847,1,
Cc1cc(F)cc(C)c1Oc1ccc(C(C)(C)O)cc1-c1cn(C)c(=O)c2[nH]c(C(=O)NCCCCCCC(=O)NO)cc12,6.234331445240986,1,
Cc1cc(NCc2ccc(-c3noc(C(F)(F)F)n3)cn2)on1,5.853871964321762,1,
Cc1cc(OCc2ccc(-c3noc(C(F)(F)F)n3)c(F)c2)cc(C)n1,5.275724130399211,1,
Cc1cc(Oc2ccccc2)nc(NC2CCc3ccc(C(=O)NO)cc3C2)n1,5.823908740944319,1,
Cc1cc2c(cc1C#N)c(-c1cccc(N)c1C)cn2CCCCCCC(=O)NO,7.638272163982407,1,
Cc1cc2cc(NC(=O)c3cc(C(=O)NO)ccc3Cl)ccc2n(C)c1=O,6.94692155651658,1,
Cc1cc2cc(NCc3cc(C(=O)NO)ccc3Cl)ccc2n(C)c1=O,5.495801081460555,1,
Cc1cc2cc(NS(=O)(=O)Cc3ccc(C(=O)NO)cc3)ccc2n(C)c1=O,6.443697499232712,1,
Cc1cc2cc(NS(=O)(=O)Cc3cccc(C(=O)NO)c3)ccc2n(C)c1=O,6.332547047110046,1,
Cc1cc2cc(NS(=O)(=O)c3cc(C(=O)NO)ccc3Cl)ccc2n(C)c1=O,6.251811972993799,1,
Cc1cc2cc(NS(=O)(=O)c3ccc(C(=O)NO)cc3)ccc2n(C)c1=O,6.041914151478915,1,
Cc1cc2ccccc2n1Cc1ccc(C(=O)NO)cc1,6.401209493236885,1,
Cc1ccc(-c2cc(/C=C/c3ccc(C(=O)NO)cc3)ccn2)c(F)c1,5.056505484093897,1,
Cc1ccc(-c2cc(C(=O)NCCCCCC(=O)NO)nn2-c2ccc(S(N)(=O)=O)cc2)cc1,6.26440110030182,1,
Cc1ccc(-c2cc(C(=O)NCCCCCCC(=O)NO)nn2-c2ccc(S(C)(=O)=O)cc2)cc1,6.462180904926726,1,
Cc1ccc(-c2cc(C(=O)NCCCCCCC(=O)NO)nn2-c2ccc(S(N)(=O)=O)cc2)cc1,6.2839966563652006,1,
Cc1ccc(-c2cc(C(=O)NCCCCCCCC(=O)NO)nn2-c2ccc(S(N)(=O)=O)cc2)cc1,6.15676722190199,1,
Cc1ccc(-c2cc(C(F)(F)F)c(C#N)c(SCCC#N)n2)o1,6.798602875679549,2,0.0
Cc1ccc(-c2cc(C(F)(F)F)nn2-c2ccc(S(=O)(=O)NCCCCCC(=O)NO)cc2)cc1,6.645891560852599,1,
Cc1ccc(-c2cc(C(F)(F)F)nn2-c2ccc(S(=O)(=O)NCCCCCCC(=O)NO)cc2)cc1,6.3851027839668655,1,
Cc1ccc(-c2cc(C(F)(F)F)nn2-c2ccc(S(=O)(=O)NCCCCCCCC(=O)NO)cc2)cc1,6.004803708402821,1,
Cc1ccc(-c2ccc(Cn3cccc(O)c3=S)cc2)cc1,6.096910013008056,2,0.0
Cc1ccc(-c2ccnc(NC3CCc4ccc(C(=O)NO)cc4C3)n2)c(F)c1,5.958607314841775,1,
Cc1ccc(-c2ccnc(NC3CCc4ccc(C(=O)NO)cc4C3)n2)cc1,6.096910013008056,1,
Cc1ccc(-c2ccnc(NC3CCc4ccc(C(=O)NO)cc4C3)n2)cn1,6.318758762624412,1,
Cc1ccc(-c2cn(CCCCCn3cccc(O)c3=S)nn2)cc1,5.596364810209452,2,0.0
Cc1ccc(-c2csc(C(=O)NOCCCCCC(=O)NO)n2)cc1,5.154281982033341,1,
Cc1ccc(-c2nc(C(=O)NO)co2)cc1,4.4699284311626215,1,
Cc1ccc(-c2nc(CNc3ccc(C(=O)NO)cc3)n(-c3ccccc3)n2)s1,6.45717457304082,1,
Cc1ccc(-c2nnc(CNC(=O)CN)o2)cc1,6.856985199745905,1,
Cc1ccc(-c2nnc(CNC(=O)[C@@H](C)N)o2)cc1,6.917214629683549,1,
Cc1ccc(-c2noc(CCCCCCC(=O)C(F)(F)F)n2)cc1,5.496209316942819,1,
Cc1ccc(-c2noc(CCCCCCC(=O)NO)n2)cc1,5.268411234813261,1,
Cc1ccc(-c2noc(CCCCCCC(=O)Nc3ccccc3N)n2)cc1,5.076238039171299,1,
Cc1ccc(-c2noc(CNCc3ccc(C(=O)NO)cc3)n2)cc1,5.903089986991944,1,
Cc1ccc(C(=O)N(CC(=O)NC2CCCCC2)CC2CCN(c3ncc(C(=O)NO)cn3)CC2)c(C)c1,6.411168274405792,1,
Cc1ccc(C(=O)N(Cc2ccc(-c3noc(C(F)(F)F)n3)cn2)c2cccc(F)c2)nn1,5.494850021680094,1,
Cc1ccc(C(=O)NCCCCCC(=O)Nc2ccccc2N)cc1,4.97061622231479,1,
Cc1ccc(C(=O)NO)cc1C(=O)Nc1ccc(Cl)cc1,6.950851231752651,2,0.010968757895531317
Cc1ccc(C(=O)NO)cc1NC(=O)c1ccc2ccccc2n1,7.518557371497695,1,
Cc1ccc(C(=O)NO)cc1NC(=O)c1ccccc1,6.690369832574101,1,
Cc1ccc(C(=O)NO)cc1NC1CCCCC1,6.981715691573469,1,
Cc1ccc(C(=O)NO)cc1NCCCc1ccccc1,6.605548319173783,1,
Cc1ccc(C(=O)NO)cc1NCCc1ccccc1,6.886056647693163,1,
Cc1ccc(C(=O)NO)cc1NCc1c(Cl)cccc1Cl,6.474955192963154,1,
Cc1ccc(C(=O)NO)cc1NCc1ccc(-c2ccccc2)cc1,6.6439741428068775,1,
Cc1ccc(C(=O)NO)cc1NCc1ccc(Cl)cc1,6.79317412396815,1,
Cc1ccc(C(=O)NO)cc1NCc1ccc(Cl)cc1Cl,7.455931955649724,1,
Cc1ccc(C(=O)NO)cc1NCc1ccc2ccccc2c1,6.924453038607469,1,
Cc1ccc(C(=O)NO)cc1NCc1ccccc1,6.585026652029182,1,
Cc1ccc(C(=O)NO)cc1NCc1ccccc1Cl,6.543633966870956,1,
Cc1ccc(C(=O)NOCCCCCC(=O)NO)cc1C,6.079354998593212,1,
Cc1ccc(C(=O)N[C@@H](Cc2ccc(OCCc3ccccc3)cc2)C(=O)NO)cc1,4.279840696594043,1,
Cc1ccc(C(=O)N[C@@H](Cc2ccc(OCc3ccccc3)cc2)C(=O)NO)cc1,4.512861624522814,1,
Cc1ccc(C(=O)Nc2ccc(C(=O)NO)cc2)cc1,7.665546248849069,1,
Cc1ccc(C(=O)c2ccc3c(ccn3Cc3ccc(C(=O)NO)cc3)c2)cc1,5.826813731587726,1,
Cc1ccc(C(=O)c2ccc3c(ccn3S(=O)(=O)c3cccc(/C=C/C(=O)NO)c3)c2)cc1,5.3487219860018556,1,
Cc1ccc(C2CC(c3ccccc3)=NN2C(=O)COc2ccc(/C=C3/SC(=O)NC3=O)cc2)cc1,4.508638306165727,1,
Cc1ccc(CN(Cc2ccc(C(=O)NO)cc2)S(=O)(=O)c2c(F)c(F)c(F)c(F)c2F)cc1,6.995678626217357,1,
Cc1ccc(CN2CCC(c3noc(CN(C)c4ncc(C(=O)NO)cn4)n3)CC2)cc1,6.585026652029182,1,
Cc1ccc(N)c(NC(=O)c2ccc(CNC(=O)OCc3cccnc3)cc2)c1,5.552841968657781,1,
Cc1ccc(NC(=O)C(Cc2c[nH]c3ccccc23)NC(=O)c2ccc(C(=O)NO)cc2)cc1,5.259637310505756,1,
Cc1ccc(NC(=O)CCCCCCC(=O)NO)cc1,6.4736607226101555,1,
Cc1ccc(NC(=O)CN(CCCCCC(=O)NO)C(=O)c2ccc(N(C)C)cc2)cc1,5.170053304058364,1,
Cc1ccc(NC(=O)COc2ccc3cc(/C=C4/SC(=O)NC4=O)ccc3c2)cc1,5.045757490560675,1,
Cc1ccc(NC(=O)[C@@H]2Cc3ccc(OCC(=O)NO)cc3CN2)c(C)c1.Cl,5.4698003017969175,1,
Cc1ccc(NC(=O)[C@@H]2Cc3ccc(OCC(=O)NO)cc3CN2)cc1.Cl,5.417936637088291,1,
Cc1ccc(NC(=O)[C@@H]2Cc3ccc(OCC(=O)NO)cc3CN2C(=O)OC(C)(C)C)c(C)c1,5.422508200162774,1,
Cc1ccc(NC(=O)[C@@H]2Cc3ccc(OCC(=O)NO)cc3CN2C(=O)OC(C)(C)C)cc1,5.782516055786093,1,
Cc1ccc(NC(=O)[C@H](CCCCCC(=O)NO)NC(=O)[C@H]2CCC(=O)N2)cc1,6.806875401645538,1,
Cc1ccc(NC(=O)[C@H](CCCCCS)NC(=O)[C@@H]2CCCC(=O)N2)cc1,6.443697499232712,1,
Cc1ccc(NC(=O)[C@H](Cc2c[nH]c3ccccc23)NC(=O)c2ccc(C(=O)NO)cc2)cc1,5.259637310505756,1,
Cc1ccc(NCc2ccc(-c3noc(C(F)(F)F)n3)c(F)c2)cn1,5.4089353929735005,1,
Cc1ccc(NCc2ccc(-c3noc(C(F)(F)F)n3)cn2)cn1,5.7447274948966935,1,
Cc1ccc(NCc2ccc(-c3noc(C(F)(F)F)n3)cn2)nn1,5.552841968657781,1,
Cc1ccc(S(=O)(=O)N[C@@H](Cc2ccc(OCCc3ccccc3)cc2)C(=O)NO)cc1,4.0835460514500745,1,
Cc1ccc(S(=O)(=O)N[C@@H](Cc2ccc(OCc3ccccc3)cc2)C(=O)NO)cc1,4.372634143407267,1,
Cc1ccc(S(=O)(=O)Nc2ccc(/C=C/C(=O)NO)cc2)cc1,6.522878745280337,1,
Cc1ccc2c(=O)n(CCc3ccccc3)c(=O)n(Cc3ccc(C(=O)NO)cc3)c2c1,5.598427154323554,2,0.0
Cc1ccc2c(CN[C@H]3CC[C@@H](Nc4ncc(C(=O)NO)cn4)CC3)cn(C)c2c1.Cl,7.366531544420414,1,
Cc1ccc2c(c1)C1=NCCCN1C(=S)S2,7.2441251443275085,1,
Cc1ccc2c(c1)C1=NCCN1C(=S)S2,5.886056647693163,1,
Cc1ccc2c(c1)SC(=S)N1CCCN=C21,6.0,1,
Cc1ccc2c(c1)SC(=S)N1CCN=C21,4.886056647693163,1,
Cc1ccc2c(cnn2C(Cc2ccccc2)C(=O)NO)c1,6.903089986991944,1,
Cc1ccc2c(cnn2C(Cc2ccccc2)C(=O)NO)n1,6.425968732272281,1,
Cc1ccc2nc3c4ccccc4c(NCCCCCCC(=O)NO)nn3c(=O)c2c1,7.068542129310995,1,
Cc1ccc2nc3c4ccccc4c(NCCCCCCCC(=O)NO)nn3c(=O)c2c1,7.016824927962187,1,
Cc1cccc(-c2ccc(Cn3cccc(O)c3=S)cc2)c1,5.602755418989614,2,0.0
Cc1cccc(-c2cn(CCCCCn3cccc(O)c3=S)nn2)c1,5.779891911959945,2,0.0
Cc1cccc(C(=O)NO)c1,5.481486060122112,1,
Cc1cccc(C(=O)NOCCCCCC(=O)NO)c1,5.981715691573469,1,
Cc1cccc(CCNC(=O)CCCCCCS)c1,6.609064892896621,1,
Cc1cccc(CCNC(=O)[C@H](CCCCCS)NC(=O)[C@@H]2CCCC(=O)N2)c1,7.769551078621726,1,
Cc1cccc(CCOc2cc(-c3noc(C(F)(F)F)n3)ccn2)n1,5.337242168318426,1,
Cc1cccc(N2CCC(NCc3ccc(-c4noc(C(F)(F)F)n4)cc3)CC2)c1,5.853871964321762,1,
Cc1cccc(NC(=O)CCCCCCC(=O)NO)c1,6.281498311132726,1,
Cc1cccc(NC(=O)COc2ccc3cc(/C=C4/SC(=O)NC4=O)ccc3c2)n1,5.1249387366083,1,
Cc1cccc(NC(=O)[C@@H]2Cc3ccc(OCC(=O)NO)cc3CN2)c1.Cl,5.441291429466834,1,
Cc1cccc(NC(=O)[C@@H]2Cc3ccc(OCC(=O)NO)cc3CN2C(=O)OC(C)(C)C)c1,5.752026733638193,1,
Cc1cccc(NC(=O)[C@H](CCCCCC(=O)NO)NC(=O)[C@H]2CCC(=O)N2)c1,7.2839966563652006,2,0.0
Cc1cccc(NC(=O)[C@H](CCCCCS)NC(=O)[C@@H]2CCC(=O)N2)c1,6.97469413473523,1,
Cc1cccc(NC(=O)[C@H](CCCCCS)NC(=O)[C@@H]2CCCC(=O)N2)c1,6.8696662315049934,1,
Cc1cccc(NC(=O)[C@H](CCCCCS)NC(=O)[C@H]2CCC(=O)N2)c1,6.97469413473523,1,
Cc1cccc(NC(=O)[C@H](CCCCCS)NC(=O)[C@H]2CCC(=O)N2C)c1,7.00436480540245,1,
Cc1cccc(S(=O)(=O)Nc2ccc(/C=C/C(=O)NO)cc2)c1,7.0,1,
Cc1cccc2c1C1=NCCCN1C(=S)S2,6.886056647693163,1,
Cc1cccc2c1C1=NCCN1C(=S)S2,5.769551078621726,1,
Cc1cccc2c1SC(=S)N1CCN=C21,4.508638306165727,1,
Cc1cccc2sc(NC(=O)COc3ccc4cc(/C=C5/SC(=O)NC5=O)ccc4c3)nc12,5.236572006437063,1,
Cc1ccccc1-c1ccc(Cn2cccc(O)c2=S)cc1,5.5079383954874,2,0.0
Cc1ccccc1-c1cn(CCCCCn2cccc(O)c2=S)nn1,5.619426996933113,2,0.0
Cc1ccccc1-n1sc2cc(F)ccc2c1=O,6.180456064458131,1,
Cc1ccccc1NC(=O)[C@@H]1Cc2ccc(OCC(=O)NO)cc2CN1.Cl,5.384049948343598,1,
Cc1ccccc1NC(=O)[C@@H]1Cc2ccc(OCC(=O)NO)cc2CN1C(=O)OC(C)(C)C,5.3979400086720375,1,
Cc1cccn2c(C(Cc3ccccc3)C(=O)NO)cnc12,6.425968732272281,1,
Cc1ccncc1COc1ccc(-c2noc(C(F)(F)F)n2)cn1,6.045757490560675,1,
Cc1cn(C(C)C(=O)N(Cc2ccc(-c3noc(C(F)(F)F)n3)cn2)c2cccc(F)c2)nn1,5.552841968657781,1,
Cc1cn(Cc2ccc(C(=O)NO)cc2)c2ccccc12,6.040481623027002,1,
Cc1cnc(Nc2ccc(OCCN3CCCC3)cc2)nc1Nc1ccc(C(=O)NO)cc1,6.795880017344075,1,
Cc1cncc(-c2ccnc(NC3CCc4ccc(C(=O)NO)cc4C3)n2)c1,6.2839966563652006,1,
Cc1cncnc1OCc1ccc(-c2noc(C(F)(F)F)n2)c(F)c1,5.721246399047171,1,
Cc1coc(C(=O)CCCCC[C@H](NC(=O)C2CCN(C)CC2)c2ncc(-c3ccc(F)cc3)[nH]2)n1,5.096910013008056,1,
Cc1n[nH]c(CC(=O)N(Cc2ccc(-c3noc(C(F)(F)F)n3)cn2)c2cccc(F)c2)n1,5.468521082957745,1,
Cc1n[nH]c2c1CC(NCc1ccc(-c3noc(C(F)(F)F)n3)cn1)CC2,5.537602002101044,1,
Cc1nc(-c2cccc(/C=C/C(=O)NO)c2)n(CCN2CCOCC2)c1-c1ccccc1,7.102372908709558,1,
Cc1nc(-c2cccc(/C=C/C(=O)NO)c2)n(CCN2CCOCC2)c1C,6.698970004336019,1,
Cc1nc(-c2cccc(/C=C/C(=O)NO)c2)n(CCN2CCOCC2)c1Cc1ccccc1,7.200659450546418,1,
Cc1nc(-c2cccc(/C=C/C(=O)NO)c2)n(CCc2ccccc2)c1-c1ccccc1,7.6020599913279625,1,
Cc1nc(-c2cccc(/C=C/C(=O)NO)c2)n(CCc2ccccc2)c1C,7.508638306165727,1,
Cc1nc(-c2cccc(/C=C/C(=O)NO)c2)n(CCc2ccccc2)c1Cc1ccccc1,7.698970004336019,1,
Cc1nc(-c2cccc(/C=C/C(=O)NO)c2)n([C@@H]2CCCN(C(C)C)C2)c1-c1ccccc1,7.3979400086720375,1,
Cc1nc(-c2cccc(/C=C/C(=O)NO)c2)n([C@@H]2CCCN(C)C2)c1-c1ccccc1,7.0,1,
Cc1nc(-c2ccccc2)n(CCc2ccccc2)c1-c1cccc(/C=C/C(=O)NO)c1,7.301029995663981,1,
Cc1nc(C)n(CC(=O)N(Cc2ccc(-c3noc(C(F)(F)F)n3)cc2)c2cccc(C(F)(F)F)c2)n1,5.481486060122112,1,
Cc1nc(C)n(CCc2ccccc2)c1-c1cccc(/C=C/C(=O)NO)c1,7.0,1,
Cc1nc(COc2cc(-c3noc(C(F)(F)F)n3)ccn2)no1,6.207608310501746,1,
Cc1nc(Cc2ccccc2)n(CCc2ccccc2)c1-c1cccc(/C=C/C(=O)NO)c1,7.200659450546418,1,
Cc1nc(Cl)cnc1COc1ccc(-c2noc(C(F)(F)F)n2)cn1,5.568636235841012,1,
Cc1nc(N(C)c2ccc(OCC(=O)NO)cc2)c2ccccc2n1,5.927750102386485,1,
Cc1nc(N(C)c2ccc(OCCCC(=O)NO)cc2)c2ccccc2n1,5.834162375309871,1,
Cc1nc(N(C)c2ccc(OCCCCC(=O)NO)cc2)c2ccccc2n1,5.7700623140920655,1,
Cc1nc(N(C)c2ccc(OCCCCCC(=O)NO)cc2)c2ccccc2n1,5.821023052706831,1,
Cc1nc(OCc2ccc(-c3noc(C(F)(F)F)n3)c(F)c2)c2cnn(C)c2n1,5.585026652029182,1,
Cc1nc2c(/C=C/C(=O)NO)cccc2c(=O)n1-c1ccccc1,6.376750709602099,1,
Cc1nc2c(c(=O)[nH]1)CC(NCc1ccc(-c3noc(C(F)(F)F)n3)cc1)CC2,6.6020599913279625,1,
Cc1nc2c(c(N(C)c3ccc(OCC(=O)NO)cc3)n1)CCC2,5.526659035814065,1,
Cc1nc2c(c(N(C)c3ccc(OCCCC(=O)NO)cc3)n1)CCC2,5.2083093509798815,1,
Cc1nc2c(c(N(C)c3ccc(OCCCCC(=O)NO)cc3)n1)CCC2,5.701802132890185,1,
Cc1nc2c(c(N(C)c3ccc(OCCCCCC(=O)NO)cc3)n1)CCC2,5.998699066979581,1,
Cc1nc2cc(/C=C/C(=O)NO)ccc2c(=O)n1-c1ccccc1,5.609718940521468,2,0.2807930448390004
Cc1nc2cc(/C=C/C(=O)NO)ccc2c(=O)n1CCc1c[nH]c2ccccc12,5.798602875679549,1,
Cc1nc2cc(/C=C/C(=O)NO)ccc2c(=O)n1CCc1ccccc1,5.756961951313706,1,
Cc1nc2cc(/C=C/C(=O)NO)ccc2c(=O)n1Cc1ccccc1,5.896196279044043,1,
Cc1nc2cc(F)ccc2n1Cc1ccc(-c2noc(C(F)(F)F)n2)cc1F,5.086186147616283,1,
Cc1nc2ccc(/C=C/C(=O)NO)cc2c(=O)n1-c1ccccc1,6.215382707367125,1,
Cc1nc2ccc(/C=C/CC(=O)NO)cc2c(=O)n1-c1ccccc1,5.428291168191312,1,
Cc1nc2ccc(F)cc2n1Cc1ccc(-c2noc(C(F)(F)F)n2)cc1F,5.229147988357855,1,
Cc1nc2ccc(F)cc2n1Cc1ccc(-c2noc(C(F)(F)F)n2)cn1,5.251811972993799,1,
Cc1nc2cccc(/C=C/C(=O)NO)c2c(=O)n1-c1ccccc1,5.97469413473523,1,
Cc1nc2ccccc2n1Cc1ccc(C(=O)NO)cc1F,6.698970004336019,1,
Cc1ncc(-c2ccc(C(C(=O)NO)c3ccccc3F)cc2)cn1,5.173925197299173,1,
Cc1ncc(C(=O)N(Cc2ccc(-c3noc(C(F)(F)F)n3)cn2)c2cccc(F)c2)cn1,5.481486060122112,1,
Cc1ncc(CC(=O)N(Cc2ccc(-c3noc(C(F)(F)F)n3)cn2)c2cccc(F)c2)s1,5.619788758288394,1,
Cc1nccc(OCc2ccc(-c3noc(C(F)(F)F)n3)c(F)c2)n1,5.522878745280337,1,
Cc1nccn1C(C)C(=O)N(Cc1ccc(-c2noc(C(F)(F)F)n2)cn1)c1cccc(F)c1,5.769551078621726,1,
Cc1nccnc1C(=O)N(Cc1ccc(-c2noc(C(F)(F)F)n2)cn1)c1cccc(F)c1,5.508638306165727,1,
Cc1nn(C)c(C)c1-c1ccc2c(cnn2C(Cc2ccccc2)C(=O)NO)c1,6.425968732272281,1,
Cc1nnc(CC(=O)N(Cc2ccc(-c3noc(C(F)(F)F)n3)cc2)c2cccc(C(F)(F)F)c2)n1C,5.638272163982407,1,
Cc1nnc(CC(=O)N(Cc2ccc(-c3noc(C(F)(F)F)n3)cn2)c2cccc(F)c2)s1,5.886056647693163,1,
Cc1noc(C)c1-c1cc2cc(C(=O)NO)ccc2s1,6.119186407719209,1,
Cc1noc(C2CCCC(=O)N2c2ccc(-c3noc(C(F)(F)F)n3)cc2)n1,5.7447274948966935,1,
Cc1noc(CC(=O)N(Cc2ccc(-c3noc(C(F)(F)F)n3)cn2)c2cccc(F)c2)n1,6.0,1,
Cc1noc([C@@H]2CCC(=O)N2c2cc(F)c(-c3noc(C(F)(F)F)n3)cc2F)n1,5.080921907623926,1,
Cc1noc([C@@H]2CCC(=O)N2c2ccc(-c3noc(C(F)(F)F)n3)c(F)c2)n1,5.173925197299173,1,
Cc1noc([C@@H]2CCC(=O)N2c2ccc(-c3noc(C(F)(F)F)n3)c(F)c2F)n1,5.221848749616356,1,
Cc1noc([C@@H]2CCC(=O)N2c2ccc(-c3noc(C(F)(F)F)n3)cc2)n1,5.853871964321762,1,
Cc1noc([C@@H]2CCC(=O)N2c2ccc(-c3noc(C(F)(F)F)n3)cc2F)n1,5.2839966563652006,1,
Cc1noc([C@@H]2CCCCN2c2ccc(-c3noc(C(F)(F)F)n3)cn2)n1,6.0,1,
Cc1noc([C@@H]2COCC(=O)N2c2ccc(-c3noc(C(F)(F)F)n3)cc2)n1,5.522878745280337,1,
Cc1noc([C@H]2CCCCN2c2cc(F)c(-c3noc(C(F)(F)F)n3)cc2F)n1,4.5376020021010435,1,
Cc1noc([C@H]2CCCCN2c2ccc(-c3noc(C(F)(F)F)n3)cn2)n1,5.920818753952375,1,
Cc1nonc1C1CCCN1c1ccc(-c2noc(C(F)(F)F)n2)cn1,5.7447274948966935,1,
Cc1nonc1CC(=O)N(Cc1ccc(-c2noc(C(F)(F)F)n2)cn1)c1cccc(F)c1,5.455931955649724,1,
Cc1o[n+](C)c(C)c1I,5.537602002101044,1,
Cc1oc2ccc(OCC(=O)NN)cc2c1C(=O)OC(C)C,8.568636235841012,1,
Cc1sc2c(c1C)C(c1ccc(Cl)cc1)=N[C@@H](CC(=O)Nc1ccc(C(=O)NO)cc1)c1nnc(C)n1-2,7.197239738281265,2,0.6795875527858075
Cl.Cl.NCCCC[C@H](N)C(=O)N1CC2(C[C@H]1C(=O)NCCCCCC(=O)NO)SCCS2,5.3214816209598865,1,
Cl.Cn1cc(CN2CC3(CCN(c4ncc(C(=O)NO)cn4)C3)C2)c2ccc(C#N)cc21,7.52432881167557,1,
Cl.Cn1cc(CNCC2CCN(c3ncc(C(=O)NO)cn3)CC2)c2ccccc21,8.036212172654444,1,
Cl.NCC(=O)N1CC2(C[C@H]1C(=O)NCCCCCC(=O)NO)SCCS2,5.886056647693163,1,
Cl.NCCC(=O)N1CC2(C[C@H]1C(=O)NCCCCCC(=O)NO)SCCS2,5.714442690992226,1,
Cl.NCCCC(=O)N1CC2(C[C@H]1C(=O)NCCCCCC(=O)NO)SCCS2,5.3851027839668655,1,
Cl.N[C@@H](CO)C(=O)N1CC2(C[C@H]1C(=O)NCCCCCC(=O)NO)SCCS2,5.598599459218455,1,
Cl.N[C@@H](Cc1c[nH]c2ccccc12)C(=O)N1CC2(C[C@H]1C(=O)NCCCCCC(=O)NO)SCCS2,6.161150909262744,1,
Cl.N[C@@H](Cc1ccc(O)cc1)C(=O)N1CC2(C[C@H]1C(=O)NCCCCCC(=O)NO)SCCS2,6.309803919971486,1,
Cl.N[C@@H](Cc1ccc(OCC(=O)NO)cc1)C(=O)Nc1ccccc1,6.330683119433887,1,
Cl.N[C@@H](Cc1ccccc1)C(=O)N1CC2(C[C@H]1C(=O)NCCCCCC(=O)NO)SCCS2,6.075720713938118,1,
Cl.N[C@H](Cc1ccc(Cl)cc1Cl)C(=O)N1CCc2ccccc2C1,5.686132779630847,1,
Cl.N[C@H](Cc1ccc(Cl)cc1Cl)C(=O)N1Cc2ccc(NC(=O)CCc3ccccc3)cc2C1,6.586700235918748,1,
Cl.N[C@H](Cc1ccc(Cl)cc1Cl)C(=O)N1Cc2ccc(NC(=O)Cc3ccccc3)cc2C1,6.634512015109101,1,
Cl.N[C@H](Cc1ccc(Cl)cc1Cl)C(=O)N1Cc2ccccc2C1,6.6777807052660805,1,
Cl.N[C@H](Cc1ccc(Cl)cc1Cl)C(=O)NC1Cc2ccccc2C1,5.05749589383192,1,
Cl.N[C@H](Cc1ccc(Cl)cc1Cl)C(=O)NCCCc1ccccc1,5.6968039425795105,1,
Cl.N[C@H](Cc1ccc(Cl)cc1Cl)C(=O)NCCc1c[nH]c2ccc(O)cc12,5.752026733638193,1,
Cl.N[C@H](Cc1ccc(Cl)cc1Cl)C(=O)NCCc1c[nH]c2ccccc12,6.013228265733755,1,
Cl.N[C@H](Cc1ccc(Cl)cc1Cl)C(=O)NCCc1ccc(O)c(O)c1,5.684029654543082,1,
Cl.N[C@H](Cc1ccc(Cl)cc1Cl)C(=O)NCCc1ccc(O)cc1,5.903089986991944,1,
Cl.N[C@H](Cc1ccc(Cl)cc1Cl)C(=O)NCCc1ccccc1,5.6020599913279625,1,
Cl.N[C@H](Cc1ccc(Cl)cc1Cl)C(=O)NCCc1cccnc1,5.414539270491499,1,
Cl.N[C@H](Cc1ccc(Cl)cc1Cl)C(=O)NCc1ccccc1,5.368556230986828,1,
Cl.N[C@H](Cc1ccc(Cl)cc1Cl)C(=O)NCc1cccs1,5.522878745280337,1,
Cl.N[C@H](Cc1ccc(Cl)cc1Cl)C(=O)Nc1ccc2[nH]c3ccccc3c2c1,4.978810700930062,1,
Cl.N[C@H](Cc1ccc(O)cc1)C(=O)N1CCc2ccccc2C1,4.671620396561262,1,
Cl.N[C@H](Cc1ccc(O)cc1)C(=O)N1Cc2ccccc2C1,5.368556230986828,1,
Cl.N[C@H](Cc1ccccc1)C(=O)N1CCc2ccccc2C1,4.97061622231479,1,
Cl.N[C@H](Cc1ccccc1)C(=O)N1Cc2ccccc2C1,5.939302159646388,1,
Cl.Nc1ccc2c(c1)CN(C(=O)[C@H](N)Cc1ccc(Cl)cc1Cl)C2,6.886056647693163,1,
Cl.O=C(/C=C/c1ccc(-c2cc(CN3CCOCC3)on2)cc1)NO,6.896196279044043,1,
Cl.O=C(CCCCCNC(=O)[C@@H]1CC2(CN1)SCCS2)NO,5.586700235918748,1,
Cl.O=C(CCCCCNC(=O)[C@@H]1CC2(CN1C(=O)C1CCNCC1)SCCS2)NO,5.554395796726403,1,
Cl.O=C(CCCCCNC(=O)[C@@H]1CC2(CN1C(=O)[C@@H]1CCCN1)SCCS2)NO,4.988006885340743,1,
Cl.O=C(COc1ccc2c(c1)CN[C@H](C(=O)NCCc1ccccc1)C2)NO,5.39040559077478,1,
Cl.O=C(COc1ccc2c(c1)CN[C@H](C(=O)NCc1ccccc1)C2)NO,5.292429823902063,1,
Cl.O=C(COc1ccc2c(c1)CN[C@H](C(=O)Nc1ccc(-c3ccccc3)cc1)C2)NO,5.655607726314889,1,
Cl.O=C(COc1ccc2c(c1)CN[C@H](C(=O)Nc1ccc(F)c(Cl)c1)C2)NO,5.476253533188435,1,
Cl.O=C(COc1ccc2c(c1)CN[C@H](C(=O)Nc1ccc(F)cc1)C2)NO,5.490797477668897,1,
Cl.O=C(COc1ccc2c(c1)CN[C@H](C(=O)Nc1cccc(Cl)c1)C2)NO,5.494850021680094,1,
Cl.O=C(COc1ccc2c(c1)CN[C@H](C(=O)Nc1cccc3ccccc13)C2)NO,5.97469413473523,1,
Cl.O=C(COc1ccc2c(c1)CN[C@H](C(=O)Nc1ccccc1)C2)NO,5.085656842880559,1,
Cl.O=C(NO)c1ccc(CN2c3ccccc3Sc3ccccc32)nc1,5.213106674738684,1,
Cl.O=C(NO)c1cnc(N2CCC3(CCN(Cc4c[nH]c5ccccc45)C3)CC2)nc1,7.795880017344075,1,
Cn1c(-c2ccc(-c3ccccc3)cc2)nc2cc(C(=O)NO)ccc21,7.130768280269024,1,
Cn1c(-c2cccc(/C=C/C(=O)NO)c2)nc2ccccc21,7.0,1,
Cn1c(/C=C/C(=O)NO)ccc1/C=C/C(=O)c1cccc(F)c1,4.739928612014925,1,
Cn1c(/C=C/C(=O)NO)ccc1/C=C/C(=O)c1cccnc1,6.026872146400301,1,
Cn1c(/C=C/C(=O)NO)ccc1/C=C/C(=O)c1cccs1,6.0,1,
Cn1c(=O)c(OCc2ccc(C(=O)NO)cc2)c(C2CCCCC2)c2ccccc21,5.785156151952302,1,
Cn1c(=O)c2ccc(Cl)cc2n(Cc2ccc(C(=O)NO)cc2)c1=O,6.281498311132726,1,
Cn1c(=O)ccc2cc(C(=O)NCCCCCCC(=O)NO)ccc21,7.142667503568731,1,
Cn1c(Br)cc[n+]1C,4.638272163982407,1,
Cn1c(CCC(=O)NO)nc2ccccc2c1=O,4.982966660701219,1,
Cn1c(CCCC(=O)O)nc2cc(N(CCCl)CCCl)ccc21,6.97061622231479,1,
Cn1c(CCc2ccccc2)nc2cc(/C=C/C(=O)NO)ccc21,6.682922647809567,2,0.20762866472460337
Cn1c(I)cc[n+]1C,4.721246399047171,1,
Cn1c(OCc2ccc(-c3noc(C(F)(F)F)n3)c(F)c2)nc2ccccc21,6.113509274827518,1,
Cn1c(OCc2ccc(-c3noc(C(F)(F)F)n3)c(F)c2)nc2cccnc21,5.886056647693163,1,
Cn1c(SCCCCCC(=O)NO)nnc1-c1ccncc1,5.1487416512809245,1,
Cn1c(SCCCCCC(=O)Nc2ccccc2N)nnc1-c1ccncc1,5.137868620686962,1,
Cn1c(SCCCCCC(=O)O)nnc1-c1ccncc1,4.922632094715843,1,
Cn1c(SCc2ccc(C(=O)NO)cc2)nnc1-c1ccncc1,4.526367073126159,1,
Cn1c(SCc2ccc(C(=O)Nc3ccccc3N)cc2)nnc1-c1ccncc1,5.105130343254747,1,
Cn1c([C@@H](Cc2ccccc2)NCc2ccccc2)nc2cc(C(=O)NO)ccc21,6.061880730805688,1,
Cn1c([C@@H]2CCC(=O)N2c2ccc(-c3noc(C(F)(F)F)n3)cc2)nc2ccccc21,5.537602002101044,1,
Cn1c([C@@H]2CCC(=O)N2c2ccc(-c3noc(C(F)(F)F)n3)cc2F)nc2ccccc21,5.657577319177793,1,
Cn1c2c(c3ccccc31)CN(C(=O)NCc1ccc(C(=O)NO)cc1)CC2,5.383209513670284,1,
Cn1c2c(c3ccccc31)CN(Cc1ccc(C(=O)NO)cc1)CC2,5.581036169296377,1,
Cn1cc(-c2ccc3c(cnn3C(Cc3ccccc3)C(=O)NO)c2)cn1,6.903089986991944,1,
Cn1cc(-c2ccc3nn(C(Cc4ccccc4)C(=O)NO)c(C#CC4CC4)c3c2)cn1,6.903089986991944,1,
Cn1cc(-c2cccc3cn(C(Cc4ccccc4)C(=O)NO)nc23)cn1,6.425968732272281,1,
Cn1cc(-c2cnc3c(cnn3C(Cc3ccccc3)C(=O)NO)c2)cn1,6.425968732272281,1,
Cn1cc(Br)[n+](C)c1,4.698970004336019,1,
Cn1cc(Br)c[n+]1C,4.568636235841013,1,
Cn1cc(C#N)[n+](C)c1,4.619788758288394,1,
Cn1cc(C(=O)Cl)cc1/C=C/C(=O)NO,5.015472686656207,1,
Cn1cc(C=O)cc1/C=C/C(=O)NO,4.911863911299449,1,
Cn1cc(C=O)cc1CCC(=O)NO,4.279344643448276,1,
Cn1cc(CCNCc2ccc(/C=C/C(=O)NO)cc2)c2ccccc21,5.981299501333757,1,
Cn1cc(CN2CCC(/C=C/C(=O)NO)CC2)c2ccccc21,6.036212172654444,1,
Cn1cc(CNCC2CCN(c3ncc(C(=O)NO)cn3)CC2)c2ccccc21,7.585415281174443,8,0.6769429850122082
Cn1cc(Cl)[n+](C)c1,4.795880017344075,1,
Cn1cc(Cl)c[n+]1C,4.853871964321762,1,
Cn1cc(I)[n+](C)c1,4.508638306165727,1,
Cn1cc(I)c[n+]1C,5.045757490560675,1,
Cn1cc([C@H]2[C@H](C(=O)NO)[C@@H]2c2ccccc2)cn1,5.173925197299173,1,
Cn1cc[n+](C)c1Br,6.481486060122112,1,
Cn1cc[n+](C)c1C#N,4.657577319177793,1,
Cn1cc[n+](C)c1Cl,6.013228265733755,1,
Cn1cc[n+](C)c1I,5.7447274948966935,1,
Cn1ccc(CN(Cc2ccc(-c3noc(C(F)(F)F)n3)cc2)c2cccc(C(F)(F)F)c2)n1,4.522878745280337,1,
Cn1ccc(NCc2ccc(-c3noc(C(F)(F)F)n3)cn2)cc1=O,5.619788758288394,1,
Cn1cccc(OCc2ccc(-c3noc(C(F)(F)F)n3)c(F)c2)c1=O,5.657577319177793,1,
Cn1cccc1C(=O)N1CCCc2cc(C(=O)NO)ccc2C1,6.050609993355087,1,
Cn1cccc1C(=O)N1CCc2cc(C(=O)NO)ccc2C1,5.6777807052660805,2,0.0
Cn1cccc1C(=O)N1CCn2cc(C(=O)NO)cc2C1,5.481486060122112,1,
Cn1cccc1C(=O)N1Cc2ccc(C(=O)NO)cc2C1,5.886056647693163,1,
Cn1cccc1C(=O)NCc1ccc(C(=O)NO)cc1,6.161150909262744,2,0.0
Cn1cnc2cc(/C=C/C(=O)NO)ccc21,6.6968039425795105,1,
Cn1cnc2cc(COc3nccc(-c4noc(C(F)(F)F)n4)c3Cl)ccc21,5.795880017344075,1,
Cn1cncc1-c1cn(Cc2ccc(C(=O)NO)cc2)c2ccccc12,6.399996913372259,1,
Cn1nc(C(=O)N(Cc2ccc(-c3noc(C(F)(F)F)n3)cc2)c2cccc(C(F)(F)F)c2)ccc1=O,5.522878745280337,1,
Cn1nc(C(Cc2ccccc2)C(=O)NO)c2ccc(-c3ccncc3)cc21,6.903089986991944,1,
Cn1nc(C(Cc2ccccc2)C(N)=O)c2ccc(-c3cncnc3)cc21,6.903089986991944,1,
Cn1ncc(NCc2ccc(-c3noc(C(F)(F)F)n3)cn2)n1,5.568636235841012,1,
Cn1nccc1-c1cc2cnn(C(Cc3ccccc3)C(=O)NO)c2cn1,6.425968732272281,1,
Cn1nccc1-c1ccc2c(C(Cc3ccccc3)C(=O)NO)nn(C)c2c1,6.903089986991944,1,
Cn1nccc1-c1ccc2c(cnn2C(Cc2ccccc2)C(=O)NO)c1,6.903089986991944,1,
Cn1nccc1-c1ccc2c(cnn2C(Cc2ccccc2)C(=O)NO)n1,6.425968732272281,1,
Cn1nccc1-c1ccc2cn(C(Cc3ccccc3)C(=O)NO)nc2c1,6.425968732272281,1,
Cn1nccc1-c1ccc2nn(C(Cc3ccccc3)C(=O)NO)cc2c1,6.425968732272281,1,
Cn1nccc1-c1cccc2c1cnn2C(Cc1ccccc1)C(=O)NO,6.903089986991944,1,
Cn1nccc1-c1cccc2cn(C(Cc3ccccc3)C(=O)NO)nc12,6.903089986991944,1,
Cn1nccc1-c1cccc2nn(C(Cc3ccccc3)C(=O)NO)cc12,6.425968732272281,1,
Cn1nccc1-c1ccn2c(C(Cc3ccccc3)C(=O)NO)cnc2c1,6.425968732272281,1,
Cn1nccc1-c1cnc2c(cnn2C(Cc2ccccc2)C(=O)NO)c1,6.425968732272281,1,
Cn1nccc1-c1nccc2c1cnn2C(Cc1ccccc1)C(=O)NO,6.903089986991944,1,
Cn1nccc1CCOc1cc(-c2noc(C(F)(F)F)n2)ccn1,6.055517327849831,1,
Cn1nccc1COc1cc(-c2noc(C(F)(F)F)n2)ccn1,5.795880017344075,1,
Cn1nccc1OCc1ccc(-c2noc(C(F)(F)F)n2)c(F)c1,5.318758762624412,1,
FC(COc1cc(-c2noc(C(F)(F)F)n2)ccn1)CN1CCOCC1,6.0,1,
FC(F)(F)c1ccc2c(c1)C1=NCCCN1C(=S)S2,6.080921907623926,1,
FC(F)(F)c1cccc(C2COCCN2c2ccc(-c3noc(C(F)(F)F)n3)cn2)c1,4.698970004336019,1,
FC(F)(F)c1nc(-c2ccc(CN(c3ccccn3)c3ccccn3)cc2)no1,5.318758762624412,1,
FC(F)(F)c1nc(-c2ccc(CNC3CCN(c4ccccn4)CC3)nc2)no1,5.113509274827518,1,
FC(F)(F)c1nc(-c2ccc(CNC3CCN(c4ncccn4)C3)cc2)no1,6.167491087293763,1,
FC(F)(F)c1nc(-c2ccc(CNC3CCc4[nH]nc(C(F)(F)F)c4C3)cc2)no1,6.045757490560675,1,
FC(F)(F)c1nc(-c2ccc(CNC3CCc4ncccc4C3)cc2)no1,6.167491087293763,1,
FC(F)(F)c1nc(-c2ccc(CNC3CCc4ncccc4C3)nc2)no1,5.795880017344075,1,
FC(F)(F)c1nc(-c2ccc(CNC3Cc4ccccc4C3)nc2)no1,5.376750709602099,1,
FC(F)(F)c1nc(-c2ccc(CNCC3CN(Cc4ccccc4)CCO3)nc2)no1,5.721246399047171,1,
FC(F)(F)c1nc(-c2ccc(CNCC3CN(c4ccccc4)CCO3)nc2)no1,5.769551078621726,1,
FC(F)(F)c1nc(-c2ccc(CNc3[nH]nc4ccccc34)nc2)no1,5.698970004336019,1,
FC(F)(F)c1nc(-c2ccc(CNc3c[nH]nn3)nc2)no1,5.721246399047171,1,
FC(F)(F)c1nc(-c2ccc(CNc3cc4ccccn4n3)nc2)no1,5.7447274948966935,1,
FC(F)(F)c1nc(-c2ccc(CNc3cc[nH]n3)nc2)no1,5.886056647693163,1,
FC(F)(F)c1nc(-c2ccc(CNc3ccc4c[nH]nc4c3)cc2)no1,5.657577319177793,1,
FC(F)(F)c1nc(-c2ccc(CNc3ccc4ccncc4c3)nc2)no1,6.065501548756432,1,
FC(F)(F)c1nc(-c2ccc(CNc3ccc4nccn4c3)nc2)no1,6.017728766960431,1,
FC(F)(F)c1nc(-c2ccc(CNc3cccc4[nH]ncc34)cc2)no1,5.6020599913279625,1,
FC(F)(F)c1nc(-c2ccc(CNc3ccccn3)cc2)no1,5.6777807052660805,1,
FC(F)(F)c1nc(-c2ccc(CNc3cccnc3)cc2)no1,5.508638306165727,1,
FC(F)(F)c1nc(-c2ccc(CNc3cnccn3)cc2)no1,5.721246399047171,1,
FC(F)(F)c1nc(-c2ccc(CNc3cnccn3)nc2)no1,6.050609993355087,1,
FC(F)(F)c1nc(-c2ccc(CNc3cncnc3)cc2)no1,5.721246399047171,1,
FC(F)(F)c1nc(-c2ccc(CNc3cncnc3)nc2)no1,6.017728766960431,1,
FC(F)(F)c1nc(-c2ccc(CNc3cnoc3)nc2)no1,5.920818753952375,1,
FC(F)(F)c1nc(-c2ccc(CNc3cnsc3)nc2)no1,6.045757490560675,1,
FC(F)(F)c1nc(-c2ccc(CNc3ncccn3)cc2)no1,5.4089353929735005,1,
FC(F)(F)c1nc(-c2ccc(COc3ccc4ccccc4n3)nc2)no1,4.6777807052660805,1,
FC(F)(F)c1nc(-c2ccc(COc3ncccn3)cc2)no1,6.136677139879544,1,
FC(F)(F)c1nc(-c2ccc(N3CCCC3c3ccccn3)nc2)no1,5.468521082957745,1,
FC(F)(F)c1nc(-c2ccc(N3CCCC3c3cccnc3)nc2)no1,5.795880017344075,1,
FC(F)(F)c1nc(-c2ccc(N3CCCC3c3ccncc3)nc2)no1,5.7447274948966935,1,
FC(F)(F)c1nc(-c2ccc(N3CCCCC3c3ccccn3)nc2)no1,5.494850021680094,1,
FC(F)(F)c1nc(-c2ccc(N3CCCCC3c3cccnc3)nc2)no1,5.481486060122112,1,
FC(F)(F)c1nc(-c2ccc(N3CCNCC3c3ccccc3)nc2)no1,5.7447274948966935,1,
FC(F)(F)c1nc(-c2ccc(N3CCNC[C@@H]3c3ccccc3)nc2)no1,6.161150909262744,1,
FC(F)(F)c1nc(-c2ccc(N3CCOCC3c3ccccc3Cl)nc2)no1,5.823908740944319,1,
FC(F)(F)c1nc(-c2ccc(N3CCOCC3c3cccnc3)nc2)no1,6.0043869621537524,2,0.6385810538236745
FC(F)(F)c1nc(-c2ccc(N3CCOC[C@@H]3c3ccccc3)nc2)no1,5.7447274948966935,1,
FC(F)(F)c1nc(-c2ccc(N3CCOC[C@H]3c3ccccc3)nc2)no1,5.568636235841012,1,
FC(F)(F)c1nc(-c2ccc(N[C@@H]3CCCC[C@H]3c3ccccc3)nc2)no1,4.585026652029182,1,
FC(F)(F)c1nc(-c2ccnc(OC3CCCc4ccc(Cl)nc43)c2)no1,6.070581074285707,1,
FC(F)(F)c1nc(-c2ccnc(OCCc3cccc4cn[nH]c34)c2)no1,6.318758762624412,1,
FC(F)(F)c1nc(-c2ccnc(OC[C@@H]3C[C@@H]3c3ncccn3)c2)no1,6.494850021680094,1,
FC(F)(F)c1nc(-c2ccnc(OCc3ccno3)c2)no1,5.886056647693163,1,
FC(F)(F)c1nc(-c2ccnc(OCc3cnn4c3OCCC4)c2)no1,5.356547323513812,1,
FC(F)(F)c1nc(-c2ccnc(OCc3nc4ccccc4[nH]3)c2)no1,6.013228265733755,1,
FC(F)(F)c1nc(-c2cnc(COc3ccc4ccccc4n3)nc2)no1,4.346787486224656,1,
Fc1c(-c2noc(C(F)(F)F)n2)ccnc1OCc1nc(C2CC2)no1,5.823908740944319,1,
Fc1cc(Br)cc2c1C1=NCCN1C(=S)S2,5.920818753952375,1,
Fc1cc(CNc2ccc3ccncc3c2)ccc1-c1noc(C(F)(F)F)n1,4.346787486224656,1,
Fc1cc(COc2[nH]nc3c2COCC3)ccc1-c1noc(C(F)(F)F)n1,5.638272163982407,1,
Fc1cc(COc2cc(C(F)F)ncn2)ccc1-c1noc(C(F)(F)F)n1,5.769551078621726,1,
Fc1cc(COc2cc[nH]n2)ccc1-c1noc(C(F)(F)F)n1,5.886056647693163,1,
Fc1cc(COc2ccc3cnccc3n2)ccc1-c1noc(C(F)(F)F)n1,6.1938200260161125,1,
Fc1cc(COc2ccc3ncnn3c2)ccc1-c1noc(C(F)(F)F)n1,4.958607314841775,1,
Fc1cc(COc2cccc3[nH]nnc23)ccc1-c1noc(C(F)(F)F)n1,6.136677139879544,1,
Fc1cc(COc2ccccc2)ccc1-c1noc(C(F)(F)F)n1,4.346787486224656,1,
Fc1cc(COc2cnc3c(c2)COC3)ccc1-c1noc(C(F)(F)F)n1,5.468521082957745,1,
Fc1cc(COc2cncnc2)ccc1-c1noc(C(F)(F)F)n1,5.6777807052660805,1,
Fc1cc(COc2nc[nH]n2)ccc1-c1noc(C(F)(F)F)n1,5.853871964321762,1,
Fc1cc(COc2nncc3ccccc23)ccc1-c1noc(C(F)(F)F)n1,5.698970004336019,1,
Fc1ccc(C2COCCN2c2ccc(-c3noc(C(F)(F)F)n3)cn2)cc1,5.721246399047171,1,
Fc1ccc(NCc2ccc(-c3noc(C(F)(F)F)n3)cc2)cc1,5.301029995663981,1,
Fc1ccc2c(c1)C1=NCCCN1C(=S)S2,5.7447274948966935,1,
Fc1ccc2c(c1)C1=NCCN1C(=S)S2,5.920818753952375,1,
Fc1ccc2c(c1)SC(=S)N1CCCN=C21,5.886056647693163,1,
Fc1ccc2ccc(OCc3ccc(-c4noc(C(F)(F)F)n4)cn3)nc2c1,4.346787486224656,1,
Fc1cccc(C2COCCN2c2ccc(-c3noc(C(F)(F)F)n3)cn2)c1,5.638272163982407,1,
Fc1cccc(NCc2ccc(-c3noc(C(F)(F)F)n3)cc2)c1,4.920818753952375,1,
Fc1cccc2c1C1=NCCCN1C(=S)S2,5.638272163982407,1,
Fc1cccc2c1C1=NCCN1C(=S)S2,4.886056647693163,1,
Fc1cccc2c1SC(=S)N1CCCN=C21,4.6777807052660805,1,
Fc1cccc2c1SC(=S)N1CCN=C21,5.173925197299173,1,
Fc1ccccc1C1COCCN1c1ccc(-c2noc(C(F)(F)F)n2)cn1,5.886056647693163,1,
Fc1ccccc1NCc1ccc(-c2noc(C(F)(F)F)n2)cc1,4.886056647693163,1,
Fc1ccccc1OCc1ccc(-c2noc(C(F)(F)F)n2)cn1,5.455931955649724,1,
Fc1cnc(OCc2ccc(-c3noc(C(F)(F)F)n3)c(F)c2)nc1,6.267606240177031,1,
Ic1ccccn1,4.376750709602099,1,
Ic1ccncc1,5.336299074610352,1,
Ic1ncccn1,5.649751981665837,1,
N#CCc1ccc(-c2ccc(/C=C/C(=O)NO)cc2Cl)cc1C12CC3CC(CC(C3)C1)C2,5.536107011014092,1,
N#Cc1cc(-c2ccccc2)ccc1Cn1cccc(O)c1=S,5.719649306953994,1,
N#Cc1ccc(-c2ccc(Cn3cccc(O)c3=S)cc2)cc1,5.682981898951889,2,0.0
N#Cc1ccc(-c2ccc3c(cnn3C(Cc3ccccc3)C(=O)NO)c2)cc1,6.425968732272281,1,
N#Cc1ccc(-c2cn(CCCCCn3cccc(O)c3=S)nn2)cc1,5.834162375309871,2,0.0
N#Cc1ccc(-c2cn(CCCCCn3cccc(O)c3=S)nn2)cc1C(F)(F)F,5.146227983756819,2,0.7071747746714232
N#Cc1ccc(N2CCC(Nc3ccc(C(=O)NO)cc3)C2=O)cc1,6.795880017344075,1,
N#Cc1ccc(NC2CCc3ccc(C(=O)NO)cc3C2)cc1Cl,5.428291168191312,1,
N#Cc1ccc2c(=O)n(CCc3ccccc3)c(=O)n(Cc3ccc(C(=O)NO)cc3)c2c1,6.386056647693163,2,0.7071067811865476
N#Cc1ccc2c(=O)n(CCc3ccccc3)c(=O)n(Cc3cccc(C(=O)NO)c3)c2c1,6.628932137728263,1,
N#Cc1ccc2c(c1)CCCCN2Cc1ccc(C(=O)NO)cc1,5.653647025549361,1,
N#Cc1ccc2c(c1)CCCN2Cc1ccc(C(=O)NO)cc1,5.826813731587726,1,
N#Cc1ccc2c(c1)SC(=S)N1CCCN=C21,6.431798275933005,1,
N#Cc1ccc2c(c1)SC(=S)N1CCN=C21,6.769551078621726,1,
N#Cc1cccc(-c2ccc(Cn3cccc(O)c3=S)cc2)c1,5.769295686387431,2,0.0
N#Cc1cccc(-c2cn(CCCCCn3cccc(O)c3=S)nn2)c1,5.548060130634897,2,0.0
N#Cc1cccc(NCc2ccc(-c3noc(C(F)(F)F)n3)cc2)c1,5.2441251443275085,1,
N/C(=N\O)c1ccc(-c2ccc3nn(C(Cc4ccccc4)C(=O)NO)cc3c2)cc1,6.903089986991944,1,
N/C(=N\O)c1cccc(-c2ccc3c(cnn3C(Cc3ccccc3)C(=O)NO)c2)c1,6.903089986991944,1,
N/N=C(\Cc1ccc(O)c(Br)c1)C(=O)NCCS,4.886056647693163,1,
N=C(N)NCCC[C@@H]1NC(=O)C[C@H](Cc2ccc(O)cc2)NC(=O)[C@H](CC(=O)O)NC(=O)[C@H](CCCCCC(=O)NO)NC1=O,6.619788758288394,1,
N=C(N)NCCC[C@@H]1NC(=O)C[C@H](Cc2ccc(O)cc2)NC(=O)[C@H](Cc2cccc3ccccc23)NC(=O)[C@H](CCCCCC(=O)O)NC1=O,5.853871964321762,1,
N=C1Sc2ccccc2C2=NCCCN12,7.958607314841775,3,0.0
NC(=O)C(Cc1ccccc1)n1ncc2cnccc21,6.425968732272281,1,
NC(=O)C(O)(Cc1ccccc1)n1nc2ccc(-c3ccccc3)cc2c1C#CC1CC1,6.903089986991944,1,
NC(=O)c1ccc(-c2cc3cnn(C(Cc4ccccc4)C(=O)NO)c3cn2)cc1,6.425968732272281,1,
NC(=O)c1ccc(-c2cccn3c(C(Cc4ccccc4)C(=O)NO)cnc23)cc1,6.425968732272281,1,
NC(=O)c1ccc(-c2cnc3c(cnn3C(Cc3ccccc3)C(=O)NO)c2)cc1,6.425968732272281,1,
NC(=O)c1ccc(NCc2ccc(-c3noc(C(F)(F)F)n3)cc2)cc1,5.920818753952375,1,
NC(=O)c1ccc2c(c1)CCCCN2Cc1ccc(C(=O)NO)cc1,5.97469413473523,1,
NC(=O)c1ccc2c(c1)CCCN2Cc1ccc(C(=O)NO)cc1,6.186419011431807,1,
NC(=O)c1cccc(-c2cccn3c(C(Cc4ccccc4)C(=O)NO)cnc23)c1,6.425968732272281,1,
NC(=O)c1cccc(-c2cnc3c(cnn3C(Cc3ccccc3)C(=O)NO)c2)c1,6.425968732272281,1,
NC(=O)c1cccc(NCc2ccc(-c3noc(C(F)(F)F)n3)cc2)c1,5.853871964321762,1,
NC(=O)c1cccc(NCc2ccc(-c3noc(C(F)(F)F)n3)cn2)c1,5.721246399047171,1,
NC(=O)c1ccccc1NCc1ccc(-c2noc(C(F)(F)F)n2)cc1,5.920818753952375,1,
NC(=O)c1ccccc1NCc1ccc(-c2noc(C(F)(F)F)n2)cn1,6.154901959985743,1,
NC(=O)c1ccnc(NCc2ccc(-c3noc(C(F)(F)F)n3)cn2)c1,6.1249387366083,1,
NC(=O)c1ncccc1NCc1ccc(-c2noc(C(F)(F)F)n2)cn1,5.657577319177793,1,
NC(Cc1ccc(Cl)cc1Cl)C(=O)N1Cc2ccccc2C1,5.102372908709558,1,
NCC(=O)NCc1nnc(-c2ccc(F)cc2)o1,6.8696662315049934,1,
NCC(=O)NCc1nnc(-c2ccc([N+](=O)[O-])cc2)o1,6.872895201635192,1,
NCC(=O)NCc1nnc(-c2ccccc2)o1,6.809668301829708,1,
NCC(=O)Nc1ccccc1-c1ccc(NC(=O)CCCCCNC(=O)CS)cc1,5.219682687859849,1,
NCc1ccc(NC(=O)N(CCCCO)Cc2ccc(C(=O)NO)cc2)cc1,6.302770657240282,1,
N[C@@H](CCCCCC(=O)c1ccon1)c1cc(-c2ccccc2F)on1,6.219682687859849,1,
N[C@@H](CCCCCC(=O)c1ccon1)c1ccn(-c2ccc(F)cc2)n1,6.673664139071249,1,
N[C@@H](CCCCCC(=O)c1ccon1)c1cnn(-c2ccc(F)cc2)c1,6.33161408331,1,
N[C@@H](CCCCCC(=O)c1ccon1)c1cnn(-c2ccc(F)cc2)n1,6.351639989019068,1,
N[C@@H](CCCCCC(=O)c1ccon1)c1ncc(-c2ccccc2F)[nH]1,6.552841968657781,1,
N[C@@H](Cc1c[nH]c2ccccc12)C(=O)Nc1ccccc1-c1ccc(NC(=O)CCCCCCC(=O)NO)cc1,5.764471553092451,1,
N[C@@H](Cc1c[nH]c2ccccc12)C(=O)Nc1ccccc1-c1ccc(NC(=O)CCCCCNC(=O)CS)cc1,4.94692155651658,1,
N[C@@H](Cc1ccc(O)cc1)C(=O)Nc1ccccc1-c1ccc(NC(=O)CCCCCCC(=O)NO)cc1,5.686132779630847,1,
N[C@@H](Cc1ccccc1)C(=O)Nc1ccccc1-c1ccc(NC(=O)CCCCCCC(=O)NO)cc1,5.795880017344075,1,
N[C@@H](Cc1ccccc1)C(=O)Nc1ccccc1-c1ccc(NC(=O)CCCCCNC(=O)CS)cc1,5.284832642151542,1,
N[C@H](Cc1ccc(Cl)cc1Cl)C(=O)N1Cc2ccccc2C1,6.774961493435351,4,0.5415919942506492
N[C@H](Cc1cccc(Cl)c1)C(=O)N1CCN(C(=O)c2cc(F)ccc2F)CC1,6.698970004336019,2,0.0
Nc1cc(Cl)ccc1NC(=O)c1ccc(CNC(=O)OCc2cccnc2)cc1,4.3979400086720375,1,
Nc1cc(F)ccc1NC(=O)c1ccc(CNC(=O)/C=C/c2cccnc2)cc1,6.107802077142395,5,0.06041650008940252
Nc1cc(F)ccc1NC(=O)c1ccc(CNC(=O)/C=C2\NC(=O)c3ccccc32)cc1,5.96657624451305,1,
Nc1ccc(-c2cc(C(=O)NCCCCC(=O)NO)no2)cc1,5.548213564475709,1,
Nc1ccc(-c2cc(C(=O)NCCCCCCC(=O)NO)no2)cc1,5.461175011062096,1,
Nc1ccc(-c2cccs2)cc1NC(=O)c1ccc(-c2cn(C[S+]([O-])c3ccccc3)nn2)cc1,5.351249787301981,1,
Nc1ccc(-c2cccs2)cc1NC(=O)c1ccc(CNC(=O)OCc2cccnc2)cc1,4.4984204441952444,1,
Nc1ccc(-c2cccs2)cc1NC(=O)c1ccc(N2CCC3(CC2)CNC(=O)O3)nc1,4.698970004336019,1,
Nc1ccc(-c2nc(N3CCOCC3)c3cnn(CCCCCCC(=O)NO)c3n2)cc1,7.447696890661646,1,
Nc1ccc(-c2nc(N3CCOCC3)c3ncn(CCCCCCC(=O)NO)c3n2)cn1,6.735182176990463,1,
Nc1ccc(Cl)cc1NC(=O)c1ccc(CNC(=O)OCc2cccnc2)cc1,5.113509274827518,1,
Nc1ccc(F)cc1NC(=O)c1ccc(CNC(=O)/C=C/c2cccnc2)cc1,6.134896025358872,1,
Nc1ccc(F)cc1NC(=O)c1ccc(CNC(=O)OCc2cccnc2)cc1,5.221848749616356,1,
Nc1cccc(-c2cc(C(=O)NCCCCC(=O)NO)no2)c1,5.464705879957229,1,
Nc1cccc(-c2cc(C(=O)NCCCCCCC(=O)NO)no2)c1,6.027797161620935,1,
Nc1cccc(-c2csc(NC(=O)CCCCCC(=O)NO)n2)c1,5.709965388637482,1,
Nc1ccccc1NC(=O)/C=C/c1ccc(CNC(=O)c2ccc(-c3ncc(CNc4ccccc4)s3)cc2)cc1,5.041914151478915,1,
Nc1ccccc1NC(=O)/C=C/c1ccc(NC(=O)Cc2ccc3ccccc3c2)cn1,4.112945621949043,1,
Nc1ccccc1NC(=O)/C=C/c1ccc(NC(=O)Cc2ccccc2)cn1,4.503070351926785,1,
Nc1ccccc1NC(=O)CCCCCC(=O)Nc1ccccc1,5.301029995663981,2,0.0
Nc1ccccc1NC(=O)CCCCCC(c1c[nH]c2ccccc12)c1c[nH]c2ccccc12,4.130768280269024,1,
Nc1ccccc1NC(=O)CCCc1ccc(N(CCCl)CCCl)cc1,4.123782159408358,1,
Nc1ccccc1NC(=O)c1ccc(CNC(=O)OCc2cccnc2)cc1,5.121115192135439,15,0.7875757328231668
Nc1ccccc1NC(=O)c1ccc(CNC2=NC(=O)C(Cc3ccccc3)N2)cc1,4.886056647693163,1,
Nc1ccccc1NC(=O)c1ccc(CNC2=NC(=O)C(c3ccccc3)N2)cc1,5.096910013008056,1,
Nc1ccccc1NC(=O)c1ccc(CNC2=NC(c3ccc(C(F)(F)F)cc3)CO2)cc1,4.085656842880559,1,
Nc1ccccc1NC(=O)c1ccc(CNC2=NC(c3ccc(F)cc3)CO2)cc1,4.4698003017969175,1,
Nc1ccccc1NC(=O)c1ccc(CNC2=NC(c3cccc(F)c3)CO2)cc1,4.282329496997738,1,
Nc1ccccc1NC(=O)c1ccc(CNC2=NC(c3ccccc3)(c3ccccc3)CO2)cc1,4.2716462179787715,1,
Nc1ccccc1NC(=O)c1ccc(CNC2=NC[C@@H](c3ccccc3)S2)cc1,5.853871964321762,1,
Nc1ccccc1NC(=O)c1ccc(CNC2=NC[C@H](c3ccccc3)O2)cc1,5.09151498112135,1,
Nc1ccccc1NC(=O)c1ccc(CNC2=NC[C@H](c3ccccc3)S2)cc1,5.638272163982407,1,
Nc1ccccc1NC(=O)c1ccc(CNC2=N[C@@H](Cc3ccccc3)CO2)cc1,4.200659450546418,1,
Nc1ccccc1NC(=O)c1ccc(CNC2=N[C@@H](Cc3ccccc3)CS2)cc1,4.45717457304082,1,
Nc1ccccc1NC(=O)c1ccc(CNC2=N[C@@H](c3ccc(O)cc3)CO2)cc1,4.079354998593212,1,
Nc1ccccc1NC(=O)c1ccc(CNC2=N[C@@H](c3ccc(O)cc3)CS2)cc1,4.823908740944319,1,
Nc1ccccc1NC(=O)c1ccc(CNC2=N[C@@H](c3ccccc3)CN2)cc1,5.259637310505756,1,
Nc1ccccc1NC(=O)c1ccc(CNC2=N[C@@H](c3ccccc3)CO2)cc1,4.055517327849832,1,
Nc1ccccc1NC(=O)c1ccc(CNC2=N[C@@H](c3ccccc3)CS2)cc1,5.3872161432802645,1,
Nc1ccccc1NC(=O)c1ccc(CNC2=N[C@@H](c3ccccc3)[C@H](c3ccccc3)O2)cc1,4.534617148551582,1,
Nc1ccccc1NC(=O)c1ccc(CNC2=N[C@@H](c3ccccc3)[C@H](c3ccccc3)S2)cc1,4.8996294548824375,1,
Nc1ccccc1NC(=O)c1ccc(CNC2=N[C@H](Cc3ccccc3)CS2)cc1,4.896196279044043,1,
Nc1ccccc1NC(=O)c1ccc(CNC2=N[C@H](c3ccccc3)CO2)cc1,4.09312646527793,1,
Nc1ccccc1NC(=O)c1ccc(CNC2=N[C@H](c3ccccc3)CS2)cc1,4.97061622231479,1,
Nc1ccccc1NC(=O)c1ccc(CNC2=N[C@H](c3ccccc3)[C@@H](c3ccccc3)S2)cc1,4.826813731587726,1,
Nc1ccccc1NC(=O)c1ccc(CNC2=N[C@H](c3ccccc3)[C@H](c3ccccc3)O2)cc1,4.598599459218456,1,
Nc1ccccc1NC(=O)c1ccc(CNc2nc(-c3ccccc3)cs2)cc1,5.3872161432802645,1,
Nc1ccccc1NC(=O)c1ccc(CNc2nccc(-c3cccnc3)n2)cc1,4.455931955649724,2,0.0
Nc1ccccc1NC(=O)c1ccc(CSC2=N[C@@H](Cc3ccccc3)CO2)cc1,4.055517327849832,1,
Nc1ccccc1NC(=O)c1ccc(CSC2=N[C@@H](c3ccccc3)CN2)cc1,4.844663962534939,1,
Nc1ccccc1NC(=O)c1ccc(CSC2=N[C@@H](c3ccccc3)CO2)cc1,5.022276394711152,1,
Nc1ccccc1NC(=O)c1ccc(CSC2=N[C@@H](c3ccccc3)CS2)cc1,5.287350298372789,1,
Nc1ccccc1NC(=O)c1ccc(CSc2nnc(-c3ccncc3)n2-c2ccccc2)cc1,5.274088367704952,1,
Nc1ccccc1NC(=O)c1ccc(Cn2cnc3c(Nc4ccc(C(=O)NO)cc4)nc(Cl)nc32)cc1,6.453457336521868,1,
Nc1ccccc1NC(=O)c1ccc(NC(=O)Cc2cccc3ccccc23)cn1,4.007004901568658,1,
Nc1ccccc1NC(=O)c1ccc(NC(=O)Cc2ccccc2)cn1,4.112945621949043,1,
Nc1ccccc1NC(=O)c1ccc(NC(=O)c2n[nH]cc2NC(=O)c2c(Cl)cccc2Cl)cc1,5.995609832540372,1,
Nc1ccccc1NC(=O)c1cnc(NCc2ccccc2)cn1,5.306555368613919,2,0.707165793947806
Nc1ccccc1NC(=O)c1cnccn1,5.04514752092372,2,0.7071175561755209
Nc1cccnc1COCc1ccc(-c2noc(C(F)(F)F)n2)c(F)c1,5.346787486224656,1,
Nc1nc(-c2ccco2)c2cnn(Cc3cccc(OCCCCCCC(=O)NO)c3)c2n1,5.85111983087177,1,
Nc1nc(Cl)c2ncn(Cc3ccc(-c4noc(C(F)(F)F)n4)cc3F)c2n1,4.345823458122039,1,
Nc1nc(Nc2ccc(F)c(Cl)c2)c2ncn(Cc3ccc(C(=O)Nc4ccccc4N)cc3)c2n1,5.166852888087215,1,
Nc1nc2cc(-c3nn(CC4CCN(c5ncc(C(=O)NO)cn5)CC4)c4ncnc(N)c34)ccc2o1,7.568636235841012,1,
Nc1nc2cc(-c3nn(CCCCCCC(=O)NO)c4ncnc(N)c34)ccc2o1,7.157084362686968,2,0.7363758295534484
Nc1nc2ncc(CNc3ccc(C(=O)NCCCCCCC(=O)NO)cc3)nc2c(=O)[nH]1,5.97469413473523,1,
Nc1nc2ncc(CNc3ccc(C(=O)NCCCCCCCC(=O)NO)cc3)nc2c(=O)[nH]1,5.027797161620935,1,
Nc1nc2ncc(CNc3ccc(C(=O)NCCCCCCCCC(=O)NO)cc3)nc2c(=O)[nH]1,5.11975822410452,1,
Nc1nc2ncc(CNc3ccc(C(=O)NO)cc3)nc2c(=O)[nH]1,6.235823867609669,1,
Nc1nc2ncc(CNc3ccc(C(=O)N[C@@H](CCC(=O)NCCCCCCC(=O)NO)C(=O)O)cc3)nc2c(=O)[nH]1,5.621602099051863,1,
Nc1nc2ncc(CNc3ccc(C(=O)N[C@@H](CCC(=O)NCCCCCCCC(=O)NO)C(=O)O)cc3)nc2c(=O)[nH]1,5.625251653989896,1,
Nc1nc2ncc(CNc3ccc(C(=O)N[C@@H](CCC(=O)NCCCCCCCC(=O)Nc4cc(-c5cccs5)ccc4N)C(=O)O)cc3)nc2c(=O)[nH]1,5.0,1,
Nc1nc2ncc(CNc3ccc(C(=O)N[C@@H](CCC(=O)NCCCCCCCCC(=O)NO)C(=O)O)cc3)nc2c(=O)[nH]1,5.806875401645538,1,
Nc1ncc(-c2nc(N3CCOCC3)c3ccn(CCCCCCC(=O)NO)c3n2)cn1,6.568636235841012,1,
Nc1ncnc2c1c(-c1ccc(Cl)cc1)nn2-c1cccc(-c2cnnn2CCCCCC(=O)NO)c1,5.636200054520891,1,
Nc1ncnc2c1c(-c1cnc3[nH]ccc3c1)nn2CCCCCCCCC(=O)NO,6.134896025358872,1,
Nc1nn(-c2ccccc2)nc1C(=O)NCc1ccc(C(=O)NO)cc1,6.709965388637482,1,
O=C(/C=C/C#Cc1cccc(NS(=O)(=O)c2ccccc2)c1)NO,9.431798275933005,1,
O=C(/C=C/C1CCN(CCc2c[nH]c3ccccc23)CC1)NO,6.6020599913279625,1,
O=C(/C=C/C1CCN(CCc2ccccc2)CC1)NO,5.619788758288394,1,
O=C(/C=C/C1CCN(Cc2ccc(Cl)cc2)CC1)NO,6.022276394711152,1,
O=C(/C=C/C1CCN(Cc2cccc(Cl)c2)CC1)NO,6.327902142064282,1,
O=C(/C=C/C1CCN(Cc2cccc3ccccc23)CC1)NO,6.376750709602099,1,
O=C(/C=C/C1CCN(Cc2ccccc2)CC1)NO,5.6020599913279625,1,
O=C(/C=C/C1CCN(Cc2csc3ccccc23)CC1)NO,5.886056647693163,1,
O=C(/C=C/C=C/c1csc(Br)n1)NO,5.619788758288394,1,
O=C(/C=C/c1ccc(-c2ccc(O)c(C34CC5CC(CC(C5)C3)C4)c2)cc1)NO,5.157390760389438,1,
O=C(/C=C/c1ccc(-c2ccc(O)cc2)cc1)NO,6.509816486907612,2,0.39692519717995994
O=C(/C=C/c1ccc(-c2ccc3ncnc(Nc4ccc(OCc5cccc(F)c5)c(Cl)c4)c3c2)cc1)NO,4.508638306165727,1,
O=C(/C=C/c1ccc(-c2ccc3ncnc(Nc4ccc(OCc5cccc(F)c5)c(Cl)c4)c3c2)o1)NO,4.958607314841775,1,
O=C(/C=C/c1ccc(-c2ccc3ncnc(Nc4ccc(OCc5cccc(F)c5)c(Cl)c4)c3c2)s1)NO,4.721246399047171,1,
O=C(/C=C/c1ccc(/C=C(/CNC2CC2)c2ccc(F)cc2)cc1)NO,5.031517051446064,1,
O=C(/C=C/c1ccc(/C=N/OCCN2CCOCC2)cc1)NO,6.628932137728263,1,
O=C(/C=C/c1ccc(/C=N/OCc2c(F)c(F)c(F)c(F)c2F)cc1)NO,5.889410289700751,1,
O=C(/C=C/c1ccc(/C=N/OCc2ccc([N+](=O)[O-])cc2)cc1)NO,7.154901959985743,1,
O=C(/C=C/c1ccc(C(=O)NC(Cc2c[nH]c3ccccc23)C(=O)Nc2ccc(Br)cc2)cc1)NO,6.3735569746687055,1,
O=C(/C=C/c1ccc(C(=O)NC(Cc2c[nH]c3ccccc23)C(=O)Nc2ccc(Cl)cc2)cc1)NO,6.6142150411566645,1,
O=C(/C=C/c1ccc(C(=O)NC(Cc2c[nH]c3ccccc23)C(=O)Nc2ccc(I)cc2)cc1)NO,6.639785386704648,1,
O=C(/C=C/c1ccc(C(=O)NC(Cc2c[nH]c3ccccc23)C(=O)Nc2ccc3ccccc3c2)cc1)NO,7.182434630440219,1,
O=C(/C=C/c1ccc(C(=O)NC(Cc2c[nH]c3ccccc23)C(=O)Nc2cccc(Br)c2)cc1)NO,6.551139154392559,1,
O=C(/C=C/c1ccc(C(=O)NCCCOc2no[n+]([O-])c2S(=O)(=O)c2ccccc2)cc1)NO,6.337242168318426,2,0.0
O=C(/C=C/c1ccc(C(=O)NCCOc2no[n+]([O-])c2S(=O)(=O)c2ccccc2)cc1)NO,6.537602002101044,2,0.0
O=C(/C=C/c1ccc(C(=O)NO)cc1)N[C@@H](Cc1c[nH]c2ccccc12)C(=O)Nc1ccc(Br)cc1,6.450751443145944,1,
O=C(/C=C/c1ccc(C(=O)NO)cc1)N[C@@H](Cc1c[nH]c2ccccc12)C(=O)Nc1ccc(Cl)cc1,7.325138859262188,1,
O=C(/C=C/c1ccc(C(=O)NO)cc1)N[C@@H](Cc1c[nH]c2ccccc12)C(=O)Nc1cccc(Cl)c1,6.878440155812498,1,
O=C(/C=C/c1ccc(C(F)(F)F)cc1)NO,6.020451625295905,1,
O=C(/C=C/c1ccc(C(c2c[nH]c3ccccc23)c2c[nH]c3ccccc23)cc1)NO,6.136677139879544,1,
O=C(/C=C/c1ccc(CN(C(=O)c2c(F)c(F)c(F)c(F)c2F)C2CC2)cc1)NO,6.376750709602099,1,
O=C(/C=C/c1ccc(CN(CCO)CCc2c[nH]c3ccccc23)cc1)NO,7.285333832414803,3,1.030569083033109
O=C(/C=C/c1ccc(CN(CCO)CCc2cc3ccccc3[nH]2)cc1)NO,6.853871964321762,1,
O=C(/C=C/c1ccc(CNC(=O)c2c(F)c(F)c(F)c(F)c2F)cc1)NO,6.548213564475709,1,
O=C(/C=C/c1ccc(CNCC23CC4CC(CC(C4)C2)C3)c(F)c1)NO,5.309803919971486,1,
O=C(/C=C/c1ccc(CNCC2CCCCC2)c(F)c1)NO,6.139661993429007,1,
O=C(/C=C/c1ccc(CNCC2CCCCC2)cc1)NO,5.017819254403598,1,
O=C(/C=C/c1ccc(CNCCCN2c3ccccc3CCc3ccc(Cl)cc32)cc1)NO,6.273272790973428,1,
O=C(/C=C/c1ccc(CNC[C@H]2CN(c3ccc(N4CCOCC4)c(F)c3)C(=O)O2)cc1)NO,6.349692476868063,1,
O=C(/C=C/c1ccc(CNCc2ccc3cccc(Cl)c3n2)cc1)NO,6.040481623027002,1,
O=C(/C=C/c1ccc(CNCc2ccc3ccccc3n2)cc1)NO,6.354577730650908,1,
O=C(/C=C/c1ccc(CNc2ccc3nc4n(c(=O)c3c2)CCCCC4)cc1)NO,6.7495799976911055,1,
O=C(/C=C/c1ccc(Cc2ccc(CO)cc2)cc1)NO,7.698970004336019,1,
O=C(/C=C/c1ccc(Cc2ccc(O)c(Cl)c2)cc1)NO,6.337242168318426,1,
O=C(/C=C/c1ccc(Cl)cc1F)NCCCCCC(=O)NO,5.790565417809095,1,
O=C(/C=C/c1ccc(Cn2cc(Nc3ncc(Cl)c(Nc4ccc(F)cc4)n3)cn2)cc1)NO,4.85078088734462,1,
O=C(/C=C/c1ccc(NC(=O)C(Cc2ccccc2)c2ccccc2)cn1)NO,6.214196302610968,3,0.0008207537149502798
O=C(/C=C/c1ccc(NC(=O)Cc2ccc3ccccc3c2)cn1)NO,5.995678626217357,1,
O=C(/C=C/c1ccc(NC(=O)Cc2cccc3ccccc23)cn1)NO,7.327902142064282,1,
O=C(/C=C/c1ccc(NC(=O)Cc2ccccc2)cn1)NO,6.73754891026957,1,
O=C(/C=C/c1ccc(NC(=O)Nc2ccc(Cl)c(C(F)(F)F)c2)cc1)NO,5.701146923590294,1,
O=C(/C=C/c1ccc(NC(=O)Nc2ccc(Cl)cc2)cc1)NO,6.075720713938118,1,
O=C(/C=C/c1ccc(NS(=O)(=O)c2ccc(Cl)c(Cl)c2)cc1)NO,7.0,1,
O=C(/C=C/c1ccc(NS(=O)(=O)c2ccc(Cl)cc2)cc1)NO,7.1249387366083,1,
O=C(/C=C/c1ccc(NS(=O)(=O)c2ccc(Cl)cc2Cl)cc1)NO,6.522878745280337,1,
O=C(/C=C/c1ccc(NS(=O)(=O)c2ccc(OC(F)(F)F)cc2)cc1)NO,6.221848749616356,1,
O=C(/C=C/c1ccc(NS(=O)(=O)c2cccc(C(F)(F)F)c2)cc1)NO,7.0,1,
O=C(/C=C/c1ccc(NS(=O)(=O)c2ccccc2)cc1)NO,6.698970004336019,1,
O=C(/C=C/c1ccc(OC[C@H](Cc2c[nH]c3ccccc23)NC(=O)c2ccc(Cl)cc2)cc1)NO,5.698796321277554,1,
O=C(/C=C/c1ccc(Oc2ccccc2)cc1-c1ccccc1)NO,6.756961951313706,1,
O=C(/C=C/c1ccc(S(=O)(=O)NCCCN2c3ccccc3CCc3ccc(Cl)cc32)cc1)NO,6.058488567365597,1,
O=C(/C=C/c1ccc(S(=O)(=O)N[C@@H]2C[C@H]2c2ccccc2)cc1)NO,9.123205023799299,1,
O=C(/C=C/c1ccc2c(=O)n(CCc3ccccc3)cnc2c1)NO,6.221848749616356,1,
O=C(/C=C/c1ccc2c(c1)C(=O)CC1(CCN(Cc3ccccc3)CC1)O2)NO,5.75448733218585,1,
O=C(/C=C/c1ccc2c(c1)NC(CCc1ccccc1)N2CCN1CCOCC1)NO,6.462180904926726,1,
O=C(/C=C/c1ccc2c(c1)NCN2CCC1=CCCC=N1)NO,6.625251653989896,1,
O=C(/C=C/c1ccc2c(c1)nc(-c1ccccn1)n2CC(O)CO)NO,6.46344155742847,2,0.0
O=C(/C=C/c1ccc2c(c1)nc(-c1ccccn1)n2CCCO)NO,6.85078088734462,2,0.0
O=C(/C=C/c1ccc2c(c1)nc(-c1ccncc1)n2CCCO)NO,6.79317412396815,2,0.0
O=C(/C=C/c1ccc2c(c1)nc(-c1ccncc1)n2CCO)NO,6.054039296422431,2,0.0
O=C(/C=C/c1ccc2c(c1)nc(-c1ccsc1)n2CCCO)NO,6.270025714300445,2,0.0
O=C(/C=C/c1ccc2c(c1)nc(C1CCCCC1)n2CCCO)NO,6.692503962086787,2,0.0
O=C(/C=C/c1ccc2c(c1)nc(CCc1ccccc1)n2CC(O)CO)NO,6.342944147142896,2,0.0
O=C(/C=C/c1ccc2c(c1)nc(CCc1ccccc1)n2CCCN1CCCC1=O)NO,6.140261433802853,2,0.0
O=C(/C=C/c1ccc2c(c1)nc(CCc1ccccc1)n2CCCN1CCOCC1)NO,5.962573502059376,2,0.0
O=C(/C=C/c1ccc2c(c1)nc(CCc1ccccc1)n2CCCO)NO,6.518737989190028,3,0.1413150624203425
O=C(/C=C/c1ccc2c(c1)nc(CCc1ccccc1)n2CCN1CCCCC1)NO,6.5951662833800615,2,0.0
O=C(/C=C/c1ccc2c(c1)nc(CCc1ccccc1)n2CCN1CCOCC1)NO,6.462180904926726,1,
O=C(/C=C/c1ccc2c(c1)nc(CCc1ccccc1)n2CCc1ccccc1)NO,5.997833938243492,2,0.0
O=C(/C=C/c1ccc2c(c1)nc(CCc1ccccc1)n2CCc1ccccn1)NO,6.537602002101044,2,0.0
O=C(/C=C/c1ccc2c(c1)nc(CCc1ccccc1)n2CCc1cccnc1)NO,6.482804102050025,2,0.0
O=C(/C=C/c1ccc2c(c1)nc(CCc1ccccc1)n2Cc1ccccc1)NO,5.838631997765026,2,0.0
O=C(/C=C/c1ccc2c(c1)nc(CCc1ccccc1)n2Cc1ccccn1)NO,6.436518914605589,2,0.0
O=C(/C=C/c1ccc2c(c1)nc(CCc1ccccc1)n2Cc1cccnc1)NO,6.694648630553376,2,0.0
O=C(/C=C/c1ccc2c(c1)nc(COCc1ccccc1)n2CCCO)NO,6.838631997765026,2,0.0
O=C(/C=C/c1ccc2c(c1)nc(COCc1ccccc1)n2CCc1cccnc1)NO,6.522878745280337,2,0.0
O=C(/C=C/c1ccc2c(c1)ncn2CCc1ccccn1)NO,6.625251653989896,1,
O=C(/C=C/c1ccc2c(c1)ncn2Cc1ccccc1)NO,6.3851027839668655,2,0.0
O=C(/C=C/c1ccc2cc(Oc3ccc([N+](=O)[O-])cc3)ccc2n1)NO,5.634512015109101,1,
O=C(/C=C/c1ccc2cccnc2c1)NCCCCCC(=O)NO,5.69286780934422,1,
O=C(/C=C/c1cccc(-c2ccc(O)cc2)c1)NO,6.494850021680094,1,
O=C(/C=C/c1cccc(-c2ccc3ncnc(Nc4ccc(OCc5cccc(F)c5)c(Cl)c4)c3c2)c1)NO,6.200659450546418,2,0.0
O=C(/C=C/c1cccc(-c2nc3ccccc3[nH]2)c1)NO,7.200659450546418,1,
O=C(/C=C/c1cccc(-c2nc3ccccc3n2-c2ccc(Cl)cc2)c1)NO,7.301029995663981,1,
O=C(/C=C/c1cccc(-c2nc3ccccc3n2-c2ccccc2)c1)NO,7.301029995663981,1,
O=C(/C=C/c1cccc(-c2nc3ccccc3n2C2CCCCC2)c1)NO,7.301029995663981,1,
O=C(/C=C/c1cccc(-c2nc3ccccc3n2C2CCCNC2)c1)NO,6.795880017344075,1,
O=C(/C=C/c1cccc(-c2nc3ccccc3n2CC2CCNCC2)c1)NO,6.508638306165727,1,
O=C(/C=C/c1cccc(-c2nc3ccccc3n2CCCc2ccccc2)c1)NO,7.6020599913279625,1,
O=C(/C=C/c1cccc(-c2nc3ccccc3n2CCN2CCCC2)c1)NO,7.200659450546418,1,
O=C(/C=C/c1cccc(-c2nc3ccccc3n2CCN2CCCCC2)c1)NO,7.0,1,
O=C(/C=C/c1cccc(-c2nc3ccccc3n2CCN2CCOCC2)c1)NO,6.3979400086720375,1,
O=C(/C=C/c1cccc(-c2nc3ccccc3n2CCc2ccccc2)c1)NO,7.6020599913279625,1,
O=C(/C=C/c1cccc(-c2nc3ccccc3n2Cc2ccccc2)c1)NO,7.3979400086720375,1,
O=C(/C=C/c1cccc(-c2nc3ccccc3n2[C@@H]2CCCNC2)c1)NO,6.920818753952375,1,
O=C(/C=C/c1cccc(-c2nc3ccccc3n2[C@H]2CCCNC2)c1)NO,6.920818753952375,1,
O=C(/C=C/c1cccc(C(=O)NO)c1)Nc1ccccc1,7.431798275933005,1,
O=C(/C=C/c1cccc(C(=O)c2cc3ccccc3[nH]2)c1)NO,7.494850021680094,1,
O=C(/C=C/c1cccc(C(=O)c2cc3ccccc3o2)c1)NO,7.102372908709558,1,
O=C(/C=C/c1cccc(CNC23CC4CC(CC(C4)C2)C3)c1)NO,5.651500429716162,1,
O=C(/C=C/c1cccc(S(=O)(=O)NCCCN2c3ccccc3CCc3ccc(Cl)cc32)c1)NO,5.665546248849069,1,
O=C(/C=C/c1cccc(S(=O)(=O)NC[C@H]2CN(c3ccc(N4CCOCC4)c(F)c3)C(=O)O2)c1)NO,6.09528445472132,1,
O=C(/C=C/c1cccc(S(=O)(=O)N[C@@H]2C[C@H]2c2ccccc2)c1)NO,9.987162775294827,1,
O=C(/C=C/c1cccc(S(=O)(=O)Nc2ccccc2)c1)NO,6.6960687152216085,10,0.8272822299706184
O=C(/C=C/c1cccc(S(=O)(=O)c2ccc3cccc(F)c3n2)c1)NO,6.698970004336019,1,
O=C(/C=C/c1cccc(S(=O)(=O)c2ccc3ccccc3n2)c1)NO,6.886056647693163,1,
O=C(/C=C/c1cccc(S(=O)(=O)n2ccc3cc(C(=O)c4ccc(F)cc4)ccc32)c1)NO,5.560667306169737,1,
O=C(/C=C/c1cccc(S(=O)(=O)n2ccc3cccnc32)c1)NO,5.856985199745905,2,0.0
O=C(/C=C/c1cccc2ccccc12)NO,6.154901959985743,1,
O=C(/C=C/c1ccccc1)NO,6.129710108766764,2,0.014074090260517867
O=C(/C=C/c1ccccc1Cl)NO,7.267606240177031,1,
O=C(/C=C/c1ccccc1Oc1c(Cl)cccc1Cl)NO,6.327902142064282,1,
O=C(/C=C/c1ccccc1Sc1ccc(Cl)cc1)NO,6.7447274948966935,1,
O=C(/C=C/c1cccn(CCCc2ccc3ccccc3c2)c1=O)NO,6.7258421507363195,1,
O=C(/C=C/c1cccn(CCc2ccc3ccccc3c2)c1=O)NO,5.800705682544692,1,
O=C(/C=C/c1cccnc1)NC1CCc2ccc(C(=O)NO)cc2C1,6.004364805402449,1,
O=C(/C=C/c1csc(Br)n1)NO,5.920818753952375,1,
O=C(C(Cc1ccc(-c2noc(C(F)(F)F)n2)cn1)c1cccc(C(F)(F)F)c1)N1CCS(=O)(=O)CC1,4.920818753952375,1,
O=C(C(Cc1ccc(-c2noc(C(F)(F)F)n2)cn1)c1cccc(C(F)(F)F)c1)N1CC[S+]([O-])CC1,5.004364805402449,1,
O=C(C1CC1c1cncnc1)N(Cc1ccc(-c2noc(C(F)(F)F)n2)cc1)c1cccc(C(F)(F)F)c1,5.657577319177793,1,
O=C(C1CCCS(=O)(=O)C1)N(Cc1ccc(-c2noc(C(F)(F)F)n2)cn1)c1cccc(F)c1,5.795880017344075,1,
O=C(C1CCN(C2CC2)CC1)N(Cc1ccc(-c2noc(C(F)(F)F)n2)cn1)c1cccc(F)c1,5.7447274948966935,1,
O=C(C1CCOCC1)N(Cc1ccc(-c2noc(C(F)(F)F)n2)cc1)c1cccc(C(F)(F)F)c1,5.638272163982407,1,
O=C(C1CCOCC1)N(Cc1ccc(-c2noc(C(F)(F)F)n2)cn1)c1cccc(F)c1,5.6777807052660805,1,
O=C(C1CCS(=O)(=O)C1)N(Cc1ccc(-c2noc(C(F)(F)F)n2)cn1)c1cccc(F)c1,5.585026652029182,1,
O=C(C1CCS(=O)(=O)CC1)N(Cc1ccc(-c2noc(C(F)(F)F)n2)c(F)c1)c1cccc(C(F)(F)F)c1,5.161150909262744,1,
O=C(C1CCS(=O)(=O)CC1)N(Cc1ccc(-c2noc(C(F)(F)F)n2)cc1)c1cccc(C(F)(F)F)c1,5.366531544420413,1,
O=C(C1CCS(=O)(=O)CC1)N(Cc1ccc(-c2noc(C(F)(F)F)n2)cc1F)c1cccc(C(F)(F)F)c1,5.468521082957745,1,
O=C(C1CCS(=O)(=O)CC1)N(Cc1ccc(-c2noc(C(F)(F)F)n2)cn1)c1cccc(C(F)(F)F)c1,5.6020599913279625,1,
O=C(C1CCS(=O)(=O)CC1)N(Cc1ccc(-c2noc(C(F)(F)F)n2)cn1)c1cccc(F)c1,5.638272163982407,1,
O=C(C1CCS(=O)(=O)CC1)N(Cc1ccc(-c2noc(C(F)(F)F)n2)cn1)c1ccccc1C(F)(F)F,5.036212172654444,1,
O=C(C1CCS(=O)(=O)CC1)N(Cc1ccc(-c2noc(C(F)(F)F)n2)nn1)c1cccc(C(F)(F)F)c1,5.200659450546418,1,
O=C(C1CCS(=O)(=O)CC1)N(Cc1cnc(-c2noc(C(F)(F)F)n2)cn1)c1cccc(C(F)(F)F)c1,5.0,1,
O=C(C1COCCO1)N(Cc1ccc(-c2noc(C(F)(F)F)n2)cc1)c1cccc(C(F)(F)F)c1,5.619788758288394,1,
O=C(C=C1c2ccccc2-c2ccccc21)NCCCCCC(=O)NO,6.108462542327436,1,
O=C(CC1CCS(=O)(=O)C1)N(Cc1ccc(-c2noc(C(F)(F)F)n2)cn1)c1cccc(F)c1,5.638272163982407,1,
O=C(CC1CNCCO1)N(Cc1ccc(-c2noc(C(F)(F)F)n2)cc1)c1cccc(C(F)(F)F)c1,5.6020599913279625,1,
O=C(CC1COC1)N(Cc1ccc(-c2noc(C(F)(F)F)n2)cc1)c1cccc(C(F)(F)F)c1,5.552841968657781,1,
O=C(CC1COCCO1)N(Cc1ccc(-c2noc(C(F)(F)F)n2)cc1)c1cccc(C(F)(F)F)c1,5.698970004336019,1,
O=C(CCC(CCCC(=O)Nc1ccccc1)Cc1ccccc1)NO,7.2441251443275085,1,
O=C(CCC(CCCC(=O)Nc1ccccc1)c1ccccc1)NO,6.537602002101044,1,
O=C(CCC1C(=O)N(c2ccc(Cl)cc2)C(=O)N1Cc1ccc(Br)cc1)Nc1ccc(C(=O)NO)cc1,5.173925197299173,1,
O=C(CCC1C(=O)N(c2ccc(Cl)cc2)C(=O)N1Cc1ccccc1)Nc1ccc(C(=O)NO)cc1,5.443697499232712,1,
O=C(CCCC(=O)NCCCN1c2ccccc2CCc2ccc(Cl)cc21)NO,5.732828271596986,1,
O=C(CCCC(=O)NCCc1ccccc1)NO,5.301029995663981,1,
O=C(CCCC(CCC(=O)Nc1ccccc1)Cc1ccccc1)NO,6.42021640338319,1,
O=C(CCCCC(=O)NCCCN1c2ccccc2CCc2ccc(Cl)cc21)NO,5.510041520575165,1,
O=C(CCCCC(=O)Nc1ccc2c(c1)/C(=C/c1ccc[nH]1)C(=O)N2)NO,6.505845405981557,1,
O=C(CCCCC/C=C/c1csc(Br)n1)NO,5.958607314841775,1,
O=C(CCCCC/C=C\c1csc(Br)n1)NO,5.853871964321762,1,
O=C(CCCCCC(=O)N(Cc1ccc(Br)s1)c1ccc(OCCN2CCOCC2)cc1)NO,8.943095148663527,1,
O=C(CCCCCC(=O)NCCCN1c2ccccc2CCc2ccc(Cl)cc21)NO,6.462180904926726,1,
O=C(CCCCCC(=O)N[C@@H]1C[C@H]1c1ccccc1)NO,8.88941028970075,1,
O=C(CCCCCC(=O)Nc1ccccc1)NO,6.262807357295262,1,
O=C(CCCCCC(=O)c1ccccc1)NO,5.823908740944319,1,
O=C(CCCCCC(Cc1ccccc1)C(=O)NO)Nc1ccccc1,5.920818753952375,1,
O=C(CCCCCC(c1c[nH]c2ccc([N+](=O)[O-])cc12)c1c[nH]c2ccc([N+](=O)[O-])cc12)NO,6.221848749616356,1,
O=C(CCCCCC(c1c[nH]c2ccccc12)c1c[nH]c2ccccc12)NO,6.619788758288394,1,
O=C(CCCCCC/C=C/c1ccc2ccccc2c1)NO,8.221848749616356,1,
O=C(CCCCCC1OCCCCCCCOc2ccccc2NC1=O)NO,6.543633966870956,1,
O=C(CCCCCC1OCCCCCCOc2ccccc2NC1=O)NO,5.958607314841775,1,
O=C(CCCCCC1OCCCCCOc2ccccc2NC1=O)NO,6.191789027075778,1,
O=C(CCCCCCC(=O)C(F)(F)F)Nc1ccccc1,5.796729909783022,2,0.038436671637753834
O=C(CCCCCCC(=O)N/N=C/c1ccc(N(c2ccccc2)c2ccccc2)cc1)NO,5.844663962534938,1,
O=C(CCCCCCC(=O)N/N=C/c1cnc(N(c2ccccc2)c2ccccc2)nc1)NO,5.844663962534938,1,
O=C(CCCCCCC(=O)NC1CCCC1)NO,5.85078088734462,1,
O=C(CCCCCCC(=O)NCCCN1c2ccccc2CCc2ccc(Cl)cc21)NO,5.632644078973981,1,
O=C(CCCCCCC(=O)NCCc1ccccc1)NO,6.424812155072339,1,
O=C(CCCCCCC(=O)NC[C@H]1CN(c2ccc(N3CCOCC3)c(F)c2)C(=O)O1)NO,5.954677021213342,1,
O=C(CCCCCCC(=O)NC[C@H]1O[C@@H]2O[C@H]3[C@H](O)[C@@H](O)[C@@H](O[C@H]4[C@H](O)[C@@H](O)[C@@H](O[C@H]5[C@H](O)[C@@H](O)[C@@H](O[C@H]6[C@H](O)[C@@H](O)[C@@H](O[C@H]7[C@H](O)[C@@H](O)[C@@H](O[C@H]8[C@H](O)[C@@H](O)[C@@H](O[C@H]1[C@H](O)[C@H]2O)O[C@@H]8CO)O[C@@H]7CO)O[C@@H]6CO)O[C@@H]5CO)O[C@@H]4CO)O[C@@H]3CO)NO,5.221848749616356,1,
O=C(CCCCCCC(=O)N[C@@H]1C[C@H]1c1ccccc1)NO,9.291579099865288,1,
O=C(CCCCCCC(=O)Nc1cc(C(F)(F)F)ccc1Cl)NO,6.924453038607469,1,
O=C(CCCCCCC(=O)Nc1ccc(-c2ccccc2NC(=O)[C@@H]2CCCN2)cc1)NO,5.575118363368933,1,
O=C(CCCCCCC(=O)Nc1ccc(-c2cn(-c3ccccc3)nn2)cc1)NO,5.7055337738384075,1,
O=C(CCCCCCC(=O)Nc1ccc(-c2cn(CC(O)c3cccc(Br)c3)nn2)cc1)NO,5.504455662453552,1,
O=C(CCCCCCC(=O)Nc1ccc(-c2cn(Cc3ccc(F)cc3)nn2)cc1)NO,6.098541678603888,1,
O=C(CCCCCCC(=O)Nc1ccc(-c2cn(Cc3ccccc3)nn2)cc1)NO,5.401209493236885,1,
O=C(CCCCCCC(=O)Nc1ccc(-c2cnnn2-c2ccccc2)cc1)NO,6.285670240254767,1,
O=C(CCCCCCC(=O)Nc1ccc(-c2cnnn2CC(O)c2cccc(Br)c2)cc1)NO,6.132532512140949,1,
O=C(CCCCCCC(=O)Nc1ccc(-c2cnnn2Cc2ccc(F)cc2)cc1)NO,5.6968039425795105,1,
O=C(CCCCCCC(=O)Nc1ccc(-c2cnnn2Cc2ccccc2)cc1)NO,6.102372908709558,1,
O=C(CCCCCCC(=O)Nc1ccc([C@H]2O[C@@H](CSc3nc(-c4ccccc4)c(-c4ccccc4)o3)C[C@@H](c3ccc(CO)cc3)O2)cc1)NO,5.881559777521565,11,0.21215999693596013
O=C(CCCCCCC(=O)Nc1ccc2[nH]c(=O)ccc2c1)NO,7.318758762624412,1,
O=C(CCCCCCC(=O)Nc1ccc2c(c1)/C(=C/c1ccc[nH]1)C(=O)N2)NO,7.220403508742176,1,
O=C(CCCCCCC(=O)Nc1ccc2c(c1)CCC(=O)N2)NO,7.026872146400302,1,
O=C(CCCCCCC(=O)Nc1cccc(-c2cn(-c3cc(CO)cc(CO)c3)nn2)c1)NO,5.8794260687941495,1,
O=C(CCCCCCC(=O)Nc1cccc(-c2cn(-c3ccc(C(F)(F)F)cc3)nn2)c1)NO,5.282329496997738,1,
O=C(CCCCCCC(=O)Nc1cccc(-c2cn(-c3ccc(F)cc3)nn2)c1)NO,4.920818753952375,1,
O=C(CCCCCCC(=O)Nc1cccc(-c2cn(-c3ccccc3)nn2)c1)NO,5.555955204081924,2,0.0
O=C(CCCCCCC(=O)Nc1cccc(-c2cn(C3CCCCC3)nn2)c1)NO,5.924453038607469,1,
O=C(CCCCCCC(=O)Nc1cccc(-c2cn(CC(O)c3cccc(Br)c3)nn2)c1)NO,6.356547323513812,1,
O=C(CCCCCCC(=O)Nc1cccc(-c2cn(Cc3ccc(F)cc3)nn2)c1)NO,6.258060922270801,1,
O=C(CCCCCCC(=O)Nc1cccc(-c2cn(Cc3ccccc3)nn2)c1)NO,5.701146923590294,1,
O=C(CCCCCCC(=O)Nc1cccc(-c2cnnn2-c2ccccc2)c1)NO,6.025949097207123,1,
O=C(CCCCCCC(=O)Nc1cccc(-c2cnnn2CC(O)c2cccc(Br)c2)c1)NO,6.391473966422806,1,
O=C(CCCCCCC(=O)Nc1cccc(-c2cnnn2Cc2ccc(F)cc2)c1)NO,6.276544327964814,1,
O=C(CCCCCCC(=O)Nc1cccc(-c2cnnn2Cc2ccccc2)c1)NO,6.363512103646634,1,
O=C(CCCCCCC(=O)Nc1cccc(-n2cc(-c3ccccc3)nn2)c1)NO,5.3788237182249645,1,
O=C(CCCCCCC(=O)Nc1cccc(-n2cc(C3CCCCC3)nn2)c1)NO,5.560667306169737,1,
O=C(CCCCCCC(=O)Nc1cccc(C(F)(F)F)c1)NO,6.94692155651658,1,
O=C(CCCCCCC(=O)Nc1ccccc1)NO,6.162567739508332,205,0.6111842351986959
O=C(CCCCCCC(=O)Nc1ccccc1CN1CC[C@H](O)C1)NO,6.675717544702307,1,
O=C(CCCCCCC(=O)Nc1cnn(Cc2ccc([N+](=O)[O-])cc2)c1)NO,7.086186147616283,1,
O=C(CCCCCCC(=O)Nc1cnn(Cc2ccccc2)c1)NO,7.119186407719209,1,
O=C(CCCCCCC(=O)Nc1n[nH]c2cc(-c3ccc(Cl)cc3)ccc12)NO,8.481486060122112,2,0.0
O=C(CCCCCCC(=O)Nc1n[nH]c2cc(-c3cccc(C(F)(F)F)c3)ccc12)NO,8.387216143280265,1,
O=C(CCCCCCC(=O)Nc1n[nH]c2cc(-c3cccc(Cl)c3)ccc12)NO,8.42021640338319,1,
O=C(CCCCCCC(=O)Nc1n[nH]c2cc(-c3ccccc3)ccc12)NO,7.899629454882437,1,
O=C(CCCCCCC(=O)Nc1n[nH]c2cc(-c3ccccc3Cl)ccc12)NO,8.397940008672037,1,
O=C(CCCCCCC(=O)Nc1n[nH]c2cc(-c3ccccc3F)ccc12)NO,8.619788758288394,1,
O=C(CCCCCCC(=O)Nc1n[nH]c2cc(-c3ccncc3)ccc12)NO,7.610833915635467,1,
O=C(CCCCCCC(=O)Nc1n[nH]c2cc(-c3ccsc3)ccc12)NO,7.488116639021126,1,
O=C(CCCCCCC(=O)Nc1nc(-c2cccc([N+](=O)[O-])c2)cs1)NO,5.388276691992658,1,
O=C(CCCCCCC(=O)c1ccc2ccccc2c1)NO,7.455931955649724,1,
O=C(CCCCCCC(=O)c1ccccc1)NO,6.301029995663981,1,
O=C(CCCCCCC/C(=N\O)c1ccc(-c2ccccc2)cc1)NO,8.397940008672037,1,
O=C(CCCCCCC/C(=N\O)c1ccc2ccccc2c1)NO,8.070581074285707,1,
O=C(CCCCCCCC(=O)NCCCN1c2ccccc2CCc2ccc(Cl)cc21)NO,5.97061622231479,1,
O=C(CCCCCCCC(=O)N[C@@H]1C[C@H]1c1ccccc1)NO,9.24033215531037,1,
O=C(CCCCCCCC(=O)c1ccc(-c2ccc(Br)cc2)cc1)NO,8.698970004336019,1,
O=C(CCCCCCCC(=O)c1ccc(-c2ccccc2)cc1)NO,8.301029995663981,1,
O=C(CCCCCCCC(=O)c1ccc(Br)cc1)NO,7.346787486224656,1,
O=C(CCCCCCCC(=O)c1ccc(C(F)(F)F)cc1)NO,7.346787486224656,1,
O=C(CCCCCCCC(=O)c1ccc(N2CCCCC2)cc1)NO,8.022276394711152,1,
O=C(CCCCCCCC(=O)c1ccc(N2CCN(c3ccccc3)CC2)cc1)NO,8.346787486224656,1,
O=C(CCCCCCCC(=O)c1ccccc1)NO,7.187086643357144,1,
O=C(CCCCCCCC(=O)c1cccnc1)NO,6.815308569182401,1,
O=C(CCCCCCCC(O)c1ccc2ccccc2c1)NO,7.455931955649724,1,
O=C(CCCCCCCCC(=O)NCCCN1c2ccccc2CCc2ccc(Cl)cc21)NO,6.063486257521107,1,
O=C(CCCCCCCCC(=O)N[C@@H]1C[C@H]1c1ccccc1)NO,9.32513885926219,1,
O=C(CCCCCCCCC(=O)c1ccccc1)NO,6.8696662315049934,1,
O=C(CCCCCCCCc1ccc2ccccc2c1)NO,7.6020599913279625,1,
O=C(CCCCCCCN1C(=O)c2ccccc2C1=O)NO,7.146301788223825,1,
O=C(CCCCCCCNC(=O)NC(=O)c1ccccc1)NO,6.392544976785331,1,
O=C(CCCCCCCNC(=O)c1c(-c2ccc(O)cc2)sc2cc(O)ccc12)NO,6.3979400086720375,1,
O=C(CCCCCCCNc1nn2c(=O)c3ccccc3nc2c2ccccc12)NO,6.769551078621726,1,
O=C(CCCCCCCOc1cccc(-c2nc3ccccc3[nH]2)c1)NO,7.890084136976206,1,
O=C(CCCCCCCS)Nc1ccccc1,5.950781977329818,1,
O=C(CCCCCCCn1cc(Nc2ncc(Cl)c(Nc3ccc(F)cc3)n2)cn1)NO,5.769551078621726,1,
O=C(CCCCCCN(Cc1cc2ccccc2[nH]1)Cc1cc2ccccc2[nH]1)NO,5.337242168318426,1,
O=C(CCCCCCN(Cc1ccc(-c2ccccc2)s1)Cc1ccc(-c2ccccc2)s1)NO,5.3872161432802645,1,
O=C(CCCCCCN(Cc1ccc(F)cc1)c1ncc(C(=O)NCCCn2ccnc2)s1)NO,6.454692883534176,1,
O=C(CCCCCCN(Cc1ccc2ccccc2c1)Cc1ccc2ccccc2c1)NO,5.267606240177031,1,
O=C(CCCCCCN(Cc1ccccc1)Cc1ccccc1)NO,5.3979400086720375,1,
O=C(CCCCCCN(c1ccccn1)c1ccc2ccccc2n1)NO,6.505845405981557,1,
O=C(CCCCCCN1C(=O)c2ccccc2C1=O)NO,6.987162775294828,1,
O=C(CCCCCCN1CCc2ccccc2C1)NO,5.721246399047171,1,
O=C(CCCCCCNC(=O)C(O)(O)C(F)(F)F)Nc1ccc(-c2ccccc2)cc1,5.3872161432802645,1,
O=C(CCCCCCNC(=O)C(O)(O)C(F)(F)F)Nc1ccc(Br)cc1,4.958607314841775,1,
O=C(CCCCCCNC(=O)C(O)(O)C(F)(F)F)Nc1ccc(Cl)cc1,4.2839966563652006,1,
O=C(CCCCCCNC(=O)C(O)(O)C(F)(F)F)Nc1nc2ccccc2s1,5.275724130399211,1,
O=C(CCCCCCNC(=O)C(O)(O)C(F)(F)F)Nc1ncc(-c2ccc(Br)cc2)s1,5.0,1,
O=C(CCCCCCNC(=O)C(O)(O)C(F)(F)F)Nc1ncc(-c2ccc(O)cc2)s1,4.522878745280337,1,
O=C(CCCCCCNC(=O)C(O)(O)C(F)(F)F)Nc1ncc(-c2ccccc2)s1,4.6777807052660805,1,
O=C(CCCCCCNC(=O)Cn1cnc2c(Nc3ccccc3)nc(Nc3ccccc3)nc21)NO,6.494850021680094,1,
O=C(CCCCCCNC(=O)NC(=O)c1ccccc1)NO,6.568636235841012,1,
O=C(CCCCCCNC(=O)c1c(-c2ccc(O)cc2)sc2cc(O)ccc12)NO,6.2706055591445775,2,0.18007810547904624
O=C(CCCCCCNC(=O)c1cc(-c2ccc(F)cc2)[nH]n1)NO,5.5300307905000405,1,
O=C(CCCCCCNC(=O)c1cc2cc(-c3cn[nH]c3)ccc2s1)NO,8.114073660198569,1,
O=C(CCCCCCNC(=O)c1ccc2[nH]c(=O)ccc2c1)NO,7.136677139879544,1,
O=C(CCCCCCNC(=O)c1ccc2c(c1)CCC(=O)N2)NO,7.275724130399211,1,
O=C(CCCCCCNC(=O)c1cnc(N(c2ccccc2)c2ccccc2)nc1)NO,6.872539272822343,17,0.3004475650572415
O=C(CCCCCCNC(=O)c1cnc(N(c2ccccc2)c2ccccc2Cl)nc1)NO,6.822018485742559,7,0.05146144250195816
O=C(CCCCCCNC(=O)c1csc(Br)n1)NO,6.7447274948966935,1,
O=C(CCCCCCNC(=O)c1ncc(-c2ccc(Br)cc2)o1)NO,6.518944539106629,1,
O=C(CCCCCCNC(=O)c1ncc(-c2ccccc2)o1)NO,6.550799391258631,1,
O=C(CCCCCCNCc1cc2ccccc2[nH]1)NO,6.207608310501746,1,
O=C(CCCCCCNCc1ccc(-c2ccccc2)s1)NO,6.259637310505756,1,
O=C(CCCCCCNCc1ccc(F)cc1)NO,5.769551078621726,1,
O=C(CCCCCCNCc1ccc([N+](=O)[O-])cc1)NO,5.6777807052660805,1,
O=C(CCCCCCNCc1ccc2ccccc2c1)NO,6.494850021680094,1,
O=C(CCCCCCNCc1ccccc1)NO,5.7447274948966935,2,0.0
O=C(CCCCCCNc1ncnc2ccc(Cl)cc12)NO,5.7055337738384075,1,
O=C(CCCCCCNc1ncnc2ccc(F)cc12)NO,5.835647144215563,1,
O=C(CCCCCCNc1nn2c(=O)c3cc(Br)ccc3nc2c2ccccc12)NO,6.653647025549361,1,
O=C(CCCCCCNc1nn2c(=O)c3cc(Cl)ccc3nc2c2ccccc12)NO,6.621602099051863,1,
O=C(CCCCCCNc1nn2c(=O)c3ccccc3nc2c2ccccc12)NO,6.882728704344236,1,
O=C(CCCCCCOc1ccc2cc1COC/C=C/COCc1cccc(c1)-c1ccnc(n1)N2)NO,6.130768280269024,1,
O=C(CCCCCCOc1cccc(-c2nc3ccccc3[nH]2)c1)NO,5.223298816011589,1,
O=C(CCCCCCOc1cccc(-c2nnc(-c3ccccc3)s2)c1)NO,5.621602099051863,1,
O=C(CCCCCCOc1cccc(-c2nnc(-c3ccccc3Cl)s2)c1)NO,5.817870785947002,1,
O=C(CCCCCCOc1cccc2cccnc12)NO,5.229442525149005,1,
O=C(CCCCCCS)NC1CCCC1,5.632644078973981,1,
O=C(CCCCCCS)NCc1ccc(C(F)(F)F)cc1,6.428291168191312,1,
O=C(CCCCCCS)NCc1cccc(OCc2ccccc2)c1,6.043831569524636,1,
O=C(CCCCCCS)Nc1ccccc1,5.97061622231479,1,
O=C(CCCCCCc1nc(-c2ccc(C(F)(F)F)cc2)no1)C(F)(F)F,5.987162775294828,1,
O=C(CCCCCCc1nc(-c2ccc(Cl)cc2)no1)C(F)(F)F,5.681936665037238,1,
O=C(CCCCCCc1nc(-c2ccc(F)cc2)no1)C(F)(F)F,5.116338564846382,1,
O=C(CCCCCCc1nc(-c2ccc(F)cc2)no1)NO,5.05749589383192,1,
O=C(CCCCCCc1nc(-c2ccc([N+](=O)[O-])cc2)no1)C(F)(F)F,5.498940737782249,1,
O=C(CCCCCCc1nc(-c2ccc([N+](=O)[O-])cc2)no1)NO,5.59176003468815,1,
O=C(CCCCCCc1nc(-c2cccc([N+](=O)[O-])c2)no1)C(F)(F)F,6.080921907623926,1,
O=C(CCCCCCc1nc(-c2cccc([N+](=O)[O-])c2)no1)NO,5.623423042943488,1,
O=C(CCCCCCc1nc(-c2ccccc2)no1)C(F)(F)F,6.119186407719209,1,
O=C(CCCCCCc1nc(-c2ccccc2)no1)NO,5.688246138944246,1,
O=C(CCCCCCc1nc(-c2ccccc2Cl)no1)C(F)(F)F,6.1487416512809245,1,
O=C(CCCCCCc1nc(-c2ccccc2Cl)no1)NO,5.437707135543525,1,
O=C(CCCCCCc1nc(-c2cccnc2)no1)NO,5.73754891026957,1,
O=C(CCCCCCc1nc(-c2cccs2)no1)C(F)(F)F,6.022276394711152,1,
O=C(CCCCCCc1nc(-c2cccs2)no1)NO,5.71669877129645,1,
O=C(CCCCCCc1nc2ccc(Br)cc2[nH]1)NO,6.549750891680639,1,
O=C(CCCCCCn1cc(-c2ccc(C(=O)c3c(-c4ccc(O)cc4)sc4cc(O)ccc34)cc2)nn1)NO,4.52432881167557,1,
O=C(CCCCCCn1cc(-c2ncnc3[nH]ccc23)cn1)NO,6.328827157284916,1,
O=C(CCCCCCn1cc(Nc2ncc(Cl)c(Nc3cccc(Cl)c3)n2)cn1)NO,6.075720713938118,1,
O=C(CCCCCCn1cc(Nc2ncc3ccn(Cc4ccccc4F)c3n2)cn1)NO,8.036212172654444,1,
O=C(CCCCCCn1cnc2c(N3CCOCC3)nc(-c3cccc(CO)c3)nc21)NO,6.494850021680094,1,
O=C(CCCCCN(CCCc1ccccc1)C(=O)NC(=O)c1ccccc1)NO,6.484126156288321,1,
O=C(CCCCCN1C(=O)c2cccc3c(N4CCOCC4)ccc(c23)C1=O)NO,5.7423214251308154,1,
O=C(CCCCCN1C(=O)c2cccc3c(NCc4ccccc4)ccc(c23)C1=O)NO,5.609064892896621,1,
O=C(CCCCCN1C(=O)c2cccc3c(Nc4cccc(F)c4)ccc(c23)C1=O)NO,5.39040559077478,1,
O=C(CCCCCN1C(=O)c2cccc3c(Nc4ccccc4)ccc(c23)C1=O)NO,5.388276691992658,1,
O=C(CCCCCN1C(=O)c2cccc3c([N+](=O)[O-])ccc(c23)C1=O)NO,6.207608310501746,1,
O=C(CCCCCN1C(=O)c2cccc3cccc(c23)C1=O)NO,6.26635935727342,5,0.9965578184541934
O=C(CCCCCN1C(=O)c2ccccc2/C=C\c2ccccc21)NO,6.73754891026957,1,
O=C(CCCCCN1C(=O)c2ccccc2NC(=O)c2cc3ccccc3cc21)NO,6.73754891026957,1,
O=C(CCCCCN1C(=O)c2ccccc2NC(=O)c2ccccc21)NO,6.73754891026957,1,
O=C(CCCCCNC(=O)Cn1cnc2c(N3CCOCC3)nc(Nc3ccccc3)nc21)NO,6.823908740944319,1,
O=C(CCCCCNC(=O)Cn1cnc2c(Nc3ccccc3)nc(Nc3ccccc3)nc21)NO,6.698970004336019,1,
O=C(CCCCCNC(=O)NC(=O)c1ccccc1)NO,6.216096420727265,1,
O=C(CCCCCNC(=O)NC12CC3CC(CC(C3)C1)C2)NO,5.3173683541506325,2,0.21195846348039615
O=C(CCCCCNC(=O)c1cc(-c2ccc(F)cc2)[nH]n1)NO,5.430626090384954,1,
O=C(CCCCCNC(=O)c1ccc(NC(=O)NC(C(=O)Nc2cccc(C(F)(F)F)c2)c2ccccc2)cc1)NO,6.014573525916998,1,
O=C(CCCCCNc1nc(Cl)nc2c1ncn2Cc1ccccc1)NO,5.84163750790475,1,
O=C(CCCCCONC(=O)Nc1cnc2ccccc2c1)NO,4.951946826884391,1,
O=C(CCCCCONC(=O)c1cc2ccccc2[nH]1)NO,4.987162775294828,1,
O=C(CCCCCONC(=O)c1ccc2ccccc2c1)NO,5.421360790031928,1,
O=C(CCCCCONC(=O)c1ccc2ccccc2n1)NO,5.009661145212398,1,
O=C(CCCCCONC(=O)c1cnc2ccccc2n1)NO,5.0996328713435295,1,
O=C(CCCCCONC(=O)c1nc(-c2cc3ccccc3o2)cs1)NO,5.434152181326482,1,
O=C(CCCCCONC(=O)c1nc(-c2ccc(C(F)(F)F)cc2)cs1)NO,5.313363730737707,1,
O=C(CCCCCONC(=O)c1nc(-c2ccc(F)cc2)cs1)NO,5.195179321278838,1,
O=C(CCCCCONC(=O)c1nc(-c2ccc(N3CCCC3)cc2)cs1)NO,5.318758762624412,1,
O=C(CCCCCONC(=O)c1nc(-c2cccc(F)c2)cs1)NO,5.634512015109101,1,
O=C(CCCCCONC(=O)c1nc(-c2ccccc2)cs1)NO,5.396855627379818,1,
O=C(CCCCCONC(=O)c1nc(-c2ccccc2F)cs1)NO,5.889410289700751,1,
O=C(CCCCCONC(=O)c1nc(-c2cccs2)cs1)NO,5.600326278518962,1,
O=C(CCCCCONC(=O)c1nc(-c2ccsc2)cs1)NO,5.266802734893431,1,
O=C(CCCCCONC(=O)c1nccc2ccccc12)NO,4.906578314837765,1,
O=C(CCCCCOP([O-])([O-])=S)Nc1ccccc1.[K+].[K+],4.309803919971486,1,
O=C(CCCCCOc1cccc(-c2nnc(-c3ccccc3)s2)c1)NO,5.519274621011512,1,
O=C(CCCCCOc1no[n+]([O-])c1S(=O)(=O)c1ccccc1)NO,6.464705879957229,1,
O=C(CCCCCS)Nc1ccccc1,5.866461091629782,1,
O=C(CCCCC[C@@H]1NC(=O)[C@H](Cc2c[nH]c3ccccc23)NC(=O)[C@H]2CCCN2C(=O)[C@H](Cc2c[nH]c3ccccc23)NC1=O)NO,4.559090917934783,1,
O=C(CCCCC[C@H](NC(=O)C1C(=O)NCC1c1ccccc1)C(=O)Nc1ccccc1)NO,6.910094888560602,1,
O=C(CCCCC[C@H](NC(=O)C1CCCNC1=O)C(=O)Nc1ccccc1)NO,6.600326278518962,1,
O=C(CCCCC[C@H](NC(=O)C1CCNC1=O)C(=O)Nc1ccccc1)NO,6.928117992693874,1,
O=C(CCCCC[C@H](NC(=O)[C@@H]1CC(=O)N1)C(=O)Nc1ccccc1)NO,6.947398242144829,2,0.11896196096448393
O=C(CCCCC[C@H](NC(=O)[C@@H]1CCC(=O)N1)C(=O)Nc1ccccc1)NO,6.947398242144829,2,0.11896196096448393
O=C(CCCCC[C@H](NC(=O)[C@@H]1CCCC(=O)N1)C(=O)NC1CCCC1)NO,5.671620396561263,1,
O=C(CCCCC[C@H](NC(=O)[C@@H]1CCCC(=O)N1)C(=O)NCCc1ccccc1)NO,6.882728704344236,1,
O=C(CCCCC[C@H](NC(=O)[C@@H]1CCCC(=O)N1)C(=O)Nc1ccccc1)NO,7.013228265733755,1,
O=C(CCCCC[C@H](NC(=O)[C@H]1CCC(=O)N1)C(=O)NCCc1ccccc1)NO,7.500312917381596,1,
O=C(CCCCC[C@H](NC(=O)[C@H]1CCC(=O)N1)C(=O)Nc1cccc(C(F)(F)F)c1)NO,7.482145081086069,2,0.0009319963851158377
O=C(CCCCC[C@H](NC(=O)[C@H]1CCC(=O)N1)C(=O)Nc1ccccc1)NO,6.79317412396815,1,
O=C(CCCCCn1c(=O)c(-c2ccc(Cl)cc2Cl)cc2cnc(NC3CC3)nc21)NO,6.720447118849615,1,
O=C(CCCCCn1cc(-c2ccc(C(=O)c3c(-c4ccc(O)cc4)sc4cc(O)ccc34)cc2)nn1)NO,4.576630474701917,2,0.07396572118652782
O=C(CCCCCn1cc(Nc2ncc(Cl)c(Nc3ccc(Cl)cc3)n2)cn1)NO,5.607303046740334,1,
O=C(CCCCN(Cc1ccccc1)Cc1ccccc1)NO,5.721246399047171,1,
O=C(CCCCN1C(=O)CN=C(c2ccccc2)c2ccccc21)NO,5.172630726946174,1,
O=C(CCCCN1C(=O)[C@@H](CS)N=C(c2ccccc2)c2ccccc21)NO,5.090979145788844,1,
O=C(CCCCN1C(=O)[C@H](CCC(=O)NC(c2ccccc2)(c2ccccc2)c2ccccc2)N=C(c2ccccc2)c2ccccc21)NO,4.6293019074244235,1,
O=C(CCCCN1C(=O)[C@H](CCC(=O)NO)N=C(c2ccccc2)c2ccccc21)NO,5.0695604052333,1,
O=C(CCCCN1C(=O)[C@H](Cc2ccccc2)N=C(c2ccccc2)c2ccccc21)NO,4.8972233851165585,1,
O=C(CCCCN1CCc2ccccc2C1c1ccccc1)NO,7.356547323513812,1,
O=C(CCCCNC(=O)c1cc(-c2ccccc2)on1)NO,5.446116973356125,1,
O=C(CCCCNCc1ccccc1)NO,5.0,1,
O=C(CCCCOCc1cc(-c2ccccc2)on1)NO,5.478861916295964,1,
O=C(CCCCOc1cccc(-c2nnc(-c3ccccc3)s2)c1)NO,5.506960411682348,1,
O=C(CCCCSc1nc(-c2ccc(-c3ccccc3)cc2)cc(=O)[nH]1)NO,6.214670164989233,2,0.0
O=C(CCCCc1ccn(-c2ccccc2)n1)NO,5.599462010608054,1,
O=C(CCCCc1ccn(Cc2ccc(-c3ccccc3)cc2)n1)NO,5.280834505910787,1,
O=C(CCCCc1ccn(Cc2ccc(-n3ccc4ccccc43)cc2)n1)NO,5.308211475597302,1,
O=C(CCCCc1ccn(Cc2ccc(Nc3ccccc3)cc2)n1)NO,5.9897000433601875,1,
O=C(CCCCc1ccn(Cc2cccc(-c3ccccc3)c2)n1)NO,5.525201181199369,1,
O=C(CCCCn1cc(Nc2ncc(Cl)c(Nc3ccc(F)cc3)n2)cn1)NO,5.292429823902063,1,
O=C(CCCN1CCN(C(=O)Nc2ccnc3ccccc23)CC1)NO,5.698970004336019,1,
O=C(CCCc1ccc(NS(=O)(=O)c2ccccc2)cc1)NO,6.0,1,
O=C(CCCc1ccccc1)NO,5.3979400086720375,1,
O=C(CCCc1csc(/C=C/c2ccccc2)n1)NO,5.813608784304507,1,
O=C(CCCn1cncn1)N(Cc1ccc(-c2noc(C(F)(F)F)n2)cc1)c1cccc(C(F)(F)F)c1,5.698970004336019,1,
O=C(CCN(Cc1ccccc1)Cc1ccccc1)NO,5.853871964321762,1,
O=C(CCN1CCN(C(=O)Nc2ccnc3ccccc23)CC1)NO,5.7594507517174005,1,
O=C(CCN1CCc2ccccc2C1)NO,4.721246399047171,1,
O=C(CCN1CCc2ccccc2C1C1CCCCC1)NO,5.173925197299173,1,
O=C(CCN1CCc2ccccc2C1c1ccc(-c2ccccc2)cc1)NO,7.259637310505756,1,
O=C(CCN1CCc2ccccc2C1c1ccc(C(F)(F)F)cc1)NO,6.721246399047171,1,
O=C(CCN1CCc2ccccc2C1c1cccc(C(F)(F)F)c1)NO,6.468521082957745,1,
O=C(CCN1CCc2ccccc2C1c1cccc2ccccc12)NO,6.4089353929735005,1,
O=C(CCN1CCc2ccccc2C1c1ccccc1)NO,6.022276394711152,1,
O=C(CCNC(=O)/C(Cc1ccc(O)c(Br)c1)=N/O)NO,5.823908740944319,1,
O=C(CC[C@@H](CCCC(=O)Nc1ccccc1)Cc1ccccc1)NO,7.568636235841012,1,
O=C(CC[C@H](CCCC(=O)Nc1ccccc1)Cc1ccccc1)NO,6.823908740944319,1,
O=C(CCc1ccc(-c2ccc(O)cc2)cc1)NO,5.769551078621726,1,
O=C(CCc1ccc(CC(=O)c2ccccc2)o1)NO,5.619788758288394,1,
O=C(CCc1ccc(NS(=O)(=O)c2ccccc2)cc1)NO,7.0,1,
O=C(CCc1ccc(Oc2cccs2)c(O)c1)Nc1ccc(C(=O)NO)cc1,6.818156412055227,1,
O=C(CCc1ccccc1)NO,5.628932137728263,1,
O=C(CCn1c(=O)n(CCc2ccccc2)c(=O)c2ccccc21)NO,6.342944147142896,1,
O=C(CCn1cncn1)N(Cc1ccc(-c2noc(C(F)(F)F)n2)cc1)c1cccc(C(F)(F)F)c1,5.698970004336019,1,
O=C(CN1C(=O)S/C(=C/c2ccccn2)C1=O)Nc1nc2ccccc2s1,6.036263864484268,3,1.7402725289250762
O=C(CN1C(=O)S/C(=C/c2ccco2)C1=O)Nc1ccc([N+](=O)[O-])cc1,4.886056647693163,1,
O=C(CN1CCOCC1)NC(Cc1ccc(-c2noc(C(F)(F)F)n2)cn1)c1cccc(C(F)(F)F)c1,4.958607314841775,1,
O=C(CN1CCS(=O)(=O)CC1)N(Cc1ccc(-c2noc(C(F)(F)F)n2)cc1)c1cccc(C(F)(F)F)c1,5.309803919971486,1,
O=C(CN1CCc2ccccc2C1c1ccccc1)NO,4.721246399047171,1,
O=C(CNS(=O)(=O)c1cccc(C(=O)NO)c1)Nc1ccccc1,5.455931955649724,1,
O=C(COc1cc(-c2noc(C(F)(F)F)n2)ccn1)N1CCOCC1,5.958607314841775,1,
O=C(COc1ccc(CNCCc2c[nH]c3ccccc23)c(F)c1)NO,7.045757490560675,1,
O=C(COc1ccc(C[C@H](NC(=O)CCc2ccccc2)C(=O)Nc2ccccc2)cc1)NO,6.821023052706831,1,
O=C(COc1ccc(C[C@H](NC(=O)OCc2ccccc2)C(=O)Nc2cccc(Cl)c2)cc1)NO,6.671620396561263,1,
O=C(COc1ccc(C[C@H](NC(=O)OCc2ccccc2)C(=O)Nc2ccccc2)cc1)NO,6.7055337738384075,1,
O=C(COc1ccc2c(c1)CN(C(=O)CCc1ccccc1)[C@H](C(=O)NCCc1ccccc1)C2)NO,6.1598939055432425,1,
O=C(COc1ccc2c(c1)CN(C(=O)CCc1ccccc1)[C@H](C(=O)Nc1ccccc1)C2)NO,6.11975822410452,1,
O=C(COc1ccc2c(c1)CN(C(=O)OCc1ccccc1)[C@H](C(=O)NCCc1ccccc1)C2)NO,6.236572006437063,1,
O=C(COc1ccc2c(c1)OC1(CCN(Cc3cc(Cl)cc(Cl)c3)CC1)CC2=O)NO,5.096910013008056,1,
O=C(COc1ccc2c(c1)OC1(CCN(Cc3cc(F)cc(F)c3)CC1)CC2=O)NO,5.045757490560675,1,
O=C(COc1ccc2cc(/C=C3/SC(=O)NC3=O)ccc2c1)Nc1ccc(Br)cc1,4.795880017344075,1,
O=C(COc1ccc2cc(/C=C3/SC(=O)NC3=O)ccc2c1)Nc1ccc(F)cc1,5.180456064458131,1,
O=C(COc1ccc2cc(/C=C3/SC(=O)NC3=O)ccc2c1)Nc1ccc([N+](=O)[O-])cc1,5.3979400086720375,1,
O=C(COc1ccc2cc(/C=C3/SC(=O)NC3=O)ccc2c1)Nc1cccc(F)n1,5.142667503568731,1,
O=C(COc1ccc2cc(/C=C3/SC(=O)NC3=O)ccc2c1)Nc1ccccc1,5.346787486224656,1,
O=C(COc1ccc2cc(/C=C3/SC(=O)NC3=O)ccc2c1)Nc1nc2ccccc2s1,5.568636235841012,1,
O=C(COc1ccc2ccccc2c1/C=C1\SC(=O)NC1=O)Nc1ccc([N+](=O)[O-])cc1,5.638272163982407,1,
O=C(CS)CCCCCCC(=O)Nc1ccccc1,6.161150909262744,1,
O=C(CS)NCCCCCC(=O)Nc1ccc(-c2ccccc2NC(=O)[C@@H]2CCCN2)cc1,5.373659632624958,1,
O=C(CS)NCCCCCC(=O)Nc1cccc2cccnc12,5.213248577854438,2,0.0
O=C(CS)NCCCCCC(=O)Nc1ccccc1,5.410050398674292,1,
O=C(CS)NCCCCCCNC(=O)Nc1ccccc1,4.856985199745905,1,
O=C(CS)NCCCCCn1ccc2cc(Cl)c(Cl)cc21,4.926316446103106,2,0.007774910801317513
O=C(Cc1[nH]nc2ccccc12)N(Cc1ccc(-c2noc(C(F)(F)F)n2)cn1)c1cccc(F)c1,5.958607314841775,1,
O=C(Cc1ccc(-c2csc(NC(=O)COc3ccccc3)n2)s1)NO,7.42021640338319,1,
O=C(Cc1ccc(-c2csc(NC(=O)Cc3ccccc3)n2)s1)NO,7.3872161432802645,1,
O=C(Cc1ccc(/C=C/C(=O)c2ncc[nH]2)cc1)Nc1ccc(F)cc1,5.853871964321762,1,
O=C(Cc1ccc(CCCCc2cc(F)c(F)cc2F)cc1)NO,6.275724130399211,1,
O=C(Cc1ccc(CCCCc2ccc(C(F)(F)F)cc2)cc1)NO,5.886056647693163,1,
O=C(Cc1ccc(CCCCc2ccc3[nH]ccc3c2)cc1)NO,6.3872161432802645,1,
O=C(Cc1ccc(CCCCc2ccc3c(c2)OCO3)cc1)NO,6.6777807052660805,1,
O=C(Cc1ccc(CCCCc2cccc(C(F)(F)F)c2)cc1)NO,6.3979400086720375,1,
O=C(Cc1ccc(CCCCc2ccccc2C(F)(F)F)cc1)NO,6.214670164989233,1,
O=C(Cc1ccc(NS(=O)(=O)c2ccccc2)cc1)NO,6.045757490560675,1,
O=C(Cc1ccc2ccccc2c1)Nc1ccc(C(=O)NO)nc1,6.010550182333308,1,
O=C(Cc1cccc2ccccc12)Nc1ccc(C(=O)NO)nc1,5.7423214251308154,1,
O=C(Cc1ccccc1)NO,4.934793871945688,1,
O=C(Cc1ccccc1)Nc1ccc(C(=O)NO)nc1,5.962573502059376,1,
O=C(Cc1cnccn1)N(Cc1ccc(-c2noc(C(F)(F)F)n2)cc1)c1cccc(C(F)(F)F)c1,5.638272163982407,1,
O=C(Cn1ccnn1)N(Cc1ccc(-c2noc(C(F)(F)F)n2)cc1)c1cccc(C(F)(F)F)c1,5.6777807052660805,1,
O=C(Cn1cnc2ccccc21)N(Cc1ccc(-c2noc(C(F)(F)F)n2)cc1)c1cccc(C(F)(F)F)c1,5.638272163982407,1,
O=C(Cn1cncn1)N(Cc1ccc(-c2noc(C(F)(F)F)n2)cc1)c1cccc(C(F)(F)F)c1,5.698970004336019,1,
O=C(Cn1ncccc1=O)N(Cc1ccc(-c2noc(C(F)(F)F)n2)cc1)c1cccc(C(F)(F)F)c1,5.657577319177793,1,
O=C(N(Cc1ccc(-c2noc(C(F)(F)F)n2)cn1)c1cccc(F)c1)C1(CN2CCOCC2)CC1,5.522878745280337,1,
O=C(N1CCOCC1)N(Cc1ccc(-c2noc(C(F)(F)F)n2)cc1)c1cccc(C(F)(F)F)c1,5.638272163982407,1,
O=C(N1CCOCC1)N(Cc1ccc(-c2noc(C(F)(F)F)n2)cn1)c1cccc(C(F)(F)F)c1,5.0,1,
O=C(NC(Cc1ccc(-c2noc(C(F)(F)F)n2)cn1)c1cccc(C(F)(F)F)c1)C(F)(F)F,4.346787486224656,1,
O=C(NC(Cc1ccc(-c2noc(C(F)(F)F)n2)cn1)c1cccc(C(F)(F)F)c1)C1CCOCC1,5.214670164989233,1,
O=C(NC(Cc1ccc(-c2noc(C(F)(F)F)n2)cn1)c1cccc(C(F)(F)F)c1)c1cccnc1,5.275724130399211,1,
O=C(NC(Cc1ccc(-c2noc(C(F)(F)F)n2)cn1)c1cccc(C(F)(F)F)c1)c1ncccn1,5.6020599913279625,1,
O=C(NC1CC1)c1ccccc1NCc1ccc(-c2noc(C(F)(F)F)n2)cn1,5.795880017344075,1,
O=C(NC1CCOCC1)OCc1ccc(-c2noc(C(F)(F)F)n2)cn1,5.795880017344075,1,
O=C(NC1CCOCC1)c1cccc2cn(C(Cc3ccccc3)C(=O)NO)nc12,6.903089986991944,1,
O=C(NC1CCc2ccc(C(=O)NO)cc2C1)OCc1cccnc1,5.896196279044043,1,
O=C(NCC1(c2nc(-c3ccccc3)cs2)CCOCC1)c1cccc(-c2noc(C(F)(F)F)n2)c1,5.399066306145637,3,0.03865174701461577
O=C(NCC12C[C@H]3C[C@@H](C1)C[C@@H](C2)C3)c1ccc2c(ccn2Cc2ccc(C(=O)NO)c(Br)c2)c1,5.076755981369724,1,
O=C(NCC12C[C@H]3C[C@@H](C1)C[C@@H](C2)C3)c1ccc2c(ccn2Cc2ccc(C(=O)NO)c(Cl)c2)c1,6.3872161432802645,1,
O=C(NCC12C[C@H]3C[C@@H](C1)C[C@@H](C2)C3)c1ccc2c(ccn2Cc2ccc(C(=O)NO)c(F)c2)c1,5.856985199745905,1,
O=C(NCCN1CCCC1)c1ccc(-c2noc(C(F)(F)F)n2)cc1,5.552841968657781,1,
O=C(NCCN1CCOCC1)c1cccc2cn(C(Cc3ccccc3)C(=O)NO)nc12,6.903089986991944,1,
O=C(NCCS)/C(Cc1ccc(O)c(Br)c1)=N/O,5.886056647693163,1,
O=C(NCCc1cc(C(=O)NO)no1)c1ccc(Cl)c(Cl)c1,5.910094888560602,1,
O=C(NCc1ccc(-c2noc(C(F)(F)F)n2)cc1)C1CCCC1,5.537602002101044,1,
O=C(NCc1ccc(C(=O)Nc2ccccc2O)cc1)OCc1cccnc1,5.657577319177793,1,
O=C(NCc1ccccc1)c1ccccc1NCc1ccc(-c2noc(C(F)(F)F)n2)cn1,6.275724130399211,1,
O=C(NCc1ccccn1)c1cccc(NCc2ccc(-c3noc(C(F)(F)F)n3)cn2)c1,6.130768280269024,1,
O=C(NO)C(Cc1ccccc1)N1C=CC2C(Cl)=NC=CC21,6.425968732272281,1,
O=C(NO)C(Cc1ccccc1)N1C=CC2C=C(Cl)C=NC21,6.425968732272281,1,
O=C(NO)C(Cc1ccccc1)N1N=C(C#CC2CC2)C2C=CN=C(Cl)C21,6.903089986991944,1,
O=C(NO)C(Cc1ccccc1)N1N=CC2C(Cl)=NC=CC21,6.425968732272281,1,
O=C(NO)C(Cc1ccccc1)c1cnc2c(-c3ccncc3)cccn12,6.425968732272281,1,
O=C(NO)C(Cc1ccccc1)c1cnc2c(Cl)cccn12,6.425968732272281,1,
O=C(NO)C(Cc1ccccc1)c1cnc2cc(-c3cccnc3)ccn12,6.425968732272281,1,
O=C(NO)C(Cc1ccccc1)c1cnc2cc(-c3cncnc3)ccn12,6.903089986991944,1,
O=C(NO)C(Cc1ccccc1)n1cc2c(-c3ccncc3)cccc2n1,6.425968732272281,1,
O=C(NO)C(Cc1ccccc1)n1cc2c(-c3cncnc3)cccc2n1,6.425968732272281,1,
O=C(NO)C(Cc1ccccc1)n1cc2c(Br)cccc2n1,6.425968732272281,1,
O=C(NO)C(Cc1ccccc1)n1cc2c(n1)CCCC2,6.425968732272281,1,
O=C(NO)C(Cc1ccccc1)n1cc2cc(-c3ccncc3)ccc2n1,6.425968732272281,1,
O=C(NO)C(Cc1ccccc1)n1cc2cc(-c3cncnc3)ccc2n1,6.425968732272281,1,
O=C(NO)C(Cc1ccccc1)n1cc2cc(Br)ccc2n1,6.425968732272281,1,
O=C(NO)C(Cc1ccccc1)n1cc2cc(Br)cnc2n1,6.425968732272281,1,
O=C(NO)C(Cc1ccccc1)n1cc2cc(Cl)ccc2n1,6.425968732272281,1,
O=C(NO)C(Cc1ccccc1)n1cc2ccc(-c3ccccc3)cc2n1,6.425968732272281,1,
O=C(NO)C(Cc1ccccc1)n1cc2ccc(-c3cccnc3)cc2n1,6.425968732272281,1,
O=C(NO)C(Cc1ccccc1)n1cc2ccc(-c3cncnc3)cc2n1,6.425968732272281,1,
O=C(NO)C(Cc1ccccc1)n1cc2cccc(C#CC3CC3)c2n1,6.425968732272281,1,
O=C(NO)C(Cc1ccccc1)n1cc2cccc(CN3CCC(F)(F)CC3)c2n1,6.425968732272281,1,
O=C(NO)C(Cc1ccccc1)n1cc2cccc(CN3CCCC(F)(F)C3)c2n1,6.425968732272281,1,
O=C(NO)C(Cc1ccccc1)n1cc2cccc(CN3CCOCC3)c2n1,6.425968732272281,1,
O=C(NO)C(Cc1ccccc1)n1cc2cccc(CNC3CC3)c2n1,6.425968732272281,1,
O=C(NO)C(Cc1ccccc1)n1cc2ccccc2n1,6.425968732272281,1,
O=C(NO)C(Cc1ccccc1)n1cc2ccnc(Cl)c2n1,6.425968732272281,1,
O=C(NO)C(Cc1ccccc1)n1cc2cncc(C#CC3CC3)c2n1,6.425968732272281,1,
O=C(NO)C(Cc1ccccc1)n1cnc2ccccc21,6.425968732272281,1,
O=C(NO)C(Cc1ccccc1)n1nc(C#CC2CC2)c2cc(Cl)ccc21,6.903089986991944,1,
O=C(NO)C(Cc1ccccc1)n1nc(I)c2cc(Br)nc(Cl)c21,6.903089986991944,1,
O=C(NO)C(Cc1ccccc1)n1nc2c(Cl)cccc2c1I,6.425968732272281,1,
O=C(NO)C(Cc1ccccc1)n1nc2c(Cl)nccc2c1I,6.903089986991944,1,
O=C(NO)C(Cc1ccccc1)n1nc2ccc(-c3c(F)cccc3F)cc2c1C#CC1CC1,6.425968732272281,1,
O=C(NO)C(Cc1ccccc1)n1nc2ccc(-c3cccnc3)cc2c1C#CC1CC1,6.903089986991944,1,
O=C(NO)C(Cc1ccccc1)n1nc2ccc(-c3ccncc3)cc2c1C#CC1CC1,6.903089986991944,1,
O=C(NO)C(Cc1ccccc1)n1ncc2c(-c3ccncc3)nccc21,6.903089986991944,1,
O=C(NO)C(Cc1ccccc1)n1ncc2c(-c3cncnc3)cccc21,6.903089986991944,1,
O=C(NO)C(Cc1ccccc1)n1ncc2c(-c3cncnc3)nccc21,6.903089986991944,1,
O=C(NO)C(Cc1ccccc1)n1ncc2c1CCCC2,6.425968732272281,1,
O=C(NO)C(Cc1ccccc1)n1ncc2cc(-c3c(F)cccc3F)ccc21,6.425968732272281,1,
O=C(NO)C(Cc1ccccc1)n1ncc2cc(-c3ccccc3)ccc21,6.425968732272281,1,
O=C(NO)C(Cc1ccccc1)n1ncc2cc(-c3cccnc3)ccc21,6.903089986991944,1,
O=C(NO)C(Cc1ccccc1)n1ncc2cc(-c3cccnc3)cnc21,6.425968732272281,1,
O=C(NO)C(Cc1ccccc1)n1ncc2cc(-c3cccnc3)ncc21,6.425968732272281,1,
O=C(NO)C(Cc1ccccc1)n1ncc2cc(-c3ccncc3)ccc21,6.903089986991944,1,
O=C(NO)C(Cc1ccccc1)n1ncc2cc(-c3cncnc3)ccc21,6.903089986991944,1,
O=C(NO)C(Cc1ccccc1)n1ncc2cc(-c3cncnc3)cnc21,6.425968732272281,1,
O=C(NO)C(Cc1ccccc1)n1ncc2cc(-c3cncnc3)ncc21,6.425968732272281,1,
O=C(NO)C(Cc1ccccc1)n1ncc2cc(Br)ccc21,6.903089986991944,1,
O=C(NO)C(Cc1ccccc1)n1ncc2cc(Br)cnc21,6.425968732272281,1,
O=C(NO)C(Cc1ccccc1)n1ncc2cc(C3CCC(N4CCCC4)CC3)ccc21,6.903089986991944,1,
O=C(NO)C(Cc1ccccc1)n1ncc2cc(Cl)ccc21,6.903089986991944,1,
O=C(NO)C(Cc1ccccc1)n1ncc2nc(-c3ccncc3)ccc21,6.425968732272281,1,
O=C(NO)C(Cc1ccccc1)n1ncc2nc(-c3cncnc3)ccc21,6.903089986991944,1,
O=C(NO)C(Cc1ccccc1)n1ncc2nc(Cl)ccc21,6.903089986991944,1,
O=C(NO)C(c1ccc(-c2ncc(C(F)(F)F)cn2)cc1)c1ccccc1F,5.040958607678906,1,
O=C(NO)C(c1ccccc1)c1ccccc1,4.268557789890333,4,0.1020499387776119
O=C(NO)C1=CCCC1,5.962573502059376,1,
O=C(NO)C1=CCCCC1,6.3655227298392685,1,
O=C(NO)C1CCCCC1,5.429457060118103,1,
O=C(NO)C1[C@H](c2ccccc2)[C@H]1c1ccccc1,5.366531544420413,1,
O=C(NO)C1c2ccccc2-c2ccccc21,4.816788521387013,2,0.010069511065015226
O=C(NO)N1CCN(C(=S)N/N=C/c2ccc(Cl)cc2)CC1,4.364918563989127,1,
O=C(NO)N1CCN(C(=S)N/N=C/c2ccccc2O)CC1,4.472756883611911,1,
O=C(NO)[C@@H](Cc1ccccc1)n1nnc(-c2ccccc2)c1C#CC1CC1,9.096910013008056,1,
O=C(NO)[C@@H]1[C@H](c2ccccc2)[C@H]1c1cc(Cl)c2c(c1)OCCO2,6.080921907623926,1,
O=C(NO)[C@@H]1[C@H](c2ccccc2)[C@H]1c1ccc(-c2cnco2)cc1,6.443697499232712,1,
O=C(NO)[C@@H]1[C@H](c2ccccc2)[C@H]1c1ccc(-c2ncc(F)cn2)cc1,5.853871964321762,2,0.0
O=C(NO)[C@@H]1[C@H](c2ccccc2)[C@H]1c1ccc2c(c1)CN(CC(F)(F)F)C2=O,5.823908740944319,1,
O=C(NO)[C@@H]1[C@H](c2ccccc2)[C@H]1c1ccc2nccnc2c1,6.060480747381382,1,
O=C(NO)[C@@H]1[C@H](c2ccccc2)[C@H]1c1cccc(-c2ncc(F)cn2)c1,5.275724130399211,1,
O=C(NO)[C@@H]1[C@H](c2ccccc2)[C@H]1c1ccnc(C2CC2)c1,5.318758762624412,1,
O=C(NO)[C@H](Cc1c[nH]c2ccccc12)n1nnc(-c2ccccc2)c1C#CC1CC1,8.154901959985743,1,
O=C(NO)[C@H](Cc1ccccc1)n1nnc(-c2cccc(Cl)c2)c1C#CC1CC1,8.096910013008056,1,
O=C(NO)[C@H](Cc1ccccc1)n1nnc(-c2ccccc2)c1C#CC1CC1,9.096910013008056,2,0.0
O=C(NO)[C@H](Cc1ccccc1)n1nnc(-c2ccccc2)c1C#Cc1ccc(-c2ccccc2)cc1,5.040958607678906,1,
O=C(NO)[C@H](Cc1ccccc1)n1nnc(-c2ccccc2)c1C#Cc1ccccc1,8.0,1,
O=C(NO)[C@H](Cc1ccccc1)n1nnc(-c2ccsc2)c1C#CC1CC1,8.397940008672037,1,
O=C(NO)[C@]1(F)[C@H](c2ccccc2)[C@H]1c1ccc(-c2ncc(F)cn2)cc1,6.552841968657781,1,
O=C(NO)c1cc(Cn2c(=O)n(CCc3ccccc3)c(=O)c3ccccc32)cs1,5.924088238517223,2,0.0
O=C(NO)c1cc(F)c(CN2CN(c3ccccc3)C3(CCN(Cc4ccccc4)CC3)C2=O)c(F)c1,5.48704892002751,1,
O=C(NO)c1cc(F)c(Cn2nnc(-c3ncccn3)n2)c(F)c1,6.297569463554474,1,
O=C(NO)c1cc(F)c(Cn2nnnc2-c2cccs2)c(F)c1,6.001740661576301,1,
O=C(NO)c1cc2c(cc1F)CCC(NS(=O)(=O)c1ccc(Cl)cc1)C2,5.892790030352131,1,
O=C(NO)c1cc2c(cc1F)CCC(NS(=O)(=O)c1cccc(Cl)c1)C2,6.031517051446064,1,
O=C(NO)c1cc2c(cc1F)CCC(Nc1nccc(-c3cccnc3)n1)C2,5.821023052706831,1,
O=C(NO)c1ccc(-c2ccc3ncnc(Nc4ccc(OCc5cccc(F)c5)c(Cl)c4)c3c2)o1,5.113509274827518,1,
O=C(NO)c1ccc(-c2ccc3ncnc(Nc4ccc(OCc5cccc(F)c5)c(Cl)c4)c3c2)s1,6.008773924307505,1,
O=C(NO)c1ccc(-c2cccc3ccccc23)cc1,6.522878745280337,2,0.0
O=C(NO)c1ccc(-c2ccnc(Nc3ccc(N4CCOCC4)cc3)n2)cc1,6.215382707367125,1,
O=C(NO)c1ccc(-c2cn(CC34CC5CC(CC(C5)C3)C4)nn2)s1,5.3979400086720375,1,
O=C(NO)c1ccc(-c2cnnn2CC23CC4CC(CC(C4)C2)C3)s1,6.292429823902063,1,
O=C(NO)c1ccc(-c2nc3ccccc3c(=O)[nH]2)cc1,5.790484985457369,1,
O=C(NO)c1ccc(/C=C/c2ccnc(-c3ccccc3O)c2)cc1,5.335358024443874,1,
O=C(NO)c1ccc(/C=C/c2nc3ccccc3c(=O)[nH]2)cc1,6.488116639021126,1,
O=C(NO)c1ccc(/C=N/NC(=O)c2cc(N3CCOCC3)nc(-c3cccc(O)c3)n2)cc1,7.170053304058364,1,
O=C(NO)c1ccc(/C=N/NC(=O)c2cc(N3CCOCC3)nc(-c3cccc4[nH]ncc34)n2)cc1,7.1771783546968955,1,
O=C(NO)c1ccc(Br)c(NC(=O)c2ccccc2)c1,6.718058066559175,1,
O=C(NO)c1ccc(C(=O)N2CCc3c(c4ccccc4n3Cc3ccccc3)C2)cc1,5.4816176844546565,1,
O=C(NO)c1ccc(C(=O)NCCCN2c3ccccc3CCc3ccc(Cl)cc32)cc1,5.7495799976911055,1,
O=C(NO)c1ccc(C(=O)NCCc2ccccc2)cc1,5.939302159646388,1,
O=C(NO)c1ccc(C(=O)NCCc2ccncc2)cc1,5.876148359032914,1,
O=C(NO)c1ccc(C(=O)NCc2ccccc2)cc1,5.987162775294828,1,
O=C(NO)c1ccc(C(=O)Nc2ccccc2)cc1,6.161780778092375,1,
O=C(NO)c1ccc(C(F)(F)F)c(NC(=O)c2ccccc2)c1,6.465719994794918,1,
O=C(NO)c1ccc(C(c2ccccc2)c2ccccc2)cc1,5.623423042943488,1,
O=C(NO)c1ccc(C2CCCC2)cc1,5.920818753952375,1,
O=C(NO)c1ccc(CC(=O)N(CCO)C(=O)Cc2ccccc2)cc1,6.424812155072339,1,
O=C(NO)c1ccc(CC(=O)N(CCO)c2ccccc2)cc1,5.571380088024345,8,0.05243371965817263
O=C(NO)c1ccc(CC(=O)N2CCC(N3CC(c4ccccc4)(c4ccccc4)C3=O)CC2)cc1,6.94692155651658,1,
O=C(NO)c1ccc(CC(=O)N2CCc3c(c4ccccc4n3Cc3ccccc3)C2)cc1,5.089642442727122,1,
O=C(NO)c1ccc(CCCN2CCC(CN[C@H]3C[C@@H]3c3ccccc3)CC2)cc1,7.1487416512809245,1,
O=C(NO)c1ccc(CCCS(=O)(=O)c2ccccc2)cc1,5.698970004336019,1,
O=C(NO)c1ccc(CCCc2ccccc2)cc1,6.0,1,
O=C(NO)c1ccc(CCN2C(=O)c3cccc4c(N5CCOCC5)ccc(c34)C2=O)cc1,5.515700160653214,1,
O=C(NO)c1ccc(CN(C(=O)c2c(F)c(F)c(F)c(F)c2F)C2CC2)cc1,6.012780770091995,1,
O=C(NO)c1ccc(CN(C2CC2)S(=O)(=O)c2c(F)c(Cl)c(F)c(Cl)c2F)cc1,6.669586226650809,1,
O=C(NO)c1ccc(CN(C2CC2)S(=O)(=O)c2c(F)c(F)c(F)c(F)c2F)cc1,7.537602002101044,1,
O=C(NO)c1ccc(CN(C2CC2)S(=O)(=O)c2c(F)c(F)cc(F)c2F)cc1,6.422508200162774,1,
O=C(NO)c1ccc(CN(C2CC2)S(=O)(=O)c2c(F)cc(F)c(Cl)c2F)cc1,6.6968039425795105,1,
O=C(NO)c1ccc(CN(C2CC2)S(=O)(=O)c2c(F)cc(F)cc2F)cc1,6.501689446210399,1,
O=C(NO)c1ccc(CN(C2CC2)S(=O)(=O)c2cc(F)c(F)c(F)c2)cc1,6.5638373529592435,1,
O=C(NO)c1ccc(CN(C2CC2)S(=O)(=O)c2cc(F)c(F)c(F)c2F)cc1,6.476253533188435,1,
O=C(NO)c1ccc(CN(C2CC2)S(=O)(=O)c2ccc(F)cc2)cc1,6.55129368009492,1,
O=C(NO)c1ccc(CN(CCCCO)C(=O)Nc2ccccc2)cc1,6.320572103387882,1,
O=C(NO)c1ccc(CN(CCO)C(=O)Cc2ccccc2)cc1,6.3979400086720375,1,
O=C(NO)c1ccc(CN(Cc2ccc(F)cc2)S(=O)(=O)c2c(F)c(F)c(F)c(F)c2F)cc1,6.435333935747911,1,
O=C(NO)c1ccc(CN(Cc2ccc(F)cc2)S(=O)(=O)c2cc(F)c(F)c(F)c2F)cc1,6.065501548756432,1,
O=C(NO)c1ccc(CN(Cc2cccc(F)c2)S(=O)(=O)c2cc(F)c(F)c(F)c2F)cc1,6.3851027839668655,1,
O=C(NO)c1ccc(CN(Cc2ccccc2)C(=O)c2ccccc2)cc1,5.349012905616554,1,
O=C(NO)c1ccc(CN(Cc2ccccc2)S(=O)(=O)c2c(F)c(F)c(F)c(F)c2F)cc1,6.823908740944319,1,
O=C(NO)c1ccc(CN(Cc2ccccc2)S(=O)(=O)c2cc(F)c(F)c(F)c2F)cc1,6.809668301829708,1,
O=C(NO)c1ccc(CN(Cc2ccccc2F)S(=O)(=O)c2cc(F)c(F)c(F)c2F)cc1,6.617982957425132,1,
O=C(NO)c1ccc(CN(Cc2ccccn2)S(=O)(=O)c2cc(F)c(F)c(F)c2F)cc1,6.478861916295964,1,
O=C(NO)c1ccc(CN(Cc2cccnc2)S(=O)(=O)c2cc(F)c(F)c(F)c2F)cc1,7.000312917381596,2,0.7071067811865476
O=C(NO)c1ccc(CN(Cc2ccncc2)S(=O)(=O)c2cc(F)c(F)c(F)c2F)cc1,6.235823867609669,1,
O=C(NO)c1ccc(CN(Cc2nnnn2Cc2ccccc2)C(=O)c2ccccc2C(F)(F)F)cc1,4.8326826652518236,1,
O=C(NO)c1ccc(CN(c2ccccc2)c2ccccc2)cc1,5.623423042943488,1,
O=C(NO)c1ccc(CN2C(=O)C(Cc3ccccc3)N(Cc3ccc(Cl)cc3)C2=O)cc1,5.399299303934763,1,
O=C(NO)c1ccc(CN2C(=O)C(Cc3ccccc3)N(Cc3ccccn3)C2=O)cc1,5.106460156435339,1,
O=C(NO)c1ccc(CN2C(=O)C(Cc3ccccc3)N(Cc3cccnc3)C2=O)cc1,5.463315327379069,1,
O=C(NO)c1ccc(CN2C(=O)C3=C(CCN(Cc4cccc(Cl)c4)C3)N3CCN=C23)cc1,6.4770344045080135,1,
O=C(NO)c1ccc(CN2C(=O)CCCc3cc(Cl)ccc32)cc1,5.931814138253838,1,
O=C(NO)c1ccc(CN2C(=O)CCc3cc(Br)ccc32)cc1,6.129011186239424,1,
O=C(NO)c1ccc(CN2C(=O)CCc3cc(C4CC4)ccc32)cc1,5.823908740944319,1,
O=C(NO)c1ccc(CN2C(=O)CCc3cc(Cl)ccc32)cc1,5.681936665037238,1,
O=C(NO)c1ccc(CN2C(=O)CN(Cc3ccc(Cl)cc3)C2=O)cc1,6.002613615602687,1,
O=C(NO)c1ccc(CN2C(=O)CNC(=O)[C@H]2Cc2c[nH]c3ccccc23)cc1,5.917214629683549,1,
O=C(NO)c1ccc(CN2C(=O)CNC(=O)[C@H]2Cc2ccccc2)cc1,5.630784142589857,1,
O=C(NO)c1ccc(CN2C(=O)CNC(=O)[C@H]2Cc2cccs2)cc1,6.356547323513812,1,
O=C(NO)c1ccc(CN2C(=O)c3cccc(F)c3C2=O)cc1-c1ccccc1,7.055517327849831,1,
O=C(NO)c1ccc(CN2C(=O)c3ccccc3C2=O)cc1-c1ccccc1,7.142667503568731,1,
O=C(NO)c1ccc(CN2C(=O)c3ccccc3S2(=O)=O)cc1-c1ccccc1,7.1487416512809245,1,
O=C(NO)c1ccc(CN2CC(=O)N(Cc3ccc(Cl)cc3)[C@H](Cc3ccccc3)C2=O)cc1,6.886056647693163,1,
O=C(NO)c1ccc(CN2CC(=O)N(Cc3cccc(Cl)c3)[C@H](Cc3ccccc3)C2=O)cc1,6.823908740944319,1,
O=C(NO)c1ccc(CN2CC(=O)N(Cc3ccccc3)[C@H](Cc3ccccc3)C2=O)cc1,6.838631997765026,1,
O=C(NO)c1ccc(CN2CC(=O)N(Cc3ccccc3Cl)[C@H](Cc3ccccc3)C2=O)cc1,6.790484985457369,1,
O=C(NO)c1ccc(CN2CC3(CCCCC3)c3ccccc32)cc1,6.596879478824182,1,
O=C(NO)c1ccc(CN2CCC(CN[C@@H]3C[C@H]3c3ccccc3)CC2)cc1,7.7186157284917405,2,1.67020562921051
O=C(NO)c1ccc(CN2CCC(S(=O)(=O)N[C@@H]3C[C@H]3c3ccccc3)CC2)cc1,9.39040559077478,1,
O=C(NO)c1ccc(CN2CCCC2)cc1,5.920818753952375,1,
O=C(NO)c1ccc(CN2CCCCc3cc(-c4cc[nH]n4)ccc32)cc1,5.549750891680639,1,
O=C(NO)c1ccc(CN2CCCCc3cc(Br)ccc32)cc1,5.360513510731414,1,
O=C(NO)c1ccc(CN2CCCCc3cc(Cl)ccc32)cc1,5.063486257521107,1,
O=C(NO)c1ccc(CN2CCCCc3ccccc32)cc1,5.251037138743838,1,
O=C(NO)c1ccc(CN2CCCc3cc(-c4cc[nH]n4)ccc32)cc1,6.101274818410507,1,
O=C(NO)c1ccc(CN2CCCc3cc(Cl)ccc32)cc1,5.4465307519246835,6,0.04155559923584717
O=C(NO)c1ccc(CN2CCCc3cccnc32)c(F)c1,6.224025668870631,1,
O=C(NO)c1ccc(CN2CCc3c(n(CC4CC4)c4ccc(F)cc34)C2)cc1,5.708853238268114,1,
O=C(NO)c1ccc(CN2c3cc(C(F)(F)F)ccc3CCC[C@@H]3CCCC[C@H]32)cc1,5.698970004336019,1,
O=C(NO)c1ccc(CN2c3cc(C(F)(F)F)ccc3S(=O)(=O)C[C@H]3CCCC[C@H]32)cc1,5.698970004336019,1,
O=C(NO)c1ccc(CN2c3ccccc3C3C2CCS3(=O)=O)cc1,5.721246399047171,1,
O=C(NO)c1ccc(CN2c3ccccc3CCC[C@@H]3CCCC[C@H]32)cc1,5.958607314841775,1,
O=C(NO)c1ccc(CN2c3ccccc3CC[C@@H]3CCCC[C@H]32)cc1,5.537602002101044,1,
O=C(NO)c1ccc(CN2c3ccccc3C[C@@H]3CCCCC[C@H]32)cc1,5.173925197299173,1,
O=C(NO)c1ccc(CN2c3ccccc3C[C@@H]3CCCC[C@H]32)cc1,5.275724130399211,1,
O=C(NO)c1ccc(CN2c3ccccc3NC(=O)[C@@H]2Cc2ccccc2)cc1,6.6777807052660805,1,
O=C(NO)c1ccc(CN2c3ccccc3NC(=O)[C@@H]2Cc2cccs2)cc1,5.924453038607469,1,
O=C(NO)c1ccc(CN2c3ccccc3NC(=O)[C@H]2CCc2ccccc2)cc1,6.1938200260161125,1,
O=C(NO)c1ccc(CN2c3ccccc3NC(=O)[C@H]2Cc2ccc(F)c(F)c2)cc1,6.376750709602099,1,
O=C(NO)c1ccc(CN2c3ccccc3NC(=O)[C@H]2Cc2ccc(O)cc2)cc1,6.136677139879544,1,
O=C(NO)c1ccc(CN2c3ccccc3NC(=O)[C@H]2Cc2ccccc2)cc1,6.275724130399211,1,
O=C(NO)c1ccc(CN2c3ccccc3NC(=O)[C@H]2Cc2cccs2)cc1,6.161150909262744,1,
O=C(NO)c1ccc(CN2c3ccccc3S(=O)(=O)C[C@@H]3CCCC[C@@H]32)cc1,5.958607314841775,1,
O=C(NO)c1ccc(CN2c3ccccc3S(=O)(=O)C[C@H]3CCCC[C@H]32)cc1,5.958607314841775,2,0.0
O=C(NO)c1ccc(CN2c3ccccc3SC[C@H]3CCCCC[C@H]32)cc1,5.173925197299173,1,
O=C(NO)c1ccc(CN2c3ccccc3SC[C@H]3CCCC[C@H]32)cc1,5.275724130399211,1,
O=C(NO)c1ccc(CN2c3ccccc3Sc3ccccc32)cc1,5.8297382846050425,1,
O=C(NO)c1ccc(CN2c3ccccc3Sc3cccnc32)cc1,5.508638306165727,1,
O=C(NO)c1ccc(CN2c3ccccc3[S+]([O-])C[C@H]3CCCC[C@H]32)cc1,5.537602002101044,1,
O=C(NO)c1ccc(CN2c3ccncc3Sc3ncccc32)cc1,5.698970004336019,1,
O=C(NO)c1ccc(CNC(=O)N2CCC(N3C(=O)[C@H](c4ccccc4)[C@H]3c3ccccc3)CC2)cc1,7.376750709602099,1,
O=C(NO)c1ccc(CNC(=O)N2CCC(N3CC(c4ccccc4)(c4ccccc4)C3=O)CC2)cc1,7.00436480540245,1,
O=C(NO)c1ccc(CNC(=O)N2CCC3(CC2)CN(Cc2ccccc2)c2ccccc23)cc1,5.605548319173783,1,
O=C(NO)c1ccc(CNC(=O)N2CCc3c(c4ccccc4n3Cc3ccccc3)C2)cc1,5.642827742276967,1,
O=C(NO)c1ccc(CNC(=O)[C@H]2Cc3c([nH]c4ccccc34)[C@H](c3ccc(Cl)cc3)N2)cc1,6.534617148551582,1,
O=C(NO)c1ccc(CNC(=O)c2[nH]c(-c3ccc(O)cc3)cc2-c2ccoc2)cc1,6.743282254022513,1,
O=C(NO)c1ccc(CNC(=O)c2[nH]c(-c3ccc(O)cc3)cc2-c2ccsc2)cc1,7.193141970481182,1,
O=C(NO)c1ccc(CNC(=O)c2c(F)c(F)c(F)c(F)c2F)cc1,6.156771244765444,2,0.0026435678873911457
O=C(NO)c1ccc(CNC(=O)c2ccc(-c3csc(N4N=C(c5ccccc5)/C(=N/Nc5nccs5)C4=O)n3)cc2)cc1,5.963850370254146,1,
O=C(NO)c1ccc(CNC(=O)c2ccc(Cl)c(Cl)c2)cc1,6.036212172654444,1,
O=C(NO)c1ccc(CNCCCN2c3ccccc3CCc3ccc(Cl)cc32)cc1,5.821023052706831,1,
O=C(NO)c1ccc(CNC[C@H]2CN(c3ccc(N4CCOCC4)c(F)c3)C(=O)O2)cc1,6.027797161620935,1,
O=C(NO)c1ccc(CNCc2ccccc2)cc1,5.455931955649724,1,
O=C(NO)c1ccc(CNCc2cccs2)cc1,5.494850021680094,1,
O=C(NO)c1ccc(CNCc2ccsc2)cc1,5.721246399047171,1,
O=C(NO)c1ccc(CNCc2nc(-c3ccc(C(F)(F)F)cc3)no2)cc1,5.866461091629782,1,
O=C(NO)c1ccc(CNCc2nc(-c3ccc(Cl)cc3)no2)cc1,6.455931955649724,1,
O=C(NO)c1ccc(CNCc2nc(-c3ccc(F)cc3)no2)cc1,6.638272163982407,1,
O=C(NO)c1ccc(CNCc2nc(-c3ccc([N+](=O)[O-])cc3)no2)cc1,6.42021640338319,1,
O=C(NO)c1ccc(CNCc2nc(-c3ccccc3)no2)cc1,6.698970004336019,1,
O=C(NO)c1ccc(CNCc2nc(-c3cccs3)no2)cc1,5.083019952679617,1,
O=C(NO)c1ccc(CNc2cccc3cccnc23)cc1,5.924453038607469,1,
O=C(NO)c1ccc(CNc2cccc3ncccc23)cc1,6.196542884351587,1,
O=C(NO)c1ccc(CNc2nccc(-c3cccnc3)n2)cc1,6.3872161432802645,1,
O=C(NO)c1ccc(COC(=O)N2CCC3(CC2)CN(Cc2ccccc2)c2ccccc23)cc1,5.496209316942819,1,
O=C(NO)c1ccc(COc2no[n+]([O-])c2S(=O)(=O)c2ccccc2)cc1,5.6777807052660805,1,
O=C(NO)c1ccc(CSc2nnc(-c3ccncc3)n2-c2ccccc2)cc1,4.8941493256148565,1,
O=C(NO)c1ccc(Cl)c(C(=O)Nc2ccc(Cl)cc2)c1,6.7508447231052,2,0.008651067096600485
O=C(NO)c1ccc(Cl)c(NC(=O)c2ccc(-c3ccccc3)cc2)c1,6.346787486224656,1,
O=C(NO)c1ccc(Cl)c(NC(=O)c2ccc(-c3ccccc3)cc2Cl)c1,6.107905397309519,1,
O=C(NO)c1ccc(Cl)c(NC(=O)c2ccc(Cl)cc2)c1,6.534617148551582,1,
O=C(NO)c1ccc(Cl)c(NC(=O)c2ccc(Cl)cc2Cl)c1,5.926648297613099,1,
O=C(NO)c1ccc(Cl)c(NC(=O)c2ccc(Oc3ccccc3)cc2)c1,5.96657624451305,1,
O=C(NO)c1ccc(Cl)c(NC(=O)c2cccc(OCc3ccccc3)c2)c1,6.668775218979268,1,
O=C(NO)c1ccc(Cl)c(NC(=O)c2cccc(Oc3ccccc3)c2)c1,6.348140730753051,1,
O=C(NO)c1ccc(Cl)c(NC(=O)c2cccc3ccsc23)c1,6.809668301829708,1,
O=C(NO)c1ccc(Cl)c(NC(=O)c2ccccc2)c1,6.920818753952375,1,
O=C(NO)c1ccc(Cl)c(NCc2ccccc2)c1,6.5951662833800615,1,
O=C(NO)c1ccc(Cl)c(OCc2ccc(Cl)cc2)c1,5.991399828238082,1,
O=C(NO)c1ccc(Cl)c(OCc2ccc(Cl)cc2Cl)c1,5.3819519032879075,1,
O=C(NO)c1ccc(Cl)c(OCc2ccccc2Cl)c1,5.6777807052660805,1,
O=C(NO)c1ccc(Cn2c(=O)[nH]c(=O)c3c(Cl)cccc32)cc1,6.55129368009492,1,
O=C(NO)c1ccc(Cn2c(=O)[nH]c(=O)c3cc(Br)ccc32)cc1,6.430626090384954,1,
O=C(NO)c1ccc(Cn2c(=O)[nH]c(=O)c3cc(F)ccc32)cc1,6.653647025549361,1,
O=C(NO)c1ccc(Cn2c(=O)[nH]c(=O)c3ccc(C(F)(F)F)cc32)cc1,6.51999305704285,1,
O=C(NO)c1ccc(Cn2c(=O)[nH]c(=O)c3ccc(F)cc32)cc1,6.8124792791635365,1,
O=C(NO)c1ccc(Cn2c(=O)[nH]c(=O)c3cccc(Cl)c32)cc1,6.863279432843593,1,
O=C(NO)c1ccc(Cn2c(=O)n(CCc3ccc(F)cc3)c(=O)c3ccccc32)cc1,5.979224511806442,2,0.0
O=C(NO)c1ccc(Cn2c(=O)n(CCc3ccc(N4CCOCC4)cc3)c(=O)c3ccccc32)cc1,6.009217308196862,1,
O=C(NO)c1ccc(Cn2c(=O)n(CCc3ccc(O)cc3)c(=O)c3ccccc32)cc1,6.073143291050307,1,
O=C(NO)c1ccc(Cn2c(=O)n(CCc3cccc(C(F)(F)F)c3)c(=O)c3ccccc32)cc1,5.75448733218585,1,
O=C(NO)c1ccc(Cn2c(=O)n(CCc3cccc(F)c3)c(=O)c3ccccc32)cc1,6.368049469401051,2,0.0007166691074945946
O=C(NO)c1ccc(Cn2c(=O)n(CCc3ccccc3)c(=O)c3cc(F)ccc32)cc1,5.937418015771836,2,0.0
O=C(NO)c1ccc(Cn2c(=O)n(CCc3ccccc3)c(=O)c3ccc(C(F)(F)F)cc32)cc1,5.841235662379309,3,0.00034800843342787315
O=C(NO)c1ccc(Cn2c(=O)n(CCc3ccccc3)c(=O)c3ccc(C4CC4)cc32)cc1,5.514278573518419,2,0.0
O=C(NO)c1ccc(Cn2c(=O)n(CCc3ccccc3)c(=O)c3ccc(Cl)cc32)cc1,5.785156151952302,2,0.0
O=C(NO)c1ccc(Cn2c(=O)n(CCc3ccccc3)c(=O)c3ccc(F)cc32)cc1,7.022276394711152,2,0.0
O=C(NO)c1ccc(Cn2c(=O)n(CCc3ccccc3)c(=O)c3ccc(O)cc32)cc1,5.560509409610317,2,0.0
O=C(NO)c1ccc(Cn2c(=O)n(CCc3ccccc3)c(=O)c3ccccc32)c(F)c1,6.5934598195660445,1,
O=C(NO)c1ccc(Cn2c(=O)n(CCc3ccccc3)c(=O)c3ccccc32)cc1,6.481631732074224,3,0.04920719711591785
O=C(NO)c1ccc(Cn2c(=O)n(CCc3ccccc3)c(=O)c3ccccc32)s1,7.013228265733755,1,
O=C(NO)c1ccc(Cn2c(=O)n(CCc3ccccc3)c(=O)c3cccnc32)cc1,5.9714287473074625,2,0.0
O=C(NO)c1ccc(Cn2c(=O)n(CCc3ccccc3)c(=O)c3ccsc32)cc1,6.772113295386326,2,0.0
O=C(NO)c1ccc(Cn2c(=O)n(CCc3ccccc3O)c(=O)c3ccccc32)cc1,6.3979400086720375,2,0.0
O=C(NO)c1ccc(Cn2c(=O)n(CCc3cccs3)c(=O)c3ccccc32)cc1,6.542118103266008,1,
O=C(NO)c1ccc(Cn2c(=O)n(Cc3ccccc3)c(=O)c3ccccc32)cc1,6.313363730737707,1,
O=C(NO)c1ccc(Cn2c3c(c4cc(F)ccc42)CS(=O)(=O)CC3)cc1,6.045757490560675,1,
O=C(NO)c1ccc(Cn2c3c(c4cc(F)ccc42)CSCC3)cc1,5.552841968657781,1,
O=C(NO)c1ccc(Cn2c3c(c4cc(F)ccc42)C[S+]([O-])CC3)cc1,5.619788758288394,1,
O=C(NO)c1ccc(Cn2c3c(c4ccccc42)COCC3)cc1,6.0999990348465305,1,
O=C(NO)c1ccc(Cn2c3c(c4ccccc42)CS(=O)(=O)CC3)cc1,5.769551078621726,1,
O=C(NO)c1ccc(Cn2c3c(c4ccccc42)S(=O)(=O)CC3)cc1,5.860623199523586,2,0.19710856151391415
O=C(NO)c1ccc(Cn2cc(CN3CCCC3)c3ccccc32)cc1,6.499996931948306,1,
O=C(NO)c1ccc(Cn2cc(Cc3ccccc3)c3ccccc32)cc1,6.489454989793388,1,
O=C(NO)c1ccc(Cn2cc(Nc3ncc(Cl)c(Nc4ccc(F)cc4)n3)cn2)cc1,6.920818753952375,1,
O=C(NO)c1ccc(Cn2ccc3cc(C(=O)NCC45C[C@H]6C[C@@H](C4)C[C@@H](C5)C6)ccc32)c(F)c1,6.267606240177031,1,
O=C(NO)c1ccc(Cn2ccc3cc(C(=O)NCC45C[C@H]6C[C@@H](C4)C[C@@H](C5)C6)ccc32)cc1,5.709965388637482,1,
O=C(NO)c1ccc(Cn2ccc3cc(C(=O)c4ccc(Cl)cc4)ccc32)cc1,5.97469413473523,1,
O=C(NO)c1ccc(Cn2ccc3cc(C(=O)c4ccc(F)cc4)ccc32)cc1,5.906578314837764,1,
O=C(NO)c1ccc(Cn2ccc3ccccc32)cc1,6.379863945026242,1,
O=C(NO)c1ccc(Cn2cnc(-c3ccccc3F)n2)c(F)c1,6.089909454405932,1,
O=C(NO)c1ccc(Cn2nnc(-c3ncccn3)n2)cc1,6.494850021680094,1,
O=C(NO)c1ccc(Cn2nnnc2-c2cccs2)cc1,6.007004901568658,1,
O=C(NO)c1ccc(Cn2sc3ccccc3c2=O)cc1,7.1938200260161125,1,
O=C(NO)c1ccc(Cn2sc3ncccc3c2=O)cc1,7.567030709125595,1,
O=C(NO)c1ccc(F)c(NC(=O)c2ccccc2)c1,6.497846107128639,1,
O=C(NO)c1ccc(F)c(NCc2ccccc2)c1,7.142667503568731,1,
O=C(NO)c1ccc(N(CC2CC2)C(=O)c2cccc(C(F)(F)F)c2)cc1,7.209834083530701,2,0.38790756934525317
O=C(NO)c1ccc(N(Cc2cccc(C(F)(F)F)c2)C(=O)c2cccc(C(F)(F)F)c2)cc1,6.163445291635185,2,0.03532663405137408
O=C(NO)c1ccc(N(Cc2ccccc2)C(=O)CN(Cc2c(F)c(F)c(F)c(F)c2F)S(=O)(=O)c2ccc(F)cc2)cc1,7.042871802323187,1,
O=C(NO)c1ccc(N(Cc2ccccc2)C(=O)c2cccc(C(F)(F)F)c2)cc1,6.901574906694966,2,0.4570438894992543
O=C(NO)c1ccc(NC(=O)C(Cc2ccccc2)c2ccccc2)cn1,5.962573502059376,1,
O=C(NO)c1ccc(NC(=O)C2(c3c[nH]c(-c4ccccc4)n3)CCCC2)cc1,7.3872161432802645,1,
O=C(NO)c1ccc(NC(=O)C2(c3ccc(-c4cn[nH]c4)cc3)CCCCC2)cc1,7.161150909262744,1,
O=C(NO)c1ccc(NC(=O)C2(c3ccc(Br)cc3)CCOCC2)cc1,7.229147988357855,1,
O=C(NO)c1ccc(NC(=O)C2(c3ccc4ccccc4c3)CCOCC2)cc1,7.356547323513812,1,
O=C(NO)c1ccc(NC(=O)N2CCc3c(c4ccccc4n3Cc3ccccc3)C2)cc1,5.18468795647564,1,
O=C(NO)c1ccc(NC(=O)c2[nH]c(-c3ccccc3)cc2-c2ccc(O)cc2)cc1,6.468393368067278,1,
O=C(NO)c1ccc(NC(=O)c2c(F)c(F)c(F)c(F)c2F)cc1,7.853871964321762,1,
O=C(NO)c1ccc(NC(=O)c2cc(C(F)(F)F)cc(C(F)(F)F)c2)cc1,6.166215625343521,1,
O=C(NO)c1ccc(NC(=O)c2ccc(C(F)(F)F)cc2)cc1,6.657577319177793,1,
O=C(NO)c1ccc(NC(=O)c2ccc(C3CC3)cc2)cc1,7.690369832574101,1,
O=C(NO)c1ccc(NC(=O)c2ccc(C3CCCCC3)cc2)cc1,6.681936665037238,1,
O=C(NO)c1ccc(NC(=O)c2ccc(F)cc2)cc1,6.246416941107094,1,
O=C(NO)c1ccc(NC(=O)c2ccc(N3CCOCC3)cc2)cc1,6.03574036980315,1,
O=C(NO)c1ccc(NC(=O)c2cccc(C(F)(F)F)c2)cc1,6.447845233378407,2,0.1799913865582753
O=C(NO)c1ccc(NC(=S)N/N=C/c2ccc(F)cc2)cc1,4.705533773838407,1,
O=C(NO)c1ccc(NC(=S)N/N=C/c2ccccc2)cc1,4.559090917934783,1,
O=C(NO)c1ccc(NC2CC(=O)N(c3ccccc3)C2)cc1,5.204119982655925,1,
O=C(NO)c1ccc(NC2CCN(CCc3ccccc3)C2=O)cc1,6.585026652029182,1,
O=C(NO)c1ccc(NC2CCN(Cc3ccccc3)C2=O)cc1,6.119186407719209,1,
O=C(NO)c1ccc(NC2CCN(c3ccc(C(F)(F)F)cc3)C2=O)cc1,6.958607314841775,1,
O=C(NO)c1ccc(NC2CCN(c3ccc(Cl)c(Cl)c3)C2=O)cc1,6.795880017344075,1,
O=C(NO)c1ccc(NC2CCN(c3ccc(Cl)cc3)C2)cc1,6.065501548756432,1,
O=C(NO)c1ccc(NC2CCN(c3ccc(Cl)cc3)C2=O)c(Cl)c1,4.649751981665837,1,
O=C(NO)c1ccc(NC2CCN(c3ccc(Cl)cc3)C2=O)cc1,6.920818753952375,1,
O=C(NO)c1ccc(NC2CCN(c3cccc(Cl)c3)C2=O)cc1,6.7447274948966935,1,
O=C(NO)c1ccc(NC2CCN(c3ccccc3)C2=O)cc1,6.6777807052660805,1,
O=C(NO)c1ccc(NC2CCN(c3ccccc3Cl)C2=O)cc1,6.823908740944319,1,
O=C(NO)c1ccc(NCc2csc3ccc(Br)cc23)cc1,5.6777807052660805,1,
O=C(NO)c1ccc(OC2CCN(c3ccccc3)C2=O)cc1,5.308034897232639,1,
O=C(NO)c1ccc2c(c1)C(=O)c1ccccc1C2=O,6.2225731776106885,1,
O=C(NO)c1ccc2c(c1)CC(NC(=O)c1ccc(-c3ccccc3)cc1)CN2,5.54515513999149,1,
O=C(NO)c1ccc2c(c1)CC(NC(=O)c1ccc(Cl)c(Cl)c1)CN2,5.580044251510242,1,
O=C(NO)c1ccc2c(c1)CC(NC(=O)c1ccc(Cl)cc1)CN2,5.617982957425132,1,
O=C(NO)c1ccc2c(c1)CC(NC(=O)c1cccc(C(F)(F)F)c1)CN2,5.573488738635424,1,
O=C(NO)c1ccc2c(c1)CC(NC(=O)c1cccc(Cl)c1)CN2,5.4723700991286615,1,
O=C(NO)c1ccc2c(c1)CC(NS(=O)(=O)c1ccc(Cl)c(Cl)c1)CC2,6.327902142064282,1,
O=C(NO)c1ccc2c(c1)CC(NS(=O)(=O)c1ccc(Cl)cc1)CC2,6.070581074285707,1,
O=C(NO)c1ccc2c(c1)CC(NS(=O)(=O)c1ccc(Cl)cc1)CN2,5.835647144215563,1,
O=C(NO)c1ccc2c(c1)CC(NS(=O)(=O)c1ccc(Cl)cc1Cl)CC2,6.721246399047171,1,
O=C(NO)c1ccc2c(c1)CC(NS(=O)(=O)c1ccc(F)cc1F)CC2,6.6777807052660805,1,
O=C(NO)c1ccc2c(c1)CC(NS(=O)(=O)c1cccc(C(F)(F)F)c1)CC2,6.431798275933005,1,
O=C(NO)c1ccc2c(c1)CC(NS(=O)(=O)c1cccc(Cl)c1)CC2,6.795880017344075,1,
O=C(NO)c1ccc2c(c1)CC(NS(=O)(=O)c1cccc(Cl)c1)CN2,6.013228265733755,1,
O=C(NO)c1ccc2c(c1)CC(NS(=O)(=O)c1cccc(F)c1)CC2,6.455931955649724,1,
O=C(NO)c1ccc2c(c1)CC(NS(=O)(=O)c1cccc(F)c1)CN2,5.943095148663527,1,
O=C(NO)c1ccc2c(c1)CC(NS(=O)(=O)c1cccc(OC(F)(F)F)c1)CN2,5.79317412396815,1,
O=C(NO)c1ccc2c(c1)CC(NS(=O)(=O)c1cccnc1)CC2,6.431798275933005,1,
O=C(NO)c1ccc2c(c1)CC(Nc1ccc(Br)cc1)CC2,6.167491087293763,1,
O=C(NO)c1ccc2c(c1)CC(Nc1ccc(F)cc1)CC2,5.571865205971211,1,
O=C(NO)c1ccc2c(c1)CC(Nc1ccc([N+](=O)[O-])cc1)CC2,5.427128397799519,1,
O=C(NO)c1ccc2c(c1)CC(Nc1ccc([N+](=O)[O-])cn1)CC2,6.031517051446064,1,
O=C(NO)c1ccc2c(c1)CC(Nc1ccccn1)CC2,5.537602002101044,1,
O=C(NO)c1ccc2c(c1)CC(Nc1ncc3cc(F)ccc3n1)CC2,5.7495799976911055,1,
O=C(NO)c1ccc2c(c1)CC(Nc1nccc(-c3ccc(C(F)(F)F)cc3)n1)CC2,5.772113295386326,1,
O=C(NO)c1ccc2c(c1)CC(Nc1nccc(-c3ccc(Cl)cc3)n1)CC2,5.657577319177793,1,
O=C(NO)c1ccc2c(c1)CC(Nc1nccc(-c3ccc(Cl)cc3Cl)n1)CC2,5.818156412055227,1,
O=C(NO)c1ccc2c(c1)CC(Nc1nccc(-c3ccc(Cl)nc3)n1)CC2,6.045757490560675,1,
O=C(NO)c1ccc2c(c1)CC(Nc1nccc(-c3ccc(F)c(Cl)c3)n1)CC2,5.649751981665837,1,
O=C(NO)c1ccc2c(c1)CC(Nc1nccc(-c3ccc(F)cc3)n1)CC2,6.585026652029182,1,
O=C(NO)c1ccc2c(c1)CC(Nc1nccc(-c3ccc(N4CCOCC4)nc3)n1)CC2,6.494850021680094,1,
O=C(NO)c1ccc2c(c1)CC(Nc1nccc(-c3ccc(Oc4ccccc4)cc3)n1)CC2,5.84163750790475,1,
O=C(NO)c1ccc2c(c1)CC(Nc1nccc(-c3ccc4ccccc4c3)n1)CC2,5.422508200162774,1,
O=C(NO)c1ccc2c(c1)CC(Nc1nccc(-c3cccc(Cl)c3)n1)CC2,5.779891911959945,1,
O=C(NO)c1ccc2c(c1)CC(Nc1nccc(-c3ccccc3)n1)CC2,5.671620396561263,1,
O=C(NO)c1ccc2c(c1)CC(Nc1nccc(-c3ccccc3Cl)n1)CC2,6.522878745280337,1,
O=C(NO)c1ccc2c(c1)CC(Nc1nccc(-c3cccnc3)n1)CC2,6.142667503568731,1,
O=C(NO)c1ccc2c(c1)CC(Nc1nccc(-c3cccnc3)n1)CN2,6.327902142064282,2,0.0
O=C(NO)c1ccc2c(c1)CC(Nc1nccc(-c3cccnc3)n1)CO2,6.080921907623926,1,
O=C(NO)c1ccc2c(c1)CC(Nc1nccc(-c3cccnc3Cl)n1)CC2,6.292429823902063,1,
O=C(NO)c1ccc2c(c1)CC(Nc1nccc(-c3cnc4ccccc4c3)n1)CC2,6.318758762624412,1,
O=C(NO)c1ccc2c(c1)CC(Nc1nccc(C(F)(F)F)n1)CC2,6.522878745280337,1,
O=C(NO)c1ccc2c(c1)CC(Nc1ncccn1)CC2,6.136677139879544,1,
O=C(NO)c1ccc2c(c1)CN(Cc1ccc(-c3cccc([N+](=O)[O-])c3)o1)CC2,7.522878745280337,1,
O=C(NO)c1ccc2c(c1)C[C@@H](Nc1nccc(-c3cccnc3)n1)CC2,6.4089353929735005,1,
O=C(NO)c1ccc2c(c1)C[C@H](Nc1nccc(-c3cccnc3)n1)CC2,7.096910013008056,2,0.0
O=C(NO)c1ccc2c(c1)nc(CCc1ccccc1)n2CCCO,6.355561410532161,1,
O=C(NO)c1ccc2ccccc2n1,6.234853209891975,1,
O=C(NO)c1ccc2nc(-c3ccc(-c4ccc(CN5CCOCC5)cc4)cc3)[nH]c2c1,7.096910013008056,1,
O=C(NO)c1ccc2nc(-c3ccc(-c4ccccc4)cc3)[nH]c2c1,6.327902142064282,1,
O=C(NO)c1ccc2nc(-c3ccc4c(c3)CCO4)[nH]c2c1,6.657577319177793,1,
O=C(NO)c1ccc2nc(-c3cccc(Br)c3)[nH]c2c1,7.207608310501746,1,
O=C(NO)c1ccc2nc(-c3cccc4cccnc34)sc2c1,6.494850021680094,1,
O=C(NO)c1ccc2nc(-c3ccccc3-c3ccccc3)[nH]c2c1,6.1487416512809245,1,
O=C(NO)c1ccc2nc(-c3cccs3)[nH]c2c1,6.537602002101044,1,
O=C(NO)c1ccc2nc(Nc3cccc(OCc4ccccc4)c3)[nH]c2c1,6.619788758288394,1,
O=C(NO)c1ccc2oc(-c3ccc(-c4ccccc4F)cc3)nc2c1,6.154901959985743,1,
O=C(NO)c1ccc2oc(-c3ccc(C(F)(F)F)cc3)nc2c1,5.886056647693163,1,
O=C(NO)c1ccc2oc(-c3ccc(C4CC4)cc3)nc2c1,5.853871964321762,1,
O=C(NO)c1ccc2oc(-c3ccc(OC(F)(F)F)cc3)nc2c1,6.096910013008056,1,
O=C(NO)c1ccc2oc(-c3ccccc3Cl)nc2c1,6.055517327849831,1,
O=C(NO)c1ccc2oc(COc3cccc(F)c3)cc2c1,5.823908740944319,1,
O=C(NO)c1ccc2sc(-c3ccc(F)cc3)nc2c1,6.468521082957745,1,
O=C(NO)c1ccc2sc(-c3cccnc3)cc2c1,6.017728766960431,1,
O=C(NO)c1cccc(-c2ccccc2)c1,4.698970004336019,1,
O=C(NO)c1cccc(-c2cn(CCc3ccccc3)nn2)c1,6.7447274948966935,1,
O=C(NO)c1cccc(-c2cn(CCc3ccsc3)nn2)c1,7.0,1,
O=C(NO)c1cccc(-c2cn(CSc3ccccc3)nn2)c1,6.858425788710196,6,0.5435555087982674
O=C(NO)c1cccc(-c2cn(Cc3ccccc3)nn2)c1,6.455931955649724,1,
O=C(NO)c1cccc(-c2csc(CSc3ccccc3)n2)c1,6.823908740944319,2,0.0
O=C(NO)c1cccc(-c2nc(CSc3ccccc3)n[nH]2)c1,7.275724130399211,1,
O=C(NO)c1cccc(-c2nc(CSc3ccccc3)no2)c1,6.920818753952375,1,
O=C(NO)c1cccc(-n2cc(CSc3ccccc3)nn2)c1,7.275724130399211,3,0.0
O=C(NO)c1cccc(C(=O)N/N=C/c2ccccc2)c1,7.2839966563652006,2,0.0
O=C(NO)c1cccc(C(=O)NCCc2ccccc2)c1,6.920818753952375,1,
O=C(NO)c1cccc(C(=O)NCCc2cccnc2)c1,6.376750709602099,1,
O=C(NO)c1cccc(C(=O)NCc2ccccc2)c1,6.6777807052660805,1,
O=C(NO)c1cccc(C(=O)NOCc2ccc(Cl)cc2Cl)c1,6.200659450546418,1,
O=C(NO)c1cccc(C(=O)Nc2ccccc2)c1,6.939713034397075,2,0.026720547656175313
O=C(NO)c1cccc(CN(C2CC2)S(=O)(=O)c2c(F)c(F)c(F)c(F)c2F)c1,6.96657624451305,1,
O=C(NO)c1cccc(CNc2ccccc2)c1,5.769551078621726,1,
O=C(NO)c1cccc(Cn2c(=O)[nH]c(=O)c3cccc(Cl)c32)c1,6.015022873584506,1,
O=C(NO)c1cccc(Cn2c(=O)n(CCc3ccccc3)c(=O)c3ccccc32)c1,6.185086818724926,2,0.0
O=C(NO)c1cccc(N(Cc2ccccc2)Cc2ccccc2)c1,5.6595558851598815,1,
O=C(NO)c1cccc(NC(=O)c2ccccc2)c1,6.235077015350111,1,
O=C(NO)c1cccc(NC2CCCCC2)c1,6.080921907623926,1,
O=C(NO)c1cccc(NCc2ccccc2)c1,6.843450848668219,1,
O=C(NO)c1cccc(Nc2nc3cc(Cl)c(Cl)cc3o2)c1,6.1249387366083,1,
O=C(NO)c1cccc(Oc2ccccc2)c1,5.180456064458131,1,
O=C(NO)c1cccc(S(=O)(=O)NCCc2ccccc2)c1,7.221848749616356,1,
O=C(NO)c1cccc(S(=O)(=O)NCc2ccccc2)c1,7.096910013008056,1,
O=C(NO)c1cccc(S(=O)(=O)N[C@@H](Cc2c[nH]c3ccccc23)C(=O)NCc2ccccc2)c1,4.721246399047171,1,
O=C(NO)c1cccc(S(=O)(=O)N[C@@H](Cc2c[nH]c3ccccc23)C(=O)Nc2ccccc2)c1,5.522878745280337,1,
O=C(NO)c1cccc(S(=O)(=O)N[C@H](C(=O)NCc2ccccc2)c2ccccc2)c1,5.036212172654444,1,
O=C(NO)c1cccc(S(=O)(=O)N[C@H](C(=O)Nc2ccccc2)c2ccccc2)c1,6.040958607678906,1,
O=C(NO)c1cccc(S(=O)(=O)Nc2ccccc2)c1,7.301029995663981,2,0.0
O=C(NO)c1cccc2[nH]c(C#Cc3cccc(C(F)(F)F)c3)cc12,4.649751981665837,1,
O=C(NO)c1cccc2[nH]c(C#Cc3ccccc3)cc12,4.557520230935552,1,
O=C(NO)c1cccc2ccccc12,4.853871964321762,1,
O=C(NO)c1ccccc1,5.71669877129645,1,
O=C(NO)c1ccccc1-c1cc(-c2ccccc2)n(-c2ccccc2)n1,6.443697499232712,1,
O=C(NO)c1cn(-c2cc(Cl)ccc2Oc2ccc(F)cc2)nn1,5.657577319177793,1,
O=C(NO)c1cn(C2CCN(C(=O)Cc3ccc4ccccc4c3)CC2)nn1,6.0,1,
O=C(NO)c1cnc(N2CCN(C(/C=C/c3ccc(F)cc3)CO)CC2)nc1,7.522878745280337,1,
O=C(NO)c1cnc(N2CCN(S(=O)(=O)c3ccc4ccccc4c3)CC2)nc1,7.60345419991171,2,0.04924003700299936
O=C(NO)c1cnc(NC2(c3ccccc3)CCC(F)(F)CC2)nc1,4.795880017344075,1,
O=C(NO)c1coc(-c2ccc(-c3ccccc3)cc2)n1,4.56336036830734,1,
O=C(NO)c1coc(-c2ccc(Br)cc2)n1,4.842543231865775,1,
O=C(NO)c1coc(-c2ccc(Cl)cc2)n1,4.5120136688706065,1,
O=C(NO)c1coc(-c2ccc(F)cc2)n1,4.363010898187771,1,
O=C(NO)c1coc(-c2ccc3ccccc3c2)n1,4.582362260347771,1,
O=C(NO)c1coc(-c2cccc(-c3ccccc3)c2)n1,4.996539467890494,1,
O=C(NO)c1coc(-c2ccccc2)n1,4.377785977033705,1,
O=C(NO)c1coc(-c2ccccc2Br)n1,4.693789491832239,1,
O=C(NO)c1coc(-c2cccs2)n1,5.089909454405932,1,
O=C(NO)c1coc(C(c2ccccc2)c2ccccc2)n1,5.568636235841012,1,
O=C(NO)c1csc(-c2ccc(Br)cc2)n1,4.43937612545007,1,
O=C(NO)c1csc(-c2ccccc2)n1,4.916497380169733,1,
O=C(NO)c1csc(-c2cnccn2)n1,4.21169018789295,1,
O=C(NO)c1csc(C(c2ccccc2)c2ccccc2)n1,4.890759031411797,1,
O=C(NO)c1csc(Cc2ccccc2)n1,4.455931955649724,1,
O=C(NO)c1noc(-c2ccc(Br)cc2)n1,4.698102282804792,1,
O=C(NO)c1noc(-c2ccccc2)n1,4.414539270491499,1,
O=C(NO)c1sc2ccccc2c1Cl,5.508638306165727,1,
O=C(NOCCN1CCCCC1)c1ccc(-c2noc(C(F)(F)F)n2)cc1,5.027334407733889,1,
O=C(NOCCN1CCOCC1)c1ccc(-c2noc(C(F)(F)F)n2)cc1,5.146910470148134,1,
O=C(N[C@@H](C(=O)O)c1ccccc1)c1cccc(=S)n1O,5.920818753952375,1,
O=C(N[C@@H](CCCCCB(O)O)C(=O)Nc1cccc(-c2ccccc2)c1)c1cccnc1,4.638272163982407,1,
O=C(N[C@@H](CCCCCB(O)O)C(=O)Nc1cccc(-c2ccccc2)c1)c1cncs1,5.180456064458131,1,
O=C(N[C@@H](CCCCNC(=O)c1ccccc1O)c1ncc(-c2ccc3ccccc3c2)[nH]1)c1cncs1,4.886056647693163,1,
O=C(N[C@@H](CCCCNC(=O)c1ncccc1O)c1ncc(-c2ccc3ccccc3c2)[nH]1)c1cncs1,5.468521082957745,1,
O=C(N[C@@H](Cc1ccc(OCCc2ccccc2)cc1)C(=O)NO)c1ccccc1,4.555955204081924,1,
O=C(N[C@@H](Cc1ccc(OCc2ccccc2)cc1)C(=O)NO)c1ccccc1,5.031517051446064,1,
O=C(Nc1ccc2c(c1)N(Cc1ccc(C(=O)NO)cc1)CC2)Nc1ccc(Cl)c(C(F)(F)F)c1,5.767003889607846,1,
O=C(Nc1ccccc1)c1cccc(NCc2ccc(-c3noc(C(F)(F)F)n3)cn2)c1,6.552841968657781,1,
O=C(Nc1ccccc1)c1ccccc1NCc1ccc(-c2noc(C(F)(F)F)n2)cn1,6.130768280269024,1,
O=C(O)CC/C=C\C[C@@H]1NC(=O)[C@H]2CCCN2C(=O)[C@H](Cc2ccccc2)NC(=O)[C@H](Cc2c[nH]c3ccccc23)NC1=O,4.638272163982407,1,
O=C(O)CCC(NC(=O)Cc1ccc(Br)cc1)C(=O)NCc1ccc([N+](=O)[O-])cc1,5.539102157243452,1,
O=C(O)CCCCCSc1nnc(-c2ccncc2)n1-c1ccccc1,4.95663772197887,1,
O=C(O)CCCCC[C@@H]1NC(=O)[C@H](Cc2c(F)c(F)c(F)c(F)c2F)NC(=O)C[C@H](Cc2ccc(O)cc2)NC(=O)[C@H](Cc2cccc3ccccc23)NC1=O,5.173925197299173,1,
O=C(O)CCCc1ccccc1,4.031517051446065,1,
O=C(O)CC[C@@H](NC(=O)Cc1ccc(Br)cc1)C(=O)NCc1ccc([N+](=O)[O-])cc1,5.539102157243452,2,0.0
O=C(O)CC[C@H](NC(=O)Cc1ccc(Br)cc1)C(=O)NCc1ccc([N+](=O)[O-])cc1,5.539102157243452,1,
O=C(O)CC[C@H](NC(=O)Cc1ccc(Br)cc1)C(=O)NCc1ccccc1,5.518557371497695,1,
O=C(O)CCn1c(CCc2ccccc2)nc2cc(/C=C/C(=O)NO)ccc21,5.723538195826755,2,0.0
O=C(O)c1ccc(Cn2sc3ccccc3c2=O)cc1,6.251811972993799,1,
O=C(O)c1cccc(-c2ccc(C3(C(=O)Nc4ccc(C(=O)NO)cc4)CCCC3)cc2)c1,6.928117992693874,1,
O=C(O)c1cccc(=S)n1O,5.481486060122112,1,
O=C(OCCOCCCl)[C@@H]1CCC(=O)N1c1ccc(-c2noc(C(F)(F)F)n2)c(F)c1,6.958607314841775,1,
O=C([C@@H]1CCC(=O)N1c1cc(F)c(-c2noc(C(F)(F)F)n2)cc1F)N1CCC1,4.585026652029182,1,
O=C([C@@H]1CCC(=O)N1c1cc(F)c(-c2noc(C(F)(F)F)n2)cc1F)N1CCCC1,4.585026652029182,1,
O=C([C@@H]1CCC(=O)N1c1cc(F)c(-c2noc(C(F)(F)F)n2)cc1F)N1CCCc2ccccc21,4.721246399047171,1,
O=C([C@@H]1CCC(=O)N1c1cc(F)c(-c2noc(C(F)(F)F)n2)cc1F)N1CCc2ccccc2C1,5.130768280269024,1,
O=C([C@H](Cc1ccc(-c2noc(C(F)(F)F)n2)cn1)c1cccc(C(F)(F)F)c1)N1CCS(=O)(=O)CC1,4.926935982160881,2,0.10332812494955197
O=C(c1ccc(-c2nc(COc3ccc(-c4nnco4)cc3)no2)s1)C(F)(F)F,6.657577319177793,1,
O=C(c1cccc(NCc2ccc(-c3noc(C(F)(F)F)n3)cn2)c1)N1CCCC1,5.853871964321762,1,
O=C(c1cncnc1)N(Cc1ccc(-c2noc(C(F)(F)F)n2)cc1)c1cccc(C(F)(F)F)c1,5.552841968657781,1,
O=C1C(C2CCOCC2)NC[C@@H](c2cc(F)cc(F)c2)N1c1ccc(-c2noc(C(F)(F)F)n2)cn1,4.795880017344075,1,
O=C1CC(NCc2ccc(-c3noc(C(F)(F)F)n3)cn2)CCN1,5.292429823902063,1,
O=C1CC/C=C/CCC(=O)N(Cc2cccc(/C=N/NC(=O)c3cccc(C(=O)NO)c3)c2)C[C@@H](c2ccccc2)O1,7.638272163982407,2,0.0
O=C1CC/C=C/CCC(=O)N(Cc2cccc(/C=N/NC(=O)c3cccc(C(=O)NO)c3)c2)C[C@H](c2ccccc2)O1,6.958607314841775,1,
O=C1CCC(N2C(=O)c3cccc(NCCCCCCCCCCCNC(=O)c4cccc(SCc5cn(-c6cccc(C(=O)NO)c6)nn5)c4)c3C2=O)C(=O)N1,6.429457060118103,1,
O=C1CCC(N2C(=O)c3cccc(NCCCCCCn4cc(CCCCN(Cc5ccc(C(=O)NO)cc5)Cc5cccnc5)nn4)c3C2=O)C(=O)N1,8.22112552799726,1,
O=C1CCC(N2C(=O)c3cccc(NCCCCCCn4cc(CN(Cc5ccc(C(=O)NO)cc5)Cc5cccnc5)nn4)c3C2=O)C(=O)N1,7.863279432843593,1,
O=C1CCC(N2C(=O)c3cccc(NCCCCN(Cc4ccc(C(=O)NO)cc4)Cc4cccnc4)c3C2=O)C(=O)N1,7.679853713888946,1,
O=C1CCC(N2C(=O)c3cccc(NCCCn4cc(CCCCN(Cc5ccc(C(=O)NO)cc5)Cc5cccnc5)nn4)c3C2=O)C(=O)N1,7.376750709602099,1,
O=C1CCC(N2C(=O)c3cccc(NCCCn4cc(CN(Cc5ccc(C(=O)NO)cc5)Cc5cccnc5)nn4)c3C2=O)C(=O)N1,7.120330794367947,1,
O=C1CCC(N2C(=O)c3cccc(NCCN(Cc4ccc(C(=O)NO)cc4)Cc4cccnc4)c3C2=O)C(=O)N1,7.428291168191312,1,
O=C1CCC(N2C(=O)c3cccc(NCCOCCN(Cc4ccc(C(=O)NO)cc4)Cc4cccnc4)c3C2=O)C(=O)N1,7.747146969020107,1,
O=C1CCC(N2C(=O)c3cccc(NCCOCCOCCN(Cc4ccc(C(=O)NO)cc4)Cc4cccnc4)c3C2=O)C(=O)N1,8.291579099865288,1,
O=C1CCC(N2C(=O)c3cccc(NCCOCCOCCn4cc(CCCCN(Cc5ccc(C(=O)NO)cc5)Cc5cccnc5)nn4)c3C2=O)C(=O)N1,7.176525770829699,1,
O=C1CCC(N2C(=O)c3cccc(NCCOCCOCCn4cc(CN(Cc5ccc(C(=O)NO)cc5)Cc5cccnc5)nn4)c3C2=O)C(=O)N1,7.559090917934782,1,
O=C1CCC(N2C(=O)c3cccc(NCCOCCn4cc(CCCCN(Cc5ccc(C(=O)NO)cc5)Cc5cccnc5)nn4)c3C2=O)C(=O)N1,7.29413628771608,1,
O=C1CCC(N2C(=O)c3cccc(NCCOCCn4cc(CN(Cc5ccc(C(=O)NO)cc5)Cc5cccnc5)nn4)c3C2=O)C(=O)N1,8.41228903498109,1,
O=C1CCC(NCc2ccc(-c3noc(C(F)(F)F)n3)cn2)c2ccccc2N1,5.285043151118122,2,0.17521008870468327
O=C1CCC(c2c(F)cccc2F)N1c1ccc(-c2noc(C(F)(F)F)n2)cc1F,5.187086643357144,1,
O=C1CCC(c2ccc(-c3noc(C(F)(F)F)n3)cc2)N1c1ccccc1F,5.0115958313309665,2,0.1283781739813962
O=C1CCC(c2ccc(Cl)cc2)N1c1ccc(-c2noc(C(F)(F)F)n2)cc1F,5.886056647693163,1,
O=C1CCC(c2cccc(Cl)c2)N1c1ccc(-c2noc(C(F)(F)F)n2)cc1F,4.853871964321762,1,
O=C1CCC(c2ccccc2)N1c1cc(F)c(-c2noc(C(F)(F)F)n2)cc1F,5.221848749616356,1,
O=C1CCC(c2ccccc2)N1c1ccc(-c2noc(C(F)(F)F)n2)c(F)c1,5.443697499232712,1,
O=C1CCC(c2ccccc2)N1c1ccc(-c2noc(C(F)(F)F)n2)cc1,6.036212172654444,1,
O=C1CCC(c2ccccc2)N1c1ccc(-c2noc(C(F)(F)F)n2)cc1F,5.853871964321762,1,
O=C1CCC(c2ccccc2)N1c1ncc(-c2noc(C(F)(F)F)n2)cc1F,4.886056647693163,1,
O=C1CCC(c2ccccc2Cl)N1c1ccc(-c2noc(C(F)(F)F)n2)c(F)c1,5.0,1,
O=C1CCC(c2ccccc2Cl)N1c1ccc(-c2noc(C(F)(F)F)n2)cc1F,5.508638306165727,1,
O=C1CCC(c2ccccc2F)N1c1ccc(-c2noc(C(F)(F)F)n2)cc1F,5.6020599913279625,2,0.0
O=C1CCCC(c2ccccc2)N1c1ccc(-c2noc(C(F)(F)F)n2)cc1,6.096910013008056,1,
O=C1CCCC(c2ccccc2)N1c1ccc(-c2noc(C(F)(F)F)n2)cn1,5.292429823902063,1,
O=C1CCC[C@@H](C(=O)N[C@@H](CCCCCS)C(=O)N2CCc3ccccc3C2)N1,5.651695136951839,1,
O=C1CCC[C@@H](C(=O)N[C@@H](CCCCCS)C(=O)NC2CCCC2)N1,6.346787486224656,1,
O=C1CCC[C@@H](C(=O)N[C@@H](CCCCCS)C(=O)NCc2ccc(C(F)(F)F)cc2)N1,7.638272163982407,1,
O=C1CCC[C@@H](C(=O)N[C@@H](CCCCCS)C(=O)NCc2cccc(OCc3ccccc3)c2)N1,8.045757490560675,1,
O=C1CCC[C@@H](C(=O)N[C@@H](CCCCCS)C(=O)Nc2ccccc2)N1,6.380906669373257,1,
O=C1CCC[C@@H](c2nc3ccccc3s2)N1c1ccc(-c2noc(C(F)(F)F)n2)cc1,6.130768280269024,1,
O=C1CCC[C@H](C(=O)N[C@@H](CCCCCS)C(=O)Nc2ccccc2)N1,6.97061622231479,1,
O=C1CCSc2ccc(C(=O)NO)cc2N1,6.207608310501746,1,
O=C1CC[C@@H](C(=O)N[C@@H](CCCCCS)C(=O)Nc2ccccc2)N1,7.229147988357855,1,
O=C1CC[C@@H](C(=O)N[C@H](CCCCCS)C(=O)Nc2ccccc2)N1,6.55129368009492,1,
O=C1CC[C@@H](CN2CCOCC2)N1c1ccc(-c2noc(C(F)(F)F)n2)c(F)c1,5.161150909262744,1,
O=C1CC[C@@H](CO)N1c1ccc(-c2noc(C(F)(F)F)n2)c(F)c1,7.42021640338319,1,
O=C1CC[C@@H](c2ccccc2)N1c1ccc(-c2noc(C(F)(F)F)n2)cn1,5.604989359855743,3,0.06134155053789291
O=C1CC[C@@H](c2nc(-c3ccccn3)no2)N1c1ccc(-c2noc(C(F)(F)F)n2)cc1,6.537602002101044,1,
O=C1CC[C@@H](c2nc(-c3cccnc3)no2)N1c1ccc(-c2noc(C(F)(F)F)n2)cc1,6.3872161432802645,1,
O=C1CC[C@@H](c2nc(-c3ccncc3)no2)N1c1ccc(-c2noc(C(F)(F)F)n2)cc1,6.568636235841012,1,
O=C1CC[C@@H](c2nc3ccccc3[nH]2)N1c1ccc(-c2noc(C(F)(F)F)n2)cc1,6.180456064458131,1,
O=C1CC[C@@H](c2nc3ccccc3o2)N1c1ccc(-c2noc(C(F)(F)F)n2)cc1,6.356547323513812,1,
O=C1CC[C@@H](c2nc3ccccc3o2)N1c1ccc(-c2noc(C(F)(F)F)n2)cc1F,6.455931955649724,1,
O=C1CC[C@H](C(=O)N[C@@H](CCCCCS)C(=O)Nc2cccc(C(F)(F)F)c2)N1,6.500312917381596,2,0.0
O=C1CC[C@H](C(=O)N[C@@H](CCCCCS)C(=O)Nc2ccccc2)N1,6.55129368009492,1,
O=C1CC[C@H](C(=O)N[C@H](CCCCCS)C(=O)Nc2ccccc2)N1,5.09151498112135,1,
O=C1CCc2ccc(F)cc2N1Cc1ccc(-c2noc(C(F)(F)F)n2)cc1,5.7447274948966935,1,
O=C1CCc2cccc(C(F)(F)F)c2N1Cc1ccc(-c2noc(C(F)(F)F)n2)cn1,5.251811972993799,1,
O=C1CCc2cccnc2N1Cc1ccc(-c2noc(C(F)(F)F)n2)cn1,4.7447274948966935,1,
O=C1CN(Cc2ccc(C(=O)NO)cc2)C(=O)[C@@H](Cc2c[nH]c3ccccc23)N1,6.289882634888183,1,
O=C1CN(Cc2ccc(C(=O)NO)cc2)C(=O)[C@@H](Cc2ccccc2)N1,7.510041520575165,1,
O=C1CN(Cc2ccc(C(=O)NO)cc2)C(=O)[C@H](Cc2c[nH]c3ccccc23)N1,6.950781977329818,1,
O=C1CN(Cc2ccc(C(=O)NO)cc2)C(=O)[C@H](Cc2ccccc2)N1,7.806875401645538,1,
O=C1CN(Cc2ccc(C(=O)NO)cc2)c2ccccc2N1,6.2839966563652006,1,
O=C1CNCC(c2ccccc2)N1c1ccc(-c2noc(C(F)(F)F)n2)cc1,5.795880017344075,1,
O=C1CN[C@@H](Cc2cc3ccccc3[nH]2)C(=O)N1,7.96617430604669,1,
O=C1CN[C@@H](Cc2ccccc2)C(=O)N1,7.17134010346468,1,
O=C1CN[C@H](Cc2cc3ccccc3[nH]2)C(=O)N1,7.2914941190447635,1,
O=C1CN[C@H](Cc2ccccc2)C(=O)N1,7.666754301038037,1,
O=C1COC[C@@H](CNCc2ccc(-c3noc(C(F)(F)F)n3)cn2)N1,5.552841968657781,1,
O=C1COC[C@@H](c2ccccc2)N1c1cc(F)c(-c2noc(C(F)(F)F)n2)cc1F,4.920818753952375,1,
O=C1COC[C@@H](c2ccccc2)N1c1ccc(-c2noc(C(F)(F)F)n2)c(F)c1,5.337242168318426,1,
O=C1COC[C@@H](c2ccccc2)N1c1ccc(-c2noc(C(F)(F)F)n2)cc1,5.698970004336019,1,
O=C1COC[C@@H](c2ccccc2)N1c1ccc(-c2noc(C(F)(F)F)n2)cc1F,5.6777807052660805,1,
O=C1COC[C@@H](c2ccccc2)N1c1ccc(-c2noc(C(F)(F)F)n2)cn1,5.301029995663981,1,
O=C1COC[C@@H](c2ccccc2)N1c1ccc(-c2noc(C(F)(F)F)n2)nc1,4.568636235841013,1,
O=C1COC[C@@H](c2ccccc2)N1c1ccc(-c2noc(C(F)(F)F)n2)nn1,4.6777807052660805,2,0.0
O=C1COC[C@@H](c2ccccc2)N1c1cnc(-c2noc(C(F)(F)F)n2)cn1,5.214670164989233,2,0.0
O=C1COC[C@@H](c2nc(-c3ccccn3)no2)N1c1ccc(-c2noc(C(F)(F)F)n2)cc1,6.552841968657781,1,
O=C1COC[C@@H](c2nc(-c3cccnc3)no2)N1c1ccc(-c2noc(C(F)(F)F)n2)cc1,6.1938200260161125,1,
O=C1COC[C@@H](c2nc3ccccc3o2)N1c1ccc(-c2noc(C(F)(F)F)n2)cc1,6.3979400086720375,1,
O=C1COC[C@H](CNCc2ccc(-c3noc(C(F)(F)F)n3)cn2)N1,5.619788758288394,1,
O=C1COc2ccccc2N1Cc1ccc(-c2noc(C(F)(F)F)n2)cn1,5.619788758288394,1,
O=C1C[C@@H](C(=O)N[C@@H](CCCCCS)C(=O)Nc2ccccc2)N1,7.214670164989233,1,
O=C1N(CC2CCOCC2)CC(c2ccccc2)N1c1ccc(-c2noc(C(F)(F)F)n2)cc1,5.3979400086720375,1,
O=C1NC(=O)/C(=C\c2ccc(OCC(=O)N3N=C(c4ccc(F)cc4)CC3c3ccc(Cl)c(Cl)c3)cc2)S1,4.6020599913279625,1,
O=C1NC(=O)/C(=C\c2ccc(OCC(=O)N3N=C(c4ccccc4)CC3c3ccc(Br)cc3)cc2)S1,4.455931955649724,1,
O=C1NC(=O)/C(=C\c2ccc(OCC(=O)N3N=C(c4ccccc4)CC3c3ccc(C(F)(F)F)cc3)cc2)S1,4.795880017344075,1,
O=C1NC(=O)/C(=C\c2ccc(OCC(=O)N3N=C(c4ccccc4)CC3c3ccc(Cl)c(Cl)c3)cc2)S1,5.0,1,
O=C1NC(=O)/C(=C\c2ccc(OCC(=O)N3N=C(c4ccccc4)CC3c3ccc(F)cc3)cc2)S1,4.585026652029182,1,
O=C1NC(=O)/C(=C\c2ccc(OCC(=O)N3N=C(c4ccccc4)CC3c3ccc(F)cc3F)cc2)S1,4.468521082957745,1,
O=C1NC(=O)/C(=C\c2ccc(OCC(=O)N3N=C(c4ccccc4)CC3c3ccccc3)cc2)S1,4.698970004336019,1,
O=C1NC(=O)/C(=C\c2ccc(OCC(=O)N3N=C(c4ccccc4)CC3c3ccccc3Cl)cc2)S1,4.5376020021010435,1,
O=C1NC(=O)[C@]2(CC[C@H](NCc3ccc(-c4noc(C(F)(F)F)n4)cn3)CC2)N1,5.4089353929735005,1,
O=C1NCCCC1NCc1ccc(-c2noc(C(F)(F)F)n2)cn1,5.552841968657781,1,
O=C1NCCCCC1NCc1ccc(-c2noc(C(F)(F)F)n2)cn1,5.481486060122112,1,
O=C1NCCC[C@@H]1C(=O)N[C@@H](CCCCCS)C(=O)Nc1ccccc1,6.913640169325252,1,
O=C1NCCC[C@H]1C(=O)N[C@@H](CCCCCS)C(=O)Nc1ccccc1,7.207608310501746,1,
O=C1NCCN(c2ccc(-c3noc(C(F)(F)F)n3)cn2)C1c1cccc(F)c1,6.376750709602099,2,0.24903064677189865
O=C1NCCc2c(OCc3ccc(-c4noc(C(F)(F)F)n4)c(F)c3)cccc21,4.346787486224656,1,
O=C1NCCc2ccccc2C1NCc1ccc(-c2noc(C(F)(F)F)n2)cn1,5.552841968657781,1,
O=C1NC[C@@H](c2ccccc2)[C@@H]1C(=O)N[C@@H](CCCCCS)C(=O)Nc1ccccc1,7.3979400086720375,1,
O=C1NC[C@@H](c2ccccc2)[C@H]1C(=O)N[C@@H](CCCCCS)C(=O)Nc1ccccc1,5.590066876668706,1,
O=C1NC[C@H](c2ccccc2)[C@@H]1C(=O)N[C@@H](CCCCCS)C(=O)Nc1ccccc1,6.508638306165727,1,
O=C1NC[C@H](c2ccccc2)[C@H]1C(=O)N[C@@H](CCCCCS)C(=O)Nc1ccccc1,5.690369832574101,1,
O=C1Nc2ccccc2/C1=N/NC(=S)Nc1ccc(C(=O)NO)cc1,4.804100347590766,2,0.0
O=C1Nc2ccccc2CC1NCc1ccc(-c2noc(C(F)(F)F)n2)cn1,5.585026652029182,1,
O=C1OC[C@@H](c2ccccc2)N1c1cc(F)c(-c2noc(C(F)(F)F)n2)cc1F,5.221848749616356,1,
O=C1OC[C@@H](c2ccccc2)N1c1ccc(-c2noc(C(F)(F)F)n2)c(F)c1,5.346787486224656,1,
O=C1Sc2ccccc2C2=NCCCN12,5.698970004336019,1,
O=C1c2ccccc2[Se](=O)N1c1ccccc1,6.698970004336019,1,
O=CN(O)CCCCCC(=O)Nc1ccccc1,5.167491087293763,1,
O=CN(O)CCCCCC(C(=O)Nc1ccc2ncccc2c1)C(=O)Nc1ccc2ncccc2c1,6.096910013008056,1,
O=CN(O)CCCCCC(C(=O)Nc1cnc2ccccc2c1)C(=O)Nc1cnc2ccccc2c1,6.161150909262744,1,
O=CN(O)CCCCCCC(=O)Nc1ccccc1,5.3979400086720375,1,
O=CN(O)CCCCCCCC(=O)Nc1ccc2ccccc2c1,6.107905397309519,1,
O=CN(O)CCCCCCCC(=O)Nc1cccc2ccccc12,6.187086643357144,1,
O=CN(O)CCCCCCCC(=O)Nc1ccccc1,5.552841968657781,1,
O=CN(O)CCCCCNC(=O)CCc1ccccc1,5.013228265733755,1,
O=CN(O)CCCCCNC(=O)c1ccc2ccccc2c1,5.154901959985743,1,
O=CN(O)CCCCCNC(=O)c1ccccc1,4.657577319177793,1,
O=c1[nH]c2ccccc2n(Cc2ccc(-c3noc(C(F)(F)F)n3)cn2)c1=O,5.853871964321762,1,
O=c1cc(-c2ccccc2)oc2cc(O)c(O)c(O)c12,5.403402904373539,1,
O=c1cc(-c2ccccc2)oc2cc(O)cc(O)c12,4.39577394691553,1,
O=c1ccc2ccc(Br)cc2n1Cc1ccc(-c2noc(C(F)(F)F)n2)cc1,5.585026652029182,1,
O=c1ccc2ccc(C(F)(F)F)cc2n1Cc1ccc(-c2noc(C(F)(F)F)n2)cn1,5.309803919971486,1,
O=c1ccc2ccccc2n1Cc1ccc(-c2noc(C(F)(F)F)n2)cc1,5.795880017344075,1,
O=c1ccc2ccccc2n1Cc1ncc(-c2noc(C(F)(F)F)n2)cn1,5.221848749616356,1,
OCC1CC(c2ccccc2)N(c2ccc(-c3noc(C(F)(F)F)n3)cn2)C1,6.075720713938118,1,
OCc1cc(NCc2ccc(-c3noc(C(F)(F)F)n3)cn2)ccc1F,5.795880017344075,1,
OCc1cccc(NCc2ccc(-c3noc(C(F)(F)F)n3)cc2)c1,5.366531544420413,1,
OCc1ccnc(NCc2ccc(-c3noc(C(F)(F)F)n3)cc2)n1,5.494850021680094,1,
OCc1ccnc(NCc2ccc(-c3noc(C(F)(F)F)n3)cn2)c1,6.060480747381382,1,
Oc1ccc[nH]c1=S,5.434742656579786,2,0.0
Oc1cccn(CCCCCCCn2cc(-c3ccccc3)nn2)c1=S,6.247789037426088,2,0.5469088799206239
Oc1cccn(CCCCCCn2cc(-c3ccccc3)nn2)c1=S,5.169349080772217,2,0.0018141690521059663
Oc1cccn(CCCCCn2cc(-c3ccccc3)nn2)c1=S,6.037630664329979,3,0.0
Oc1cccn(CCCCn2cc(-c3ccccc3)nn2)c1=S,5.481091426308586,2,0.0
Oc1cccn(CCCn2cc(-c3ccccc3)nn2)c1=S,5.1938200260161125,1,
Oc1cccn(CCn2cc(-c3ccccc3)nn2)c1=S,5.2182446253475305,1,
Oc1cccn(Cc2ccc(-c3ccccc3)cc2)c1=S,5.368251925603431,2,0.0
Oc1cccn(Cc2ccc(-c3ccncc3)cc2)c1=S,5.555955204081924,2,0.0
Oc1cccn(Cc2ccc(Cn3cc(-c4ccccc4)nn3)cc2)c1=S,5.262012673666569,1,
Oc1cccn(Cc2ccccc2)c1=S,5.895512888687605,2,0.0
Oc1cccn(Cc2cn(-c3ccccc3)nn2)c1=S,5.804100347590766,3,0.0
S=C1Oc2ccccc2C2=NCCCN12,5.022276394711152,1,
S=C1Sc2c(Cl)cccc2C2=NCCCN12,4.522878745280337,1,
S=C1Sc2c(Cl)cccc2C2=NCCN12,5.494850021680094,1,
S=C1Sc2cc(Br)ccc2C2=NCCCN12,5.958607314841775,1,
S=C1Sc2cc(Br)ccc2C2=NCCN12,6.0,1,
S=C1Sc2cc(Cl)ccc2C2=NCCCN12,5.267606240177031,1,
S=C1Sc2cc(Cl)ccc2C2=NCCN12,5.795880017344075,1,
S=C1Sc2ccc(Br)cc2C2=NCCCN12,5.795880017344075,1,
S=C1Sc2ccc(Br)cc2C2=NCCN12,6.585026652029182,1,
S=C1Sc2ccc(Cl)cc2C2=NCCCN12,6.267606240177031,1,
S=C1Sc2ccc(Cl)cc2C2=NCCN12,4.886056647693163,1,
S=C1Sc2ccc(I)cc2C2=NCCCN12,6.0,1,
S=C1Sc2ccc(I)cc2C2=NCCN12,6.0,1,
S=C1Sc2cccc(Br)c2C2=NCCCN12,6.2839966563652006,1,
S=C1Sc2cccc(Br)c2C2=NCCN12,6.376750709602099,1,
S=C1Sc2cccc(Cl)c2C2=NCCCN12,6.886056647693163,1,
S=C1Sc2cccc(Cl)c2C2=NCCN12,6.221848749616356,1,
S=C1Sc2cccc(I)c2C2=NCCCN12,7.119186407719209,1,
S=C1Sc2cccc(I)c2C2=NCCN12,5.638272163982407,1,
S=C1Sc2ccccc2C2=NCCCN12,5.823908740944319,1,
S=C1Sc2ccccc2C2=NCCN12,4.6777807052660805,1,
S=c1[nH]cc(-c2ccncc2)[nH]1,6.301029995663981,2,0.0
[11CH3]n1cc(CCNCc2ccc(/C=C/C(=O)NO)cc2)c2ccccc21,5.981299501333757,1,
[C-]#[N+]c1ccccc1-c1ccc(Cn2cccc(O)c2=S)cc1,5.719649306953994,1,
[N-]=[N+]=NCc1cc(COc2ccc(NC(=O)CCCCCCC(=O)NO)cc2)cc(N=[N+]=[N-])c1,5.13430394008393,3,0.0
[N-]=[N+]=NCc1cc(Cn2cc(NC(=O)CCCCCCC(=O)NO)cn2)cc(N=[N+]=[N-])c1,7.769551078621726,2,0.0
[N-]=[N+]=NCc1cc(N=[N+]=[N-])cc(C(=O)Nc2ccc(-c3cc(C(=O)NCCCCCCC(=O)NO)no3)cc2)c1,6.186419011431807,2,0.0
[N-]=[N+]=NCc1cc(N=[N+]=[N-])cc(C(=O)Nc2ccc(Cn3cc(NC(=O)CCCCCCC(=O)NO)cn3)cc2)c1,6.3124710387853655,1,
[N-]=[N+]=Nc1ccc(-c2cc(C(=O)NCCCCCCC(=O)NO)no2)cc1,6.1505805862031,1,
[N-]=[N+]=Nc1ccc(-c2csc(NC(=O)CCCCCCC(=O)NO)n2)cc1,5.567030709125595,1,
[N-]=[N+]=Nc1ccc(Cn2cc(NC(=O)CCCCCCC(=O)NO)cn2)cc1,7.552841968657781,1,
