canonical_smiles,pIC50,n_measurements
Br.O=C(NO)c1ccc(Cn2cc(CN[C@@H]3C[C@H]3c3ccccc3)cn2)cc1,7.008773924307505,2
Brc1c[nH]cn1,4.301029995663981,1
Brc1ccccn1,4.301029995663981,1
Brc1cccnc1,4.301029995663981,1
Brc1ccn[nH]1,4.301029995663981,1
Brc1ccncc1,4.301029995663981,1
Brc1cn[nH]c1,4.301029995663981,1
Brc1cnccn1,4.301029995663981,1
Brc1cncnc1,4.301029995663981,1
Brc1cncs1,5.251811972993799,3
Brc1ncc[nH]1,4.301029995663981,1
Brc1ncccn1,4.301029995663981,1
Brc1nccs1,4.301029995663981,1
C#CCC(CCCCCC(=O)Nc1ccccc1)C(=O)NO,4.060480747381382,1
C#CCN(C)CCCOc1cc(NC(=O)CCCCCCC(=O)NO)c(Cl)cc1Cl,5.749579997691105,3
C#CCN(C)CCCOc1cc(NC(=O)CCCCCCC(=O)NO)ccc1Cl,7.301029995663981,3
C#CCN(C)CCCOc1cc(NC(=O)CCCCCCCC(=O)NO)ccc1Cl,5.950781977329818,3
C#CCN(C)CCCOc1cc(NC(=O)CCCCCCCCC(=O)NO)ccc1Cl,5.605548319173782,3
C#CCN(C)CCCOc1cc(NCc2ccc(/C=C/C(=O)NO)cc2)ccc1Cl,7.096910013008056,3
C#CCN(C)CCCOc1cc(NCc2ccc(C(=O)NO)cc2)ccc1Cl,5.931814138253838,3
C#CCN(C)CCCOc1ccc(NC(=O)CCCCCCC(=O)NO)cc1Cl,6.481486060122112,3
C#CCN(C)CCCOc1cccc(NC(=O)CCCCCCC(=O)NO)c1Cl,5.8326826652518236,3
C#CCN(C)Cc1cccc(NC(=O)CCCCCCC(=O)NO)c1,6.6777807052660805,3
C#CCN1C(=O)/C(=C2\Nc3ccccc3\C2=N/OCCCC(=O)NO)c2ccccc21,5.301029995663981,1
C#CCN1C(=O)CNC(=O)/C1=C/c1ccc(C(=O)NCCCCCCCC(=O)NO)cc1,6.0,1
C#CCN1C(=O)CNC(=O)/C1=C/c1ccc(C(=O)NCCCNC(=O)c2ccc(C(=O)NO)cc2)cc1,6.0,1
C#CCN1C(=O)CNC(=O)/C1=C/c1ccc(C(=O)NCCNC(=O)c2ccc(C(=O)NO)cc2)cc1,7.221704020968203,3
C#CCN1C(=O)CNC(=O)/C1=C/c1ccc(C(=O)NCc2ccc(C(=O)NO)cc2)cc1,7.821793270755422,3
C#CCN1C(=O)CNC(=O)/C1=C/c1ccc(C(=O)NCc2cccc(C(=O)NO)c2)cc1,6.0,1
C#CCN1C(=O)CNC(=O)/C1=C/c1ccc(C(=O)NO)cc1,6.307076744224912,3
C#CCN1C(=O)CNC(=O)/C1=C/c1ccc(C(=O)Nc2ccc(C(=O)NO)cc2)cc1,6.0,1
C#CCN1C(=O)CNC(=O)/C1=C/c1ccc(C(=O)Nc2cccc(C(=O)NO)c2)cc1,6.0,1
C#CCOc1ccc(/C=N/NC(=O)CCCCCCC(=O)NO)cc1,6.537602002101044,2
C#CCOc1ccc(/C=N/NC(=O)c2cccc(C(=O)NO)c2)cc1,7.5376020021010435,6
C#CCOc1ccc(C=NNC(=O)CCCCCCC(=O)NO)cc1,6.537602002101044,1
C#Cc1c[n+](C)ccc1NC(=O)CC(=O)N1Cc2ccccc2C1,4.761526248912963,2
C#Cc1c[n+](C)ccc1NC(=O)CC(=O)N1Cc2ccccc2C1.[I-],4.761526248912963,4
C#Cc1c[n+](C)ccc1NC(=O)N1Cc2ccccc2C1,3.991399828238082,1
C#Cc1c[n+](C)ccc1NC(=O)N1Cc2ccccc2C1.[I-],3.991399828238082,1
C#Cc1c[n+](C)ccn1,4.432869592628898,29
C#Cc1cc(Nc2ncnc3cc(OC)c(OCCCCCCC(=O)NO)cc23)ccc1F,8.468521082957745,1
C#Cc1cc[n+](C)cc1,5.075373783377279,33
C#Cc1cc[n+](C)n1C,4.301029995663981,1
C#Cc1ccc(C(=O)NO)s1,6.0,3
C#Cc1ccc[n+](C)c1,5.086186147616283,3
C#Cc1cccc(Nc2ncnc3cc(NC(=O)c4ccc(C(=O)Nc5ccccc5N)cc4)ccc23)c1,4.494850021680094,1
C#Cc1cccc(Nc2ncnc3cc(NC(=O)c4ccc(C(=O)Nc5ccccc5N)nc4)ccc23)c1,4.494850021680094,1
C#Cc1cccc(Nc2ncnc3cc(NC(=O)c4ccc(C(=O)Nc5ccccc5N)s4)ccc23)c1,4.494850021680094,1
C#Cc1cccc(Nc2ncnc3cc(OC)c(OCCCCCCC(=O)NO)cc23)c1,7.601199775466844,5
C#Cc1cccc(Nc2ncnc3cc(OCCOC)c(OCCOC)cc23)c1,4.494850021680094,1
C#Cc1cccc(Nc2ncnc3ccc(NC(=O)c4ccc(C(=O)Nc5ccccc5N)cc4)cc23)c1,4.494850021680094,1
C#Cc1cccc(Nc2ncnc3ccc(NC(=O)c4ccc(C(=O)Nc5ccccc5N)nc4)cc23)c1,4.494850021680094,1
C#Cc1cccc(Nc2ncnc3ccc(NC(=O)c4ccc(C(=O)Nc5ccccc5N)s4)cc23)c1,4.494850021680094,1
C#Cc1cccc(Nc2ncnc3ccc(OCc4ccc(C(=O)Nc5ccccc5N)cc4)cc23)c1,4.494850021680094,1
C#Cc1cccc(Nc2ncnc3ccc(S(=O)(=O)n4ccc(/C=C/C(=O)NO)c4)cc23)c1,6.229147988357855,2
C#Cc1cccc(Nc2ncnc3ccc(S(=O)(=O)n4ccc(/C=C/C(=O)Nc5ccccc5N)c4)cc23)c1,4.494850021680094,1
C#Cc1cccc[n+]1C,5.6777807052660805,3
C#Cc1ccccn1,4.301029995663981,1
C#Cc1cccnc1,4.301029995663981,1
C#Cc1ccn[nH]1,4.301029995663981,1
C#Cc1ccncc1,4.8996294548824375,3
C#Cc1cn(C)[n+](C)c1,5.0,3
C#Cc1cn[nH]c1,4.301029995663981,1
C#Cc1cnc[n+](C)c1,4.6777807052660805,3
C#Cc1cnccn1,4.301029995663981,1
C#Cc1cncnc1,4.301029995663981,1
C#Cc1nc(/C=C/C(=O)NO)cs1,5.7447274948966935,3
C#Cc1nc(/C=C/C=C/C(=O)NO)cs1,6.173925197299173,3
C#Cc1nc(/C=C/CCCCCC(=O)NO)cs1,6.568636235841012,3
C#Cc1nc(/C=C\CCCCCC(=O)NO)cs1,6.327902142064282,3
C#Cc1nc(C(=O)NCCCCCCC(=O)NO)cs1,6.494850021680094,3
C#Cc1nccc[n+]1C,4.470947995860308,18
C#Cc1ncccn1,4.301029995663981,1
C/C(=C\C(=O)NO)c1ccc(CNC2CCN(c3ncc(-c4ccc(OCC(C)(C)O)c(O)c4)c(-c4ccc(C#N)c(F)c4)c3C#N)CC2)cc1,7.7802547048051585,2
C/C(=C\Cc1ccc(NS(=O)(=O)c2ccccc2)cc1)CC(=O)NO,5.698970004336019,3
C/C(=C\[C@@H](C)/C=C/C(=O)NO)C(=O)c1ccc(N(C)C)cc1,6.505845405981557,1
C/C(=C\[C@H](C)/C=C/C(=O)NO)C(=O)c1ccc(N(C)C)cc1,6.3872161432802645,1
C/C(=C\c1ccc(C(=O)NO)cc1)CNc1cnc2c(Br)cccc2c1,7.552841968657781,1
C/C(=N\N(C)C(=O)c1ccc(N(C)C)cc1)c1ccc(C(=O)NO)cc1,7.267606240177031,3
C/C(=N\NC(=O)c1ccc(N(C)C)cc1)c1ccc(C(=O)NO)cc1,6.958607314841775,3
C/C(=N\NC(=S)NCCCCCC(=O)NO)c1ccc(Br)cc1,5.301029995663981,1
C/C(=N\NC(=S)NCCCCCC(=O)NO)c1ccc(F)cc1,5.301029995663981,1
C/C(=N\NC(=S)NCCCCCC(=O)NO)c1cccc(Br)c1,5.301029995663981,1
C/C(=N\O)c1ccc2c(c1)N(Cc1ccc(C(=O)NO)cc1)c1ccccc1S2,6.481486060122112,1
C/C(=N\O)c1ccc2c(c1)N(Cc1ccc(C(=O)NO)cc1)c1ccccc1[S+]2[O-],5.790484985457369,1
C/C=C1/NC(=O)[C@@H](CS)NC(=O)[C@@H](C(C)C)NC(=O)C[C@@H](/C=C/CCS)OC(=O)[C@H](C(C)C)NC1=O,7.585026652029182,1
C/C=C1\NC(=O)[C@@H](CS)NC(=O)[C@@H](C(C)C)CC(=O)C[C@@H](/C=C/CCS)OC(=O)[C@H](C(C)C)NC1=O,7.3979400086720375,1
C/C=C1\NC(=O)[C@@H](CS)NC(=O)[C@@H](C(C)C)NC(=O)C[C@@H](/C=C/CCS)OC(=O)[C@H](C(C)C)NC1=O,7.593543321678572,4
C/C=C1\NC(=O)[C@H](CS)NC(=O)[C@@H](C(C)C)NC(=O)C[C@@H](/C=C/CCS)OC(=O)[C@H](C(C)C)NC1=O,7.6020599913279625,1
C/C=C1\NC(=O)[C@H]2CSSCC/C=C/[C@@H](CC(=O)N[C@H](C(C)C)C(=O)N2)OC(=O)[C@H](C(C)C)NC1=O,7.867353330442654,3
C/C=C1\NC(=O)[C@H]2CSSCC/C=C/[C@H](CC(=O)N[C@H](C(C)C)C(=O)N2)OC(=O)[C@H](C(C)C)NC1=O,6.455212223667562,9
C/C=C1\NC(=O)c2csc(n2)CNC(=O)C[C@@H](/C=C/CCS)OC(=O)[C@H](C(C)C)NC1=O,5.449771646944906,3
C/C=C1\NC(=O)c2csc(n2)CNC(=O)C[C@@H](/C=C/CCSC(=O)CCCCCCC)OC(=O)[C@H](C(C)C)NC1=O,5.301728610555865,4
C/C=C1\NC(=O)c2csc(n2)CNC(=O)C[C@@H](/C=C/CCSC(C)=O)OC(=O)[C@H](C(C)C)NC1=O,5.0,1
C/C=C1\NC(=O)c2csc(n2)CNC(=O)C[C@@H](/C=C/CCSSCCCCCCC)OC(=O)[C@H](CCCCN)NC1=O,5.0,1
C/C=C1\NC(=O)c2csc(n2)CNC(=O)C[C@@H](/C=C/CCSSCCCCCCC)OC(=O)[C@H](CCCCNC(=O)CCCCC[N+]2=C(/C=C/C=C/C=C3/N(CC)c4ccc5c(S(=O)(=O)O)cc(S(=O)(=O)O)cc5c4C3(C)C)C(C)(C)c3c2ccc2c(S(=O)(=O)[O-])cc(S(=O)(=O)O)cc32)NC1=O,6.084072788302884,1
C/C=C1\NC(=O)c2csc(n2)[C@@H](C(C)C)NC(=O)C[C@@H](/C=C/CCS)OC(=O)[C@H](C(C)C)NC1=O,5.593459819566045,3
C/C=C1\NC(=O)c2csc(n2)[C@@H](C(C)C)NC(=O)C[C@@H](/C=C/CCSC(=O)CCCCCCC)OC(=O)[C@H](C(C)C)NC1=O,5.0,1
C1=CCCCCCC[n+]2cccc(c2)CCCCCCCCCCCCC[n+]2cccc(c2)CCCCCC1,4.522878745280337,1
C1=CCCCCCC[n+]2cccc(c2)CCCCCCCCCCCC[n+]2cccc(c2)CCCCCC1,4.769551078621726,1
C1=CCCCC[n+]2cccc(c2)CCCCCCCCCCCC[n+]2cccc(c2)CCCCCC1,4.214670164989233,1
C1=CCCC[n+]2cccc(c2)CCCCCCCCCCCC[n+]2cccc(c2)CCCCCC1,4.096910013008056,1
C=C(C)[C@H](CC=C(C)C)C[C@]12C[C@H](CC=C(C)C)C(C)(C)[C@](CC=C(C)C)(C(=O)C(C(=O)c3ccc(O)c(O)c3)=C1O)C2=O,4.6020599913279625,2
C=C(CC)CCCCC[C@@H]1NC(=O)[C@H]2CCCCN2CC(=O)[C@H]([C@@H](C)CC)NC(=O)[C@H](Cc2cn(OC)c3ccccc23)NC1=O,5.838631997765026,1
C=C(CCCCCCCC(=O)NO)c1ccc2ccccc2c1,8.096910013008056,3
C=C(c1cc(OC)c(OC)c(OC)c1)c1ccc(OC)cc1/C=C/C(=O)NO,7.221848749616356,3
C=C(c1cc(OC)c(OC)c(OC)c1)c1ccc2c(c1)c(/C=C/C(=O)NO)cn2C,6.619788758288394,3
C=C(c1cc(OC)c(OC)c(OC)c1)c1ccc2c(c1)cc(/C=C/C(=O)NO)n2C,5.207608310501746,3
C=C(c1ccc(C(=O)NO)cc1)c1cc2c(cc1C)C(C)(C)CCC2(C)C,5.173925197299173,1
C=C(c1ccc(OC)c(/C=C/C(=O)NO)c1)c1cc(OC)c(OC)c(OC)c1,6.4685210829577455,6
C=C1C(=O)N(C)[C@H](C)[C@H](O)N1C(=O)/C=C/C=C[C@@H](CO)[C@H](O)[C@H](C)CCC,6.045757490560675,1
C=C1C(=O)N(C)[C@H](C)[C@H](O)N1C(=O)/C=C/C=C\[C@@H](CO)[C@H](O)[C@H](C)CCC,6.045757490560675,2
C=C1C(=O)O[C@@H]2C[C@@]3(C)CC[C@@H](OC(=O)[C@H](C)NC(=O)c4ccc(/C=C/C(=O)NO)cc4)C(=C)[C@@H]3C[C@H]12,5.84863014975254,3
C=C1CN(Cc2ccc(C(=O)Nc3ccccc3N)cc2)C(=O)c2ccccc21,5.0,1
C=CCC(/C=C/c1ccccc1)n1cc(/C=C/C(=O)NO)nn1,7.045757490560675,1
C=CCC(CCCCCC(=O)Nc1ccccc1)C(=O)NO,3.8416375079047507,1
C=CCN1CCC=C(CCC(=O)NO)C1=O,5.369572124974976,2
C=CCn1c(SCCCCCC(=O)NO)nnc1-c1ccncc1,4.956244873031321,3
C=CCn1c(SCCCCCC(=O)Nc2ccccc2N)nnc1-c1ccncc1,5.232102383981909,3
C=CCn1c(SCCCCCC(=O)O)nnc1-c1ccncc1,3.5228787452803374,1
C=CCn1c(SCc2ccc(C(=O)NO)cc2)nnc1-c1ccncc1,4.547140664204147,3
C=CCn1c(SCc2ccc(C(=O)Nc3ccccc3N)cc2)nnc1-c1ccncc1,4.648010544564368,3
C=Cc1c(C)c2cc3nc(c(C(=O)OC)c4[nH]c(cc5nc(cc1[nH]2)C(C)=C5CC)c(C)c4C(=O)OC)[C@@H](CCC(=O)Nc1ccc(C(=O)Nc2ccccc2N)cc1)[C@@H]3C,4.0,1
C=Cc1c[n+](C)ccn1,6.376750709602099,3
C=Cc1cc[n+](C)cc1,5.4685210829577455,3
C=Cc1cc[n+](C)n1C,4.301029995663981,1
C=Cc1ccc[n+](C)c1,5.301029995663981,3
C=Cc1cccc[n+]1C,6.0,3
C=Cc1ccccn1,4.301029995663981,1
C=Cc1cccnc1,4.301029995663981,1
C=Cc1ccn[nH]1,4.301029995663981,1
C=Cc1ccncc1,4.301029995663981,1
C=Cc1cnc[n+](C)c1,5.301029995663981,3
C=Cc1cnccn1,4.301029995663981,1
C=Cc1cncnc1,4.301029995663981,1
CC#CCOc1ccc(C(=O)N[C@H](C(=O)NO)C(C)(C)N)cc1,4.522878745280337,1
CC(/C=C/C(=O)NO)=C\C(C)Sc1ccc(N(C)C)cc1,5.275724130399211,1
CC(/C=C/C(=O)NO)=C\[C@@H](C)C(=O)c1ccc(N(C)C)cc1,6.623162371025986,182
CC(/C=C/C(=O)NO)=C\[C@H](C)C(=O)c1ccc(N(C)C)cc1,6.102372908709558,3
CC(/C=C/C(=O)NO)=C\c1ccc(Cl)cc1,6.51999305704285,1
CC(/C=C/C(=O)NO)=C\c1ccc(N(C)C)cc1,6.103473782510445,1
CC(/C=C/C(=O)NO)=C\c1ccc(NS(=O)(=O)c2ccc(Cl)cc2)cc1,7.309803919971486,1
CC(/C=C/C(=O)NO)=C\c1ccc(NS(=O)(=O)c2ccccc2)cc1,6.764471553092451,1
CC(/C=C/C(=O)NO[C@@H]1O[C@H](CO)[C@@H](O)[C@H](O)[C@H]1O)=C\[C@@H](C)C(=O)c1ccc(N(C)C)cc1,4.626536278367631,1
CC(/C=C/C(=O)Nc1ccc(C(=O)N[C@@H](CCC(N)=O)C(=O)O)cc1)=C\[C@@H](C)C(=O)c1ccc(N(C)C)cc1,4.699839463048647,1
CC(/C=C/c1ccccc1)=C\C(=O)NCCCCCC(=O)NO,6.152089131196299,4
CC(/C=C/c1ccccc1)n1cc(/C=C/C(=O)NO)nn1,7.207608310501746,1
CC(=C/[C@@H](C)C(=O)c1ccc(N(C)C)cc1)/C=C/C(=O)NO,6.259637310505756,2
CC(=CC(C)C=CC(=O)NO)C(=O)c1ccc(N(C)C)cc1,6.612768318117506,14
CC(=CC(C)C=CC(=O)O)C(=O)c1ccc(N(C)C)cc1,4.021682503253249,1
CC(=O)CCCCC[C@H](NC(=O)C1CCCCN1C)C(=O)Nc1nc(-c2ccccc2)cs1,5.522878745280337,3
CC(=O)CCCCC[C@H](NC(=O)C1CCN(C)CC1)c1ncc(-c2ccc3ccccc3c2)[nH]1,9.0,1
CC(=O)CCCCC[C@H](NC1CCCCN1C)C(=O)Nc1nc(-c2ccccc2)cs1,5.522878745280337,3
CC(=O)CSc1nc(C)cc(O)n1,4.0,1
CC(=O)N(C)c1ccc(C(=O)CSc2nc(C)cc(O)n2)cc1,4.0,1
CC(=O)N(Cc1cc(C(F)(F)F)cc(C(F)(F)F)c1)c1ccc(C(=O)NO)cc1,6.0,1
CC(=O)N(Cc1ccc(C(C)(C)C)cc1)c1ccc(C(=O)NO)cc1,7.0692217776358985,3
CC(=O)N(Cc1cccc(C(F)(F)F)c1)c1ccc(C(=O)NO)cc1,6.0,1
CC(=O)N(O)CCCCCC(=O)Nc1ccccc1,4.0,1
CC(=O)N(O)CCCCCCCC(=O)Nc1ccccc1,4.0,1
CC(=O)N1C(NCc2ccc(C(=O)Nc3ccccc3N)cc2)=NC(=O)C1Cc1c[nH]c2ccccc12,4.614393726401688,2
CC(=O)N1C(NCc2ccc(C(=O)Nc3ccccc3N)cc2)=NC(=O)C1Cc1ccccc1,4.6439741428068775,2
CC(=O)N1CC2(CC(=O)c3cc(/C=C/C(=O)NO)ccc3O2)C1,6.314258261397736,1
CC(=O)N1CCC(CNCc2ccc(-c3noc(C(F)(F)F)n3)cn2)CC1,5.42021640338319,3
CC(=O)N1CCC2(CC(=O)c3cc(/C=C/C(=O)NO)ccc3O2)C1,6.019996628416253,1
CC(=O)N1CCC2(CC1)CC(N1CCc3cc(C(=O)NO)cnc3C1)C2,4.259637310505756,1
CC(=O)N1CCCC2(CC(=O)c3cc(/C=C/C(=O)NO)ccc3O2)C1,6.684029654543082,1
CC(=O)N1CCCC2(CC1)CC(=O)c1cc(/C=C/C(=O)NO)ccc1O2,6.490797477668897,1
CC(=O)N1CCN(CC(=O)N(Cc2ccc(-c3noc(C(F)(F)F)n3)cc2)c2cccc(C(F)(F)F)c2)CC1,5.585026652029182,3
CC(=O)N1CCN(c2cncc(-c3ccc4cnn(C(Cc5ccccc5)C(=O)NO)c4c3)c2)CC1,6.903089986991944,3
CC(=O)N1CCN(c2ncc(C(=O)NO)s2)CC1,5.552841968657781,1
CC(=O)NC(Cc1ccc(-c2noc(C(F)(F)F)n2)cn1)c1cccc(C(F)(F)F)c1,5.346787486224656,3
CC(=O)NCCC(=O)N(Cc1ccc(-c2noc(C(F)(F)F)n2)cc1)c1cccc(C(F)(F)F)c1,5.638272163982407,3
CC(=O)NCCCC[C@@H]1NC(=O)C[C@H](CC(C)C)NC(=O)[C@H](Cc2c[nH]c3ccccc23)NC(=O)[C@H](CSCCC(=O)O)NC1=O,5.152427340857888,3
CC(=O)NCCCC[C@@H]1NC(=O)C[C@H](CC(C)C)NC(=O)[C@H](Cc2cccc3ccccc23)NC(=O)[C@H](CCCCCC(=O)O)NC1=O,6.0,3
CC(=O)NCCCC[C@@H]1NC(=O)C[C@H](Cc2ccc(O)cc2)NC(=O)[C@H](Cc2cccc3ccccc23)NC(=O)[C@H](CCCCCC(=O)O)NC1=O,5.860120913598763,3
CC(=O)N[C@@H](CCCNC(=N)N)C(=O)N[C@@H](CC(C)C)C(=O)N[C@@H](CC(C)C)C(=O)N[C@@H](CCCNC(=N)N)C(=O)N[C@@H](CC(C)C)C(=O)N[C@H]1CC[S+](C)Cc2cccc(c2)C[S+](C)CC[C@@H](C(=O)N[C@@H](CC(C)C)C(=O)N[C@@H](CC(C)C)C(=O)N[C@@H](CCCNC(=N)N)C(=O)N[C@@H](CC(C)C)C(=O)NCCCCCC(=O)NO)NC(=O)[C@H](CCCNC(=N)N)NC(=O)[C@H](CC(C)C)NC(=O)[C@H](CCCNC(=N)N)NC1=O,6.508638306165727,1
CC(=O)N[C@@H](CS)C(=O)O,2.5003129173815966,1
CC(=O)N[C@@H](CSC(=S)NC1CCCCC1NC(=S)SC[C@H](NC(C)=O)C(=O)O)C(=O)O,2.779891911959945,1
CC(=O)N[C@@H](CSC(=S)NCC1CCCC(CNC(=S)SC[C@H](NC(C)=O)C(=O)O)C1)C(=O)O,2.5718652059712115,1
CC(=O)N[C@@H](CSC(=S)NCCCC(C)CNC(=S)SC[C@H](NC(C)=O)C(=O)O)C(=O)O,2.6595558851598815,1
CC(=O)N[C@@H](CSC(=S)NCCCCNC(=S)SC[C@H](NC(C)=O)C(=O)O)C(=O)O,2.632644078973981,1
CC(=O)N[C@@H](CSC(=S)NCCCNC(=S)SC[C@H](NC(C)=O)C(=O)O)C(=O)O,2.2247537402597635,1
CC(=O)N[C@@H](CSC(=S)NCCOCCOCCNC(=S)SC[C@H](NC(C)=O)C(=O)O)C(=O)O,2.359518563029578,1
CC(=O)N[C@@H](CSC(=S)NCCc1ccccc1)C(=O)O,2.4621809049267256,1
CC(=O)N[C@@H](CSC(=S)NCc1ccccc1)C(=O)O,2.46344155742847,1
CC(=O)N[C@@H](CSC(=S)N[C@H]1CC[C@H](NC(=S)SC[C@H](NC(C)=O)C(=O)O)CC1)C(=O)O,2.42712839779952,1
CC(=O)N[C@@H](CSC(=S)Nc1ccc(C)c(NC(=S)SC[C@H](NC(C)=O)C(=O)O)c1)C(=O)O,3.346787486224656,1
CC(=O)N[C@@H](CSC(=S)Nc1ccc(NC(=S)SC[C@H](NC(C)=O)C(=O)O)cc1)C(=O)O,3.5376020021010435,1
CC(=O)N[C@@H](CSC(=S)Nc1cccc(NC(=S)SC[C@H](NC(C)=O)C(=O)O)c1)C(=O)O,3.013228265733755,1
CC(=O)N[C@@H](Cc1ccc(OCCc2ccccc2)cc1)C(=O)NO,4.841637507904751,3
CC(=O)N[C@@H](Cc1ccc(OCCc2ccccc2)cc1)C(=O)O,3.9175736991392283,2
CC(=O)N[C@@H](Cc1ccc(OCc2ccccc2)cc1)C(=O)NO,5.236572006437063,3
CC(=O)N[C@@H](Cc1ccc(OCc2ccccc2)cc1)C(=O)O,4.432973633840939,3
CC(=O)Nc1ccc(-c2cc(C(=O)NCCCCCCC(=O)NO)no2)cc1,5.309803919971486,3
CC(=O)Nc1ccc(C(=O)COc2cc(C)cc(O)n2)cc1,4.0,1
CC(=O)Nc1ccc(C(=O)COc2nc(C)cc(O)n2)cc1,4.0,1
CC(=O)Nc1ccc(C(=O)CSc2cccc(O)c2)cc1,4.0,1
CC(=O)Nc1ccc(C(=O)CSc2nc(C)cc(=O)[nH]2)cc1,4.621602099051862,2
CC(=O)Nc1ccc(C(=O)CSc2nc(C)cc(C)n2)cc1,4.0,1
CC(=O)Nc1ccc(C(=O)CSc2nc(C)cc(O)n2)cc1,4.621602099051862,4
CC(=O)Nc1ccc(C(=O)CSc2nccc(C)n2)cc1,4.0,1
CC(=O)Nc1ccc(C(=O)Nc2cc(-c3cccs3)ccc2N)cc1,5.157455969116431,5
CC(=O)Nc1ccc(C(=O)Nc2ccc(F)cc2N)cc1,4.522878745280337,1
CC(=O)Nc1ccc(C(=O)Nc2ccccc2N)cc1,5.6244415287197675,6
CC(=O)Nc1ccc(C(O)CSc2nc(C)cc(O)n2)cc1,4.0,1
CC(=O)Nc1ccc(CN2CCC=C(CCC(=O)NO)C2=O)cc1,6.086186147616283,1
CC(=O)Nc1ccc(CSc2nc(C)cc(O)n2)cc1,4.0,1
CC(=O)Nc1ccc2c(c1)CN(C(=O)[C@H](N)Cc1ccc(Cl)cc1Cl)C2,6.995678626217357,1
CC(=O)Nc1ccc2c(c1)CN(C(=O)[C@H](N)Cc1ccc(Cl)cc1Cl)C2.Cl,6.995678626217357,2
CC(=O)Nc1cccc(-c2csc(NC(=O)CCCCCC(=O)Nc3ccccc3N)n2)c1,4.522878745280337,1
CC(=O)Nc1ccccc1NC(=O)c1ccc(CNC(=O)OCc2cccnc2)cc1,4.0,1
CC(=O)O[C@H](C)C(=O)CCCCCCC(=O)Nc1ccccc1,4.195179321278838,1
CC(=O)SCC(=O)CCCCCCC(=O)Nc1ccccc1,6.721246399047171,3
CC(=O)SCC(=O)NCCCCCC(=O)Nc1ccccc1,4.571031549009208,3
CC(=O)SCC/C=C/[C@@H]1CC(=O)NCc2ccc(cc2)C2=N[C@@](C)(CS2)C(=O)N[C@@H](C(C)C)C(=O)O1,4.522878745280337,1
CC(=O)SCC/C=C/[C@@H]1CC(=O)N[C@H](C(C)C)C(=O)N[C@H](Cc2ccccc2)C(=O)N[C@H](C(C)C)c2cn(nn2)CC(=O)O1,5.7447274948966935,3
CC(=O)SCC/C=C/[C@@H]1CC(=O)N[C@H](C(C)C)C(=O)N[C@H](Cc2cn(C)cn2)C(=O)N[C@H](C(C)C)c2cn(nn2)CC(=O)O1,5.790484985457369,3
CC(=O)SCCCCCCC(=O)Nc1ccccc1,5.1487416512809245,1
CC(=O)SCCCCCCNC(=O)c1cc(-c2ccc(F)cc2)nn1C,5.376750709602099,3
CC(=O)SCCCCC[C@H](NC(=O)[C@@H]1CC(=O)N1)C(=O)Nc1ccccc1,7.404834150914854,2
CC(=O)SCCCCC[C@H](NC(=O)[C@@H]1CCCC(=O)N1)C(=O)Nc1ccccc1,7.0,2
CC(=O)SCCCCC[C@H](NC(=O)[C@H]1CCC(=O)N1)C(=O)Nc1ccccc1,7.5,2
CC(=O)c1cc(/C=C/C(=O)NO)n(C)c1,4.948847477552619,3
CC(=O)c1ccc(N2C(=O)CC(S)C2=O)cc1,4.0,1
CC(C(=O)N(Cc1ccc(-c2noc(C(F)(F)F)n2)cc1)c1cccc(C(F)(F)F)c1)c1ncccn1,5.769551078621727,3
CC(C(=O)N(Cc1ccc(-c2noc(C(F)(F)F)n2)cc1)c1cccc(C(F)(F)F)c1)n1cncn1,5.721246399047171,3
CC(C(=O)N(Cc1ccc(-c2noc(C(F)(F)F)n2)cn1)c1cccc(F)c1)c1ccn(C)n1,5.769551078621727,3
CC(C(=O)N(Cc1ccc(-c2noc(C(F)(F)F)n2)cn1)c1cccc(F)c1)n1cccn1,5.795880017344075,3
CC(C(=O)NOCc1ccc(/C=C/C(=O)NO)cc1)(c1ccccc1)c1ccccc1,5.397054228407302,2
CC(C(=O)N[C@@H](CCCCCC(=O)c1ccon1)c1ncc(-c2ccccc2F)[nH]1)N(C)C,8.508638306165727,1
CC(C)(C#N)C(=O)N(Cc1ccc(-c2noc(C(F)(F)F)n2)cc1)c1cccc(C(F)(F)F)c1,5.0,3
CC(C)(C(=O)N(Cc1ccc(-c2noc(C(F)(F)F)n2)cn1)c1cccc(F)c1)n1cccn1,5.130768280269024,3
CC(C)(C(=O)N(Cc1ccc(-c2noc(C(F)(F)F)n2)cn1)c1cccc(F)c1)n1cncn1,5.508638306165726,3
CC(C)(C(=O)Nc1ccc(C(=O)NO)cc1)c1ccccc1,7.008773924307505,1
CC(C)(C)C(/C=C/c1ccccc1)n1cc(/C=C/C(=O)NO)nn1,7.7447274948966935,1
CC(C)(C)C(=O)N1CCc2cc(C(=O)NO)ccc2C1,5.6777807052660805,2
CC(C)(C)C(=O)N1Cc2ccc(C(=O)NO)cc2C1,5.886056647693163,2
CC(C)(C)CC(C)(C)n1nnnc1CNCC1CCN(c2ncc(C(=O)NO)cn2)CC1,6.189095719331299,3
CC(C)(C)NC(=O)[C@@H](NC(=O)c1ccc(C(=O)NO)cc1)c1c[nH]c2ccccc12,6.297569463554474,1
CC(C)(C)NC(=O)[C@@H]1Cc2ccc(OCC(=O)NO)cc2CN1,4.914709421769935,1
CC(C)(C)NC(=O)[C@@H]1Cc2ccc(OCC(=O)NO)cc2CN1.Cl,4.914709421769935,2
CC(C)(C)NC(=O)[C@@H]1Cc2ccc(OCC(=O)NO)cc2CN1C(=O)OC(C)(C)C,5.339134521996132,3
CC(C)(C)NC(=O)[C@H](Cc1c[nH]c2ccccc12)NC(=O)/C=C/c1ccc(C(=O)NO)cc1,6.779891911959945,1
CC(C)(C)OC(=O)C1COCC(=O)N1c1ccc(-c2noc(C(F)(F)F)n2)c(F)c1,5.259637310505756,3
CC(C)(C)OC(=O)CC(O)/C=C/CCSSCC/C=C/C(O)CC(=O)OC(C)(C)C,4.958607314841775,3
CC(C)(C)OC(=O)CCCCCCC(=O)Nc1ccc(OCc2cc(CN=[N+]=[N-])cc(N=[N+]=[N-])c2)cc1,4.370590400897281,3
CC(C)(C)OC(=O)CC[C@@H]1N=C(c2ccccc2)c2ccccc2N(CCCCC(=O)NO)C1=O,4.583858968831671,3
CC(C)(C)OC(=O)CC[C@@H]1N=C(c2ccccc2)c2ccccc2N(CCCCC(=O)O)C1=O,4.522878745280337,1
CC(C)(C)OC(=O)CC[C@@H]1N=C(c2ccccc2)c2ccccc2NC1=O,4.522878745280337,1
CC(C)(C)OC(=O)CC[C@H]1N=C(c2ccccc2)c2ccccc2NC1=O,4.522878745280337,1
CC(C)(C)OC(=O)C[C@@H]1N=C(c2ccccc2)c2ccccc2N(CCCCC(=O)NO)C1=O,4.64994590642097,3
CC(C)(C)OC(=O)C[C@@H]1N=C(c2ccccc2)c2ccccc2N(CCCCC(=O)O)C1=O,4.522878745280337,1
CC(C)(C)OC(=O)C[C@@H]1N=C(c2ccccc2)c2ccccc2NC1=O,4.522878745280337,1
CC(C)(C)OC(=O)C[C@H]1N=C(c2ccccc2)c2ccccc2NC1=O,4.522878745280337,1
CC(C)(C)OC(=O)N(Cc1ccc(-c2noc(C(F)(F)F)n2)cn1)c1cccc(F)c1,4.721246399047171,3
CC(C)(C)OC(=O)N(Cc1ccc(C(C)(C)C)cc1)c1ccc(C(=O)NO)cc1,6.197226274708025,3
CC(C)(C)OC(=O)N1C(NCc2ccc(C(=O)Nc3ccccc3N)cc2)=NC(=O)C1Cc1c[nH]c2ccccc12,4.565431095965801,2
CC(C)(C)OC(=O)N1CC(=O)N(c2ccc(-c3noc(C(F)(F)F)n3)cc2)[C@H](c2ccccc2)C1,5.366531544420414,3
CC(C)(C)OC(=O)N1CC(C(=O)N[C@@H](CCCCCC(=O)c2ncco2)c2[nH]c(-c3ccc(F)cc3)nc2Cl)C1,6.468521082957745,1
CC(C)(C)OC(=O)N1CC2(C[C@H]1C(=O)NCCCCCC(=O)NO)SCCS2,5.730487055782082,3
CC(C)(C)OC(=O)N1CCC(C(=O)N2CC3(C[C@H]2C(=O)NCCCCCC(=O)NO)SCCS3)CC1,5.84163750790475,3
CC(C)(C)OC(=O)N1CCC2(CC1)CN(Cc1ccc(C(=O)NO)cc1)c1ccccc12,5.795337488251781,3
CC(C)(C)OC(=O)N1CCC2(CC1)CN(Cc1ccc(C(=O)NO)s1)c1ccccc12,5.871600731282193,3
CC(C)(C)OC(=O)N1CCC[C@H]1C(=O)N1CC2(C[C@H]1C(=O)NCCCCCC(=O)NO)SCCS2,6.119186407719209,3
CC(C)(C)OC(=O)N1CCN(c2ccc(-c3noc(C(F)(F)F)n3)cn2)[C@@H](c2ccccc2)C1,5.214670164989233,3
CC(C)(C)OC(=O)N1C[C@@H](c2cc(F)cc(F)c2)N(c2ccc(-c3noc(C(F)(F)F)n3)cn2)C(=O)C1C1CCOCC1,4.346787486224656,1
CC(C)(C)OC(=O)N1Cc2cc(OCC(=O)NO)ccc2C[C@H]1C(=O)NCCc1ccccc1,5.573488738635423,3
CC(C)(C)OC(=O)N1Cc2cc(OCC(=O)NO)ccc2C[C@H]1C(=O)NCc1ccccc1,5.467245621007502,3
CC(C)(C)OC(=O)N1Cc2cc(OCC(=O)NO)ccc2C[C@H]1C(=O)Nc1ccc(-c2ccccc2)cc1,5.703334809738469,3
CC(C)(C)OC(=O)N1Cc2cc(OCC(=O)NO)ccc2C[C@H]1C(=O)Nc1ccc(F)c(Cl)c1,5.809668301829707,3
CC(C)(C)OC(=O)N1Cc2cc(OCC(=O)NO)ccc2C[C@H]1C(=O)Nc1ccc(F)cc1,5.59176003468815,3
CC(C)(C)OC(=O)N1Cc2cc(OCC(=O)NO)ccc2C[C@H]1C(=O)Nc1cccc(Cl)c1,5.931814138253838,3
CC(C)(C)OC(=O)N1Cc2cc(OCC(=O)NO)ccc2C[C@H]1C(=O)Nc1cccc2ccccc12,5.371611069949689,3
CC(C)(C)OC(=O)N1Cc2cc(OCC(=O)NO)ccc2C[C@H]1C(=O)Nc1ccccc1,5.889410289700751,3
CC(C)(C)OC(=O)NC(C(=O)Nc1ccc(C(=O)NO)cc1)c1ccccc1,5.817585347565446,1
CC(C)(C)OC(=O)NCC(=O)N1CC2(C[C@H]1C(=O)NCCCCCC(=O)NO)SCCS2,5.92445303860747,3
CC(C)(C)OC(=O)NCC(=O)N[C@H](COc1cccc(/C=C/C(=O)NO)c1)Cc1c[nH]c2ccccc12,6.052566278112949,1
CC(C)(C)OC(=O)NCCC(=O)N1CC2(C[C@H]1C(=O)NCCCCCC(=O)NO)SCCS2,5.721246399047171,3
CC(C)(C)OC(=O)NCCCC(=O)N1CC2(C[C@H]1C(=O)NCCCCCC(=O)NO)SCCS2,6.017728766960431,3
CC(C)(C)OC(=O)NCCCC[C@@H]1C(=O)Nc2ccccc2N1Cc1ccc(C(=O)NO)cc1,5.939302159646388,3
CC(C)(C)OC(=O)NCCCC[C@@H]1N=C(c2ccccc2)c2ccccc2N(CCCCC(=O)NO)C1=O,4.661742769753745,3
CC(C)(C)OC(=O)NCCCC[C@@H]1N=C(c2ccccc2)c2ccccc2N(CCCCC(=O)O)C1=O,4.522878745280337,1
CC(C)(C)OC(=O)NCCCC[C@@H]1N=C(c2ccccc2)c2ccccc2NC1=O,4.522878745280337,1
CC(C)(C)OC(=O)NCCCC[C@H](NC(=O)OC(C)(C)C)C(=O)N1CC2(C[C@H]1C(=O)NCCCCCC(=O)NO)SCCS2,6.455931955649724,3
CC(C)(C)OC(=O)NCCC[C@@H]1NC(=O)[C@]2(C)CSC(=N2)c2csc(n2)CNC(=O)C[C@@H](/C=C/CCS)OC1=O,6.102372908709558,3
CC(C)(C)OC(=O)N[C@@H](CCCCCS)C(=O)NC1CCCC1,4.356547323513812,3
CC(C)(C)OC(=O)N[C@@H](CO)C(=O)N1CC2(C[C@H]1C(=O)NCCCCCC(=O)NO)SCCS2,6.060480747381381,3
CC(C)(C)OC(=O)N[C@@H](Cc1c[nH]c2ccccc12)C(=O)N1CC2(C[C@H]1C(=O)NCCCCCC(=O)NO)SCCS2,6.853871964321762,3
CC(C)(C)OC(=O)N[C@@H](Cc1ccc(O)cc1)C(=O)N1CC2(C[C@H]1C(=O)NCCCCCC(=O)NO)SCCS2,7.6777807052660805,3
CC(C)(C)OC(=O)N[C@@H](Cc1ccc(OCC(=O)NO)cc1)C(=O)Nc1ccccc1,6.643974142806878,3
CC(C)(C)OC(=O)N[C@@H](Cc1ccccc1)C(=O)N1CC2(C[C@H]1C(=O)NCCCCCC(=O)NO)SCCS2,7.455931955649724,3
CC(C)(C)OC(=O)N[C@H](COc1cccc(/C=C/C(=O)NO)c1)Cc1c[nH]c2ccccc12,6.0376306643299795,1
CC(C)(C)OC(=O)Nc1ccc(-c2cc(C(=O)NCCCCC(=O)NO)no2)cc1,5.437707135543525,3
CC(C)(C)OC(=O)Nc1ccc(-c2cc(C(=O)NCCCCCCC(=O)NO)no2)cc1,5.4877847560822985,7
CC(C)(C)OC(=O)Nc1ccc(-c2cc(NC(=O)CCCCCCC(=O)NO)no2)cc1,5.164246032480617,3
CC(C)(C)OC(=O)Nc1ccc(-c2ncc(C(=O)NCCCCCCC(=O)NO)s2)cc1,5.5961476232735645,4
CC(C)(C)OC(=O)Nc1ccc(Cn2cc(NC(=O)CCCCCCC(=O)NO)cn2)cc1,6.8326826652518236,3
CC(C)(C)OC(=O)Nc1cccc(-c2cc(C(=O)NCCCCC(=O)NO)no2)c1,5.235823867609669,3
CC(C)(C)OC(=O)Nc1cccc(-c2cc(C(=O)NCCCCCCC(=O)NO)no2)c1,5.877618427345098,4
CC(C)(C)OC(=O)Nc1cccc(-c2csc(NC(=O)CCCCCC(=O)NO)n2)c1,5.58838029403677,3
CC(C)(C)OC(=O)Nc1cccc(-c2csc(NC(=O)CCCCCC(=O)Nc3ccccc3N)n2)c1,4.522878745280337,1
CC(C)(C)OC(=O)Nc1cccc(-c2csc(NC(=O)CCCCCCC(=O)NO)n2)c1,5.58838029403677,2
CC(C)(C)OC(=O)Nc1cccc(C(=O)/C=C/c2ccc(/C=C/C(=O)NO)cc2)c1,5.920818753952375,3
CC(C)(C)OC(=O)[C@@H]1CCC(=O)N1c1cc(F)c(-c2noc(C(F)(F)F)n2)cc1F,4.823908740944319,3
CC(C)(C)OC(=O)[C@@H]1CCC(=O)N1c1ccc(-c2noc(C(F)(F)F)n2)c(F)c1,4.721246399047171,3
CC(C)(C)OC(=O)[C@@H]1CCC(=O)N1c1ccc(-c2noc(C(F)(F)F)n2)c(F)c1F,5.130768280269024,3
CC(C)(C)OC(=O)[C@@H]1CCC(=O)N1c1ccc(-c2noc(C(F)(F)F)n2)cc1F,5.207608310501746,3
CC(C)(C)OC(=O)[C@@H]1COCC(=O)N1c1ccc(-c2noc(C(F)(F)F)n2)c(F)c1,5.42021640338319,3
CC(C)(C)OC(=O)n1c(C[C@@H]2N=C(c3ccccc3)c3ccccc3N(CCCCC(=O)NO)C2=O)cc2ccccc21,5.076238039171299,3
CC(C)(C)OC(=O)n1c(C[C@@H]2N=C(c3ccccc3)c3ccccc3N(CCCCC(=O)O)C2=O)cc2ccccc21,4.522878745280337,1
CC(C)(C)OC(=O)n1cc(C[C@@H]2N=C(c3ccccc3)c3ccccc3NC2=O)c2ccccc21,4.522878745280337,1
CC(C)(C)OC(=O)n1cnc(C[C@@H]2NC(=O)[C@]3(C)CSC(=N3)c3csc(n3)CNC(=O)C[C@@H](/C=C/CCS)OC2=O)c1,6.267606240177031,3
CC(C)(C)OC[C@@H]1N=C(c2ccccc2)c2ccccc2N(CCCCC(=O)NO)C1=O,4.522878745280337,1
CC(C)(C)OC[C@@H]1N=C(c2ccccc2)c2ccccc2N(CCCCC(=O)O)C1=O,4.522878745280337,1
CC(C)(C)OC[C@@H]1N=C(c2ccccc2)c2ccccc2NC1=O,4.522878745280337,1
CC(C)(C)Oc1ccc(C[C@@H]2C(=O)Nc3ccccc3N2Cc2ccc(C(=O)NO)cc2)cc1,6.6020599913279625,3
CC(C)(C)Oc1ccc(C[C@@H]2N=C(c3ccccc3)c3ccccc3N(CCCCC(=O)NO)C2=O)cc1,5.481486060122112,3
CC(C)(C)Oc1ccc(C[C@@H]2N=C(c3ccccc3)c3ccccc3N(CCCCC(=O)O)C2=O)cc1,4.522878745280337,1
CC(C)(C)Oc1ccc(C[C@@H]2N=C(c3ccccc3)c3ccccc3NC2=O)cc1,4.522878745280337,1
CC(C)(C)SC[C@H]1N=C(c2ccccc2)c2ccccc2N(CCCCC(=O)NO)C1=O,4.522878745280337,1
CC(C)(C)SC[C@H]1N=C(c2ccccc2)c2ccccc2N(CCCCC(=O)O)C1=O,4.522878745280337,1
CC(C)(C)SC[C@H]1N=C(c2ccccc2)c2ccccc2NC1=O,4.522878745280337,1
CC(C)(C)[Si](C)(C)OCc1ccc(NC(=O)c2ccc(CNc3nccc(-c4cccnc4)n3)cc2)c(N)c1,4.698970004336019,1
CC(C)(C)c1[nH]c2ccccc2c1[C@@H]1CCCN(Cc2ccc(/C=C/C(=O)NO)cc2F)C1,6.438898616350944,3
CC(C)(C)c1[nH]c2ccccc2c1[C@H]1CCCN(Cc2ccc(/C=C/C(=O)NO)cc2F)C1,6.663540266151469,3
CC(C)(C)c1cc(C(=O)N(CC2CC2)c2ccc(C(=O)NO)cc2)cc(C(C)(C)C)c1,6.647817481888637,3
CC(C)(C)c1cc(C(=O)NOCCCCCC(=O)NO)cc(C(C)(C)C)c1,5.958786849569614,2
CC(C)(C)c1cc(C(=O)Nc2ccc(C(=O)NO)cc2)cc(C(C)(C)C)c1,6.0,1
CC(C)(C)c1cc(CN(C(=O)c2cccc(C(F)(F)F)c2)c2ccc(C(=O)NO)cc2)cc(C(C)(C)C)c1,5.563660529707277,4
CC(C)(C)c1ccc(-c2nc3cc(C(=O)NO)ccc3o2)cc1,6.0,3
CC(C)(C)c1ccc(-c2nc3cc(C(=O)NO)ccc3s2)cc1,6.387216143280265,3
CC(C)(C)c1ccc(-c2nnn([C@@H](Cc3ccccc3)C(=O)NO)c2C#CC2CC2)cc1,6.876148359032914,3
CC(C)(C)c1ccc(C(=O)N(Cc2ccc(C(=O)NO)cc2)C2CC2)cc1,6.570247719997592,3
CC(C)(C)c1ccc(C(=O)NCc2ccc(C(=O)NO)cc2)cc1,6.790484985457369,3
CC(C)(C)c1ccc(C(=O)Nc2ccc(C(=O)NO)cc2)cc1,6.610833915635467,6
CC(C)(C)c1ccc(C2c3ccccc3CCN2CCC(=O)NO)cc1,6.318758762624412,3
CC(C)(C)c1ccc(CC(=O)Nc2ccc(C(=O)NO)cc2)cc1,7.129596884249291,3
CC(C)(C)c1ccc(CCCn2cccc(/C=C/C(=O)NO)c2=O)cc1,6.42021640338319,1
CC(C)(C)c1ccc(CCn2cccc(/C=C/C(=O)NO)c2=O)cc1,6.958607314841775,1
CC(C)(C)c1ccc(CN(C(=O)CN(Cc2c(F)c(F)c(F)c(F)c2F)S(=O)(=O)c2ccc(F)cc2)c2ccc(C(=O)NO)cc2)cc1,6.0,2
CC(C)(C)c1ccc(CN(C(=O)CN(Cc2c(F)c(F)c(F)c(F)c2F)S(C)(=O)=O)c2ccc(C(=O)NO)cc2)cc1,6.876148359032914,3
CC(C)(C)c1ccc(CN(C(=O)CN(Cc2ccccc2C(F)(F)F)S(=O)(=O)c2ccc(F)c(F)c2)c2ccc(C(=O)NO)cc2)cc1,6.0,1
CC(C)(C)c1ccc(CN(C(=O)CN(Cc2ccccc2C(F)(F)F)S(=O)(=O)c2ccc(F)cc2)c2ccc(C(=O)NO)cc2)cc1,6.0,1
CC(C)(C)c1ccc(CN(C(=O)CN(Cc2ccccc2C(F)(F)F)S(=O)(=O)c2ccc(F)cc2F)c2ccc(C(=O)NO)cc2)cc1,6.0,1
CC(C)(C)c1ccc(CN(C(=O)CNS(=O)(=O)c2ccc(F)cc2)c2ccc(C(=O)NO)cc2)cc1,7.552841968657781,3
CC(C)(C)c1ccc(CN(Cc2ccc(C(=O)NO)cc2)S(=O)(=O)c2c(F)c(F)c(F)c(F)c2F)cc1,7.167491087293764,3
CC(C)(C)c1ccc(CNCCCCNCCCNC(=O)CCCCC(=O)NO)cc1,4.599634726650061,1
CC(C)(C)c1ccc(CNCCCCNCCCNC(=O)CCCCC(=O)O)cc1,4.006475596832934,1
CC(C)(C)c1ccc(CNCCCCNCCCNC(=O)CCCCCCC(=O)NCc2ccc(C(=O)Nc3ccccc3N)cc2)cc1,5.309803919971486,2
CC(C)(C)c1ccc(CNCCCCNCCCNC(=O)CCCCCCC(=O)NO)cc1,4.2955063029907015,1
CC(C)(C)c1ccc(CNc2ccc(C(=O)NO)cc2)cc1,6.0,1
CC(C)(C)c1ccc(COc2cccc3ccc(C(=O)NCCCCCC(=O)NO)nc23)cc1,6.7281583934635005,1
CC(C)(C)c1ccc(CS(=O)(=O)Nc2ccc(/C=C\C(=O)NO)cc2)cc1,7.0,3
CC(C)(C)c1ccc(Cn2c(SCc3ccc(/C=C/C(=O)NO)cc3)nc3ccccc32)cc1,6.42021640338319,1
CC(C)(C)c1ccc(Cn2c(SCc3ccc(C(=O)NO)cc3)nc3ccccc32)cc1,5.638272163982407,1
CC(C)(C)c1ccc(Cn2cccc(/C=C/C(=O)NO)c2=O)cc1,7.045757490560675,1
CC(C)(C)c1ccc(NC(=O)[C@@H](NC(=O)Nc2ccc(C(=O)NCCCCCC(=O)NO)cc2)c2ccccc2)cc1,5.630042392653947,1
CC(C)(C)c1ccc(NC(=O)c2ccc(C(=O)NO)cc2)cc1,7.35720609434319,3
CC(C)(C)c1ccc(NS(=O)(=O)c2ccc(C(=O)NO)cc2)cc1,8.0268721464003,3
CC(C)(C)c1ccc(S(=O)(=O)N2CCN(Cc3nc4cc(F)ccc4o3)CC2)cc1,5.948847477552619,1
CC(C)(C)c1ccc(S(=O)(=O)NCc2ccc(C(=O)NO)cc2)cc1,6.206209615309181,3
CC(C)(C)c1ccc(S(=O)(=O)Nc2ccc(C(=O)NO)cc2)cc1,7.879451121919664,3
CC(C)(C)c1cccc(C(=O)N(CC2CC2)c2ccc(C(=O)NO)cc2)c1,7.205539996539503,6
CC(C)(C)c1cccc(C(=O)Nc2ccc(C(=O)NO)cc2)c1,7.4710870937383556,6
CC(C)(C)c1cccc(NC(=O)c2ccc(C(=O)NO)cc2)c1,5.9872249955259145,4
CC(C)(CCc1ccccc1)C(=O)Nc1ccc(C(=O)NO)cc1,7.6020599913279625,1
CC(C)(CNC(=O)c1cccc(-c2noc(C(F)(F)F)n2)c1)c1coc(-c2ccccc2)n1,5.583593027865556,4
CC(C)(O)COc1ccc(-c2cnc(N3CCC(C)(NCc4ccc(/C=C/C(=O)NO)cc4)CC3)c(C#N)c2-c2ccc(C#N)c(F)c2)cc1O,7.167491087293763,1
CC(C)(O)COc1ccc(-c2cnc(N3CCC(NC(C)(C)c4ccc(/C=C/C(=O)NO)cc4)CC3)c(C#N)c2-c2ccc(C#N)c(F)c2)cc1O,8.359518563029578,1
CC(C)(O)COc1ccc(-c2cnc(N3CCC(NCc4ccc(/C=C(/F)C(=O)NO)cc4)CC3)c(C#N)c2-c2ccc(C#N)c(F)c2)cc1O,7.685575736003599,2
CC(C)(O)COc1ccc(-c2cnc(N3CCC(NCc4ccc(/C=C/C(=O)NO)c(C#N)c4)CC3)c(C#N)c2-c2ccc(C#N)c(F)c2)cc1O,7.496981022501341,2
CC(C)(O)COc1ccc(-c2cnc(N3CCC(NCc4ccc(/C=C/C(=O)NO)cc4)CC3)c(C#N)c2-c2ccc(C#N)c(F)c2)cc1O,7.862114049917534,2
CC(C)(O)COc1ccc(-c2cnc(N3CCC(NCc4ccc(/C=C/C(=O)NO)cc4)CC3)c(CC#N)c2-c2ccc(C#N)c(F)c2)cc1O,8.995678626217357,1
CC(C)(O)COc1ccc(-c2cnc(N3CCC(NCc4ccc(/C=C/C(=O)NO)cn4)CC3)c(C#N)c2-c2ccc(C#N)c(F)c2)cc1O,7.679759281514789,2
CC(C)(O)COc1ccc(-c2cnc(N3CCC(NCc4ccc(/C=C/C(=O)NO)nc4)CC3)c(C#N)c2-c2ccc(C#N)c(F)c2)cc1O,8.013020656946647,2
CC(C)(O)COc1ccc(-c2cnc(N3CCC(NCc4ccc(/C=C/C(=O)NO)nc4)CC3)c(CC#N)c2-c2ccc(C#N)c(F)c2)cc1O,8.657577319177793,1
CC(C)(O)COc1ccc(-c2cnc(N3CCC(NCc4ccc(CCC(=O)NO)cc4)CC3)c(C#N)c2-c2ccc(C#N)c(F)c2)cc1O,7.499163425202566,2
CC(C)(O)COc1ccc(-c2cnc(N3CCC(NCc4ccc(CCC(=O)NO)nc4)CC3)c(C#N)c2-c2ccc(C#N)c(F)c2)cc1O,8.105139153009539,2
CC(C)(O)COc1ccc(-c2cnc(N3CCC(NCc4ccc(OCC(=O)NO)cc4)CC3)c(C#N)c2-c2ccc(C#N)c(F)c2)cc1O,7.873876974763441,2
CC(C)(O)COc1ccc(-c2cnc(N3CCC(NCc4cnc(/C=C/C(=O)NO)nc4)CC3)c(C#N)c2-c2ccc(C#N)c(F)c2)cc1O,8.113253053864515,2
CC(C)(O)COc1ccc(-c2cnc(N3CCC(NCc4cnc(CCC(=O)NO)s4)CC3)c(C#N)c2-c2ccc(C#N)c(F)c2)cc1O,6.443396115088632,2
CC(C)(O)Cn1nnc2cc(-c3cnc(N4CCC(NCc5ccc(/C=C/C(=O)NO)cc5)CC4)c(C#N)c3-c3ccc(C#N)c(F)c3)c(F)c(F)c21,7.6020599913279625,1
CC(C)(O)Cn1nnc2cc(-c3cnc(N4CCC(NCc5ccc(/C=C/C(=O)NO)cc5)CC4)c(C#N)c3-c3ccc(C#N)c(F)c3)ccc21,7.824488573707938,2
CC(C)(O)Cn1nnc2cc(-c3cnc(N4CCC(NCc5ccc(/C=C/C(=O)NO)cn5)CC4)c(C#N)c3-c3ccc(C#N)c(F)c3)ccc21,7.958607314841775,1
CC(C)(O)Cn1nnc2cc(-c3cnc(N4CCC(NCc5ccc(/C=C/C(=O)NO)nc5)CC4)c(C#N)c3-c3ccc(C#N)c(F)c3)ccc21,8.46470587995723,1
CC(C)C(/C=C/c1ccccc1)n1cc(/C=C/C(=O)NO)nn1,7.657577319177793,1
CC(C)C(=O)N1CCC(C(=O)N(Cc2ccc(-c3noc(C(F)(F)F)n3)cc2)c2cccc(C(F)(F)F)c2)CC1,5.6020599913279625,3
CC(C)C(=O)NC(Cc1ccc(-c2noc(C(F)(F)F)n2)cn1)c1cccc(C(F)(F)F)c1,4.346787486224656,3
CC(C)C(C(=O)Nc1ccc(/C=C/C(=O)NO)nc1)c1ccccc1,6.774690718274137,3
CC(C)C(C(=O)Nc1ccc(/C=C/C(=O)Nc2ccccc2N)nc1)c1ccccc1,4.3655227298392685,3
CC(C)C(C(=O)Nc1ccc(C(=O)NO)cc1)c1ccccc1,7.17608024685612,4
CC(C)C(C(=O)Nc1ccc(C(=O)NO)nc1)c1ccccc1,6.05453141486818,3
CC(C)C(C(=O)Nc1ccc(C(=O)Nc2ccccc2N)nc1)c1ccccc1,4.123782159408358,3
CC(C)C(NC(=O)CCCNC(=O)CS)C(=O)Nc1cnc2ccccc2c1,5.51999305704285,1
CC(C)C(NC(=O)CCNC(=O)CS)C(=O)Nc1cnc2ccccc2c1,4.600326278518962,1
CC(C)C(c1ccc(C(=O)NO)cc1)C(C)C,5.71669877129645,3
CC(C)C(c1nc2ccccc2o1)n1cc(/C=C/C(=O)NO)nn1,7.638272163982407,1
CC(C)C(c1nc2ccccc2s1)n1cc(/C=C/C(=O)NO)nn1,8.301029995663981,1
CC(C)CC(/C=C/c1ccccc1)n1cc(/C=C/C(=O)NO)nn1,6.076755981369724,1
CC(C)CC(c1nc2ccccc2o1)n1cc(/C=C/C(=O)NO)nn1,7.721246399047171,1
CC(C)CCN(CCCCCCC(=O)NO)c1ncc(C(=O)NCCCn2ccnc2)s1,6.690369832574102,3
CC(C)CCNNC(=O)c1ccc(N2CCN(C)CC2)cc1,6.850986300375303,3
CC(C)CCOc1ccccc1C(=O)NC(=O)NC1CC2CCC(C1)N2C,8.481486060122112,1
CC(C)CCc1c(OCCCCCCC(=O)NO)ccc(CCC(=O)NO)c1O,6.572027301517818,3
CC(C)CCc1c(OCCCCCCC(=O)NO)ccc2c1OC(=O)CC2,5.968559217962775,3
CC(C)CCc1c(OCCCCCCC(=O)NO)ccc2ccc(=O)oc12,6.2570393617103415,3
CC(C)CCc1c(OCCCCCCCC(=O)NO)ccc(CCC(=O)NO)c1O,6.5533594480709665,3
CC(C)CN(Cc1ccc(C(=O)NO)cc1)S(=O)(=O)c1cc(F)c(F)c(F)c1F,6.0,1
CC(C)CN(Cc1ccccc1)Cc1ccc(/C=C/C(=O)NO)o1,5.498940737782249,1
CC(C)CNC(=O)C(Cc1c[nH]c2ccccc12)NC(=O)c1ccc(/C=C/C(=O)NO)cc1,6.823908740944319,1
CC(C)CNC(=O)[C@@H](NC(=O)c1ccc(C(=O)NO)cc1)c1c[nH]c2ccccc12,6.278189384787453,1
CC(C)CNC(=O)[C@H](Cc1c[nH]c2ccccc12)NC(=O)/C=C/c1ccc(C(=O)NO)cc1,6.505845405981557,1
CC(C)CNNC(=O)c1ccc(N2CCN(C)CC2)cc1,7.368558598123456,3
CC(C)C[C@@H](NC(=O)[C@H](Cc1ccccc1)NC(=O)c1cnc(C(=O)Nc2ccccc2N)cn1)B1OC2CC3CC(C3(C)C)[C@@]2(C)O1,7.619788758288394,1
CC(C)C[C@@H]1CC(=O)N(CC(=O)NCCCCCC(=O)NO)C1=O,5.301029995663981,1
CC(C)C[C@@H]1CC(=O)N([C@@H](CC2CCCCC2)C(=O)NCCCCCC(=O)NO)C1=O,6.1938200260161125,1
CC(C)C[C@@H]1CC(=O)N([C@@H](Cc2ccccc2)C(=O)NCCCCCC(=O)NO)C1=O,7.00436480540245,1
CC(C)C[C@@H]1N=C(c2ccccc2)c2ccccc2N(CCCCC(=O)NO)C1=O,4.522878745280337,1
CC(C)C[C@@H]1N=C(c2ccccc2)c2ccccc2N(CCCCC(=O)O)C1=O,4.522878745280337,1
CC(C)C[C@@H]1N=C(c2ccccc2)c2ccccc2NC1=O,4.522878745280337,1
CC(C)C[C@H](N)C(=O)N1CC2(C[C@H]1C(=O)NCCCCCC(=O)NO)SCCS2,6.036212172654444,1
CC(C)C[C@H](N)C(=O)N1CC2(C[C@H]1C(=O)NCCCCCC(=O)NO)SCCS2.Cl,6.036212172654444,2
CC(C)C[C@H](NC(=O)CNC(=O)c1cccc(/C=C/C(=O)NO)c1)B1O[C@@H]2[C@@H]3C[C@H](C[C@]2(C)O1)C3(C)C,6.081412460868793,4
CC(C)C[C@H](NC(=O)OC(C)(C)C)C(=O)N1CC2(C[C@H]1C(=O)NCCCCCC(=O)NO)SCCS2,6.221848749616356,3
CC(C)C[C@H](NC(=O)[C@@H](O)[C@H](N)Cc1ccccc1)C(=O)NCc1ccc(C(=O)NO)cc1,5.8696662315049934,1
CC(C)C[C@H](NC(=O)[C@@H](O)[C@H](N)Cc1ccccc1)C(=O)NCc1ccc(C(=O)NO)cc1.Cl,5.8696662315049934,2
CC(C)C[C@H](NC(=O)[C@H](Cc1ccccc1)NC(=O)c1ccc(C(=O)Nc2ccccc2N)cc1)B1O[C@@H]2[C@@H]3C[C@H](C[C@]2(C)O1)C3(C)C,4.7900221257551205,2
CC(C)C[C@H](NC(=O)[C@H](Cc1ccccc1)NC(=O)c1cnccn1)B(O)O,7.142667503568731,3
CC(C)C[C@H]1C(=O)N([C@@H](Cc2ccccc2)C(=O)NCCCCCC(=O)NO)C(=O)C12CCCC2,7.180456064458131,1
CC(C)C[C@H]1C(=O)N2C[C@@H]1CCCCCOc1ccc(cc1)C[C@H]2C(=O)NCCCCCC(=O)NO,7.42021640338319,1
CC(C)C[C@H]1CC(=O)NC(C)(C)C(=O)N[C@@H](CCCCCC(=O)O)C(=O)N[C@@H](Cc2cccc3ccccc23)C(=O)N1,6.060480747381381,3
CC(C)C[C@H]1CC(=O)N[C@@H](C)C(=O)N[C@@H](CCCCCC(=O)NO)C(=O)N[C@@H](Cc2c[nH]c3ccccc23)C(=O)N1,6.892270102092904,12
CC(C)C[C@H]1CC(=O)N[C@@H](C)C(=O)N[C@@H](CCCCCC(=O)NO)C(=O)N[C@@H](Cc2cc3ccccc3[nH]2)C(=O)N1,6.920818753952375,3
CC(C)C[C@H]1CC(=O)N[C@@H](C)C(=O)N[C@@H](CCCCCC(=O)O)C(=O)N[C@@H](Cc2c[nH]c3ccccc23)C(=O)N1,5.638272163982407,6
CC(C)C[C@H]1CC(=O)N[C@@H](C)C(=O)N[C@@H](CCCCCC(N)=O)C(=O)N[C@@H](Cc2c[nH]c3ccccc23)C(=O)N1,5.568636235841012,3
CC(C)C[C@H]1CC(=O)N[C@@H](C)C(=O)N[C@@H](CSCC(=O)O)C(=O)N[C@@H](Cc2c[nH]c3ccccc23)C(=O)N1,5.013228265733755,3
CC(C)C[C@H]1CC(=O)N[C@@H](C)C(=O)N[C@@H](CSCCC(=O)O)C(=O)N[C@@H](Cc2c[nH]c3ccccc23)C(=O)N1,5.2182446253475305,3
CC(C)C[C@H]1CC(=O)N[C@@H](CCCNC(=N)N)C(=O)N[C@@H](CCCCCC(=O)O)C(=O)N[C@@H](Cc2cccc3ccccc23)C(=O)N1,6.216811308924743,2
CC(C)C[C@H]1CC(=O)N[C@@H](Cc2ccccc2)C(=O)N[C@@H](CCCCCC(=O)O)C(=O)N[C@@H](Cc2cccc3ccccc23)C(=O)N1,6.275724130399211,3
CC(C)C[C@H]1CN[C@H](C(=O)NCCCCCC(=O)NO)Cc2ccc(cc2)OCCCCC[C@H]1C(=O)OC(C)(C)C,8.67778070526608,1
CC(C)Cc1nc2cc(/C=C/C(=O)NO)ccc2n1CCCO,6.623423042943488,7
CC(C)Cc1nc2cc(/C=C/C(=O)NO)ccc2n1CCc1ccccc1,6.221125527997261,7
CC(C)Cc1nc2cc(/C=C/C(=O)NO)ccc2n1CCc1ccccn1,6.6307841425898575,7
CC(C)Cc1nc2cc(/C=C/C(=O)NO)ccc2n1Cc1ccccc1,6.0726296369609765,7
CC(C)Cc1nc2cc(CCC(=O)NO)ccc2n1CCCO,4.469032318428085,7
CC(C)Cn1cnc2c(NCCCCCCC(=O)NO)nc(Cl)nc21,5.6968039425795105,3
CC(C)N(C(=O)c1cc(C(C)(C)C)cc(C(C)(C)C)c1)c1ccc(C(=O)NO)cc1,7.446928916351948,6
CC(C)N(C(=O)c1cc(C(F)(F)F)cc(C(F)(F)F)c1)c1ccc(C(=O)NO)cc1,7.290100853118644,6
CC(C)N(C(=O)c1ccc(F)c(C(F)(F)F)c1)c1ccc(C(=O)NO)cc1,6.92445303860747,3
CC(C)N(C(=O)c1cccc(C(F)(F)F)c1)c1ccc(C(=O)NO)cc1,7.194804013679838,6
CC(C)N(C(=O)c1cccc(C(F)(F)F)c1F)c1ccc(C(=O)NO)cc1,7.2151869330019105,6
CC(C)N(C(=O)c1cccc(OC(F)(F)F)c1)c1ccc(C(=O)NO)cc1,7.160064640954673,6
CC(C)N(CCc1c[nH]c2ccccc12)Cc1ccc(/C=C/C(=O)NO)cc1,7.638272163982407,1
CC(C)N(CCn1c(-c2cccc(/C=C/C(=O)NO)c2)nc2ccccc21)C(C)C,6.698970004336019,3
CC(C)N(Cc1ccc(-c2ccccc2)cc1)Cc1ccc(/C=C/C(=O)NO)o1,5.79317412396815,1
CC(C)N(Cc1ccc(C(=O)NO)cc1)C(=O)c1c(F)c(F)c(F)c(F)c1F,6.05749589383192,6
CC(C)N(Cc1ccc(C(=O)NO)cc1)C(C)C,5.71669877129645,3
CC(C)N(Cc1ccc(C(=O)NO)cc1)Cc1cc(F)c(F)c(F)c1F,6.0,1
CC(C)N(Cc1ccc(C(=O)NO)cc1)S(=O)(=O)c1c(F)c(F)c(F)c(F)c1F,6.185086818724926,6
CC(C)N(Cc1ccc(C(=O)NO)cc1)S(=O)(=O)c1cc(F)c(F)c(F)c1F,6.0,1
CC(C)N(Cc1ccc(C(=O)NO)cn1)S(=O)(=O)c1cc(F)c(F)c(F)c1F,6.0,1
CC(C)N(Cc1ccc(CC(=O)NO)cc1)S(=O)(=O)c1cc(F)c(F)c(F)c1F,7.071946782735886,3
CC(C)N(Cc1ccccc1)Cc1ccc(/C=C/C(=O)NO)o1,6.7447274948966935,1
CC(C)N1CCC(NCc2ccc(-c3noc(C(F)(F)F)n3)cn2)C1=O,5.337242168318426,3
CC(C)N1CCCC(C(=O)N(Cc2ccc(-c3noc(C(F)(F)F)n3)cn2)c2cccc(F)c2)C1,5.698970004336019,3
CC(C)NC(=O)OCc1ccc(-c2noc(C(F)(F)F)n2)cn1,5.7447274948966935,3
CC(C)NC(=O)c1ccccc1NCc1ccc(-c2noc(C(F)(F)F)n2)cn1,5.853871964321762,3
CC(C)Nc1nc2c(s1)Cc1cc(/C=C/C(=O)NO)ccc1-2,6.669586226650809,1
CC(C)Oc1ccc(-c2cccc3nn(C(Cc4ccccc4)C(=O)NO)cc23)cn1,6.425968732272281,3
CC(C)Oc1ccc(-c2nc3ccc(C(=O)NO)cc3[nH]2)cc1,6.585026652029182,3
CC(C)Oc1ccc(C(=O)NO)cc1NC(=O)c1ccccc1,7.5376020021010435,3
CC(C)Oc1ccc(C(C)(C)O)cc1-c1cn(C)c(=O)c2[nH]c(C(=O)NCCCCCCC(=O)NO)cc12,7.001160441050867,3
CC(C)Oc1ccc(C(C)(C)O)cc1-c1cn(C)c(=O)c2[nH]c(C(=O)NCc3ccc(C(=O)Nc4ccccc4N)cc3)cc12,5.0,1
CC(C)[C@@H](C(=O)NO)n1nnc(-c2ccccc2)c1C#Cc1ccccc1,5.638272163982407,3
CC(C)[C@@H](C(=O)Nc1ccc(C(=O)NO)cc1)c1ccccc1,7.075720713938118,1
CC(C)[C@@H](c1nc2ccccc2o1)n1cc(/C=C/C(=O)NO)nn1,8.154901959985743,1
CC(C)[C@@H]1N=C(c2ccccc2)c2ccccc2N(CCCCC(=O)NO)C1=O,4.702677285794698,3
CC(C)[C@@H]1N=C(c2ccccc2)c2ccccc2N(CCCCC(=O)O)C1=O,4.522878745280337,1
CC(C)[C@@H]1N=C(c2ccccc2)c2ccccc2NC1=O,4.522878745280337,1
CC(C)[C@@H]1NC(=O)[C@@H]2CCCN2C(=O)[C@H]2CCCN2C(=O)C[C@@H](C(=O)NCCCC(=O)NO)NC1=O,4.522878745280337,1
CC(C)[C@@H]1NC(=O)[C@H]2CCCN2C(=O)[C@@H]2CCCN2C(=O)C[C@H](C(=O)NCCCC(=O)NO)NC1=O,4.522878745280337,1
CC(C)[C@@H]1NC(=O)[C@]2(C)CSC(=N2)c2cccc(n2)CNC(=O)C[C@@H](/C=C/CCS)OC1=O,6.466991014816742,3
CC(C)[C@@H]1NC(=O)[C@]2(C)CSC(=N2)c2ccnc(c2)CNC(=O)C[C@@H](/C=C/CCS)NC1=O,5.826522356547006,3
CC(C)[C@@H]1NC(=O)[C@]2(C)CSC(=N2)c2ccnc(c2)CNC(=O)C[C@@H](/C=C/CCS)OC1=O,6.991968090745535,3
CC(C)[C@@H]1NC(=O)[C@]2(C)CSC(=N2)c2coc(n2)CNC(=O)C[C@@H](/C=C/CCS)OC1=O,5.920818753952375,2
CC(C)[C@@H]1NC(=O)[C@]2(C)CSC(=N2)c2csc(n2)CNC(=O)C(F)(F)[C@@H](/C=C/CCS)NC1=O,6.780765305245491,3
CC(C)[C@@H]1NC(=O)[C@]2(C)CSC(=N2)c2csc(n2)CNC(=O)C[C@@H](/C(F)=C/CCS)NC1=O,7.567138849731191,3
CC(C)[C@@H]1NC(=O)[C@]2(C)CSC(=N2)c2csc(n2)CNC(=O)C[C@@H](/C(F)=C/CCS)OC1=O,8.070581074285707,3
CC(C)[C@@H]1NC(=O)[C@]2(C)CSC(=N2)c2csc(n2)CNC(=O)C[C@@H](/C=C(\F)CCS)OC1=O,9.387216143280265,3
CC(C)[C@@H]1NC(=O)[C@]2(C)CSC(=N2)c2csc(n2)CNC(=O)C[C@@H](/C=C/C(F)(F)CS)OC1=O,7.355955708620389,3
CC(C)[C@@H]1NC(=O)[C@]2(C)CSC(=N2)c2csc(n2)CNC(=O)C[C@@H](/C=C/CCC(=O)NO)OC1=O,5.455931955649724,3
CC(C)[C@@H]1NC(=O)[C@]2(C)CSC(=N2)c2csc(n2)CNC(=O)C[C@@H](/C=C/CCS)NC1=O,6.593119396652514,3
CC(C)[C@@H]1NC(=O)[C@]2(C)CSC(=N2)c2csc(n2)CNC(=O)C[C@@H](/C=C/CCS)OC1=O,7.222608627850439,14
CC(C)[C@@H]1NC(=O)[C@]2(C)CSC(=N2)c2csc(n2)CNC(=O)C[C@@H](/C=C/CCSCCS)OC1=O,5.017728766960431,3
CC(C)[C@@H]1NC(=O)[C@]2(C)CSC(=N2)c2csc(n2)CNC(=O)C[C@H](/C(F)=C/CCS)OC1=O,6.422508200162774,3
CC(C)[C@H](C(=O)Nc1ccc(C(=O)NO)cc1)c1ccccc1,6.925482399697918,5
CC(C)[C@H](N)C(=O)N1CC2(C[C@H]1C(=O)NCCCCCC(=O)NO)SCCS2,5.97061622231479,1
CC(C)[C@H](N)C(=O)N1CC2(C[C@H]1C(=O)NCCCCCC(=O)NO)SCCS2.Cl,5.97061622231479,2
CC(C)[C@H](NC(=O)/C=N/O[C@H]1O[C@H](CO)[C@@H](O)[C@H](O)[C@@H]1O)C(=O)N[C@@H](CCC(=O)O)C(=O)N[C@@H](CCCCN)C(=O)N[C@@H](CC(N)=O)C(=O)N[C@@H](CC(=O)O)C(=O)N[C@@H](CCC(N)=O)C(=O)N[C@@H](CCCCN)C(=O)N[C@H](C(=O)N[C@@H](Cc1ccc(O)cc1)C(=O)N[C@@H](Cc1cnc[nH]1)C(=O)N[C@@H](C)C(N)=O)[C@@H](C)O,7.455931955649724,1
CC(C)[C@H](NC(=O)/C=N/O[C@H]1O[C@H](CO)[C@H](O)[C@H](O)[C@H]1O)C(=O)N[C@@H](CCC(=O)O)C(=O)N[C@@H](CCCCN)C(=O)N[C@@H](CC(N)=O)C(=O)N[C@@H](CC(=O)O)C(=O)N[C@@H](CCC(N)=O)C(=O)N[C@@H](CCCCN)C(=O)N[C@H](C(=O)N[C@@H](Cc1ccc(O)cc1)C(=O)N[C@@H](Cc1cnc[nH]1)C(=O)N[C@@H](C)C(N)=O)[C@@H](C)O,7.455931955649724,1
CC(C)[C@H](NC(=O)OC(C)(C)C)C(=O)N1CC2(C[C@H]1C(=O)NCCCCCC(=O)NO)SCCS2,6.142667503568731,3
CC(C)[C@H](NC(=O)[C@H](CCCCN)NC(=O)[C@H](CCCNC(=N)N)NC(=O)[C@H](CCCCN)NC(=O)[C@H](CCCCN)CC(=O)[C@H](CCCCN)NC(=O)[C@@H]1CCCN1C(=O)CNC(=O)CNC(=O)CCCc1cn(-c2ccc(-c3cn(CCCCCC(=O)NO)nn3)cc2)nn1)C(=O)NCC(=O)NCC(N)=O,5.455559862682307,2
CC(C)[C@H](NC(=O)[C@H](CCCCN)NC(=O)[C@H](CCCNC(=N)N)NC(=O)[C@H](CCCCN)NC(=O)[C@H](CCCCN)CC(=O)[C@H](CCCCN)NC(=O)[C@@H]1CCCN1C(=O)CNC(=O)CNC(=O)CCCc1cn(-c2ccc(-c3cn(CCCCCCC(=O)NO)nn3)cc2)nn1)C(=O)NCC(=O)NCC(N)=O,5.815876645760329,2
CC(C)[C@H](NC(=O)[C@H](CCCCN)NC(=O)[C@H](CCCNC(=N)N)NC(=O)[C@H](CCCCN)NC(=O)[C@H](CCCCN)CC(=O)[C@H](CCCCN)NC(=O)[C@@H]1CCCN1C(=O)CNC(=O)CNC(=O)CCCc1cn(-c2ccc(-c3cn(CCCCCCCC(=O)NO)nn3)cc2)nn1)C(=O)NCC(=O)NCC(N)=O,5.905528871358355,2
CC(C)[C@H](NS(=O)(=O)c1cccc(C(=O)NO)c1)C(=O)Nc1ccccc1,4.4698003017969175,3
CC(C)[C@H](c1nc2ccccc2o1)n1cc(/C=C/C(=O)NO)nn1,7.508638306165727,1
CC(C)[C@H]1NC(=O)[C@@H](C)[C@@H](C/C=C\CCC(=O)O)NC(=O)[C@@H](Cc2ccccc2)NC(=O)[C@@H](C)NC1=O,5.431798275933005,2
CC(C)[C@H]1NC(=O)[C@@H](C)[C@@H](CC=CCCC(=O)O)NC(=O)[C@@H](Cc2ccccc2)NC(=O)[C@@H](C)NC1=O,5.431798275933005,1
CC(C)[C@H]1NC(=O)[C@]2(C)CSC(=N2)c2csc(n2)CNC(=O)C[C@@H](/C=C/CCS)OC1=O,6.991399828238083,6
CC(C)c1cc(-c2n[nH]c(=O)n2-c2ccc(C(=O)NCCCCCCCC(=O)NO)cc2)c(O)cc1O,5.522878745280337,1
CC(C)c1cc(-n2nnc(C(=O)NCCCCCCC(=O)NO)c2-c2ccc(CN3CCOCC3)cc2)c(O)cc1O,6.1444808443322,3
CC(C)c1cc(C(=O)N(C)c2ccc(NC(=O)CCCCCC(=O)NO)cc2)c(O)cc1O,3.407379178678018,1
CC(C)c1cc(C(=O)N(C)c2ccc(NC(=O)CCCCCCC(=O)NO)cc2)c(O)cc1O,5.708757852993804,4
CC(C)c1cc(C(=O)N(C)c2ccc(NC(=O)CCCCCCCC(=O)NO)cc2)c(O)cc1O,4.96111156521158,4
CC(C)c1cc(C(=O)N(C)c2ccc(NC(=O)CCCCCCCCC(=O)NO)cc2)c(O)cc1O,3.1727406070088575,1
CC(C)c1cc(C(=O)N(C)c2cccc(NC(=O)CCCCCCC(=O)NO)c2)c(O)cc1O,3.6750388469626456,1
CC(C)c1cc(C(=O)N2CCc3cc(NC(=O)CCCC(=O)NO)ccc32)c(O)cc1O,5.7968052475538405,4
CC(C)c1cc(C(=O)N2CCc3cc(NC(=O)CCCCC(=O)NO)ccc32)c(O)cc1O,5.531652669587842,3
CC(C)c1cc(C(=O)N2CCc3cc(NC(=O)CCCCCC(=O)NO)ccc32)c(O)cc1O,6.122371413217627,4
CC(C)c1cc(C(=O)N2CCc3cc(NC(=O)CCCCCCC(=O)NO)ccc32)c(O)cc1O,7.071560061915975,7
CC(C)c1cc(C(=O)N2CCc3cc(NC(=O)CCCCCCCC(=O)NO)ccc32)c(O)cc1O,6.125092814923289,4
CC(C)c1cc(C(=O)N2CCc3cc(NC(=O)CCCCCCCCC(=O)NO)ccc32)c(O)cc1O,6.077665321871828,4
CC(C)c1cc(C(=O)N2CCc3cc(NCc4ccc(C(=O)NO)cc4)ccc32)c(O)cc1O,5.809668301829707,3
CC(C)c1cc(C(=O)N2CCc3onc(C(=O)NCCCCCCC(=O)NO)c3C2)c(O)cc1O,5.75448733218585,3
CC(C)c1cc(C(=O)N2Cc3ccc(/C=C/C(=O)NO)cc3C2)c(O)cc1O,6.170696227168975,3
CC(C)c1cc(C(=O)N2Cc3ccc(NC(=O)CCC(=O)NO)cc3C2)c(O)cc1O,5.135548252841817,3
CC(C)c1cc(C(=O)N2Cc3ccc(NC(=O)CCCCC(=O)NO)cc3C2)c(O)cc1O,5.129888844635599,3
CC(C)c1cc(C(=O)N2Cc3ccc(NC(=O)CCCCCC(=O)NO)cc3C2)c(O)cc1O,5.843231516227561,4
CC(C)c1cc(C(=O)N2Cc3ccc(NC(=O)CCCCCCC(=O)NO)cc3C2)c(O)cc1O,5.809246260536168,4
CC(C)c1cc(C(=O)N2Cc3ccc(NC(=O)CCCCCCCC(=O)NO)cc3C2)c(O)cc1O,5.850573461795147,2
CC(C)c1cc(C(=O)N2Cc3ccc(NC(=O)CCCCCCCCC(=O)NO)cc3C2)c(O)cc1O,5.67460539475715,4
CC(C)c1cc(C(=O)N2Cc3ccc(NCc4ccc(C(=O)NO)cc4)cc3C2)c(O)cc1O,6.376750709602099,3
CC(C)c1cc(C(=O)Nc2ccc(NC(=O)CCCCCCC(=O)NO)cc2)c(O)cc1O,3.381878654974379,1
CC(C)c1cc(C(=O)Nc2cccc(NC(=O)CCCCCCC(=O)NO)c2)c(O)cc1O,3.9768710539895045,1
CC(C)c1cc(C(C)C)c(C(C)C)cc1CS(=O)(=O)Nc1ccc(/C=C\C(=O)NO)cc1,6.221848749616356,3
CC(C)c1ccc(-c2cc3cc(C(=O)NO)ccc3s2)cc1,5.698970004336019,1
CC(C)c1ccc(-c2cc3cc(C(=O)NO)cnc3o2)cc1,6.920818753952375,3
CC(C)c1ccc(-c2cc3ccc(C(=O)NO)cc3s2)cc1,5.958607314841775,3
CC(C)c1ccc(-c2nc3cc(C(=O)NO)ccc3n2C)cc1,7.075720713938118,3
CC(C)c1ccc(-c2nc3cc(C(=O)NO)ccc3o2)cc1,5.920818753952375,3
CC(C)c1ccc(-c2nc3cc(C(=O)NO)ccc3s2)cc1,7.552841968657781,3
CC(C)c1ccc(-c2nc3ccc(C(=O)NO)cc3[nH]2)cc1,6.376750709602099,3
CC(C)c1ccc(C(=O)N(CC(=O)NC2CCCCC2)CC2CCN(c3ncc(C(=O)NO)cn3)CC2)cc1,6.244887733604929,3
CC(C)c1ccc(C/C(=N\O)C(=O)NCCSSCCNC(=O)/C(Cc2ccc(C(C)C)cc2)=N/O)cc1,6.6777807052660805,2
CC(C)c1ccc(Cn2cc3ccc(C(=O)NO)cc3n2)cc1,5.543026986364183,1
CC(C)c1ccc(Nc2nc3cc(C(=O)NO)ccc3o2)cc1,6.698970004336019,3
CC(C)c1ccc(S(=O)(=O)N2CCC(CCCC(=O)NO)CC2)cc1,6.270025714300445,1
CC(C)c1cccc(C(C)C)c1NC(=O)[C@@H](NC(=O)Nc1ccc(C(=O)NCCCCCC(=O)NO)cc1)c1ccccc1,5.747389659432627,1
CC(C)c1ncc(C(=O)N(Cc2ccc(-c3noc(C(F)(F)F)n3)cn2)c2cccc(F)c2)cn1,5.7447274948966935,3
CC(C)c1ncncc1C(=O)N(Cc1ccc(-c2noc(C(F)(F)F)n2)cn1)c1cccc(F)c1,5.508638306165726,3
CC(C)n1c(-c2cccc(/C=C/C(=O)NO)c2)nc2ccccc21,7.3979400086720375,3
CC(C)n1ccc2cc(-c3cnc([C@@H](N)CCCCCC(=O)c4ncco4)[nH]3)ccc2c1=O,5.537602002101044,1
CC(C)n1cnc2c(-c3cccc(OCCCC(=O)NO)c3)nc(N3CCOCC3)nc21,7.455931955649724,1
CC(C)n1cnc2c(NCCCCCCC(=O)NO)nc(N)nc21,5.504455662453552,3
CC(CCC(=O)NO)Cc1ccc(NS(=O)(=O)c2ccc(Cl)cc2)cc1,5.931814138253838,1
CC(CCCC(=O)Nc1ccccc1)CCC(=O)NO,5.481486060122112,1
CC(CCCCCC(=O)NO)n1cc(-c2ncnc3[nH]ccc23)cn1,6.508638306165726,3
CC(CCCCCC(=O)Nc1ccccc1)C(=O)NO,3.8728952016351927,1
CC(CCCCCC(=O)c1ccc2ccccc2c1)C(=O)NOCCCCC(=O)NO,6.221848749616356,3
CC(CCc1ccc(NS(=O)(=O)c2ccccc2)cc1)CC(=O)NO,4.769551078621726,3
CC(CNC(=O)c1ccc(/C=C/C(=O)NO)cc1)Oc1no[n+]([O-])c1S(=O)(=O)c1ccccc1,6.376750709602099,6
CC(Cc1c[nH]c2ccccc12)NCc1ccc(/C=C/C(=O)NO)cc1,7.619788758288394,1
CC(Cc1nc2cc(/C=C/C(=O)NO)ccc2n1CCCO)c1ccccc1,6.924453038607469,7
CC(Cc1nc2cc(/C=C/C(=O)NO)ccc2n1CCc1cccnc1)c1ccccc1,6.798602875679549,3
CC(Cn1cncn1)C(=O)N(Cc1ccc(-c2noc(C(F)(F)F)n2)cc1)c1cccc(C(F)(F)F)c1,5.4685210829577455,3
CC(NC(=O)OC(C)(C)C)C(=O)N[C@H](COc1cccc(/C=C/C(=O)NO)c1)Cc1c[nH]c2ccccc12,6.064492734175287,1
CC(NC1CCN(c2ncc(-c3ccc(OCC(C)(C)O)c(O)c3)c(-c3ccc(C#N)c(F)c3)c2C#N)CC1)c1ccc(/C=C/C(=O)NO)cc1,8.096367483915762,1
CC(NCCc1c[nH]c2ccccc12)c1ccc(/C=C/C(=O)NO)cc1,7.638272163982407,1
CC(O)COC[C@H]1O[C@@H]2O[C@H]3[C@@H](O)[C@H](O)[C@@H](O[C@H]4[C@@H](O)[C@H](O)[C@@H](O[C@H]5[C@@H](O)[C@H](O)[C@@H](O[C@H]6[C@@H](O)[C@H](O)[C@@H](O[C@H]7[C@@H](O)[C@H](O)[C@@H](O[C@H]8[C@@H](O)[C@H](O)[C@@H](O[C@H]1[C@@H](O)[C@@H]2O)O[C@@H]8COCC(C)O)O[C@@H]7COCC(C)O)O[C@@H]6COCC(C)O)O[C@@H]5COCC(C)O)O[C@@H]4COCC(C)O)O[C@@H]3COCC(C)O,7.251811972993799,1
CC(O)COC[C@H]1O[C@H]2O[C@H]3[C@@H](O)[C@H](O)[C@@H](O[C@H]4[C@@H](O)[C@@H](O)[C@@H](O[C@H]5[C@@H](O)[C@H](O)[C@@H](O[C@H]6[C@@H](O)[C@H](O)[C@@H](O[C@@H]7[C@@H](O)[C@H](O)[C@H](O[C@H]8[C@@H](O)[C@H](O)[C@@H](O[C@@H]1[C@@H](O)[C@@H]2O)O[C@@H]8COCC(C)O)O[C@@H]7COCC(C)O)O[C@@H]6COCC(C)O)O[C@@H]5COCC(C)O)O[C@@H]4COCC(C)O)O[C@@H]3COCC(C)O,7.2541448048262716,2
CC(Oc1cc(-c2noc(C(F)(F)F)n2)ccn1)c1nc2ccccc2[nH]1,6.045757490560675,3
CC(Oc1nccc(-c2noc(C(F)(F)F)n2)c1Cl)c1cccnc1,5.638272163982407,3
CC(c1nc2ccccc2o1)n1cc(/C=C/C(=O)NO)nn1,7.0655015487564325,1
CC1(C(=O)NC(Cc2ccc(-c3noc(C(F)(F)F)n3)cn2)c2cccc(C(F)(F)F)c2)COC1,5.070581074285707,3
CC1(C)C(=O)N(c2ccc(C#N)c(C(F)(F)F)c2)C(=O)N1Cc1ccc(-c2cn(CCCCCCC(=O)NO)nn2)cc1,6.161150909262744,1
CC1(C)CC(=O)Nc2ccc(C(=O)NCC3CCC(/C=C/C(=O)NO)CC3)cc21,8.823908740944319,1
CC1(C)CC(=O)Nc2ccc(C(=O)NCCCCCCC(=O)NO)cc21,7.259637310505756,3
CC1(C)CC(=O)Nc2ccc(C(=O)NC[C@H]3CC[C@@H](/C=C/C(=O)NO)CC3)cc21,7.6777807052660805,3
CC1(C)CC(=O)Nc2ccc(C(=O)NC[C@H]3CC[C@@H](CCC(=O)NO)CC3)cc21,7.619788758288394,3
CC1(C)CC(=O)Nc2ccc(C(=O)NC[C@H]3CC[C@H](/C=C/C(=O)NO)CC3)cc21,8.221848749616356,3
CC1(C)CC(=O)Nc2ccc(C(=O)NC[C@H]3CC[C@H](CCC(=O)NO)CC3)cc21,7.552841968657781,3
CC1(C)CC(=O)Nc2ccc(C(=O)NCc3ccc(/C=C/C(=O)NO)cc3)cc21,7.309803919971486,3
CC1(C)CC(=O)Nc2ccc(C(=O)NCc3cccc(/C=C/C(=O)NO)c3)cc21,6.698970004336019,3
CC1(C)CC(=O)Nc2ccc(NC(=O)CCCCCCC(=O)NO)cc21,7.481486060122112,3
CC1(C)CC(=O)c2c(C(F)(F)F)nn(Cc3ccc(C(=O)NO)cc3)c2C1,4.698970004336019,1
CC1(C)CC(C(=O)N(Cc2ccc(-c3noc(C(F)(F)F)n3)cn2)c2cccc(F)c2)CCO1,5.823908740944319,3
CC1(C)CC(c2ccccc2)N(c2ccc(-c3noc(C(F)(F)F)n3)cc2F)C1=O,4.346787486224656,3
CC1(C)CCC(C)(C)c2cc(NC(=O)c3ccc(C(=O)NO)cc3)ccc21,5.366531544420413,1
CC1(C)CCCCN1C(=O)[C@@H]1CCC(=O)N1c1ccc(-c2noc(C(F)(F)F)n2)c(F)c1,4.6020599913279625,3
CC1(C)CCCN1C(=O)[C@@H]1CCC(=O)N1c1cc(F)c(-c2noc(C(F)(F)F)n2)cc1F,4.346787486224656,3
CC1(C)CCCN1C(=O)[C@@H]1CCC(=O)N1c1ccc(-c2noc(C(F)(F)F)n2)c(F)c1,4.6020599913279625,3
CC1(C)NC(=O)C[C@H](Cc2c[nH]c3ccccc23)NC(=O)[C@H](Cc2cccc3ccccc23)NC(=O)[C@H](CCCCCC(=O)O)NC1=O,5.573488738635423,3
CC1(C)c2cccc(C(=O)NO)c2CN1c1cnc(C(F)(F)F)cn1,5.266296062420676,7
CC1(C)c2cccc(C(=O)NO)c2CN1c1nc2ccc(C(F)(F)F)cc2[nH]1,5.0,3
CC1(C)c2cccc(C(N)=O)c2CN1c1cnc(C(F)(F)F)cn1,5.0,1
CC1(C)c2ccccc2N(Cc2ccc(C(=O)NO)cc2)C1c1cccnc1,5.6612896473743985,9
CC1(C)c2ccccc2N(Cc2ccc(C(=O)NO)cc2)C1c1ccncc1,5.3334820194451185,3
CC1(Cc2ccc(-c3noc(C(F)(F)F)n3)cc2)C(=O)Nc2ccc(F)cc21,4.823908740944319,3
CC1(N)CCN(c2ncc(-c3ccc(/C=C/C(=O)NO)c(O)c3)c(-c3ccc(C#N)c(F)c3)c2C#N)CC1,7.290522222401806,2
CC1(NC(=O)CC(=O)NCc2ccc(/C=C/C(=O)NO)cc2)CCN(c2cnc(-c3cccc(Cl)c3Cl)c(N)n2)CC1,7.026872146400302,1
CC1(NC(=O)CC(=O)NCc2cccc(/C=C/C(=O)NO)c2)CCN(c2cnc(-c3cccc(Cl)c3Cl)c(N)n2)CC1,6.346787486224656,1
CC1(NC(=O)CCCC(=O)NO)CCN(c2cnc(-c3cccc(Cl)c3Cl)c(N)n2)CC1,7.443697499232712,1
CC1(NC(=O)CCCCCC(=O)NO)CCN(c2cnc(-c3cccc(Cl)c3Cl)c(N)n2)CC1,6.35261702988538,1
CC1(NC(=O)CCCCCCC(=O)NO)CCN(c2cnc(-c3cccc(Cl)c3Cl)c(N)n2)CC1,6.440093374963888,1
CC1(NC(=O)CNC(=O)c2ccc(C(=O)NO)cc2)CCN(c2cnc(-c3cccc(Cl)c3Cl)c(N)n2)CC1,6.036684488613888,1
CC1(NC(=O)c2ccc(C(=O)NO)cc2)CCN(c2cnc(-c3cccc(Cl)c3Cl)c(N)n2)CC1,6.493494967595128,1
CC1(NCC(=O)NCc2ccc(/C=C/C(=O)NO)cc2)CCN(c2cnc(-c3cccc(Cl)c3Cl)c(N)n2)CC1,5.980652481568654,4
CC1(NCC(=O)Nc2ccc(/C=C/C(=O)NO)cc2)CCN(c2cnc(-c3cccc(Cl)c3Cl)c(N)n2)CC1,7.070581074285707,1
CC1(NCc2ccc(/C=C/C(=O)NO)cc2)CCN(c2cnc(-c3cccc(Cl)c3Cl)c(N)n2)CC1,6.546681659952963,1
CC1(NCc2ccc(/C=C/C(=O)NO)cc2)CCN(c2ncc(-c3ccc(OC(F)(F)F)c(O)c3)c(-c3ccc(C#N)c(F)c3)c2C#N)CC1,6.844663962534938,1
CC1(NCc2ccc(/C=C/C(=O)NO)cc2)CCN(c2ncc(-c3ccc(OCC4(O)CC4)c(O)c3)c(-c3ccc(C#N)c(F)c3)c2C#N)CC1,7.508638306165727,1
CC1(NCc2ccc(C(=O)NCc3ccc(/C=C/C(=O)NO)cc3)cc2)CCN(c2cnc(-c3cccc(Cl)c3Cl)c(N)n2)CC1,6.240743030061056,2
CC1(NCc2ccc(C(=O)Nc3ccc(/C=C/C(=O)NO)cc3)cc2)CCN(c2cnc(-c3cccc(Cl)c3Cl)c(N)n2)CC1,6.6439741428068775,1
CC1(NCc2ccc(C(=O)Nc3ccccc3N)cc2)CCN(c2cnc(-c3cccc(Cl)c3Cl)c(N)n2)CC1,4.718171533439482,1
CC1(Nc2ccc(C(=O)NO)cc2)CCN(c2ccc(Cl)cc2)C1=O,6.387216143280265,3
CC1(Nc2ccc(C(=O)NO)cc2)CCN(c2ccc3ncccc3c2)C1=O,7.119186407719209,3
CC1(Nc2ccc(C(=O)NO)cc2)CCN(c2ccccc2)C1=O,6.229147988357855,3
CC12CC3CC(C)(C1)CC(NC(=O)/C=C/c1ccc(C(=O)NO)cc1)(C3)C2,6.207608310501745,3
CC12CC3CC(C)(C1)CC(NC(=O)CCCCCC(=O)NO)(C3)C2,5.3829996588791005,3
CC12CC3CC(C)(C1)CC(NC(=O)CCCCCCC(=O)NO)(C3)C2,6.080398976215889,3
CC12CC3CC(C)(C1)CC(NC(=O)CCCCCCCC(=O)NO)(C3)C2,5.970616222314791,3
CC12CC3CC(C)(C1)CC(NC(=O)CCCCCCCCC(=O)NO)(C3)C2,6.150580586203101,3
CC12CC3CC(C)(C1)CC(NC(=O)Nc1ccc(C(=O)NCCCCCC(=O)NO)cc1)(C3)C2,5.0,1
CC12CC3CC(C)(C1)CC(NC(=O)Nc1ccc(C(=O)NCCCCCCC(=O)NO)cc1)(C3)C2,5.0,1
CC12CC3CC(C)(C1)CC(NCc1ccc(/C=C/C(=O)NO)cc1)(C3)C2,5.987162775294828,3
CC12CC3CC(C)(C1)CC(NCc1ccc(C(=O)NO)cc1)(C3)C2,5.06398920428479,3
CC12CC3CC(C)(C1)CC(NCc1ccc(NC(=O)CCCCCCC(=O)NO)cc1)(C3)C2,6.195179321278839,3
CC12CC3CC(C)(C1)CC(NCc1ccc(NCc4ccc(C(=O)NO)cc4)cc1)(C3)C2,4.815308569182402,3
CC12CC3CC(C)(C1)CC(NCc1cccc(NC(=O)CCCCCCC(=O)NO)c1)(C3)C2,6.153044674980176,3
CC12CC3CC(C)(C1)CC(NS(=O)(=O)c1ccc(/C=C/C(=O)NO)cc1)(C3)C2,5.131943638176958,3
CC12CC3CC(C)(C1)CC(NS(=O)(=O)c1cccc(/C=C/C(=O)NO)c1)(C3)C2,6.250263684430938,3
CC1=C(C)C(=O)C(CONC(=O)CCCCCCC(=O)Nc2ccccc2)=C(C)C1=O,5.415442639474325,3
CC1CCN(c2cccc3nn(C(Cc4ccccc4)C(=O)NO)cc23)CC1,6.301029995663981,1
CC1Sc2ccc(C(=O)NO)cc2NC1=O,6.013228265733755,4
CC=C(C=C(C)C(F)(F)F)Cn1cc2ccc(C(=O)NO)cc2n1,6.131943638176958,1
CC=C(C=C(C)F)Cn1cc2ccc(C(=O)NO)cc2n1,5.9484616094846725,1
CC=C(C=C(C)OBr)Cn1cc2ccc(C(=O)NO)cc2n1,5.67264106561367,1
CC=C(C=C(C)OC(F)(F)F)Cn1cc2ccc(C(=O)NO)cc2n1,5.993106292052099,1
CC=C(C=C(C)OC)Cn1cc2ccc(C(=O)NO)cc2n1,6.014573525916998,1
CC=C(C=C(C)Oc1ccccc1)Cn1cc2ccc(C(=O)NO)cc2n1,5.697885623043799,1
CCC(/C=C/c1ccccc1)n1cc(/C=C/C(=O)NO)nn1,7.259637310505756,1
CCC(=O)C(=O)CCCC[C@@H]1NC(=O)[C@H]2CCCCN2CC(=O)[C@H]([C@@H](C)CC)NC(=O)[C@H](Cc2cn(OC)c3ccccc23)NC1=O,7.7447274948966935,1
CCC(=O)C(F)CCCC[C@@H]1NC(=O)[C@H]2CCCCN2CC(=O)[C@H]([C@@H](C)CC)NC(=O)[C@H](Cc2cn(OC)c3ccccc23)NC1=O,6.958607314841775,1
CCC(=O)C(O)CCCC[C@@H]1NC(=O)[C@H]2CCCCN2CC(=O)[C@H]([C@@H](C)CC)NC(=O)[C@H](Cc2cn(OC)c3ccccc23)NC1=O,7.4089353929735005,1
CCC(=O)C1OC1CCC[C@@H]1NC(=O)[C@H]2CCCCN2CC(=O)[C@H]([C@@H](C)CC)NC(=O)[C@H](Cc2cn(OC)c3ccccc23)NC1=O,8.301029995663981,1
CCC(=O)CCCCCC(NC(=O)c1cncs1)c1[nH]c(-c2ccccc2)nc1C(=O)N1CCOCC1,4.775208043507319,2
CCC(=O)CCCCCC(NC(=O)c1cncs1)c1[nH]c(-c2ccccc2)nc1C(=O)NC,5.1266212635908595,2
CCC(=O)CCCCCC(NC(=O)c1cncs1)c1[nH]c(-c2ccccc2)nc1C(=O)NCCN(C)C,5.272865576239511,2
CCC(=O)CCCCCC(NC(=O)c1cncs1)c1[nH]c(-c2ccccc2)nc1C(N)=O,5.327809748811747,2
CCC(=O)CCCCC[C@@H]1NC(=O)C2CCCCN2C(=O)[C@H](C(C)CC)NC(=O)[C@H](Cc2cn(OC)c3ccccc23)NC1=O,5.596879478824182,3
CCC(=O)CCCCC[C@@H]1NC(=O)C2CCN2CCCCCCOc2ccccc2-c2cnc1[nH]2,5.074739490480565,3
CCC(=O)CCCCC[C@@H]1NC(=O)C2CCN2CCCCCOc2ccccc2-c2cnc1[nH]2,4.668370282370068,3
CCC(=O)CCCCC[C@@H]1NC(=O)CN(C)CCCCOCCCCn2ccc3cc(ccc3c2=O)-c2cnc1[nH]2,6.045757490560675,1
CCC(=O)CCCCC[C@@H]1NC(=O)C[C@H](CC(C)C)NC(=O)[C@H](Cc2c[nH]c3ccccc23)NC(=O)[C@H](CCCCCC(=O)CC)NC1=O,5.853871964321762,3
CCC(=O)CCCCC[C@@H]1NC(=O)[C@@H](C)n2nncc2[C@H](CC(C)C)NC(=O)[C@H](Cc2c[nH]c3ccccc23)NC1=O,6.968709007885917,6
CCC(=O)CCCCC[C@@H]1NC(=O)[C@@H]2CCCN2C(=O)C[C@H](CC(C)C)NC(=O)[C@H](Cc2c[nH]c3ccccc23)NC1=O,6.823908740944319,6
CCC(=O)CCCCC[C@@H]1NC(=O)[C@H](C)N(C)C(=O)C[C@H](CC(C)C)NC(=O)[C@H](Cc2c[nH]c3ccccc23)NC1=O,5.678273661756907,6
CCC(=O)CCCCC[C@@H]1NC(=O)[C@H](C)NC(=O)C[C@H](CC(C)C)NC(=O)[C@H](Cc2c[nH]c3ccccc23)NC1=O,5.657577319177793,6
CCC(=O)CCCCC[C@@H]1NC(=O)[C@H](C)NC(=O)C[C@H](CC(C)C)NC(=O)[C@H](Cc2cccc3ccccc23)NC1=O,5.0,1
CCC(=O)CCCCC[C@@H]1NC(=O)[C@H](CCCCCNC(C)=O)NC(=O)C[C@H](CC(C)C)NC(=O)[C@H](Cc2c[nH]c3ccccc23)NC1=O,6.823908740944319,3
CCC(=O)CCCCC[C@@H]1NC(=O)[C@H](CCCCNC(C)=O)NC(=O)C[C@H](CC(C)C)NC(=O)[C@H](Cc2c[nH]c3ccccc23)NC1=O,6.823908740944319,3
CCC(=O)CCCCC[C@@H]1NC(=O)[C@H](CCCN=C(N)N)NC(=O)CCN(CC(C)C)C(=O)CN(CCc2c[nH]c3ccccc23)C1=O,6.1249387366083,1
CCC(=O)CCCCC[C@@H]1NC(=O)[C@H](CCCNC(=N)N)NC(=O)CCN(CC(C)C)C(=O)CN(CCc2c[nH]c3ccccc23)C1=O,6.1249387366083,2
CCC(=O)CCCCC[C@@H]1NC(=O)[C@H]2CC23CCN(C/C=C/CN2C4CCC2c2cc(ccc24)-c2cnc1[nH]2)CC3,6.045757490560675,1
CCC(=O)CCCCC[C@@H]1NC(=O)[C@H]2CC23CCN(CCCCCCCCn2ccc4cc(c(OC)cc4c2=O)-c2cnc1[nH]2)CC3,6.045757490560675,1
CCC(=O)CCCCC[C@@H]1NC(=O)[C@H]2CC23CCN(CCCCCCCCn2ccc4cc(ccc4c2=O)-c2cnc1[nH]2)CC3,6.045757490560675,1
CCC(=O)CCCCC[C@@H]1NC(=O)[C@H]2CC23CCN(CCCCCOc2ccc4cc(ccc4n2)-c2cnc1o2)CC3,6.045757490560675,1
CCC(=O)CCCCC[C@@H]1NC(=O)[C@H]2CC23CCN(CCCCCn2c(=O)ccc4cc(ccc42)-c2cnc1o2)CC3,6.045757490560675,1
CCC(=O)CCCCC[C@@H]1NC(=O)[C@H]2CC23CCN(CCCCN2C4CCC2c2c(cccc24)-c2cnc1[nH]2)CC3,6.045757490560675,1
CCC(=O)CCCCC[C@@H]1NC(=O)[C@H]2CC23CCN(CCCCN2C4CCC2c2cc(ccc24)-c2cnc1[nH]2)CC3,6.045757490560675,1
CCC(=O)CCCCC[C@@H]1NC(=O)[C@H]2CC23CCN(CCCOCCCn2ccc4cc(ccc4c2=O)-c2cnc1[nH]2)CC3,6.092588639225414,3
CCC(=O)CCCCC[C@@H]1NC(=O)[C@H]2CC23CCN(CCCOCCn2ccc4cc(ccc4c2=O)-c2cnc1[nH]2)CC3,6.045757490560675,1
CCC(=O)CCCCC[C@@H]1NC(=O)[C@H]2CC23CCN(CCOCCn2ccc4cc(ccc4c2=O)-c2cnc1[nH]2)CC3,6.045757490560675,1
CCC(=O)CCCCC[C@@H]1NC(=O)[C@H]2CCCCN2C(=O)[C@H]([C@@H](C)CC)NC(=O)[C@@H](C(=O)Cc2ccccc2)NC1=O,6.590066876668706,1
CCC(=O)CCCCC[C@@H]1NC(=O)[C@H]2CCCCN2C(=O)[C@H]([C@@H](C)CC)NC(=O)[C@@H](c2cnc3ccccc3c2Cl)NC1=O,7.173925197299173,1
CCC(=O)CCCCC[C@@H]1NC(=O)[C@H]2CCCCN2C(=O)[C@H]([C@@H](C)CC)NC(=O)[C@@H](c2cnc3ccccc3c2N2CCCCC2)NC1=O,7.886056647693163,1
CCC(=O)CCCCC[C@@H]1NC(=O)[C@H]2CCCCN2C(=O)[C@H]([C@@H](C)CC)NC(=O)[C@H](CC(=O)C(C)(C)C)NC1=O,6.35261702988538,1
CCC(=O)CCCCC[C@@H]1NC(=O)[C@H]2CCCCN2C(=O)[C@H]([C@@H](C)CC)NC(=O)[C@H](CC(=O)Cc2ccccc2)NC1=O,6.377785977033705,1
CCC(=O)CCCCC[C@@H]1NC(=O)[C@H]2CCCCN2C(=O)[C@H]([C@@H](C)CC)NC(=O)[C@H](CCOc2ccccc2)NC1=O,7.468521082957745,1
CCC(=O)CCCCC[C@@H]1NC(=O)[C@H]2CCCCN2C(=O)[C@H]([C@@H](C)CC)NC(=O)[C@H](Cc2c(-c3cc(OC)cc(OC)c3)[nH]c3ccccc23)NC1=O,9.698970004336019,1
CCC(=O)CCCCC[C@@H]1NC(=O)[C@H]2CCCCN2C(=O)[C@H]([C@@H](C)CC)NC(=O)[C@H](Cc2c(-c3ccccc3)[nH]c3ccccc23)NC1=O,8.397940008672037,1
CCC(=O)CCCCC[C@@H]1NC(=O)[C@H]2CCCCN2C(=O)[C@H]([C@@H](C)CC)NC(=O)[C@H](Cc2c[nH]c3ccccc23)NC1=O,8.698970004336019,1
CCC(=O)CCCCC[C@@H]1NC(=O)[C@H]2CCCCN2C(=O)[C@H]([C@@H](C)CC)NC(=O)[C@H](Cc2cc3ccccc3n2OC)CC1=O,9.0,1
CCC(=O)CCCCC[C@@H]1NC(=O)[C@H]2CCCCN2C(=O)[C@H]([C@@H](C)CC)NC(=O)[C@H](Cc2cn(CCN)c3ccccc23)NC1=O,8.886056647693163,1
CCC(=O)CCCCC[C@@H]1NC(=O)[C@H]2CCCCN2C(=O)[C@H]([C@@H](C)CC)NC(=O)[C@H](Cc2cn(OC)c3ccccc23)NC1=O,6.885837369004078,19
CCC(=O)CCCCC[C@@H]1NC(=O)[C@H]2CCCCN2C(=O)[C@H]([C@@H](C)CC)NC(=O)[C@H](c2cn(CC)c3ccccc3c2=O)NC1=O,6.481486060122112,1
CCC(=O)CCCCC[C@@H]1NC(=O)[C@H]2CCCCN2C(=O)[C@H]([C@@H](C)CC)NC(=O)[C@H](c2cn(OC)c3ccccc3c2=O)NC1=O,7.0655015487564325,1
CCC(=O)CCCCC[C@@H]1NC(=O)[C@H]2CCCCN2C(=O)[C@H]([C@H](C)CC)NC(=O)[C@H](Cc2cn(OC)c3ccccc23)NC1=O,6.872895201635192,3
CCC(=O)CCCCC[C@@H]1NC(=O)[C@H]2CCCCN2CC(=O)[C@H]([C@@H](C)CC)NC(=O)[C@H](Cc2cn(OC)c3ccccc23)NC1=O,9.0,1
CCC(=O)CCCCC[C@@H]1NC(=O)[C@H]2CCCCN2CC(=O)[C@H]([C@@H](C)CC)NC(=S)[C@H](Cc2cn(OC)c3ccccc23)NC1=O,7.070581074285707,1
CCC(=O)CCCCC[C@@H]1NC(=O)[C@H]2CCCCN2CC(=O)[C@H]([C@@H](C)CC)NC(=S)[C@H](Cc2cn(OC)c3ccccc23)NC1=S,7.070581074285707,1
CCC(=O)CCCCC[C@@H]1NC(=S)[C@H]2CCCCN2CC(=O)[C@H]([C@@H](C)CC)NC(=S)[C@H](Cc2cn(OC)c3ccccc23)NC1=O,7.070581074285707,1
CCC(=O)CCCCC[C@H](NC(=O)C12CCN(CC1)CC2)c1[nH]c(-c2ccc(F)cc2)nc1C#N,5.159329438666591,2
CCC(=O)CCCCC[C@H](NC(=O)C1=NOC2(CCN(C)CC2)C1)c1ncc(-c2cc3ccccc3nc2OC)[nH]1,5.53985418250825,3
CCC(=O)CCCCC[C@H](NC(=O)C1CC2(C1)CN(C)C2)c1ncc(-c2cc3ccccc3nc2OC)[nH]1,5.575608445589722,3
CCC(=O)CCCCC[C@H](NC(=O)C1CCC2(CC1)CN(C)C2)c1ncc(-c2cc3ccccc3nc2OC)[nH]1,5.710634048479968,3
CCC(=O)CCCCC[C@H](NC(=O)C1CCOCC1)c1[nH]c(-c2ccc(F)cc2)nc1C(N)=O,5.121133663043275,2
CCC(=O)CCCCC[C@H](NC(=O)C1CN(C)C1)c1[nH]c(-c2ccc(F)cc2)nc1C#N,4.706637445288554,2
CCC(=O)CCCCC[C@H](NC(=O)C1CN(C)C1)c1[nH]c(-c2ccc(F)cc2)nc1C(N)=O,5.268975620184312,2
CCC(=O)CCCCC[C@H](NC(=O)C1CN(C)C1)c1[nH]c(-c2ccccc2)nc1C(N)=O,5.265840486755533,5
CCC(=O)CCCCC[C@H](NC(=O)C1CN(C)C1)c1ncc(-c2cc3ccccc3nc2OC)[nH]1,5.769542331123389,5
CCC(=O)CCCCC[C@H](NC(=O)C1CN(C)C1)c1ncc(-c2ccccc2)[nH]1,4.825358807339551,3
CCC(=O)CCCCC[C@H](NC(=O)CC1CC2(C1)CN(C)C2)c1ncc(-c2cc3ccccc3nc2OC)[nH]1,5.589560213789653,3
CCC(=O)CCCCC[C@H](NC(=O)CN(C)C)c1[nH]c(-c2ccc(F)cc2)nc1C#N,4.530325227448202,2
CCC(=O)CCCCC[C@H](NC(=O)[C@@H]1CC12CCC(N(C)C)CC2)c1ncc(-c2cc3ccccc3nc2OC)[nH]1,5.253599355508439,3
CCC(=O)CCCCC[C@H](NC(=O)[C@@H]1CC12CCCN(C)C2)c1ncc(-c2cc3ccccc3nc2OC)[nH]1,5.036873558918096,3
CCC(=O)CCCCC[C@H](NC(=O)[C@@H]1CC12CCN(C)CC2)c1ncc(-c2cc3ccccc3nc2OC)[nH]1,4.834162375309872,3
CCC(=O)CCCCC[C@H](NC(=O)[C@@H]1CC12CCOCC2)c1ncc(-c2cc3ccccc3nc2OC)[nH]1,5.197157887260925,3
CCC(=O)CCCCC[C@H](NC(=O)[C@@H]1CC12CN(C)C2)c1ncc(-c2cc3ccccc3nc2OC)[nH]1,5.603626272463494,3
CCC(=O)CCCCC[C@H](NC(=O)[C@@H]1CCC12CCN(CC)CC2)c1ncc(-c2cc3ccccc3nc2OC)[nH]1,5.633017024022149,3
CCC(=O)CCCCC[C@H](NC(=O)[C@@H]1C[C@@]12CCN(C)C2)c1ncc(-c2cc3ccccc3nc2OC)[nH]1,4.86359655186601,3
CCC(=O)CCCCC[C@H](NC(=O)[C@@H]1C[C@]12CCN(C)C2)c1ncc(-c2cc3ccccc3nc2OC)[nH]1,5.152735898229235,3
CCC(=O)CCCCC[C@H](NC(=O)[C@H]1CC12CCC(N(C)C)CC2)c1ncc(-c2cc3ccccc3nc2OC)[nH]1,7.1249387366083,3
CCC(=O)CCCCC[C@H](NC(=O)[C@H]1CC12CCCN(C)C2)c1ncc(-c2cc3ccccc3nc2OC)[nH]1,5.556267758598405,3
CCC(=O)CCCCC[C@H](NC(=O)[C@H]1CC12CCN(C(C)=O)CC2)c1ncc(-c2cc3ccccc3nc2OC)[nH]1,5.643782865780264,3
CCC(=O)CCCCC[C@H](NC(=O)[C@H]1CC12CCN(C(C)C)CC2)c1ncc(-c2cc3ccc(C)nc3cc2OC)[nH]1,5.346787486224656,3
CCC(=O)CCCCC[C@H](NC(=O)[C@H]1CC12CCN(C(C)C)CC2)c1ncc(-c2cc3ccccc3nc2OC)[nH]1,5.246876755318287,3
CCC(=O)CCCCC[C@H](NC(=O)[C@H]1CC12CCN(C(C)C)CC2)c1ncc(-c2cc3ccccc3nc2OC)o1,4.482540173459768,3
CCC(=O)CCCCC[C@H](NC(=O)[C@H]1CC12CCN(C)CC2)c1[nH]c(-c2cc3ccccc3nc2OC)nc1C#N,4.346787486224656,1
CCC(=O)CCCCC[C@H](NC(=O)[C@H]1CC12CCN(C)CC2)c1[nH]c(-c2ccc(-c3cccnc3)cc2)nc1C#N,4.898940645091884,2
CCC(=O)CCCCC[C@H](NC(=O)[C@H]1CC12CCN(C)CC2)c1[nH]c(-c2ccc(C(F)(F)F)cc2)nc1C#N,4.716925025264528,2
CCC(=O)CCCCC[C@H](NC(=O)[C@H]1CC12CCN(C)CC2)c1[nH]c(-c2ccc(F)cc2)nc1C#N,4.775985188627136,2
CCC(=O)CCCCC[C@H](NC(=O)[C@H]1CC12CCN(C)CC2)c1[nH]c(-c2ccc(F)cc2)nc1C(N)=O,5.167363372403297,2
CCC(=O)CCCCC[C@H](NC(=O)[C@H]1CC12CCN(C)CC2)c1[nH]c(-c2ccc(F)cc2F)nc1C#N,4.683400697906139,2
CCC(=O)CCCCC[C@H](NC(=O)[C@H]1CC12CCN(C)CC2)c1[nH]c(-c2ccc3nc(C)ccc3c2)nc1C#N,5.0072256357446445,2
CCC(=O)CCCCC[C@H](NC(=O)[C@H]1CC12CCN(C)CC2)c1[nH]c(-c2ccc3nn(C)cc3c2)nc1C#N,4.905878404159439,2
CCC(=O)CCCCC[C@H](NC(=O)[C@H]1CC12CCN(C)CC2)c1[nH]c(-c2ccccc2F)nc1C#N,4.402195157595707,2
CCC(=O)CCCCC[C@H](NC(=O)[C@H]1CC12CCN(C)CC2)c1[nH]c(-c2cccnc2OC)nc1C#N,4.419303060287564,2
CCC(=O)CCCCC[C@H](NC(=O)[C@H]1CC12CCN(C)CC2)c1ncc(-c2cc3ccc(C)nc3cc2C)[nH]1,6.045757490560675,1
CCC(=O)CCCCC[C@H](NC(=O)[C@H]1CC12CCN(C)CC2)c1ncc(-c2cc3ccc(C)nc3cc2CC)[nH]1,6.045757490560675,1
CCC(=O)CCCCC[C@H](NC(=O)[C@H]1CC12CCN(C)CC2)c1ncc(-c2cc3ccc(C)nc3cc2Cl)[nH]1,6.045757490560675,1
CCC(=O)CCCCC[C@H](NC(=O)[C@H]1CC12CCN(C)CC2)c1ncc(-c2cc3ccc(C)nc3cc2F)[nH]1,6.045757490560675,1
CCC(=O)CCCCC[C@H](NC(=O)[C@H]1CC12CCN(C)CC2)c1ncc(-c2cc3ccc(C)nc3cc2F)o1,6.045757490560675,1
CCC(=O)CCCCC[C@H](NC(=O)[C@H]1CC12CCN(C)CC2)c1ncc(-c2cc3ccc(C)nc3cc2OC)[nH]1,5.4089353929735005,3
CCC(=O)CCCCC[C@H](NC(=O)[C@H]1CC12CCN(C)CC2)c1ncc(-c2cc3ccc(C)nc3cc2OC)o1,4.698970004336019,3
CCC(=O)CCCCC[C@H](NC(=O)[C@H]1CC12CCN(C)CC2)c1ncc(-c2cc3ccc(C4CC4)nc3cc2F)o1,4.619788758288394,3
CCC(=O)CCCCC[C@H](NC(=O)[C@H]1CC12CCN(C)CC2)c1ncc(-c2cc3ccc(C4CC4)nc3cc2OC)[nH]1,5.42021640338319,3
CCC(=O)CCCCC[C@H](NC(=O)[C@H]1CC12CCN(C)CC2)c1ncc(-c2cc3ccccc3[nH]c2=O)[nH]1,5.346787486224656,1
CCC(=O)CCCCC[C@H](NC(=O)[C@H]1CC12CCN(C)CC2)c1ncc(-c2cc3ccccc3n(C)c2=O)[nH]1,5.346787486224656,1
CCC(=O)CCCCC[C@H](NC(=O)[C@H]1CC12CCN(C)CC2)c1ncc(-c2cc3ccccc3nc2OC)[nH]1,5.471211808225103,3
CCC(=O)CCCCC[C@H](NC(=O)[C@H]1CC12CCN(C)CC2)c1ncc(-c2cc3ccccc3nc2OC)o1,4.6637404479858064,3
CCC(=O)CCCCC[C@H](NC(=O)[C@H]1CC12CCN(C)CC2)c1ncc(-c2cc3cccnc3cc2OC)[nH]1,5.431798275933005,3
CCC(=O)CCCCC[C@H](NC(=O)[C@H]1CC12CCN(C)CC2)c1ncc(-c2cc3cccnc3cc2OC)o1,4.769551078621726,3
CCC(=O)CCCCC[C@H](NC(=O)[C@H]1CC12CCN(C)CC2)c1ncc(-c2cc3ccncc3nc2OC)[nH]1,5.443697499232712,3
CCC(=O)CCCCC[C@H](NC(=O)[C@H]1CC12CCN(C)CC2)c1ncc(-c2ccc(-c3cccnc3)cc2)[nH]1,5.259637310505756,3
CCC(=O)CCCCC[C@H](NC(=O)[C@H]1CC12CCN(C)CC2)c1ncc(-c2ccc(-c3cccnc3)cc2)o1,5.013228265733755,3
CCC(=O)CCCCC[C@H](NC(=O)[C@H]1CC12CCN(C)CC2)c1ncc(-c2ccc(-c3ccncc3)cc2)[nH]1,5.0,3
CCC(=O)CCCCC[C@H](NC(=O)[C@H]1CC12CCN(C)CC2)c1ncc(-c2ccc(-c3cnccn3)cc2)[nH]1,5.036212172654444,3
CCC(=O)CCCCC[C@H](NC(=O)[C@H]1CC12CCN(C)CC2)c1ncc(-c2ccc3c(=O)n(C)ccc3c2)[nH]1,5.251811972993799,6
CCC(=O)CCCCC[C@H](NC(=O)[C@H]1CC12CCN(C)CC2)c1ncc(-c2ccc3c(c2)C2CCC3C2)[nH]1,5.3441895055047475,3
CCC(=O)CCCCC[C@H](NC(=O)[C@H]1CC12CCN(C)CC2)c1ncc(-c2ccc3c(ccc(=O)n3C)c2)[nH]1,4.823908740944319,1
CCC(=O)CCCCC[C@H](NC(=O)[C@H]1CC12CCN(C)CC2)c1ncc(-c2ccc3nc(-c4ncco4)ccc3c2)[nH]1,5.823908740944319,1
CCC(=O)CCCCC[C@H](NC(=O)[C@H]1CC12CCN(C)CC2)c1ncc(-c2ccc3nc(-n4cccn4)ccc3c2)[nH]1,5.823908740944319,1
CCC(=O)CCCCC[C@H](NC(=O)[C@H]1CC12CCN(C)CC2)c1ncc(-c2ccc3nc(C)ccc3c2)[nH]1,5.142667503568731,3
CCC(=O)CCCCC[C@H](NC(=O)[C@H]1CC12CCN(C)CC2)c1ncc(-c2ccc3nc(C4CC4)ccc3c2)[nH]1,5.267606240177031,3
CCC(=O)CCCCC[C@H](NC(=O)[C@H]1CC12CCN(C)CC2)c1ncc(-c2ccc3nc(CC)ccc3c2)[nH]1,5.795880017344075,3
CCC(=O)CCCCC[C@H](NC(=O)[C@H]1CC12CCN(C)CC2)c1ncc(-c2ccc3nc(N4CCCC4)ccc3c2)[nH]1,4.346787486224656,1
CCC(=O)CCCCC[C@H](NC(=O)[C@H]1CC12CCN(C)CC2)c1ncc(-c2ccc3nc(OC)ccc3c2)[nH]1,5.080921907623926,3
CCC(=O)CCCCC[C@H](NC(=O)[C@H]1CC12CCN(C)CC2)c1ncc(-c2ccc3ncccc3c2)[nH]1,5.356547323513812,3
CCC(=O)CCCCC[C@H](NC(=O)[C@H]1CC12CCN(C)CC2)c1ncc(-c2ccc3nccnc3c2)[nH]1,5.443697499232712,3
CCC(=O)CCCCC[C@H](NC(=O)[C@H]1CC12CCN(C)CC2)c1ncc(-c2ccc3nn(C)cc3c2)[nH]1,5.050609993355087,3
CCC(=O)CCCCC[C@H](NC(=O)[C@H]1CC12CCN(C)CC2)c1ncc(-c2ccc3nnccc3c2)[nH]1,4.886056647693163,3
CCC(=O)CCCCC[C@H](NC(=O)[C@H]1CC12CCN(C)CC2)c1ncc(-c2cn(C)c3ccccc3c2=O)[nH]1,5.346787486224656,1
CCC(=O)CCCCC[C@H](NC(=O)[C@H]1CC12CCN(C)CC2)c1ncc(-c2cnc3ccccc3c2)[nH]1,5.065501548756432,3
CCC(=O)CCCCC[C@H](NC(=O)[C@H]1CC12CCN(C)CC2)c1ncc(-c2cnc3ncccc3c2)[nH]1,5.4685210829577455,3
CCC(=O)CCCCC[C@H](NC(=O)[C@H]1CC12CCN(C)CC2)c1ncc(C2=CC3OC=NC3C=C2)[nH]1,5.013228265733755,3
CCC(=O)CCCCC[C@H](NC(=O)[C@H]1CC12CCN(C)CC2)c1ncc(C2=CC3SC=NC3C=C2)[nH]1,5.508638306165726,3
CCC(=O)CCCCC[C@H](NC(=O)[C@H]1CC12CCN(C)CC2)c1nnc(-c2cc3ccccc3nc2OC)[nH]1,5.714217726220606,3
CCC(=O)CCCCC[C@H](NC(=O)[C@H]1CC12CCN(C)CC2)c1nnc(-c2cc3ccccc3nc2OC)o1,4.346787486224656,3
CCC(=O)CCCCC[C@H](NC(=O)[C@H]1CC12CCN(C1CCC1)CC2)c1ncc(-c2cc3ccc(C)nc3cc2OC)[nH]1,6.045757490560675,1
CCC(=O)CCCCC[C@H](NC(=O)[C@H]1CC12CCN(CC(F)(F)F)CC2)c1ncc(-c2cc3ccccc3nc2OC)[nH]1,5.215168821875531,3
CCC(=O)CCCCC[C@H](NC(=O)[C@H]1CC12CCN(CC)CC2)c1[nH]c(-c2ccc(F)cc2)nc1C#N,5.028260409112222,2
CCC(=O)CCCCC[C@H](NC(=O)[C@H]1CC12CCN(CC)CC2)c1[nH]c(-c2ccc(F)cc2)nc1C(N)=O,5.196269829025455,5
CCC(=O)CCCCC[C@H](NC(=O)[C@H]1CC12CCN(CC)CC2)c1[nH]c2nc1C(=O)NCCC/C=C/c1cccc-2c1,6.045757490560675,1
CCC(=O)CCCCC[C@H](NC(=O)[C@H]1CC12CCN(CC)CC2)c1[nH]c2nc1C(=O)NCCC/C=C\c1cccc-2c1,7.045757490560675,3
CCC(=O)CCCCC[C@H](NC(=O)[C@H]1CC12CCN(CC)CC2)c1[nH]c2nc1C(=O)NCCCCCc1cccc-2c1,6.045757490560675,1
CCC(=O)CCCCC[C@H](NC(=O)[C@H]1CC12CCN(CC)CC2)c1ncc(-c2cc3ccc(=O)n(C)c3cc2OC)[nH]1,5.346787486224656,1
CCC(=O)CCCCC[C@H](NC(=O)[C@H]1CC12CCN(CC)CC2)c1ncc(-c2cc3ccc(=O)n(C)c3cc2OC)o1,4.823908740944319,1
CCC(=O)CCCCC[C@H](NC(=O)[C@H]1CC12CCN(CC)CC2)c1ncc(-c2cc3ccc(C)nc3cc2OC)[nH]1,5.200659450546418,3
CCC(=O)CCCCC[C@H](NC(=O)[C@H]1CC12CCN(CC)CC2)c1ncc(-c2cc3ccc(C)nc3cc2OC)o1,4.4089353929735005,3
CCC(=O)CCCCC[C@H](NC(=O)[C@H]1CC12CCN(CC)CC2)c1ncc(-c2cc3ccccc3nc2OC)[nH]1,5.400335221211583,3
CCC(=O)CCCCC[C@H](NC(=O)[C@H]1CC12CCN(CC)CC2)c1ncc(-c2cc3ccccc3nc2OC)o1,4.795880017344075,3
CCC(=O)CCCCC[C@H](NC(=O)[C@H]1CC12CCN(CC)CC2)c1ncc(-c2cc3cccnc3nc2OC)o1,5.119186407719209,3
CCC(=O)CCCCC[C@H](NC(=O)[C@H]1CC12CCN(CC)CC2)c1ncc(-c2cc3ccn(CC)c(=O)c3cc2OC)o1,4.823908740944319,1
CCC(=O)CCCCC[C@H](NC(=O)[C@H]1CC12CCN(CC)CC2)c1ncc(-c2cc3ccncc3nc2OC)o1,4.619788758288394,3
CCC(=O)CCCCC[C@H](NC(=O)[C@H]1CC12CCN(CC)CC2)c1ncc(-c2cc3cn(C)nc3cc2OC)[nH]1,5.508638306165726,3
CCC(=O)CCCCC[C@H](NC(=O)[C@H]1CC12CCN(CC)CC2)c1ncc(-c2cc3cn(C)nc3cc2OC)o1,4.568636235841013,3
CCC(=O)CCCCC[C@H](NC(=O)[C@H]1CC12CCN(CC)CC2)c1ncc(-c2cc3nccnc3cc2OC)[nH]1,6.045757490560675,1
CCC(=O)CCCCC[C@H](NC(=O)[C@H]1CC12CCN(CC)CC2)c1ncc(-c2ccc(-c3ccccc3)[nH]c2=O)[nH]1,4.346787486224656,1
CCC(=O)CCCCC[C@H](NC(=O)[C@H]1CC12CCN(CC)CC2)c1ncc(-c2ccc3c(=O)n(CC)ccc3c2)[nH]1,5.203356296214883,3
CCC(=O)CCCCC[C@H](NC(=O)[C@H]1CC12CCN(CC)CC2)c1ncc(-c2ccc3ccncc3c2)[nH]1,5.5376020021010435,3
CCC(=O)CCCCC[C@H](NC(=O)[C@H]1CC12CCN(CC)CC2)c1ncc(-c2ccc3cnccc3c2)[nH]1,5.552841968657781,3
CCC(=O)CCCCC[C@H](NC(=O)[C@H]1CC12CCN(CC)CC2)c1nnc(-c2cc3ccccc3nc2OC)[nH]1,5.524619406856639,3
CCC(=O)CCCCC[C@H](NC(=O)[C@H]1CC12CCN(CC1CC1)CC2)c1ncc(-c2cc3ccc(C)nc3cc2OC)[nH]1,6.045757490560675,1
CCC(=O)CCCCC[C@H](NC(=O)[C@H]1CC12CCN(CC1CC1)CC2)c1ncc(-c2cc3ccc(C4CC4)nc3cc2OC)[nH]1,6.045757490560675,1
CCC(=O)CCCCC[C@H](NC(=O)[C@H]1CC12CCN(CC1CC1)CC2)c1ncc(-c2cc3ccc(CC)nc3cc2OC)[nH]1,6.045757490560675,1
CCC(=O)CCCCC[C@H](NC(=O)[C@H]1CC12CCN(CC1CC1)CC2)c1ncc(-c2cc3ccccc3nc2OC)[nH]1,5.504594436853807,3
CCC(=O)CCCCC[C@H](NC(=O)[C@H]1CC12CCN(CCC(F)(F)F)CC2)c1ncc(-c2cc3ccccc3nc2OC)[nH]1,4.851089006890644,3
CCC(=O)CCCCC[C@H](NC(=O)[C@H]1CC12CCN(Cc1ccc(OC)cc1)CC2)c1ncc(-c2cc3ccccc3nc2OC)[nH]1,5.490663041982356,3
CCC(=O)CCCCC[C@H](NC(=O)[C@H]1CC12CCN(Cc1ccccc1)CC2)c1ncc(-c2cc3ccccc3nc2OC)[nH]1,5.08634506491338,3
CCC(=O)CCCCC[C@H](NC(=O)[C@H]1CC12CCN(Cc1cccnc1)CC2)c1ncc(-c2cc3ccccc3nc2OC)[nH]1,5.307681955740721,3
CCC(=O)CCCCC[C@H](NC(=O)[C@H]1CC12CCOCC2)c1ncc(-c2cc3ccccc3nc2OC)[nH]1,5.5101820916985496,3
CCC(=O)CCCCC[C@H](NC(=O)[C@H]1CC12CN(C)C2)c1ncc(-c2cc3ccccc3nc2OC)[nH]1,5.693789491832239,3
CCC(=O)CCCCC[C@H](NC(=O)[C@H]1CCC12CCN(CC)CC2)c1ncc(-c2cc3ccccc3nc2OC)[nH]1,5.532539890492736,3
CCC(=O)CCCCC[C@H](NC(=O)[C@H]1C[C@@]12CCN(C)C2)c1ncc(-c2cc3ccccc3nc2OC)[nH]1,5.480303232840146,3
CCC(=O)CCCCC[C@H](NC(=O)[C@H]1C[C@]12CCN(C)C2)c1ncc(-c2cc3ccccc3nc2OC)[nH]1,5.412064651363644,3
CCC(=O)CCCCC[C@H](NC(=O)c1ccon1)c1[nH]c(-c2ccc(F)cc2)nc1C#N,4.790753151246626,2
CCC(=O)CCCCC[C@H](NC(=O)c1cncs1)c1[nH]c(-c2ccc(F)cc2)nc1C#N,4.911509529817604,2
CCC(=O)CCCCC[C@H]1NC(=O)[C@H]2CCCCN2C(=O)[C@H]([C@@H](C)CC)NC(=O)[C@@H](Cc2cn(OC)c3ccccc23)NC1=O,6.13919099416242,3
CCC(=O)CCCCCc1[nH]c(O)c2n(c(O)c([C@@H](C)CC)[nH]c(=O)c(CC(O)c3ccccc3[N+](=O)[O-])nc1O)CCCC2,7.040958607678906,1
CCC(=O)CCCC[C@@H]1NC(=O)[C@H]2CCCCN2C(=O)C([C@@H](C)CC)NC(=O)C(Cc2c[nH]c3ccccc23)NC1=O,9.522878745280337,1
CCC(=O)CCCSC[C@@H]1NC(=O)[C@H](C)NC(=O)C[C@H](CC(C)C)NC(=O)[C@H](Cc2c[nH]c3ccccc23)NC1=O,5.308919408602063,6
CCC(=O)CCSC[C@@H]1NC(=O)[C@H](C)NC(=O)C[C@H](CC(C)C)NC(=O)[C@H](Cc2c[nH]c3ccccc23)NC1=O,5.0,2
CCC(=O)Cc1ccc2ccn(Cc3ccc(OC)cc3)c2c1,3.6197887582883936,2
CCC(=O)N(Cc1ccc(-c2noc(C(F)(F)F)n2)cc1)c1cccc(C(F)(F)F)c1,5.5376020021010435,3
CCC(=O)c1ccc2ccn(Cc3ccc(OC)cc3)c2c1,3.920818753952375,2
CCC(C(=O)Nc1ccc(/C=C/C(=O)NO)nc1)c1ccccc1,6.982966660701219,3
CCC(C(=O)Nc1ccc(/C=C/C(=O)Nc2ccccc2N)nc1)c1ccccc1,4.448550002027125,3
CCC(C(=O)Nc1ccc(C(=O)NO)cc1)c1ccccc1,7.267606240177031,1
CCC(C(=O)Nc1ccc(C(=O)NO)nc1)c1ccccc1,6.015922966097169,3
CCC(C(=O)Nc1ccc(C(=O)Nc2ccccc2N)nc1)c1ccccc1,4.1791420105603,3
CCC(C)C(c1nc2ccccc2o1)n1cc(/C=C/C(=O)NO)nn1,8.397940008672037,1
CCC(C)[C@@H]1NC(=O)[C@@H](Cc2ccc(OC)cc2)NC(=O)[C@H](CCCCCC(=O)C(F)(F)C(F)(F)F)NC(=O)[C@H]2CCCN2C1=O,6.107905397309519,1
CCC(C)[C@@H]1NC(=O)[C@@H](Cc2ccc(OC)cc2)NC(=O)[C@H](CCCCCC(=O)C(F)(F)F)NC(=O)[C@H]2CCCN2C1=O,6.431798275933005,1
CCC(C)[C@@H]1NC(=O)[C@@H](Cc2ccc(OC)cc2)NC(=O)[C@H](CCCCSCC(=O)C(F)(F)F)NC(=O)[C@H]2CCCN2C1=O,6.638272163982407,1
CCC(CC)(c1ccc(C(=O)NCCCCC(=O)NO)cc1)c1ccc(OCC(O)C(C)(C)C)c(C)n1,6.4806100241902245,3
CCC(CC)c1ccc(C(=O)NO)cc1,5.025488307262672,3
CCC(CCCC(=O)Nc1ccccc1)CCC(=O)NO,6.378010476850313,4
CCC(CCCCCC(=O)Nc1ccccc1)C(=O)NO,3.3477536589966768,1
CCC(CCCCC[C@@H]1NC(=O)[C@H]2CCCCN2CC(=O)[C@H]([C@@H](C)CC)NC(=O)[C@H](Cc2cn(OC)c3ccccc23)NC1=O)SC(C)=O,7.136677139879544,1
CCC(N)CCCCC[C@@H]1NC(=O)[C@H]2CCCCN2CC(=O)[C@H]([C@@H](C)CC)NC(=O)[C@H](Cc2cn(OC)c3ccccc23)NC1=O,6.84163750790475,1
CCC/C=C/c1c(-c2ccccc2)nnn1[C@@H](Cc1ccccc1)C(=O)NO,6.3334820194451185,3
CCCC(/C=C/c1ccccc1)n1cc(/C=C/C(=O)NO)nn1,6.8794260687941495,1
CCCC(=O)CCCCC[C@@H]1NC(=O)[C@H]2CCCCN2CC(=O)[C@H]([C@@H](C)CC)NC(=O)[C@H](Cc2cn(OC)c3ccccc23)NC1=O,9.0,1
CCCC(=O)NC(Cc1ccc(-c2noc(C(F)(F)F)n2)cn1)c1cccc(C(F)(F)F)c1,4.346787486224656,3
CCCC(=O)NCc1ccc(C(=O)Nc2ccccc2N)cc1,5.221848749616356,1
CCCC(=O)NO,4.585026652029182,3
CCCC(=O)Nc1ccc(C(=O)NO)cc1,5.823908740944319,1
CCCC(=O)Nc1ccc(CCC(=O)NO)cc1,5.795880017344075,1
CCCC(=O)O,4.823908740944319,3
CCCC(=O)[O-],3.9248969060913788,3
CCCC(=O)[O-].[Na+],4.823908740944319,2
CCCC(CCC)C(=O)NCCSS(C)(=O)=O,4.756961951313706,1
CCCC(CCC)C(=O)NO,4.4089353929735005,3
CCCC(CCC)C(=O)N[C@@H](Cc1ccccc1)C(=O)NNc1ccccc1,5.8124792791635365,3
CCCC(CCC)C(=O)N[C@@H](Cc1ccccc1)C(=O)NO,8.541623311947653,3
CCCC(CCC)C(=O)Nc1ccc(CC(=O)Nc2ccccc2N)cc1,4.096910013008056,1
CCCC(CCC)C(=O)Nc1ccc(CCC(=O)NO)cc1,5.301029995663981,1
CCCC(CCC)C(=O)O,3.5122447476012337,7
CCCC(CCC)C(=O)OCCSS(C)(=O)=O,5.017728766960431,1
CCCC(CCC)C(=O)Oc1ccc(-c2cc(=S)ss2)cc1,4.248720896016658,1
CCCC(CCCCCC(=O)Nc1ccccc1)C(=O)NO,3.8124792791635373,1
CCCCC(/C=C/c1ccccc1)n1cc(/C=C/C(=O)NO)nn1,6.863279432843593,1
CCCCC(=O)NCc1ccc(C(=O)NO)cc1,5.443697499232712,1
CCCCC(CCCC(=O)NO)CCC(=O)Nc1ccccc1,6.366531544420414,3
CCCCC(CCCC(=O)Nc1ccccc1)CCC(=O)NO,6.417007242801571,4
CCCCC(CCCCCC(=O)Nc1ccccc1)C(=O)NO,4.142667503568732,1
CCCCCC(CCCCCC(=O)Nc1ccccc1)C(=O)NO,5.886056647693163,3
CCCCCCC(=O)N(O)C1CC(=O)C(c2ccc(Cl)cc2)C1=O,5.114073660198569,3
CCCCCCC(CCCC(=O)NO)CCC(=O)Nc1ccccc1,6.376750709602099,3
CCCCCCC(CCCC(=O)Nc1ccccc1)CCC(=O)NO,6.382241868936258,4
CCCCCCC(CCCCCC(=O)Nc1ccccc1)C(=O)NO,5.698970004336019,3
CCCCCCCC(=O)SCC/C=C(\F)[C@@H]1CC(=O)NCc2nc(cs2)C2=N[C@@](C)(CS2)C(=O)N[C@@H](C(C)C)C(=O)O1,6.593459819566045,3
CCCCCCCC(=O)SCC/C=C/[C@@H]1CC(=O)NCc2nc(cs2)C2=N[C@@](C)(CS2)C(=O)N[C@@H](C(C)C)C(=O)O1,6.0249526561324815,8
CCCCCCCC(=O)SCC/C=C/[C@@H]1CC(=O)N[C@H](C(C)C)C(=O)N[C@H](C)C(=O)N[C@H](C(C)C)C(=O)NCC(=O)O1,4.844663962534939,3
CCCCCCCC(NO)Nc1ccc(C2=C(c3ccc(C#N)c(F)c3)N=C(N3CCC(N)CC3)N3C=CNC23)cc1O,7.142667503568731,1
CCCCCCCCCCCCCCCCNNC(=O)c1ccc(N(C)C)cc1,4.0,1
CCCCCCCCCCCCCCCCNNC(=O)c1cccs1,4.610924374808178,6
CCCCCCCCCCCCOc1c(CC)cc(Cc2cnc(N)nc2N)cc1CC,6.823908740944319,1
CCCCCCCCN(Cc1ccccc1)Cc1ccc(/C=C/C(=O)NO)o1,5.5934598195660445,1
CCCCCCCCSSCC/C=C/[C@@H]1CC(=O)N[C@H](C(C)C)C(=O)N[C@H](C)C(=O)N[C@H](C(C)C)C(=O)NCC(=O)O1,5.096367483915762,3
CCCCCCCC[C@@H]1NC(=O)[C@H]2CCCCN2CC(=O)[C@H]([C@@H](C)CC)NC(=O)[C@H](Cc2cn(OC)c3ccccc23)NC1=O,7.214670164989233,1
CCCCCCCCc1nc2cc(/C=C/C(=O)NO)ccc2n1CCCO,6.228631362170379,10
CCCCCCCNC(=O)Nc1cc(/C=C/C(=O)NO)ccc1OCCN(CC)CC,6.3872161432802645,1
CCCCCCCNNC(=O)c1ccc(N2CCN(C)CC2)cc1,8.267606240177031,3
CCCCCCN(Cc1ccccc1)Cc1ccc(/C=C/C(=O)NO)o1,5.576754126063192,1
CCCCCCN(NC(=O)c1ccc(CNC(=O)CN2CCC(c3ccc(NC4CCC(=O)NC4=O)cc3)CC2)cc1)C(=O)OC(C)(C)C,4.779891911959945,3
CCCCCCNC(=O)Nc1cc(/C=C/C(=O)NO)ccc1OCCN(CC)CC,6.517126416391246,1
CCCCCCNC(=O)[C@@H]1Cc2ccc(OCC(=O)NO)cc2CN1,5.238824186844269,1
CCCCCCNC(=O)[C@@H]1Cc2ccc(OCC(=O)NO)cc2CN1.Cl,5.238824186844269,2
CCCCCCNC(=O)[C@@H]1Cc2ccc(OCC(=O)NO)cc2CN1C(=O)OC(C)(C)C,5.354577730650907,3
CCCCCCNC(=O)[C@H](CCC(=O)O)NC(=O)Cc1ccc(-c2ccccc2)cc1,5.0,1
CCCCCCNC(=O)[C@H](CCC(=O)O)NC(=O)Cc1ccc(Br)cc1,5.0,1
CCCCCCNC(=O)[C@H](CCC(=O)O)NC(=O)Cc1ccc(Cl)cc1,5.0,1
CCCCCCNC(=O)[C@H](CCC(=O)O)NC(=O)Cc1ccc(Cl)cc1Cl,5.0,1
CCCCCCNC(=S)Nc1cc(/C=C/C(=O)NO)ccc1OCCN(CC)CC,6.7281583934635005,1
CCCCCCNNC(=O)c1ccc(-c2ccc(CNC(C)=O)cc2)cc1,7.443697499232712,3
CCCCCCNNC(=O)c1ccc(CNC(=O)CN2CCC(c3ccc(NC4CCC(=O)NC4=O)cc3)CC2)cc1,5.568636235841012,3
CCCCCCNNC(=O)c1ccc(CNC(C)=O)cc1,6.9300604567993815,6
CCCCCCNNC(=O)c1ccc(N2CCN(C)CC2)cc1,8.119186407719209,3
CCCCCCNNC(=O)c1cccc(NCc2ccccc2)c1,7.337242168318426,3
CCCCCCNNC(=O)c1cnc(N2CCN(CCc3c[nH]c4ccccc34)CC2)nc1,7.886056647693163,3
CCCCCCNNC(=O)c1cnc(N2CCN(CCc3cn(C)c4ccccc34)CC2)nc1,7.638272163982407,3
CCCCCCNNC(=O)c1cnc(N2CCN(Cc3c[nH]c4ccccc34)CC2)nc1,8.229147988357855,3
CCCCCCNNC(=O)c1cnc(N2CCN(Cc3cn(C)c4ccccc34)CC2)nc1,7.853871964321762,3
CCCCCCNNC(=O)c1cnc(NCCc2ccccc2)nc1,7.552841968657781,3
CCCCCCNNC(=O)c1cnc(NCc2ccc(CNC(C)=O)cc2)nc1,7.721246399047171,3
CCCCCCNNC(=O)c1cnc(NCc2cccc3ccccc23)nc1,7.200659450546418,3
CCCCCCNNC(=O)c1cnc(NCc2ccccc2)nc1,7.795880017344075,3
CCCCCC[C@@H](CCCCCC(=O)Nc1ccccc1)C(=O)NO,5.508638306165726,3
CCCCCC[C@H](CCCCCC(=O)Nc1ccccc1)C(=O)NO,6.1487416512809245,3
CCCCCN(CCc1ccc2c(c1)OCO2)Cc1ccc(/C=C/C(=O)NO)o1,5.45717457304082,1
CCCCCNC(=O)Nc1cc(/C=C/C(=O)NO)ccc1OCCN(CC)CC,6.730487055782083,1
CCCCCNC(=O)Nc1cc(/C=C/C(=O)NO)ccc1SCCN(CC)CC,6.686132779630847,1
CCCCCNC(=O)[C@@H]1Cc2ccc(OCC(=O)NO)cc2CN1,5.450996737974212,1
CCCCCNC(=O)[C@@H]1Cc2ccc(OCC(=O)NO)cc2CN1.Cl,5.450996737974212,2
CCCCCNC(=O)[C@@H]1Cc2ccc(OCC(=O)NO)cc2CN1C(=O)OC(C)(C)C,5.51999305704285,3
CCCCCNC(=S)Nc1cc(/C=C/C(=O)NO)ccc1OCCN(CC)CC,6.665546248849069,1
CCCCCNC(=S)SC[C@H](NC(C)=O)C(=O)O,2.4948500216800937,1
CCCCCNNC(=O)c1ccc(-c2ccc(CNC(C)=O)cc2)cc1,6.455931955649724,3
CCCCCNNC(=O)c1ccc(Br)cc1,5.3124710387853655,1
CCCCCNNC(=O)c1ccc(N2CCN(C)CC2)cc1,7.794076088426792,3
CCCCCNc1nc(Cl)nc2c1ncn2CCCC(=O)NCc1ccc(C(=O)Nc2ccccc2N)cc1,5.464705879957229,1
CCCCCNc1nc(Cl)nc2c1ncn2Cc1ccc(C(=O)Nc2ccc(Br)cc2N)cc1,4.728623128105926,1
CCCCCNc1nc(Cl)nc2c1ncn2Cc1ccc(C(=O)Nc2ccc(C)cc2N)cc1,5.692503962086787,1
CCCCCNc1nc(Cl)nc2c1ncn2Cc1ccc(C(=O)Nc2ccc(F)cc2N)cc1,5.543633966870956,1
CCCCCOc1ccc(/C=C/C(=O)NO)c(-c2ccccc2)c1,6.730487055782082,3
CCCCCc1c(-c2ccccc2)nnn1[C@@H](Cc1ccccc1)C(=O)NO,6.795880017344075,3
CCCCN(CCc1c(C)[nH]c2ccccc12)Cc1ccc(/C=C/C(=O)NNCCC)cc1,5.0,1
CCCCN(Cc1ccc(C(=O)NO)cc1)C(=O)CCCCn1cc(COc2cccc(Cc3cnc(NC(=O)CSc4nc(C)cc(C)n4)s3)c2)nn1,5.531652669587842,3
CCCCN(Cc1ccc(C(=O)NO)cc1)C(=O)Nc1ccc(CN)cc1,6.211831628858832,3
CCCCN(Cc1ccc(C(=O)NO)cc1)C(=O)Nc1ccc(OCCCCCn2cc(CNc3cccc4c3C(=O)N(C3CCC(=O)NC3=O)C4=O)nn2)cc1,6.522878745280337,1
CCCCN(Cc1ccc(C(=O)NO)cc1)C(=O)Nc1ccccc1,5.974475370108768,16
CCCCN(Cc1ccc(C(=O)NO)cc1)C(=O)Nc1ccccc1OC,6.30715308072277,3
CCCCN(Cc1ccccc1)Cc1ccc(/C=C/C(=O)NO)o1,6.267606240177031,1
CCCCNC(=O)C(Cc1c[nH]c2ccccc12)NC(=O)c1ccc(/C=C/C(=O)NO)cc1,7.096910013008056,1
CCCCNC(=O)Nc1cc(/C=C/C(=O)NO)ccc1SCCN(CC)CC,6.764471553092451,1
CCCCNC(=O)[C@@H](NC(=O)c1ccc(C(=O)NO)cc1)c1c[nH]c2ccccc12,5.758951849328356,1
CCCCNC(=O)[C@H](Cc1c[nH]c2ccccc12)NC(=O)/C=C/c1ccc(C(=O)NO)cc1,7.070581074285707,1
CCCCNC(=S)Nc1cc(/C=C/C(=O)NO)ccc1OCCN(CC)CC,6.886056647693163,1
CCCCNC(=S)SC[C@H](NC(C)=O)C(=O)O,2.4609239012072237,1
CCCCNNC(=O)c1ccc(-c2cc(C(=O)OCC)ccc2F)cc1,5.4089353929735005,4
CCCCNNC(=O)c1ccc(-c2cc(C)cc(F)c2)cc1,5.443697499232712,4
CCCCNNC(=O)c1ccc(-c2ccc(CNC(C)=O)cc2)cc1,6.443697499232712,3
CCCCNNC(=O)c1ccc(-c2cccc(F)c2F)cc1,5.638272163982407,4
CCCCNNC(=O)c1ccc(-c2ccccc2)cc1,5.614393726401689,10
CCCCNNC(=O)c1ccc(Br)cc1,5.64086243035621,15
CCCCNNC(=O)c1ccc(C(C)(C)C)cc1,7.139390772974022,5
CCCCNNC(=O)c1ccc(CN=[N+]=[N-])cc1,6.052566278112949,4
CCCCNNC(=O)c1ccc(C[N-][N+]#N)cc1,6.050609993355087,1
CCCCNNC(=O)c1ccc(N(C)C)cc1,5.135513030649311,5
CCCCNNC(=O)c1ccc(N2CCN(C)CC2)cc1,7.090444629977739,3
CCCCNc1nc(Cl)nc2c1ncn2CCCC(=O)NCc1ccc(C(=O)Nc2ccccc2N)cc1,6.022276394711152,1
CCCCNc1nc(Cl)nc2c1ncn2Cc1ccc(C(=O)Nc2ccc(Br)cc2N)cc1,5.690369832574101,1
CCCCNc1nc(Cl)nc2c1ncn2Cc1ccc(C(=O)Nc2ccc(C)cc2N)cc1,5.995678626217357,1
CCCCNc1nc(Cl)nc2c1ncn2Cc1ccc(C(=O)Nc2ccc(F)cc2N)cc1,5.892790030352131,1
CCCCNc1nc(Cl)nc2c1ncn2Cc1ccc(C(=O)Nc2ccccc2N)cc1,6.405604239160895,4
CCCCOc1c(CCC)cc(Cc2cnc(N)nc2N)cc1CCC,6.886056647693163,1
CCCCOc1ccc(/C=C/C(=O)NO)c(-c2ccccc2)c1,6.539102157243452,3
CCCCOc1ccc(C(=O)NOCc2ccc(/C=C/C(=O)NO)cc2)cc1,5.321032576499773,2
CCCCS(=O)(=O)NC1CCc2ccc(C(=O)NO)cc2C1,6.040958607678906,3
CCCC[C@H](NC(=O)C1CN(C)C1)c1ncc(-c2cc3ccccc3nc2OC)[nH]1,4.769551078621726,1
CCCC[C@H](NC(=O)Cc1c[nH]c2ccc(OC)cc12)c1ncc(-c2cc3ccccc3nc2OC)[nH]1,6.065501548756432,1
CCCC[C@H](NC(=O)Cc1c[nH]c2ccccc12)c1ncc(-c2cc3ccccc3nc2OC)[nH]1,4.3979400086720375,1
CCCC[C@H](NC(=O)[C@H](C)c1c(C)[nH]c2ccc(O)cc12)c1ncc(-c2cc3ccccc3nc2OC)[nH]1,5.93080649507819,3
CCCC[C@H](NC(=O)[C@H](C)c1c(C)[nH]c2ccc(OC)cc12)c1ncc(-c2cc3ccccc3nc2OC)[nH]1,6.522878745280337,1
CCCC[C@H](NC(=O)[C@H](CN)c1c(C)[nH]c2ccc(O)cc12)c1ncc(-c2cc3ccccc3nc2OC)[nH]1,5.454537471395614,3
CCCC[C@H](NC(=O)[C@H](CN)c1c(C)[nH]c2ccc(OC)cc12)c1ncc(-c2cc3ccccc3nc2OC)[nH]1,5.670849418152216,3
CCCC[C@H]1NC(=O)C[C@@H](/C=C/CCS)OC(=O)C[C@H](O)[C@@H]([C@@H](C)CC)NC(=O)[C@@H](CS)NC1=O,6.0,3
CCCC[C@H]1NC(=O)C[C@H]2/C=C/CCSSC[C@@H](NC1=O)C(=O)N[C@H]([C@@H](C)CC)[C@@H](O)CC(=O)O2,4.522878745280337,3
CCCCc1ccc(-c2nc3ccc(C(=O)NO)cc3[nH]2)cc1,6.721246399047171,3
CCCCc1nc2cc(/C=C/C(=O)NO)ccc2n1CCN(C)C,5.624885315307775,3
CCCCc1nc2cc(/C=C/C(=O)NO)ccc2n1CCN(CC)CC,6.300512308308706,7
CCCN(CCC)C[C@@H](C)NC(=O)c1ccc(-c2noc(C(F)(F)F)n2)cc1,5.533921187895867,4
CCCN(CCCCOCCOCCOCC(=O)N[C@H](C(=O)N1C[C@H](O)C[C@H]1C(=O)NCc1ccc(-c2scnc2C)cc1)C(C)(C)C)C[C@@H](C)NC(=O)c1ccc(-c2noc(C(F)(F)F)n2)cc1,5.366531544420413,1
CCCN(CCCCOCCOCCOCCOCC(=O)N[C@H](C(=O)N1C[C@H](O)C[C@H]1C(=O)NCc1ccc(-c2scnc2C)cc1)C(C)(C)C)C[C@@H](C)NC(=O)c1ccc(-c2noc(C(F)(F)F)n2)cc1,5.552841968657781,1
CCCN(CCc1ccc2c(c1)OCO2)Cc1ccc(/C=C/C(=O)NO)o1,5.798602875679549,1
CCCN(Cc1ccc(C(=O)NO)cc1)C(=O)c1cc2c([nH]c3ccccc32)c(-c2ccc(OC)cc2)n1,6.585026652029182,1
CCCN(Cc1ccccc1)Cc1ccc(/C=C/C(=O)NO)o1,6.769551078621726,1
CCCN1CC(=O)N2Cc3c(c4ccccc4n3Cc3ccc(C(=O)NO)cc3)CC2C1=O,6.126679398184602,3
CCCN1CC(=O)N2[C@H](Cc3c(n(Cc4ccc(C(=O)NO)cc4)c4ccccc34)[C@@H]2C)C1=O,6.774690718274137,3
CCCN1CCC2(CC1)C[C@@H]2C(=O)N[C@@H](CCCCCC(=O)CC)c1ncc(-c2cc3ccccc3nc2OC)[nH]1,5.6918626213619605,3
CCCNC(=O)Nc1cc(/C=C/C(=O)NO)ccc1OCCN(CC)CC,6.630784142589857,1
CCCNC(=O)Nc1cc(/C=C/C(=O)NO)ccc1SCCN(CC)CC,6.703334809738469,1
CCCNC(=O)[C@@H](NC(=O)c1ccc(C(=O)NO)cc1)c1c[nH]c2ccccc12,5.781464494783473,1
CCCNC(=S)Nc1cc(/C=C/C(=O)NO)ccc1OCCN(CC)CC,6.6777807052660805,1
CCCNNC(=O)/C=C/c1ccc(CNCCc2c(C)[nH]c3ccccc23)cc1.O=C(O)C(F)(F)F,5.7557228791981565,2
CCCNNC(=O)C=Cc1ccc(CNCCc2c(C)[nH]c3ccccc23)cc1,5.7557228791981565,1
CCCNNC(=O)CCCCCCC(=O)Nc1ccccc1,5.0,1
CCCNNC(=O)CCCCCCNC(=O)c1cnc(-c2ccc(Br)cc2)s1,5.0,1
CCCNNC(=O)CCCCCCNC(=O)c1cnc(-c2ccc(F)cc2F)s1,5.0,1
CCCNNC(=O)CCCCCCNC(=O)c1cnc(-c2ccc(NC(=O)OC(C)(C)C)cc2)s1,5.0,1
CCCNNC(=O)CCCCCCNC(=O)c1cnc(-c2ccc(Oc3ccccc3)cc2)s1,5.0,1
CCCNNC(=O)CCCCCCNC(=O)c1cnc(-c2ccc3[nH]ccc3c2)s1,5.0,1
CCCNNC(=O)CCCCCCNC(=O)c1cnc(-c2ccc3ccccc3c2)s1,5.0,1
CCCNNC(=O)CCCCCNC(=O)c1cnc(-c2ccc(Oc3ccccc3)cc2)s1,5.0,1
CCCNNC(=O)CCCCCNCc1ccc(-c2cccc(-c3ccccc3)c2C)nc1OC,5.0,1
CCCNNC(=O)CCCCNCc1ccc(-c2cccc(-c3ccccc3)c2C)nc1OC,5.0,1
CCCNNC(=O)CCCNCc1ccc(-c2cccc(-c3ccccc3)c2C)nc1OC,5.0,1
CCCNNC(=O)c1ccc(-c2ccc(CNC(C)=O)cc2)cc1,6.154901959985743,3
CCCNNC(=O)c1ccc(CNC(=O)/C=C/c2ccccc2)cc1,5.301029995663981,1
CCCNNC(=O)c1ccc(CNC(=O)/C=C/c2cccnc2)cc1,5.0,1
CCCNNC(=O)c1ccc(CNC(=O)[C@H](CC(C)C)NC(=O)[C@@H](O)[C@H](N)Cc2ccccc2)cc1,5.332547047110046,1
CCCNNC(=O)c1ccc(CNC(=O)[C@H](CC(C)C)NC(=O)[C@@H](O)[C@H](N)Cc2ccccc2)cc1.Cl,5.332547047110046,2
CCCNNC(=O)c1ccc(CNC(=O)c2cc3ccccc3[nH]2)cc1,5.301029995663981,1
CCCNNC(=O)c1ccc(CNC(=O)c2cc3cnccc3[nH]2)cc1,5.0,1
CCCNNC(=O)c1ccc(CNC(=O)c2cnc(-c3ccc(F)cc3)[nH]2)cc1,5.0,1
CCCNNC(=O)c1ccc(CNC(=O)c2cnc(-c3ccc(OC)cc3)[nH]2)cc1,5.0,1
CCCNNC(=O)c1ccc(CNC(=O)c2cnc(-c3ccc4c(c3)OCCO4)[nH]2)cc1,5.0,1
CCCNNC(=O)c1ccc(CNC(=O)c2cnc(-c3ccc4ccccc4c3)[nH]2)cc1,5.0,1
CCCNNC(=O)c1ccc(CNC(=O)c2cnc(-c3ccc4occc4c3)[nH]2)cc1,5.0,1
CCCNNC(=O)c1ccc(CNC(=O)c2cnc(-c3cccc4ccccc34)[nH]2)cc1,5.0,1
CCCNNC(=O)c1ccc(CNC(=O)c2cnc(-c3ccccc3)[nH]2)cc1,5.0,1
CCCNNC(=O)c1ccc(CNC(=O)c2cnc(-c3ccnc4ccccc34)[nH]2)cc1,5.0,1
CCCNNC(=O)c1ccc(CNC(=O)c2ncc(CNc3ccccc3)s2)cc1,5.0,1
CCCNNC(=O)c1ccc(Cn2c3ccccc3c3c(-c4ccccn4)nc4ccccc4c32)cc1,5.0,1
CCCNNC(=O)c1ccc(N2CCN(C)CC2)cc1,7.030895075579367,3
CCCNNC(=O)c1ccc(NC(=O)Cc2ccccc2)cc1,5.524183586968682,3
CCCNNC(=O)c1ccc(NC(=O)[C@H](Cc2c[nH]c3ccccc23)NC(=O)c2ccc(OC)cc2)cc1,6.253988906237957,3
CCCNNC(=O)c1ccc(NC(=O)c2cnc(-c3cc4ccc5cccc6ccc(c3)c4c56)s2)cc1,5.0,1
CCCNNC(=O)c1ccc(NC(=O)c2cnc(-c3ccc(OC(F)(F)F)cc3)s2)cc1,5.0,1
CCCNNC(=O)c1ccc(NC(=O)c2cnc(-c3ccccc3C)s2)cc1,5.0,1
CCCNNC(=O)c1ccc(Nc2ccccc2)cc1,5.6285626825958985,3
CCCNNC(=O)c1cnc(N2CCN(C)CC2)nc1,6.6020599913279625,3
CCCNNC(=O)c1cnc(N2CCN(Cc3c[nH]c4ccccc34)CC2)nc1,8.086186147616283,3
CCCNNC(=O)c1cnc(NCCNCc2ccc(-c3cccc(-c4ccccc4)c3C)nc2OC)cn1,5.0,1
CCCNNC(=O)c1cnc(NCc2ccc(OC)cc2)cn1,4.968834000339341,3
CCCNNC(=O)c1cnc(NCc2ccccc2)nc1,6.0,3
CCCNc1ccc2c3c(cccc13)C(=O)N(CCCCCC(=O)NO)C2=O,5.818156412055227,3
CCCNc1nc(Cl)nc2c1ncn2CCCC(=O)NCc1ccc(C(=O)Nc2ccccc2N)cc1,5.899629454882437,1
CCCNc1nc(Cl)nc2c1ncn2Cc1ccc(C(=O)Nc2ccc(Br)cc2N)cc1,5.033389013318066,1
CCCNc1nc(Cl)nc2c1ncn2Cc1ccc(C(=O)Nc2ccc(C)cc2N)cc1,5.504455662453552,1
CCCNc1nc(Cl)nc2c1ncn2Cc1ccc(C(=O)Nc2ccc(F)cc2N)cc1,5.355561410532161,1
CCCNc1nc(Cl)nc2c1ncn2Cc1ccc(C(=O)Nc2ccccc2N)cc1,5.854653639952746,4
CCCNc1nc(Nc2cnn(CCCCCCC(=O)NO)c2)ncc1Cl,7.585026652029182,1
CCCOc1ccc(/C=C/C(=O)NO)c(-c2ccccc2)c1,6.876148359032914,3
CCCOc1ccc(C(C)=O)cc1C(=O)Nc1cc(C(=O)NO)ccc1C,6.853871964321762,3
CCC[C@H](NC(=O)C1CN(C)C1)c1ncc(-c2cc3ccccc3nc2OC)[nH]1,4.958607314841775,1
CCC[C@H]1C(=O)N([C@@H](Cc2ccc(OC)cc2)C(=O)NCCCCCC(=O)NO)C(=O)[C@@H]1CC(C)C,7.42021640338319,1
CCC[C@H]1C(=O)N([C@@H](Cc2ccccc2)C(=O)NCCCCCC(=O)NO)C(=O)[C@@H]1CC(C)C,7.292429823902063,1
CCCc1cc(-c2ccc(F)cc2)n(Cc2ccc(C(=O)NO)cc2)n1,5.3590857667197405,2
CCCc1cc(-c2ccc(F)cc2)nn1Cc1ccc(C(=O)NO)cc1,5.811711521471744,2
CCCc1cc(C(=O)Nc2ccccc2)nn1Cc1ccc(C(=O)NO)cc1,6.306918263471779,3
CCCc1ccc2c(c1)CCC(=O)N2Cc1ccc(C(=O)NO)cc1,5.571865205971211,3
CCCc1nn(C)c2c(=O)[nH]c(-c3cc(Cc4ccc(C(=O)NO)s4)ccc3OCC)nc12,5.0,1
CCCn1cc(C(O)c2nc(O)c(CCCCCC(=O)CC)[nH]c(O)c3n(c(O)c([C@@H](C)CC)[nH]c2=O)CCCC3)c2ccccc21,7.823908740944319,1
CCN(C(=O)c1cc(C(C)(C)C)cc(C(C)(C)C)c1)c1ccc(C(=O)NO)cc1,7.032105493974291,6
CCN(C(=O)c1cc(C(C)C)c(O)cc1O)c1ccc(NC(=O)CCCCCCC(=O)NO)cc1,3.335640125448859,1
CCN(C(=O)c1cc(C(C)C)c(O)cc1O)c1cccc(NC(=O)CCCCCCC(=O)NO)c1,3.899594988434111,1
CCN(C(=O)c1ccc(C(=O)NO)cc1)c1cccc(C(C)(C)C)c1,6.293489338030798,6
CCN(C(=O)c1ccc(C(C)(C)C)cc1)c1ccc(C(=O)NO)cc1,6.551293680094919,3
CCN(C(=O)c1cccc(C(C)(C)C)c1)c1ccc(C(=O)NO)cc1,6.884976608205213,6
CCN(C(=O)c1cccc(C(F)(F)F)c1)c1ccc(C(=O)NO)cc1,7.023924123482942,6
CCN(C(=O)c1ccccc1C(F)(F)F)c1ccc(C(=O)NO)cc1,6.259376173057106,6
CCN(CC)C(=S)SSCCCCCC(=O)Nc1ccccc1,6.154901959985743,1
CCN(CC)CC(=O)N[C@@H](CCCCCC(=O)c1ncco1)c1ncc(-c2cc3ccccc3nc2OC)[nH]1,7.327902142064282,1
CCN(CC)CCCC(C)Nc1c2c(Cl)cccc2nc2[nH]c3ccccc3c12,7.455931955649724,1
CCN(CC)CCCC(C)Nc1c2c3ccccc3nc-2n(C)c2cc(Cl)ccc12,7.455931955649724,1
CCN(CC)CCCC(C)Nc1c2cc(Cl)ccc2nc2[nH]c3ccccc3c12,7.455931955649724,1
CCN(CC)CCCC(C)Nc1c2ccc(Cl)cc2nc2[nH]c3ccccc3c12,6.431798275933005,1
CCN(CC)CCCC(C)Nc1ccc2c3cc4ccccc4n(C)c-3nc2c1,6.555955204081924,1
CCN(CC)CCCCNC(=O)c1ccc(-c2noc(C(F)(F)F)n2)cc1,5.172630726946174,3
CCN(CC)CCCNC(=O)c1ccc(NC(=O)CCCCCCC(=O)NO)cc1,6.795880017344075,1
CCN(CC)CCN(C)C(=O)c1ccc(-c2noc(C(F)(F)F)n2)cc1,4.966576244513051,3
CCN(CC)CCN(Cc1ccc(C(=O)NO)cc1)C(=O)c1cc2c([nH]c3ccccc32)c(-c2ccc(OC)cc2)n1,6.920818753952375,2
CCN(CC)CCNC(=O)c1ccc(-c2noc(C(F)(F)F)n2)cc1,5.886496835791132,11
CCN(CC)CCNC(=O)c1ccc(NC(=O)CCCCCCC(=O)NO)cc1,7.221848749616356,1
CCN(CC)CCn1c(-c2cccc(/C=C/C(=O)NO)c2)nc2ccccc21,7.200659450546418,3
CCN(CC)CCn1c(C)c(CCNS(=O)(=O)c2ccc(/C=C/C(=O)NO)cc2)c2ccccc21,8.136677139879545,1
CCN(CC)CCn1c(CCc2ccccc2)nc2cc(/C=C/C(=O)NO)ccc21,6.593459819566044,7
CCN(CC)Cc1cc2ccc(C(=O)NO)cc2o1,5.853871964321762,3
CCN(CC)Cc1ccc(C(=O)NO)cc1,5.025488307262672,3
CCN(CC)Cc1ccc(Cn2c(=O)c(OCc3ccc(C(=O)NO)cc3)c(-c3ccccc3)c3ccccc32)cc1,6.259637310505756,3
CCN(CC)Cc1ccc(Cn2c(=O)c(OCc3ccc(C(=O)NO)cc3)c(-c3cccnc3)c3ccccc32)cc1,6.309803919971486,3
CCN(CC)Cc1ccc(Cn2c3c(c4ccccc42)CN(C(=O)NCc2ccc(C(=O)NO)cc2)CC3)cc1,5.957818405484235,3
CCN(CC)Cc1ccc2cc(COC(=O)Nc3ccc(C(=O)NO)cc3)ccc2c1,6.07727454200674,3
CCN(CC)c1ccc(NC(=O)CCCCCCC(=O)NO)cc1,6.6777807052660805,1
CCN(CC)c1nc(Cl)nc2c1ncn2CCCC(=O)NCc1ccc(C(=O)Nc2ccccc2N)cc1,5.407823242604133,1
CCN(CC)c1nc(Cl)nc2c1ncn2Cc1ccc(C(=O)Nc2ccc(Br)cc2N)cc1,5.507239610973162,1
CCN(CC)c1nc(Cl)nc2c1ncn2Cc1ccc(C(=O)Nc2ccc(C)cc2N)cc1,5.363512103646634,1
CCN(CC)c1nc(Cl)nc2c1ncn2Cc1ccc(C(=O)Nc2ccc(F)cc2N)cc1,5.372634143407268,1
CCN(CCc1c(C)[nH]c2ccccc12)S(=O)(=O)c1ccc(/C=C/C(=O)NO)cc1,7.522878745280337,1
CCN(CCc1ccc2c(c1)OCO2)Cc1ccc(/C=C/C(=O)NO)o1,5.636388020107855,1
CCN(Cc1ccc(-c2ccccc2)cc1)Cc1ccc(/C=C/C(=O)NO)o1,5.903089986991944,1
CCN(Cc1ccccc1)Cc1ccc(/C=C/C(=O)NO)o1,6.886056647693163,1
CCN(Cc1ccncc1)C(=S)SCc1ccc(C(=O)Nc2ccccc2N)cc1,5.7447274948966935,1
CCN(c1ccc(C(=O)NO)cc1)S(=O)(=O)c1cc(C(F)(F)F)cc(C(F)(F)F)c1,6.386730978583063,6
CCN(c1ccc(C(=O)NO)cc1)S(=O)(=O)c1cccc(C(C)(C)C)c1,7.094938243776312,6
CCN(c1ccc(C(=O)NO)cc1)S(=O)(=O)c1cccc(C(F)(F)F)c1,6.678965686329248,6
CCN1CCC2(CC1)C[C@@H]2C(=O)NC(C)(CCCCCC(=O)c1ccon1)c1ncc(-c2ccccc2F)[nH]1,6.259637310505756,1
CCN1CCC2(CC1)C[C@@H]2C(=O)N[C@@H](CCCCCC(=O)C1NC=CO1)C1NC(c2ccc(F)cc2)=NC1Cl,6.6777807052660805,1
CCN1CCC2(CC1)C[C@@H]2C(=O)N[C@@H](CCCCCC(=O)c1ccon1)c1cc(-c2ccc3nn(C)cc3c2)on1,8.698970004336019,1
CCN1CCC2(CC1)C[C@@H]2C(=O)N[C@@H](CCCCCC(=O)c1ccon1)c1cc(-c2ccccc2F)on1,7.769551078621726,1
CCN1CCC2(CC1)C[C@@H]2C(=O)N[C@@H](CCCCCC(=O)c1ccon1)c1cc(C2C=c3ccc(C)nc3=CC2OC)on1,8.292429823902063,1
CCN1CCC2(CC1)C[C@@H]2C(=O)N[C@@H](CCCCCC(=O)c1ncco1)c1ccn(-c2ccc3nn(C)cc3c2)n1,6.769551078621726,1
CCN1CCC2(CC1)C[C@@H]2C(=O)N[C@@H](CCCCCC(=O)c1ncco1)c1ncc(-c2cc(OC)ncc2F)[nH]1,7.187086643357144,1
CCN1CCC2(CC1)C[C@@H]2C(=O)N[C@@H](CCCCCC(=O)c1ncco1)c1ncc(-c2cc(OC3CCC3)ccc2F)[nH]1,8.2518119729938,1
CCN1CCCC(C(=O)N(Cc2ccc(-c3noc(C(F)(F)F)n3)cn2)c2cccc(F)c2)C1,5.698970004336019,3
CCN1CCCC(n2c(-c3cccc(/C=C/C(=O)NO)c3)nc3ccccc32)C1,6.920818753952375,3
CCN1CCC[C@@H](n2c(-c3cccc(/C=C/C(=O)NO)c3)nc(-c3ccccc3)c2C)C1,7.508638306165726,3
CCN1CCC[C@@H](n2c(-c3cccc(/C=C/C(=O)NO)c3)nc(C)c2-c2ccccc2)C1,7.301029995663981,3
CCN1CCC[C@@H](n2c(-c3cccc(/C=C/C(=O)NO)c3)nc(C)c2C)C1,7.0,3
CCN1CCC[C@@H](n2c(-c3cccc(/C=C/C(=O)NO)c3)nc(Cc3ccccc3)c2C)C1,7.301029995663981,3
CCN1CCC[C@@H](n2c(-c3cccc(/C=C/C(=O)NO)c3)nc3ccccc32)C1,6.920818753952375,3
CCN1CCC[C@@H](n2c(-c3ccccc3)nc(C)c2-c2cccc(/C=C/C(=O)NO)c2)C1,6.3979400086720375,3
CCN1CCC[C@@H](n2c(C)nc(C)c2-c2cccc(/C=C/C(=O)NO)c2)C1,6.301029995663981,3
CCN1CCC[C@@H](n2c(Cc3ccccc3)nc(C)c2-c2cccc(/C=C/C(=O)NO)c2)C1,7.0,3
CCN1CCC[C@H](n2c(-c3cccc(/C=C/C(=O)NO)c3)nc3ccccc32)C1,6.795880017344075,3
CCN1CCN(C(c2cccnc2)c2cc(Cl)c3cccnc3c2O)CC1,5.410050398674292,1
CCN1CCN(c2cc(Nc3ncc(C(=O)Nc4ccc(F)cc4N)s3)ncn2)CC1,6.09151498112135,1
CCN1CCN(c2cc(Nc3ncc(C(=O)Nc4ccccc4N)s3)ncn2)CC1,4.823908740944319,1
CCNC(=O)C[C@@H]1N=C(c2ccc(Cl)cc2)c2cc(OC)ccc2-n2c(C)nnc21,5.0,1
CCNC(=O)NOCc1ccc(/C=C/C(=O)NO)cc1,5.006010542062259,2
CCNC(=O)[C@H](Cc1c[nH]c2ccccc12)NC(=O)/C=C/c1ccc(C(=O)NO)cc1,6.950781977329818,1
CCNC1CN(C)S(=O)(=O)c2sc(S(N)(=O)=O)cc21,7.221848749616356,1
CCNNC(=O)c1cc(F)c(CN2c3ccccc3C=Cc3ccncc32)cc1F,5.0,1
CCNNC(=O)c1ccc(CN(CC(=O)NCc2ccccc2)C(=O)c2ccc(N(C)C)cc2)cc1,6.240905692538118,8
CCNNC(=O)c1ccc(CN2c3ccccc3C=Cc3ccncc32)c(F)c1,5.0,1
CCNNC(=O)c1ccc(CN2c3ccccc3C=Cc3ccncc32)cc1,5.301029995663981,1
CCNNC(=O)c1ccc(N2CCN(C)CC2)cc1,6.994534238740907,3
CCN[C@@H](CCCCCC(=O)C1NC=CO1)C1NC=C(C2C=c3ccc(C)nc3=CC2)N1,5.346787486224656,1
CCNc1nc(Cl)nc2c1ncn2CCCC(=O)NCc1ccc(C(=O)Nc2ccccc2N)cc1,5.636388020107855,1
CCNc1nc(Cl)nc2c1ncn2Cc1ccc(C(=O)Nc2ccc(Br)cc2N)cc1,4.985899678480379,1
CCNc1nc(Cl)nc2c1ncn2Cc1ccc(C(=O)Nc2ccc(C)cc2N)cc1,5.2541448048262716,1
CCNc1nc(Cl)nc2c1ncn2Cc1ccc(C(=O)Nc2ccc(F)cc2N)cc1,5.238824186844269,1
CCNc1nc(Cl)nc2c1ncn2Cc1ccc(C(=O)Nc2ccccc2N)cc1,5.665227778480497,4
CCOC(=O)C1CNc2c(cc(Cc3cnc(N)nc3N)cc2OC)C1,6.950781977329818,1
CCOC(=O)CC(=O)CSc1nc(C)cc(O)n1,4.0,1
CCOC(=O)N1CC2(CC(=O)c3cc(/C=C/C(=O)NO)ccc3O2)C1,6.543633966870956,1
CCOC(=O)N1CCC2(CC(=O)c3cc(/C=C/C(=O)NO)ccc3O2)C1,6.823908740944319,1
CCOC(=O)N1CCCC2(CC(=O)c3cc(/C=C/C(=O)NO)ccc3O2)C1,6.634512015109101,1
CCOC(=O)N1CCCC2(CC1)CC(=O)c1cc(/C=C/C(=O)NO)ccc1O2,6.522878745280337,1
CCOC(=O)N1CCN(c2ccc(-c3noc(C(F)(F)F)n3)cn2)C(c2ccccc2)C1,5.3979400086720375,3
CCOC(=O)NCCCC(=O)NCCc1ccccc1,5.301029995663981,3
CCOC(=O)NCc1ccc(C(=O)Nc2cc(-c3cccs3)ccc2N)cc1,4.301029995663981,1
CCOC(=O)Nc1cccc(-c2csc(NC(=O)CCCCCC(=O)NO)n2)c1,6.104025267640935,3
CCOC(=O)Nc1cccc(-c2csc(NC(=O)CCCCCC(=O)Nc3ccccc3N)n2)c1,4.522878745280337,1
CCOP(=O)(CNCc1ccc(C(=O)Nc2cc(-c3cccs3)ccc2N)cc1)OCC,4.431798275933005,3
CCOP(=O)(OCC)Oc1ccc(N)cc1CN1CCCC1,7.455931955649724,1
CCOc1cc(/C=C2/C(=O)NCC(=O)N2C)ccc1/C=C/C(=O)NO,7.879451121919664,3
CCOc1cc(C(C)(C)C)ccc1C1=NC(c2ccc(Cl)cc2)C(c2ccc(Cl)cc2)N1C(=O)N1CCN(CCCCCCC(=O)NO)CC1,5.912218582190458,3
CCOc1cc(C)nc(NC2CCc3ccc(C(=O)NO)cc3C2)n1,6.5376020021010435,3
CCOc1cc(Cn2ccc3cc(C(=O)NCC45C[C@H]6C[C@@H](C4)C[C@@H](C5)C6)ccc32)ccc1C(=O)NO,5.0,1
CCOc1ccc(-c2nc(C(=O)NCCCCCCC(=O)CSC(C)=O)c3[nH]c(=O)n(-c4ccccc4OC)c3n2)cc1,5.548213564475709,1
CCOc1ccc(-c2nc(C(=O)NCCCCCCC(=O)NO)c3[nH]c(=O)n(-c4ccccc4OC)c3n2)cc1,6.769551078621726,1
CCOc1ccc(-c2nc(C(=O)NCCCCCCC(=O)NO)c3[nH]c(=O)n(-c4ccccc4OC)c3n2)cc1S(N)(=O)=O,7.221848749616356,1
CCOc1ccc(-c2nc(C(=O)NCCCCCCC(=O)NO)c3[nH]c(=O)n(-c4ccccc4OC)c3n2)cn1,7.3979400086720375,1
CCOc1ccc(-c2nc(C(=O)NCCCCCCC(=O)NO)c3[nH]c(=O)n(-c4cccnc4OC)c3n2)cc1,7.522878745280337,1
CCOc1ccc(-c2nc(C(=O)NCCCCCCC(=O)NO)c3[nH]c(=O)n(-c4cccnc4OC)c3n2)cn1,8.698970004336019,1
CCOc1ccc(-c2nc(C(=O)NCCCc3nc(C(=O)NO)cs3)c3[nH]c(=O)n(-c4ccccc4OC)c3n2)cc1,4.847711655616943,1
CCOc1ccc(-c2nc(C(=O)NCCOCCOCC(=O)NO)c3[nH]c(=O)n(-c4ccccc4OC)c3n2)cc1,4.966576244513051,1
CCOc1ccc(-c2nc(C(=O)NCc3ccc(C(=O)NO)cc3)c3[nH]c(=O)n(-c4ccccc4OC)c3n2)cc1,6.6020599913279625,1
CCOc1ccc(-c2nc(C(=O)NCc3ccc(C(=O)NO)cc3)c3[nH]c(=O)n(-c4cccnc4OC)c3n2)cn1,6.993006415404253,4
CCOc1ccc(-c2nc(C(=O)NOCCCCCC(=O)NO)c3[nH]c(=O)n(-c4ccccc4OC)c3n2)cc1,6.886056647693163,1
CCOc1ccc(C(=O)NO)cc1NC(=O)c1ccc(-c2ccccc2)cc1,6.827397264847939,3
CCOc1ccc(C(=O)NO)cc1NC(=O)c1ccc(Cl)cc1Cl,6.638272163982407,3
CCOc1ccc(C(=O)NO)cc1NC(=O)c1ccccc1,6.765314434778291,3
CCOc1ccc(C(=O)Nc2cc(C(=O)NO)ccc2OC)cc1,6.358261599514425,3
CCOc1ccc(C(C)=O)cc1NC(=O)c1cc(C(=O)NO)ccc1C,7.154901959985743,3
CCOc1ccc(C(C)=O)cc1NC(=O)c1cc(C(=O)NO)ccc1Cl,6.657577319177793,3
CCOc1ccc(C(C)=O)cc1NC(=O)c1cccc(C(=O)NO)c1,6.229147988357855,3
CCOc1ccc(C2c3ccccc3CCN2CCC(=O)NO)cc1,6.6777807052660805,3
CCOc1ccc(CCn2cccc(/C=C/C(=O)NO)c2=O)cc1,7.154901959985743,1
CCOc1ccc(NC(=O)[C@@H](NC(=O)c2ccc(C(=O)NO)cc2)c2c[nH]c3ccccc23)cc1,6.474955192963154,1
CCOc1ccc2nc(NC(=O)COc3ccc4cc(/C=C5/SC(=O)NC5=O)ccc4c3)sc2c1,4.769551078621726,3
CCOc1cccc(-c2ccc3c(NC(=O)CCCCCCC(=O)NO)n[nH]c3c2)c1,8.468521082957745,3
CCOc1cccc(CCn2cccc(/C=C/C(=O)NO)c2=O)c1,6.920818753952375,1
CCOc1ccccc1CCCn1cccc(/C=C/C(=O)NO)c1=O,7.301029995663981,1
CCOc1ccccc1CCn1cccc(/C=C/C(=O)NO)c1=O,6.494850021680094,1
CCS/C(Nc1ccccc1)=C(\C#N)C(=O)N/N=C\c1ccc(Cl)cc1Cl,6.694648630553377,3
CCS/C(Nc1ccccc1)=C(\C#N)C(=O)Nc1ccc(OC)cc1,6.530177984021837,3
CCSC(=S)SCC(=O)c1ccc(OC)cc1,4.800000052738446,2
CC[C@@H](C(=O)Nc1ccc(C(=O)NO)cc1)c1ccccc1,7.167491087293763,1
CC[C@@H](C)[C@@H]1N=C(c2ccccc2)c2ccccc2N(CCCCC(=O)NO)C1=O,4.522878745280337,1
CC[C@@H](C)[C@@H]1NC(=O)[C@@H](Cc2ccc(OC)cc2)NC(=O)[C@H](CCCCCC(=O)C(F)(F)F)NC(=O)[C@H]2CCCN2C1=O,6.431798275933005,3
CC[C@@H](C)[C@@H]1NC(=O)[C@@H](Cc2ccc(OC)cc2)NC(=O)[C@H](CCCCCC(=O)NO)NC(=O)[C@H]2CCCN2C1=O,8.481486060122112,1
CC[C@@H]1OC(=O)[C@@H](C)[C@H](O[C@@H]2C[C@](C)(OC)[C@@](O)(CN(C)C)[C@@H](C)O2)[C@H](C)[C@H](O[C@@H]2O[C@H](C)C[C@H](N(C)Cc3ccc(-c4cn(CCCCCC(=O)NO)nn4)cc3)[C@H]2O)[C@@](C)(OC)C[C@H](C)C(=O)[C@@H](C)[C@@H](O)[C@@]1(C)O,5.494850021680094,3
CC[C@@H]1OC(=O)[C@@H](C)[C@H](O[C@@H]2C[C@](C)(OC)[C@@](O)(CN(C)C)[C@@H](C)O2)[C@H](C)[C@H](O[C@@H]2O[C@H](C)C[C@H](N(C)Cc3ccc(-c4cn(CCCCCCC(=O)NO)nn4)cc3)[C@H]2O)[C@@](C)(OC)C[C@H](C)C(=O)[C@@H](C)[C@@H](O)[C@@]1(C)O,5.655607726314888,3
CC[C@@H]1OC(=O)[C@@H](C)[C@H](O[C@H]2C[C@@](C)(OC)[C@@H](O)[C@H](C)O2)[C@@H](C)[C@H](O[C@H]2O[C@@H](C)C[C@@H](N(C)C)[C@@H]2O)[C@](C)(O)C[C@H](C)CN(Cc2ccc(-c3cn(CCCCC(=O)NO)nn3)cc2)[C@H](C)[C@H](O)[C@@]1(C)O,5.0,1
CC[C@@H]1OC(=O)[C@@H](C)[C@H](O[C@H]2C[C@@](C)(OC)[C@@H](O)[C@H](C)O2)[C@@H](C)[C@H](O[C@H]2O[C@@H](C)C[C@@H](N(C)C)[C@@H]2O)[C@](C)(O)C[C@H](C)CN(Cc2ccc(-c3cn(CCCCCCC(=O)NO)nn3)cc2)[C@H](C)[C@H](O)[C@@]1(C)O,5.769551078621727,3
CC[C@@H]1OC(=O)[C@@H](C)[C@H](O[C@H]2C[C@@](C)(OC)[C@@H](O)[C@H](C)O2)[C@H](C)[C@H](O[C@@H]2O[C@H](C)C[C@H](N(C)Cc3ccc(-c4cn(CC(=O)NO)nn4)cc3)[C@H]2O)[C@@](C)(OC)C[C@H](C)C(=O)[C@@H](C)[C@@H](O)[C@@]1(C)O,5.0,1
CC[C@@H]1OC(=O)[C@@H](C)[C@H](O[C@H]2C[C@@](C)(OC)[C@@H](O)[C@H](C)O2)[C@H](C)[C@H](O[C@@H]2O[C@H](C)C[C@H](N(C)Cc3ccc(-c4cn(CCC(=O)NO)nn4)cc3)[C@H]2O)[C@@](C)(OC)C[C@H](C)C(=O)[C@@H](C)[C@@H](O)[C@@]1(C)O,5.610833915635467,3
CC[C@@H]1OC(=O)[C@@H](C)[C@H](O[C@H]2C[C@@](C)(OC)[C@@H](O)[C@H](C)O2)[C@H](C)[C@H](O[C@@H]2O[C@H](C)C[C@H](N(C)Cc3ccc(-c4cn(CCCCC(=O)NO)nn4)cc3)[C@H]2O)[C@@](C)(OC)C[C@H](C)C(=O)[C@@H](C)[C@@H](O)[C@@]1(C)O,6.057000406633958,3
CC[C@@H]1OC(=O)[C@@H](C)[C@H](O[C@H]2C[C@@](C)(OC)[C@@H](O)[C@H](C)O2)[C@H](C)[C@H](O[C@@H]2O[C@H](C)C[C@H](N(C)Cc3ccc(-c4cn(CCCCCCC(=O)NO)nn4)cc3)[C@H]2O)[C@@](C)(OC)C[C@H](C)C(=O)[C@@H](C)[C@@H](O)[C@@]1(C)O,6.146910470148133,3
CC[C@@H]1OC(=O)[C@@H](C)[C@H](O[C@H]2C[C@@](C)(OC)[C@](O)(CN(C)Cc3ccc(-c4cn(CC(=O)NO)nn4)cc3)[C@H](C)O2)[C@H](C)[C@H](O[C@@H]2O[C@H](C)C[C@H](N(C)C)[C@H]2O)[C@@](C)(OC)C[C@H](C)C(=O)[C@@H](C)[C@@H](O)[C@@]1(C)O,5.147520006363143,3
CC[C@@H]1OC(=O)[C@@H](C)[C@H](O[C@H]2C[C@@](C)(OC)[C@](O)(CN(C)Cc3ccc(-c4cn(CCC(=O)NO)nn4)cc3)[C@H](C)O2)[C@H](C)[C@H](O[C@@H]2O[C@H](C)C[C@H](N(C)C)[C@H]2O)[C@@](C)(OC)C[C@H](C)C(=O)[C@@H](C)[C@@H](O)[C@@]1(C)O,4.991399828238082,3
CC[C@@H]1OC(=O)[C@@H](C)[C@H](O[C@H]2C[C@@](C)(OC)[C@](O)(CN(C)Cc3ccc(-c4cn(CCCCC(=O)NO)nn4)cc3)[C@H](C)O2)[C@H](C)[C@H](O[C@@H]2O[C@H](C)C[C@H](N(C)C)[C@H]2O)[C@@](C)(OC)C[C@H](C)C(=O)[C@@H](C)[C@@H](O)[C@@]1(C)O,5.739928612014925,3
CC[C@@H]1OC(=O)[C@@H](C)[C@H](O[C@H]2C[C@@](C)(OC)[C@](O)(CN(C)Cc3ccc(-c4cn(CCCCCCC(=O)NO)nn4)cc3)[C@H](C)O2)[C@H](C)[C@H](O[C@@H]2O[C@H](C)C[C@H](N(C)C)[C@H]2O)[C@@](C)(OC)C[C@H](C)C(=O)[C@@H](C)[C@@H](O)[C@@]1(C)O,5.735182176990463,3
CC[C@@H]1OC(=O)[C@H](C)[C@@H](O[C@@H]2C[C@](C)(OC)[C@@](O)(CN(C)Cc3ccc(-c4cn(CCCC(=O)NO)nn4)cc3)[C@@H](C)O2)[C@@H](C)[C@@H](O[C@@H]2O[C@H](C)C[C@H](N(C)C)[C@H]2O)[C@](C)(O)C[C@@H](C)CN(C)[C@H](C)[C@@H](O)[C@]1(C)O,5.928117992693874,3
CC[C@@H]1OC(=O)[C@H](C)[C@@H](O[C@@H]2C[C@](C)(OC)[C@@](O)(CN(C)Cc3ccc(-c4cn(CCCCCC(=O)NO)nn4)cc3)[C@@H](C)O2)[C@@H](C)[C@@H](O[C@@H]2O[C@H](C)C[C@H](N(C)C)[C@H]2O)[C@](C)(O)C[C@@H](C)CN(C)[C@H](C)[C@@H](O)[C@]1(C)O,6.104577453960592,3
CC[C@@H]1OC(=O)[C@H](C)[C@@H](O[C@@H]2C[C@](C)(OC)[C@H](O)[C@@H](C)O2)[C@@H](C)[C@@H](O[C@@H]2O[C@H](C)C[C@H](N(C)Cc3ccc(-c4cn(CCCCC(=O)NO)nn4)cc3)[C@H]2O)[C@](C)(O)C[C@@H](C)CN(C)[C@H](C)[C@@H](O)[C@]1(C)O,5.269217724333611,3
CC[C@@H]1OC(=O)[C@H](C)[C@@H](O[C@@H]2C[C@](C)(OC)[C@H](O)[C@@H](C)O2)[C@@H](C)[C@@H](O[C@@H]2O[C@H](C)C[C@H](N(C)Cc3cccc(-c4cn(CCCCCC(=O)NO)nn4)c3)[C@H]2O)[C@](C)(O)C[C@@H](C)CN(C)[C@H](C)[C@@H](O)[C@]1(C)O,6.218963061378869,3
CC[C@@H]1OC(=O)[C@H](C)[C@@H](O[C@@H]2C[C@](C)(OC)[C@H](O)[C@@H](C)O2)[C@@H](C)[C@@H](O[C@@H]2O[C@H](C)C[C@H](N(C)Cc3cccc(-c4cn(CCCCCCC(=O)NO)nn4)c3)[C@H]2O)[C@](C)(O)C[C@@H](C)CN(C)[C@H](C)[C@@H](O)[C@]1(C)O,5.84163750790475,3
CC[C@@H]1OC(=O)[C@H](C)[C@@H](O[C@@H]2C[C@](C)(OC)[C@H](O)[C@@H](C)O2)[C@@H](C)[C@@H](O[C@@H]2O[C@H](C)C[C@H](N(C)Cc3ccccc3-c3cn(CCCCCC(=O)NO)nn3)[C@H]2O)[C@](C)(O)C[C@@H](C)CN(C)[C@H](C)[C@@H](O)[C@]1(C)O,5.366531544420414,3
CC[C@@H]1OC(=O)[C@H](C)[C@@H](O[C@@H]2C[C@](C)(OC)[C@H](O)[C@@H](C)O2)[C@@H](C)[C@@H](O[C@@H]2O[C@H](C)C[C@H](N(C)Cc3ccccc3-c3cn(CCCCCCC(=O)NO)nn3)[C@H]2O)[C@](C)(O)C[C@@H](C)CN(C)[C@H](C)[C@@H](O)[C@]1(C)O,5.892790030352131,3
CC[C@@H]1OC(=O)[C@H](C)[C@@H](O[C@H]2C[C@@](C)(OC)[C@](O)(CN(C)C)[C@H](C)O2)[C@@H](C)[C@@H](O[C@@H]2O[C@H](C)C[C@H](N(C)Cc3ccc(-c4cn(CCCCCC(=O)NO)nn4)cc3)[C@H]2O)[C@](C)(O)C[C@@H](C)CN(C)[C@H](C)[C@@H](O)[C@]1(C)O,5.962573502059375,3
CC[C@@H]1OC(=O)[C@H](C)[C@@H](O[C@H]2C[C@@](C)(OC)[C@](O)(CN(C)Cc3ccc(-c4cn(CCC(=O)NO)nn4)cc3)[C@H](C)O2)[C@@H](C)[C@@H](O[C@@H]2O[C@H](C)C[C@H](N(C)C)[C@H]2O)[C@](C)(O)C[C@@H](C)CN(C)[C@H](C)[C@@H](O)[C@]1(C)O,5.651695136951839,3
CC[C@@]1(O)C(=O)OCc2c1cc1n(c2=O)Cc2cc3cc(OCc4cn(CCCCC(=O)NO)nn4)ccc3nc2-1,6.838631997765026,1
CC[C@@]1(O)C(=O)OCc2c1cc1n(c2=O)Cc2cc3cc(OCc4cn(CCCCCC(=O)NO)nn4)ccc3nc2-1,6.950781977329818,1
CC[C@@]1(O)C(=O)OCc2c1cc1n(c2=O)Cc2cc3cc(OCc4cn(CCCCCCC(=O)NO)nn4)ccc3nc2-1,6.298304229850008,4
CC[C@@]1(O)C(=O)OCc2c1cc1n(c2=O)Cc2cc3ccccc3nc2-1,7.301029995663981,1
CC[C@H](C(=O)Nc1ccc(C(=O)NO)cc1)c1ccccc1,7.468521082957745,1
CC[C@H](C)C1NC(=O)C(Cc2cn(OC)c3ccccc23)NC(=O)[C@H](CCCCC(=O)C(C)O)NC(=O)[C@H]2CCCCN2C1=O,9.522878745280337,1
CC[C@H](C)[C@@H](CN1Cc2cc(OCC(=O)NO)ccc2C[C@H]1C(=O)Nc1ccc(OC)cc1)NC(=O)CC(C)(C)C,6.47755576649368,3
CC[C@H](C)[C@@H](CN1Cc2cc(OCC(=O)NO)ccc2C[C@H]1C(=O)Nc1ccc(OC)cc1)NC(=O)OC(C)(C)C,6.580044251510242,3
CC[C@H](C)[C@@H]1N=C(c2ccccc2)c2ccccc2N(CCCCC(=O)O)C1=O,4.522878745280337,1
CC[C@H](C)[C@@H]1N=C(c2ccccc2)c2ccccc2N(CCCCC(=O)OC)C1=O,4.522878745280337,1
CC[C@H](C)[C@@H]1N=C(c2ccccc2)c2ccccc2NC1=O,4.522878745280337,1
CC[C@H](C)[C@@H]1NC(=O)[C@@H](Cc2ccc(OC)cc2)NC(=O)[C@H](CCCCCC(=O)C(F)(F)C(F)(F)F)NC(=O)[C@H]2CCCN2C1=O,6.107905397309519,5
CC[C@H](C)[C@@H]1NC(=O)[C@@H](Cc2ccc(OC)cc2)NC(=O)[C@H](CCCCCC(=O)C(F)(F)F)NC(=O)[C@H]2CCCN2C1=O,6.431798275933005,5
CC[C@H](C)[C@@H]1NC(=O)[C@@H](Cc2ccc(OC)cc2)NC(=O)[C@H](CCCCSCC(=O)C(F)(F)F)NC(=O)[C@H]2CCCN2C1=O,6.638272163982407,2
CC[C@H](C)[C@@H]1NC(=O)[C@H](Cc2cn(OC)c3ccccc23)NC(=O)[C@H](CCCCC(=O)O)NC(=O)[C@H]2CCCCN2CC1=O,6.549750891680639,1
CC[C@H](C)[C@@H]1NC(=O)[C@H](Cc2cn(OC)c3ccccc23)NC(=O)[C@H](CCCCC(=O)OC)NC(=O)[C@H]2CCCCN2CC1=O,7.130768280269024,1
CC[C@H](C)[C@@H]1NC(=O)[C@H](Cc2cn(OC)c3ccccc23)NC(=O)[C@H](CCCCCC(=O)C(C)=O)NC(=O)[C@H]2CCCCN2CC1=O,7.522878745280337,1
CC[C@H](C)[C@@H]1NC(=O)[C@H](Cc2cn(OC)c3ccccc23)NC(=O)[C@H](CCCCCC(=O)C(C)C)NC(=O)[C@H]2CCCCN2CC1=O,6.628932137728263,1
CC[C@H](C)[C@@H]1NC(=O)[C@H](Cc2cn(OC)c3ccccc23)NC(=O)[C@H](CCCCCC(=O)C(C)F)NC(=O)[C@H]2CCCCN2CC1=O,9.0,1
CC[C@H](C)[C@@H]1NC(=O)[C@H](Cc2cn(OC)c3ccccc23)NC(=O)[C@H](CCCCCC(=O)C(C)O)NC(=O)[C@H]2CCCCN2CC1=O,9.522878745280337,1
CC[C@H](C)[C@@H]1NC(=O)[C@H](Cc2cn(OC)c3ccccc23)NC(=O)[C@H](CCCCCC(=O)NO)NC(=O)[C@H]2CCCCN2CC1=O,9.698970004336019,1
CC[C@H](C)[C@@H]1NC(=O)[C@H](Cc2cn(OC)c3ccccc23)NC(=O)[C@H](CCCCCC(=O)O)NC(=O)[C@H]2CCCCN2CC1=O,7.823908740944319,1
CC[C@H](C)[C@@H]1NC(=O)[C@H](Cc2cn(OC)c3ccccc23)NC(=O)[C@H](CCCCCC(=O)OC)NC(=O)[C@H]2CCCCN2CC1=O,9.397940008672037,1
CC[C@H](C)[C@@H]1NC(=O)[C@H](Cc2cn(OC)c3ccccc23)NC(=O)[C@H](CCCCCC(=O)c2ccccc2)NC(=O)[C@H]2CCCCN2CC1=O,6.154901959985743,1
CC[C@H](C)[C@@H]1NC(=O)[C@H](Cc2cn(OC)c3ccccc23)NC(=O)[C@H](CCCCCC(C)=O)NC(=O)[C@H]2CCCCN2CC1=O,8.698970004336019,1
CC[C@H](C)[C@@H]1NC(=O)[C@H](Cc2cn(OC)c3ccccc23)NC(=O)[C@H](CCCCCC2(CC)CO2)NC(=O)[C@H]2CCCCN2CC1=O,7.221848749616356,1
CC[C@H](C)[C@@H]1NC(=O)[C@H](Cc2cn(OC)c3ccccc23)NC(=O)[C@H](CCCCCC=O)NC(=O)[C@H]2CCCCN2CC1=O,8.221848749616356,1
CC[C@H](C)[C@@H]1NC(=O)[C@H](Cc2cn(OC)c3ccccc23)NC(=O)[C@H](CCCCCCC(=O)O)NC(=O)[C@H]2CCCCN2CC1=O,6.071604147743287,1
CC[C@H](C)[C@@H]1NC(=O)[C@H](Cc2cn(OC)c3ccccc23)NC(=O)[C@H](CCCCCCC(=O)OC)NC(=O)[C@H]2CCCCN2CC1=O,8.154901959985743,1
CC[C@H](C)[C@@H]1NC(=O)[C@H](Cc2cn(OC)c3ccccc23)NC(=O)[C@H](CCCCCP(=O)(OC)OC)NC(=O)[C@H]2CCCCN2CC1=O,6.346787486224656,1
CC[C@H](C)[C@@H]1NC(=O)[C@H](Cc2cn(OC)c3ccccc23)NC(=O)[C@H](CCCCCP(=O)([O-])O)NC(=O)[C@H]2CCCCN2CC1=O,6.7447274948966935,1
CC[C@H](C)[C@@H]1NC(=O)[C@H](Cc2cn(OC)c3ccccc23)NC(=O)[C@H](CCCCCSC(C)=O)NC(=O)[C@H]2CCCCN2CC1=O,8.522878745280337,1
CC[C@H](C)[C@@H]1NC(=O)[C@H](Cc2cn(OC)c3ccccc23)NC(=O)[C@H](CCCCCSC)NC(=O)[C@H]2CCCCN2CC1=O,6.486782399932061,1
CC[C@H](C)[C@@H]1NC(=O)[C@H](Cc2cn(OC)c3ccccc23)NC(=O)[C@H](CCCCNC(C)=O)NC(=O)[C@H]2CCCCN2CC1=O,5.698970004336019,1
CC[C@H](C)[C@@H]1NC(=O)[C@H](Cc2cn(OC)c3ccccc23)NC(=O)[C@H](CCCCSC(C)=O)NC(=O)[C@H]2CCCCN2CC1=O,6.958607314841775,1
CC[C@H](C)[C@H](N)C(=O)N1CC2(C[C@H]1C(=O)NCCCCCC(=O)NO)SCCS2,5.97061622231479,1
CC[C@H](C)[C@H](N)C(=O)N1CC2(C[C@H]1C(=O)NCCCCCC(=O)NO)SCCS2.Cl,5.97061622231479,2
CC[C@H](C)[C@H](N)C(=O)N1Cc2cc(OCC(=O)NO)ccc2C[C@H]1C(=O)Nc1ccc(OC)cc1,5.982966660701219,1
CC[C@H](C)[C@H](N)C(=O)N1Cc2cc(OCC(=O)NO)ccc2C[C@H]1C(=O)Nc1ccc(OC)cc1.Cl,5.982966660701219,2
CC[C@H](C)[C@H](NC(=O)C1CCN(C(=O)OC(C)(C)C)CC1)C(=O)N1Cc2cc(OCC(=O)NO)ccc2C[C@H]1C(=O)Nc1ccc(OC)cc1,6.8326826652518236,3
CC[C@H](C)[C@H](NC(=O)C1CCNCC1)C(=O)N1Cc2cc(OCC(=O)NO)ccc2C[C@H]1C(=O)Nc1ccc(OC)cc1,5.84163750790475,1
CC[C@H](C)[C@H](NC(=O)C1CCNCC1)C(=O)N1Cc2cc(OCC(=O)NO)ccc2C[C@H]1C(=O)Nc1ccc(OC)cc1.Cl,5.84163750790475,2
CC[C@H](C)[C@H](NC(=O)CC(C)(C)C)C(=O)N1Cc2cc(OCC(=O)NO)ccc2C[C@H]1C(=O)Nc1ccc(OC)cc1,6.835647144215563,3
CC[C@H](C)[C@H](NC(=O)OC(C)(C)C)C(=O)N1CC2(C[C@H]1C(=O)NCCCCCC(=O)NO)SCCS2,5.882728704344236,3
CC[C@H](C)[C@H](NC(=O)OC(C)(C)C)C(=O)N1Cc2cc(OCC(=O)NO)ccc2C[C@H]1C(=O)Nc1ccc(OC)cc1,6.856985199745904,3
CC[C@H](C)[C@H](NC(=O)[C@@H](N)C(C)C)C(=O)N1Cc2cc(OCC(=O)NO)ccc2C[C@H]1C(=O)Nc1ccc(OC)cc1,7.167491087293763,1
CC[C@H](C)[C@H](NC(=O)[C@@H](N)C(C)C)C(=O)N1Cc2cc(OCC(=O)NO)ccc2C[C@H]1C(=O)Nc1ccc(OC)cc1.Cl,7.167491087293763,2
CC[C@H](C)[C@H](NC(=O)[C@@H](NC(=O)OC(C)(C)C)C(C)C)C(=O)N1Cc2cc(OCC(=O)NO)ccc2C[C@H]1C(=O)Nc1ccc(OC)cc1,6.6968039425795105,3
CC[C@H](C)[C@H](NC(=O)[C@@H]1CCCN1)C(=O)N1Cc2cc(OCC(=O)NO)ccc2C[C@H]1C(=O)Nc1ccc(OC)cc1,7.327902142064282,1
CC[C@H](C)[C@H](NC(=O)[C@@H]1CCCN1)C(=O)N1Cc2cc(OCC(=O)NO)ccc2C[C@H]1C(=O)Nc1ccc(OC)cc1.Cl,7.327902142064282,2
CC[C@H](C)[C@H](NC(=O)[C@@H]1CCCN1C(=O)OC(C)(C)C)C(=O)N1Cc2cc(OCC(=O)NO)ccc2C[C@H]1C(=O)Nc1ccc(OC)cc1,6.71669877129645,3
CC[C@H](C)[C@H](NC(=O)[C@H](CO)NC(=O)[C@H](CO)NC(=O)/C=N/O[C@H]1O[C@H](CO)[C@@H](O)[C@H](O)[C@@H]1O)C(=O)N[C@H](C(=O)N[C@@H](Cc1cnc[nH]1)C(=O)N[C@@H](C)C(=O)N1CCC[C@H]1C(=O)N[C@@H](CO)C(N)=O)[C@@H](C)O,7.455931955649724,1
CC[C@H](C)[C@H]1NC(=O)[C@@H](CS)NC(=O)[C@@H](CCSC)NC(=O)C[C@@H](/C=C/CCS)OC(=O)C[C@@H]1O,5.920818753952375,3
CC[C@H](C)[C@H]1NC(=O)[C@H](Cc2ccc(OC)cc2)NC(=O)[C@@H](CCCCSCC(=O)C(F)(F)F)NC(=O)[C@@H]2CCCN2C1=O,6.638272163982407,3
CC[C@H](C)[C@H]1NC(=O)[C@H]2CSSCC/C=C/[C@H](CC(=O)N[C@H](CCSC)C(=O)N2)OC(=O)C[C@@H]1O,4.301029995663981,1
CC[C@H](Nc1ncnc2[nH]cnc12)c1nc(CCCCC(=O)NO)c2ccccc2n1,5.712870379280889,3
CC[C@H](Nc1ncnc2[nH]cnc12)c1nc(CCCCCC(=O)NO)c2ccccc2n1,6.452225294612178,3
CC[C@H](Nc1ncnc2[nH]cnc12)c1nc(NCCCC(=O)NO)c2ccccc2n1,5.208028798979232,3
CC[C@H](Nc1ncnc2[nH]cnc12)c1nc2cccc(-c3ccc(C(=O)NO)cc3)c2c(=O)n1-c1ccccc1,7.1487416512809245,3
CC[C@H](Nc1ncnc2[nH]cnc12)c1nc2cccc(CCCCC(=O)NO)c2c(=O)n1-c1ccccc1,6.414539270491499,3
CC[C@H](Nc1ncnc2[nH]cnc12)c1nc2cccc(CCCCCC(=O)NO)c2c(=O)n1-c1ccccc1,6.596879478824182,3
CC[C@H](Nc1ncnc2[nH]cnc12)c1nc2cccc(CCc3ccc(C(=O)NO)cc3)c2c(=O)n1-c1ccccc1,5.415668775632469,3
CC[C@H](Nc1ncnc2[nH]cnc12)c1nc2cccc(CNC(=O)c3ccc(C(=O)NO)cc3)c2c(=O)n1-c1ccccc1,6.860120913598763,3
CC[C@H](Nc1ncnc2[nH]cnc12)c1nc2cccc(CNc3ncc(C(=O)NO)cn3)c2c(=O)n1-c1ccccc1,6.494850021680094,3
CC[C@H](Nc1ncnc2[nH]cnc12)c1nc2cccc(NCCCC(=O)NO)c2c(=O)n1-c1ccccc1,5.754981129262247,3
CC[C@H](Nc1ncnc2[nH]cnc12)c1nc2cccc(NCc3ccc(C(=O)NO)cc3)c2c(=O)n1-c1ccccc1,6.6020599913279625,3
CC[C@H](Nc1ncnc2[nH]cnc12)c1nc2cccc(NCc3ccc(C(=O)NO)cn3)c2c(=O)n1-c1ccccc1,6.690369832574102,3
CC[C@H]1OC(=O)[C@@H](C)[C@H](O[C@@H]2C[C@](C)(OC)[C@@](O)(CN(C)Cc3ccc(-c4cn(CC(=O)NO)nn4)cc3)[C@@H](C)O2)[C@H](C)[C@H](O[C@H]2O[C@@H](C)C[C@@H](N(C)C)[C@@H]2O)[C@@](C)(O)C[C@H](C)CN(C)[C@@H](C)[C@H](O)[C@@]1(C)O,5.345823458122038,3
CC[C@H]1OC(=O)[C@@H](C)[C@H](O[C@H]2C[C@@](C)(OC)[C@@H](O)[C@H](C)O2)[C@H](C)[C@H](O[C@H]2O[C@@H](C)C[C@@H](N(C)Cc3ccc(-c4cn(CC(=O)NO)nn4)cc3)[C@@H]2O)[C@@](C)(O)C[C@H](C)CN(C)[C@@H](C)[C@H](O)[C@@]1(C)O,5.0,1
CC[C@H]1OC(=O)[C@@H](C)[C@H](O[C@H]2C[C@@](C)(OC)[C@@H](O)[C@H](C)O2)[C@H](C)[C@H](O[C@H]2O[C@@H](C)C[C@@H](N(C)Cc3ccc(-c4cn(CCC(=O)NO)nn4)cc3)[C@@H]2O)[C@@](C)(O)C[C@H](C)CN(C)[C@@H](C)[C@H](O)[C@@]1(C)O,5.0,1
CC[C@H]1OC(=O)[C@@H](C)[C@H](O[C@H]2C[C@@](C)(OC)[C@@H](O)[C@H](C)O2)[C@H](C)[C@H](O[C@H]2O[C@@H](C)C[C@@H](N(C)Cc3ccc(-c4cn(CCCC(=O)NO)nn4)cc3)[C@@H]2O)[C@@](C)(O)C[C@H](C)CN(C)[C@@H](C)[C@H](O)[C@@]1(C)O,5.0,1
CC[C@H]1OC(=O)[C@@H](C)[C@H](O[C@H]2C[C@@](C)(OC)[C@@H](O)[C@H](C)O2)[C@H](C)[C@H](O[C@H]2O[C@@H](C)C[C@@H](N(C)Cc3ccc(-c4cn(CCCCCC(=O)NO)nn4)cc3)[C@@H]2O)[C@@](C)(O)C[C@H](C)CN(C)[C@@H](C)[C@H](O)[C@@]1(C)O,6.1911141326401875,3
CC[C@H]1OC(=O)[C@@H](C)[C@H](O[C@H]2C[C@@](C)(OC)[C@@H](O)[C@H](C)O2)[C@H](C)[C@H](O[C@H]2O[C@@H](C)C[C@@H](N(C)Cc3ccc(-c4cn(CCCCCCC(=O)NO)nn4)cc3)[C@@H]2O)[C@@](C)(O)C[C@H](C)CN(C)[C@@H](C)[C@H](O)[C@@]1(C)O,6.503070351926785,3
CC[C@H]1OC(=O)[C@@H](C)[C@H](O[C@H]2C[C@@](C)(OC)[C@](O)(CN(C)C)[C@H](C)O2)[C@H](C)[C@H](O[C@H]2O[C@@H](C)C[C@@H](N(C)Cc3ccc(-c4cn(CCCCCCC(=O)NO)nn4)cc3)[C@@H]2O)[C@@](C)(O)C[C@H](C)CN(C)[C@@H](C)[C@H](O)[C@@]1(C)O,6.125518182300534,3
CC[C@H]1OC(=O)[C@@H](C)[C@H](O[C@H]2C[C@@](C)(OC)[C@](O)(CN(C)Cc3ccc(-c4cn(CCCCC(=O)NO)nn4)cc3)[C@H](C)O2)[C@H](C)[C@H](O[C@H]2O[C@@H](C)C[C@@H](N(C)C)[C@@H]2O)[C@@](C)(O)C[C@H](C)CN(C)[C@@H](C)[C@H](O)[C@@]1(C)O,6.149353764816933,3
CC[C@H]1OC(=O)[C@@H](C)[C@H](O[C@H]2C[C@@](C)(OC)[C@](O)(CN(C)Cc3ccc(-c4cn(CCCCCCC(=O)NO)nn4)cc3)[C@H](C)O2)[C@H](C)[C@H](O[C@H]2O[C@@H](C)C[C@@H](N(C)C)[C@@H]2O)[C@@](C)(O)C[C@H](C)CN(C)[C@@H](C)[C@H](O)[C@@]1(C)O,6.087777943467583,3
CC[C@H]1OC(=O)[C@H](C)C(=O)[C@H](C)[C@@H](O[C@@H]2O[C@H](C)C[C@H](N(C)Cc3ccc(-c4cn(CC(=O)NO)nn4)cc3)[C@H]2O)[C@@](C)(OC)C[C@@H](C)C2=NCCN3C(=O)O[C@@]1(C)[C@H]3[C@H]2C,5.54515513999149,3
CC[C@H]1OC(=O)[C@H](C)C(=O)[C@H](C)[C@@H](O[C@@H]2O[C@H](C)C[C@H](N(C)Cc3ccc(-c4cn(CCC(=O)NO)nn4)cc3)[C@H]2O)[C@@](C)(OC)C[C@@H](C)C2=NCCN3C(=O)O[C@@]1(C)[C@H]3[C@H]2C,5.0,1
CC[C@H]1OC(=O)[C@H](C)C(=O)[C@H](C)[C@@H](O[C@@H]2O[C@H](C)C[C@H](N(C)Cc3ccc(-c4cn(CCCC(=O)NO)nn4)cc3)[C@H]2O)[C@@](C)(OC)C[C@@H](C)C2=NCCN3C(=O)O[C@@]1(C)[C@H]3[C@H]2C,5.649751981665837,3
CC[C@H]1OC(=O)[C@H](C)C(=O)[C@H](C)[C@@H](O[C@@H]2O[C@H](C)C[C@H](N(C)Cc3ccc(-c4cn(CCCCC(=O)NO)nn4)cc3)[C@H]2O)[C@@](C)(OC)C[C@@H](C)C2=NCCN3C(=O)O[C@@]1(C)[C@H]3[C@H]2C,5.493494967595129,3
CC[C@H]1OC(=O)[C@H](C)C(=O)[C@H](C)[C@@H](O[C@@H]2O[C@H](C)C[C@H](N(C)Cc3ccc(-c4cn(CCCCCC(=O)NO)nn4)cc3)[C@H]2O)[C@@](C)(OC)C[C@@H](C)C2=NCCN3C(=O)O[C@@]1(C)[C@H]3[C@H]2C,5.6925039620867866,3
CC[C@H]1OC(=O)[C@H](C)C(=O)[C@H](C)[C@@H](O[C@@H]2O[C@H](C)C[C@H](N(C)Cc3ccc(-c4cn(CCCCCC(=O)NO)nn4)cc3)[C@H]2O)[C@](C)(OC)C[C@@H](C)C2=NCCN3C(=O)O[C@@]1(C)[C@H]3[C@H]2C,6.09901419525539,3
CC[C@H]1OC(=O)[C@H](C)C(=O)[C@H](C)[C@@H](O[C@@H]2O[C@H](C)C[C@H](N(C)Cc3ccc(-c4cn(CCCCCCC(=O)NO)nn4)cc3)[C@H]2O)[C@@](C)(OC)C[C@@H](C)C2=NCCN3C(=O)O[C@@]1(C)[C@H]3[C@H]2C,5.823908740944319,3
CC[C@H]1OC(=O)[C@H](C)C(=O)[C@H](C)[C@@H](O[C@@H]2O[C@H](C)C[C@H](N(C)Cc3ccc(-c4cn(CCCCCCC(=O)NO)nn4)cc3)[C@H]2O)[C@](C)(OC)C[C@@H](C)C2=NCCN3C(=O)O[C@@]1(C)[C@H]3[C@H]2C,6.6777807052660805,3
CC[C@H]1OC(=O)[C@H](C)C(=O)[C@H](C)[C@@H](O[C@@H]2O[C@H](C)C[C@H](N(C)Cc3ccc(-c4cn(CCCCCCCC(=O)NO)nn4)cc3)[C@H]2O)[C@](C)(OC)C[C@@H](C)C2=NCCN3C(=O)O[C@@]1(C)[C@H]3[C@H]2C,6.236572006437062,3
CC[C@H]1OC(=O)[C@H](C)C(=O)[C@H](C)[C@@H](O[C@@H]2O[C@H](C)C[C@H](N(C)Cc3ccc(-c4cn(CCCCCCCCC(=O)NO)nn4)cc3)[C@H]2O)[C@](C)(OC)C[C@@H](C)C2=NCCN3C(=O)O[C@@]1(C)[C@H]3[C@H]2C,6.207608310501745,3
CC[C@H]1OC(=O)[C@H](C)C(=O)[C@H](C)[C@@H](O[C@@H]2O[C@H](C)C[C@H](N(C)Cc3ccc(-c4cn(CCCCCCCCCC(=O)NO)nn4)cc3)[C@H]2O)[C@](C)(OC)C[C@@H](C)C2=NCCN3C(=O)O[C@@]1(C)[C@H]3[C@H]2C,6.0835460514500745,3
CC[C@H]1OC(=O)[C@H](C)C(=O)[C@H](C)[C@@H](O[C@@H]2O[C@H](C)C[C@H](N(C)Cc3cccc(-c4cn(CCCCCC(=O)NO)nn4)c3)[C@H]2O)[C@@](C)(OC)C[C@@H](C)C2=NCCN3C(=O)O[C@@]1(C)[C@H]3[C@H]2C,5.490797477668896,3
CC[C@H]1OC(=O)[C@H](C)C(=O)[C@H](C)[C@@H](O[C@@H]2O[C@H](C)C[C@H](N(C)Cc3cccc(-c4cn(CCCCCCC(=O)NO)nn4)c3)[C@H]2O)[C@@](C)(OC)C[C@@H](C)C2=NCCN3C(=O)O[C@@]1(C)[C@H]3[C@H]2C,6.508638306165726,3
CC[C@H]1OC(=O)[C@H](C)C(=O)[C@H](C)[C@@H](O[C@@H]2O[C@H](C)C[C@H](N(C)Cc3ccccc3-c3cn(CCCCCC(=O)NO)nn3)[C@H]2O)[C@@](C)(OC)C[C@@H](C)C2=NCCN3C(=O)O[C@@]1(C)[C@H]3[C@H]2C,5.92445303860747,3
CC[C@H]1OC(=O)[C@H](C)C(=O)[C@H](C)[C@@H](O[C@@H]2O[C@H](C)C[C@H](N(C)Cc3ccccc3-c3cn(CCCCCCC(=O)NO)nn3)[C@H]2O)[C@@](C)(OC)C[C@@H](C)C2=NCCN3C(=O)O[C@@]1(C)[C@H]3[C@H]2C,5.610833915635467,3
CC[C@H]1OC(=O)[C@H](C)[C@@H](O)[C@H](C)[C@@H](O[C@@H]2O[C@H](C)C[C@H](N(C)Cc3ccc(-c4cn(CCCCCC(=O)NO)nn4)cc3)[C@H]2O)[C@](C)(O)C[C@@H](C)CN(C)[C@H](C)[C@@H](O)[C@]1(C)O,5.427128397799518,3
CC[C@H]1OC(=O)[C@H](C)[C@@H](O)[C@H](C)[C@@H](O[C@@H]2O[C@H](C)C[C@H](N(C)Cc3ccc(-c4cn(CCCCCC(=O)NO)nn4)cc3)[C@H]2O)[C@](C)(OC)C[C@@H](C)C(=O)[C@H](C)[C@@H](O)[C@]1(C)O,5.323306390375134,3
CC[C@H]1OC(=O)[C@H](C)[C@@H](O)[C@H](C)[C@@H](O[C@@H]2O[C@H](C)C[C@H](N(C)Cc3ccc(-c4cn(CCCCCCC(=O)NO)nn4)cc3)[C@H]2O)[C@](C)(O)C[C@@H](C)CN(C)[C@H](C)[C@@H](O)[C@]1(C)O,5.991399828238083,3
CC[C@H]1OC(=O)[C@H](C)[C@@H](O)[C@H](C)[C@@H](O[C@@H]2O[C@H](C)C[C@H](N(C)Cc3ccc(-c4cn(CCCCCCC(=O)NO)nn4)cc3)[C@H]2O)[C@](C)(OC)C[C@@H](C)C(=O)[C@H](C)[C@@H](O)[C@]1(C)O,5.856985199745904,6
CC[C@H]1OC(=O)[C@H](C)[C@@H](O)[C@H](C)[C@@H](O[C@@H]2O[C@H](C)C[C@H](N(C)Cc3ccc(-c4cn(CCCCCCCC(=O)NO)nn4)cc3)[C@H]2O)[C@](C)(O)C[C@@H](C)CN(C)[C@H](C)[C@@H](O)[C@]1(C)O,5.168770306132936,3
CC[C@H]1OC(=O)[C@H](C)[C@@H](O)[C@H](C)[C@@H](O[C@@H]2O[C@H](C)C[C@H](N(C)Cc3ccc(-c4cn(CCCCCCCC(=O)NO)nn4)cc3)[C@H]2O)[C@](C)(OC)C[C@@H](C)C(=O)[C@H](C)[C@@H](O)[C@]1(C)O,5.354577730650907,3
CC[C@H]1OC(=O)[C@H](C)[C@@H](O)[C@H](C)[C@@H](O[C@@H]2O[C@H](C)C[C@H](N(C)Cc3ccc(NC(=O)CCCCCCC(=O)NO)cc3)[C@H]2O)[C@](C)(O)C[C@@H](C)CN(C)[C@H](C)[C@@H](O)[C@]1(C)O,5.6345120151091,3
CC[C@H]1OC(=O)[C@H](C)[C@@H](O[C@@H]2C[C@](C)(OC)[C@@](O)(CN(C)Cc3ccc(-c4cn(CCCC(=O)NO)nn4)cc3)[C@@H](C)O2)[C@@H](C)[C@@H](O[C@H]2O[C@@H](C)C[C@@H](N(C)C)[C@@H]2O)[C@](C)(OC)C[C@@H](C)C(=O)[C@H](C)[C@H](O)[C@]1(C)O,5.596879478824182,3
CC[C@H]1OC(=O)[C@H](C)[C@@H](O[C@@H]2C[C@](C)(OC)[C@@](O)(CN(C)Cc3ccc(-c4cn(CCCCCC(=O)NO)nn4)cc3)[C@@H](C)O2)[C@@H](C)[C@@H](O[C@H]2O[C@@H](C)C[C@@H](N(C)C)[C@@H]2O)[C@](C)(OC)C[C@@H](C)C(=O)[C@H](C)[C@H](O)[C@]1(C)O,6.006563769502389,3
CC[C@H]1OC(=O)[C@H](C)[C@@H](O[C@@H]2C[C@](C)(OC)[C@H](O)[C@@H](C)O2)[C@@H](C)[C@@H](O[C@H]2O[C@@H](C)C[C@@H](N(C)Cc3ccc(-c4cn(CCCC(=O)NO)nn4)cc3)[C@@H]2O)[C@](C)(OC)C[C@@H](C)C(=O)[C@H](C)[C@H](O)[C@]1(C)O,6.006123085058789,3
CC[C@H]1OC(=O)[C@H](C)[C@@H](O[C@@H]2C[C@](C)(OC)[C@H](O)[C@@H](C)O2)[C@@H](C)[C@@H](O[C@H]2O[C@@H](C)C[C@@H](N(C)Cc3ccc(-c4cn(CCCCCC(=O)NO)nn4)cc3)[C@@H]2O)[C@](C)(OC)C[C@@H](C)C(=O)[C@H](C)[C@H](O)[C@]1(C)O,5.928117992693874,3
CC[C@H]1OC(=O)[C@H](C)[C@@H](O[C@@H]2C[C@](C)(OC)[C@H](O)[C@@H](C)O2)[C@H](C)[C@@H](O[C@@H]2O[C@H](C)C[C@H](N(C)C)[C@H]2O)[C@@](C)(O)C[C@@H](C)CN(Cc2ccc(-c3cn(CC(=O)NO)nn3)cc2)[C@@H](C)[C@@H](O)[C@]1(C)O,5.0,1
CC[C@H]1OC(=O)[C@H](C)[C@@H](O[C@@H]2C[C@](C)(OC)[C@H](O)[C@@H](C)O2)[C@H](C)[C@@H](O[C@@H]2O[C@H](C)C[C@H](N(C)C)[C@H]2O)[C@@](C)(O)C[C@@H](C)CN(Cc2ccc(-c3cn(CCC(=O)NO)nn3)cc2)[C@@H](C)[C@@H](O)[C@]1(C)O,5.0,1
CC[C@H]1OC(=O)[C@H](C)[C@@H](O[C@@H]2C[C@](C)(OC)[C@H](O)[C@@H](C)O2)[C@H](C)[C@@H](O[C@@H]2O[C@H](C)C[C@H](N(C)C)[C@H]2O)[C@@](C)(O)C[C@@H](C)CN(Cc2ccc(-c3cn(CCCC(=O)NO)nn3)cc2)[C@@H](C)[C@@H](O)[C@]1(C)O,5.557520230935552,3
CC[C@H]1OC(=O)[C@H](C)[C@@H](O[C@@H]2C[C@](C)(OC)[C@H](O)[C@@H](C)O2)[C@H](C)[C@@H](O[C@@H]2O[C@H](C)C[C@H](N(C)C)[C@H]2O)[C@@](C)(O)C[C@@H](C)CN(Cc2ccc(-c3cn(CCCCCC(=O)NO)nn3)cc2)[C@@H](C)[C@@H](O)[C@]1(C)O,5.625251653989896,3
CC[C@H]1OC(=O)[C@H](C)[C@@H](O[C@H]2C[C@@](C)(OC)[C@@H](O)[C@H](C)O2)[C@H](C)[C@@H](O[C@@H]2O[C@H](C)C[C@H](N(C)Cc3ccc(-c4cn(CCCCCC(=O)NO)nn4)cc3)[C@H]2O)[C@](C)(O)C[C@@H](C)CN(C)[C@H](C)[C@@H](O)[C@]1(C)O,5.325138859262188,3
CC[C@H]1OC(=O)[C@H](C)[C@@H](O[C@H]2C[C@@](C)(OC)[C@@H](O)[C@H](C)O2)[C@H](C)[C@@H](O[C@@H]2O[C@H](C)C[C@H](N(C)Cc3ccc(-c4cn(CCCCCC(=O)NO)nn4)cc3)[C@H]2O)[C@](C)(OC)C[C@@H](C)C(=O)[C@H](C)[C@@H](O)[C@]1(C)O,5.399027104313252,3
CC[C@H]1OC(=O)[C@H](C)[C@@H](O[C@H]2C[C@@](C)(OC)[C@@H](O)[C@H](C)O2)[C@H](C)[C@@H](O[C@@H]2O[C@H](C)C[C@H](N(C)Cc3ccc(-c4cn(CCCCCCC(=O)NO)nn4)cc3)[C@H]2O)[C@](C)(O)C[C@@H](C)CN(C)[C@H](C)[C@@H](O)[C@]1(C)O,6.002613615602687,3
CC[C@H]1OC(=O)[C@H](C)[C@@H](O[C@H]2C[C@@](C)(OC)[C@@H](O)[C@H](C)O2)[C@H](C)[C@@H](O[C@@H]2O[C@H](C)C[C@H](N(C)Cc3ccc(-c4cn(CCCCCCC(=O)NO)nn4)cc3)[C@H]2O)[C@](C)(OC)C[C@@H](C)C(=O)[C@H](C)[C@@H](O)[C@]1(C)O,5.723538195826755,6
CC[C@H]1OC(=O)[C@H](C)[C@@H](O[C@H]2C[C@@](C)(OC)[C@@H](O)[C@H](C)O2)[C@H](C)[C@@H](O[C@@H]2O[C@H](C)C[C@H](N(C)Cc3ccc(-c4cn(CCCCCCCC(=O)NO)nn4)cc3)[C@H]2O)[C@](C)(O)C[C@@H](C)CN(C)[C@H](C)[C@@H](O)[C@]1(C)O,5.146910470148134,3
CC[C@H]1OC(=O)[C@H](C)[C@@H](O[C@H]2C[C@@](C)(OC)[C@@H](O)[C@H](C)O2)[C@H](C)[C@@H](O[C@@H]2O[C@H](C)C[C@H](N(C)Cc3ccc(-c4cn(CCCCCCCC(=O)NO)nn4)cc3)[C@H]2O)[C@](C)(OC)C[C@@H](C)C(=O)[C@H](C)[C@@H](O)[C@]1(C)O,5.230622673923861,3
CC[C@H]1OC(=O)[C@H](C)[C@@H](O[C@H]2C[C@@](C)(OC)[C@@H](O)[C@H](C)O2)[C@H](C)[C@@H](O[C@@H]2O[C@H](C)C[C@H](N(C)Cc3ccc(-c4cn(CCCCCCCCC(=O)NO)nn4)cc3)[C@H]2O)[C@](C)(O)C[C@@H](C)CN(C)[C@H](C)[C@@H](O)[C@]1(C)O,4.95663772197887,3
CC[C@H]1OC(=O)[C@H](C)[C@@H](O[C@H]2C[C@@](C)(OC)[C@@H](O)[C@H](C)O2)[C@H](C)[C@@H](O[C@@H]2O[C@H](C)C[C@H](N(C)Cc3ccc(-c4cn(CCCCCCCCC(=O)NO)nn4)cc3)[C@H]2O)[C@](C)(OC)C[C@@H](C)C(=O)[C@H](C)[C@@H](O)[C@]1(C)O,4.976747540366288,3
CC[C@H]1OC(=O)[C@H](C)[C@@H](O[C@H]2C[C@@](C)(OC)[C@@H](O)[C@H](C)O2)[C@H](C)[C@@H](O[C@@H]2O[C@H](C)C[C@H](N(C)Cc3ccc(NC(=O)CCCCCCC(=O)NO)cc3)[C@H]2O)[C@](C)(O)C[C@@H](C)CN(C)[C@H](C)[C@@H](O)[C@]1(C)O,5.175223537524454,3
CC[C@]1(C)NC(=O)[C@H](CCCCCC(=O)[C@@H](C)O)NC(=O)[C@H]2CCCN2C(=O)[C@H](Cc2ccccc2)NC1=O,7.657577319177793,1
CC[C@]1(C)NC(=O)[C@H](CCCCCC(=O)[C@@H](C)O)NC(=O)[C@H]2C[C@H](C)CN2C(=O)[C@H](Cc2ccccc2)NC1=O,7.769551078621726,1
CC[N+]1=C(/C=C/C=C/C=C2/N(CCCCC(=O)N(CCc3c(C)[nH]c4ccccc34)Cc3ccc(/C=C/C(=O)NO)cc3)c3ccc4c(S(=O)(=O)O)cc(S(=O)(=O)O)cc4c3C2(C)C)C(C)(C)c2c1ccc1c(S(=O)(=O)[O-])cc(S(=O)(=O)O)cc21,8.017728766960431,1
CCc1c(C#N)c(CN(C)C2CCN(c3ncc(C(=O)NO)cn3)CC2)nc(SC(C(N)=O)c2ccccc2)c1C#N,7.0,1
CCc1c(C#N)c(SC(C(N)=O)c2ccccc2)nc(N(C)C2CCN(c3ncc(C(=O)NO)cn3)CC2)c1C#N,6.638272163982407,1
CCc1c(C#N)c(SC(C(N)=O)c2ccccc2)nc(N(C)CCNCc2ccc(/C=C/C(=O)NO)cc2)c1C#N,6.795880017344075,1
CCc1c(C#N)c(SC(C(N)=O)c2ccccc2)nc(N2CCC(CNCc3ccc(/C=C/C(=O)NO)cc3)CC2)c1C#N,7.154901959985743,1
CCc1c(C#N)c(SC(C(N)=O)c2ccccc2)nc(N2CCC(CNc3ncc(C(=O)NO)cn3)CC2)c1C#N,6.853871964321762,1
CCc1c(C#N)c(SC(C(N)=O)c2ccccc2)nc(N2CCC(NC(=O)CCC(=O)NCc3ccc(C(=O)NO)cc3)CC2)c1C#N,6.638272163982407,1
CCc1c(C#N)c(SC(C(N)=O)c2ccccc2)nc(N2CCC(NC(=O)CCC(=O)Nc3ccc(/C=C/C(=O)NO)cc3)CC2)c1C#N,6.638272163982407,1
CCc1c(C#N)c(SC(C(N)=O)c2ccccc2)nc(N2CCC(NC(=O)CCC(=O)Nc3ccc(C(=O)NO)cc3)CC2)c1C#N,5.886056647693163,1
CCc1c(C#N)c(SC(C(N)=O)c2ccccc2)nc(N2CCC(NC(=O)CCCC(=O)NCc3ccc(C(=O)NO)cc3)CC2)c1C#N,6.481486060122112,1
CCc1c(C#N)c(SC(C(N)=O)c2ccccc2)nc(N2CCC(NC(=O)CCCC(=O)NO)CC2)c1C#N,5.97061622231479,1
CCc1c(C#N)c(SC(C(N)=O)c2ccccc2)nc(N2CCC(NC(=O)CCCC(=O)Nc3ccc(C(=O)NO)cc3)CC2)c1C#N,6.2441251443275085,1
CCc1c(C#N)c(SC(C(N)=O)c2ccccc2)nc(N2CCC(NC(=O)CCCCC(=O)Nc3ccc(C(=O)NO)cc3)CC2)c1C#N,6.552841968657781,1
CCc1c(C#N)c(SC(C(N)=O)c2ccccc2)nc(N2CCC(NC(=O)CCCCCC(=O)NO)CC2)c1C#N,6.6777807052660805,1
CCc1c(C#N)c(SC(C(N)=O)c2ccccc2)nc(N2CCC(NC(=O)CCCCCCC(=O)NO)CC2)c1C#N,6.522878745280337,1
CCc1c(C#N)c(SC(C(N)=O)c2ccccc2)nc(N2CCC(NC(=O)CCCCCCCC(=O)NO)CC2)c1C#N,5.935542010773082,1
CCc1c(C#N)c(SC(C(N)=O)c2ccccc2)nc(N2CCC(NC(=O)c3ccc(C(=O)NO)cc3)CC2)c1C#N,6.060480747381382,1
CCc1c(C#N)c(SC(C(N)=O)c2ccccc2)nc(N2CCC(NCc3ccc(/C=C/C(=O)NO)cc3)CC2)c1C#N,6.886056647693163,1
CCc1c(C#N)c(SC(C(N)=O)c2ccccc2)nc(N2CCC(NCc3ccc(C(=O)NCc4ccc(/C=C/C(=O)NO)cc4)cc3)CC2)c1C#N,7.096910013008056,1
CCc1c(C#N)c(SC(C(N)=O)c2ccccc2)nc(N2CCC(NCc3ccc(C(=O)NCc4ccc(C(=O)NO)cc4)cc3)CC2)c1C#N,6.6020599913279625,1
CCc1c(C#N)c(SC(C(N)=O)c2ccccc2)nc(N2CCC(Nc3ncc(C(=O)NO)cn3)CC2)c1C#N,6.721246399047171,1
CCc1c(C#N)c(SC(C(N)=O)c2ccccc2)nc(N2CCN(Cc3ccc(/C=C/C(=O)NO)cc3)CC2)c1C#N,6.853871964321762,1
CCc1c(C#N)c(SC(C(N)=O)c2ccccc2)nc(N2CCN(c3ncc(C(=O)NO)cn3)CC2)c1C#N,7.221848749616356,1
CCc1c(C#N)c(S[C@@H](C(N)=O)c2ccccc2)nc(N2CCC(CNCc3ccc(/C=C/C(=O)NO)cc3)CC2)c1C#N,6.770303756120384,4
CCc1c(C#N)c(S[C@H](C(N)=O)c2ccccc2)nc(N2CCC(CNCc3ccc(/C=C/C(=O)NO)cc3)CC2)c1C#N,6.886056647693163,1
CCc1c2c(nc3ccc(OCc4cn(CCCC(=O)NO)nn4)cc13)-c1cc3c(c(=O)n1C2)COC(=O)[C@]3(O)CC,5.762959208620809,3
CCc1c2c(nc3ccc(OCc4cn(CCCCC(=O)NO)nn4)cc13)-c1cc3c(c(=O)n1C2)COC(=O)[C@]3(O)CC,6.809668301829708,1
CCc1c2c(nc3ccc(OCc4cn(CCCCCC(=O)NO)nn4)cc13)-c1cc3c(c(=O)n1C2)COC(=O)[C@]3(O)CC,6.917214629683549,1
CCc1c2c(nc3ccc(OCc4cn(CCCCCCC(=O)NO)nn4)cc13)-c1cc3c(c(=O)n1C2)COC(=O)[C@]3(O)CC,7.187086643357144,1
CCc1c2c(nc3ccc(OCc4cn(CCCCCCCC(=O)NO)nn4)cc13)-c1cc3c(c(=O)n1C2)COC(=O)[C@]3(O)CC,5.857311325142053,4
CCc1cc(-c2ccc(F)cc2)n(Cc2ccc(C(=O)NO)cc2)n1,5.523845995168937,2
CCc1cc(-c2ccc(F)cc2)nn1Cc1ccc(C(=O)NO)cc1,6.041773025725037,2
CCc1cc(Cc2cnc(N)nc2N)cc(CC)c1N,7.795880017344075,1
CCc1cc(Cc2cnc(N)nc2N)cc(CC)c1O,7.508638306165727,1
CCc1ccc(-c2nc3ccc(C(=O)NO)cc3[nH]2)cc1,5.920818753952375,3
CCc1ccc(C#Cc2c(-c3ccccc3)nnn2[C@@H](Cc2ccccc2)C(=O)NO)cc1,5.823908740944319,3
CCc1ccc(C(=O)NO)cc1NCc1ccccc1,6.866461091629783,3
CCc1ccc(CCCn2cccc(/C=C/C(=O)NO)c2=O)cc1,6.508638306165727,1
CCc1ccc(CCn2cccc(/C=C/C(=O)NO)c2=O)cc1,7.154901959985743,1
CCc1ccc(Cn2cccc(/C=C/C(=O)NO)c2=O)cc1,7.0,1
CCc1ccc(NC(=O)c2ccc(N3CCN(C)CC3)cc2)c(N)c1,5.3979400086720375,1
CCc1ccc(SCc2ccc(C(=O)Nc3ccccc3N)cc2)cc1,4.494850021680094,1
CCc1ccc2c(cnn2C(Cc2ccccc2)C(=O)NO)c1,6.425968732272281,3
CCc1ccc2cnn(C(Cc3ccccc3)C(=O)NO)c2c1,6.425968732272281,3
CCc1ccccc1Cn1cccc(/C=C/C(=O)NO)c1=O,6.638272163982407,1
CCc1nc(C(N)=O)c(Nc2ccc(N3CCC(N4CCN(Cc5ccc(C(=O)NCc6ccc(/C=C/C(=O)NO)cc6)cc5)CC4)CC3)c(OC)c2)nc1NC1CCOCC1,7.200659450546418,1
CCc1nc(C(N)=O)c(Nc2ccc(N3CCN(C(=O)CCCCCC(=O)NO)CC3)c(OC)c2)nc1NC1CCOCC1,6.690369832574101,1
CCc1nc(C(N)=O)c(Nc2ccc(N3CCN(C(=O)CCCCCCC(=O)NO)CC3)c(OC)c2)nc1NC1CCOCC1,6.8326826652518236,1
CCc1nc(C(N)=O)c(Nc2ccc(N3CCN(CCCCCCC(=O)NO)CC3)c(OC)c2)nc1NC1CCOCC1,6.481486060122112,1
CCc1nc(C(N)=O)c(Nc2ccc(N3CCN(CCCCCCCC(=O)NO)CC3)c(OC)c2)nc1NC1CCOCC1,6.488366301903522,4
CCc1nc(C(N)=O)c(Nc2ccc(N3CCN(Cc4ccc(/C=C/C(=O)NO)cc4)CC3)c(OC)c2)nc1NC1CCOCC1,7.026872146400302,1
CCc1nc(N)nc(N)c1-c1ccc(-c2cn(CCCCCC(=O)NO)nn2)cc1,5.552841968657781,3
CCc1nc(N)nc(N)c1-c1ccc(-c2cn(CCCCCCC(=O)NO)nn2)cc1,6.107905397309519,3
CCc1nc(N)nc(N)c1-c1ccc(/C=C/C(=O)NO)cc1,5.7447274948966935,3
CCc1nc2c(Cc3ccc(C(=O)NO)cc3)cccc2c(=O)n1CCc1ccccc1,6.54975089168064,5
CCc1nc2cc(/C=C/C(=O)NO)c(F)cc2c(=O)n1CCc1ccccc1,5.853871964321762,2
CCc1nc2cc(/C=C/C(=O)NO)ccc2c(=O)n1CCCc1ccccc1,5.876148359032914,2
CCc1nc2cc(/C=C/C(=O)NO)ccc2c(=O)n1CCc1ccc(F)cc1,6.050122295963125,2
CCc1nc2cc(/C=C/C(=O)NO)ccc2c(=O)n1CCc1ccc(OC)cc1,6.226213555018807,2
CCc1nc2cc(/C=C/C(=O)NO)ccc2c(=O)n1CCc1ccccc1,5.928117992693874,2
CCc1nc2cc(Cc3ccc(C(=O)NO)cc3)ccc2c(=O)n1CCc1ccccc1,6.761953896871205,2
CCc1nc2cc(Cl)c(/C=C/C(=O)NO)cc2c(=O)n1CCc1ccccc1,5.7258421507363195,2
CCc1nc2cc(F)c(/C=C/C(=O)NO)cc2c(=O)n1CCc1ccccc1,6.115771230367396,2
CCc1nc2ccc(/C=C/CC(=O)NO)cc2c(=O)n1-c1ccccc1,5.43297363384094,3
CCc1nc2ccc(Cc3ccc(C(=O)NO)cc3)cc2c(=O)n1CCc1ccccc1,7.00436480540245,2
CCc1nnc(NS(=O)(=O)c2ccc(N/C=C3\Sc4ccccc4C3=O)cc2)s1,5.376750709602099,1
CCc1nnc(NS(=O)(=O)c2ccc(Nc3nc(C)c(C(=O)Nc4ccccc4)s3)cc2)s1,4.494850021680094,1
CCc1nnc([C@@H]2CCC(=O)N2c2cc(F)c(-c3noc(C(F)(F)F)n3)cc2F)o1,5.180456064458131,3
CCn1c(C)c(CCNS(=O)(=O)c2ccc(/C=C/C(=O)NO)cc2)c2ccccc21,8.468521082957745,1
CCn1c(C)nc2cc(/C=C/C(=O)NO)ccc21,6.71669877129645,7
CCn1c(CCc2ccccc2)nc2cc(/C=C/C(=O)NO)ccc21,6.8297382846050425,4
CCn1c(SCCCCC(=O)NO)nc2c([nH]c3ccccc32)c1=O,5.229147988357855,1
CCn1c(SCCCCCC(=O)NO)nnc1-c1ccncc1,3.5228787452803374,1
CCn1c(SCCCCCC(=O)Nc2ccccc2N)nnc1-c1ccncc1,3.703181298419511,2
CCn1c(SCCCCCC(=O)O)nnc1-c1ccncc1,3.5228787452803374,1
CCn1c(SCc2ccc(C(=O)NO)cc2)nnc1-c1ccncc1,3.5228787452803374,1
CCn1c(SCc2ccc(C(=O)Nc3ccccc3N)cc2)nnc1-c1ccncc1,3.5228787452803374,1
CCn1cc(-c2ccc3nc(C)ccc3c2)nc1[C@@H](N)CCCCCC(=O)c1ncco1,4.6777807052660805,1
CCn1ccc(OCc2ccc(-c3nnc(C(F)F)o3)cn2)n1,4.259637310505756,1
CCn1ccc2c(c1=O)=CC(OC)C(C1=CNC([C@H](CCCCCC(=O)c3ccon3)NC(=O)CN(C)C)N1)C=2,8.2839966563652,1
CCn1ccc2c(c1=O)=CCC(C1=CNC([C@@H](N)CCCCCC(=O)C3NC=CO3)N1)C=2,5.629857152948897,1
CCn1ccc2cc(-c3cnc([C@H](CCCCCC(=O)c4ncco4)NC(=O)CN(C)C)[nH]3)c(OC)cc2c1=O,7.2441251443275085,1
CCn1cnc(-c2ccc(OC)cc2)c1-c1ccc(/C=C/C(=O)NO)cc1,6.870633481393593,2
CCn1cnc(-c2ccccc2)c1-c1ccc(/C=C/C(=O)NO)cc1,6.755105105692003,2
CCn1cnc2cc(/C=C/C(=O)NO)ccc21,6.6968039425795105,4
CN(/N=C/c1ccc(C(=O)NO)cc1)C(=O)c1ccc(N(C)C)cc1,6.886056647693163,3
CN(/N=C/c1cccc(C(=O)NO)c1)C(=O)c1ccc(N(C)C)cc1,5.698970004336019,3
CN(C(=O)CCCc1ccccc1)c1ccc(C(=O)NO)cc1,6.2839966563652006,1
CN(C(=O)CN(C)S(=O)(=O)c1ccc(F)cc1)c1ccc(C(=O)NO)cc1,6.24184537803261,3
CN(C(=O)CN(Cc1c(F)c(F)c(F)c(F)c1F)S(=O)(=O)c1ccc(F)cc1)c1ccc(C(=O)NO)cc1,6.649751981665837,3
CN(C(=O)[C@@H]1CCC(=O)N1c1cc(F)c(-c2noc(C(F)(F)F)n2)cc1F)C(C)(C)C,4.6777807052660805,6
CN(C(=O)[C@@H]1CCC(=O)N1c1ccc(-c2noc(C(F)(F)F)n2)c(F)c1)C(C)(C)C,4.568636235841013,3
CN(C(=O)[C@@H]1COCC(=O)N1c1ccc(-c2noc(C(F)(F)F)n2)c(F)c1)C(C)(C)C,5.200659450546418,3
CN(C(=O)c1ccc(-c2noc(C(F)(F)F)n2)cc1)c1ccccc1,4.1438755557577,3
CN(C)C(=O)c1ccc(-c2ccc3c(cnn3C(Cc3ccccc3)C(=O)NO)c2)cc1,6.425968732272281,3
CN(C)C(=O)c1ccc(-c2cccc3c(C#CC4CC4)n(C(Cc4ccccc4)C(=O)NO)nc23)cc1,7.301029995663981,1
CN(C)C(=O)c1ccc(-c2cccc3cn(C(Cc4ccccc4)C(=O)NO)nc23)cc1,7.301029995663981,1
CN(C)C(=O)c1ccc(-c2cccn3c(C(Cc4ccccc4)C(=O)NO)cnc23)cc1,6.301029995663981,1
CN(C)C(=O)c1ccc(-c2nccc3c(C#CC4CC4)n(C(Cc4ccccc4)C(=O)NO)nc23)cc1,7.301029995663981,1
CN(C)C(=O)c1cccc(-c2cccc3c(C#CC4CC4)n(C(Cc4ccccc4)C(=O)NO)nc23)c1,7.301029995663981,1
CN(C)C(=O)c1cccc(NCc2ccc(-c3noc(C(F)(F)F)n3)cn2)c1,6.0,3
CN(C)C(=S)NN=C(c1ccccn1)c1ccccn1,5.301029995663981,1
CN(C)C1(C(=O)N[C@@H](CCCCCC(=O)c2ccon2)c2ncc(-c3ccccc3F)[nH]2)CC1,8.154901959985743,1
CN(C)C1(C(=O)N[C@@H](CCCCCC(=O)c2ccon2)c2ncc(-c3ccccc3F)[nH]2)CCC1,8.42021640338319,1
CN(C)C1(C(=O)N[C@@H](CCCCCC(=O)c2ccon2)c2ncc(-c3ccccc3F)[nH]2)CCCC1,8.455931955649724,1
CN(C)CC(=O)N(Cc1ccc(-c2noc(C(F)(F)F)n2)cc1)c1cccc(C(F)(F)F)c1,5.455931955649724,3
CN(C)CC(=O)N[C@@H](CCCCCC(=O)C1NC=CO1)C1NC(c2ccc(F)cc2)=NC1C#N,6.076213670428944,2
CN(C)CC(=O)N[C@@H](CCCCCC(=O)C1NC=CO1)C1NC=C(C2C=c3nccnc3=CC2)N1,7.167491087293763,1
CN(C)CC(=O)N[C@@H](CCCCCC(=O)c1ccon1)C1=NC(Cl)C(c2ccc(F)cc2)N1,7.721246399047171,1
CN(C)CC(=O)N[C@@H](CCCCCC(=O)c1ccon1)c1nc(-c2ccccc2F)c[nH]1,8.301029995663981,1
CN(C)CC(=O)N[C@@H](CCCCCC(=O)c1ncco1)c1[nH]c(-c2ccc(F)cc2)nc1Cl,6.552841968657781,1
CN(C)CC(=O)N[C@@H](CCCCCC(=O)c1ncco1)c1ncc(-c2ccc3c(ccc(=O)n3C)c2)[nH]1,7.040958607678906,1
CN(C)CC(C)(C)Cn1c(CCc2ccccc2)nc2cc(/C=C/C(=O)NO)ccc21,6.452225294612178,7
CN(C)CCCNC(=O)c1cc(NC(=O)c2cc(NC(=O)c3cc(NC(=O)c4nc(NC(=O)CCCNC(=O)c5cc(NC(=O)c6cc(NC(=O)c7cc(NC(=O)c8nc(NC(=O)CCNC(=O)CCNC(=O)CCCCCCC(=O)NO)cn8C)cn7C)cn6C)cn5C)cn4C)cn3C)cn2C)cn1C,6.886056647693163,3
CN(C)CCCNC(=O)c1cc(NC(=O)c2cc(NC(=O)c3cc(NC(=O)c4nc(NC(=O)CCCNC(=O)c5cc(NC(=O)c6cc(NC(=O)c7cc(NC(=O)c8nc(NC(=O)CCNC(=O)CCNC(=O)c9ccc(NC(=O)CCCCCCC(=O)NO)cc9)cn8C)cn7C)cn6C)cn5C)cn4C)cn3C)cn2C)cn1C,6.086186147616284,3
CN(C)CCCNC(=O)c1ccc(/C=C2\CCn3c2nc2cc(N4CCN(CCCCCCCC(=O)NO)CC4)c(F)cc2c3=O)cc1.Cl,7.522878745280337,2
CN(C)CCCNC(=O)c1ccc(/C=C2\CCn3c2nc2cc(N4CCN(Cc5ccc(/C=C/C(=O)Nc6ccccc6N)cc5)CC4)c(F)cc2c3=O)cc1,5.09151498112135,1
CN(C)CCCNC(=O)c1ccc(C=C2CCn3c2nc2cc(N4CCN(CCCCC(=O)NO)CC4)c(F)cc2c3=O)cc1,5.823908740944319,1
CN(C)CCCNC(=O)c1ccc(C=C2CCn3c2nc2cc(N4CCN(CCCCCC(=O)NO)CC4)c(F)cc2c3=O)cc1,5.795880017344075,1
CN(C)CCCNC(=O)c1ccc(C=C2CCn3c2nc2cc(N4CCN(CCCCCCC(=O)NO)CC4)c(F)cc2c3=O)cc1,5.6777807052660805,1
CN(C)CCCNC(=O)c1ccc(C=C2CCn3c2nc2cc(N4CCN(CCCCCCCC(=O)NO)CC4)c(F)cc2c3=O)cc1,6.400910819723094,3
CN(C)CCCNC(=O)c1ccc(C=C2CCn3c2nc2cc(N4CCN(Cc5ccc(C(=O)NO)cc5)CC4)c(F)cc2c3=O)cc1,5.6020599913279625,1
CN(C)CCCNC(=O)c1ccc(C=C2CCn3c2nc2cc(N4CCN(Cc5ccc(C=CC(=O)NO)cc5)CC4)c(F)cc2c3=O)cc1,5.721246399047171,1
CN(C)CCCNC(=O)c1ccc(C=C2CCn3c2nc2cc(NCCCCCCC(=O)NO)c(F)cc2c3=O)cc1,7.154901959985743,1
CN(C)CCCNC(=O)c1ccc(C=C2CCn3c2nc2ccc(OCCCCCCC(=O)NO)cc2c3=O)cc1,7.221848749616356,1
CN(C)CCCNc1cc2nc3n(c(=O)c2cc1F)CC/C3=C\c1ccc(C(=O)Nc2ccccc2N)cc1,5.236572006437063,1
CN(C)CCCn1c(SCc2ccc(/C=C/C(=O)NO)cc2)nc2ccccc21,7.1094238093068896,4
CN(C)CCNc1c2cc(Cl)ccc2nc2[nH]c3ccccc3c12,6.119186407719209,1
CN(C)CCOc1ccc(-c2cc(=O)c3c(O)cc(OCCCCCC(=O)NO)cc3o2)cc1,5.6020599913279625,1
CN(C)CCOc1ccc(-c2cc(=O)c3c(O)cc(OCCCCCC(=O)NO)cc3o2)cc1.Cl,5.6020599913279625,2
CN(C)CCc1cn(-c2ccc(C(=O)NO)cc2)c2ccccc12,6.374687549038326,1
CN(C)CCc1cn(Cc2ccc(C(=O)NO)cc2)c2ccccc12,6.374687549038325,3
CN(C)CCn1c(-c2cccc(/C=C/C(=O)NO)c2)nc2ccccc21,6.795880017344075,3
CN(C)CCn1c(SCc2ccc(/C=C/C(=O)NO)cc2)nc2ccccc21,7.823908740944319,1
CN(C)CCn1c(SCc2ccc(C(=O)NO)cc2)nc2ccccc21,6.356547323513812,1
CN(C)Cc1c(C(=O)NCCOc2ccc(C(=O)NO)cc2)oc2ccccc12,6.403328245369238,5
CN(C)Cc1c(C(=O)NCCOc2ccc(C(=O)NO)cc2)oc2ccccc12.Cl,6.721246399047171,2
CN(C)Cc1ccc(S(=O)(=O)n2ccc(/C=C/C(=O)NO)c2)cc1.Cl,6.057000406633958,6
CN(C)Cc1cn(Cc2ccc(C(=O)NO)cc2)c2ccccc12,6.40003691822361,3
CN(C)Cc1nn(Cc2ccc(C(=O)NO)cc2)c2ccccc12,6.100059189088655,3
CN(C)S(=O)(=O)c1ccc(NCCCCCC(=O)NO)c2nonc12,5.3442087440190935,4
CN(C)S(=O)(=O)c1ccc(NCCCCCCC(=O)NO)c2nonc12,6.2095988616461755,4
CN(C)S(=O)(=O)c1ccc(NCCCCCNC(=O)NCC(=O)NO)c2nonc12,5.120330794367947,1
CN(C)c1ccc(-c2ccc(Cn3cccc(O)c3=S)cc2)cc1,5.543937775545049,6
CN(C)c1ccc(-c2cn(CCCCCC(=O)NO)nn2)cc1,8.366531544420413,1
CN(C)c1ccc(-c2cn(CCCCCCC(=O)NO)nn2)cc1,6.97469413473523,1
CN(C)c1ccc(-c2cn(CCCCCCCC(=O)NO)nn2)cc1,7.795880017344075,1
CN(C)c1ccc(-c2cn(CCCCCCCCC(=O)NO)nn2)cc1,6.224025668870631,1
CN(C)c1ccc(-c2cn(CCCCCn3cccc(O)c3=S)nn2)cc1,5.82915179635669,6
CN(C)c1ccc(-c2cnc(N3CCC(NCc4ccc(CCC(=O)NO)cc4)CC3)c(C#N)c2-c2ccc(C#N)c(F)c2)cc1O,7.329183832110973,2
CN(C)c1ccc(-n2cc(Cn3cccc(O)c3=S)nn2)cc1,5.728623128105926,6
CN(C)c1ccc(/C=C/C=C/C(=O)NO)cc1,5.769551078621726,1
CN(C)c1ccc(C(=O)N(CC(=O)NCc2ccccc2)Cc2ccc(C(=O)NN)cc2)cc1,5.0,1
CN(C)c1ccc(C(=O)N(CC(=O)NCc2ccccc2)Cc2ccc(C(=O)NNC/C=C/c3ccccc3)cc2)cc1,5.0,1
CN(C)c1ccc(C(=O)N(CC(=O)NCc2ccccc2)Cc2ccc(C(=O)NNCCC(C)(C)C)cc2)cc1,5.0,1
CN(C)c1ccc(C(=O)N(CC(=O)NCc2ccccc2)Cc2ccc(C(=O)NNCCC(F)(F)F)cc2)cc1,5.0,1
CN(C)c1ccc(C(=O)N(CC(=O)NCc2ccccc2)Cc2ccc(C(=O)NNCCCc3ccccc3)cc2)cc1,5.1432711096171175,3
CN(C)c1ccc(C(=O)N(CC(=O)NCc2ccccc2)Cc2ccc(C(=O)NNc3ccccc3)cc2)cc1,5.0,1
CN(C)c1ccc(C(=O)N(CC(=O)NCc2ccccc2)Cc2ccc(C(=O)Nc3cc(-c4ccccc4)ccc3N)cc2)cc1,5.826139891482981,2
CN(C)c1ccc(C(=O)N(CC(=O)NCc2ccccc2)Cc2ccc(C(=O)Nc3ccccc3N)cc2)cc1,5.484322727806491,9
CN(C)c1ccc(C(=O)N(CCCCCC(=O)NO)CC(=O)NCc2ccccc2)cc1,5.560667306169737,3
CN(C)c1ccc(C(=O)N(CCCCCC(=O)Nc2cc(F)ccc2N)CC(=O)NCc2ccccc2)cc1,5.019555413489357,2
CN(C)c1ccc(C(=O)N(CCCCCC(=O)Nc2ccccc2N)CC(=O)NCc2ccccc2)cc1,5.198685185453801,2
CN(C)c1ccc(C(=O)N/N=C/c2ccc(C(=O)NO)cc2)cc1,6.638272163982407,3
CN(C)c1ccc(C(=O)N/N=C/c2cccc(C(=O)NO)c2)cc1,5.657577319177793,3
CN(C)c1ccc(C(=O)NCCCCCC(=O)NO)cc1,6.170849267125394,2
CN(C)c1ccc(C(=O)NCCCCCCC(=O)NO)cc1,6.563863576887897,2
CN(C)c1ccc(C(=O)NCCCCCCCC(=O)NO)cc1,6.25008775208021,2
CN(C)c1ccc(C(=O)NCCCCCCNC(=O)CS)cc1,4.718966632752273,3
CN(C)c1ccc(C(=O)NCCCCCCS)cc1,6.214670164989233,1
CN(C)c1ccc(C(=O)NCCCCCNC(=O)CS)cc1,4.991399828238082,3
CN(C)c1ccc(C(=O)NCCCCNC(=O)CS)cc1,4.522878745280337,1
CN(C)c1ccc(C(=O)NCCCNC(=O)CS)cc1,4.910094888560602,3
CN(C)c1ccc(C(=O)NCc2ccc(/C=C/C(=O)NO)cc2)cc1,6.764471553092451,1
CN(C)c1ccc(C2(C(=O)Nc3ccc(C(=O)NO)cc3)CCCC2)cc1,7.050609993355086,3
CN(C)c1ccc(CN(CCCCN)C(=O)CCCCCCC(=O)NO)cc1,4.073657553374345,1
CN(C)c1ccc(CN(CCCNCCCCN)C(=O)CCCCC(=O)NO)cc1,4.397831448621003,1
CN(C)c1ccc(CN(Cc2ccc(C(=O)NO)cc2)S(=O)(=O)c2c(F)c(F)c(F)c(F)c2F)cc1,6.0,1
CN(C)c1ccc(CNC(=O)NCCC(=O)NO)cc1,5.978810700930062,3
CN(C)c1ccc(CNC(=O)c2ccc(-c3noc(C(F)(F)F)n3)cc2)cc1,4.0,1
CN(C)c1ccc(CNCCCCNC(=O)CCCCC(=O)NO)cc1,4.047304400413084,1
CN(C)c1ccc(CNCCCCNC(=O)CCCCCCC(=O)NO)cc1,4.1797328428390355,1
CN(C)c1ccc(NC(=O)CCCCC/C=C(\F)CS)cc1,6.522878745280337,1
CN(C)c1ccc(NC(=O)CCCCCCS)cc1,5.920818753952375,1
CN(C)c1ccc(NC(=O)NCCCCCCC(=O)NO)cc1,5.7594507517174,3
CN(C)c1ccc(NC(=O)NCCCCNC(=O)CS)cc1,5.769551078621726,1
CN(C)c1ccc(Sc2cccc(/C=C/C(=O)NO)c2)cc1,5.065501548756432,1
CN(C)c1ccc([S+]([O-])CCCCCC(=O)NO)cc1,5.657577319177793,1
CN(C)c1ccc2c(c1)SC(=S)N1CCCN=C21,5.568636235841012,3
CN(C)c1ccc2c(c1)SC(=S)N1CCN=C21,5.154901959985743,3
CN(C)c1ccc2cc(-c3cnc([C@@H](N)CCCCCC(=O)c4ncco4)[nH]3)ccc2n1,5.346787486224656,1
CN(C)c1cccc(-c2ccnc(NC3CCc4ccc(C(=O)NO)cc4C3)n2)c1,6.096910013008056,3
CN(C)c1cccc(C(=O)NO)c1,7.15407591190871,3
CN(C)c1cccc(COc2cc(-c3noc(C(F)(F)F)n3)ccn2)n1,4.769551078621726,3
CN(C)c1cccc2c(S(=O)(=O)N[C@H](C(=O)Nc3ccc(C(=O)NO)cc3)c3ccccc3)cccc12,8.013228265733755,1
CN(C)c1cccc2c(SNCCCCCC(=O)NO)cccc12,5.58838029403677,3
CN(C)c1nc2c(s1)Cc1cc(/C=C/C(=O)NO)ccc1-2,6.804100347590767,1
CN(C)c1ncc(-c2c(OCCCCCCC(=O)NO)cc(N3CCC(N)CC3)nc2-c2ccc(C#N)c(F)c2)cn1,8.478861916295964,1
CN(CC(=O)N(Cc1ccc(C(C)(C)C)cc1)c1ccc(C(=O)NO)cc1)S(=O)(=O)c1ccc(F)cc1,7.420979327815682,3
CN(CCCCCC(=O)NO)C(=O)c1ccc(N(C)C)cc1,6.3535962737769305,1
CN(CCOc1no[n+]([O-])c1S(=O)(=O)c1ccccc1)C(=O)c1ccc(/C=C/C(=O)NO)cc1,6.585026652029182,3
CN(CCc1ccccc1)S(=O)(=O)c1cccc(/C=C/C(=O)NO)c1,6.823908740944319,6
CN(Cc1ccc(-n2cnn(CCCCc3ccc(C(=O)NO)cc3)c2=O)cc1)CC(O)(Cn1cncn1)c1ccc(F)cc1F,5.167491087293763,1
CN(Cc1ccc(/C=C/C(=O)NO)cc1)CC12CC3CC(CC(C3)C1)C2,5.799681237692305,4
CN(Cc1ccc(/C=C/C(=O)NO)cc1F)CC12CC3CC(CC(C3)C1)C2,5.150514997831991,2
CN(Cc1ccc(/C=C/C(=O)NO)cc1F)CC1CCCCC1,5.7423214251308154,3
CN(Cc1ccc(C(=O)NO)cc1)C(=O)c1c(F)c(F)c(F)c(F)c1F,6.0,1
CN(Cc1ccc(C(=O)NO)cc1)S(=O)(=O)c1c(F)c(F)c(F)c(F)c1F,6.735182176990463,3
CN(Cc1ccc(C(=O)NO)cc1F)CC12CC3CC(CC(C3)C1)C2,5.070581074285707,13
CN(Cc1ccc(C(=O)NO)cc1[18F])CC12CC3CC(CC(C3)C1)C2,5.070581074285707,2
CN(Cc1ccc(OCCCOc2ccc(CC(=O)NO)cc2)cc1)CC(O)(Cn1cncn1)c1ccc(F)cc1F,5.568636235841012,1
CN(Cc1ccc2c(c1)CCC(C(=O)NO)=C2)CC12CC3CC(CC(C3)C1)C2,5.619788758288394,3
CN(Cc1ccccc1)C(=O)c1ccc(-c2noc(C(F)(F)F)n2)cc1,4.0,1
CN(Cc1ccccc1)c1ccc2c3c(cccc13)C(=O)N(CCCCCC(=O)NO)C2=O,5.853871964321762,3
CN(Cc1nc2c(N3CCOCC3)nc(-c3ccc(N)cc3)nc2n1C)c1ncc(C(=O)NO)cn1,7.838554074136319,4
CN(Cc1nc2c(N3CCOCC3)nc(-c3ccncc3)nc2n1C)c1ncc(C(=O)NO)cn1,8.019120348767935,4
CN(Cc1nc2c(N3CCOCC3)nc(-c3cnc(N)nc3)nc2n1C)c1ncc(C(=O)NO)cn1,7.863554504413873,4
CN(c1ccc(/C=C/C(=O)NO)cc1)S(=O)(=O)c1ccccc1,6.221848749616356,3
CN(c1ccc(C(=O)NO)cc1)C1CCN(c2ccccc2)C1=O,5.086186147616283,3
CN(c1ccc(OCC(=O)NO)cc1)c1ncnc2ccccc12,5.847100403606253,3
CN(c1ccc(OCCCC(=O)NO)cc1)c1ncnc2ccccc12,5.609594843519919,3
CN(c1ccc(OCCCCC(=O)NO)cc1)c1ncnc2ccccc12,5.877456475931244,3
CN(c1ccc(OCCCCCC(=O)NO)cc1)c1ncnc2ccccc12,5.975514332300833,3
CN(c1cccc2ccccc12)S(=O)(=O)C1CC2OC1C(c1ccc(NC(=O)CCCCCCC(=O)O)cc1)=C2c1ccc(O)cc1,5.404503778174426,3
CN(c1ccccc1)S(=O)(=O)c1cccc(/C=C/C(=O)NO)c1,6.0338582672609675,3
CN(c1ccccc1Cl)S(=O)(=O)C1CC2OC1C(c1ccc(NC(=O)CCCCCCC(=O)O)cc1)=C2c1ccc(O)cc1,5.474955192963154,3
CN(c1ncc(C(=O)NO)cn1)C12CC3CC(CC(C3)C1)C2,6.438898616350944,3
CN(c1nccc(-c2cccnc2)n1)C1CCc2ccc(C(=O)NO)cc2C1,5.517126416391246,3
CN1C(=O)C(NC(=O)CCCCC(=O)NO)N=C(c2ccccc2)c2ccccc21,6.42021640338319,1
CN1C(=O)C(NC(=O)CCCCCC(=O)NO)N=C(c2ccccc2)c2ccccc21,6.494850021680094,1
CN1C(=O)C(NC(=O)CCCCCCCC(=O)NO)N=C(c2ccccc2)c2ccccc21,6.221848749616356,1
CN1C(=O)C2CN(Cc3c2c2ccccc2n3Cc2ccc(C(=O)NO)cc2)C1=O,6.6020599913279625,3
CN1C(=O)CC(C)(C)c2cc(C(=O)NCCCCCCC(=O)NO)ccc21,7.229147988357855,3
CN1C(=O)CCC[C@H]1C(=O)N[C@@H](CCCCCS)C(=O)Nc1ccccc1,6.694648630553377,3
CN1C(=O)CC[C@@H]1C(=O)N[C@@H](CCCCCS)C(=O)Nc1ccccc1,6.263603497723357,3
CN1C(=O)CN=C(c2ccccc2)c2cc(C#C/C=C/C(=O)NO)ccc21,6.795880017344075,1
CN1C(=O)CNC(=O)/C1=C/c1ccc(-c2ccc(/C=C/C(=O)NO)cc2)cc1,6.505938218822423,3
CN1C(=O)CNC(=O)/C1=C/c1ccc(/C=C/C(=O)NO)cc1,7.445472275590002,3
CN1C(=O)CNC(=O)/C1=C/c1ccc(/C=C/C(=O)NO)cc1C(F)(F)F,6.229776581900185,3
CN1C(=O)CNC(=O)/C1=C/c1ccc(/C=C/C(=O)NO)cc1F,6.0,1
CN1C(=O)CNC(=O)/C1=C/c1ccc(C(=O)NCCC(=O)NO)cc1,6.0,1
CN1C(=O)CNC(=O)/C1=C/c1ccc(C(=O)NCCCCCCC(=O)NO)cc1,6.339368516028728,3
CN1C(=O)CNC(=O)/C1=C/c1ccc(C(=O)NCCCNC(=O)c2ccc(C(=O)NO)cc2)cc1,6.070233792961976,3
CN1C(=O)CNC(=O)/C1=C/c1ccc(C(=O)NCCNC(=O)c2ccc(C(=O)NO)cc2)cc1,6.0,1
CN1C(=O)CNC(=O)/C1=C/c1ccc(C(=O)NCc2ccc(C(=O)NO)cc2)cc1,6.657577319177793,3
CN1C(=O)CNC(=O)/C1=C/c1ccc(C(=O)NCc2cccc(C(=O)NO)c2)cc1,6.0,1
CN1C(=O)CNC(=O)/C1=C/c1ccc(C(=O)NO)cc1,7.0228560338529045,3
CN1C(=O)CNC(=O)/C1=C/c1ccc(C(=O)Nc2ccc(C(=O)NO)cc2)cc1,6.091418487317891,3
CN1C(=O)CNC(=O)/C1=C/c1ccc(C(=O)Nc2cccc(C(=O)NO)c2)cc1,6.0,1
CN1C(=O)CNC(=O)/C1=C/c1ccc(N(C)C)c(/C=C/C(=O)NO)c1,6.140437444540851,3
CN1C(=O)CNC(=O)/C1=C/c1ccc(NCc2ccc(C(=O)NO)cc2)cc1,7.000173769928954,3
CN1C(=O)CNC(=O)/C1=C/c1ccc(OCC(=O)NO)cc1,8.407454419644194,3
CN1C(=O)CNC(=O)/C1=C/c1ccc(OCc2ccc(C(=O)NO)cc2)cc1,6.732656169989659,3
CN1C(=O)[C@@H](NC(=O)CCCCCCC(=O)NO)N=C(c2ccccc2)c2ccccc21,6.920818753952375,1
CN1C(=O)[C@H](NC(=O)CCCCCCC(=O)NO)N=C(c2ccccc2)c2ccccc21,6.508638306165727,1
CN1C(=O)[C@H](O)N=C(c2ccccc2)c2cc(C#CCCCC(=O)NO)ccc21,6.443697499232712,1
CN1C2CCC1CC(NC(=O)NC(=O)c1ccccc1O)C2,6.555955204081924,1
CN1CC(=O)N(c2ccc(-c3noc(C(F)(F)F)n3)cc2)C(c2ccccc2)C1,5.853871964321762,3
CN1CC(C(=O)N(Cc2ccc(-c3noc(C(F)(F)F)n3)cn2)c2cccc(F)c2)CCC1=O,5.585026652029182,3
CN1CC(C(=O)NC(C)(CCCCCC(=O)c2ccon2)c2ncc(-c3ccccc3F)[nH]2)C1,6.6777807052660805,1
CN1CC(C(=O)NC(CCCCCC(=O)c2ccon2)c2ncc(-c3ccccc3F)o2)C1,7.494850021680094,1
CN1CC(C(=O)N[C@@H](CCCCCC(=O)c2ccon2)C2NC(c3ccccc3F)=NC2Cl)C1,7.537602002101044,1
CN1CC(C(=O)N[C@@H](CCCCCC(=O)c2ccon2)c2nc(Cl)c(-c3ccc(F)cc3)[nH]2)C1,8.060480747381382,1
CN1CC(C(=O)N[C@@H](CCCCCC(=O)c2ccon2)c2ncc(-c3ccccc3F)[nH]2)C1,8.526559559485515,4
CN1CC(C(=O)N[C@@H](CCCCCC(=O)c2ccon2)c2ncc(-c3ccccc3F)o2)C1,7.494850021680094,3
CN1CC(C(=O)N[C@@H](CCCCCC(=O)c2ccon2)c2nnc(-c3ccccc3F)o2)C1,6.045757490560675,1
CN1CC(C(=O)N[C@@H](CCCCCC(=O)c2ncco2)c2nc(-c3ccc(F)cc3)c[nH]2)C1,7.0,1
CN1CC(C(=O)N[C@@H](CCCCCC(=O)c2ncco2)c2ncc(-c3cc(OC4CCC4)ccc3F)[nH]2)C1,7.920818753952375,1
CN1CC(C(=O)N[C@@H](CCCCCC(=O)c2ncco2)c2ncc(-c3ccc(F)cc3)[nH]2)C1,7.0,3
CN1CC(NS(=O)(=O)c2ccc(Cl)cc2)Cc2cc(C(=O)NO)ccc21,6.1249387366083,3
CN1CC2(CC(=O)c3cc(/C=C/C(=O)NO)ccc3O2)C1,6.774690718274137,1
CN1CC2(CCN(Cc3ccc(C(=O)NO)cc3)CC2)c2ccccc21,5.718966632752273,3
CN1CC=C(c2cccc3c2cnn3C(Cc2ccccc2)C(=O)NO)CC1,6.425968732272281,3
CN1CC=C(c2cccc3cn(C(Cc4ccccc4)C(=O)NO)nc23)CC1,6.301029995663981,1
CN1CC=C(c2cccc3nn(C(Cc4ccccc4)C(=O)NO)cc23)CC1,6.301029995663981,1
CN1CCC(C(=O)N(Cc2ccc(-c3noc(C(F)(F)F)n3)cn2)c2cccc(F)c2)C1,5.698970004336019,3
CN1CCC(C(=O)N[C@@H](CCCCCC(=O)c2ncco2)c2nc(-c3ccc(F)cc3)c[nH]2)CC1,7.508638306165727,1
CN1CCC(C(=O)N[C@@H](CCCCCC(=O)c2nccs2)c2nc(-c3ccc(F)cc3)c[nH]2)CC1,7.259637310505756,1
CN1CCC(C(=O)N[C@@H](CCCCCC(=O)c2nccs2)c2ncc(-c3ccc(F)cc3)[nH]2)CC1,6.42021640338319,3
CN1CCC(c2ccc3cn(C(Cc4ccccc4)C(=O)NO)nc3c2)CC1,6.301029995663981,1
CN1CCC(c2cccc3nn(C(Cc4ccccc4)C(=O)NO)cc23)CC1,6.301029995663981,1
CN1CCC1C(=O)N[C@@H](CCCCCC(=O)c1ccon1)c1ncc(-c2ccccc2F)[nH]1,8.769551078621726,1
CN1CCC2(CC(=O)c3cc(/C=C/C(=O)NO)ccc3O2)C1,6.924453038607469,1
CN1CCC2(CC1)C(=O)N(Cc1c(F)cc(C(=O)NO)cc1F)CN2c1ccccc1,5.442132038431978,3
CN1CCC2(CC1)CC(C(=O)N[C@@H](CCCCCC(=O)c1ccon1)c1cc(-c3ccc4nn(C)cc4c3)on1)=NO2,8.221848749616356,1
CN1CCC2(CC1)CC(N1CCc3cc(C(=O)NO)cnc3C1)C2,5.259637310505756,1
CN1CCC2(CC1)C[C@@H]2C(=O)N[C@@H](CCCCCC(=O)c1ccon1)c1[nH]c(-c2ccccc2F)nc1Cl,7.638272163982407,1
CN1CCC2(CC1)C[C@@H]2C(=O)N[C@@H](CCCCCC(=O)c1ccon1)c1nc(-c2ccccc2F)c[nH]1,8.698970004336019,1
CN1CCC2(CC1)C[C@@H]2C(=O)N[C@@H](CCCCCC(=O)c1ccon1)c1nc(Cl)c(-c2ccc(F)cc2)[nH]1,8.017728766960431,1
CN1CCC2(CC1)C[C@@H]2C(=O)N[C@@H](CCCCCC(=O)c1ncco1)c1[nH]c(-c2ccc(F)cc2)nc1C#N,6.769551078621726,1
CN1CCC2(CC1)C[C@@H]2C(=O)N[C@@H](CCCCCC(=O)c1ncco1)c1oc(-c2ccc(F)cc2)nc1C#N,5.638272163982407,1
CN1CCC2(CC1)c1ccccc1N(Cc1ccc(C(=O)NO)cc1)C2c1ccccc1F,5.45717457304082,3
CN1CCC2(CCC(N3CCc4cc(C(=O)NO)cnc4C3)C2)CC1,5.259637310505756,1
CN1CCCC(n2c(-c3cccc(/C=C/C(=O)NO)c3)nc3ccccc32)C1,6.795880017344075,2
CN1CCCC1c1cn(Cc2ccc(C(=O)NO)cc2)c2ccccc12,6.40003691822361,3
CN1CCCC2(CC(=O)c3cc(/C=C/C(=O)NO)ccc3O2)C1,6.625251653989896,1
CN1CCCC2(CC1)CC(=O)c1cc(/C=C/C(=O)NO)ccc1O2,6.943095148663527,1
CN1CCC[C@@H](n2c(-c3cccc(/C=C/C(=O)NO)c3)nc3ccccc32)C1,6.698970004336019,3
CN1CCC[C@H](n2c(-c3cccc(/C=C/C(=O)NO)c3)nc3ccccc32)C1,6.795880017344075,4
CN1CCC[C@]2(C1)C[C@@H](N1CCc3cc(C(=O)NO)cnc3C1)C2,5.259637310505756,1
CN1CCC[C@]2(C1)C[C@H](N1CCc3cc(C(=O)NO)cnc3C1)C2,5.259637310505756,1
CN1CCN(C(=O)[C@H](N)Cc2ccccc2)CC1,4.958607314841775,1
CN1CCN(C(=O)[C@H](N)Cc2ccccc2)CC1.Cl,4.958607314841775,2
CN1CCN(C(=O)c2ccc(-c3noc(C(F)(F)F)n3)cc2)CC1,4.79317412396815,3
CN1CCN(CC(=O)N(Cc2ccc(-c3noc(C(F)(F)F)n3)cc2)c2cccc(C(F)(F)F)c2)CC1,5.657577319177793,3
CN1CCN(CC2CCc3c(c4cc(F)ccc4n3Cc3ccc(C(=O)NO)cc3)C2=O)CC1,5.97469413473523,3
CN1CCN(CCNC(=O)c2ccc(C(=O)NO)cc2)CC1,4.679645967182328,3
CN1CCN(CCc2cn(-c3ccc(C(=O)NO)cc3)c3ccccc23)CC1,6.7594507517174005,1
CN1CCN(CCc2cn(CC3=CCC(C(=O)NO)C=C3)c3ccccc23)CC1,6.7594507517174,3
CN1CCN(Cc2ccc(-c3nc4ccc(C(=O)NO)cc4[nH]3)cc2)CC1,5.7447274948966935,3
CN1CCN(Cc2ccc(C(=O)/C=C/c3ccc(/C=C/C(=O)NO)cc3)cc2)CC1,6.73754891026957,1
CN1CCN(Cc2ccc(C(=O)/C=C/c3ccc(/C=C/C(=O)NO)nc3)cc2)CC1,7.568636235841012,1
CN1CCN(Cc2ccc(C(=O)/C=C/c3cccc(/C=C/C(=O)NO)c3)cc2)CC1,7.769551078621726,1
CN1CCN(Cc2ccc(C(=O)/C=C/c3cccc(/C=C/C(=O)NO)n3)cc2)CC1,7.3872161432802645,1
CN1CCN(Cc2cccc(C(=O)/C=C/c3ccc(/C=C/C(=O)NO)cc3)c2)CC1,6.645891560852599,1
CN1CCN(Cc2cccc(C(=O)/C=C/c3ccc(/C=C/C(=O)NO)nc3)c2)CC1,7.275724130399211,1
CN1CCN(Cc2cccc(C(=O)/C=C/c3cccc(/C=C/C(=O)NO)c3)c2)CC1,7.619788758288394,1
CN1CCN(Cc2cccc(C(=O)/C=C/c3cccc(/C=C/C(=O)NO)n3)c2)CC1,7.251811972993799,1
CN1CCN(Cc2cccc3cn(C(Cc4ccccc4)C(=O)NO)nc23)CC1,6.301029995663981,1
CN1CCN(Cc2cccc3cn(C(Cc4ccccc4)C(=O)NO)nc23)CC1=O,6.903089986991944,3
CN1CCN(Cc2ccccc2C(=O)/C=C/c2ccc(/C=C/C(=O)NO)cc2)CC1,6.455931955649724,1
CN1CCN(Cc2ccccc2C(=O)/C=C/c2ccc(/C=C/C(=O)NO)nc2)CC1,7.920818753952375,1
CN1CCN(Cc2ccccc2C(=O)/C=C/c2cccc(/C=C/C(=O)NO)c2)CC1,7.130768280269024,1
CN1CCN(Cc2ccccc2C(=O)/C=C/c2cccc(/C=C/C(=O)NO)n2)CC1,7.275724130399211,1
CN1CCN(NC(=O)c2cccc(C(=O)NO)c2)CC1,5.882728704344236,6
CN1CCN(c2c3cc(Cl)ccc3nc3[nH]c4ccccc4c23)CC1,6.769551078621726,1
CN1CCN(c2ccc(-c3cccc4nn(C(Cc5ccccc5)C(=O)NO)cc34)cc2)CC1,6.903089986991944,3
CN1CCN(c2ccc(-c3cccc4nn(C(Cc5ccccc5)C(=O)NO)cc34)cn2)CC1,6.903089986991944,3
CN1CCN(c2ccc(-c3ccn4c(C(Cc5ccccc5)C(=O)NO)cnc4c3)cc2)CC1,6.301029995663981,1
CN1CCN(c2ccc(-c3ccn4c(C(Cc5ccccc5)C(=O)NO)cnc4c3)cn2)CC1,6.425968732272281,3
CN1CCN(c2ccc(-c3noc(C(F)(F)F)n3)cc2)C(c2ccccc2)C1,5.4089353929735005,3
CN1CCN(c2ccc(-c3noc(C(F)(F)F)n3)cn2)C(c2cccc(F)c2)C1O,5.275724130399211,3
CN1CCN(c2ccc(-c3noc(C(F)(F)F)n3)cn2)[C@@H](c2ccccc2)C1,5.6777807052660805,3
CN1CCN(c2ccc(C(=O)/C=C/c3ccc(/C=C/C(=O)NO)cc3)cc2)CC1,5.701146923590294,1
CN1CCN(c2ccc(C(=O)/C=C/c3ccc(/C=C/C(=O)NO)nc3)cc2)CC1,6.756961951313706,1
CN1CCN(c2ccc(C(=O)/C=C/c3cccc(/C=C/C(=O)NO)c3)cc2)CC1,7.568636235841012,1
CN1CCN(c2ccc(C(=O)/C=C/c3cccc(/C=C/C(=O)NO)n3)cc2)CC1,7.823908740944319,1
CN1CCN(c2ccc(C(=O)NNCC3CC3)cc2)CC1,7.019240674597646,3
CN1CCN(c2ccc(C(=O)NNCC3CCC3)cc2)CC1,6.716096211964287,3
CN1CCN(c2ccc(C(=O)NNCC3CCCC3)cc2)CC1,6.746823652789298,3
CN1CCN(c2ccc(C(=O)Nc3ccc(F)cc3N)cc2)CC1,6.080887026634232,3
CN1CCN(c2ccc(C(=O)Nc3ccccc3N)cc2)CC1,5.3979400086720375,1
CN1CCN(c2ccc(C(=O)Nc3ccccc3O)cc2)CC1,5.3979400086720375,1
CN1CCN(c2ccc(C(=O)Nc3nc(-c4ccc(F)cc4)ccc3N)cn2)CC1,4.301029995663981,1
CN1CCN(c2ccc([N+](=O)[O-])c(N)c2)CC1,3.6989700043360187,1
CN1CCN(c2cccc(C(=O)/C=C/c3ccc(/C=C/C(=O)NO)cc3)c2)CC1,6.552841968657781,1
CN1CCN(c2cccc(C(=O)/C=C/c3ccc(/C=C/C(=O)NO)nc3)c2)CC1,7.522878745280337,1
CN1CCN(c2cccc(C(=O)/C=C/c3cccc(/C=C/C(=O)NO)c3)c2)CC1,7.698970004336019,1
CN1CCN(c2cccc(C(=O)/C=C/c3cccc(/C=C/C(=O)NO)n3)c2)CC1,7.494850021680094,1
CN1CCN(c2ccccc2C(=O)/C=C/c2ccc(/C=C/C(=O)NO)cc2)CC1,6.730487055782083,1
CN1CCN(c2ccccc2C(=O)/C=C/c2ccc(/C=C/C(=O)NO)nc2)CC1,6.85078088734462,1
CN1CCN(c2ccccc2C(=O)/C=C/c2cccc(/C=C/C(=O)NO)c2)CC1,7.060480747381382,1
CN1CCN(c2ccccc2C(=O)/C=C/c2cccc(/C=C/C(=O)NO)n2)CC1,7.481486060122112,1
CN1CCOC(CNCc2ccc(-c3noc(C(F)(F)F)n3)cn2)C1,5.619788758288394,3
CN1CCc2c(c3ccccc3n2Cc2ccc(C(=O)NO)cc2)C1,6.047860442548415,112
CN1CCc2c(c3ccccc3n2Cc2ccc(C(=O)NO)cc2)C1.O=C(O)C(F)(F)F,6.068542129310995,2
CN1CCc2c(n(Cc3ccc(C(=O)NO)cc3)c3ccccc23)C1,5.400002731509687,3
CN1C[C@@H](C(=O)Nc2ccc(Cl)cc2)[C@H](c2ccc(/C=C/C(=O)Nc3ccccc3N)cc2)C1,4.522878745280337,1
CN1C[C@H](C(=O)Nc2ccc(Cl)cc2)[C@@H](c2ccc(/C=C/C(=O)Nc3ccccc3N)cc2)C1,4.522878745280337,1
CN1C[C@H](C(=O)Nc2ccc(Cl)cc2)[C@@H](c2ccc(/C=C/C(=O)Nc3ccccc3N)cc2F)C1,4.522878745280337,1
CN1Cc2ccc(NCc3ccc(-c4noc(C(F)(F)F)n4)cn3)cc2C1=O,6.2839966563652006,3
CN1c2ccc(/C=C/C(=O)NO)cc2NC1CCc1ccccc1,6.536107011014092,3
CN1c2ccc(F)cc2C(=O)N2CCc3c([nH]c4ccc(OCc5ccc(/C=C/C(=O)NO)cc5)cc34)C21,5.008773924307505,3
CN1c2ccc(F)cc2C(=O)N2CCc3c([nH]c4ccc(OCc5ccc(/C=C/C(=O)Nc6ccccc6N)cc5)cc34)C21,6.161150909262744,3
CN1c2ccc(NCc3ccc(-c4noc(CCCCCCC(=O)NO)n4)cc3)cc2C(=O)N2CCc3c([nH]c4ccc(O)cc34)C21,8.602059991327963,3
CN1c2ccccc2C(=O)N2[C@H](C(=O)Nc3ccc(C(=O)Nc4ccccc4N)cc3)Cc3c([nH]c4ccccc34)[C@@H]12,7.0,1
CNC(=O)/C(CCCCCCC(=O)NC1c2ccccc2-c2ccccc21)=N\O,4.2335871528876,2
CNC(=O)/C(CCCCCCC(=O)Nc1ccc(-c2ccccc2)cc1)=N\O,4.0,1
CNC(=O)/C(CCCCCCC(=O)Nc1ccc(N(C)C)cc1)=N\O,4.0,1
CNC(=O)/C(CCCCCCC(=O)Nc1ccc2ccccc2c1)=N\O,4.187086643357144,2
CNC(=O)/C(CCCCCCC(=O)Nc1cccc(-c2ccc(C(=O)O)cc2)c1)=N\O,4.531652669587842,2
CNC(=O)/C(CCCCCCC(=O)Nc1cccc(-c2ccc(Cl)nc2)c1)=N\O,4.0,1
CNC(=O)/C(CCCCCCC(=O)Nc1cccc(-c2ccccc2)c1)=N\O,4.0,1
CNC(=O)/C(CCCCCCC(=O)Nc1cccc(-c2cccnc2)c1)=N\O,4.115204636051019,2
CNC(=O)/C(CCCCCCC(=O)Nc1cccc(-c2cncc3cc(Cl)ccc23)c1)=N\O,4.0,1
CNC(=O)/C(CCCCCCC(=O)Nc1cccc(Br)c1)=N\O,4.0,1
CNC(=O)/C(CCCCCCC(=O)Nc1ccccc1)=N\O,4.651734440015196,4
CNC(=O)/C(CCCCCCC(=O)Nc1cnc2ccccc2c1)=N\O,4.0,1
CNC(=O)/C(CCCCCCNC(=O)c1cc(-c2ccc(N)cc2)on1)=N/O,4.0,1
CNC(=O)/C(CCCCCCNC(=O)c1cc(-c2ccc(NC(=O)OC(C)(C)C)cc2)on1)=N/O,4.0,1
CNC(=O)/C(CCCCCCNC(=O)c1cc(-c2cccc(N)c2)on1)=N/O,4.0,1
CNC(=O)/C(CCCCCCNC(=O)c1cc(-c2cccc(NC(=O)OC(C)(C)C)c2)on1)=N/O,4.0,1
CNC(=O)/C(CCCCC[C@@H](C(=O)Nc1ccccc1)N(Cc1ccc(OC)cc1)C(=O)OC(C)(C)C)=N\O,4.0,1
CNC(=O)/C(CCCCC[C@@H](C(=O)Nc1ccccc1)N(Cc1ccccc1)Cc1ccccc1)=N\O,4.060480747381382,2
CNC(=O)/C(CCCCC[C@H](NCc1ccc(OC)cc1)C(=O)Nc1ccccc1)=N\O,4.024108863598207,2
CNC(=O)C(=O)CCCCCCC(=O)Nc1ccccc1,6.468521082957745,2
CNC(=O)C(=O)CCCCCCOc1ccc(-c2ccccc2)cc1,6.958607314841775,1
CNC(=O)C(CCCCCCC(=O)NC1c2ccccc2-c2ccccc21)N=O,4.2335871528876,1
CNC(=O)C(CCCCCCC(=O)Nc1ccc2ccccc2c1)N=O,4.187086643357144,1
CNC(=O)C(CCCCCCC(=O)Nc1cccc(-c2ccc(C(=O)O)cc2)c1)N=O,4.531652669587842,1
CNC(=O)C(CCCCCCC(=O)Nc1cccc(-c2cccnc2)c1)N=O,4.115204636051019,1
CNC(=O)C(CCCCCCC(=O)Nc1ccccc1)N=O,4.651734440015196,2
CNC(=O)C(CCCCC[C@@H](C(=O)Nc1ccccc1)N(Cc1ccccc1)Cc1ccccc1)N=O,4.060480747381382,1
CNC(=O)C(CCCCC[C@H](NCc1ccc(OC)cc1)C(=O)Nc1ccccc1)N=O,4.024108863598207,1
CNC(=O)CCCCCCC(=O)Cc1ccccc1,7.4089353929735005,1
CNC(=O)CCCCCCCn1nc(-c2ccc3oc(N)nc3c2)c2c(N)ncnc21,6.476253533188436,3
CNC(=O)CCCCC[C@H](NC(=O)Cn1ccc2cc(C#N)ccc21)c1ncc(-c2ccc(CN(C)C)cc2)[nH]1,4.920818753952375,1
CNC(=O)OCc1ccc(-c2noc(C(F)(F)F)n2)cn1,5.886056647693163,3
CNC(=O)[C@H](N)Cc1ccc(Cl)cc1Cl,4.782516055786093,1
CNC(=O)[C@H](N)Cc1ccc(Cl)cc1Cl.Cl,4.782516055786093,2
CNC(=O)c1cc(Oc2ccc(NC(=O)c3ccc(Cl)c(C(F)(F)F)c3)cc2)ccc1N,5.931814138253838,1
CNC(=O)c1cc(Oc2ccc(NC(=O)c3ccc(N)cc3)cc2)ccc1N,5.6439741428068775,1
CNC(=O)c1cc(Oc2ccc(NC(=O)c3ccc4ccccc4c3)cc2)ccc1N,5.085656842880559,1
CNC(=O)c1cc(Oc2ccc(NC(=O)c3cccc(N)c3)cc2)ccc1N,5.987162775294828,1
CNC(=O)c1cc(Oc2ccc(NC(=O)c3cccc(O)c3)cc2)ccc1N,5.709965388637482,1
CNC(=O)c1cc(Oc2ccc(NC(=O)c3ccccc3)cc2)ccc1N,5.2083093509798815,1
CNC(=O)c1cc(Oc2ccc(NC(=O)c3cccnc3)cc2)ccc1N,5.281498311132726,1
CNC(=O)c1ccc(-c2nccc3c(C#CC4CC4)n(C(Cc4ccccc4)C(=O)NO)nc23)cc1,7.301029995663981,1
CNC(=O)c1ccc(C(=O)NO)cc1,5.709965388637482,3
CNC(=O)c1ccc2c(c1)CN(C(=O)[C@H](N)Cc1ccc(Cl)cc1Cl)C2,6.58838029403677,1
CNC(=O)c1ccc2c(c1)CN(C(=O)[C@H](N)Cc1ccc(Cl)cc1Cl)C2.Cl,6.58838029403677,2
CNC(=O)c1cccc(-c2cccc3c(C#CC4CC4)n(C(Cc4ccccc4)C(=O)NO)nc23)c1,7.301029995663981,1
CNC(=O)c1cccc(C(=O)NO)c1,4.853871964321762,2
CNC(=O)c1ccccc1NCc1ccc(-c2noc(C(F)(F)F)n2)cn1,5.6020599913279625,3
CNC1CCN(C2N=CC(c3ccc(OCCCCCCC(=O)NO)c(O)c3)=C(c3ccc(C#N)c(F)c3)C2C#N)CC1,7.58122471896743,2
CNC1CCN(c2ncc(-c3ccc(NCc4ccc(C(=O)NO)cc4)c(O)c3)c(-c3ccc(C#N)c(F)c3)c2C#N)CC1,6.730656591697749,2
CNCC(=O)[C@@H](Cc1ccccc1)NC(=O)CCCCCCC(=O)NO,8.853871964321762,1
CNCCOc1no[n+]([O-])c1S(=O)(=O)c1ccccc1,6.585026652029182,3
CNCc1ccc2c(c1)CN(C(=O)[C@H](N)Cc1ccc(Cl)cc1Cl)C2,6.75448733218585,1
CNCc1ccc2c(c1)CN(C(=O)[C@H](N)Cc1ccc(Cl)cc1Cl)C2.Cl.Cl,6.75448733218585,2
CN[C@@H](CCCCCC(=O)c1ncco1)c1ncc(-c2ccc3nc(C)ccc3c2)[nH]1,5.468521082957745,1
CNc1ccc(-c2cnc(N3CCC(NCc4ccc(CCC(=O)NO)cn4)CC3)c(C#N)c2-c2ccc(C#N)c(F)c2)cc1O,7.201832879776058,2
CNc1ccc(-c2cnc(N3CCC(NCc4cnc(/C=C/C(=O)NO)nc4)CC3)c(C#N)c2-c2ccc(C#N)c(F)c2)cc1O,7.914957192817055,2
CNc1ccc(C(=O)NO)cc1,6.026872146400301,3
CNc1ccc(CCn2c(=O)c3ccccc3n(Cc3ccc(C(=O)NO)cc3)c2=O)cc1,5.847711655616944,3
CNc1ccccc1C(=O)NCCCC[C@H](NC(=O)c1cncs1)c1ncc(-c2ccc3ccccc3c2)[nH]1,4.346787486224656,1
CNc1ccccc1NC(=O)[C@@H]1CCC(=O)N1c1ccc(-c2noc(C(F)(F)F)n2)cc1,5.638272163982407,3
CNc1nc(Cl)nc2c1ncn2CCCC(=O)NCc1ccc(C(=O)Nc2ccccc2N)cc1,5.29929628285498,1
CNc1nc(Cl)nc2c1ncn2Cc1ccc(C(=O)Nc2ccc(Br)cc2N)cc1,5.665546248849069,1
CNc1nc(Cl)nc2c1ncn2Cc1ccc(C(=O)Nc2ccc(C)cc2N)cc1,5.703334809738469,1
CNc1nc(Cl)nc2c1ncn2Cc1ccc(C(=O)Nc2ccc(F)cc2N)cc1,5.761953896871205,1
CNc1nc(Cl)nc2c1ncn2Cc1ccc(C(=O)Nc2ccccc2N)cc1,5.950984442329823,4
CNc1nc(Nc2cnn(CCCCCC(=O)NO)c2)ncc1Cl,6.982966660701219,1
CNc1nc(Nc2cnn(CCCCCCC(=O)NO)c2)ncc1C(F)(F)F,7.431798275933005,1
CNc1nc(Nc2cnn(CCCCCCC(=O)NO)c2)ncc1Cl,5.998781378317164,4
CNc1nc2c(s1)Cc1cc(/C=C/C(=O)NO)ccc1-2,6.6020599913279625,1
CO/N=C(\Cc1ccc(C)cc1)C(=O)NCCSSCCNC(=O)/C(Cc1ccc(C)cc1)=N/OC,5.116338564846382,2
CO/N=C(\Cc1ccc(Cl)cc1Cl)C(=O)NCCSSCCNC(=O)/C(Cc1ccc(Cl)cc1Cl)=N/OC,5.066006836168757,2
CO/N=C(\Cc1ccc(OC)cc1)C(=O)NCCSSCCNC(=O)/C(Cc1ccc(OC)cc1)=N/OC,5.501689446210399,2
CO/N=C(\Cc1cccc(Cl)c1)C(=O)NCCSSCCNC(=O)/C(Cc1cccc(Cl)c1)=N/OC,5.346787486224656,2
CO/N=C/c1ccc(-c2ccccc2)c(-c2ccccc2)c1O,6.555955204081924,1
COC(=O)/C=C/c1ccc(CN(C(=O)OC(C)(C)C)C2CC2c2ccc(F)cc2)cc1,7.008773924307505,3
COC(=O)C(Cc1ccccc1)n1cc2cccc(C(=O)N3CCC(F)(F)CC3)c2n1,6.425968732272281,3
COC(=O)CCCCCCC(=O)Nc1ccc(OCc2cc(C)cc(C)c2)cc1,4.320572103387881,3
COC(=O)CCCCCCC(=O)Nc1ccc(OCc2cc(CN=[N+]=[N-])cc(N=[N+]=[N-])c2)cc1,4.42712839779952,3
COC(=O)CCCCCCC(=O)Nc1cnn(Cc2cc(CN=[N+]=[N-])cc(N=[N+]=[N-])c2)c1,4.443697499232713,3
COC(=O)CCCCCCNC(=O)c1cc(-c2ccc(NC(=O)c3cc(CN=[N+]=[N-])cc(N=[N+]=[N-])c3)cc2)on1,4.326979092871103,3
COC(=O)CCCCN1C(=O)CN=C(c2ccccc2)c2ccccc21,4.522878745280337,1
COC(=O)CCCCN1C(=O)[C@@H](CSC(C)(C)C)N=C(c2ccccc2)c2ccccc21,4.522878745280337,1
COC(=O)CCCCN1C(=O)[C@H](C(C)C)N=C(c2ccccc2)c2ccccc21,4.522878745280337,1
COC(=O)CCCCN1C(=O)[C@H](C)N=C(c2ccccc2)c2ccccc21,4.522878745280337,1
COC(=O)CCCCN1C(=O)[C@H](CC(=O)NC(c2ccccc2)(c2ccccc2)c2ccccc2)N=C(c2ccccc2)c2ccccc21,4.522878745280337,1
COC(=O)CCCCN1C(=O)[C@H](CC(=O)OC(C)(C)C)N=C(c2ccccc2)c2ccccc21,4.522878745280337,1
COC(=O)CCCCN1C(=O)[C@H](CC(C)C)N=C(c2ccccc2)c2ccccc21,4.522878745280337,1
COC(=O)CCCCN1C(=O)[C@H](CCC(=O)NC(c2ccccc2)(c2ccccc2)c2ccccc2)N=C(c2ccccc2)c2ccccc21,4.522878745280337,1
COC(=O)CCCCN1C(=O)[C@H](CCC(=O)OC(C)(C)C)N=C(c2ccccc2)c2ccccc21,4.522878745280337,1
COC(=O)CCCCN1C(=O)[C@H](CCCCNC(=O)OC(C)(C)C)N=C(c2ccccc2)c2ccccc21,4.522878745280337,1
COC(=O)CCCCN1C(=O)[C@H](CCCNC(=N)NS(=O)(=O)c2c(C)c(C)c3c(c2C)CC(C)(C)O3)N=C(c2ccccc2)c2ccccc21,4.522878745280337,1
COC(=O)CCCCN1C(=O)[C@H](CCSC)N=C(c2ccccc2)c2ccccc21,4.522878745280337,1
COC(=O)CCCCN1C(=O)[C@H](COC(C)(C)C)N=C(c2ccccc2)c2ccccc21,4.522878745280337,1
COC(=O)CCCCN1C(=O)[C@H](Cc2cc3ccccc3n2C(=O)OC(C)(C)C)N=C(c2ccccc2)c2ccccc21,4.522878745280337,1
COC(=O)CCCCN1C(=O)[C@H](Cc2ccc(OC(C)(C)C)cc2)N=C(c2ccccc2)c2ccccc21,4.522878745280337,1
COC(=O)CCCCN1C(=O)[C@H](Cc2ccccc2)N=C(c2ccccc2)c2ccccc21,4.522878745280337,1
COC(=O)CCCCN1C(=O)[C@H](Cc2cncn2C(c2ccccc2)(c2ccccc2)c2ccccc2)N=C(c2ccccc2)c2ccccc21,4.522878745280337,1
COC(=O)CCCCN1C(=O)[C@H]([C@@H](C)OCc2ccccc2)N=C(c2ccccc2)c2ccccc21,4.522878745280337,1
COC(=O)CSc1nc(C)cc(O)n1,4.0,1
COC(=O)Cc1c(C)n(Cc2ccc(-c3cn(CCCCCC(=O)NO)nn3)cc2)c2ccc(OC)cc12,6.172630726946174,3
COC(=O)Cc1c(C)n(Cc2ccc(-c3cn(CCCCCCC(=O)NO)nn3)cc2)c2ccc(OC)cc12,6.8696662315049934,3
COC(=O)Cc1c(C)n(Cc2ccc(-c3cn(CCCCCCCC(=O)NO)nn3)cc2)c2ccc(OC)cc12,6.404503778174426,3
COC(=O)N(O)CCCCCCC(=O)Nc1ccccc1,4.0,1
COC(=O)N1CC(=O)N(Cc2ccc(-c3noc(C(F)(F)F)n3)cn2)c2ccccc21,5.853871964321762,3
COC(=O)N1CCC(C(=O)N(Cc2ccc(-c3noc(C(F)(F)F)n3)cn2)c2cccc(C(F)(F)F)c2)CC1,5.886056647693163,3
COC(=O)NCc1ccc(C(=O)Nc2cc(-c3ccccc3)ccc2N)cc1,4.301029995663981,1
COC(=O)NCc1ccc(C(=O)Nc2cc(-c3cccs3)ccc2N)cc1,4.301029995663981,1
COC(=O)N[C@@H](CCCCCC(=O)C1NC=CO1)c1ncc(-c2cc3ccc(C)nc3cc2OC)[nH]1,6.840968332518619,2
COC(=O)[C@@H]1Cc2cccc(c2)C[C@H](NC(C)=O)C(=O)N[C@@H](CCCCCC(=O)NO)C(=O)N1,6.636388020107855,3
COC(=O)[C@H](Cc1ccc(OCCc2ccccc2)cc1)NC(=O)c1ccc(C)cc1,3.0,1
COC(=O)[C@H](Cc1ccc(OCCc2ccccc2)cc1)NC(=O)c1ccccc1,3.0,1
COC(=O)[C@H](Cc1ccc(OCCc2ccccc2)cc1)NC(C)=O,3.0834934128848444,2
COC(=O)[C@H](Cc1ccc(OCCc2ccccc2)cc1)NS(=O)(=O)c1ccc(C)cc1,3.0169152272622117,2
COC(=O)[C@H](Cc1ccc(OCCc2ccccc2)cc1)NS(C)(=O)=O,3.0,1
COC(=O)[C@H](Cc1ccc(OCc2ccccc2)cc1)NC(=O)c1ccc(C)cc1,3.0,1
COC(=O)[C@H](Cc1ccc(OCc2ccccc2)cc1)NC(=O)c1ccccc1,3.0,1
COC(=O)[C@H](Cc1ccc(OCc2ccccc2)cc1)NC(C)=O,3.059732608553988,2
COC(=O)[C@H](Cc1ccc(OCc2ccccc2)cc1)NS(=O)(=O)c1ccc(C)cc1,3.0,1
COC(=O)[C@H](Cc1ccc(OCc2ccccc2)cc1)NS(C)(=O)=O,3.1228014847282104,2
COC(=O)[C@]1(O)C[C@@H](OC(=O)/C=C/c2ccc(O)c(O)c2)[C@@H](O)[C@H](OC(=O)/C=C/c2ccc(O)c(O)c2)C1,5.210828839240564,2
COC(=O)c1ccc(-c2c(-c3ccc(OC)c(O)c3)cnc(N3CCC(NCc4ccc(/C=C/C(=O)NO)cc4)CC3)c2C#N)cn1,9.522878745280337,1
COC(=O)c1ccc(CO/N=C/c2ccc(/C=C/C(=O)NO)cc2)cc1,6.219682687859849,3
COC(=O)c1ccc2ccccc2c1OCCCCCCCC(=O)NO,5.795880017344075,3
COC(=O)c1cccc2c1CN(c1cnc(C(F)(F)F)cn1)C2(C)C,6.0,1
COC(c1c(F)cccc1Cl)c1c[nH]c2ncc(-c3c(C)noc3C)cc12,6.536107011014092,1
COC1=C(OCCCCCCC(=O)NO)CC(C2=C(c3ccc(C#N)c(F)c3)N=C(N3CCC(N)CC3)N3C=CNC23)C=C1,6.684196954124145,2
COC1=NC(C2CC2)=CCC1C1=CNC([C@@H](N)CCCCCC(=O)C2NC=CO2)N1,5.494850021680094,1
COC1=NC=CCC1C1=CNC([C@@H](N)CCCCCC(=O)c2ccon2)N1,6.958607314841775,1
COC1=NC=CCC1C1=CNC([C@]2(CCCCCC(=O)c3ccon3)CCCC(=O)N2)N1,6.161150909262744,1
COC1C=c2nc(C)ccc2=CC1C1=CNC([C@@H](N)CCCCCC(=O)C2NC=CO2)O1,5.920818753952375,1
COC1C=c2nc(C)ccc2=CC1C1=CNC([C@@H](N)CCCCCC(=O)c2ccon2)N1,7.0,1
COC1C=c2nc(C)ccc2=CC1C1=CNC([C@@]2(CCCCCC(=O)c3ccon3)CCC(=O)N2)N1,6.585026652029182,1
COC1C=c2nc(C)ccc2=CC1C1=CNC([C@H](CCCCCC(=O)C2NC=CO2)NC(=O)CN(C)C)N1,7.161150909262744,1
COC1C=c2nc(C)ccc2=CC1C1=CNC([C@H](CCCCCC(=O)c2ccon2)NC(=O)C2CN(C)C2)O1,8.236572006437063,1
COC1C=c2nc(C)ccc2=CC1C1=CNC([C@H](CCCCCC(=O)c2ccon2)NC(=O)[C@H]2CC23CCN(C)CC3)N1,8.568636235841012,1
COC1C=c2ncccc2=CC1C1=CNC([C@@H](N)CCCCCC(=O)C2NC=CO2)N1,6.180456064458131,1
COC1C=c2ncccc2=CC1C1=CNC([C@@H](N)CCCCCC(=O)c2ccon2)N1,6.920818753952375,1
COC1CCN(Cc2cccc3cn(C(Cc4ccccc4)C(=O)NO)nc23)CC1,6.425968732272281,3
COCC(=O)NC(Cc1ccc(-c2noc(C(F)(F)F)n2)cn1)c1cccc(C(F)(F)F)c1,5.275724130399211,3
COCC(=O)N[C@@H](CCCCCC(=O)c1ncco1)c1ncc(-c2cc3ccccc3nc2OC)[nH]1,6.920818753952375,1
COCCCn1c(CCc2ccccc2)nc2cc(/C=C/C(=O)NO)ccc21,6.504455662453552,7
COCCN(Cc1ccc(C(=O)NO)cc1)S(=O)(=O)c1cc(F)c(F)c(F)c1F,6.0,1
COCCN1Cc2ccccc2N(Cc2ccc(-c3noc(C(F)(F)F)n3)cn2)C1=O,5.638272163982407,3
COCCNc1nc2c(s1)Cc1cc(/C=C/C(=O)NO)ccc1-2,6.853871964321762,1
COCCn1cc(-c2cccc3c(C#CC4CC4)n(C(Cc4ccccc4)C(=O)NO)nc23)c(C)n1,7.301029995663981,1
COCCn1nc(C(=O)N(Cc2ccc(-c3noc(C(F)(F)F)n3)cc2)c2cccc(C(F)(F)F)c2)ccc1=O,5.481486060122112,3
COCOc1cc(OCOC)c2c(c1)O/C(=C\c1ccc(OCOC)c(OCOC)c1)C2=O,4.3979400086720375,1
COC[C@@H]1CCCC1c1ccc(C(=O)NO)cc1,5.739928612014925,3
COC[C@@H]1CCCN1Cc1ccc(C(=O)NO)cc1,5.739928612014925,3
COC[C@H]1CCCC1c1ccc(C(=O)NO)cc1,5.252588192113577,3
COC[C@H]1CCCN1Cc1ccc(C(=O)NO)cc1,5.252588192113577,3
COCc1cc(=O)n(Cc2ccc(-c3noc(C(F)(F)F)n3)cn2)c2ccccc12,6.0,3
COCc1ccc(-c2cccc3nn(C(Cc4ccccc4)C(=O)NO)cc23)cc1,6.425968732272281,3
COCc1ccc(-c2ccn3c(C(Cc4ccccc4)C(=O)NO)cnc3c2)cc1,6.301029995663981,1
COCc1cccc(CCOc2cc(-c3noc(C(F)(F)F)n3)ccn2)c1,5.522878745280337,3
COc1c(C(C)C)cc(Cc2cnc(N)nc2N)cc1C(C)C,6.838631997765026,1
COc1c(C)cc(-c2nc3cc(C(=O)NO)ccc3n2C)cc1C,7.0,3
COc1c(O)cc(-c2cnc(N3CCC(NCc4ccc(/C=C/C(=O)NO)cc4)CC3)c(C#N)c2-c2ccc(C#N)c(F)c2)cc1F,7.367886326121884,2
COc1c(OCCCCCC(=O)NO)ccc2c1N=C(NC(=O)c1ccccc1)N1CCN=C21,6.815308569182402,3
COc1cc(-c2cc(=S)ss2)ccc1OCC(=O)O,4.081707487244644,1
COc1cc(-c2cc(C(=O)NCCCCCCS)[nH]n2)cc(OC)c1OC,6.991399828238082,1
COc1cc(-c2ccc(C(=O)N3CC[C@H](NCc4ccc(/C=C/C(=O)NO)cc4)C3)cc2-c2ccc(C#N)c(F)c2)ccc1O,6.774321733918655,2
COc1cc(-c2ccc(CN3CC[C@H](NCc4ccc(/C=C/C(=O)NO)cc4)C3)cc2-c2ccc(C#N)c(F)c2)ccc1O,6.8935867069493835,2
COc1cc(-c2ccc3cc(OCCCCCC(=O)NO)ccc3n2)cc(OC)c1OC,6.301029995663981,1
COc1cc(-c2ccc3cc(OCCCCCCC(=O)NO)ccc3n2)cc(OC)c1OC,6.301029995663981,1
COc1cc(-c2cccc(-c3ccc(/C=C/C(=O)NO)cc3)n2)cc(OC)c1OC,6.931814138253838,3
COc1cc(-c2cnc(N3CC4CC3CC4NCc3ccc(/C=C/C(=O)NO)cc3)c(C#N)c2-c2ccc(C#N)c(F)c2)ccc1O,6.9069883313460725,4
COc1cc(-c2cnc(N3CCC(N(C)Cc4ccc(/C=C/C(=O)NO)cc4)CC3)c(C#N)c2-c2ccc(C#N)c(F)c2)ccc1O,7.106624288927219,2
COc1cc(-c2cnc(N3CCC(NCCc4cccc(/C=C/C(=O)NO)c4)CC3)c(C#N)c2-c2ccc(C#N)c(F)c2)ccc1O,6.337016518149287,2
COc1cc(-c2cnc(N3CCC(NCc4ccc(/C=C/C(=O)NO)cc4)CC3)c(C#N)c2-c2ccc(C#N)c(F)c2)ccc1O,7.443697499232712,2
COc1cc(-c2cnc(N3CCC(NCc4ccc(/C=C/C(=O)NO)cn4)CC3)c(C#N)c2-c2ccc(C#N)c(F)c2)ccc1O,7.185142333676434,2
COc1cc(-c2cnc(N3CCC(NCc4cccc(/C=C/C(=O)NO)c4)CC3)c(C#N)c2-c2ccc(C#N)c(F)c2)ccc1O,6.361631270399419,2
COc1cc(-c2cnc(N3CCC(NCc4cnc(/C=C/C(=O)NO)nc4)CC3)c(C#N)c2-c2ccc(C#N)c(F)c2)ccc1O,7.795880017344075,2
COc1cc(-c2cnc([C@H](CCCCCC(=O)c3ncco3)NC(=O)C3CN(C)C3)[nH]2)c(F)cn1,7.080921907623926,1
COc1cc(-c2nc(-c3nnc(CCCCC(=O)NO)o3)cc3c2[nH]c2ccccc23)cc(OC)c1OC,6.221848749616356,1
COc1cc(-c2nc(C(=O)NCc3ccc(C(=O)NO)cc3)cc3c2[nH]c2ccccc23)cc(OC)c1OC,6.252821328639836,1
COc1cc(-c2nc(NCc3ccc(/C=C/C(=O)NO)cc3)cc3c2[nH]c2ccccc23)cc(OC)c1OC,6.0,1
COc1cc(-c2nc(NCc3ccc(C(=O)NO)cc3)cc3c2[nH]c2ccccc23)cc(OC)c1OC,6.057991946977687,3
COc1cc(-c2nc(NCc3cccc(/C=C/C(=O)NO)c3)cc3c2[nH]c2ccccc23)cc(OC)c1OC,6.0,1
COc1cc(-c2nc3cc(/C=C/C(=O)NO)ccc3n2C)ccc1OCc1ccccc1,5.767003889607845,7
COc1cc(-c2nc3cc(/C=C/C(=O)NO)ccc3n2CC(O)CO)ccc1OCc1ccccc1,6.4736607226101555,7
COc1cc(-c2nc3cc(/C=C/C(=O)NO)ccc3n2CCCO)ccc1OCc1ccccc1,6.102372908709559,7
COc1cc(-c2ncc(/C=C/C(=O)NO)s2)cc(OC)c1OC,5.990235269162021,4
COc1cc(-c2ncc(/C=C/C(=O)Nc3ccccc3N)s2)cc(OC)c1OC,5.410470330116728,4
COc1cc(-c2ncc(C(=O)NCCCCCCC(=O)NO)s2)cc(OC)c1OC,6.173925197299173,1
COc1cc(/C=C/C(=O)CC(=O)/C=C/c2ccc(O)c(OC)c2)ccc1O,3.7281583934635014,1
COc1cc(/C=C/C(=O)NO)ccc1C(=O)NCC1CCN(Cc2ccccc2)CC1,7.698970004336019,1
COc1cc(/C=C/C(=O)NO)ccc1OCC(=O)Nc1cc(Br)cc(C(F)(F)F)c1,4.168770306132937,1
COc1cc(/C=C/C(=O)NO)ccc1OCC(=O)Nc1cc(C(F)(F)F)cc(C(F)(F)F)c1,4.978810700930062,1
COc1cc(/C=C/C(=O)NO)ccc1OCC(=O)Nc1ccc(Br)cc1,5.074172425375258,1
COc1cc(/C=C/C(=O)NO)ccc1OCC(=O)Nc1ccc(Cl)c(Cl)c1,4.366531544420414,1
COc1cc(/C=C/C(=O)NO)ccc1OCC(=O)Nc1ccc(F)c(Cl)c1,4.30715308072277,1
COc1cc(/C=C/C(=O)NO)ccc1OCC(=O)Nc1cccc(C(F)(F)F)c1,4.903089986991944,1
COc1cc(/C=C/C(=O)NO)ccc1OCC(=O)Nc1cccc(F)c1,5.023650020996726,1
COc1cc(/C=C/C(=O)NO)ccc1OCC(=O)Nc1ccccc1F,5.404503778174426,1
COc1cc(/C=C/C(=O)Nc2ccc(C)cc2N)ccc1OCC(=O)Nc1cc(Br)cc(C(F)(F)F)c1,5.129011186239424,1
COc1cc(/C=C/C(=O)Nc2ccc(C)cc2N)ccc1OCC(=O)Nc1cc(C(F)(F)F)cc(C(F)(F)F)c1,4.146301788223826,1
COc1cc(/C=C/C(=O)Nc2ccc(C)cc2N)ccc1OCC(=O)Nc1cc(F)cc(Cl)c1,4.812479279163537,1
COc1cc(/C=C/C(=O)Nc2ccc(C)cc2N)ccc1OCC(=O)Nc1ccc(Br)cc1,4.785156151952302,1
COc1cc(/C=C/C(=O)Nc2ccc(C)cc2N)ccc1OCC(=O)Nc1ccc(Cl)c(Cl)c1,4.1904402853647325,1
COc1cc(/C=C/C(=O)Nc2ccc(C)cc2N)ccc1OCC(=O)Nc1cccc(C(F)(F)F)c1,4.82102305270683,1
COc1cc(/C=C/C(=O)Nc2ccc(C)cc2N)ccc1OCC(=O)Nc1cccc(F)c1,4.176525770829699,1
COc1cc(/C=C/C(=O)Nc2ccc(C)cc2N)ccc1OCC(=O)Nc1ccccc1F,4.935542010773082,1
COc1cc(/C=C/C(=O)Nc2ccccc2N)ccc1C(=O)NCC1CCN(Cc2ccccc2)CC1,5.903089986991944,1
COc1cc(/C=C/C(=O)Nc2ccccc2N)ccc1OCC(=O)Nc1cc(Br)cc(C(F)(F)F)c1,4.616184634019569,1
COc1cc(/C=C/C(=O)Nc2ccccc2N)ccc1OCC(=O)Nc1cc(C(F)(F)F)cc(C(F)(F)F)c1,5.107905397309519,1
COc1cc(/C=C/C(=O)Nc2ccccc2N)ccc1OCC(=O)Nc1ccc(Br)cc1,4.892790030352131,1
COc1cc(/C=C/C(=O)Nc2ccccc2N)ccc1OCC(=O)Nc1ccc(Cl)c(Cl)c1,4.987162775294828,1
COc1cc(/C=C/C(=O)Nc2ccccc2N)ccc1OCC(=O)Nc1ccc(F)c(Cl)c1,4.939302159646388,1
COc1cc(/C=C/C(=O)Nc2ccccc2N)ccc1OCC(=O)Nc1cccc(C(F)(F)F)c1,4.304518323509803,1
COc1cc(/C=C/C(=O)Nc2ccccc2N)ccc1OCC(=O)Nc1cccc(F)c1,5.549750891680639,1
COc1cc(/C=C/C(=O)Nc2ccccc2N)ccc1OCC(=O)Nc1ccccc1F,4.132532512140949,1
COc1cc(/C=C/c2ccc(OCCCCCCC(=O)NO)cc2)cc(OC)c1,7.638272163982407,1
COc1cc(/C=C2/C(=O)NCC(=O)N2C)ccc1/C=C/C(=O)NO,9.920818753952375,3
COc1cc(/C=C2\SC(=O)N(CCNC(=O)Nc3c(C)n(C)n(-c4ccccc4)c3=O)C2=O)cc(OC)c1OC,6.46344155742847,3
COc1cc(C(=O)NN)ccc1COc1ccc(Cl)c(C)c1,5.795880017344075,3
COc1cc(C(=O)NO)ccc1CN(C(C)C)S(=O)(=O)c1cc(F)c(F)c(F)c1F,6.324221658325914,3
COc1cc(C(=O)NO)ccc1CS(=O)(=O)Nc1ccc2c(c1)cc(C)c(=O)n2C,6.636388020107855,3
COc1cc(C(=O)NO)ccc1Cn1ccc2cc(C(=O)NCC34C[C@H]5C[C@@H](C3)C[C@@H](C4)C5)ccc21,6.795880017344075,3
COc1cc(C(=O)NOCCCCCC(=O)NO)cc(OC)c1OC,5.878928138649458,2
COc1cc(C(=O)NOCc2ccc(/C=C/C(=O)NO)cc2)cc(OC)c1OC,5.33368989021718,2
COc1cc(C(=O)On2nnc3ccccc32)cc(OC)c1OC,5.026872146400301,1
COc1cc(C(=O)c2ccc3c(ccn3Cc3ccc(/C=C/C(=O)NO)cc3)c2)cc(OC)c1OC,5.663540266151469,3
COc1cc(C(=O)c2ccc3c(ccn3S(=O)(=O)c3ccc(/C=C/C(=O)NO)cc3)c2)cc(OC)c1OC,5.272458742971444,3
COc1cc(C(=O)c2ccc3c(ccn3S(=O)(=O)c3cccc(/C=C/C(=O)NO)c3)c2)cc(OC)c1OC,5.899629454882437,3
COc1cc(C(=O)c2csc(-c3ccc(/C=C/C(=O)NO)cc3)n2)cc(OC)c1OC,5.567030709125594,3
COc1cc(C(=O)c2csc(-c3ccc(/C=C/C(=O)Nc4ccccc4N)cc3)n2)cc(OC)c1OC,5.507239610973162,3
COc1cc(C(=O)c2csc(-c3ccc(C#CCCC(=O)Nc4ccccc4N)cc3)n2)cc(OC)c1OC,5.183758700008217,3
COc1cc(C(=O)c2csc(-c3ccc(NC(=O)/C=C/C(=O)NO)cc3)n2)cc(OC)c1OC,5.4089353929735005,3
COc1cc(C(=O)c2csc(-c3ccc(NC(=O)/C=C/C(=O)Nc4ccccc4N)cc3)n2)cc(OC)c1OC,6.096910013008056,3
COc1cc(C(=O)c2csc(-c3ccc(NC(=O)CC(=O)Nc4ccccc4N)cc3)n2)cc(OC)c1OC,4.92009553233328,3
COc1cc(C(=O)c2csc(-c3ccc(NC(=O)CCC(=O)NO)cc3)n2)cc(OC)c1OC,5.289036881004725,3
COc1cc(C(=O)c2csc(-c3ccc(NC(=O)CCCC(=O)NO)cc3)n2)cc(OC)c1OC,5.199282921717614,3
COc1cc(C(=O)c2csc(-c3ccc(NC(=O)CCCC(=O)Nc4ccccc4N)cc3)n2)cc(OC)c1OC,4.934793871945688,3
COc1cc(C(=O)c2csc(-c3ccc(NC(=O)CCCCC(=O)NO)cc3)n2)cc(OC)c1OC,5.484126156288322,3
COc1cc(C(=O)c2csc(-c3ccc(NC(=O)CCCCC(=O)Nc4ccccc4N)cc3)n2)cc(OC)c1OC,5.058488567365597,3
COc1cc(C(=O)c2csc(-c3ccc(NC(=O)CCCCCC(=O)NO)cc3)n2)cc(OC)c1OC,5.3798639450262415,3
COc1cc(C(=O)c2csc(-c3ccc(NC(=O)CCCCCC(=O)Nc4ccccc4N)cc3)n2)cc(OC)c1OC,5.070581074285707,3
COc1cc(C(=O)c2csc(-c3ccc(NC(=O)CCCCCCC(=O)Nc4ccccc4N)cc3)n2)cc(OC)c1OC,4.9931062920521,3
COc1cc(C(=O)c2csc(-c3ccc(NC(=O)c4ccc(C(=O)Nc5ccccc5N)cc4)cc3)n2)cc(OC)c1OC,5.681936665037238,3
COc1cc(C(=O)c2csc(-c3ccc(NCC(=O)Nc4ccccc4N)cc3)n2)cc(OC)c1OC,5.040481623027002,3
COc1cc(C(=O)c2csc(-c3ccc(NCCC(=O)Nc4ccccc4N)cc3)n2)cc(OC)c1OC,5.081969663215119,3
COc1cc(C(=O)c2csc(-c3ccc(O/C=C/c4ccc(CC(=O)NO)cc4)cc3)n2)cc(OC)c1OC,5.1487416512809245,3
COc1cc(C(=O)c2csc(-c3ccc(OCCCC(=O)NO)cc3)n2)cc(OC)c1OC,5.053547734986926,3
COc1cc(C(=O)c2csc(-c3ccc(OCCCCCCC(=O)Nc4ccccc4N)cc3)n2)cc(OC)c1OC,5.125518182300533,3
COc1cc(C(=O)c2csc(-c3ccc(OCc4ccc(C(=O)NO)cc4)cc3)n2)cc(OC)c1OC,5.09799710864927,3
COc1cc(C)nc(SCC(=O)c2ccc(NC(C)=O)cc2)n1,4.0,1
COc1cc(C/C(=N\O)C(=O)NCCSSCCNC(=O)/C(Cc2ccc(O)c(OC)c2)=N/O)ccc1O,7.3979400086720375,2
COc1cc(C2=CNC([C@@H](N)CCCCCC(=O)C3NC=CO3)N2)c(F)cn1,5.638272163982407,1
COc1cc(C=CC(=O)CC(=O)C=Cc2ccc(O)c(OC)c2)ccc1O,3.939302159646388,1
COc1cc(CCC(=O)NO)ccc1C(=O)NCC1CCN(Cc2ccccc2)CC1,6.769551078621726,1
COc1cc(CNC(=O)CCCCC(O)CC(C)C)ccc1O,4.142667503568732,1
COc1cc(CNCc2ccc(/C=C/C(=O)NO)cc2)cc(OC)c1,6.3819519032879075,1
COc1cc(CNc2nc(NCc3ccc(C(=O)Nc4ccccc4N)cc3)nc3[nH]ccc23)cc(OC)c1,5.709965388637482,3
COc1cc(COc2ccc(NC(=O)CCCCCCC(=O)OCCN=[N+]=[N-])cc2)cc(N=[N+]=[N-])c1,4.170696227168975,3
COc1cc(COc2ccc(NC(=O)CCCCCCC(=O)OCc3ccc(CN=[N+]=[N-])cc3)cc2)cc(N=[N+]=[N-])c1,4.552841968657781,3
COc1cc(Cc2cnc(N)nc2N)cc2c1N(CCO)CCC2C,6.289882634888183,1
COc1cc(Cn2c(CCc3ccccc3)nc3cc(/C=C/C(=O)NO)ccc32)cc(OC)c1OC,6.449771646944906,7
COc1cc(Cn2cc3ccc(C(=O)NO)cc3n2)cc(OC)c1,6.089375595110798,1
COc1cc(Cn2ccc3cc(C(=O)NCC45C[C@H]6C[C@@H](C4)C[C@@H](C5)C6)ccc32)ccc1C(=O)NO,5.073657553374344,3
COc1cc(F)c(-c2cnc(N3CCC(NCc4ccc(/C=C/C(=O)NO)cc4)CC3)c(C#N)c2-c2ccc(C#N)c(F)c2)cc1O,7.435058422329689,2
COc1cc(F)c(-c2cnc(N3CCC(NCc4ccc(/C=C/C(=O)NO)cc4)CC3)c(C#N)c2-c2ccc(C#N)nc2)cc1O,9.167491087293763,1
COc1cc(F)c(-c2cnc(N3CCC(NCc4ccc(/C=C/C(=O)NO)cc4)CC3)c(C)c2-c2ccc(C#N)nc2)cc1O,9.214670164989233,1
COc1cc(F)c(-c2cnc(N3CCC(NCc4ccc(/C=C/C(=O)NO)cc4)CC3)c(F)c2-c2ccc(C#N)nc2)cc1O,9.494850021680094,1
COc1cc(F)c(-c2cnc(N3CCC(NCc4ccc(/C=C/C(=O)NO)cc4)CC3)c(OC)c2-c2ccc(C#N)nc2)cc1O,9.346787486224656,1
COc1cc(F)c(-c2cnc(N3CCC(NCc4ccc(/C=C/C(=O)NO)cn4)CC3)c(C#N)c2-c2ccc(C#N)nc2)cc1O,8.32513885926219,1
COc1cc(N)ccc1C(=O)NC(=O)NC1CC2CCC(C1)N2C,7.045757490560675,1
COc1cc(N2CCC(N)CC2)nc(-c2ccc(C#N)c(F)c2)c1-c1ccc(/C=C/C(=O)NO)c(O)c1,6.1005469811602175,2
COc1cc(N2CCC(N)CC2)nc(-c2ccc(C#N)c(F)c2)c1-c1ccc(OC/C=C/C(=O)ON)c(O)c1,6.6656579788443056,2
COc1cc(N2CCC(N)CC2)nc(-c2ccc(C#N)c(F)c2)c1-c1ccc(OCCCCCCC(=O)NO)c(O)c1,6.8016911287086375,2
COc1cc(NC(=O)CCCCCCC(=O)NO)ccc1Nc1nccc(-c2cn(C)c3ccccc23)n1,7.070581074285707,2
COc1cc(NC(=O)CCCCCCCCCCC(=O)NO)ccc1Nc1nccc(-c2cn(C)c3ccccc23)n1,7.070581074285707,1
COc1cc(NC(=O)NOCCCCCC(=O)NO)c2nc(OC)cc(C)c2c1,7.2876484032578555,6
COc1cc(NC(=O)NOCCCCCC(=O)NO)c2nccc(C)c2c1,5.913640169325252,3
COc1cc(NC(=O)NOCCCCCC(=O)NO)c2ncccc2c1,5.96657624451305,3
COc1cc(NC(=O)[C@@H](NC(=O)Nc2ccc(C(=O)NCCCCCC(=O)NO)cc2)c2ccccc2)ccc1F,5.811352704000283,1
COc1cc(Nc2nc(N)nc3c2ncn3Cc2ccc(C(=O)Nc3ccccc3N)cc2)cc(OC)c1,5.017276612331455,3
COc1cc(O)c(-c2cnc(N3CCC(NCc4ccc(/C=C/C(=O)NO)cc4)CC3)c(C#N)c2-c2ccc(C#N)c(F)c2)cc1O,8.135093746419532,2
COc1cc(OC)c(-c2cnc(N3CCC(NCc4ccc(/C=C/C(=O)NO)cc4)CC3)c(C#N)c2-c2ccc(C#N)c(F)c2)cc1O,7.487357310403582,2
COc1cc(OC)c(/C=C/S(=O)(=O)Cc2ccc(OC)c(NC(=O)CCC(=O)NO)c2)c(OC)c1,7.046530600912168,3
COc1cc(OC)c(/C=C/S(=O)(=O)Cc2ccc(OC)c(NCC(=O)NO)c2)c(OC)c1,7.051783499528793,3
COc1cc(OC)c(/C=C/S(=O)(=O)Cc2ccc(OC)c(NCC(=O)O)c2)c(OC)c1,5.0,1
COc1cc(OC)c2c(=O)[nH]c(-c3cc(C)c(O)c(C)c3)nc2c1,3.536107011014093,1
COc1cc(OC)c2c(=O)[nH]c(-c3cc(C)c(OCCCCCC(=O)NO)c(C)c3)nc2c1,6.536107011014092,1
COc1cc(OC)c2c(=O)[nH]c(-c3ccc(OC/C=C/C(=O)NO)cc3)nc2c1,6.536107011014092,1
COc1cc(OC)c2c(=O)[nH]c(-c3ccc(OCCCC(=O)NO)cc3)nc2c1,7.494850021680094,1
COc1cc(OC)c2c(=O)[nH]c(-c3ccc(OCCCCC(=O)NO)cc3)nc2c1,6.536107011014092,1
COc1cc(OC)c2c(=O)[nH]c(-c3ccc(OCCCCCC(=O)NO)cc3)nc2c1,6.536107011014092,1
COc1cc(OC)c2c(=O)[nH]c(-c3ccc(OCCCCCCC(=O)NO)cc3)nc2c1,6.536107011014092,1
COc1cc(OC)c2c(=O)[nH]c(-c3ccc(OCCCCCCCC(=O)NO)cc3)nc2c1,6.536107011014092,1
COc1cc(OC)c2c(=O)[nH]c(-c3ccc(OCc4cc(C)c(/C=C/C(=O)NO)c(C)c4)cc3)nc2c1,6.536107011014092,1
COc1cc(OC)c2c(=O)[nH]c(-c3ccc(OCc4ccc(/C=C/C(=O)NO)cc4)cc3)nc2c1,6.536107011014092,1
COc1cc(OC)c2c(=O)[nH]c(-c3ccc(Oc4ccc(C(=O)NO)cn4)cc3)nc2c1,6.536107011014092,1
COc1cc(OC)c2c(N3CCN(C)CC3)nc(-c3cc(C)c(OCCCCCC(=O)NO)c(C)c3)nc2c1,6.422355050381577,3
COc1cc(OC)c2c(N3CCS(=O)(=O)CC3)nc(-c3cc(C)c(OCCCCCC(=O)NO)c(C)c3)nc2c1,6.393977185591072,3
COc1cc(OC)cc(-c2ccc3c(NC(=O)CCCCCCC(=O)NO)n[nH]c3c2)c1,8.356547323513812,3
COc1cc(OC)cc(-c2ncc(/C=C/C(=O)NO)s2)c1,6.142667503568731,1
COc1cc(OC)cc(-c2ncc(C(=O)NCCCCCCC(=O)NO)s2)c1,6.102372908709558,1
COc1cc(OC)cc(-c2nnn([C@@H](Cc3ccccc3)C(=O)NO)c2C#CC2CC2)c1,8.522878745280337,3
COc1cc(OC)cc(C(=O)NOCCCCCC(=O)NO)c1,6.213854696924291,2
COc1cc(OC)cc(C(=O)On2nnc3ccc(OC)cc32)c1,4.057991946977687,1
COc1cc(OC)cc(C(=O)On2nnc3ccccc32)c1,4.213958789757446,1
COc1cc(OC)cc(N(CCNC(C)C)c2ccc3ncc(-c4cnn(CCCCCCC(=O)NO)c4)nc3c2)c1,7.886056647693163,3
COc1cc(OC)cc(N(CCNC(C)C)c2ccc3ncc(-c4cnn(CCOc5ccc(C(=O)NO)cc5)c4)nc3c2)c1,6.5406075122407685,3
COc1cc(OCc2cccc(-c3ccccc3)c2C)cc(OC)c1CNCCCCCCC(=O)NO,5.662540738709343,3
COc1cc(O[C@H]2C[C@H](OC)C2)cc(-c2cnc([C@@H](N)CCCCCC(=O)c3ncco3)[nH]2)c1F,6.6777807052660805,1
COc1cc(Oc2ccc3nc(/C=C/C(=O)NO)ccc3c2)cc(OC)c1OC,5.549750891680639,3
COc1cc2c(Oc3ccc(NC(=O)C4(C(=O)Nc5ccc(F)cc5)CC4)cc3F)ccnc2cc1OCCCC(=O)NO,5.048662481204082,3
COc1cc2c(Oc3ccc(NC(=O)C4(C(=O)Nc5ccc(F)cc5)CC4)cc3F)ccnc2cc1OCCCCCC(=O)NO,5.787812395596042,3
COc1cc2c(cc1-c1c(C)noc1C)[nH]c1nc(C)nc(NCCCCCCC(=O)NO)c12,6.1067932469401525,3
COc1cc2c(cc1-c1c(C)noc1C)[nH]c1ncnc(NCCCCCCC(=O)NO)c12,6.105683937315561,3
COc1cc2c(cc1OC)C(=O)C(CC1CCN(Cc3ccc(/C=C/C(=O)NO)cc3)CC1)C2,6.946921556516581,3
COc1cc2c(cc1OC)C(=O)C(CC1CCN(Cc3ccc(NC(=O)CCCCCCC(=O)NO)cc3)CC1)C2,6.074687908500351,3
COc1cc2c(cc1OC)C(=O)C(CC1CCN(Cc3ccc(NCc4ccc(C(=O)NO)cc4)cc3)CC1)C2,5.667561540084395,3
COc1cc2c(cc1OC)C(=O)C(CC1CCN(Cc3cccc(NC(=O)CCCCCCC(=O)NO)c3)CC1)C2,5.9065783148377635,3
COc1cc2c(cc1OC)C(=O)C(CC1CCN(S(=O)(=O)c3cccc(/C=C/C(=O)NO)c3)CC1)C2,5.764471553092451,3
COc1cc2c(ccc(=O)n2C)cc1-c1cnc([C@@H](N)CCCCCC(=O)c2ccon2)[nH]1,6.823908740944319,1
COc1cc2c(ccc(=O)n2C)cc1-c1cnc([C@@H](N)CCCCCC(=O)c2ncco2)[nH]1,6.309803919971486,1
COc1cc2c(ccc(=O)n2C)cc1-c1cnc([C@H](CCCCCC(=O)c2ccon2)NC(=O)C2CN(C)C2)[nH]1,8.508638306165727,1
COc1cc2c(ccc(=O)n2C)cc1-c1cnc([C@H](CCCCCC(=O)c2ccon2)NC(=O)CN(C)C)[nH]1,8.455931955649724,1
COc1cc2c(ccc(=O)n2C)cc1-c1cnc([C@H](CCCCCC(=O)c2ncco2)NC(=O)CN(C)C)[nH]1,7.2441251443275085,1
COc1cc2cc(C(=O)NO)sc2cc1C,5.8696662315049934,1
COc1cc2cc(c1)COc1ccccc1NC(=O)C(CCCCCC(=O)NO)OC/C=C\2,6.92445303860747,3
COc1cc2cc(c1)COc1ccccc1NC(=O)C(CCCCCC(=O)NO)OCCC2,6.35261702988538,3
COc1cc2cc(c1)COc1ccccc1NC(=O)[C@@H](CCCCCC(=O)NO)OC/C=C\2,6.686132779630847,3
COc1cc2cc(c1)COc1ccccc1NC(=O)[C@@H](CCCCCC(=O)NO)OCCC2,7.041914677852905,3
COc1cc2cc(c1)COc1ccccc1NC(=O)[C@H](CCCCCC(=O)NO)OC/C=C\2,6.703334809738469,3
COc1cc2cc(c1)COc1ccccc1NC(=O)[C@H](CCCCCC(=O)NO)OCCC2,6.866461091629783,3
COc1cc2ccn(CCCCOc3cccc(NC(=O)CCCCCCC(=O)NO)c3)c2c(OC)c1OC,6.123782159408358,3
COc1cc2ccn(CCOc3ccc(NC(=O)CCCCCCC(=O)NO)cc3)c2cc1OC,6.399898771702553,3
COc1cc2ccn(CCOc3cccc(NC(=O)CCCCCCC(=O)NO)c3)c2c(OC)c1OC,6.375786684222763,3
COc1cc2nc(C)ccc2cc1-c1c[nH]c([C@@H](N)CCCCCC(=O)c2ncco2)n1,6.1487416512809245,1
COc1cc2nc(C)ccc2cc1-c1cnc([C@H](CCCCCC(=O)C2NC=CO2)NC(=O)C2CCC3(CC2)CN(C)C3)[nH]1,7.6777807052660805,1
COc1cc2nc(C)ccc2cc1-c1cnc([C@H](CCCCCC(=O)C2NC=CO2)NC(=O)C2CCN(C)CC2)[nH]1,7.6020599913279625,1
COc1cc2nc(C)ccc2cc1-c1cnc([C@H](CCCCCC(=O)C2NC=CO2)NC(=O)C2CN(C)C2)[nH]1,7.251811972993799,1
COc1cc2nc(C)ccc2cc1-c1cnc([C@H](CCCCCC(=O)C2NC=CO2)NC(=O)C2CN(C)C2)o1,6.886056647693163,1
COc1cc2nc(C)ccc2cc1-c1cnc([C@H](CCCCCC(=O)C2NC=CO2)NC2CC(OC)C2)[nH]1,5.508638306165727,1
COc1cc2nc(C)ccc2cc1-c1cnc([C@H](CCCCCC(=O)C2NC=CO2)Nc2ncccn2)[nH]1,6.6777807052660805,1
COc1cc2nc(C)ccc2cc1-c1cnc([C@H](CCCCCC(=O)c2cc(C)on2)NC(=O)C2CC23CCN(C)CC3)[nH]1,6.920818753952375,1
COc1cc2nc(C)ccc2cc1-c1cnc([C@H](CCCCCC(=O)c2cc(C)on2)NC(=O)C2CN(C)C2)[nH]1,6.823908740944319,1
COc1cc2nc(C)ccc2cc1-c1cnc([C@H](CCCCCC(=O)c2cc(C)on2)NC(=O)CN(C)C)[nH]1,6.508638306165727,1
COc1cc2nc(C)ccc2cc1-c1cnc([C@H](CCCCCC(=O)c2ccon2)NC(=O)C2CN(C)C2)[nH]1,8.522878745280337,1
COc1cc2nc(C)ccc2cc1-c1cnc([C@H](CCCCCC(=O)c2ccon2)NC(=O)CN(C)C)[nH]1,7.853871964321762,1
COc1cc2nc(C)ccc2cc1-c1cnc([C@H](CCCCCC(=O)c2ncco2)NC(=O)C2(C)CCCCO2)[nH]1,6.657577319177793,1
COc1cc2nc(C)ccc2cc1-c1cnc([C@H](CCCCCC(=O)c2ncco2)NC(=O)C2CCCCO2)[nH]1,6.920818753952375,1
COc1cc2nc(C)ccc2cc1-c1cnc([C@H](CCCCCC(=O)c2ncco2)NC(=O)C2CCCO2)[nH]1,6.7447274948966935,1
COc1cc2nc(C)ccc2cc1-c1cnc([C@H](CCCCCC(=O)c2ncco2)NC(=O)C2COC(c3ccccc3)CO2)[nH]1,6.309803919971486,1
COc1cc2nc(C)ccc2cc1-c1cnc([C@H](CCCCCC(=O)c2ncco2)NC(=O)C2COCCO2)[nH]1,7.0197646112328504,2
COc1cc2nc(C)ccc2cc1-c1cnc([C@H](CCCCCC(=O)c2ncco2)NC(=O)C2COc3ccccc3O2)[nH]1,6.468521082957745,1
COc1cc2nc(C)ccc2cc1-c1cnc([C@H](CCCCCC(=O)c2ncco2)NC(=O)CN2CCNCC2=O)[nH]1,7.236572006437063,1
COc1cc2nc(C)ccc2cc1-c1cnc([C@H](CCCCCC(=O)c2ncco2)NC(=O)CN2CCOCC2=O)[nH]1,7.318758762624412,1
COc1cc2nc(C)ccc2cc1-c1cnc([C@H](CCCCCC(=O)c2ncco2)NC(=O)Cn2ccc(C)n2)[nH]1,7.1249387366083,1
COc1cc2nc(C)ccc2cc1-c1cnc([C@H](CCCCCC(=O)c2ncco2)NC(=O)Cn2cccc2)[nH]1,6.522878745280337,1
COc1cc2nc(C)ccc2cc1-c1cnc([C@H](CCCCCC(=O)c2ncco2)NC(=O)Cn2cccn2)[nH]1,7.1487416512809245,1
COc1cc2nc(C)ccc2cc1-c1cnc([C@H](CCCCCC(=O)c2ncco2)NC(=O)[C@H]2CC23CCN(C)CC3)o1,6.7447274948966935,1
COc1cc2nc(C)ccc2cc1-c1cnc([C@H](CCCCCC(=O)c2ncco2)NC(=O)c2cc3ccccn3n2)[nH]1,7.200659450546418,1
COc1cc2nc(C)ccc2cc1-c1cnc([C@H](CCCCCC(=O)c2ncco2)NC(=O)c2cc3n(n2)CCCC3)[nH]1,7.130768280269024,1
COc1cc2nc(C)ccc2cc1-c1cnc([C@H](CCCCCC(=O)c2ncco2)NC(=O)c2cc3n(n2)CCCO3)[nH]1,7.42021640338319,1
COc1cc2nc(C)ccc2cc1-c1cnc([C@H](CCCCCC(=O)c2ncco2)NC(=O)c2cc3n(n2)CCS(=O)(=O)C3)[nH]1,7.3872161432802645,1
COc1cc2nc(C)ccc2cc1-c1cnc([C@H](CCCCCC(=O)c2ncco2)NC(=O)c2cc3ncccn3n2)[nH]1,7.356547323513812,1
COc1cc2nc(C)ccc2cc1-c1cnc([C@H](CCCCCC(=O)c2ncco2)NC2CCOCC2)[nH]1,5.455931955649724,1
COc1cc2nc(C)ccc2cc1-c1cnc([C@H](CCCCCC(=O)c2ncco2)NCc2ccccc2)[nH]1,5.7447274948966935,1
COc1cc2nc(NCCNC(=O)CCCCC(=O)NO)nc(NC3CCN(Cc4ccccc4)CC3)c2cc1OC,5.050983145815687,2
COc1cc2nc3ccccc3c(Nc3ccc(C(=O)NO)cc3)c2c(OC)c1OC,6.09151498112135,1
COc1cc2ncnc(Nc3cc(Cl)ccc3Cl)c2cc1OCCC(=O)NO,6.458420756053419,1
COc1cc2ncnc(Nc3cc(Cl)ccc3Cl)c2cc1OCCCC(=O)NO,7.2441251443275085,1
COc1cc2ncnc(Nc3cc(Cl)ccc3Cl)c2cc1OCCCCC(=O)NO,7.6777807052660805,1
COc1cc2ncnc(Nc3cc(Cl)ccc3Cl)c2cc1OCCCCCC(=O)NO,8.075720713938118,1
COc1cc2ncnc(Nc3ccc(Br)cc3)c2cc1OCCCC(=O)NO,6.2636034977233574,1
COc1cc2ncnc(Nc3ccc(Br)cc3)c2cc1OCCCCC(=O)NO,7.167491087293763,1
COc1cc2ncnc(Nc3ccc(Br)cc3)c2cc1OCCCCCC(=O)NO,8.289198036565084,2
COc1cc2ncnc(Nc3ccc(Br)cc3)c2cc1OCCCCCCC(=O)NO,8.465376228662173,5
COc1cc2ncnc(Nc3ccc(Cl)cc3)c2cc1OCCCC(=O)NO,6.156144577376839,1
COc1cc2ncnc(Nc3ccc(Cl)cc3)c2cc1OCCCCC(=O)NO,6.8794260687941495,1
COc1cc2ncnc(Nc3ccc(Cl)cc3)c2cc1OCCCCCC(=O)NO,7.958607314841775,1
COc1cc2ncnc(Nc3ccc(Cl)cc3)c2cc1OCCCCCCC(=O)NO,8.494850021680094,1
COc1cc2ncnc(Nc3ccc(Cl)cc3Cl)c2cc1OCCC(=O)NO,6.667561540084394,1
COc1cc2ncnc(Nc3ccc(Cl)cc3Cl)c2cc1OCCCC(=O)NO,7.0655015487564325,1
COc1cc2ncnc(Nc3ccc(Cl)cc3Cl)c2cc1OCCCCC(=O)NO,7.853871964321762,1
COc1cc2ncnc(Nc3ccc(Cl)cc3Cl)c2cc1OCCCCCC(=O)NO,8.351207984438346,4
COc1cc2ncnc(Nc3ccc(Cl)cc3Cl)c2cc1OCCCCCCC(=O)NO,8.55284196865778,1
COc1cc2ncnc(Nc3ccc(F)c(Cl)c3)c2cc1OCCCCCCC(=O)NO,8.187086643357144,1
COc1cc2ncnc(Nc3ccc(F)cc3)c2cc1OCCCC(=O)NO,5.872895201635192,1
COc1cc2ncnc(Nc3ccc(F)cc3)c2cc1OCCCCC(=O)NO,6.856985199745905,1
COc1cc2ncnc(Nc3ccc(F)cc3)c2cc1OCCCCCC(=O)NO,7.537602002101044,1
COc1cc2ncnc(Nc3ccc(F)cc3)c2cc1OCCCCCCC(=O)NO,8.070581074285707,1
COc1cc2ncnc(Nc3cccc(Br)c3)c2cc1OCCC(=O)NO,6.274905478918531,1
COc1cc2ncnc(Nc3cccc(Br)c3)c2cc1OCCCC(=O)NO,7.013228265733755,1
COc1cc2ncnc(Nc3cccc(Br)c3)c2cc1OCCCCC(=O)NO,7.823908740944319,1
COc1cc2ncnc(Nc3cccc(Br)c3)c2cc1OCCCCCC(=O)NO,8.346787486224656,1
COc1cc2ncnc(Nc3cccc(Cl)c3)c2cc1OCCC(=O)NO,6.1904402853647325,1
COc1cc2ncnc(Nc3cccc(Cl)c3)c2cc1OCCCC(=O)NO,6.917214629683549,1
COc1cc2ncnc(Nc3cccc(Cl)c3)c2cc1OCCCCC(=O)NO,7.769551078621726,1
COc1cc2ncnc(Nc3cccc(Cl)c3)c2cc1OCCCCCC(=O)NO,8.267606240177031,1
COc1cc2ncnc(Nc3ccccc3Br)c2cc1OCCCC(=O)NO,6.075720713938118,1
COc1cc2ncnc(Nc3ccccc3Br)c2cc1OCCCCC(=O)NO,7.130768280269024,1
COc1cc2ncnc(Nc3ccccc3Br)c2cc1OCCCCCC(=O)NO,7.508638306165727,1
COc1cc2ncnc(Nc3ccccc3Br)c2cc1OCCCCCCC(=O)NO,8.05551732784983,1
COc1cc2ncnc(Nc3ccccc3Cl)c2cc1OCCCC(=O)NO,5.901356274182943,1
COc1cc2ncnc(Nc3ccccc3Cl)c2cc1OCCCCC(=O)NO,6.892790030352131,1
COc1cc2ncnc(Nc3ccccc3Cl)c2cc1OCCCCCC(=O)NO,7.537602002101044,1
COc1cc2ncnc(Nc3ccccc3Cl)c2cc1OCCCCCCC(=O)NO,7.7447274948966935,1
COc1cc2ncnc(Nc3ccccc3F)c2cc1OCCCC(=O)NO,6.171984935776023,1
COc1cc2ncnc(Nc3ccccc3F)c2cc1OCCCCC(=O)NO,6.2564902352715706,1
COc1cc2ncnc(Nc3ccccc3F)c2cc1OCCCCCC(=O)NO,6.838631997765026,1
COc1cc2ncnc(Nc3ccccc3F)c2cc1OCCCCCCC(=O)NO,7.494850021680094,1
COc1ccc(-c2c(-c3ccc(C#N)c(F)c3)nc(N3CCC(NCCCCCCC(=O)NO)CC3)n3ccnc23)cc1O,6.575118363368933,1
COc1ccc(-c2c(-c3ccc(C#N)c(F)c3)nc(N3CCC(NCc4ccc(/C=C/C(=O)NO)cc4)CC3)n(C)c2=O)cc1O,7.4089353929735005,1
COc1ccc(-c2c(C#N)cc(N3CCC(NCC4C=NC(/C=C/C(=O)NO)=NC4)CC3)nc2-c2ccc(C#N)c(F)c2)cc1O,7.589243235797613,2
COc1ccc(-c2c(C#N)cc(N3CCC(NCc4ccc(/C=C/C(=O)NO)cc4)CC3)nc2-c2ccc(C#N)c(F)c2)cc1O,6.857176345549635,2
COc1ccc(-c2c(C)nc(N3CCC(NCc4ccc(/C=C/C(=O)NO)cc4)CC3)c(C#N)c2-c2ccc(C#N)c(F)c2)cc1O,6.959146364951325,2
COc1ccc(-c2c(OC)cc(N3CCC(N)CC3)nc2-c2ccc(C#N)c(F)c2)cc1OCCNCc1ccc(/C=C/C(=O)NO)cc1,7.462591779677412,2
COc1ccc(-c2c(OC)cc(N3CCC(NCc4ccc(/C=C/C(=O)NO)cc4)CC3)nc2-c2ccc(C#N)c(F)c2)cc1O,7.185805534974844,2
COc1ccc(-c2c(OCCCCCCC(=O)NO)cc(N3C4CCC3CC(N)C4)nc2-c2ccc(C#N)c(F)c2)cc1O,7.6020599913279625,1
COc1ccc(-c2c(OCCCCCCC(=O)NO)cc(N3CC4CC3CC4N)nc2-c2ccc(C#N)c(F)c2)cc1O,7.552841968657781,1
COc1ccc(-c2c(OCCCCCCC(=O)NO)cc(N3CCC(N)CC3)nc2-c2ccc(C#N)c(C)c2)cc1O,8.373659632624957,1
COc1ccc(-c2c(OCCCCCCC(=O)NO)cc(N3CCC(N)CC3)nc2-c2ccc(C#N)c(F)c2)cc1,7.657577319177793,1
COc1ccc(-c2c(OCCCCCCC(=O)NO)cc(N3CCC(N)CC3)nc2-c2ccc(C#N)c(F)c2)cc1F,7.537602002101044,1
COc1ccc(-c2c(OCCCCCCC(=O)NO)cc(N3CCC(N)CC3)nc2-c2ccc(C#N)c(F)c2)cc1O,7.206144517490544,2
COc1ccc(-c2c(OCCCCCCC(=O)NO)cc(N3CCC(N)CC3)nc2-c2ccc(C#N)cc2)cc1O,8.136082623042139,1
COc1ccc(-c2c(OCc3ccc(/C=C/C(=O)NO)cc3)cc(N3CCC(N)CC3)nc2-c2ccc(C#N)c(F)c2)cc1O,6.8565136772713124,2
COc1ccc(-c2cc(-c3ccccc3)[nH]c2C(=O)NCc2ccc(C(=O)Nc3ccccc3N)cc2)cc1,6.370928934660952,3
COc1ccc(-c2cc(-c3ccccc3)[nH]c2C(=O)NCc2ccc(C(=O)Nc3ccccc3S)cc2)cc1,5.935402126630379,3
COc1ccc(-c2cc(-c3ccccc3)[nH]c2C(=O)NCc2ccc(C(=O)Nc3ccccn3)cc2)cc1,6.51774226664502,3
COc1ccc(-c2cc(-c3ccccc3)[nH]c2C(=O)NCc2ccc(C(=O)Nc3ncccn3)cc2)cc1,5.300943145452332,1
COc1ccc(-c2cc(-c3ccccc3)[nH]c2C(=O)Nc2cccc(CC(=O)NO)c2)cc1,6.6439741428068775,2
COc1ccc(-c2cc(-c3ccn(Cc4ccc(C(=O)NO)cc4)n3)ccn2)cc1,7.379521349449537,3
COc1ccc(-c2cc(-c3ccoc3)c(C(=O)NCc3ccc(C(=O)NO)cc3)[nH]2)cc1,6.826823512774681,6
COc1ccc(-c2cc(-c3ccsc3)c(C(=O)NCc3ccc(C(=O)NO)cc3)[nH]2)cc1,6.7594507517174,3
COc1ccc(-c2cc(C(=O)NCCCCCCS)[nH]n2)cc1,6.823908740944319,1
COc1ccc(-c2cc(C(=O)NCCCCCCS)[nH]n2)cc1OC,7.251811972993799,1
COc1ccc(-c2cc(C(=O)NCCSSCCNC(=O)c3cc(-c4ccc(OC)c(Br)c4)[nH]n3)n[nH]2)cc1Br,5.730487055782083,2
COc1ccc(-c2cc(C(=O)NCCSSCCNC(=O)c3cc(-c4ccc(OC)c(Br)c4)on3)no2)cc1Br,5.332547047110046,2
COc1ccc(-c2cc(C(=O)NCCSSCCNC(=O)c3cc(-c4ccc(OC)cc4)[nH]n3)n[nH]2)cc1,5.557520230935552,2
COc1ccc(-c2cc(C(=O)NCCSSCCNC(=O)c3cc(-c4ccc(OC)cc4)on3)no2)cc1,5.080398976215889,2
COc1ccc(-c2cc(C(=O)NCc3ccc(C(=O)NO)cc3)ccn2)cc1,6.970616222314791,3
COc1ccc(-c2cc(OCCN(C)c3ncc(C(=O)NO)cn3)c3ncnc(C)c3c2)cn1,7.920818753952375,6
COc1ccc(-c2cc3cnn(C(Cc4ccccc4)C(=O)NO)c3cn2)cn1,6.301029995663981,1
COc1ccc(-c2ccc(-c3nc4cc(C(=O)NO)ccc4o3)c(F)c2)cn1,6.415668775632469,3
COc1ccc(-c2ccc(-c3nc4cc(C(=O)NO)ccc4o3)cc2)cn1,5.698970004336019,1
COc1ccc(-c2ccc(/C=C/C(=O)NO)cc2)cc1,6.202890852410572,5
COc1ccc(-c2ccc(/C=C/C=C/C(=O)NO)cc2)cc1,5.806875401645538,3
COc1ccc(-c2ccc(/C=C/C=C/C(=O)NO)cc2)cc1C12CC3CC(CC(C3)C1)C2,4.512398484400856,3
COc1ccc(-c2ccc(C(=O)N3CC[C@H](NCc4ccc(/C=C/C(=O)NO)cc4)C3)cc2-c2ccc(C#N)c(F)c2)cc1O,6.877243666092925,2
COc1ccc(-c2ccc(CN3CC[C@H](NCc4ccc(/C=C/C(=O)NO)cc4)C3)cc2-c2ccc(C#N)c(F)c2)cc1O,7.161150909262744,2
COc1ccc(-c2ccc(N3CCC(NCc4ccc(/C=C/C(=O)NO)cc4)CC3)c(C#N)c2-c2ccc(C#N)c(F)c2)cc1O,7.697185888996191,2
COc1ccc(-c2ccc3c(NC(=O)CCCCCCC(=O)NO)n[nH]c3c2)cc1,8.428445002379155,9
COc1ccc(-c2ccc3c(NC(=O)CCCCCCC(=O)NO)n[nH]c3c2)cc1OC,8.494850021680094,3
COc1ccc(-c2ccc3c(NC(=O)CCCCCCC(=O)NO)n[nH]c3n2)cc1,8.142667503568731,3
COc1ccc(-c2ccc3cc(OCCCCCC(=O)NO)ccc3n2)cc1,6.301029995663981,1
COc1ccc(-c2ccc3cc(OCCCCCCC(=O)NO)ccc3n2)cc1,6.301029995663981,1
COc1ccc(-c2ccc3ccc(OCCCCCC(=O)NO)cc3n2)cc1I,6.301029995663981,1
COc1ccc(-c2ccc3ccc(OCCCCCCC(=O)NO)cc3n2)cc1I,6.301029995663981,1
COc1ccc(-c2ccc3nc(/C=C/C(=O)NO)ccc3c2)cc1,5.3214816209598865,3
COc1ccc(-c2ccc3nn(C(Cc4ccccc4)C(=O)NO)c(C#CC4CC4)c3c2)cn1,6.425968732272281,3
COc1ccc(-c2cccc(-c3cc(OC)c(OC)c(OC)c3)n2)cc1/C=C/C(=O)NO,6.931814138253838,3
COc1ccc(-c2cccc(-c3cc(OC)c(OC)c(OC)c3)n2)cc1CCC(=O)NO,5.619788758288394,3
COc1ccc(-c2ccnc(NC3CCc4ccc(C(=O)NO)cc4C3)n2)c(OC)c1,5.910094888560603,3
COc1ccc(-c2ccnc(NC3CCc4ccc(C(=O)NO)cc4C3)n2)cn1,6.0,3
COc1ccc(-c2cn(CCCCCC(=O)NO)nn2)cc1,8.67778070526608,1
COc1ccc(-c2cnc(N3CCC(C)(NCc4ccc(/C=C/C(=O)NO)cc4)CC3)c(C#N)c2-c2ccc(C#N)c(F)c2)cc1O,7.13934205969705,2
COc1ccc(-c2cnc(N3CCC(C)(NCc4ccc(/C=C/C(=O)NO)nc4)CC3)c(C#N)c2-c2ccc(C#N)c(F)c2)cc1O,7.698970004336019,1
COc1ccc(-c2cnc(N3CCC(C)(NCc4cnc(/C=C/C(=O)NO)nc4)CC3)c(C#N)c2-c2ccc(C#N)c(F)c2)cc1O,7.707834387816234,2
COc1ccc(-c2cnc(N3CCC(CNCc4ccc(/C=C/C(=O)NO)cc4)C3)c(C#N)c2-c2ccc(C#N)c(F)c2)cc1O,7.619788758288394,1
COc1ccc(-c2cnc(N3CCC(N(C)Cc4ccc(/C=C/C(=O)NO)cc4)CC3)c(C#N)c2-c2ccc(C#N)c(F)c2)cc1O,7.258992211774644,2
COc1ccc(-c2cnc(N3CCC(N)(CCc4ccc(/C=C/C(=O)NO)cc4)CC3)c(C#N)c2-c2ccc(C#N)c(F)c2)cc1O,7.045972062950616,2
COc1ccc(-c2cnc(N3CCC(N)(c4ccc(/C=C/C(=O)NO)cc4)CC3)c(C#N)c2-c2ccc(C#N)c(F)c2)cc1O,6.612304014151694,2
COc1ccc(-c2cnc(N3CCC(NC(C)(C)c4ccc(/C=C/C(=O)NO)cc4)CC3)c(C#N)c2-c2ccc(C#N)c(F)c2)cc1O,7.467883351982623,2
COc1ccc(-c2cnc(N3CCC(NC(C)c4ccc(/C=C/C(=O)NO)cc4)CC3)c(C#N)c2-c2ccc(C#N)c(F)c2)cc1O,7.471547574331764,2
COc1ccc(-c2cnc(N3CCC(NCC4CC=C(/C=C/C(=O)NO)CC4)CC3)c(C#N)c2-c2ccc(C#N)c(F)c2)cc1O,7.659379381312206,2
COc1ccc(-c2cnc(N3CCC(NCC4CCN(c5ccc(C(=O)NO)cc5)CC4)CC3)c(C#N)c2-c2ccc(C#N)c(F)c2)cc1O,7.08158485675556,2
COc1ccc(-c2cnc(N3CCC(NCCCc4ccc(C(=O)NO)cc4)CC3)c(C#N)c2-c2ccc(C#N)c(F)c2)cc1O,6.857469012032419,2
COc1ccc(-c2cnc(N3CCC(NCCCc4ncc(C(=O)NO)s4)CC3)c(C#N)c2-c2ccc(C#N)c(F)c2)cc1O,7.142081862417503,2
COc1ccc(-c2cnc(N3CCC(NCCNc4ncc(C(=O)NO)cn4)CC3)c(C#N)c2-c2ccc(C#N)c(F)c2)cc1O,7.554789490599543,2
COc1ccc(-c2cnc(N3CCC(NCCOc4ccc(C(=O)NO)cc4)CC3)c(C#N)c2-c2ccc(C#N)c(F)c2)cc1O,6.949539159839577,2
COc1ccc(-c2cnc(N3CCC(NCCc4ccc(/C=C/C(=O)NO)cc4)CC3)c(C#N)c2-c2ccc(C#N)c(F)c2)cc1O,7.150862711662816,2
COc1ccc(-c2cnc(N3CCC(NCCc4ccc(CC(=O)NO)cc4)CC3)c(C#N)c2-c2ccc(C#N)c(F)c2)cc1O,5.795796397829308,2
COc1ccc(-c2cnc(N3CCC(NCc4ccc(/C(C)=C/C(=O)NO)cc4)CC3)c(C#N)c2-c2ccc(C#N)c(F)c2)cc1O,7.949814727441218,2
COc1ccc(-c2cnc(N3CCC(NCc4ccc(/C=C(/F)C(=O)NO)cc4)CC3)c(C#N)c2-c2ccc(C#N)c(F)c2)cc1O,8.025207424336674,2
COc1ccc(-c2cnc(N3CCC(NCc4ccc(/C=C(/F)C(=O)NO)cc4)CC3)c(C#N)c2-c2ccc(C#N)nc2)cc1O,9.113509274827518,1
COc1ccc(-c2cnc(N3CCC(NCc4ccc(/C=C(/F)C(=O)NO)cc4)CC3)c(F)c2-c2ccc(C#N)nc2)cc1O,9.080921907623926,1
COc1ccc(-c2cnc(N3CCC(NCc4ccc(/C=C(\C)C(=O)NO)cc4)CC3)c(C#N)c2-c2ccc(C#N)c(F)c2)cc1O,6.637968616398542,2
COc1ccc(-c2cnc(N3CCC(NCc4ccc(/C=C(\C)C(=O)NO)nc4)CC3)c(C#N)c2-c2ccc(C#N)c(F)c2)cc1O,6.028260409112222,1
COc1ccc(-c2cnc(N3CCC(NCc4ccc(/C=C/C(=O)NO)c(C#N)c4)CC3)c(C#N)c2-c2ccc(C#N)c(F)c2)cc1O,7.578053623538691,2
COc1ccc(-c2cnc(N3CCC(NCc4ccc(/C=C/C(=O)NO)c(F)c4)CC3)c(C#N)c2-c2ccc(C#N)c(F)c2)cc1O,7.637509998634504,2
COc1ccc(-c2cnc(N3CCC(NCc4ccc(/C=C/C(=O)NO)c(F)c4)CC3)c(C#N)c2-c2ccc(C#N)nc2)cc1O,9.522878745280337,1
COc1ccc(-c2cnc(N3CCC(NCc4ccc(/C=C/C(=O)NO)c(OC)c4)CC3)c(C#N)c2-c2ccc(C#N)c(F)c2)cc1O,7.300076643643539,2
COc1ccc(-c2cnc(N3CCC(NCc4ccc(/C=C/C(=O)NO)c(OC)c4)CC3)c(C#N)c2-c2ccc(C#N)nc2)cc1O,9.229147988357855,1
COc1ccc(-c2cnc(N3CCC(NCc4ccc(/C=C/C(=O)NO)c5[nH]ncc45)CC3)c(C#N)c2-c2ccc(C#N)c(F)c2)cc1O,6.773302603193361,2
COc1ccc(-c2cnc(N3CCC(NCc4ccc(/C=C/C(=O)NO)cc4)C(C)C3)c(C#N)c2-c2ccc(C#N)c(F)c2)cc1O,7.795880017344075,1
COc1ccc(-c2cnc(N3CCC(NCc4ccc(/C=C/C(=O)NO)cc4)CC3)c(C#N)c2-c2ccc(C#N)c(F)c2)c(O)c1O,7.290167489663329,2
COc1ccc(-c2cnc(N3CCC(NCc4ccc(/C=C/C(=O)NO)cc4)CC3)c(C#N)c2-c2ccc(C#N)c(F)c2)cc1,7.614279756680044,2
COc1ccc(-c2cnc(N3CCC(NCc4ccc(/C=C/C(=O)NO)cc4)CC3)c(C#N)c2-c2ccc(C#N)c(F)c2)cc1F,6.837160086578287,2
COc1ccc(-c2cnc(N3CCC(NCc4ccc(/C=C/C(=O)NO)cc4)CC3)c(C#N)c2-c2ccc(C#N)c(F)c2)cc1O,7.580334601079444,8
COc1ccc(-c2cnc(N3CCC(NCc4ccc(/C=C/C(=O)NO)cc4)CC3)c(C#N)c2-c2ccc(C#N)c(O)c2)cc1O,7.918897084411495,2
COc1ccc(-c2cnc(N3CCC(NCc4ccc(/C=C/C(=O)NO)cc4)CC3)c(C#N)c2-c2ccc(C#N)cc2)cc1O,8.323908740944319,2
COc1ccc(-c2cnc(N3CCC(NCc4ccc(/C=C/C(=O)NO)cc4)CC3)c(C#N)c2-c2ccc(C#N)cc2F)cc1O,7.893506907631666,2
COc1ccc(-c2cnc(N3CCC(NCc4ccc(/C=C/C(=O)NO)cc4)CC3)c(C#N)c2-c2ccc(C#N)nc2)cc1O,8.610117661294064,4
COc1ccc(-c2cnc(N3CCC(NCc4ccc(/C=C/C(=O)NO)cc4)CC3)c(C#N)c2-c2ccc(C(N)=O)nc2)cc1O,9.602059991327963,1
COc1ccc(-c2cnc(N3CCC(NCc4ccc(/C=C/C(=O)NO)cc4)CC3)c(C#N)c2-c2ccc([N+](=O)[O-])cc2)cc1O,7.968333320524125,2
COc1ccc(-c2cnc(N3CCC(NCc4ccc(/C=C/C(=O)NO)cc4)CC3)c(C#N)c2-c2ccc([N+](=O)[O-])nc2)cc1O,9.207608310501746,1
COc1ccc(-c2cnc(N3CCC(NCc4ccc(/C=C/C(=O)NO)cc4)CC3)c(C#N)c2-c2cnc(C#N)c(C)c2)cc1O,9.060480747381382,1
COc1ccc(-c2cnc(N3CCC(NCc4ccc(/C=C/C(=O)NO)cc4)CC3)c(C#N)c2-c2cnc(C#N)c(F)c2)cc1O,9.065501548756432,1
COc1ccc(-c2cnc(N3CCC(NCc4ccc(/C=C/C(=O)NO)cc4)CC3)c(C#N)c2-c2cnc(C#N)c(OC)c2)cc1O,8.7594507517174,1
COc1ccc(-c2cnc(N3CCC(NCc4ccc(/C=C/C(=O)NO)cc4)CC3)c(C#N)c2-c2cnc(C#N)cn2)cc1O,9.585026652029182,1
COc1ccc(-c2cnc(N3CCC(NCc4ccc(/C=C/C(=O)NO)cc4)CC3)c(C#N)c2-c2cnc(C#N)nc2)cc1O,8.96657624451305,1
COc1ccc(-c2cnc(N3CCC(NCc4ccc(/C=C/C(=O)NO)cc4)CC3)c(C)c2-c2ccc(C#N)c(F)c2)cc1O,8.050856860705437,2
COc1ccc(-c2cnc(N3CCC(NCc4ccc(/C=C/C(=O)NO)cc4)CC3)c(C)c2-c2ccc(C#N)nc2)cc1O,9.387216143280265,1
COc1ccc(-c2cnc(N3CCC(NCc4ccc(/C=C/C(=O)NO)cc4)CC3)c(CC#N)c2-c2ccc(C#N)c(F)c2)cc1O,8.01422292327697,2
COc1ccc(-c2cnc(N3CCC(NCc4ccc(/C=C/C(=O)NO)cc4)CC3)c(CC#N)c2-c2ccc(C#N)nc2)cc1O,8.847711655616944,1
COc1ccc(-c2cnc(N3CCC(NCc4ccc(/C=C/C(=O)NO)cc4)CC3)c(F)c2-c2ccc(C#N)c(F)c2)cc1O,7.801351611635158,2
COc1ccc(-c2cnc(N3CCC(NCc4ccc(/C=C/C(=O)NO)cc4)CC3)c(F)c2-c2ccc(C#N)nc2)cc1O,9.568636235841012,1
COc1ccc(-c2cnc(N3CCC(NCc4ccc(/C=C/C(=O)NO)cc4)CC3)c(OC)c2-c2ccc(C#N)c(F)c2)cc1O,7.521431107677174,2
COc1ccc(-c2cnc(N3CCC(NCc4ccc(/C=C/C(=O)NO)cc4)CC3)c(OC)c2-c2ccc(C#N)nc2)cc1O,9.468521082957745,1
COc1ccc(-c2cnc(N3CCC(NCc4ccc(/C=C/C(=O)NO)cc4)CC3)cc2-c2ccc(C#N)c(F)c2)cc1O,7.303212398365206,2
COc1ccc(-c2cnc(N3CCC(NCc4ccc(/C=C/C(=O)NO)cc4)CC3)cc2-c2ccc(C#N)nc2)cc1O,9.522878745280337,1
COc1ccc(-c2cnc(N3CCC(NCc4ccc(/C=C/C(=O)NO)cc4)CC3)nc2-c2ccc(C#N)c(F)c2)cc1O,7.093543321678572,2
COc1ccc(-c2cnc(N3CCC(NCc4ccc(/C=C/C(=O)NO)cc4C)CC3)c(C#N)c2-c2ccc(C#N)c(F)c2)cc1O,7.883045273256109,2
COc1ccc(-c2cnc(N3CCC(NCc4ccc(/C=C/C(=O)NO)cc4Cl)CC3)c(C#N)c2-c2ccc(C#N)c(F)c2)cc1O,7.093834828631769,2
COc1ccc(-c2cnc(N3CCC(NCc4ccc(/C=C/C(=O)NO)cc4F)CC3)c(C#N)c2-c2ccc(C#N)c(F)c2)cc1O,7.43828653249779,2
COc1ccc(-c2cnc(N3CCC(NCc4ccc(/C=C/C(=O)NO)cc4F)CC3)c(C#N)c2-c2ccc(C#N)nc2)cc1O,8.987162775294827,1
COc1ccc(-c2cnc(N3CCC(NCc4ccc(/C=C/C(=O)NO)cc4F)CC3)c(F)c2-c2ccc(C#N)nc2)cc1O,9.031517051446064,1
COc1ccc(-c2cnc(N3CCC(NCc4ccc(/C=C/C(=O)NO)cc4F)CC3)c(OC)c2-c2ccc(C#N)nc2)cc1O,9.050609993355087,1
COc1ccc(-c2cnc(N3CCC(NCc4ccc(/C=C/C(=O)NO)cc4OC)CC3)c(C#N)c2-c2ccc(C#N)c(F)c2)cc1O,7.590208292468046,2
COc1ccc(-c2cnc(N3CCC(NCc4ccc(/C=C/C(=O)NO)cn4)CC3)c(C#N)c2-c2ccc(C#N)c(F)c2)cc1O,7.556754637413759,2
COc1ccc(-c2cnc(N3CCC(NCc4ccc(/C=C/C(=O)NO)nc4)CC3)c(CC#N)c2-c2ccc(C#N)c(F)c2)cc1O,9.602059991327963,1
COc1ccc(-c2cnc(N3CCC(NCc4ccc(/C=C/C(=O)NO)nc4)CC3)c(OC)c2-c2ccc(C#N)nc2)cc1O,9.795880017344075,1
COc1ccc(-c2cnc(N3CCC(NCc4ccc(/C=C/C(=O)NO)nn4)CC3)c(C#N)c2-c2ccc(C#N)c(F)c2)cc1O,7.782460230797753,2
COc1ccc(-c2cnc(N3CCC(NCc4ccc(/C=C/C(=O)NO)o4)CC3)c(C#N)c2-c2ccc(C#N)c(F)c2)cc1O,5.998432655479175,2
COc1ccc(-c2cnc(N3CCC(NCc4ccc(/C=C/C(=O)NO)s4)CC3)c(C#N)c2-c2ccc(C#N)c(F)c2)cc1O,6.837961710130257,2
COc1ccc(-c2cnc(N3CCC(NCc4ccc(/C=C/CC(=O)NO)cc4)CC3)c(C#N)c2-c2ccc(C#N)c(F)c2)cc1O,6.568934310343481,2
COc1ccc(-c2cnc(N3CCC(NCc4ccc(C#CC(=O)NO)cc4)CC3)c(C#N)c2-c2ccc(C#N)c(F)c2)cc1O,6.295128936522176,2
COc1ccc(-c2cnc(N3CCC(NCc4ccc(C(=O)NO)cc4)CC3)c(C#N)c2-c2ccc(C#N)c(F)c2)cc1O,5.928937973809292,2
COc1ccc(-c2cnc(N3CCC(NCc4ccc(C5CC5C(=O)NO)cc4)CC3)c(C#N)c2-c2ccc(C#N)c(F)c2)cc1O,6.870825053740338,2
COc1ccc(-c2cnc(N3CCC(NCc4ccc(CC(F)C(=O)NO)cc4)CC3)c(C#N)c2-c2ccc(C#N)c(F)c2)cc1O,8.032452023781138,1
COc1ccc(-c2cnc(N3CCC(NCc4ccc(CCC(=O)NO)c(C#N)c4)CC3)c(C#N)c2-c2ccc(C#N)c(F)c2)cc1O,7.302518636621885,2
COc1ccc(-c2cnc(N3CCC(NCc4ccc(CCC(=O)NO)c(F)c4)CC3)c(C#N)c2-c2ccc(C#N)c(F)c2)cc1O,7.235735755722471,2
COc1ccc(-c2cnc(N3CCC(NCc4ccc(CCC(=O)NO)cc4)CC3)c(C#N)c2-c2ccc(C#N)c(F)c2)cc1O,7.440405058969416,2
COc1ccc(-c2cnc(N3CCC(NCc4ccc(CCC(=O)NO)cc4)CC3)c(C)c2-c2ccc(C#N)c(F)c2)cc1O,7.648926958085603,2
COc1ccc(-c2cnc(N3CCC(NCc4ccc(CCC(=O)NO)cc4Cl)CC3)c(C#N)c2-c2ccc(C#N)c(F)c2)cc1O,7.920818753952375,1
COc1ccc(-c2cnc(N3CCC(NCc4ccc(CCC(=O)NO)nc4)CC3)c(C#N)c2-c2ccc(C#N)c(F)c2)cc1O,8.041878334767329,2
COc1ccc(-c2cnc(N3CCC(NCc4ccc(OC(C)C(=O)NO)cc4)CC3)c(C#N)c2-c2ccc(C#N)c(F)c2)cc1O,5.7211676147576815,2
COc1ccc(-c2cnc(N3CCC(NCc4ccc(OCC(=O)NO)c(OC)c4)CC3)c(C#N)c2-c2ccc(C#N)c(F)c2)cc1O,7.476362566307911,2
COc1ccc(-c2cnc(N3CCC(NCc4ccc(OCC(=O)NO)cc4)CC3)c(C#N)c2-c2ccc(C#N)c(F)c2)cc1O,7.900328140655303,2
COc1ccc(-c2cnc(N3CCC(NCc4ccc(SCC(=O)NO)cc4)CC3)c(C#N)c2-c2ccc(C#N)c(F)c2)cc1O,8.447331783887806,1
COc1ccc(-c2cnc(N3CCC(NCc4ccc5cc(C(=O)NO)sc5c4)CC3)c(C#N)c2-c2ccc(C#N)c(F)c2)cc1O,6.7924799213162785,2
COc1ccc(-c2cnc(N3CCC(NCc4ccc5sc(C(=O)NO)cc5c4)CC3)c(C#N)c2-c2ccc(C#N)c(F)c2)cc1O,6.770847303940991,2
COc1ccc(-c2cnc(N3CCC(NCc4cccc(/C=C/C(O)=N/O)c4)CC3)c(C#N)c2-c2ccc(C#N)c(F)c2)cc1O,6.500162921533929,2
COc1ccc(-c2cnc(N3CCC(NCc4cnc(/C=C/C(=O)NO)cc4Cl)CC3)c(C#N)c2-c2ccc(C#N)c(F)c2)cc1O,7.958607314841775,1
COc1ccc(-c2cnc(N3CCC(NCc4cnc(/C=C/C(=O)NO)cn4)CC3)c(C#N)c2-c2ccc(C#N)c(F)c2)cc1O,7.387345359137068,2
COc1ccc(-c2cnc(N3CCC(NCc4cnc(/C=C/C(=O)NO)nc4)CC3)c(C#N)c2-c2ccc(C#N)c(F)c2)cc1O,8.10015745454545,2
COc1ccc(-c2cnc(N3CCC(NCc4cnc(/C=C/C(=O)NO)nc4)CC3)c(C)c2-c2ccc(C#N)c(F)c2)cc1O,8.38857026064174,2
COc1ccc(-c2cnc(N3CCC(NCc4cnc(/C=C/C(=O)NO)s4)CC3)c(C#N)c2-c2ccc(C#N)c(F)c2)cc1O,7.330075608481181,2
COc1ccc(-c2cnc(N3CCC(NCc4cnc(CCC(=O)NO)nc4)CC3)c(C#N)c2-c2ccc(C#N)c(F)c2)cc1O,7.736397790506471,2
COc1ccc(-c2cnc(N3CCC(NCc4ncc(/C=C/C(=O)NO)cc4F)CC3)c(C#N)c2-c2ccc(C#N)c(F)c2)cc1O,8.0,1
COc1ccc(-c2cnc(N3CCC(NCc4ncc(/C=C/C(=O)NO)cn4)CC3)c(C#N)c2-c2ccc(C#N)c(F)c2)cc1O,6.697024421217564,2
COc1ccc(-c2cnc(N3CCC(NCc4ncc(/C=C/C(=O)NO)s4)CC3)c(C#N)c2-c2ccc(C#N)c(F)c2)cc1O,6.888823880376098,2
COc1ccc(-c2cnc(N3CCC(Nc4cccc(/C=C/C(=O)NO)c4)CC3)c(C#N)c2-c2ccc(C#N)c(F)c2)cc1O,6.035649765732502,2
COc1ccc(-c2cnc(N3CCC4(CC3)CN(Cc3ccc(/C=C/C(=O)NO)cc3)C4)c(C#N)c2-c2ccc(C#N)c(F)c2)cc1O,6.805762896184525,2
COc1ccc(-c2cnc(N3CCCC(NCc4ccc(/C=C/C(=O)NO)cc4)CC3)c(C#N)c2-c2ccc(C#N)c(F)c2)cc1O,8.103979344643959,2
COc1ccc(-c2cnc(NC(=O)CCCCCCNC(=O)C(O)(O)C(F)(F)F)s2)cc1,4.886056647693163,3
COc1ccc(-c2csc(C(=O)NOCCCCCC(=O)NO)n2)cc1,5.2403321553103694,3
COc1ccc(-c2csc(NC(=O)CCCCCCC(=O)c3ncco3)n2)cc1,7.522878745280337,1
COc1ccc(-c2nc(C(=O)N(CCN(C)C)Cc3ccc(C(=O)NO)cc3)cc3c2[nH]c2ccccc23)cc1,7.036212172654444,2
COc1ccc(-c2nc(C(=O)NCC(=O)NO)cc3c2[nH]c2ccccc23)cc1,5.51999305704285,1
COc1ccc(-c2nc(C(=O)NCCC(=O)NO)cc3c2[nH]c2ccccc23)cc1,5.882728704344236,1
COc1ccc(-c2nc(C(=O)NCCCC(=O)NO)cc3c2[nH]c2ccccc23)cc1,6.350182844054919,4
COc1ccc(-c2nc(C(=O)NCCCCC(=O)NO)cc3c2[nH]c2ccccc23)cc1,6.09151498112135,1
COc1ccc(-c2nc(C(=O)NCCCCCC(=O)NO)cc3c2[nH]c2ccccc23)cc1,5.931814138253838,1
COc1ccc(-c2nc(C(=O)NCCCCCCC(=O)NO)c3[nH]c(=O)n(-c4ccccc4OC)c3n2)cc1O,8.0,1
COc1ccc(-c2nc(C(=O)NCc3ccc(C(=O)NO)cc3)cc3c2[nH]c2ccccc23)cc1,6.0,1
COc1ccc(-c2nc(C(=O)NO)co2)cc1,4.292941059372404,3
COc1ccc(-c2nc(N3CCOCC3)c3nc(CN(C)c4ncc(C(=O)NO)cn4)n(C)c3n2)cc1,7.390954933036854,4
COc1ccc(-c2nc(N3CCOCC3)c3nc(CN(C)c4ncc(C(=O)NO)cn4)n(C)c3n2)cn1,7.051322740860911,4
COc1ccc(-c2nc(N3CCOCC3)c3sc(CN(C)c4ncc(C(=O)NO)cn4)cc3n2)cn1,7.247343543749727,16
COc1ccc(-c2nc(NC(=O)NCC(=O)NO)cc3c2[nH]c2ccccc23)cc1,5.649751981665837,1
COc1ccc(-c2nc(NC(=O)NCC(=O)NO)cc3c4ccccc4n(C)c23)cc1,5.500312917381596,1
COc1ccc(-c2nc(NC(=O)NCCC(=O)NO)cc3c2[nH]c2ccccc23)cc1,6.366531544420413,4
COc1ccc(-c2nc(NC(=O)NCCC(=O)NO)cc3c4ccccc4n(C)c23)cc1,5.876148359032914,1
COc1ccc(-c2nc(NC(=O)NCCCC(=O)NO)cc3c2[nH]c2ccccc23)cc1,6.739069071968309,4
COc1ccc(-c2nc(NC(=O)NCCCC(=O)NO)cc3c4ccccc4n(C)c23)cc1,6.256201314221147,4
COc1ccc(-c2nc(NC(=O)NCCCCC(=O)NO)cc3c2[nH]c2ccccc23)cc1,6.638210492164445,4
COc1ccc(-c2nc(NC(=O)NCCCCC(=O)NO)cc3c4ccccc4n(C)c23)cc1,6.065501548756432,1
COc1ccc(-c2nc(NC(=O)NCCCCCC(=O)NO)cc3c2[nH]c2ccccc23)cc1,6.086186147616283,1
COc1ccc(-c2nc(NC(=O)NCCCCCC(=O)NO)cc3c4ccccc4n(C)c23)cc1,5.978810700930062,1
COc1ccc(-c2nc(NCCCOc3ccc(/C=C/C(=O)NO)cc3OC)cc3c2[nH]c2ccccc23)cc1,6.0,1
COc1ccc(-c2nc(NCCOc3ccc(/C=C/C(=O)NO)cc3OC)cc3c2[nH]c2ccccc23)cc1,6.0,1
COc1ccc(-c2nc3cc(/C=C/C(=O)NO)ccc3n2CC(O)CO)cc1,6.581698708680256,7
COc1ccc(-c2nc3cc(/C=C/C(=O)NO)ccc3n2CCO)cc1,6.396855627379817,7
COc1ccc(-c2nc3ccccc3s2)cc1OCCCCCCC(=O)NO,4.812366490049307,3
COc1ccc(-c2ncc(/C=C/C(=O)NO)s2)c(OC)c1OC,5.933471854726556,4
COc1ccc(-c2ncc(/C=C/C(=O)NO)s2)cc1,5.791860460272931,4
COc1ccc(-c2ncc(/C=C/C(=O)Nc3ccccc3N)s2)c(OC)c1OC,6.200659450546418,1
COc1ccc(-c2ncc(/C=C/C(=O)Nc3ccccc3N)s2)cc1,6.1487416512809245,1
COc1ccc(-c2ncc(/C=C/C(=O)Nc3ccccc3N)s2)cc1OC,5.27199454442868,4
COc1ccc(-c2ncc(C(=O)NCCCC(=O)NO)s2)c(OC)c1,6.136677139879544,1
COc1ccc(-c2ncc(C(=O)NCCCCC(=O)NO)s2)c(OC)c1,6.161150909262744,1
COc1ccc(-c2ncc(C(=O)NCCCCCC(=O)NO)s2)c(OC)c1,5.14131963225852,4
COc1ccc(-c2ncc(C(=O)NCCCCCCC(=O)NO)[nH]2)c(OC)c1,5.40185647201925,4
COc1ccc(-c2ncc(C(=O)NCCCCCCC(=O)NO)s2)c(OC)c1,5.633080099011552,4
COc1ccc(-c2ncc(C(=O)NCCCCCCC(=O)NO)s2)cc1,6.1487416512809245,1
COc1ccc(-c2ncc(C(=O)NCc3ccc(C(=O)Nc4ccccc4N)cc3)[nH]2)cc1,5.0,1
COc1ccc(-c2nnc(CNC(=O)CN)o2)cc1,6.847711655616944,3
COc1ccc(-c2nnc(CNC(=O)[C@@H](C)N)o2)cc1,6.815308569182402,3
COc1ccc(-c2noc(CCCCCCC(=O)C(F)(F)F)n2)cc1,5.730487055782082,3
COc1ccc(-c2noc(CCCCCCC(=O)NO)n2)cc1,5.0,1
COc1ccc(-c2noc(CCCCCCC(=O)Nc3ccccc3N)n2)cc1,5.0,1
COc1ccc(-c2noc(CNCc3ccc(C(=O)NO)cc3)n2)cc1,6.0655015487564325,3
COc1ccc(-c2noc(CNCc3ccc(C(=O)Nc4ccccc4N)cc3)n2)cc1,5.0,1
COc1ccc(-c2sc(C(=O)N3CCC(NCc4ccc(/C=C/C(=O)NO)cc4)CC3)cc2-c2ccc(C#N)c(F)c2)cc1O,7.104224847486335,2
COc1ccc(-n2c(-c3cccc(/C=C/C(=O)NO)c3)nc3ccccc32)cc1,7.200659450546418,3
COc1ccc(/C=C(\C)C(=O)c2cc(OC)c(OC)c(OC)c2)cc1OCCCC(=O)NO,5.769551078621727,3
COc1ccc(/C=C(\C)C(=O)c2cc(OC)c(OC)c(OC)c2)cc1OCCCCCCCC(=O)NO,5.767355756799956,4
COc1ccc(/C=C/C(=O)NO)c(-c2ccc(-c3ccccc3)cc2)c1,7.567923982535409,18
COc1ccc(/C=C/C(=O)NO)c(-c2ccc(Br)cc2)c1,8.244125144327509,6
COc1ccc(/C=C/C(=O)NO)c(-c2ccc(C(=O)c3ccccc3)cc2)c1,7.378132715350676,3
COc1ccc(/C=C/C(=O)NO)c(-c2ccc(Oc3ccccc3)cc2)c1,6.7594507517174,3
COc1ccc(/C=C/C(=O)NO)c(-c2cccc3c2oc2ccccc23)c1,7.3205740015147285,3
COc1ccc(/C=C/C(=O)NO)c(-c2cccc3ccccc23)c1,7.107905397309519,3
COc1ccc(/C=C/C(=O)NO)c(-c2ccccc2)c1,7.141063457058145,3
COc1ccc(/C=C/C(=O)NO)cc1,6.42137932582354,6
COc1ccc(/C=C/C(=O)NO)cc1OCC(=O)Nc1cc(Br)cc(C(F)(F)F)c1,5.043831569524636,1
COc1ccc(/C=C/C(=O)NO)cc1OCC(=O)Nc1cc(C(F)(F)F)cc(C(F)(F)F)c1,5.308918507877031,1
COc1ccc(/C=C/C(=O)NO)cc1OCC(=O)Nc1ccc(Br)cc1,6.136677139879544,1
COc1ccc(/C=C/C(=O)NO)cc1OCC(=O)Nc1ccc(Cl)c(Cl)c1,5.863279432843593,1
COc1ccc(/C=C/C(=O)NO)cc1OCC(=O)Nc1ccc(F)c(Cl)c1,5.235077015350111,1
COc1ccc(/C=C/C(=O)NO)cc1OCC(=O)Nc1cccc(C(F)(F)F)c1,5.528708288941061,1
COc1ccc(/C=C/C(=O)NO)cc1OCC(=O)Nc1cccc(F)c1,5.55129368009492,1
COc1ccc(/C=C/C(=O)NO)cc1OCC(=O)Nc1ccccc1F,6.2441251443275085,1
COc1ccc(/C=C/C(=O)Nc2ccc(C)cc2N)cc1OCC(=O)Nc1cc(Br)cc(C(F)(F)F)c1,3.9042380405224995,1
COc1ccc(/C=C/C(=O)Nc2ccc(C)cc2N)cc1OCC(=O)Nc1cc(C(F)(F)F)cc(C(F)(F)F)c1,4.246340352714001,1
COc1ccc(/C=C/C(=O)Nc2ccc(C)cc2N)cc1OCC(=O)Nc1ccc(Br)cc1,4.2347786336950195,1
COc1ccc(/C=C/C(=O)Nc2ccc(C)cc2N)cc1OCC(=O)Nc1ccc(F)c(Cl)c1,4.504178246614094,1
COc1ccc(/C=C/C(=O)Nc2ccc(C)cc2N)cc1OCC(=O)Nc1cccc(F)c1,4.148619332034404,1
COc1ccc(/C=C/C(=O)Nc2ccc(C)cc2N)cc1OCC(=O)Nc1ccccc1F,4.530177984021837,1
COc1ccc(/C=C/C(=O)Nc2ccccc2N)cc1OCC(=O)Nc1ccc(F)c(Cl)c1,4.177047759452519,1
COc1ccc(/C=C/C(=O)Nc2ccccc2N)cc1OCC(=O)Nc1cccc(C(F)(F)F)c1,4.654430243943608,1
COc1ccc(/C=C/C(=O)Nc2ccccc2N)cc1OCC(=O)Nc1cccc(F)c1,4.619607839942972,1
COc1ccc(/C=C/C(=O)Nc2ccccc2N)cc1OCC(=O)Nc1ccccc1F,4.806875401645539,1
COc1ccc(/C=C/C(=O)OO)c(OCc2ccccc2)c1,6.686132779630847,3
COc1ccc(/C=C/C(=O)c2cc(OC)c(OC)c(OC)c2)cc1OCCCCCCC(=O)NO,5.777413295562573,4
COc1ccc(/C=C/C(=O)c2nnn(-c3ccc(Cl)cc3)c2C)cc1OC,7.327902142064282,3
COc1ccc(/C=C2\Oc3ccccc3C2=O)cc1OC,4.1487416512809245,1
COc1ccc(/C=C2\SC(=O)N(CCNC(=O)Nc3c(C)n(C)n(-c4ccccc4)c3=O)C2=O)cc1,6.286509456906058,3
COc1ccc(/C=C\c2cc(OC)c(OC)c(OC)c2)cc1/C=C/C(=O)Nc1ccccc1N,6.063563012649636,4
COc1ccc(/C=C\c2cc(OC)c(OC)c(OC)c2)cc1OCCCC(=O)NO,5.853871964321762,1
COc1ccc(/C=C\c2cc(OC)c(OC)c(OC)c2)cc1OCc1ccc(C(=O)NO)cc1,6.4089353929735005,1
COc1ccc(/C=N/NC(=O)CCCCCCCC(=O)NO)cc1,7.219538667138282,2
COc1ccc(C(=O)CCCCCCC(=O)NO)cc1,6.346787486224656,3
COc1ccc(C(=O)CCCCCCCC(=O)NO)cc1,7.823908740944319,3
COc1ccc(C(=O)CSc2nc(C)cc(O)n2)cc1,4.0,1
COc1ccc(C(=O)NC(=O)NC2CN3CCC2CC3)cc1,6.698970004336019,1
COc1ccc(C(=O)NO)cc1C(=O)Nc1ccc(Cl)cc1,7.409078206027613,6
COc1ccc(C(=O)NO)cc1C(=O)Nc1ccc2c(c1)cc(C)c(=O)n2C,7.187086643357144,3
COc1ccc(C(=O)NO)cc1C(=O)Nc1ccc2sccc2c1,7.0,3
COc1ccc(C(=O)NO)cc1C(=O)Nc1cccc(Cl)c1,6.552841968657781,3
COc1ccc(C(=O)NO)cc1CNc1ccc2c(c1)cc(C)c(=O)n2C,6.255707016877324,3
COc1ccc(C(=O)NO)cc1CS(=O)(=O)Nc1ccc2c(c1)cc(C)c(=O)n2C,6.801342913045577,3
COc1ccc(C(=O)NO)cc1NC(=O)Cc1ccccc1,6.290616963586449,3
COc1ccc(C(=O)NO)cc1NC(=O)c1ccc(-c2ccccc2)cc1,7.234985930072018,6
COc1ccc(C(=O)NO)cc1NC(=O)c1ccc(-c2ccccc2)cc1Cl,5.958607314841775,3
COc1ccc(C(=O)NO)cc1NC(=O)c1ccc(Cl)cc1,6.620150896740363,3
COc1ccc(C(=O)NO)cc1NC(=O)c1ccc(Cl)cc1Cl,6.261060983249557,3
COc1ccc(C(=O)NO)cc1NC(=O)c1ccc2[nH]c3c(c2c1)CN(C)CC3,6.537602002101044,1
COc1ccc(C(=O)NO)cc1NC(=O)c1ccc2[nH]c3c(c2c1)CN(C)CC3.Cl,6.537602002101044,2
COc1ccc(C(=O)NO)cc1NC(=O)c1cccc2c1/C(=N/O)c1ccccc1-2,6.823908740944319,3
COc1ccc(C(=O)NO)cc1NC(=O)c1cccc2c1oc1ccccc12,6.494850021680094,3
COc1ccc(C(=O)NO)cc1NC(=O)c1cccc2cccnc12,6.7447274948966935,3
COc1ccc(C(=O)NO)cc1NC(=O)c1ccccc1,7.054531973564898,3
COc1ccc(C(=O)NO)cc1NC(=O)c1ccccc1Cl,6.675498079348155,3
COc1ccc(C(=O)NO)cc1NC(C)c1ccc(Cl)cc1,6.619788758288394,3
COc1ccc(C(=O)NO)cc1NCCc1ccccc1,6.821023052706831,3
COc1ccc(C(=O)NO)cc1NCc1ccc(Cl)cc1,6.8326826652518236,3
COc1ccc(C(=O)NO)cc1NCc1ccc(OCCCCC(=O)Nc2ccc3c(c2)cc(C)c(=O)n3C)cc1,6.0195421077239,3
COc1ccc(C(=O)NO)cc1NCc1ccc(OCc2cn(CCCCCC(=O)Nc3cccc4c3C(=O)N(C3CCC(=O)NC3=O)C4=O)nn2)cc1,6.6020599913279625,6
COc1ccc(C(=O)NO)cc1NCc1ccc2ccccc2n1,6.317854923626168,3
COc1ccc(C(=O)NO)cc1NCc1cccc(Oc2ccccc2)c1,6.694648630553377,3
COc1ccc(C(=O)NO)cc1NCc1cccc2c1oc1ccccc12,6.0655015487564325,3
COc1ccc(C(=O)NO)cc1NCc1ccccc1,7.158026434624244,6
COc1ccc(C(=O)NO)cc1OCc1ccc(C(=O)NCCCCCCCCNc2cccc3c2C(=O)N(C2CCC(=O)NC2=O)C3=O)cc1,5.795880017344075,3
COc1ccc(C(=O)NO)cc1OCc1ccc(Cl)cc1,6.7423214251308154,3
COc1ccc(C(=O)NO)cc1OCc1ccc(Cl)cc1Cl,6.075720713938118,3
COc1ccc(C(=O)NO)cc1OCc1ccccc1,7.594816943985859,6
COc1ccc(C(=O)NO)cc1OCc1ccccc1Cl,6.920818753952375,3
COc1ccc(C(=O)NO)cc1S(=O)(=O)Nc1ccc(C)cc1,7.701879874604319,3
COc1ccc(C(=O)NO)cc1S(=O)(=O)Nc1ccc2c(c1)cc(C)c(=O)n2C,6.3535962737769305,3
COc1ccc(C(=O)N[C@@H](Cc2c[nH]c3ccccc23)C(=O)NCCCCCC(=O)Nc2cc(-c3cccs3)ccc2N)cc1,4.0,1
COc1ccc(C(=O)N[C@@H](Cc2c[nH]c3ccccc23)C(=O)NCCCCCC(=O)Nc2ccc(F)cc2N)cc1,4.0,1
COc1ccc(C(=O)N[C@H](COc2cccc(/C=C/C(=O)NO)c2)Cc2c[nH]c3ccccc23)cc1,6.718966632752272,1
COc1ccc(C(=O)Nc2cc(-c3cccs3)ccc2N)cc1,4.698970004336019,2
COc1ccc(C(=O)Nc2cc(C(=O)NO)ccc2Cl)cc1,6.627579141599921,3
COc1ccc(C(=O)Nc2cc(C(=O)NO)ccc2OC)cc1,7.113133506241868,3
COc1ccc(C(=O)Nc2ccc(NC(=O)Nc3ccccc3N)cc2)cc1,5.818156412055227,1
COc1ccc(C(=O)Nc2ccccc2N)cc1,4.698970004336019,1
COc1ccc(C(=O)On2nnc3ccccc32)cc1,4.13608262304214,1
COc1ccc(C(=O)c2cc(OC)c(OC)c(OC)c2)cc1OCC(=O)NO,6.6020599913279625,1
COc1ccc(C(=O)c2ccc3c(ccn3Cc3ccc(/C=C/C(=O)NO)cc3)c2)cc1,5.551293680094919,3
COc1ccc(C(=O)c2ccc3c(ccn3Cc3ccc(C(=O)NO)cc3)c2)cc1,6.189767482004915,3
COc1ccc(C(=O)c2ccc3c(ccn3Cc3ccc(C(=O)NO)cc3)c2)cc1OC,6.121478204498794,3
COc1ccc(C(=O)c2ccc3c(ccn3S(=O)(=O)c3ccc(/C=C/C(=O)NO)cc3)c2)cc1,5.0,3
COc1ccc(C(=O)c2ccc3c(ccn3S(=O)(=O)c3cccc(/C=C/C(=O)NO)c3)c2)cc1,6.090443970758824,3
COc1ccc(C(=O)c2ccc3c(ccn3S(=O)(=O)c3cccc(/C=C/C(=O)NO)c3)c2)cc1OC,5.847711655616944,3
COc1ccc(C(C)=O)cc1NC(=O)c1cc(C(=O)NO)ccc1C,7.045757490560675,3
COc1ccc(C(C)=O)cc1NC(=O)c1cc(C(=O)NO)ccc1Cl,7.045757490560675,3
COc1ccc(C/C(=N\O)C(=O)NCCSSCCNC(=O)/C(Cc2ccc(OC)c(O)c2)=N/O)cc1O,7.522878745280337,2
COc1ccc(C/C(=N\O)C(=O)NCCSSCCNC(=O)/C(Cc2ccc(OC)cc2)=N/O)cc1,6.920818753952375,2
COc1ccc(C2=C(C3C=NC(C#N)=CC3)C(C#N)C(N3CCC(NCc4ccc(/C=C/C(=O)NO)cc4)CC3)C=C2)cc1O,8.714442690992227,1
COc1ccc(C2=C(c3ccc(C#N)c(F)c3)N=C(N3CCC(NCc4ccc(/C=C/C(=O)NO)cc4)CC3)N3C=CNC23)cc1O,7.34926796342835,2
COc1ccc(C2=CN=C(N3CCC(NC(=O)CCCCCCC(=O)NO)CC3)C(C#N)C2c2ccc(C#N)c(F)c2)cc1O,6.81725600755455,2
COc1ccc(C2=CN=C(N3CCC(Nc4ncc(C(=O)NO)cn4)CC3)C(C#N)C2c2ccc(C#N)c(F)c2)cc1O,6.392827143647709,2
COc1ccc(C2CC(=O)N(CCCCCC(=O)NO)c3ccccc3S2(=O)=O)cc1,6.939302159646388,1
COc1ccc(C2CC(=O)N(CCCCCC(=O)NO)c3ccccc3S2)cc1,6.928117992693874,1
COc1ccc(C2c3ccccc3CCN2CCC(=O)NO)cc1,7.086186147616284,3
COc1ccc(CC(=O)N[C@@H](CCC(=O)O)C(=O)NCc2ccccc2)cc1,5.42021640338319,3
COc1ccc(CC2C=Cc3cc(C(=O)NO)ccc32)cc1,7.739941771811945,3
COc1ccc(CCCn2cccc(/C=C/C(=O)NO)c2=O)cc1,6.853871964321762,1
COc1ccc(CCn2c(=O)c3ccccc3n(Cc3ccc(C(=O)NO)cc3)c2=O)cc1,5.939302159646388,3
COc1ccc(CCn2cc3ccc(C(=O)NO)cc3n2)cc1,5.9582126810282485,1
COc1ccc(CN2CCC(Nc3nc(Nc4ccc(NC(=O)CCCCCCC(=O)NO)cc4)nc4cc(OC)c(OC)cc34)CC2)cc1,5.899629454882437,3
COc1ccc(CN2CCC=C(CCC(=O)NO)C2=O)c(OC)c1,6.301029995663981,2
COc1ccc(CN2CCC=C(CCC(=O)NO)C2=O)cc1,6.356547323513812,1
COc1ccc(CNC(=O)CN(CCCCCC(=O)Nc2ccccc2N)C(=O)c2cc(C)cc(C)c2)cc1,5.385040109119172,2
COc1ccc(CNC(=O)[C@H](CCC(=O)O)NC(=O)Cc2ccc(Br)cc2)cc1,5.404326617932589,4
COc1ccc(CNC(=O)[C@H](N)Cc2ccc(Cl)cc2Cl)cc1,4.779891911959945,1
COc1ccc(CNC(=O)[C@H](N)Cc2ccc(Cl)cc2Cl)cc1.Cl,4.779891911959945,2
COc1ccc(CNC(=O)c2cc(C(=O)Nc3ccccc3N)ccc2N2CCOCC2)cc1O,5.648977147415876,3
COc1ccc(CNC(=O)c2cc(F)ccc2N2CCOCC2)cc1/C=C/C(=O)NO,5.673664139071249,3
COc1ccc(CNC(=O)c2cc(F)ccc2N2CCOCC2)cc1OCC(=O)NO,4.782279232469181,3
COc1ccc(CNC(=O)c2cn(CCCCC(=O)NO)c3ccc(F)cc3c2=O)cc1,6.481486060122112,1
COc1ccc(CNC(=O)c2cn(CCCCC(=O)NO)c3ccccc3c2=O)cc1,6.3872161432802645,1
COc1ccc(CNC(=S)SC[C@H](NC(C)=O)C(=O)O)cc1,2.5316526695878423,1
COc1ccc(CNCCCCCCC(=O)NO)cc1OC,5.7447274948966935,3
COc1ccc(CNCc2ccc(/C=C/C(=O)NO)cc2)c(OC)c1,6.58838029403677,1
COc1ccc(CNCc2ccc(/C=C/C(=O)NO)cc2)cc1,6.709965388637482,1
COc1ccc(CNCc2ccc(/C=C/C(=O)NO)cc2)cc1OC,6.430626090384954,1
COc1ccc(CNc2nc(N)nc3c2ccn3Cc2ccc(C(=O)Nc3ccccc3N)cc2)cc1,5.0,1
COc1ccc(COC(CCCCCC(=O)NO)C(=O)Nc2ccccc2)cc1,6.480172006224282,3
COc1ccc(COc2cc(OC)ccc2/C=C/C(=O)NO)cc1,6.401209493236885,3
COc1ccc(COc2cccc3ccc(C(=O)NCCCCCC(=O)NO)nc23)cc1,6.896196279044043,1
COc1ccc(COc2cccc3ccc(C(=O)NCc4ccc(C(=O)NO)cc4)nc23)cc1,6.193608071640132,2
COc1ccc(CS(=O)(=O)Nc2ccc(/C=C\C(=O)NO)cc2)cc1,7.221848749616356,3
COc1ccc(CS(=O)(=O)Nc2ccc(/C=C\C(=O)NO)cc2)cc1OC,7.045757490560675,3
COc1ccc(Cn2c(SCc3ccc(/C=C/C(=O)NO)cc3)nc3ccccc32)cc1,6.958607314841775,1
COc1ccc(Cn2cc3ccc(C(=O)NO)cc3n2)cc1,6.116338564846382,1
COc1ccc(Cn2ccc3cc(C(=O)NO)ccc32)cc1,7.036212172654444,3
COc1ccc(Cn2ccc3ccc(-c4nn[nH]n4)cc32)cc1,3.0,1
COc1ccc(Cn2ccc3ccc(-c4noc(=O)[nH]4)cc32)cc1,3.853871964321762,2
COc1ccc(Cn2ccc3ccc(-c4noc(=S)[nH]4)cc32)cc1,3.481486060122113,2
COc1ccc(Cn2ccc3ccc(-c4noc(C(F)(F)F)n4)cc32)cc1,3.0,1
COc1ccc(Cn2ccc3ccc(/C(N)=N/O)cc32)cc1,3.4685210829577446,2
COc1ccc(Cn2ccc3ccc(C(=O)C(F)(F)F)cc32)cc1,3.2441251443275085,2
COc1ccc(Cn2ccc3ccc(C(=O)N/N=C\c4ccccc4O)cc32)cc1,3.0,1
COc1ccc(Cn2ccc3ccc(C(=O)NCC(C)O)cc32)cc1,3.0506099933550876,2
COc1ccc(Cn2ccc3ccc(C(=O)NCCO)cc32)cc1,3.769551078621726,2
COc1ccc(Cn2ccc3ccc(C(=O)NO)cc32)cc1,7.248382453756543,104
COc1ccc(Cn2ccc3ccc(C(=O)NS(=O)(=O)N(C)C)cc32)cc1,3.4948500216800937,2
COc1ccc(Cn2ccc3ccc(C(=O)NS(C)(=O)=O)cc32)cc1,3.0,1
COc1ccc(Cn2ccc3ccc(C(=O)Nc4ccccc4N)cc32)cc1,3.8239087409443187,2
COc1ccc(Cn2ccc3ccc(C(=O)Nc4ccccc4O)cc32)cc1,3.6575773191777934,2
COc1ccc(Cn2ccc3ccc(C(=O)Nc4ccccc4SC)cc32)cc1,3.443697499232713,2
COc1ccc(Cn2ccc3ccc(C(=O)c4cc(C)on4)cc32)cc1,3.6989700043360187,2
COc1ccc(Cn2ccc3ccc(C(=O)c4nccs4)cc32)cc1,3.6777807052660805,2
COc1ccc(Cn2ccc3ccc(CC(=O)NO)cc32)cc1,5.309803919971486,3
COc1ccc(Cn2ccc3ccc(NC(=O)c4ccccc4N)cc32)cc1,3.886056647693163,2
COc1ccc(Cn2ccc3ccc(NC(=O)c4ccccc4O)cc32)cc1,3.443697499232713,2
COc1ccc(Cn2ccc3ccc(NC(=O)c4ccccc4SC)cc32)cc1,3.4685210829577446,2
COc1ccc(Cn2ccc3ccc(NC(=O)c4ccccn4)cc32)cc1,3.309803919971486,2
COc1ccc(Cn2cccc(/C=C/C(=O)NO)c2=O)cc1,6.42021640338319,1
COc1ccc(F)c(-c2ccc3c(NC(=O)CCCCCCC(=O)NO)n[nH]c3c2)c1,8.309803919971486,3
COc1ccc(N(C)c2cc(C#N)nc3ccccc23)cc1/C=C/C(=O)NO,6.823908740944319,3
COc1ccc(N(C)c2nc(C)nc3ccccc23)cc1/C=C/C(=O)NO,6.552841968657781,3
COc1ccc(N(C)c2nc(C)nc3ccccc23)cc1OC(C(=O)NO)C(C)C,5.301029995663981,1
COc1ccc(N(C)c2nc(C)nc3ccccc23)cc1OCC(=O)NO,6.0,1
COc1ccc(N(C)c2nc(C)nc3ccccc23)cc1OCCCC(=O)NO,5.468776625466973,3
COc1ccc(N(C)c2nc(C)nc3ccccc23)cc1OCCCCC(=O)NO,5.284916329305073,3
COc1ccc(N(C)c2nc(C)nc3ccccc23)cc1OCCCCCC(=O)NO,5.81502480930174,3
COc1ccc(N)c(NC(=O)c2ccc(CNC(=O)OCc3cccnc3)cc2)c1,5.337242168318426,4
COc1ccc(N2CCN(S(=O)(=O)c3cccc(/C=C/C(=O)NO)c3)CC2)cc1,6.673664139071249,1
COc1ccc(NC(=O)C(Cc2c[nH]c3ccccc23)NC(=O)c2ccc(/C=C/C(=O)NO)cc2)cc1,7.045757490560675,1
COc1ccc(NC(=O)CCCCCC(=O)Nc2ccccc2)c(OC)c1,3.4122890349810886,2
COc1ccc(NC(=O)CCCCCC(=O)Nc2ccccc2)cc1,3.3585258894959003,2
COc1ccc(NC(=O)CCCCCCC(=O)NO)cc1,6.554395796726403,1
COc1ccc(NC(=O)CCCCCCNC(=O)C(O)(O)C(F)(F)F)cc1,4.292429823902063,3
COc1ccc(NC(=O)COc2cc(/C=C/C(=O)NO)ccc2OC)cc1,6.026872146400301,1
COc1ccc(NC(=O)COc2cc(/C=C/C(=O)Nc3ccc(C)cc3N)ccc2OC)cc1,3.783543785084258,1
COc1ccc(NC(=O)COc2cc(/C=C/C(=O)Nc3ccccc3N)ccc2OC)cc1,4.30715308072277,1
COc1ccc(NC(=O)COc2ccc(/C=C/C(=O)NO)cc2OC)cc1,4.966576244513051,1
COc1ccc(NC(=O)COc2ccc(/C=C/C(=O)Nc3ccc(C)cc3N)cc2OC)cc1,3.928117992693875,1
COc1ccc(NC(=O)COc2ccc(/C=C/C(=O)Nc3ccccc3N)cc2OC)cc1,5.048176964684088,1
COc1ccc(NC(=O)COc2ccc3cc(/C=C4/SC(=O)NC4=O)ccc3c2)cc1,4.301029995663981,1
COc1ccc(NC(=O)NOCc2ccc(/C=C/C(=O)NO)cc2)cc1,6.276964532149497,2
COc1ccc(NC(=O)[C@@H](NC(=O)c2ccc(C(=O)NO)cc2)c2c[nH]c3ccccc23)cc1,6.384049948343598,1
COc1ccc(NC(=O)[C@@H]2Cc3ccc(OCC(=O)NO)cc3CN2)cc1,5.2541448048262716,1
COc1ccc(NC(=O)[C@@H]2Cc3ccc(OCC(=O)NO)cc3CN2)cc1.Cl,5.2541448048262716,2
COc1ccc(NC(=O)[C@@H]2Cc3ccc(OCC(=O)NO)cc3CN2C(=O)CCCc2ccccc2)cc1,6.943095148663527,3
COc1ccc(NC(=O)[C@@H]2Cc3ccc(OCC(=O)NO)cc3CN2C(=O)CCc2ccccc2)cc1,6.2992962828549794,3
COc1ccc(NC(=O)[C@@H]2Cc3ccc(OCC(=O)NO)cc3CN2C(=O)CN)cc1,5.669586226650809,1
COc1ccc(NC(=O)[C@@H]2Cc3ccc(OCC(=O)NO)cc3CN2C(=O)CN)cc1.Cl,5.669586226650809,2
COc1ccc(NC(=O)[C@@H]2Cc3ccc(OCC(=O)NO)cc3CN2C(=O)CNC(=O)OC(C)(C)C)cc1,6.289036881004724,3
COc1ccc(NC(=O)[C@@H]2Cc3ccc(OCC(=O)NO)cc3CN2C(=O)Cc2ccccc2)cc1,6.85078088734462,3
COc1ccc(NC(=O)[C@@H]2Cc3ccc(OCC(=O)NO)cc3CN2C(=O)OC(C)(C)C)cc1,6.0,3
COc1ccc(NC(=O)[C@@H]2Cc3ccc(OCC(=O)NO)cc3CN2C(=O)[C@@H](N)C(C)C)cc1,5.991399828238082,1
COc1ccc(NC(=O)[C@@H]2Cc3ccc(OCC(=O)NO)cc3CN2C(=O)[C@@H](N)C(C)C)cc1.Cl,5.991399828238082,2
COc1ccc(NC(=O)[C@@H]2Cc3ccc(OCC(=O)NO)cc3CN2C(=O)[C@@H](N)CC(C)C)cc1,6.170696227168975,1
COc1ccc(NC(=O)[C@@H]2Cc3ccc(OCC(=O)NO)cc3CN2C(=O)[C@@H](N)CC(C)C)cc1.Cl,6.170696227168975,2
COc1ccc(NC(=O)[C@@H]2Cc3ccc(OCC(=O)NO)cc3CN2C(=O)[C@@H](N)Cc2ccc(O)cc2)cc1,6.1979107421182675,1
COc1ccc(NC(=O)[C@@H]2Cc3ccc(OCC(=O)NO)cc3CN2C(=O)[C@@H](N)Cc2ccc(O)cc2)cc1.Cl,6.1979107421182675,2
COc1ccc(NC(=O)[C@@H]2Cc3ccc(OCC(=O)NO)cc3CN2C(=O)[C@@H](N)Cc2ccccc2)cc1,6.434152181326482,1
COc1ccc(NC(=O)[C@@H]2Cc3ccc(OCC(=O)NO)cc3CN2C(=O)[C@@H](N)Cc2ccccc2)cc1.Cl,6.434152181326482,2
COc1ccc(NC(=O)[C@@H]2Cc3ccc(OCC(=O)NO)cc3CN2C(=O)[C@@H](NC(=O)OC(C)(C)C)C(C)C)cc1,6.982966660701219,3
COc1ccc(NC(=O)[C@@H]2Cc3ccc(OCC(=O)NO)cc3CN2C(=O)[C@@H]2CCCN2)cc1,6.317854923626168,1
COc1ccc(NC(=O)[C@@H]2Cc3ccc(OCC(=O)NO)cc3CN2C(=O)[C@@H]2CCCN2)cc1.Cl,6.317854923626168,2
COc1ccc(NC(=O)[C@@H]2Cc3ccc(OCC(=O)NO)cc3CN2C(=O)[C@@H]2CCCN2C(=O)OC(C)(C)C)cc1,6.673664139071249,3
COc1ccc(NC(=O)[C@@H]2Cc3ccc(OCC(=O)NO)cc3CN2C(=O)[C@H](C)N)cc1,5.892790030352131,1
COc1ccc(NC(=O)[C@@H]2Cc3ccc(OCC(=O)NO)cc3CN2C(=O)[C@H](C)N)cc1.Cl,5.892790030352131,2
COc1ccc(NC(=O)[C@@H]2Cc3ccc(OCC(=O)NO)cc3CN2C(=O)[C@H](C)NC(=O)OC(C)(C)C)cc1,6.739928612014925,3
COc1ccc(NC(=O)[C@@H]2Cc3ccc(OCC(=O)NO)cc3CN2C(=O)[C@H](CC(C)C)NC(=O)OC(C)(C)C)cc1,6.787812395596042,3
COc1ccc(NC(=O)[C@@H]2Cc3ccc(OCC(=O)NO)cc3CN2C(=O)[C@H](Cc2ccc(O)cc2)NC(=O)OC(C)(C)C)cc1,6.756961951313706,3
COc1ccc(NC(=O)[C@@H]2Cc3ccc(OCC(=O)NO)cc3CN2C(=O)[C@H](Cc2ccccc2)NC(=O)OC(C)(C)C)cc1,6.987162775294828,3
COc1ccc(NC(=O)[C@@H]2Cc3ccc(OCC(=O)NO)cc3CN2C(=O)c2ccccc2)cc1,6.785156151952303,3
COc1ccc(NC(=O)[C@@H]2Cc3ccc(OCC(=O)NO)cc3CN2CCCc2ccccc2)cc1,5.764471553092451,3
COc1ccc(NC(=O)[C@@H]2Cc3ccc(OCC(=O)NO)cc3CN2CCc2ccccc2)cc1,5.991399828238083,3
COc1ccc(NC(=O)[C@@H]2Cc3ccc(OCC(=O)NO)cc3CN2Cc2ccccc2)cc1,5.71669877129645,3
COc1ccc(NC(=O)[C@H](Cc2c[nH]c3ccccc23)NC(=O)/C=C/c2ccc(C(=O)NO)cc2)cc1,7.443697499232712,1
COc1ccc(NC(=O)[C@H](Cc2ccc(OCC(=O)NO)cc2)NC(=O)CCCc2ccccc2)cc1,7.0655015487564325,3
COc1ccc(NC(=O)[C@H](Cc2ccc(OCC(=O)NO)cc2)NC(=O)CCc2ccccc2)cc1,7.045757490560675,3
COc1ccc(NC(=O)[C@H](Cc2ccc(OCC(=O)NO)cc2)NC(=O)Cc2ccccc2)cc1,7.200659450546418,3
COc1ccc(NC(=O)[C@H](Cc2ccc(OCC(=O)NO)cc2)NC(=O)OCc2ccccc2)cc1,6.920818753952375,3
COc1ccc(NC(=O)[C@H](Cc2ccc(OCC(=O)NO)cc2)NC(=O)c2ccccc2)cc1,7.060480747381381,3
COc1ccc(NC(=O)[C@H](Cc2ccc(OCC(=O)NO)cc2)NCCCc2ccccc2)cc1,6.035269078946371,3
COc1ccc(NC(=O)[C@H](Cc2ccc(OCC(=O)NO)cc2)NCCc2ccccc2)cc1,6.180456064458131,3
COc1ccc(NC(=O)[C@H](Cc2ccc(OCC(=O)NO)cc2)NCc2ccccc2)cc1,5.928117992693874,3
COc1ccc(NC(=O)[C@H](N)Cc2ccc(Cl)cc2Cl)cc1,5.573488738635424,1
COc1ccc(NC(=O)[C@H](N)Cc2ccc(Cl)cc2Cl)cc1.Cl,5.573488738635424,2
COc1ccc(NC(=O)c2cc(C(=O)NO)ccc2OC)cc1,6.568636235841012,3
COc1ccc(NC(=O)c2ccc(CNC(=O)OCc3cccnc3)cc2)c(N)c1,4.356547323513812,4
COc1ccc(NC(=O)c2ccc(CNc3nccc(-c4cccnc4)n3)cc2)c(N)c1,4.698970004336019,1
COc1ccc(NC(=O)c2cccc(COc3ccccc3)n2)cc1C(=O)NO,5.455931955649724,3
COc1ccc(NC(=O)c2cn(CCCCC(=O)NO)c3ccc(F)cc3c2=O)cc1,7.552841968657781,1
COc1ccc(NC(=O)c2cn(CCCCC(=O)NO)c3ccc(F)cc3c2=O)cc1OC,6.638272163982407,1
COc1ccc(NC(=O)c2cn(CCCCC(=O)NO)c3ccc(OC)cc3c2=O)cc1,7.1249387366083,1
COc1ccc(NC(=O)c2cn(CCCCC(=O)NO)c3ccccc3c2=O)cc1,7.4089353929735005,1
COc1ccc(NCc2ccc(-c3noc(C(F)(F)F)n3)cn2)cn1,5.4685210829577455,3
COc1ccc(NS(=O)(=O)c2cccc(/C=C/C(=O)NO)c2)cc1,7.886056647693163,1
COc1ccc(NS(=O)(=O)c2cccc(/C=C/C(=O)NO)c2)cc1OC,7.638272163982407,1
COc1ccc(Nc2nc(C)nc3ccccc23)cc1OCCCC(=O)NO,6.0,1
COc1ccc(Nc2nc(Nc3cnn(CCCCCCC(=O)NO)c3)ncc2Cl)cc1,8.522878745280337,1
COc1ccc(O)c(C(=O)NCCCC[C@H](NC(=O)c2cncs2)c2ncc(-c3ccc4ccccc4c3)[nH]2)c1,4.346787486224656,1
COc1ccc(OC)c(CNCc2ccc(/C=C/C(=O)NO)cc2)c1,6.534617148551582,1
COc1ccc(OCCCCOc2cc(OC)ccc2/C=C/C(=O)NO)cc1,6.455400816597425,6
COc1ccc(OCCCOc2cc(OC)ccc2/C=C/C(=O)NO)cc1,6.950781977329818,3
COc1ccc(OCCOc2cc(OC)ccc2/C=C/C(=O)NO)cc1,6.718966632752273,3
COc1ccc(OCOc2cc(OC)ccc2/C=C/C(=O)NO)cc1,7.08350368177035,6
COc1ccc(OCc2ccc(-c3noc(C(F)(F)F)n3)c(F)c2)nc1,5.795880017344075,3
COc1ccc(Oc2ccc3nc(/C=C/C(=O)NO)ccc3c2)cc1,5.110698297493689,3
COc1ccc(S(=O)(=O)N2CCC(CCCC(=O)NO)CC2)cc1OC,6.498940737782249,1
COc1ccc(S(=O)(=O)N2CCN(c3ncc(/C=C/C(=O)NO)s3)CC2)cc1OC,6.795880017344075,1
COc1ccc(S(=O)(=O)N2CCN(c3ncc(C(=O)NO)s3)CC2)cc1OC,7.154901959985743,1
COc1ccc(S(=O)(=O)NC2CCc3ccc(C(=O)NO)cc3C2)cc1OC,6.4089353929735005,3
COc1ccc(S(=O)(=O)NC2CNc3ccc(C(=O)NO)cc3C2)cc1OC,5.913640169325252,3
COc1ccc(S(=O)(=O)Nc2ccc(/C=C(C)/C=C/C(=O)NO)cc2)cc1,7.130768280269024,1
COc1ccc(S(=O)(=O)Nc2ccc(/C=C/C=C/C(=O)NO)cc2)cc1,4.982966660701219,1
COc1ccc(S(=O)(=O)Nc2ccccc2CCc2ccc(C(=O)Nc3cc(F)ccc3N)cc2)cc1,5.0,1
COc1ccc(S(=O)(=O)Nc2ccccc2CCc2ccc(C(=O)Nc3ccccc3N)cc2)cc1,5.0,1
COc1ccc(S(=O)(=O)Nc2ccccc2NCc2ccc(C(=O)Nc3ccccc3N)cc2)cc1,5.0,1
COc1ccc(S(=O)(=O)Nc2ccccc2OCc2ccc(C(=O)Nc3ccccc3N)cc2)cc1,5.0,1
COc1ccc(SCc2ccc(C(=O)Nc3ccccc3N)cc2)cc1,4.494850021680094,1
COc1ccc([C@H]2[C@H](COC(=O)CCC(=O)NO)C(=O)N2c2cc(OC)c(OC)c(OC)c2)cc1O,6.5406075122407685,3
COc1ccc([C@H]2[C@H](COC(=O)c3ccc(C(=O)NO)cc3)C(=O)N2c2cc(OC)c(OC)c(OC)c2)cc1O,6.752026733638193,3
COc1ccc([S+]([O-])C/C=C/C=C/C(=O)NO)cc1,5.267606240177031,1
COc1ccc2[nH]c(C)c(CC(=O)N[C@@H](CCCCCC(=O)NO)C(=O)NCCc3c(-c4ccccc4)[nH]c4ccccc34)c2c1,6.698970004336019,3
COc1ccc2[nH]c(C)c(CC(=O)N[C@@H](CCCCCC(C)=O)c3nc4ccc(Cl)cc4[nH]3)c2c1,5.0,1
COc1ccc2[nH]c(C)c(CC(=O)N[C@@H](CCCCCC(C)=O)c3ncc(-c4ccccc4)[nH]3)c2c1,7.150514997831991,2
COc1ccc2[nH]c(C)c(CC(=O)N[C@@H](CCCCCC(N)=O)c3ncc(-c4ccc5ccccc5c4)[nH]3)c2c1,5.301029995663981,1
COc1ccc2[nH]cc(CCN(Cc3ccc(C(=O)NO)cc3)C(=O)/C=C/c3ccc(O)c(OC)c3)c2c1,5.44745566599267,6
COc1ccc2[nH]cc(CCNCc3ccc(/C=C/C(=O)NO)cc3)c2c1,7.853871964321762,1
COc1ccc2[nH]cc(Cn3cc(COc4ccc(/C=C/C(=O)NO)cc4OC)nn3)c2c1,6.42021640338319,3
COc1ccc2c(=O)n(-c3ccccc3Cl)c(SCc3ccc(C(=O)Nc4ccccc4N)cc3)nc2c1,6.080921907623926,1
COc1ccc2c(=O)n(C)c(SCc3ccc(C(=O)Nc4ccccc4N)cc3)nc2c1,6.004364805402449,1
COc1ccc2c(=O)n(CCc3ccccc3)c(=O)n(Cc3ccc(C(=O)NO)cc3)c2c1,6.13608262304214,6
COc1ccc2c(C(=O)c3cc(OC)c(OC)c(OC)c3)cn(Cc3ccc(C(=O)NO)cc3)c2c1,6.4089353929735005,3
COc1ccc2c(C(=O)c3cc(OC)c(OC)c(OC)c3)cn(S(=O)(=O)c3cccc(/C=C/C(=O)NO)c3)c2c1,4.790484985457369,3
COc1ccc2c(CN[C@H]3CC[C@@H](Nc4ncc(C(=O)NO)cn4)CC3)cn(C)c2c1,7.522878745280337,1
COc1ccc2c(CN[C@H]3CC[C@@H](Nc4ncc(C(=O)NO)cn4)CC3)cn(C)c2c1.Cl,7.522878745280337,2
COc1ccc2c(NC3CCN(Cc4ccccc4)CC3)nc(NCCNC(=O)CCCCC(=O)NO)nc2c1,5.0515530873894114,4
COc1ccc2c(NC3CCN(Cc4ccccc4)CC3)nc(NCCNC(=O)CCCCCC(=O)NO)nc2c1,5.11435135637473,3
COc1ccc2c(NC3CCN(Cc4ccccc4)CC3)nc(NCCNC(=O)CCCCCCC(=O)NO)nc2c1,4.685597428843465,2
COc1ccc2c(c1)/C(=C1/Nc3ccccc3/C1=N\O)C(=O)N2CCCCCCC(=O)NO,7.6777807052660805,1
COc1ccc2c(c1)/C(=C1/Nc3ccccc3/C1=N\O)C(=O)N2Cc1ccc(/C=C/C(=O)NO)cc1,8.301029995663981,1
COc1ccc2c(c1)/C(=C1/Nc3ccccc3/C1=N\O)C(=O)N2Cc1ccc(C(=O)NO)cc1,7.6020599913279625,1
COc1ccc2c(c1)C(=O)N(CCCCCC(=O)NO)c1ccccc1S2,4.154901959985743,1
COc1ccc2c(c1)C(=O)N(CCCCCC(=O)NO)c1ccccc1S2(=O)=O,5.546681659952963,3
COc1ccc2c(c1)C1=NCCN1C(=S)S2,5.107905397309519,3
COc1ccc2c(c1)CC(=O)N2CCCCCCC(=O)NO,7.6020599913279625,1
COc1ccc2c(c1)CC(=O)N2Cc1ccc(/C=C/C(=O)NO)cc1,5.981715691573469,1
COc1ccc2c(c1)CC(=O)N2Cc1ccc(C(=O)NO)cc1,5.56304266933055,1
COc1ccc2c(c1)N(Cc1ccc(C(=O)NO)cc1)c1ccccc1S2,6.455931955649724,1
COc1ccc2c(c1)N(Cc1ccc(C(=O)NO)cc1)c1ccccc1[S+]2[O-],5.714442690992226,1
COc1ccc2c(c1)SC(=S)N1CCN=C21,4.920818753952375,3
COc1ccc2c(c1)c(=O)c(C(=O)Nc1cc(-c3ccccc3)nn1C)cn2CCCCC(=O)NO,8.0,1
COc1ccc2c(c1)c(=O)c(C(=O)Nc1ccc(F)cc1)cn2CCCCC(=O)NO,7.494850021680094,1
COc1ccc2c(c1)c(=O)c(C(=O)Nc1ccc(OC)c(OC)c1)cn2CCCCC(=O)NO,6.823908740944319,1
COc1ccc2c(c1)c(=O)c(C(=O)Nc1ccccc1)cn2CCCCC(=O)NO,7.494850021680094,1
COc1ccc2c(c1)c(=O)c(C(=O)Nc1nc3ccccc3s1)cn2CCCCC(=O)NO,7.552841968657781,1
COc1ccc2c(c1)c(CC(=O)NCCCCCC(=O)NO)c(C)n2C(=O)c1ccc(Cl)cc1,6.462180904926726,3
COc1ccc2c(c1)c(CC(=O)NCCCCCCC(=O)NO)c(C)n2C(=O)c1ccc(Cl)cc1,6.962573502059375,3
COc1ccc2c(c1)c(CC(=O)NCCCCCCCC(=O)NO)c(C)n2C(=O)c1ccc(Cl)cc1,6.150580586203101,3
COc1ccc2c(c1)c(CC(=O)O)c(C)n2Cc1ccc(-c2cn(CCCCCCC(=O)NO)nn2)cc1,6.935542010773081,3
COc1ccc2c(c1)c(CCNC(C)=O)cn2Cc1ccc(C(=O)NO)cc1,6.0783580926484015,6
COc1ccc2c(ccn2CCOc2ccc(NC(=O)CCCCCCC(=O)NO)cc2)c1,6.251088752908269,3
COc1ccc2c3c(cccc13)C(=O)N(Cc1ccc(C(=O)NO)cc1)C2=O,4.522878745280337,1
COc1ccc2c3c(oc2c1)CN([C@@H](Cc1ccccc1)C(=O)Nc1ccc(C(=O)NO)cc1)CC3,6.0,1
COc1ccc2cc(-c3cn(CCCCCC(=O)NO)nn3)ccc2c1,8.744727494896694,1
COc1ccc2cc(-c3cn(CCCCCCC(=O)NO)nn3)ccc2c1,7.823908740944319,1
COc1ccc2cc(-c3cn(CCCCCCCC(=O)NO)nn3)ccc2c1,6.645891560852599,1
COc1ccc2cc(-c3nc(C(=O)NO)co3)ccc2c1,4.536405597812999,3
COc1ccc2cc(C(=O)/C=C/C=C/c3ccc(OC)c(OC)c3)c(=O)oc2c1,4.552841968657781,3
COc1ccc2cc(C(=O)NCCCCCCC(=O)NO)ccc2n1,7.096910013008056,3
COc1ccc2nc(/C=C/C(=O)NO)ccc2c1,7.552841968657781,1
COc1ccc2nc3cc(Cl)ccc3c(Nc3ccc(C(=O)NO)cc3)c2n1,6.096910013008056,1
COc1ccc2nnn(OC(=O)c3cc(OC)c(OC)c(OC)c3)c2c1,4.235823867609669,1
COc1ccc2sc(NC(=O)CCCCCCNC(=O)C(O)(O)C(F)(F)F)nc2c1,5.050609993355087,3
COc1cccc(-c2cc3ccc(C(=O)NO)cc3o2)c1,6.6777807052660805,3
COc1cccc(-c2ccc3c(NC(=O)C4CCC(C(=O)NO)CC4)n[nH]c3c2)c1,5.476253533188436,3
COc1cccc(-c2ccc3c(NC(=O)CCCC(=O)NO)n[nH]c3c2)c1,7.267606240177031,3
COc1cccc(-c2ccc3c(NC(=O)CCCCC(=O)NO)n[nH]c3c2)c1,7.387216143280264,3
COc1cccc(-c2ccc3c(NC(=O)CCCCCC(=O)NO)n[nH]c3c2)c1,8.346787486224656,3
COc1cccc(-c2ccc3c(NC(=O)CCCCCCC(=O)NO)n[nH]c3c2)c1,8.522878745280337,3
COc1cccc(-c2ccc3c(NC(=O)CCCCCCC(=O)NO)n[nH]c3c2)c1F,8.356547323513812,3
COc1cccc(-c2ccc3c(NC(=O)CCCCCCC(=O)NO)n[nH]c3n2)c1,8.481486060122112,3
COc1cccc(-c2cn(CCCCCC(=O)NO)nn2)c1,7.853871964321762,1
COc1cccc(-c2csc(C(=O)NOCCCCCC(=O)NO)n2)c1,5.2839966563652006,3
COc1cccc(-c2nc(NCc3ccc(/C=C/C(=O)NO)cc3)cc3c2[nH]c2ccccc23)c1,6.20971483596676,3
COc1cccc(-c2nc(NCc3ccc(C(=O)NO)cc3)cc3c2[nH]c2ccccc23)c1,6.0,1
COc1cccc(-c2nc(NCc3cccc(/C=C/C(=O)NO)c3)cc3c2[nH]c2ccccc23)c1,6.0,1
COc1cccc(-c2ncc(/C=C/C(=O)NO)s2)c1,6.180456064458131,1
COc1cccc(-c2ncc(/C=C/C(=O)Nc3ccccc3N)s2)c1,5.214544446162778,4
COc1cccc(-c2ncc(C(=O)NCCCCCCC(=O)NO)s2)c1,5.202111903376421,4
COc1cccc(C(=O)NC2CNc3ccc(C(=O)NO)cc3C2)c1,5.551293680094919,3
COc1cccc(C(=O)N[C@H](COc2cccc(/C=C/C(=O)NO)c2)Cc2c[nH]c3ccccc23)c1,7.173925197299173,1
COc1cccc(C(=O)c2ccc3c(ccn3Cc3ccc(C(=O)NO)cc3)c2)c1,5.950781977329818,3
COc1cccc(C(=O)c2ccc3c(ccn3S(=O)(=O)c3cccc(/C=C/C(=O)NO)c3)c2)c1,5.452225294612178,3
COc1cccc(C2c3ccccc3CCN2CCC(=O)NO)c1,6.958607314841775,3
COc1cccc(CCCn2cccc(/C=C/C(=O)NO)c2=O)c1,7.522878745280337,1
COc1cccc(CCn2cccc(/C=C/C(=O)NO)c2=O)c1,7.154901959985743,1
COc1cccc(CN2C(=O)CN(Cc3ccc(C(=O)NO)cc3)C(=O)[C@H]2Cc2ccccc2)c1,6.767003889607846,2
COc1cccc(CN2CCC=C(CCC(=O)NO)C2=O)c1,5.7121982700697735,1
COc1cccc(CNCc2ccc(/C=C/C(=O)NO)cc2)c1,6.376750709602099,1
COc1cccc(CNCc2ccc(/C=C/C(=O)NO)cc2)c1OC,6.528708288941061,1
COc1cccc(CNc2cc(C(=O)NO)ccc2OC)c1,6.777283528852418,3
COc1cccc(Cn2cc3cc(F)c(C(=O)NO)cc3n2)c1,5.54500278269054,1
COc1cccc(Cn2cccc(/C=C/C(=O)NO)c2=O)c1,6.823908740944319,1
COc1cccc(F)c1C(=O)NCCCC[C@H](NC(=O)c1cncs1)c1ncc(-c2ccc3ccccc3c2)[nH]1,4.346787486224656,1
COc1cccc(NC(=O)COc2ccc3cc(/C=C4/SC(=O)NC4=O)ccc3c2)c1,5.119186407719209,3
COc1cccc(NC(=O)[C@@H](NC(=O)c2ccc(C(=O)NO)cc2)c2c[nH]c3ccccc23)c1,6.361510743045363,1
COc1cccc(NCc2ccc(-c3noc(C(F)(F)F)n3)cc2)c1,5.236572006437063,3
COc1cccc(NS(=O)(=O)c2cccc(/C=C/C(=O)NO)c2)c1,7.657577319177793,1
COc1cccc(O)c1C(=O)NCCCC[C@H](NC(=O)c1cncs1)c1ncc(-c2ccc3ccccc3c2)[nH]1,4.346787486224656,1
COc1cccc(OC)c1-c1cn(CCCCCC(=O)NO)nn1,6.500312917381596,1
COc1cccc(OC)c1C(=O)NC(=O)NC1CN2CCC1CC2,8.468521082957745,1
COc1cccc(OC)c1CNCc1ccc(/C=C/C(=O)NO)cc1,6.628932137728263,1
COc1cccc2[nH]c(C(=O)NCCCCCCC(=O)NO)cc12,8.508638306165727,1
COc1cccc2c(C(CCCCCC(=O)NO)c3c[nH]c4c(OC)cccc34)c[nH]c12,6.7447274948966935,3
COc1cccc2c1C(=O)c1c(O)c3c(c(O)c1C2=O)C[C@@](O)(C(C)=O)C[C@@H]3O[C@H]1C[C@H](N)[C@H](O)[C@H](C)O1,6.657577319177793,3
COc1cccc2c1C(=O)c1c(O)c3c(c(O)c1C2=O)C[C@@](O)(C(C)=O)C[C@@H]3O[C@H]1C[C@H](NCc2ccc(-c3cn(CCCCCC(=O)NO)nn3)cc2)[C@H](O)[C@H](C)O1,5.384155117125299,3
COc1cccc2c1C(=O)c1c(O)c3c(c(O)c1C2=O)C[C@@](O)(C(C)=O)C[C@@H]3O[C@H]1C[C@H](NCc2ccc(-c3cn(CCCCCCC(=O)NO)nn3)cc2)[C@H](O)[C@H](C)O1,6.1487416512809245,3
COc1cccc2c1C(=O)c1c(O)c3c(c(O)c1C2=O)C[C@@](O)(C(C)=O)C[C@@H]3O[C@H]1C[C@H](NCc2ccc(-c3cn(CCCCCCCC(=O)NO)nn3)cc2)[C@H](O)[C@H](C)O1,6.421360790031929,3
COc1cccc2c1C(=O)c1c(O)c3c(c(O)c1C2=O)C[C@@](O)(C(C)=O)C[C@@H]3O[C@H]1C[C@H](NCc2ccc(NC(=O)CCCCCCC(=O)NO)cc2)[C@H](O)[C@H](C)O1,6.657577319177793,6
COc1cccc2ccc(C(=O)NCc3ccc(C(=O)NO)cc3)nc12,6.150514997831991,2
COc1cccc2sc(C(=O)NO)cc12,5.421360790031928,1
COc1ccccc1-c1ccc2c(NC(=O)CCCCCCC(=O)NO)n[nH]c2c1,8.3767507096021,3
COc1ccccc1-c1cn(CCCCCC(=O)NO)nn1,7.119186407719209,1
COc1ccccc1-c1cnc(C(=O)NCCCCCCC(=O)NO)s1,6.591884468697397,3
COc1ccccc1-c1csc(C(=O)NOCCCCCC(=O)NO)n1,5.665546248849069,3
COc1ccccc1-c1ncc(C(=O)NCCCCCCC(=O)NO)s1,5.386028420955434,4
COc1ccccc1-c1nnn(Cc2ccc(-c3nnc(C(F)F)o3)cn2)n1,4.0,1
COc1ccccc1-n1c(=O)[nH]c2c(C(=O)NCCCCCCC(=O)NO)nc(C(C)C)nc21,6.698970004336019,1
COc1ccccc1/C=C1\CC(=O)N(CCCCCCC(=O)NO)C1=O,6.247183568811728,2
COc1ccccc1C(=O)CCCCCCCC(=O)NO,7.022276394711152,3
COc1ccccc1C(=O)NC(=O)NC1CC2CCC(C1)N2C,6.698970004336019,1
COc1ccccc1C(=O)NC(=O)NC1CN2CCC1CC2,6.0,1
COc1ccccc1C(=O)NC(=O)OC1CN2CCC1CC2,7.455931955649724,1
COc1ccccc1C(=O)NCCCC[C@H](NC(=O)c1cncs1)c1ncc(-c2ccc3ccccc3c2)[nH]1,4.346787486224656,1
COc1ccccc1C(=O)N[C@H](COc1cccc(/C=C/C(=O)NO)c1)Cc1c[nH]c2ccccc12,7.146598318771519,4
COc1ccccc1C1CCC(=O)N1c1ccc(-c2noc(C(F)(F)F)n2)cc1F,5.096910013008056,3
COc1ccccc1C=C1CC(=O)N(CCCCCCC(=O)NO)C1=O,6.247183568811728,1
COc1ccccc1CCn1c(=O)c2ccccc2n(Cc2ccc(C(=O)NO)cc2)c1=O,6.279840696594043,9
COc1ccccc1CN1C(=O)C2=C(CCN(Cc3ccc(C(=O)Nc4ccccc4N)cc3)C2)N2CCN=C12,5.0,1
COc1ccccc1CN1CCC=C(CCC(=O)NO)C1=O,6.065501548756432,1
COc1ccccc1CNCc1ccc(/C=C/C(=O)NO)cc1,6.555955204081924,1
COc1ccccc1N1CCN(S(=O)(=O)c2cccc(/C=C/C(=O)NO)c2)CC1,7.657577319177793,1
COc1ccccc1NC(=O)CCCCCC(=O)Nc1ccccc1,4.267606240177032,2
COc1ccccc1NC(=O)CCCCCCC(=O)Nc1ccccc1,3.327902142064283,2
COc1ccccc1NC(=O)[C@@H](NC(=O)Nc1ccc(C(=O)NCCCCCC(=O)NO)cc1)c1ccccc1,5.7527634504932355,1
COc1ccccc1NCCNCc1ccc(/C=C/C(=O)NO)cc1,6.954677021213342,1
COc1cncc(-c2ccnc(NC3CCc4ccc(C(=O)NO)cc4C3)n2)c1,6.2839966563652006,3
COc1cnnc(OCc2ccc(-c3noc(C(F)(F)F)n3)c(F)c2)c1,5.619788758288394,3
COc1nc(-c2ccc(NC(=O)Nc3ccc(C(=O)NCCCCCC(=O)Nc4ccccc4N)cc3)cc2)nc(N2CCOCC2)n1,5.0,1
COc1nc(-c2cccc(-c3ccccc3)c2C)ccc1CNCC(=O)NO,5.0,1
COc1nc(-c2cccc(-c3ccccc3)c2C)ccc1CNCCCC(=O)NO,5.0,1
COc1nc(-c2cccc(-c3ccccc3)c2C)ccc1CNCCCCC(=O)NO,5.0,1
COc1nc(-c2cccc(-c3ccccc3)c2C)ccc1CNCCCCCC(=O)NO,5.042871802323187,3
COc1nc(-c2cccc(-c3ccccc3)c2C)ccc1CNCCCCCCC(=O)NO,5.0,1
COc1nc(C)ccc1-c1c[nH]c([C@@H](N)CCCCCC(=O)c2ncco2)n1,5.552841968657781,1
COc1nc(C2CC2)ccc1-c1c[nH]c([C@H](CCCCCC(=O)c2ncco2)NC(=O)[C@H]2CC23CCN(C)CC3)n1,7.292429823902063,1
COc1nc(OCc2cccc(-c3ccccc3)c2C)ccc1CNCCCCC(=O)NO,5.0,1
COc1nc(OCc2cccc(-c3ccccc3)c2C)ccc1CNCCCCCCC(=O)NO,5.0,1
COc1nc2ccccc2cc1-c1c[nH]c([C@@H](N)CCCCCC(=O)c2ncco2)n1,6.142667503568731,1
COc1nc2ccccc2cc1-c1c[nH]c([C@H](CCCCCC(=O)c2ccon2)NC(=O)C2CCN(C)CC2)n1,8.481486060122112,1
COc1nc2ccccc2cc1-c1cnc(CCCCCCC(=O)C2NC=CO2)[nH]1,5.4089353929735005,1
COc1nc2ccccc2cc1-c1cnc([C@@H](N)CCCCCC(=O)c2cnoc2C)[nH]1,5.301029995663981,3
COc1nc2ccccc2cc1-c1cnc([C@H](CCCCCC(=O)c2ncco2)NC(=O)C(C)(F)F)[nH]1,7.200659450546418,1
COc1nc2ccccc2cc1-c1cnc([C@H](CCCCCC(=O)c2ncco2)NC(=O)C2(c3ccncc3)CC2)[nH]1,7.2441251443275085,1
COc1nc2ccccc2cc1-c1cnc([C@H](CCCCCC(=O)c2ncco2)NC(=O)C2(c3cnccn3)CC2)[nH]1,7.275724130399211,1
COc1nc2ccccc2cc1-c1cnc([C@H](CCCCCC(=O)c2ncco2)NC(=O)C2COCCO2)[nH]1,7.107905397309519,1
COc1nc2ccccc2cc1-c1cnc([C@H](CCCCCC(=O)c2ncco2)NC(=O)CCCN(C)C)[nH]1,7.3872161432802645,1
COc1nc2ccccc2cc1-c1cnc([C@H](CCCCCC(=O)c2ncco2)NC(=O)CN(C)C)[nH]1,7.187086643357144,1
COc1nc2ccccc2cc1-c1cnc([C@H](CCCCCC(=O)c2ncco2)NC(=O)CN2CCC2)[nH]1,7.508638306165727,1
COc1nc2ccccc2cc1-c1cnc([C@H](CCCCCC(=O)c2ncco2)NC(=O)CN2CCCC2)[nH]1,7.356547323513812,1
COc1nc2ccccc2cc1-c1cnc([C@H](CCCCCC(=O)c2ncco2)NC(=O)CN2CCCCC2)[nH]1,7.036212172654444,1
COc1nc2ccccc2cc1-c1cnc([C@H](CCCCCC(=O)c2ncco2)NC(=O)CN2CCOCC2)[nH]1,7.055517327849831,1
COc1nc2ccccc2cc1-c1cnc([C@H](CCCCCC(=O)c2ncco2)NC(=O)Cn2cccc2)[nH]1,6.920818753952375,1
COc1nc2ccccc2cc1-c1cnc([C@H](CCCCCC(=O)c2ncco2)NC(=O)[C@@H]2CCC(=O)N2)[nH]1,7.552841968657781,1
COc1nc2ccccc2cc1-c1cnc([C@H](CCCCCC(=O)c2ncco2)NC(=O)[C@H]2CCC(=O)N2)[nH]1,7.259637310505756,1
COc1nc2ccccc2cc1-c1cnc([C@H](CCCCCC(=O)c2ncco2)NC(=O)c2cc3n(n2)CCCC3)[nH]1,6.958607314841775,1
COc1nc2ccccc2cc1-c1cnc([C@H](CCCCCC(=O)c2ncco2)NC(=O)c2ccc(OC(F)F)nc2)[nH]1,7.017728766960431,1
COc1nc2ccccc2cc1-c1cnc([C@H](CCCCCC(=O)c2ncco2)NC(=O)c2ccncn2)[nH]1,6.853871964321762,1
COc1nc2ccccc2cc1-c1cnc([C@H](CCCCCC(=O)c2ncco2)NC(=O)c2cncs2)[nH]1,7.568636235841012,1
COc1nc2ccccc2cc1-c1cnc([C@H](CCCCCC(=O)c2ncco2)NC(=O)c2nc3ccccc3o2)[nH]1,6.777283528852417,1
COc1nc2cnccc2cc1-c1c[nH]c([C@@H](N)CCCCCC(=O)c2ncco2)n1,6.187086643357144,1
COc1ncc(-c2cc(OCCCCCCC(=O)NO)c3ncnc(C)c3c2)cc1F,8.299299729609228,6
COc1ncc(-c2cc(OCCCCCCC(=O)Nc3ccccc3N)c3ncnc(C)c3c2)cc1NS(=O)(=O)c1ccc(F)cc1F,5.0,1
COc1ncc(-c2cc(OCCCc3ccc(C(=O)Nc4ccccc4N)cc3)c3ncnc(C)c3c2)cc1NS(=O)(=O)c1ccc(F)cc1F,5.0,1
COc1ncc(-c2cc3cnn(C(Cc4ccccc4)C(=O)NO)c3cn2)cn1,6.425968732272281,3
COc1ncc(-c2ccc3nn(C(Cc4ccccc4)C(=O)NO)c(C#CC4CC4)c3c2)cn1,7.301029995663981,1
COc1ncc(-c2ccc3nn(C(Cc4ccccc4)C(=O)NO)cc3c2)cn1,6.425968732272281,3
COc1ncccc1-c1ccc(-c2nc3cc(C(=O)NO)ccc3o2)cc1,6.154901959985743,3
COc1ncccc1-c1cnc([C@H](CCCCCC(=O)c2ncco2)NC(=O)C2CN(C)C2)o1,6.585026652029182,1
COc1ncccc1OCc1ccc(-c2noc(C(F)(F)F)n2)c(F)c1,4.346787486224656,3
CP(=O)([O-])CCCCCCC(=O)Nc1ccccc1,2.747560770294892,2
CP(=O)([O-])CCCCCCC(=O)Nc1ccccc1.[Li+],3.4089353929735005,1
CP(=O)([O-])NCCCCCC(=O)Nc1ccccc1,3.1259059864968997,2
CP(=O)([O-])NCCCCCC(=O)Nc1ccccc1.[Li+],3.5528419686577806,1
CP(=O)([O-])OCCCCCC(=O)Nc1ccccc1,2.8118027789813667,2
CP(=O)([O-])OCCCCCC(=O)Nc1ccccc1.[Li+],3.4089353929735005,1
CS(=O)(=O)CC(=O)N(Cc1ccc(-c2noc(C(F)(F)F)n2)cc1)c1cccc(C(F)(F)F)c1,5.721246399047171,3
CS(=O)(=O)CCCCCCC(=O)Nc1ccccc1,3.638272163982407,2
CS(=O)(=O)CCNCc1ccc(-c2ccc3ncnc(Nc4ccc(OCc5cccc(F)c5)c(Cl)c4)c3c2)o1,5.0,1
CS(=O)(=O)N1CC(C(=O)N(Cc2ccc(-c3noc(C(F)(F)F)n3)cn2)c2cccc(F)c2)C1,5.886056647693163,3
CS(=O)(=O)NC(Cc1ccc(-c2noc(C(F)(F)F)n2)cn1)c1cccc(C(F)(F)F)c1,5.431798275933005,3
CS(=O)(=O)NCC(Nc1ncc(-c2nnc(C(F)F)o2)cn1)c1ccc(OC(F)(F)F)cc1,4.0,1
CS(=O)(=O)NCCCCCC(=O)Nc1ccccc1,2.1249387366083,2
CS(=O)(=O)N[C@@H](Cc1ccc(OCCc2ccccc2)cc1)C(=O)NO,5.022276394711152,3
CS(=O)(=O)N[C@@H](Cc1ccc(OCCc2ccccc2)cc1)C(=O)O,3.99012436628784,2
CS(=O)(=O)N[C@@H](Cc1ccc(OCc2ccccc2)cc1)C(=O)NO,5.443697499232712,3
CS(=O)(=O)N[C@@H](Cc1ccc(OCc2ccccc2)cc1)C(=O)O,4.3260580013659125,3
CS(=O)(=O)Nc1ccc(-c2ccnc(Nc3ccc(N4CCC(C(=O)NCCCCCCCC(=O)NO)CC4)cc3)n2)cc1,6.242603971206975,3
CS(=O)(=O)Nc1ccc(-c2ccnc(Nc3ccc(N4CCC(C(=O)Nc5ccc(/C=C/C(=O)NO)cc5)CC4)cc3)n2)cc1,5.217169194797409,3
CS(=O)(=O)Nc1ccc(-c2ccnc(Nc3ccc(N4CCN(CC(=O)Nc5ccc(/C=C/C(=O)NO)cc5)CC4)cc3)n2)cc1,6.0,1
CS(=O)(=O)Nc1ccc(-c2ccnc(Nc3ccc(N4CCN(CC(=O)Nc5ccc(C(=O)NO)cc5)CC4)cc3)n2)cc1,6.004803708402821,3
CS(=O)(=O)SCCN,3.703334809738469,1
CS(=O)(=O)SCCO,3.991399828238082,1
CS(=O)(=O)c1ccc(-c2c(OCCCCCCC(=O)NO)cc(N3CCC(N)CC3)nc2-c2ccc(C#N)c(F)c2)cc1,7.920818753952375,1
CS(=O)(=O)c1ccc(N2CCC(Nc3ccc(C(=O)NO)cc3)C2=O)cc1,6.920818753952375,3
CSCC(=O)CCCCCCC(=O)Nc1ccccc1,4.3979400086720375,1
CSCC[C@@H]1N=C(c2ccccc2)c2ccccc2N(CCCCC(=O)NO)C1=O,4.692932049338702,3
CSCC[C@@H]1N=C(c2ccccc2)c2ccccc2N(CCCCC(=O)O)C1=O,4.522878745280337,1
CSCC[C@@H]1N=C(c2ccccc2)c2ccccc2NC1=O,4.522878745280337,1
CSCC[C@@H]1NCC(=O)NC1=O,7.054106025939856,3
CSCC[C@H](NC(=O)/C=N/O[C@H]1O[C@H](CO)[C@@H](O)[C@H](O)[C@@H]1O)C(=O)N1CCC[C@H]1C(=O)N[C@@H](C)C(=O)N[C@@H](Cc1c[nH]c2ccccc12)C(=O)N[C@@H](CCCNC(=N)N)C(=O)N[C@@H](Cc1cnc[nH]1)C(=O)N[C@@H](C)C(N)=O,7.455931955649724,1
CSCC[C@H](NC(=O)/C=N/O[C@H]1O[C@H](CO)[C@H](O)[C@H](O)[C@H]1O)C(=O)N1CCC[C@H]1C(=O)N[C@@H](C)C(=O)N[C@@H](Cc1c[nH]c2ccccc12)C(=O)N[C@@H](CCCNC(=N)N)C(=O)N[C@@H](Cc1cnc[nH]1)C(=O)N[C@@H](C)C(N)=O,7.455931955649724,1
CSCC[C@H](NC(=O)[C@H](CCCNC(=N)N)NC(=O)[C@H](CC(C)C)NC(=O)[C@H](CCCNC(=N)N)NC(=O)[C@H](CCSC)NC(=O)[C@H](CC(C)C)NC(=O)[C@H](CCCNC(=N)N)NC(=O)[C@H](CC(C)C)NC(=O)[C@H](CC(C)C)NC(=O)[C@H](CCCNC(=N)N)NC(C)=O)C(=O)N[C@@H](CC(C)C)C(=O)N[C@@H](CC(C)C)C(=O)N[C@@H](CCCNC(=N)N)C(=O)N[C@@H](CC(C)C)C(=O)NCCCCCC(=O)NO,6.350665141287858,1
CSCC[C@H]1NCC(=O)NC1=O,7.098143136287146,3
CSN1C(=O)C[C@H]1CC/C=C/C(=O)Nc1ccccc1,5.346787486224656,3
CSc1ccc(C(=O)NO)cc1NC(=O)c1ccc(-c2ccccc2)cc1,6.657577319177793,3
CSc1ccc2c(c1)N(Cc1ccc(C(=O)NO)cc1)c1ccccc1S2,6.167491087293763,1
CSc1ccc2c(c1)N(Cc1ccc(C(=O)NO)cc1)c1ccccc1[S+]2[O-],5.774690718274137,1
CSc1ccccc1C(=O)NCCCC[C@H](NC(=O)c1cncs1)c1ncc(-c2ccc3ccccc3c2)[nH]1,4.346787486224656,1
C[C@@H](COCCC(=O)N1CCN(c2ncc(OCc3ccc(/C=C/C(=O)NO)cc3)cn2)CC1)Nc1cn[nH]c(=O)c1C(F)(F)F,6.496027850528478,3
C[C@@H](N)C(=O)NCc1nnc(-c2ccc(F)cc2)o1,6.935542010773081,3
C[C@@H](N)C(=O)NCc1nnc(-c2ccc([N+](=O)[O-])cc2)o1,6.896196279044044,3
C[C@@H](N)C(=O)NCc1nnc(-c2ccccc2)o1,7.008773924307505,3
C[C@@H](NC(=O)[C@H](N)Cc1ccc(Cl)cc1Cl)c1ccccc1,4.5968794788241825,1
C[C@@H](NC(=O)[C@H](N)Cc1ccc(Cl)cc1Cl)c1ccccc1.Cl,4.596879478824183,2
C[C@@H](NC(=O)c1cccc(=S)n1O)C(=O)O,6.008773924307505,3
C[C@@H](O)C(=O)CCCCCCC(=O)Nc1ccccc1,5.050609993355087,1
C[C@@H](O)[C@@H]1N=C(c2ccccc2)c2ccccc2N(CCCCC(=O)NO)C1=O,4.522878745280337,1
C[C@@H](OCc1ccccc1)[C@@H]1N=C(c2ccccc2)c2ccccc2N(CCCCC(=O)NO)C1=O,4.52958950902407,3
C[C@@H](c1ccc(C(=O)Nc2ccc(F)cc2N)cc1)n1nc(-c2ccc(CN(C)C)cc2)ccc1=O,5.0,1
C[C@@H](c1ccccc1)n1c(-c2cccc(/C=C/C(=O)NO)c2)nc2ccccc21,7.795880017344075,3
C[C@@H]1CN(C(=O)Nc2ccc(-c3nc(N4CCOCC4)c4cnn(CCCCCCC(=O)NO)c4n3)cc2)CCO1,8.889423339022647,4
C[C@@H]1N=C(c2ccccc2)c2cc(C#CCCCC(=O)NO)ccc2NC1=O,6.468521082957745,1
C[C@@H]1N=C(c2ccccc2)c2ccccc2N(CCCCC(=O)NO)C1=O,4.606424796730413,3
C[C@@H]1N=C(c2ccccc2)c2ccccc2N(CCCCC(=O)O)C1=O,4.522878745280337,1
C[C@@H]1N=C(c2ccccc2)c2ccccc2NC1=O,4.522878745280337,1
C[C@@H]1NC(=O)[C@@H](C)NC(=O)[C@H](CCCCCC(=O)[C@@H]2CO2)NC(=O)[C@H]2CCCN2C1=O,7.522878745280337,1
C[C@@H]1NC(=O)[C@H](CCCCCC(=O)[C@@H]2CO2)NC(=O)[C@H]2CCCN2C(=O)[C@H](Cc2ccccc2)NC1=O,8.193820026016112,1
C[C@@H]1NC(=O)[C@H]2CCCN2C(=O)[C@H](CCCCCC(=O)[C@@H]2CO2)NC(=O)[C@@H](C)NC1=O,6.366531544420413,1
C[C@@]1(Nc2ccc(C(=O)NO)cc2)CCN(c2ccc(Cl)cc2)C1=O,6.229147988357855,3
C[C@@]12CSC(=N1)c1csc(n1)CNC(=O)C[C@@H](/C=C/CCS)OC(=O)[C@H](CCCCNC(=O)O[C@@H]1CC/C=C/CCC1)NC2=O,5.952725132615821,2
C[C@@]12Nc3ccccc3[C@]1(O)CCN2Cc1ccc(/C=C/C(=O)NO)cc1,6.036212172654444,3
C[C@@]12Nc3ccccc3[C@]1(O)CCN2Cc1ccc(/C=C/C(N)=O)cc1,4.638272163982407,3
C[C@H](CN(C)Cc1ccccc1)NC(=O)c1ccc(-c2noc(C(F)(F)F)n2)cc1,6.221848749616356,1
C[C@H](CN1CCC[C@@H]1C)NC(=O)c1ccc(-c2noc(C(F)(F)F)n2)cc1,5.525318704602626,4
C[C@H](C[C@@H](C)C(=O)c1ccc(N(C)C)cc1)C(=O)O,4.401537799525849,1
C[C@H](N)C(=O)N1CC2(C[C@H]1C(=O)NCCCCCC(=O)NO)SCCS2,5.229147988357855,1
C[C@H](N)C(=O)N1CC2(C[C@H]1C(=O)NCCCCCC(=O)NO)SCCS2.Cl,5.229147988357855,2
C[C@H](NC(=O)OC(C)(C)C)C(=O)N1CC2(C[C@H]1C(=O)NCCCCCC(=O)NO)SCCS2,5.939302159646388,3
C[C@H](NC(=O)[C@H](CC(=O)NCC(C)(C)C)NC(=O)c1ccc(C(=O)NO)cc1)C(=O)NCc1ccccc1,6.275724130399211,6
C[C@H](NC(=O)[C@H](N)Cc1ccc(Cl)cc1Cl)c1ccccc1,4.11690664142431,1
C[C@H](NC(=O)[C@H](N)Cc1ccc(Cl)cc1Cl)c1ccccc1.Cl,4.11690664142431,2
C[C@H](NC(=O)c1nc(-c2ncc(-c3ccccc3)s2)sc1C1CC1)c1ccc(C(=O)NO)cc1,7.772288968098155,3
C[C@H](NS(=O)(=O)c1cccc(C(=O)NO)c1)C(=O)Nc1ccccc1,4.616184634019569,3
C[C@H](O)C(=O)CCCCCCC(=O)Nc1ccccc1,4.112945621949043,1
C[C@H](OCc1ccccc1)[C@@H]1N=C(c2ccccc2)c2ccccc2N(CCCCC(=O)O)C1=O,4.522878745280337,1
C[C@H](OCc1ccccc1)[C@@H]1N=C(c2ccccc2)c2ccccc2NC1=O,4.522878745280337,1
C[C@H](c1ccccc1)n1c(-c2cccc(/C=C/C(=O)NO)c2)nc2ccccc21,7.698970004336019,3
C[C@H]1CN(c2ccc(C(=O)Nc3cc(-c4ccccc4)ccc3N)cn2)CCN1C(=O)OCc1ccccc1,4.301029995663981,1
C[C@H]1CN(c2ccc(C(=O)Nc3ccccc3N)cn2)CCN1C(=O)OCc1ccccc1,4.776763726897002,3
C[C@H]1COc2c(N3CCN(C)CC3)c(F)cc3c(=O)c(C(=O)NCc4cn(CCCCCC(=O)NO)nn4)cn1c23,7.6777807052660805,1
C[C@H]1COc2c(N3CCN(C)CC3)c(F)cc3c(=O)c(C(=O)NCc4cn(CCCCCCC(=O)NO)nn4)cn1c23,7.6777807052660805,1
C[C@H]1COc2c(N3CCN(C)CC3)c(F)cc3c(=O)c(C(=O)NCc4cn(CCCCCCCC(=O)NO)nn4)cn1c23,7.6777807052660805,1
C[C@H]1COc2c(N3CCN(C)CC3)c(F)cc3c(=O)c(C(=O)OCc4cn(CCCCCC(=O)NO)nn4)cn1c23,7.6777807052660805,1
C[C@H]1COc2c(N3CCN(C)CC3)c(F)cc3c(=O)c(C(=O)OCc4cn(CCCCCCC(=O)NO)nn4)cn1c23,7.6777807052660805,1
C[C@H]1COc2c(N3CCN(C)CC3)c(F)cc3c(=O)c(C(=O)OCc4cn(CCCCCCCC(=O)NO)nn4)cn1c23,7.6777807052660805,1
C[C@H]1Sc2ccc(C(=O)NO)cc2NC1=O,6.013228265733755,2
C[C@H]1[C@H](C)CC[C@]2(C)CC[C@]3(C)C(=CC(=O)[C@@H]4[C@@]5(C)CC[C@@H](O)[C@](C)(NC(=O)CCCC(=O)NO)[C@@H]5CC[C@]43C)[C@H]12,5.221848749616356,1
C[C@H]1[C@H](C)CC[C@]2(C)CC[C@]3(C)C(=CC(=O)[C@@H]4[C@@]5(C)CC[C@@H](O)[C@](C)(NC(=O)CCCCC(=O)NO)[C@@H]5CC[C@]43C)[C@H]12,4.376750709602099,1
C[C@H]1[C@H](C)CC[C@]2(C)CC[C@]3(C)C(=CC(=O)[C@@H]4[C@@]5(C)CC[C@@H](O)[C@](C)(NC(=O)CCCCCCCC(=O)NO)[C@@H]5CC[C@]43C)[C@H]12,4.318758762624412,1
C[C@H]1[C@H](C)CC[C@]2(C)CC[C@]3(C)C(=CC[C@@H]4[C@@]5(C)CC[C@@H](O)[C@](C)(NC(=O)CCCC(=O)NO)[C@@H]5CC[C@]43C)[C@H]12,4.468521082957745,1
C[C@H]1[C@H](C)CC[C@]2(C)CC[C@]3(C)C(=CC[C@@H]4[C@@]5(C)CC[C@@H](O)[C@](C)(NC(=O)CCCCCCC(=O)NO)[C@@H]5CC[C@]43C)[C@H]12,4.522878745280337,1
C[C@]1(Nc2ccc(C(=O)NO)cc2)CCN(c2ccc(Cl)cc2)C1=O,6.7447274948966935,3
C[C@]12CC[C@@H]3c4ccc(O)cc4CC[C@H]3[C@@H]1CC[C@@]2(O)c1cn(CCCC(=O)NO)nn1,4.958607314841775,3
C[C@]12CC[C@@H]3c4ccc(O)cc4CC[C@H]3[C@@H]1CC[C@@]2(O)c1cn(CCCCC(=O)NO)nn1,5.129818655252878,6
C[C@]12CC[C@@H]3c4ccc(O)cc4CC[C@H]3[C@@H]1CC[C@@]2(O)c1cn(CCCCCC(=O)NO)nn1,5.3979400086720375,3
C[C@]12CC[C@@H]3c4ccc(O)cc4CC[C@H]3[C@@H]1CC[C@@]2(O)c1cn(CCCCCCC(=O)NO)nn1,5.872363747448347,6
C[C@]12CC[C@@H]3c4ccc(O)cc4CC[C@H]3[C@@H]1CC[C@@]2(O)c1cn(CCCCCCCC(=O)NO)nn1,5.522878745280337,6
C[C@]12CC[C@H](OC(=O)CCCCCC(=O)NO)CC1=CCC1C2CC[C@]2(C)C(c3cccnc3)=CCC12,5.0,1
C[S+]([O-])CCCCCCC(=O)Nc1ccccc1,4.318758762624412,1
C[Si](O)(O)CCCCCCC(=O)Nc1ccccc1,4.568636235841013,3
C[Si]1(C)CCC(NCc2ccc(-c3noc(C(F)(F)F)n3)cn2)CC1,5.376750709602099,3
C[n+]1ccc(Br)cc1,5.508638306165726,3
C[n+]1ccc(C#N)cc1,4.853871964321762,3
C[n+]1ccc(Cl)cc1,5.187086643357144,3
C[n+]1ccc(I)cc1,4.655801400138156,27
C[n+]1cccc(Br)c1,5.096910013008056,3
C[n+]1cccc(C#N)c1,4.920818753952375,3
C[n+]1cccc(Cl)c1,4.853871964321762,3
C[n+]1cccc(I)c1,5.327902142064282,3
C[n+]1ccccc1Br,5.886056647693163,3
C[n+]1ccccc1C#N,5.275724130399211,3
C[n+]1ccccc1Cl,4.301029995663981,1
C[n+]1ccccc1I,4.494894056147116,27
C[n+]1cccnc1Br,4.718811023604967,25
C[n+]1cccnc1Cl,4.492686241942661,25
C[n+]1cccnc1I,4.893465254329662,33
C[n+]1ccnc(Br)c1,4.568636235841013,3
C[n+]1ccnc(C#N)c1,4.301029995663981,1
C[n+]1ccnc(Cl)c1,5.638272163982407,3
C[n+]1ccnc(I)c1,4.568636235841013,3
C[n+]1ccoc1I,5.920818753952375,3
C[n+]1ccsc1Br,5.920818753952375,3
C[n+]1ccsc1C#N,4.301029995663981,1
C[n+]1cncc(Br)c1,4.612969886544187,31
C[n+]1cncc(C#N)c1,4.301029995663981,1
C[n+]1cncc(Cl)c1,5.366531544420414,3
C[n+]1cncc(I)c1,4.949539125134536,26
C[n+]1cnccc1C#N,5.443697499232712,3
C[n+]1cnccc1Cl,4.301029995663981,1
C[n+]1csc(Br)c1,6.886056647693163,3
Cc1[nH]c2cc(O)ccc2c1CCNCc1ccc(/C=C/C(N)=O)cc1,5.167491087293763,3
Cc1[nH]c2ccccc2c1/C=C/c1ccccc1-c1ccc(/C=C/C(=O)NO)cc1,5.945488957254324,5
Cc1[nH]c2ccccc2c1C1=CCC(NCc2ccc(OCC(=O)NO)cc2F)CC1,7.0655015487564325,3
Cc1[nH]c2ccccc2c1CC(=O)NOCc1ccc(/C=C/C(=O)NO)cc1,5.7637680516965055,2
Cc1[nH]c2ccccc2c1CCN(C(C)C)S(=O)(=O)c1ccc(/C=C/C(=O)NO)cc1,8.036212172654444,1
Cc1[nH]c2ccccc2c1CCN(C)S(=O)(=O)c1ccc(/C=C/C(=O)NO)cc1,7.327902142064282,1
Cc1[nH]c2ccccc2c1CCNCc1ccc(/C=C/C(=O)NO)cc1,6.900028409364422,71
Cc1[nH]c2ccccc2c1CCNCc1ccc(/C=C/C(N)=O)cc1,4.657577319177793,3
Cc1[nH]c2ccccc2c1CCNCc1ccc(/C=C/CNO)cc1.Cl,8.1249387366083,1
Cc1[nH]c2ccccc2c1CCNCc1cccc(/C=C/C(=O)NO)c1.Cl,7.0,1
Cc1[nH]c2ccccc2c1CCNS(=O)(=O)c1ccc(/C=C/C(=O)NO)cc1,8.55284196865778,1
Cc1[nH]c2ccccc2c1CCNS(=O)(=O)c1ccc(C(=O)NO)cc1,6.1123826996642645,1
Cc1[nH]c2ccccc2c1CCNS(=O)(=O)c1cccc(/C=C/C(=O)NO)c1,8.102372908709558,1
Cc1c(-c2ccccc2)nc(-c2cccc(/C=C/C(=O)NO)c2)n1CCN1CCOCC1,7.102372908709558,3
Cc1c(-c2ccccc2)nc(-c2cccc(/C=C/C(=O)NO)c2)n1CCc1ccccc1,7.698970004336019,3
Cc1c(-c2ccccc2)nc(-c2cccc(/C=C/C(=O)NO)c2)n1[C@@H]1CCCN(C(C)C)C1,7.508638306165726,3
Cc1c(-c2ccccc2)nc(-c2cccc(/C=C/C(=O)NO)c2)n1[C@@H]1CCCN(C)C1,7.301029995663981,3
Cc1c(C)c(S(=O)(=O)NC(=N)NCCC[C@@H]2N=C(c3ccccc3)c3ccccc3N(CCCCC(=O)NO)C2=O)c(C)c2c1OC(C)(C)C2,4.522878745280337,1
Cc1c(C)c(S(=O)(=O)NC(=N)NCCC[C@@H]2N=C(c3ccccc3)c3ccccc3N(CCCCC(=O)O)C2=O)c(C)c2c1OC(C)(C)C2,4.522878745280337,1
Cc1c(C)c(S(=O)(=O)NC(=N)NCCC[C@@H]2N=C(c3ccccc3)c3ccccc3NC2=O)c(C)c2c1OC(C)(C)C2,4.522878745280337,1
Cc1c(C)n(Cc2ccc(C(=O)NO)cc2)c2ccccc12,5.799990827684212,3
Cc1c(CCNS(=O)(=O)c2ccc(/C=C/C(=O)NO)cc2)c2ccccc2n1C,8.481486060122112,1
Cc1c(Cc2ccccc2)nc(-c2cccc(/C=C/C(=O)NO)c2)n1CCN1CCOCC1,7.301029995663981,3
Cc1c(Cc2ccccc2)nc(-c2cccc(/C=C/C(=O)NO)c2)n1CCc1ccccc1,7.795880017344075,3
Cc1c(Cc2ccccc2)nc(-c2cccc(/C=C/C(=O)NO)c2)n1[C@@H]1CCCN(C)C1,7.102372908709558,3
Cc1c(F)c(N)cc(C(=O)Nc2cc(-c3ccc(C(=O)NCc4ccc(/C=C/C(=O)NO)cc4)cc3)ccc2N2CCN(C)CC2)c1Cl,6.275724130399212,3
Cc1c(F)c(N)cc(C(=O)Nc2cc(-c3ccc(NC(=O)CCCCCCC(=O)NO)cc3)ccc2N2CCN(C)CC2)c1Cl,5.0,1
Cc1c(N)cccc1-c1cn(CCCCCCC(=O)NO)c2ccc(C#N)cc12,7.795880017344075,3
Cc1c(N2CCC(NCc3ccc(/C=C/C(=O)NO)cc3)CC2)ncc(-c2ccc(OCC(C)(C)O)c(O)c2)c1-c1ccc(C#N)c(F)c1,7.34518491628705,2
Cc1c(NC(=O)CN2C(=O)S/C(=C\c3ccc(Br)cc3)C2=O)c(=O)n(-c2ccccc2)n1C,5.961379838050296,3
Cc1c(NC(=O)NCCN2C(=O)S/C(=C\c3ccc([N+](=O)[O-])cc3)C2=O)c(=O)n(-c2ccccc2)n1C,6.610833915635467,3
Cc1c(O)c(O)c(O)c(C=O)c1-c1cc2c(C=O)c(C)c(O)c(O)c2o1,5.6777807052660805,2
Cc1c(O)c(O)c2c(c1C=O)[C@@H]1O[C@H](O2)c2c(C)c(O)c(O)c(O)c2C1=O,5.795880017344075,2
Cc1c(O)cc(-c2cnc(N3CCC(NCc4ccc(/C=C/C(=O)NO)cc4)CC3)c(C#N)c2-c2ccc(C#N)c(F)c2)cc1F,7.341352856354857,2
Cc1c2ccc(N(C)c3ccnc(Nc4ccc(/C=C/C(=O)NO)cc4)n3)cc2nn1C,5.617794609013029,4
Cc1c2ccc(N(C)c3ccnc(Nc4ccc(C(=O)NCCCC(=O)NO)cc4)n3)cc2nn1C,4.703334809738469,1
Cc1c2ccc(N(C)c3ccnc(Nc4ccc(C(=O)NCCCC(=O)Nc5ccccc5N)cc4)n3)cc2nn1C,4.721246399047171,1
Cc1c2ccc(N(C)c3ccnc(Nc4ccc(C(=O)NCCCCC(=O)NO)cc4)n3)cc2nn1C,6.167491087293763,1
Cc1c2ccc(N(C)c3ccnc(Nc4ccc(C(=O)NCCCCC(=O)Nc5ccccc5N)cc4)n3)cc2nn1C,4.82102305270683,1
Cc1c2ccc(N(C)c3ccnc(Nc4ccc(C(=O)NCCCCCC(=O)NO)cc4)n3)cc2nn1C,7.769551078621726,1
Cc1c2ccc(N(C)c3ccnc(Nc4ccc(C(=O)NCCCCCC(=O)Nc5ccccc5N)cc4)n3)cc2nn1C,5.522878745280337,1
Cc1c2ccc(N(C)c3ccnc(Nc4ccc(C(=O)NCCCCCCC(=O)NO)cc4)n3)cc2nn1C,6.455290449000486,4
Cc1c2ccc(N(C)c3ccnc(Nc4ccc(C(=O)NCCCCCCC(=O)Nc5ccccc5N)cc4)n3)cc2nn1C,5.301029995663981,1
Cc1c2ccc(N(C)c3ccnc(Nc4ccc(C(=O)NCCCCCCCC(=O)NO)cc4)n3)cc2nn1C,7.6020599913279625,1
Cc1c2ccc(N(C)c3ccnc(Nc4ccc(C(=O)NCCCCCCCC(=O)Nc5ccccc5N)cc4)n3)cc2nn1C,5.060480747381382,1
Cc1c2ccc(N(C)c3ccnc(Nc4ccc(C(=O)NO)cc4)n3)cc2nn1C,4.94692155651658,1
Cc1c2ccc(N(C)c3ccnc(Nc4ccc(C(=O)Nc5ccccc5N)cc4)n3)cc2nn1C,5.337242168318426,1
Cc1c2ccc(N(C)c3ccnc(Nc4cccc(/C=C/C(=O)NO)c4)n3)cc2nn1C,5.522878745280337,1
Cc1c2ccc(N(C)c3ccnc(Nc4cccc(C(=O)NCCCCCC(=O)NO)c4)n3)cc2nn1C,6.7447274948966935,1
Cc1c2ccc(N(C)c3ccnc(Nc4cccc(C(=O)Nc5ccccc5N)c4)n3)cc2nn1C,4.671620396561262,1
Cc1c[nH]nc1Nc1nc(Cl)nc2c1ncn2Cc1ccc(C(=O)Nc2ccccc2N)cc1,4.0,1
Cc1cc(-c2c(OCCCCCCC(=O)NO)cc(N3CCC(N)CC3)nc2-c2ccc(C#N)c(F)c2)ccn1,7.4089353929735005,1
Cc1cc(-c2ccc(/C=C3\C(=O)N(c4ccc(C(=O)O)cc4)N=C3C3CC3)s2)c(C(F)(F)F)cc1C,4.0,1
Cc1cc(-c2ccc(F)cc2)n(Cc2ccc(C(=O)NO)cc2)n1,5.571484600863688,2
Cc1cc(-c2ccc(F)cc2)nn1Cc1ccc(C(=O)NO)cc1,6.349485002168009,2
Cc1cc(-c2ccc3c(c2)OCO3)n(Cc2ccc(C(=O)NO)cc2)n1,6.548455006504028,2
Cc1cc(-c2ccc3c(c2)OCO3)nn1Cc1ccc(C(=O)NO)cc1,6.698970004336019,2
Cc1cc(-c2nc3sc4c(c3c(=O)[nH]2)CCN(C)C4)cc(C)c1OCCCCCC(=O)NO,6.777283528852418,3
Cc1cc(/C=C/C(=O)NO)ccc1/C=C1/C(=O)NCC(=O)N1C,6.670100801730129,3
Cc1cc(/C=C2/C(=O)NCC(=O)N2C)ccc1/C=C/C(=O)NO,7.618344717117388,3
Cc1cc(=O)n2c(n1)CN(c1ccc(-c3noc(C(F)(F)F)n3)cn1)CC2,6.1249387366083,3
Cc1cc(Br)ccc1NC(=O)COc1ccc2cc(/C=C3/SC(=O)NC3=O)ccc2c1,5.130768280269024,3
Cc1cc(C(=O)CCCCC[C@H](N)c2nc(-c3ccccc3F)c[nH]2)no1,5.920818753952375,1
Cc1cc(C(=O)CCCCC[C@H](NC(=O)C2CN(C)C2)c2nc(-c3ccccc3F)c[nH]2)no1,7.795880017344075,1
Cc1cc(C(=O)CCCCC[C@H](NC(=O)C2CN(C)C2)c2ncc(-c3ccccc3F)[nH]2)no1,7.795880017344075,3
Cc1cc(C(=O)CCCCC[C@H](NC(=O)CN(C)C)c2nc(-c3ccccc3F)c[nH]2)no1,6.657577319177793,1
Cc1cc(C(=O)NCCCCCCS)[nH]n1,6.145693958198919,1
Cc1cc(C)c(CNC(=O)c2cc(-c3ccc(N4CCN(c5ncc(C(=O)NO)cn5)CC4)nc3)cc3c2cnn3C(C)C)c(=O)[nH]1,6.958607314841775,3
Cc1cc(C)c(CNC(=O)c2cc(C)n(-c3cccc(NC(=O)CCCCCCC(=O)NO)c3)c2C)c(=O)[nH]1,6.958607314841775,6
Cc1cc(C)c(CNC(=O)c2cnn(-c3cccc(NC(=O)CCCCCCC(=O)NO)c3)c2C)c(=O)[nH]1,5.681936665037238,6
Cc1cc(C)c(NC(=O)C(Cc2c[nH]c3ccccc23)NC(=O)c2ccc(/C=C/C(=O)NO)cc2)c(C)c1,7.337242168318426,1
Cc1cc(C)c(NC(=O)NOCc2ccc(/C=C/C(=O)NO)cc2)c(C)c1,5.507941210912222,2
Cc1cc(C)c(NC(=O)[C@H](Cc2c[nH]c3ccccc23)NC(=O)/C=C/c2ccc(C(=O)NO)cc2)c(C)c1,7.657577319177793,1
Cc1cc(C)cc(C(=O)N(CC(=O)NCc2ccccc2)Cc2ccc(C(=O)Nc3cc(-c4ccccc4)ccc3N)cc2)c1,5.5899719715334255,7
Cc1cc(C)cc(C(=O)N(CC(=O)NCc2ccccc2)Cc2ccc(C(=O)Nc3cc(F)ccc3N)cc2)c1,6.08628305229961,2
Cc1cc(C)cc(C(=O)N(CC(=O)NCc2ccccc2)Cc2ccc(C(=O)Nc3ccccc3N)cc2)c1,6.418121238009022,2
Cc1cc(C)cc(C(=O)N(CCCCCC(=O)NO)CC(=O)NC2CCCCC2)c1,5.130768280269024,3
Cc1cc(C)cc(C(=O)N(CCCCCC(=O)NO)CC(=O)NCc2ccccc2)c1,5.134896025358872,3
Cc1cc(C)cc(C(=O)N(CCCCCC(=O)Nc2cc(-c3ccccc3)ccc2N)CC(=O)NCc2ccccc2)c1,5.541430701594414,5
Cc1cc(C)cc(C(=O)N(CCCCCC(=O)Nc2ccccc2N)CC(=O)NC2CCCCC2)c1,4.779639891341548,2
Cc1cc(C)cc(C(=O)N(CCCCCC(=O)Nc2ccccc2N)CC(=O)NCc2ccccc2)c1,5.232794647308455,2
Cc1cc(C)cc(C(=O)NOCCCCC(=O)NO)c1,5.423147433008712,2
Cc1cc(C)cc(C(=O)NOCCCCCC(=O)NO)c1,6.141919165532068,5
Cc1cc(C)cc(C(=O)NOCc2ccc(/C=C/C(=O)NO)cc2)c1,6.0041654963100255,2
Cc1cc(C)cc(CNC(=O)CN(CCCCCC(=O)Nc2ccccc2N)C(=O)c2cc(C)cc(C)c2)c1,5.500315091996324,2
Cc1cc(C)cc(COc2ccc(NC(=O)CCCCCCC(=O)OC(C)(C)C)cc2)c1,4.274088367704952,3
Cc1cc(C)cc(NC(=O)NOCc2ccc(/C=C/C(=O)NO)cc2)c1,5.881630628246677,2
Cc1cc(C)cc(NC(=O)[C@@H](NC(=O)Nc2ccc(C(=O)NCCCCCC(=O)NO)cc2)c2ccccc2)c1,5.781202001888262,1
Cc1cc(C)cc(SCc2ccc(C(=O)Nc3ccccc3N)cc2)c1,4.732327618161671,2
Cc1cc(C)nc(COc2nccc(-c3noc(C(F)(F)F)n3)c2Cl)n1,5.4089353929735005,3
Cc1cc(CC(=O)N(Cc2ccc(-c3noc(C(F)(F)F)n3)cn2)c2cccc(F)c2)on1,5.823908740944319,3
Cc1cc(CNCCCCCCC(=O)NO)ccc1F,5.552841968657781,3
Cc1cc(Cc2cnc(N)nc2N)cc(C)c1N,6.790484985457369,1
Cc1cc(Cc2cnc(N)nc2N)cc(Cl)c1N,6.767003889607846,1
Cc1cc(Cl)ccc1-c1ccnc(NC2CCc3ccc(C(=O)NO)cc3C2)n1,5.667561540084395,3
Cc1cc(Cn2ccc3cc(C(=O)NCC45C[C@H]6C[C@@H](C4)C[C@@H](C5)C6)ccc32)ccc1C(=O)NO,5.686132779630847,3
Cc1cc(F)cc(C)c1Oc1ccc(C(C)(C)O)cc1-c1cn(C)c(=O)c2[nH]c(C(=O)NCCCCCCC(=O)NO)cc12,6.234331445240986,3
Cc1cc(NC(=O)COc2ccc3cc(/C=C4/SC(=O)NC4=O)ccc3c2)no1,4.301029995663981,1
Cc1cc(NCc2ccc(-c3noc(C(F)(F)F)n3)cn2)on1,5.853871964321762,3
Cc1cc(Nc2nc(SCc3ccc(C(=O)Nc4ccc(F)cc4N)cc3)nn3cccc23)n[nH]1,5.0,1
Cc1cc(O)cc(C)c1-c1nc2ccc(C(=O)NO)cc2[nH]1,5.0,1
Cc1cc(O)nc(SCC(=O)C(C)(C)C)n1,4.0,1
Cc1cc(O)nc(SCC(=O)NCCCCCCc2ccccc2)n1,4.0,1
Cc1cc(O)nc(SCC(=O)NCCCCc2ccccc2)n1,4.0,1
Cc1cc(O)nc(SCC(=O)NCCc2ccccc2)n1,4.0,1
Cc1cc(O)nc(SCC(=O)c2ccc(C(C)(C)C)cc2)n1,4.0,1
Cc1cc(O)nc(SCC(=O)c2ccc(Cl)cc2)n1,4.0,1
Cc1cc(O)nc(SCC(=O)c2ccc(NC(=O)c3ccccc3)cc2)n1,4.0,1
Cc1cc(O)nc(SCC(=O)c2ccc(O)c(O)c2)n1,4.0,1
Cc1cc(O)nc(SCC(=O)c2ccc(O)cc2)n1,4.0,1
Cc1cc(O)nc(SCC(=O)c2ccc3c(c2)NC(=O)C3)n1,4.0,1
Cc1cc(O)nc(SCC(=O)c2ccc3c(c2)OCCO3)n1,4.0,1
Cc1cc(O)nc(SCC(=O)c2ccccc2)n1,4.0,1
Cc1cc(O)nc(SCC(=O)c2cccs2)n1,4.0,1
Cc1cc(OCc2ccc(-c3noc(C(F)(F)F)n3)c(F)c2)cc(C)n1,5.275724130399211,3
Cc1cc(Oc2ccccc2)nc(NC2CCc3ccc(C(=O)NO)cc3C2)n1,5.823908740944319,3
Cc1cc(S(=O)(=O)N2CCC(CCCC(=O)NO)CC2)cc2ccccc12,6.906578314837764,1
Cc1cc2c(cc1C#N)c(-c1cccc(N)c1C)cn2CCCCCCC(=O)NO,7.638272163982407,3
Cc1cc2cc(NC(=O)c3cc(C(=O)NO)ccc3Cl)ccc2n(C)c1=O,6.946921556516581,3
Cc1cc2cc(NCc3cc(C(=O)NO)ccc3Cl)ccc2n(C)c1=O,5.495801081460555,3
Cc1cc2cc(NS(=O)(=O)Cc3ccc(C(=O)NO)cc3)ccc2n(C)c1=O,6.443697499232712,3
Cc1cc2cc(NS(=O)(=O)Cc3cccc(C(=O)NO)c3)ccc2n(C)c1=O,6.332547047110045,3
Cc1cc2cc(NS(=O)(=O)c3cc(C(=O)NO)ccc3Cl)ccc2n(C)c1=O,6.251811972993799,3
Cc1cc2cc(NS(=O)(=O)c3ccc(C(=O)NO)cc3)ccc2n(C)c1=O,6.041914151478916,3
Cc1cc2ccccc2n1-c1ccc(C(=O)NO)cc1,6.401209493236885,1
Cc1cc2ccccc2n1Cc1ccc(C(=O)NO)cc1,6.401209493236885,3
Cc1cc2cn(C(Cc3ccccc3)C(=O)NO)nc2cc1Br,6.301029995663981,1
Cc1cc2sc(C(=O)NO)cc2cc1O,6.004803708402821,1
Cc1ccc(-c2c(-c3ccc(C#N)c(F)c3)nc(N3CCC(CCCCCCCC(=O)NO)CC3)n3ccnc23)cc1O,6.355143108441489,2
Cc1ccc(-c2c(-c3ccc(C#N)c(F)c3)nc(N3CCC(NC(=O)CCCCCCC(=O)NO)CC3)n3ccnc23)cc1O,6.18991583027267,2
Cc1ccc(-c2c(OCCCCCCC(=O)NO)cc(N3CCC(N)CC3)nc2-c2ccc(C#N)c(F)c2)cc1,7.3872161432802645,1
Cc1ccc(-c2cc(/C=C/c3ccc(C(=O)NO)cc3)ccn2)c(F)c1,5.056505484093897,3
Cc1ccc(-c2cc(C(=O)NCCCCCC(=O)NO)nn2-c2ccc(S(N)(=O)=O)cc2)cc1,6.2644011003018205,3
Cc1ccc(-c2cc(C(=O)NCCCCCCC(=O)NO)nn2-c2ccc(S(C)(=O)=O)cc2)cc1,6.462180904926726,3
Cc1ccc(-c2cc(C(=O)NCCCCCCC(=O)NO)nn2-c2ccc(S(N)(=O)=O)cc2)cc1,6.2839966563652006,3
Cc1ccc(-c2cc(C(=O)NCCCCCCCC(=O)NO)nn2-c2ccc(S(N)(=O)=O)cc2)cc1,6.15676722190199,3
Cc1ccc(-c2cc(C(F)(F)F)c(C#N)c(SCCC#N)n2)o1,6.798602875679549,4
Cc1ccc(-c2cc(C(F)(F)F)n(CCc3ccc(C(=O)NO)cc3)n2)cc1,6.109122312673765,2
Cc1ccc(-c2cc(C(F)(F)F)n(Cc3ccc(C(=O)NO)cc3)n2)cc1,6.391258027893047,2
Cc1ccc(-c2cc(C(F)(F)F)nn2-c2ccc(C(=O)NO)cc2)cc1,5.62225313579244,2
Cc1ccc(-c2cc(C(F)(F)F)nn2-c2ccc(S(=O)(=O)NC(=O)CCCCC[Se]C#N)cc2)cc1,4.9299621333922445,1
Cc1ccc(-c2cc(C(F)(F)F)nn2-c2ccc(S(=O)(=O)NCCCCCC(=O)NO)cc2)cc1,6.6458915608526,3
Cc1ccc(-c2cc(C(F)(F)F)nn2-c2ccc(S(=O)(=O)NCCCCCCC(=O)NO)cc2)cc1,6.3851027839668655,3
Cc1ccc(-c2cc(C(F)(F)F)nn2-c2ccc(S(=O)(=O)NCCCCCCCC(=O)NO)cc2)cc1,6.004803708402821,3
Cc1ccc(-c2cc(C(F)(F)F)nn2-c2ccc(S(N)(=O)=O)cc2)cc1,5.785951320588058,1
Cc1ccc(-c2cc(C(F)(F)F)nn2CCc2ccc(C(=O)NO)cc2)cc1,5.5683385699397725,2
Cc1ccc(-c2cc(C(F)(F)F)nn2Cc2ccc(C(=O)NO)cc2)cc1,5.968709007885918,2
Cc1ccc(-c2cc(C)n(Cc3ccc(C(=O)NO)cc3)n2)cc1,6.593543321678572,2
Cc1ccc(-c2cc(C)nn2Cc2ccc(C(=O)NO)cc2)cc1,6.479303657420887,2
Cc1ccc(-c2ccc(Cn3cccc(O)c3=S)cc2)cc1,6.096910013008056,6
Cc1ccc(-c2ccnc(NC3CCc4ccc(C(=O)NO)cc4C3)n2)c(F)c1,5.958607314841775,3
Cc1ccc(-c2ccnc(NC3CCc4ccc(C(=O)NO)cc4C3)n2)cc1,6.096910013008056,3
Cc1ccc(-c2ccnc(NC3CCc4ccc(C(=O)NO)cc4C3)n2)cn1,6.318758762624412,3
Cc1ccc(-c2cn(CCCCCC(=O)NO)nn2)cc1,7.366531544420414,1
Cc1ccc(-c2cn(CCCCCn3cccc(O)c3=S)nn2)cc1,5.596364810209452,6
Cc1ccc(-c2cnc(N3CCC(NCc4ccc(/C=C/C(=O)NO)cc4)CC3)c(C#N)c2-c2ccc(C#N)c(F)c2)cc1O,7.048183741957881,2
Cc1ccc(-c2cnc(N3CCC(NCc4cnc(/C=C/C(=O)NO)nc4)CC3)c(C#N)c2-c2ccc(C#N)c(F)c2)cc1O,7.921937526588699,2
Cc1ccc(-c2csc(C(=O)NOCCCCCC(=O)NO)n2)cc1,5.154281982033341,3
Cc1ccc(-c2nc(C(=O)NO)co2)cc1,4.4699284311626215,3
Cc1ccc(-c2nc(CNc3ccc(C(=O)NO)cc3)n(-c3ccccc3)n2)s1,6.45717457304082,3
Cc1ccc(-c2nc(NCc3ccc(C(=O)NO)cc3)cc3c2[nH]c2ccccc23)cc1,6.0,1
Cc1ccc(-c2ncc(/C=C/C(=O)Nc3ccccc3N)s2)cc1,6.180456064458131,1
Cc1ccc(-c2nnc(CNC(=O)CN)o2)cc1,6.856985199745904,3
Cc1ccc(-c2nnc(CNC(=O)[C@@H](C)N)o2)cc1,6.917214629683549,3
Cc1ccc(-c2noc(CCCCCCC(=O)C(F)(F)F)n2)cc1,5.49620931694282,3
Cc1ccc(-c2noc(CCCCCCC(=O)NO)n2)cc1,5.268411234813261,3
Cc1ccc(-c2noc(CCCCCCC(=O)Nc3ccccc3N)n2)cc1,5.076238039171299,3
Cc1ccc(-c2noc(CNCc3ccc(C(=O)NO)cc3)n2)cc1,5.903089986991944,3
Cc1ccc(-c2noc(CNCc3ccc(C(=O)Nc4ccccc4N)cc3)n2)cc1,5.0,1
Cc1ccc(C(=O)N(CC(=O)NC2CCCCC2)CC2CCN(c3ncc(C(=O)NO)cn3)CC2)c(C)c1,6.411168274405792,3
Cc1ccc(C(=O)N(Cc2ccc(-c3noc(C(F)(F)F)n3)cn2)c2cccc(F)c2)nn1,5.494850021680094,3
Cc1ccc(C(=O)NCCCCCC(=O)Nc2ccccc2N)cc1,4.97061622231479,3
Cc1ccc(C(=O)NO)cc1C(=O)Nc1ccc(Cl)cc1,6.950851231752651,6
Cc1ccc(C(=O)NO)cc1NC(=O)c1ccc2ccccc2n1,7.519997829425243,3
Cc1ccc(C(=O)NO)cc1NC(=O)c1ccccc1,6.690369832574102,3
Cc1ccc(C(=O)NO)cc1NC1CCCCC1,6.98213268128272,3
Cc1ccc(C(=O)NO)cc1NCCCc1ccccc1,6.605548319173782,3
Cc1ccc(C(=O)NO)cc1NCCc1ccccc1,6.886056647693163,3
Cc1ccc(C(=O)NO)cc1NCc1c(Cl)cccc1Cl,6.474955192963154,3
Cc1ccc(C(=O)NO)cc1NCc1ccc(-c2ccccc2)cc1,6.643974142806878,3
Cc1ccc(C(=O)NO)cc1NCc1ccc(Cl)cc1,6.79317412396815,3
Cc1ccc(C(=O)NO)cc1NCc1ccc(Cl)cc1Cl,7.455931955649724,3
Cc1ccc(C(=O)NO)cc1NCc1ccc2ccccc2c1,6.92445303860747,3
Cc1ccc(C(=O)NO)cc1NCc1ccccc1,6.585026652029182,3
Cc1ccc(C(=O)NO)cc1NCc1ccccc1Cl,6.543633966870956,3
Cc1ccc(C(=O)NOCCCCCC(=O)NO)cc1C,6.079354998593213,3
Cc1ccc(C(=O)N[C@@H](Cc2ccc(OCCc3ccccc3)cc2)C(=O)NO)cc1,4.279840696594043,3
Cc1ccc(C(=O)N[C@@H](Cc2ccc(OCCc3ccccc3)cc2)C(=O)O)cc1,3.4138629747692066,2
Cc1ccc(C(=O)N[C@@H](Cc2ccc(OCc3ccccc3)cc2)C(=O)NO)cc1,4.512861624522814,3
Cc1ccc(C(=O)N[C@@H](Cc2ccc(OCc3ccccc3)cc2)C(=O)O)cc1,3.0,1
Cc1ccc(C(=O)N[C@H](COc2cccc(/C=C/C(=O)NO)c2)Cc2c[nH]c3ccccc23)cc1,6.6595558851598815,1
Cc1ccc(C(=O)Nc2ccc(C(=O)NO)cc2)cc1,7.662889938958643,3
Cc1ccc(C(=O)c2ccc3c(ccn3Cc3ccc(C(=O)NO)cc3)c2)cc1,5.826813731587726,3
Cc1ccc(C(=O)c2ccc3c(ccn3S(=O)(=O)c3cccc(/C=C/C(=O)NO)c3)c2)cc1,5.3487219860018556,3
Cc1ccc(C/C(=N\O)C(=O)NCCSSCCNC(=O)/C(Cc2ccc(C)cc2)=N/O)cc1,6.585026652029182,2
Cc1ccc(C2=N[C@@H](CC(=O)NCc3ccc(C(=O)NO)cc3)c3nnc(C)n3-c3ccccc32)cc1,5.236572006437063,1
Cc1ccc(C2=N[C@@H](CC(=O)Nc3ccc(/C=C/C(=O)NO)cc3)c3nnc(C)n3-c3ccccc32)cc1,6.200659450546418,1
Cc1ccc(C2=N[C@@H](CC(=O)Nc3ccc(C(=O)NO)cc3)c3nnc(C)n3-c3ccccc32)cc1,6.886056647693163,1
Cc1ccc(C2=N[C@@H](CC(=O)Nc3ccc(CC(=O)NO)cc3)c3nnc(C)n3-c3ccccc32)cc1,5.42021640338319,1
Cc1ccc(C2CC(=O)N(CCCCCC(=O)NO)c3ccccc3S2(=O)=O)cc1,7.376750709602099,1
Cc1ccc(C2CC(=O)N(CCCCCC(=O)NO)c3ccccc3S2)cc1,6.910094888560602,1
Cc1ccc(C2CC(c3ccc(F)cc3)=NN2C(=O)COc2ccc(/C=C3/SC(=O)NC3=O)cc2)cc1,4.301029995663981,1
Cc1ccc(C2CC(c3ccc(F)cc3F)=NN2C(=O)COc2ccc(/C=C3/SC(=O)NC3=O)cc2)cc1,4.301029995663981,1
Cc1ccc(C2CC(c3ccccc3)=NN2C(=O)COc2ccc(/C=C3/SC(=O)NC3=O)cc2)cc1,4.508638306165727,3
Cc1ccc(CC[N+]23CCC(CC2)[C@@H](OC(=O)C2(C4=CC=CC4)CCCCCC2)C3)s1,5.559090917934782,1
Cc1ccc(CN(Cc2ccc(C(=O)NO)cc2)S(=O)(=O)c2c(F)c(F)c(F)c(F)c2F)cc1,6.995678626217358,3
Cc1ccc(CN2C(=O)N(c3ccc(Cl)cc3)C(=O)C2CCC(=O)Nc2ccc(C(=O)NO)cc2)cc1,4.0,1
Cc1ccc(CN2CCC(c3noc(CN(C)c4ncc(C(=O)NO)cn4)n3)CC2)cc1,6.585026652029182,3
Cc1ccc(CN2CCC=C(CCC(=O)NO)C2=O)cc1,5.6777807052660805,1
Cc1ccc(CNC(=O)CN(CCCCCC(=O)Nc2ccccc2N)C(=O)c2cc(C)cc(C)c2)cc1,5.344402892966002,2
Cc1ccc(CNCCCCNC(=O)CCCCC(=O)NO)cc1,4.253132372149571,1
Cc1ccc(CNCCCCNC(=O)CCCCCCC(=O)NO)cc1,4.329754146925876,1
Cc1ccc(COc2cccc3ccc(C(=O)NCc4ccc(C(=O)NO)cc4)nc23)cc1,6.168621084159213,2
Cc1ccc(Cc2cn(CCCCCC(=O)NO)c3ccc(-c4c(C)noc4C)cc23)cc1,6.536107011014092,1
Cc1ccc(Cc2cn(CCCCCCC(=O)NO)c3ccc(-c4c(C)noc4C)cc23)cc1,6.536107011014092,1
Cc1ccc(Cn2cc3ccc(C(=O)NO)cc3n2)cc1,6.1555228242543185,1
Cc1ccc(N)c(NC(=O)c2ccc(CNC(=O)OCc3cccnc3)cc2)c1,5.552841968657781,4
Cc1ccc(NC(=O)C(Cc2c[nH]c3ccccc23)NC(=O)c2ccc(/C=C/C(=O)NO)cc2)cc1,6.769551078621726,1
Cc1ccc(NC(=O)C(Cc2c[nH]c3ccccc23)NC(=O)c2ccc(C(=O)NO)cc2)cc1,5.259637310505756,3
Cc1ccc(NC(=O)CCCCCC(=O)Nc2ccccc2N)cc1,4.0,1
Cc1ccc(NC(=O)CCCCCCC(=O)NO)cc1,6.4736607226101555,3
Cc1ccc(NC(=O)CN(CCCCCC(=O)NO)C(=O)c2ccc(N(C)C)cc2)cc1,5.170053304058364,3
Cc1ccc(NC(=O)COc2ccc3cc(/C=C4/SC(=O)NC4=O)ccc3c2)cc1,5.045757490560675,3
Cc1ccc(NC(=O)COc2ccc3cc(/C=C4/SC(=O)NC4=O)ccc3c2)cc1Cl,4.301029995663981,1
Cc1ccc(NC(=O)[C@@H](NC(=O)Nc2ccc(C(=O)NCCCCCC(=O)NO)cc2)c2ccccc2)cc1,5.729088360589518,1
Cc1ccc(NC(=O)[C@@H](NC(=O)c2ccc(C(=O)NO)cc2)c2c[nH]c3ccccc23)cc1,6.19520279538739,2
Cc1ccc(NC(=O)[C@@H]2Cc3ccc(OCC(=O)NO)cc3CN2)c(C)c1,5.4698003017969175,1
Cc1ccc(NC(=O)[C@@H]2Cc3ccc(OCC(=O)NO)cc3CN2)c(C)c1.Cl,5.4698003017969175,2
Cc1ccc(NC(=O)[C@@H]2Cc3ccc(OCC(=O)NO)cc3CN2)cc1,5.417936637088291,1
Cc1ccc(NC(=O)[C@@H]2Cc3ccc(OCC(=O)NO)cc3CN2)cc1.Cl,5.417936637088291,2
Cc1ccc(NC(=O)[C@@H]2Cc3ccc(OCC(=O)NO)cc3CN2C(=O)OC(C)(C)C)c(C)c1,5.422508200162774,3
Cc1ccc(NC(=O)[C@@H]2Cc3ccc(OCC(=O)NO)cc3CN2C(=O)OC(C)(C)C)cc1,5.782516055786093,3
Cc1ccc(NC(=O)[C@H](CCCCCC(=O)NO)NC(=O)[C@H]2CCC(=O)N2)cc1,6.806875401645538,3
Cc1ccc(NC(=O)[C@H](CCCCCS)NC(=O)[C@@H]2CCCC(=O)N2)cc1,6.443697499232712,3
Cc1ccc(NC(=O)[C@H](Cc2c[nH]c3ccccc23)NC(=O)/C=C/c2ccc(C(=O)NO)cc2)cc1,7.638272163982407,1
Cc1ccc(NC(=O)[C@H](Cc2c[nH]c3ccccc23)NC(=O)c2ccc(C(=O)NO)cc2)cc1,6.328855007513338,7
Cc1ccc(NC(=O)c2ccc(CNC(=O)OCc3cccnc3)cc2)c(N)c1,4.0,1
Cc1ccc(NC(=O)c2ccc(Cn3cnc4c(Cl)nc(Cl)nc43)cc2)c(N)c1,4.601365675461608,1
Cc1ccc(NC(=O)c2ccc(N3CCN(C)CC3)cc2)c(N)c1,5.3979400086720375,1
Cc1ccc(NC(=O)c2ccc3c(c2)N(Cc2ccc(C(=O)NO)cc2)c2ccccc2S3)nc1,7.096910013008056,1
Cc1ccc(NCc2ccc(-c3noc(C(F)(F)F)n3)c(F)c2)cn1,5.4089353929735005,3
Cc1ccc(NCc2ccc(-c3noc(C(F)(F)F)n3)cn2)cn1,5.7447274948966935,3
Cc1ccc(NCc2ccc(-c3noc(C(F)(F)F)n3)cn2)nn1,5.552841968657781,3
Cc1ccc(NS(=O)(=O)Nc2nc(C(=O)NO)cs2)cc1,7.443697499232712,1
Cc1ccc(Nc2nc(Cl)nc3c2ncn3CCCCCCCC(=O)NO)cc1,7.823908740944319,1
Cc1ccc(Nc2nccc(N(C)c3ccc4c(C)n(C)nc4c3)n2)cc1C(=O)NCCCCCC(=O)NO,6.086186147616283,1
Cc1ccc(OCCCCN(Cc2ccccc2)Cc2ccc(/C=C/C(=O)NO)o2)cc1,5.882728704344236,1
Cc1ccc(OCCCN(Cc2ccc(-c3ccccc3)cc2)Cc2ccc(/C=C/C(=O)NO)o2)cc1,5.779891911959945,1
Cc1ccc(OCCCN(Cc2ccccc2)Cc2ccc(/C=C/C(=O)NO)o2)cc1,5.5951662833800615,1
Cc1ccc(OCCN(CCc2ccc3c(c2)OCO3)Cc2ccc(/C=C/C(=O)NO)o2)cc1,6.075720713938118,1
Cc1ccc(OCCN(Cc2ccc(-c3ccccc3)cc2)Cc2ccc(/C=C/C(=O)NO)o2)cc1,5.767003889607846,1
Cc1ccc(OCCN(Cc2ccccc2)Cc2ccc(/C=C/C(=O)NO)o2)cc1,5.7281583934635005,1
Cc1ccc(S(=O)(=O)N2CCN(c3ncc(/C=C/C(=O)NO)s3)CC2)cc1,6.259637310505756,1
Cc1ccc(S(=O)(=O)N2CCN(c3ncc(C(=O)NO)s3)CC2)cc1,8.545757490560675,2
Cc1ccc(S(=O)(=O)N[C@@H](Cc2ccc(OCCc3ccccc3)cc2)C(=O)NO)cc1,4.0835460514500745,3
Cc1ccc(S(=O)(=O)N[C@@H](Cc2ccc(OCCc3ccccc3)cc2)C(=O)O)cc1,3.0,1
Cc1ccc(S(=O)(=O)N[C@@H](Cc2ccc(OCc3ccccc3)cc2)C(=O)NO)cc1,4.372634143407267,3
Cc1ccc(S(=O)(=O)N[C@@H](Cc2ccc(OCc3ccccc3)cc2)C(=O)O)cc1,3.296966695266314,2
Cc1ccc(S(=O)(=O)Nc2ccc(/C=C/C(=O)NO)cc2)cc1,6.522878745280337,3
Cc1ccc(S(=O)(=O)Nc2ccc(CN3CCC=C(CCC(=O)NO)C3=O)cc2)cc1,6.229147988357855,1
Cc1ccc2[nH]c(=O)c(CN(CCO)C(=O)Nc3ccccc3F)cc2c1,2.3705904008972807,1
Cc1ccc2c(=O)n(CCc3ccccc3)c(=O)n(Cc3ccc(C(=O)NO)cc3)c2c1,5.598427154323555,6
Cc1ccc2c(CN[C@H]3CC[C@@H](Nc4ncc(C(=O)NO)cn4)CC3)cn(C)c2c1,7.366531544420414,1
Cc1ccc2c(CN[C@H]3CC[C@@H](Nc4ncc(C(=O)NO)cn4)CC3)cn(C)c2c1.Cl,7.366531544420414,2
Cc1ccc2c(c1)/C(=C1/Nc3ccccc3/C1=N\O)C(=O)N2CCCCCCC(=O)NO,7.7447274948966935,1
Cc1ccc2c(c1)/C(=C1/Nc3ccccc3/C1=N\O)C(=O)N2Cc1ccc(/C=C/C(=O)NO)cc1,7.698970004336019,1
Cc1ccc2c(c1)/C(=C1/Nc3ccccc3/C1=N\O)C(=O)N2Cc1ccc(C(=O)NO)cc1,8.301029995663981,1
Cc1ccc2c(c1)C1=NCCCN1C(=S)S2,7.244125144327508,3
Cc1ccc2c(c1)C1=NCCN1C(=S)S2,5.886056647693163,3
Cc1ccc2c(c1)SC(=S)N1CCCN=C21,6.0,3
Cc1ccc2c(c1)SC(=S)N1CCN=C21,4.886056647693163,3
Cc1ccc2c(cnn2C(Cc2ccccc2)C(=O)NO)c1,6.903089986991944,3
Cc1ccc2c(cnn2C(Cc2ccccc2)C(=O)NO)n1,6.425968732272281,3
Cc1ccc2c(n1)=CCC(C1=CN(C)C([C@@H](N)CCCCCC(=O)C3NC=CO3)N1)C=2,4.698970004336019,1
Cc1ccc2c(n1)=CCC(C1=CNC(C(N)CCCCCC(=O)C3NC=CO3)O1)C=2,5.096910013008056,1
Cc1ccc2c(n1)=CCC(C1=CNC([C@@H](N)CCCCCC(=O)C3NC=CO3)N1)C=2,5.698970004336019,1
Cc1ccc2c(n1)=CCC(C1=CNC([C@H](CCCCCC(=O)C3NC=CO3)NC(=O)C3=NOC4(CCN(C)CC4)C3)O1)C=2,6.6020599913279625,1
Cc1ccc2c(n1)=CCC(C1=CNC([C@H](CCCCCC(=O)C3NC=CO3)NC(=O)[C@H]3CC34CCN(C)CC4)O1)C=2,5.301029995663981,1
Cc1ccc2c(n1)=CCC(C1=CNC([C@H](CCCCCC(=O)C3NC=CO3)NC3CCN(C)CC3)N1)C=2,5.161150909262744,1
Cc1ccc2c(n1)=CCC(C1=CNC([C@H](CCCCCC(=O)C3NC=CO3)NCc3ccccc3)N1)C=2,5.309803919971486,1
Cc1ccc2cc(-c3c[nH]c([C@H](CCCCCC(=O)c4ccon4)NC(=O)C4CN(C)C4)n3)ccc2n1,8.443697499232712,1
Cc1ccc2cc(-c3c[nH]c([C@H](CCCCCC(=O)c4ccon4)NC(=O)[C@H]4CC45CCN(C)CC5)n3)ccc2n1,8.244125144327509,1
Cc1ccc2cc(-c3cnc(C(CCCCCC(=O)c4ncco4)NC(=O)[C@H]4CC45CCN(C)CC5)o3)ccc2n1,6.2839966563652006,1
Cc1ccc2cc(-c3cnc([C@@H](N)CCCCCC(=O)c4ncco4)[nH]3)c(Cl)cc2n1,5.823908740944319,1
Cc1ccc2cc(-c3cnc([C@H](CCCCCC(=O)C4NC=CO4)N4CCOCC4)[nH]3)ccc2n1,4.920818753952375,1
Cc1ccc2cc(-c3cnc([C@H](CCCCCC(=O)C4NC=CO4)NC4CCOCC4)[nH]3)ccc2n1,4.769551078621726,1
Cc1ccc2cc(C(=O)NO)sc2c1,5.75448733218585,1
Cc1ccc2cc(C(=O)NO)sc2c1F,6.339134521996131,1
Cc1ccc2cn(C(Cc3ccccc3)C(=O)NO)nc2c1,6.301029995663981,1
Cc1ccc2nc3c4ccccc4c(NCCCCCCC(=O)NO)nn3c(=O)c2c1,7.0692217776358985,3
Cc1ccc2nc3c4ccccc4c(NCCCCCCCC(=O)NO)nn3c(=O)c2c1,7.0171262076282686,3
Cc1ccc2nn(C(Cc3ccccc3)C(=O)NO)c(C#CC3CC3)c2c1,7.301029995663981,1
Cc1ccc2nn(C(Cc3ccccc3)C(=O)NO)cc2c1,6.301029995663981,1
Cc1ccc2nn(C(Cc3ccccc3)C(=O)NO)cc2n1,6.301029995663981,1
Cc1cccc(-c2ccc(Cn3cccc(O)c3=S)cc2)c1,5.602755418989614,6
Cc1cccc(-c2cn(CCCCCC(=O)NO)nn2)c1,7.494850021680094,1
Cc1cccc(-c2cn(CCCCCn3cccc(O)c3=S)nn2)c1,5.779891911959946,6
Cc1cccc(-c2ncc(/C=C/C(=O)Nc3ccccc3N)s2)c1,6.09151498112135,1
Cc1cccc(C(=O)NO)c1,5.481486060122112,2
Cc1cccc(C(=O)NOCCCCCC(=O)NO)c1,5.981715691573469,3
Cc1cccc(CCNC(=O)CCCCCCS)c1,6.609064892896622,3
Cc1cccc(CCNC(=O)[C@H](CCCCCS)NC(=O)[C@@H]2CCCC(=O)N2)c1,7.769551078621727,3
Cc1cccc(CCOc2cc(-c3noc(C(F)(F)F)n3)ccn2)n1,5.337242168318426,3
Cc1cccc(CN2CCC=C(CCC(=O)NO)C2=O)c1,5.721246399047171,1
Cc1cccc(Cc2cn(CCCCCC(=O)NO)c3ccc(-c4c(C)noc4C)cc23)c1,6.536107011014092,1
Cc1cccc(Cc2cn(CCCCCCC(=O)NO)c3ccc(-c4c(C)noc4C)cc23)c1,6.536107011014092,1
Cc1cccc(Cn2nc(C(=O)NCCCCCCC(=O)NO)c3c2-c2ccc(-c4c(C)noc4C)cc2CC3)c1,6.0,1
Cc1cccc(Cn2nc3c(c2C(=O)NCCCCCCC(=O)NO)CCc2cc(-c4c(C)noc4C)ccc2-3)c1,6.0,1
Cc1cccc(N2CCC(NCc3ccc(-c4noc(C(F)(F)F)n4)cc3)CC2)c1,5.853871964321762,3
Cc1cccc(NC(=O)CCCCCCC(=O)NO)c1,6.281498311132726,3
Cc1cccc(NC(=O)COc2ccc3cc(/C=C4/SC(=O)NC4=O)ccc3c2)n1,5.1249387366083,3
Cc1cccc(NC(=O)[C@@H](NC(=O)Nc2ccc(C(=O)NCCCCCC(=O)NO)cc2)c2ccccc2)c1,5.878112014896319,1
Cc1cccc(NC(=O)[C@@H]2Cc3ccc(OCC(=O)NO)cc3CN2)c1,5.441291429466834,1
Cc1cccc(NC(=O)[C@@H]2Cc3ccc(OCC(=O)NO)cc3CN2)c1.Cl,5.441291429466834,2
Cc1cccc(NC(=O)[C@@H]2Cc3ccc(OCC(=O)NO)cc3CN2C(=O)OC(C)(C)C)c1,5.752026733638193,3
Cc1cccc(NC(=O)[C@H](CCCCCC(=O)NO)NC(=O)[C@H]2CCC(=O)N2)c1,7.2839966563652006,6
Cc1cccc(NC(=O)[C@H](CCCCCS)NC(=O)[C@@H]2CCC(=O)N2)c1,6.97469413473523,3
Cc1cccc(NC(=O)[C@H](CCCCCS)NC(=O)[C@@H]2CCCC(=O)N2)c1,6.8696662315049934,3
Cc1cccc(NC(=O)[C@H](CCCCCS)NC(=O)[C@H]2CCC(=O)N2)c1,6.97469413473523,3
Cc1cccc(NC(=O)[C@H](CCCCCS)NC(=O)[C@H]2CCC(=O)N2C)c1,7.00436480540245,3
Cc1cccc(NC(=O)c2ccc(CNC(=O)OCc3cccnc3)cc2)c1N,4.0,1
Cc1cccc(S(=O)(=O)Nc2ccc(/C=C/C(=O)NO)cc2)c1,7.0,3
Cc1cccc2c(C#CC3CC3)n(C(Cc3ccccc3)C(=O)NO)nc12,7.301029995663981,1
Cc1cccc2c(C(=O)N3CCN(Cc4ccc(C(=O)NO)cc4)CC3)c[nH]c12,4.301029995663981,1
Cc1cccc2c1C1=NCCCN1C(=S)S2,6.886056647693163,3
Cc1cccc2c1C1=NCCN1C(=S)S2,5.769551078621727,3
Cc1cccc2c1SC(=S)N1CCCN=C21,4.301029995663981,1
Cc1cccc2c1SC(=S)N1CCN=C21,4.508638306165727,3
Cc1cccc2c1cnn2C(Cc1ccccc1)C(=O)NO,6.301029995663981,1
Cc1cccc2cn(C(Cc3ccccc3)C(=O)NO)nc12,6.301029995663981,1
Cc1cccc2nn(C(Cc3ccccc3)C(=O)NO)cc12,6.301029995663981,1
Cc1cccc2sc(NC(=O)COc3ccc4cc(/C=C5/SC(=O)NC5=O)ccc4c3)nc12,5.236572006437063,3
Cc1ccccc1-c1ccc(Cn2cccc(O)c2=S)cc1,5.5079383954874,6
Cc1ccccc1-c1cn(CCCCCC(=O)NO)nn1,7.769551078621726,1
Cc1ccccc1-c1cn(CCCCCCC(=O)NO)nn1,8.55284196865778,1
Cc1ccccc1-c1cn(CCCCCn2cccc(O)c2=S)nn1,5.619426996933112,6
Cc1ccccc1-n1sc2cc(F)ccc2c1=O,6.180456064458131,3
Cc1ccccc1CN1CCC=C(CCC(=O)NO)C1=O,5.527243550682788,1
Cc1ccccc1Cc1cn(CCCCCC(=O)NO)c2ccc(-c3c(C)noc3C)cc12,6.536107011014092,1
Cc1ccccc1Cc1cn(CCCCCCC(=O)NO)c2ccc(-c3c(C)noc3C)cc12,6.536107011014092,1
Cc1ccccc1Cn1c(SCc2ccc(C(=O)NO)cc2)nc2ccccc21,4.468521082957745,1
Cc1ccccc1NC(=O)C(Cc1c[nH]c2ccccc12)NC(=O)c1ccc(/C=C/C(=O)NO)cc1,6.638272163982407,1
Cc1ccccc1NC(=O)[C@@H](NC(=O)Nc1ccc(C(=O)NCCCCCC(=O)NO)cc1)c1ccccc1,5.872895201635192,1
Cc1ccccc1NC(=O)[C@@H]1Cc2ccc(OCC(=O)NO)cc2CN1,5.384049948343598,1
Cc1ccccc1NC(=O)[C@@H]1Cc2ccc(OCC(=O)NO)cc2CN1.Cl,5.384049948343598,2
Cc1ccccc1NC(=O)[C@@H]1Cc2ccc(OCC(=O)NO)cc2CN1C(=O)OC(C)(C)C,5.3979400086720375,3
Cc1cccn2c(C(Cc3ccccc3)C(=O)NO)cnc12,6.425968732272281,3
Cc1ccncc1COc1ccc(-c2noc(C(F)(F)F)n2)cn1,6.045757490560675,3
Cc1cn(-c2ccc(C(=O)NO)cc2)c2ccccc12,6.040481623027002,1
Cc1cn(C(C)C(=O)N(Cc2ccc(-c3noc(C(F)(F)F)n3)cn2)c2cccc(F)c2)nn1,5.552841968657781,3
Cc1cn(Cc2ccc(C(=O)NO)cc2)c2ccccc12,6.040481623027002,3
Cc1cn([C@@H]2CO[C@@H](CO)O2)c(=O)[nH]c1=O,6.555955204081924,1
Cc1cnc(Nc2ccc(OCCCCCCC(=O)NO)c(F)c2)nc1Nc1cccc(S(=O)(=O)NC(C)(C)C)c1,7.349485002168009,2
Cc1cnc(Nc2ccc(OCCCCCCC(=O)NO)cc2)nc1Nc1cccc(S(=O)(=O)NC(C)(C)C)c1,7.384775539310863,2
Cc1cnc(Nc2ccc(OCCN3CCCC3)cc2)nc1Nc1ccc(C(=O)NO)cc1,6.795880017344075,3
Cc1cncc(-c2ccnc(NC3CCc4ccc(C(=O)NO)cc4C3)n2)c1,6.2839966563652006,3
Cc1cnccc1OCc1ccc(-c2nnc(C(F)F)o2)cn1,4.259637310505756,1
Cc1cncnc1OCc1ccc(-c2noc(C(F)(F)F)n2)c(F)c1,5.721246399047171,3
Cc1coc(C(=O)CCCCC[C@H](NC(=O)C2CCN(C)CC2)c2nc(-c3ccc(F)cc3)c[nH]2)n1,5.096910013008056,1
Cc1coc(C(=O)CCCCC[C@H](NC(=O)C2CCN(C)CC2)c2ncc(-c3ccc(F)cc3)[nH]2)n1,5.096910013008056,3
Cc1csc(NC(=O)c2cn(CCCCC(=O)NO)c3ccccc3c2=O)n1,10.0,1
Cc1n[nH]c(CC(=O)N(Cc2ccc(-c3noc(C(F)(F)F)n3)cn2)c2cccc(F)c2)n1,5.4685210829577455,3
Cc1n[nH]c2c1CC(NCc1ccc(-c3noc(C(F)(F)F)n3)cn1)CC2,5.5376020021010435,3
Cc1n[nH]cc1-c1cccc2c(C#CC3CC3)n(C(Cc3ccccc3)C(=O)NO)nc12,7.301029995663981,1
Cc1nc(-c2cccc(/C=C/C(=O)NO)c2)n(CCN2CCOCC2)c1-c1ccccc1,7.102372908709558,3
Cc1nc(-c2cccc(/C=C/C(=O)NO)c2)n(CCN2CCOCC2)c1C,6.698970004336019,3
Cc1nc(-c2cccc(/C=C/C(=O)NO)c2)n(CCN2CCOCC2)c1Cc1ccccc1,7.200659450546418,3
Cc1nc(-c2cccc(/C=C/C(=O)NO)c2)n(CCc2ccccc2)c1-c1ccccc1,7.6020599913279625,3
Cc1nc(-c2cccc(/C=C/C(=O)NO)c2)n(CCc2ccccc2)c1C,7.508638306165726,3
Cc1nc(-c2cccc(/C=C/C(=O)NO)c2)n(CCc2ccccc2)c1Cc1ccccc1,7.698970004336019,3
Cc1nc(-c2cccc(/C=C/C(=O)NO)c2)n([C@@H]2CCCN(C(C)C)C2)c1-c1ccccc1,7.3979400086720375,3
Cc1nc(-c2cccc(/C=C/C(=O)NO)c2)n([C@@H]2CCCN(C)C2)c1-c1ccccc1,7.0,3
Cc1nc(-c2ccccc2)n(CCc2ccccc2)c1-c1cccc(/C=C/C(=O)NO)c1,7.301029995663981,3
Cc1nc(C(=O)NCC(=O)NO)cc2c1[nH]c1ccccc12,5.270025714300445,1
Cc1nc(C(=O)NCCC(=O)NO)cc2c1[nH]c1ccccc12,5.610833915635467,1
Cc1nc(C(=O)NCCCC(=O)NO)cc2c1[nH]c1ccccc12,5.917214629683549,1
Cc1nc(C(=O)NCCCCC(=O)NO)cc2c1[nH]c1ccccc12,5.899629454882437,1
Cc1nc(C(=O)NCCCCCC(=O)NO)cc2c1[nH]c1ccccc12,5.844663962534938,1
Cc1nc(C)n(CC(=O)N(Cc2ccc(-c3noc(C(F)(F)F)n3)cc2)c2cccc(C(F)(F)F)c2)n1,5.481486060122112,3
Cc1nc(C)n(CCc2ccccc2)c1-c1cccc(/C=C/C(=O)NO)c1,7.0,3
Cc1nc(COc2cc(-c3noc(C(F)(F)F)n3)ccn2)no1,6.207608310501745,3
Cc1nc(Cc2ccccc2)n(CCc2ccccc2)c1-c1cccc(/C=C/C(=O)NO)c1,7.200659450546418,3
Cc1nc(Cl)cc(OCc2ccc(-c3nnc(C(F)F)o3)cn2)n1,5.259637310505756,1
Cc1nc(Cl)cnc1COc1ccc(-c2noc(C(F)(F)F)n2)cn1,5.568636235841012,3
Cc1nc(N(C)c2ccc(OCC(=O)NO)cc2)c2ccccc2n1,5.927750102386486,3
Cc1nc(N(C)c2ccc(OCCCC(=O)NO)cc2)c2ccccc2n1,5.83416237530987,3
Cc1nc(N(C)c2ccc(OCCCCC(=O)NO)cc2)c2ccccc2n1,5.7700623140920655,3
Cc1nc(N(C)c2ccc(OCCCCCC(=O)NO)cc2)c2ccccc2n1,5.821023052706831,3
Cc1nc(N(C)c2cccc(OCC(=O)NO)c2)c2ccccc2n1,6.0,1
Cc1nc(N(C)c2cccc(OCCCC(=O)NO)c2)c2ccccc2n1,6.0,1
Cc1nc(N(C)c2cccc(OCCCCC(=O)NO)c2)c2ccccc2n1,6.0,1
Cc1nc(N(C)c2cccc(OCCCCCC(=O)NO)c2)c2ccccc2n1,6.0,1
Cc1nc(N2CCC(N)CC2)c(C#N)c(-c2ccc(C#N)c(F)c2)c1-c1ccc(OCCCCCCC(=O)NO)c(O)c1,7.455931955649724,1
Cc1nc(NC(=O)N2C[C@H](NC(=O)c3ccc(C(=O)NO)cn3)C[C@H]2C(N)=O)sc1-c1ccnc(C(C)(C)C(F)(F)F)c1,5.698970004336019,1
Cc1nc(NC(=O)N2C[C@H](NS(=O)(=O)Cc3ccc(C(=O)NO)cc3)C[C@H]2C(N)=O)sc1-c1ccnc(C(C)(C)C(F)(F)F)c1,5.698970004336019,1
Cc1nc(OCc2ccc(-c3noc(C(F)(F)F)n3)c(F)c2)c2cnn(C)c2n1,5.585026652029182,3
Cc1nc2c(/C=C/C(=O)NO)cccc2c(=O)n1-c1ccccc1,6.376750709602099,2
Cc1nc2c(c(=O)[nH]1)CC(NCc1ccc(-c3noc(C(F)(F)F)n3)cc1)CC2,6.6020599913279625,3
Cc1nc2c(c(N(C)c3ccc(OCC(=O)NO)cc3)n1)CCC2,5.526659035814066,3
Cc1nc2c(c(N(C)c3ccc(OCCCC(=O)NO)cc3)n1)CCC2,5.2083093509798815,3
Cc1nc2c(c(N(C)c3ccc(OCCCCC(=O)NO)cc3)n1)CCC2,5.701802132890184,3
Cc1nc2c(c(N(C)c3ccc(OCCCCCC(=O)NO)cc3)n1)CCC2,5.99869906697958,3
Cc1nc2cc(/C=C/C(=O)NO)ccc2c(=O)n1-c1ccccc1,5.649429073744603,5
Cc1nc2cc(/C=C/C(=O)NO)ccc2c(=O)n1CCc1c[nH]c2ccccc12,5.798602875679549,2
Cc1nc2cc(/C=C/C(=O)NO)ccc2c(=O)n1CCc1ccccc1,5.756961951313706,2
Cc1nc2cc(/C=C/C(=O)NO)ccc2c(=O)n1Cc1ccccc1,5.896196279044043,2
Cc1nc2cc(F)ccc2n1Cc1ccc(-c2noc(C(F)(F)F)n2)cc1F,5.086186147616283,3
Cc1nc2cc(OCc3ccc(-c4nnc(C(F)F)o4)cn3)ccc2o1,4.259637310505756,1
Cc1nc2ccc(/C=C/C(=O)NO)cc2c(=O)n1-c1ccccc1,6.215382707367125,2
Cc1nc2ccc(/C=C/CC(=O)NO)cc2c(=O)n1-c1ccccc1,5.428291168191312,3
Cc1nc2ccc(F)cc2n1Cc1ccc(-c2noc(C(F)(F)F)n2)cc1F,5.229147988357855,3
Cc1nc2ccc(F)cc2n1Cc1ccc(-c2noc(C(F)(F)F)n2)cn1,5.251811972993799,3
Cc1nc2cccc(/C=C/C(=O)NO)c2c(=O)n1-c1ccccc1,5.97469413473523,2
Cc1nc2ccccc2n1CCNCc1ccc(/C=C/C(=O)NO)cc1,7.42021640338319,1
Cc1nc2ccccc2n1Cc1ccc(C(=O)NO)cc1F,6.698970004336019,3
Cc1ncc(-c2ccc(C(C(=O)NO)c3ccccc3F)cc2)cn1,5.173925197299173,3
Cc1ncc(C(=O)N(Cc2ccc(-c3noc(C(F)(F)F)n3)cn2)c2cccc(F)c2)cn1,5.481486060122112,3
Cc1ncc(CC(=O)N(Cc2ccc(-c3noc(C(F)(F)F)n3)cn2)c2cccc(F)c2)s1,5.619788758288394,3
Cc1nccc(OCc2ccc(-c3noc(C(F)(F)F)n3)c(F)c2)n1,5.522878745280337,3
Cc1nccc2c(C#CC3CC3)n(C(Cc3ccccc3)C(=O)NO)cc12,7.301029995663981,1
Cc1nccn1C(C)C(=O)N(Cc1ccc(-c2noc(C(F)(F)F)n2)cn1)c1cccc(F)c1,5.769551078621727,3
Cc1nccnc1C(=O)N(Cc1ccc(-c2noc(C(F)(F)F)n2)cn1)c1cccc(F)c1,5.508638306165726,3
Cc1ncsc1CCn1cc(NC(=O)CCS/C=C\c2ccccc2)cn1,4.525783735923745,1
Cc1nn(C)c(C)c1-c1ccc2c(cnn2C(Cc2ccccc2)C(=O)NO)c1,6.425968732272281,3
Cc1nn(C)c(C)c1-c1cccc2cn(C(Cc3ccccc3)C(=O)NO)nc12,6.301029995663981,1
Cc1nnc(CC(=O)N(Cc2ccc(-c3noc(C(F)(F)F)n3)cc2)c2cccc(C(F)(F)F)c2)n1C,5.638272163982407,3
Cc1nnc(CC(=O)N(Cc2ccc(-c3noc(C(F)(F)F)n3)cn2)c2cccc(F)c2)s1,5.886056647693163,3
Cc1nnc2n1-c1ccc(Cl)cc1C(c1ccccc1Cl)=N[C@H]2CC(=O)NCc1ccc(C(=O)NO)cc1,5.468521082957745,1
Cc1nnc2n1-c1ccc(Cl)cc1C(c1ccccc1Cl)=N[C@H]2CC(=O)Nc1ccc(/C=C/C(=O)NO)cc1,7.455931955649724,1
Cc1nnc2n1-c1ccc(Cl)cc1C(c1ccccc1Cl)=N[C@H]2CC(=O)Nc1ccc(CC(=O)NO)cc1,5.356547323513812,1
Cc1nnc2n1-c1ccccc1C(c1ccc(Cl)cc1)=N[C@H]2CC(=O)NCc1ccc(C(=O)NO)cc1,5.568636235841012,1
Cc1nnc2n1-c1ccccc1C(c1ccc(Cl)cc1)=N[C@H]2CC(=O)Nc1ccc(/C=C/C(=O)NO)cc1,6.376750709602099,1
Cc1nnc2n1-c1ccccc1C(c1ccc(Cl)cc1)=N[C@H]2CC(=O)Nc1ccc(C(=O)NO)cc1,6.795880017344075,1
Cc1nnc2n1-c1ccccc1C(c1ccc(Cl)cc1)=N[C@H]2CC(=O)Nc1ccc(CC(=O)NO)cc1,5.552841968657781,1
Cc1nnc2n1-c1ccccc1C(c1ccccc1)=N[C@H]2CC(=O)NCc1ccc(C(=O)NO)cc1,5.552841968657781,1
Cc1nnc2n1-c1ccccc1C(c1ccccc1)=N[C@H]2CC(=O)Nc1ccc(/C=C/C(=O)NO)cc1,7.795880017344075,1
Cc1nnc2n1-c1ccccc1C(c1ccccc1)=N[C@H]2CC(=O)Nc1ccc(C(=O)NO)cc1,7.187086643357144,1
Cc1nnc2n1-c1ccccc1C(c1ccccc1)=N[C@H]2CC(=O)Nc1ccc(CC(=O)NO)cc1,5.187086643357144,1
Cc1nnc2n1-c1sc3c(c1C(c1ccc(Cl)cc1)=N[C@H]2CC(=O)NCc1ccc(C(=O)NO)cc1)CCCC3,5.366531544420413,1
Cc1nnc2n1-c1sc3c(c1C(c1ccc(Cl)cc1)=N[C@H]2CC(=O)Nc1ccc(/C=C/C(=O)NO)cc1)CCCC3,6.823908740944319,1
Cc1nnc2n1-c1sc3c(c1C(c1ccc(Cl)cc1)=N[C@H]2CC(=O)Nc1ccc(C(=O)NO)cc1)CCCC3,7.327902142064282,1
Cc1nnc2n1-c1sc3c(c1C(c1ccc(Cl)cc1)=N[C@H]2CC(=O)Nc1ccc(CC(=O)NO)cc1)CCCC3,5.657577319177793,1
Cc1noc(C)c1-c1cc2cc(C(=O)NO)ccc2s1,6.119186407719209,3
Cc1noc(C)c1-c1ccc2c(c1)CCc1c-2nn(Cc2cccc(F)c2)c1C(=O)NCCCCCCC(=O)NO,6.0,1
Cc1noc(C)c1-c1ccc2c(c1)CCc1c-2nn(Cc2ccccc2)c1C(=O)NCCCCCCC(=O)NO,6.0,1
Cc1noc(C)c1-c1ccc2c(c1)c(CCc1ccc(F)cc1)cn2CCCCCC(=O)NO,6.536107011014092,1
Cc1noc(C)c1-c1ccc2c(c1)c(CCc1ccc(F)cc1)cn2CCCCCCC(=O)NO,6.536107011014092,1
Cc1noc(C)c1-c1ccc2c(c1)c(CCc1ccccc1)cn2CCCCCC(=O)NO,6.536107011014092,1
Cc1noc(C)c1-c1ccc2c(c1)c(CCc1ccccc1)cn2CCCCCCC(=O)NO,6.536107011014092,1
Cc1noc(C)c1-c1ccc2c(c1)c(Cc1ccc(F)cc1)cn2CCCCCC(=O)NO,6.536107011014092,1
Cc1noc(C)c1-c1ccc2c(c1)c(Cc1ccc(F)cc1)cn2CCCCCCC(=O)NO,6.536107011014092,1
Cc1noc(C)c1-c1ccc2c(c1)c(Cc1cccc(C(F)(F)F)c1)cn2CCCCCC(=O)NO,6.536107011014092,1
Cc1noc(C)c1-c1ccc2c(c1)c(Cc1ccccc1)cn2CCCCCC(=O)NO,6.536107011014092,1
Cc1noc(C)c1-c1ccc2c(c1)c(Cc1ccccc1)cn2CCCCCCC(=O)NO,6.536107011014092,1
Cc1noc(C)c1I,4.301029995663981,1
Cc1noc(C2CCCC(=O)N2c2ccc(-c3noc(C(F)(F)F)n3)cc2)n1,5.7447274948966935,3
Cc1noc(CC(=O)N(Cc2ccc(-c3noc(C(F)(F)F)n3)cn2)c2cccc(F)c2)n1,6.0,3
Cc1noc([C@@H]2CCC(=O)N2c2cc(F)c(-c3noc(C(F)(F)F)n3)cc2F)n1,5.080921907623926,3
Cc1noc([C@@H]2CCC(=O)N2c2ccc(-c3noc(C(F)(F)F)n3)c(F)c2)n1,5.173925197299173,3
Cc1noc([C@@H]2CCC(=O)N2c2ccc(-c3noc(C(F)(F)F)n3)c(F)c2F)n1,5.221848749616356,3
Cc1noc([C@@H]2CCC(=O)N2c2ccc(-c3noc(C(F)(F)F)n3)cc2)n1,5.853871964321762,3
Cc1noc([C@@H]2CCC(=O)N2c2ccc(-c3noc(C(F)(F)F)n3)cc2F)n1,5.2839966563652006,3
Cc1noc([C@@H]2CCCCN2c2ccc(-c3noc(C(F)(F)F)n3)cn2)n1,6.0,3
Cc1noc([C@@H]2COCC(=O)N2c2ccc(-c3noc(C(F)(F)F)n3)cc2)n1,5.522878745280337,3
Cc1noc([C@H]2CCCCN2c2cc(F)c(-c3noc(C(F)(F)F)n3)cc2F)n1,4.5376020021010435,3
Cc1noc([C@H]2CCCCN2c2ccc(-c3noc(C(F)(F)F)n3)cn2)n1,5.920818753952375,3
Cc1noc2cc(-c3c(-c4ccc(C#N)c(F)c4)nc(N4CCC(NCc5ccc(/C=C/C(=O)NO)cc5)CC4)n4ccnc34)c(F)cc12,7.066856330457902,2
Cc1noc2cc(-c3cnc(N4CCC(NCc5ccc(/C=C/C(=O)NO)cc5)CC4)c(C#N)c3-c3ccc(C#N)c(F)c3)c(F)cc12,7.053702288585551,2
Cc1noc2cc(-c3cnc(N4CCC(NCc5ccc(/C=C/C(=O)NO)cn5)CC4)c(C#N)c3-c3ccc(C#N)c(F)c3)c(F)cc12,7.431798275933005,1
Cc1noc2cccc(OCc3ccc(-c4nnc(C(F)F)o4)cn3)c12,4.259637310505756,1
Cc1nonc1C1CCCN1c1ccc(-c2noc(C(F)(F)F)n2)cn1,5.7447274948966935,3
Cc1nonc1CC(=O)N(Cc1ccc(-c2noc(C(F)(F)F)n2)cn1)c1cccc(F)c1,5.455931955649724,3
Cc1o[n+](C)c(C)c1I,5.5376020021010435,3
Cc1oc2ccc(OCC(=O)NN)cc2c1C(=O)OC(C)C,8.568636235841012,3
Cc1sc2c(c1C)C(c1ccc(Cl)cc1)=N[C@@H](CC(=O)NCCCC(=O)Nc1ccccc1N)c1nnc(C)n1-2,7.508638306165726,3
Cc1sc2c(c1C)C(c1ccc(Cl)cc1)=N[C@@H](CC(=O)Nc1ccc(C(=O)NO)cc1)c1nnc(C)n1-2,7.317374980027469,8
Cc1sc2c(c1C)C(c1ccc(Cl)cc1)=N[C@@H](CC(=O)OC(C)(C)C)c1nnc(C)n1-2,6.536107011014092,1
Cl.Cl.NCCCC[C@H](N)C(=O)N1CC2(C[C@H]1C(=O)NCCCCCC(=O)NO)SCCS2,5.3214816209598865,2
Cl.Cl.NCc1ccc(OCc2ccc(C(=O)Nc3ccccc3N)cc2)cc1,5.0,1
Cl.Cl.Nc1ccccc1NC(=O)c1ccc(COc2ccc(CNC(=O)[C@@H]3CCCN3)cc2)cc1,5.0,1
Cl.Cl.Nc1ccccc1NC(=O)c1ccc(COc2ccc(CNC(=O)[C@H]3CCCN3)cc2)cc1,5.0,1
Cl.Cn1cc(CN2CC3(CCN(c4ncc(C(=O)NO)cn4)C3)C2)c2ccc(C#N)cc21,7.52432881167557,2
Cl.Cn1cc(CNCC2CCN(c3ncc(C(=O)NO)cn3)CC2)c2ccccc21,8.036212172654444,2
Cl.NCC(=O)N1CC2(C[C@H]1C(=O)NCCCCCC(=O)NO)SCCS2,5.886056647693163,2
Cl.NCCC(=O)N1CC2(C[C@H]1C(=O)NCCCCCC(=O)NO)SCCS2,5.714442690992226,2
Cl.NCCCC(=O)N1CC2(C[C@H]1C(=O)NCCCCCC(=O)NO)SCCS2,5.3851027839668655,2
Cl.N[C@@H](CO)C(=O)N1CC2(C[C@H]1C(=O)NCCCCCC(=O)NO)SCCS2,5.598599459218455,2
Cl.N[C@@H](Cc1c[nH]c2ccccc12)C(=O)N1CC2(C[C@H]1C(=O)NCCCCCC(=O)NO)SCCS2,6.161150909262744,2
Cl.N[C@@H](Cc1ccc(O)cc1)C(=O)N1CC2(C[C@H]1C(=O)NCCCCCC(=O)NO)SCCS2,6.309803919971486,2
Cl.N[C@@H](Cc1ccc(OCC(=O)NO)cc1)C(=O)Nc1ccccc1,6.330683119433887,2
Cl.N[C@@H](Cc1ccccc1)C(=O)N1CC2(C[C@H]1C(=O)NCCCCCC(=O)NO)SCCS2,6.075720713938118,2
Cl.N[C@H](Cc1ccc(Cl)cc1Cl)C(=O)N1CCc2ccccc2C1,5.686132779630847,2
Cl.N[C@H](Cc1ccc(Cl)cc1Cl)C(=O)N1Cc2ccc(NC(=O)CCc3ccccc3)cc2C1,6.586700235918748,2
Cl.N[C@H](Cc1ccc(Cl)cc1Cl)C(=O)N1Cc2ccc(NC(=O)Cc3ccccc3)cc2C1,6.634512015109101,2
Cl.N[C@H](Cc1ccc(Cl)cc1Cl)C(=O)N1Cc2ccccc2C1,6.6777807052660805,2
Cl.N[C@H](Cc1ccc(Cl)cc1Cl)C(=O)NC1Cc2ccccc2C1,5.05749589383192,2
Cl.N[C@H](Cc1ccc(Cl)cc1Cl)C(=O)NCCCc1ccccc1,5.6968039425795105,2
Cl.N[C@H](Cc1ccc(Cl)cc1Cl)C(=O)NCCc1c[nH]c2ccc(O)cc12,5.752026733638193,2
Cl.N[C@H](Cc1ccc(Cl)cc1Cl)C(=O)NCCc1c[nH]c2ccccc12,6.013228265733755,2
Cl.N[C@H](Cc1ccc(Cl)cc1Cl)C(=O)NCCc1ccc(O)c(O)c1,5.684029654543082,2
Cl.N[C@H](Cc1ccc(Cl)cc1Cl)C(=O)NCCc1ccc(O)cc1,5.903089986991944,2
Cl.N[C@H](Cc1ccc(Cl)cc1Cl)C(=O)NCCc1ccccc1,5.6020599913279625,2
Cl.N[C@H](Cc1ccc(Cl)cc1Cl)C(=O)NCCc1cccnc1,5.414539270491499,2
Cl.N[C@H](Cc1ccc(Cl)cc1Cl)C(=O)NCc1ccccc1,5.368556230986828,2
Cl.N[C@H](Cc1ccc(Cl)cc1Cl)C(=O)NCc1cccs1,5.522878745280337,2
Cl.N[C@H](Cc1ccc(Cl)cc1Cl)C(=O)Nc1ccc2[nH]c3ccccc3c2c1,4.978810700930062,2
Cl.N[C@H](Cc1ccc(O)cc1)C(=O)N1CCc2ccccc2C1,4.671620396561262,2
Cl.N[C@H](Cc1ccc(O)cc1)C(=O)N1Cc2ccccc2C1,5.368556230986828,2
Cl.N[C@H](Cc1ccccc1)C(=O)N1CCN(c2ccccc2)CC1,3.221848749616356,1
Cl.N[C@H](Cc1ccccc1)C(=O)N1CCc2ccccc2C1,4.97061622231479,2
Cl.N[C@H](Cc1ccccc1)C(=O)N1Cc2ccccc2C1,5.939302159646388,2
Cl.Nc1ccc2c(c1)CN(C(=O)[C@H](N)Cc1ccc(Cl)cc1Cl)C2,6.886056647693163,2
Cl.O=C(/C=C/c1ccc(-c2cc(CN3CCOCC3)on2)cc1)NO,6.896196279044043,2
Cl.O=C(CCCCCNC(=O)[C@@H]1CC2(CN1)SCCS2)NO,5.586700235918748,2
Cl.O=C(CCCCCNC(=O)[C@@H]1CC2(CN1C(=O)C1CCNCC1)SCCS2)NO,5.554395796726403,2
Cl.O=C(CCCCCNC(=O)[C@@H]1CC2(CN1C(=O)[C@@H]1CCCN1)SCCS2)NO,4.988006885340743,2
Cl.O=C(COc1ccc2c(c1)CN[C@H](C(=O)NCCc1ccccc1)C2)NO,5.39040559077478,2
Cl.O=C(COc1ccc2c(c1)CN[C@H](C(=O)NCc1ccccc1)C2)NO,5.292429823902063,2
Cl.O=C(COc1ccc2c(c1)CN[C@H](C(=O)Nc1ccc(-c3ccccc3)cc1)C2)NO,5.655607726314889,2
Cl.O=C(COc1ccc2c(c1)CN[C@H](C(=O)Nc1ccc(F)c(Cl)c1)C2)NO,5.476253533188435,2
Cl.O=C(COc1ccc2c(c1)CN[C@H](C(=O)Nc1ccc(F)cc1)C2)NO,5.490797477668897,2
Cl.O=C(COc1ccc2c(c1)CN[C@H](C(=O)Nc1cccc(Cl)c1)C2)NO,5.494850021680094,2
Cl.O=C(COc1ccc2c(c1)CN[C@H](C(=O)Nc1cccc3ccccc13)C2)NO,5.97469413473523,2
Cl.O=C(COc1ccc2c(c1)CN[C@H](C(=O)Nc1ccccc1)C2)NO,5.085656842880559,2
Cl.O=C(NO)c1ccc(CN2c3ccccc3Sc3ccccc32)nc1,5.213106674738684,2
Cl.O=C(NO)c1cnc(N2CCC3(CCN(Cc4c[nH]c5ccccc45)C3)CC2)nc1,7.795880017344075,2
Clc1c[nH]cn1,4.301029995663981,1
Clc1ccc2nc3[nH]c4ccccc4c3c(NCCN3CCCC3)c2c1,6.823908740944319,1
Clc1ccccn1,4.301029995663981,1
Clc1cccnc1,4.301029995663981,1
Clc1ccncc1,4.301029995663981,1
Clc1ccncn1,4.301029995663981,1
Clc1cn[nH]c1,4.301029995663981,1
Clc1cnccn1,4.301029995663981,1
Clc1cncnc1,4.301029995663981,1
Clc1ncc[nH]1,4.301029995663981,1
Clc1ncccn1,4.301029995663981,1
Cn1c(-c2ccc(-c3ccccc3)cc2)nc2cc(C(=O)NO)ccc21,7.130768280269024,3
Cn1c(-c2cccc(/C=C/C(=O)NO)c2)nc2ccccc21,7.0,3
Cn1c(/C=C/C(=O)NO)ccc1/C=C/C(=O)c1cccc(F)c1,4.739928612014925,3
Cn1c(/C=C/C(=O)NO)ccc1/C=C/C(=O)c1cccnc1,6.026872146400301,3
Cn1c(/C=C/C(=O)NO)ccc1/C=C/C(=O)c1cccs1,6.0,3
Cn1c(=O)c(OCc2ccc(C(=O)NO)cc2)c(C2CCCCC2)c2ccccc21,5.785156151952303,3
Cn1c(=O)c2ccc(Cl)cc2n(Cc2ccc(C(=O)NO)cc2)c1=O,6.281498311132726,3
Cn1c(=O)ccc2cc(-c3c[nH]c([C@@H](N)CCCCCC(=O)c4ccon4)n3)ccc21,6.823908740944319,1
Cn1c(=O)ccc2cc(C(=O)NCCCCCCC(=O)NO)ccc21,7.142667503568731,3
Cn1c(Br)cc[n+]1C,4.638272163982407,3
Cn1c(CCC(=O)NO)nc2ccccc2c1=O,4.982966660701219,3
Cn1c(CCCC(=O)O)nc2cc(N(CCCl)CCCl)ccc21,6.970616222314791,3
Cn1c(CCCCCCC(=O)NO)nc2cc(N(CCCl)CCCl)ccc21,8.221848749616356,1
Cn1c(CCc2ccccc2)nc2cc(/C=C/C(=O)NO)ccc21,6.661948985410214,7
Cn1c(I)cc[n+]1C,4.721246399047171,3
Cn1c(N)nc2cc(-c3cn(Cc4ccc(-c5nnc(C(F)F)o5)cc4)nn3)ccc21,6.247951552180561,1
Cn1c(OCc2ccc(-c3noc(C(F)(F)F)n3)c(F)c2)nc2ccccc21,6.113509274827518,3
Cn1c(OCc2ccc(-c3noc(C(F)(F)F)n3)c(F)c2)nc2cccnc21,5.886056647693163,3
Cn1c(SCCCCCC(=O)NO)nnc1-c1ccncc1,5.1487416512809245,3
Cn1c(SCCCCCC(=O)Nc2ccccc2N)nnc1-c1ccncc1,5.137868620686962,3
Cn1c(SCCCCCC(=O)O)nnc1-c1ccncc1,4.922632094715843,3
Cn1c(SCc2ccc(C(=O)NO)cc2)nnc1-c1ccncc1,4.526367073126159,3
Cn1c(SCc2ccc(C(=O)Nc3ccccc3N)cc2)nc2cc(Br)ccc2c1=O,5.306273051076353,1
Cn1c(SCc2ccc(C(=O)Nc3ccccc3N)cc2)nnc1-c1ccncc1,5.105130343254747,3
Cn1c([C@@H](Cc2ccccc2)NCc2ccccc2)nc2cc(C(=O)NO)ccc21,6.061914121378389,3
Cn1c([C@@H]2CCC(=O)N2c2ccc(-c3noc(C(F)(F)F)n3)cc2)nc2ccccc21,5.5376020021010435,3
Cn1c([C@@H]2CCC(=O)N2c2ccc(-c3noc(C(F)(F)F)n3)cc2F)nc2ccccc21,5.657577319177793,3
Cn1c2c(c3ccccc31)CN(C(=O)NCc1ccc(C(=O)NO)cc1)CC2,5.383209513670284,3
Cn1c2c(c3ccccc31)CN(C(=O)OCc1ccc(C(=O)NO)cc1)CC2,5.0,1
Cn1c2c(c3ccccc31)CN(Cc1ccc(C(=O)NO)cc1)CC2,5.581036169296378,3
Cn1c2nc3cc(Cl)ccc3c-2cc2ccccc21,6.555955204081924,1
Cn1c2nc3ccc(Cl)cc3c-2cc2ccccc21,6.555955204081924,1
Cn1c2nc3ccccc3c-2cc2cc(Br)ccc21,7.823908740944319,1
Cn1c2nc3ccccc3c-2cc2cc(Cl)ccc21,6.555955204081924,1
Cn1cc(-c2cc3cnn(C(Cc4ccccc4)C(=O)NO)c3cn2)cn1,6.301029995663981,1
Cn1cc(-c2ccc(S(=O)(=O)n3ccc(/C=C/C(=O)Nc4ccccc4N)c3)cc2)cn1,5.0,1
Cn1cc(-c2ccc3c(cnn3C(Cc3ccccc3)C(=O)NO)c2)cn1,6.903089986991944,3
Cn1cc(-c2ccc3nn(C(Cc4ccccc4)C(=O)NO)c(C#CC4CC4)c3c2)cn1,6.903089986991944,3
Cn1cc(-c2cccc3cn(C(Cc4ccccc4)C(=O)NO)nc23)cn1,6.425968732272281,3
Cn1cc(-c2cnc3c(cnn3C(Cc3ccccc3)C(=O)NO)c2)cn1,6.425968732272281,3
Cn1cc(Br)[n+](C)c1,4.698970004336019,3
Cn1cc(Br)c[n+]1C,4.568636235841013,3
Cn1cc(C#N)[n+](C)c1,4.619788758288394,3
Cn1cc(C#N)c[n+]1C,4.301029995663981,1
Cn1cc(C(=O)Cl)cc1/C=C/C(=O)NO,5.015472686656207,3
Cn1cc(C=O)cc1/C=C/C(=O)NO,4.911863911299449,3
Cn1cc(C=O)cc1CCC(=O)NO,4.279344643448276,3
Cn1cc(CCNCc2ccc(/C=C/C(=O)NO)cc2)c2ccccc21,6.312694033863487,5
Cn1cc(CCNS(=O)(=O)c2ccc(/C=C/C(=O)NO)cc2)c2ccccc21,8.244125144327509,1
Cn1cc(CN2CC3(CC(=O)c4cc(/C=C/C(=O)NO)ccc4O3)C2)c2ccccc21,7.207608310501746,1
Cn1cc(CN2CC3(CCN(c4ncc(C(=O)NO)cn4)C3)C2)c2ccc(C#N)cc21,7.522878745280337,1
Cn1cc(CN2CCC(/C=C/C(=O)NO)CC2)c2ccccc21,6.036212172654444,3
Cn1cc(CN2CCC3(CC(=O)c4cc(/C=C/C(=O)NO)ccc4O3)C2)c2ccccc21,7.070581074285707,1
Cn1cc(CN2CCCC3(CC(=O)c4cc(/C=C/C(=O)NO)ccc4O3)C2)c2ccccc21,6.73754891026957,1
Cn1cc(CN2CCCC3(CC2)CC(=O)c2cc(/C=C/C(=O)NO)ccc2O3)c2ccccc21,6.943095148663527,1
Cn1cc(CNCC2CCN(c3ncc(C(=O)NO)cn3)CC2)c2ccccc21,7.603393038309605,25
Cn1cc(Cl)[n+](C)c1,4.795880017344075,3
Cn1cc(Cl)c[n+]1C,4.853871964321762,3
Cn1cc(I)[n+](C)c1,4.508638306165727,3
Cn1cc(I)c[n+]1C,5.045757490560675,3
Cn1cc([C@H]2[C@H](C(=O)NO)[C@@H]2c2ccccc2)cn1,5.173925197299173,2
Cn1cc2cc(-c3cc([C@@H](N)CCCCCC(=O)c4ccon4)no3)ccc2n1,7.0,1
Cn1cc2cc(-n3ccc([C@@H](N)CCCCCC(=O)c4ncco4)n3)ccc2n1,5.366531544420413,1
Cn1cc[n+](C)c1Br,6.481486060122112,3
Cn1cc[n+](C)c1C#N,4.657577319177793,3
Cn1cc[n+](C)c1Cl,6.013228265733755,3
Cn1cc[n+](C)c1I,5.7447274948966935,3
Cn1ccc(CN(Cc2ccc(-c3noc(C(F)(F)F)n3)cc2)c2cccc(C(F)(F)F)c2)n1,4.522878745280337,3
Cn1ccc(NCc2ccc(-c3noc(C(F)(F)F)n3)cn2)cc1=O,5.619788758288394,3
Cn1ccc2c(CCNS(=O)(=O)c3ccc(/C=C/C(=O)NO)cc3)cccc21,7.0,1
Cn1cccc(OCc2ccc(-c3noc(C(F)(F)F)n3)c(F)c2)c1=O,5.657577319177793,3
Cn1cccc1C(=O)N1CCCc2cc(C(=O)NO)ccc2C1,6.050609993355087,2
Cn1cccc1C(=O)N1CCc2cc(C(=O)NO)ccc2C1,5.6777807052660805,5
Cn1cccc1C(=O)N1CCn2cc(C(=O)NO)cc2C1,5.481486060122112,3
Cn1cccc1C(=O)N1Cc2ccc(C(=O)NO)cc2C1,5.886056647693163,2
Cn1cccc1C(=O)NCc1ccc(C(=O)NO)cc1,6.161150909262744,5
Cn1cnc2cc(-c3cnc(N4CCC(NCc5ccc(/C=C/C(=O)NO)cc5)CC4)c(C#N)c3-c3ccc(C#N)c(F)c3)ccc21,7.55395269865476,2
Cn1cnc2cc(/C=C/C(=O)NO)ccc21,6.6968039425795105,3
Cn1cnc2cc(COc3nccc(-c4noc(C(F)(F)F)n4)c3Cl)ccc21,5.795880017344075,3
Cn1cnc2cc(OCc3ccc(-c4nnc(C(F)F)o4)cn3)ccc21,4.259637310505756,1
Cn1cncc1-c1cn(Cc2ccc(C(=O)NO)cc2)c2ccccc12,6.40003691822361,3
Cn1nc(-c2ccc(F)cc2)cc1C(=O)NCCCCCCS,5.494850021680094,1
Cn1nc(C(=O)N(Cc2ccc(-c3noc(C(F)(F)F)n3)cc2)c2cccc(C(F)(F)F)c2)ccc1=O,5.522878745280337,3
Cn1nc(C(Cc2ccccc2)C(=O)NO)c2ccc(-c3ccncc3)cc21,6.903089986991944,3
Cn1nc(C(Cc2ccccc2)C(=O)NO)c2ccc(Cl)cc21,7.301029995663981,1
Cn1nc(C(Cc2ccccc2)C(N)=O)c2ccc(-c3cncnc3)cc21,6.903089986991944,3
Cn1ncc(NCc2ccc(-c3noc(C(F)(F)F)n3)cn2)n1,5.568636235841012,3
Cn1ncc2cc(OCc3ccc(-c4nnc(C(F)F)o4)cn3)ccc21,4.259637310505756,1
Cn1nccc1-c1cc2cnn(C(Cc3ccccc3)C(=O)NO)c2cn1,6.425968732272281,3
Cn1nccc1-c1ccc2c(C(Cc3ccccc3)C(=O)NO)nn(C)c2c1,6.903089986991944,3
Cn1nccc1-c1ccc2c(cnn2C(Cc2ccccc2)C(=O)NO)c1,6.903089986991944,3
Cn1nccc1-c1ccc2c(cnn2C(Cc2ccccc2)C(=O)NO)n1,6.425968732272281,3
Cn1nccc1-c1ccc2cn(C(Cc3ccccc3)C(=O)NO)nc2c1,6.425968732272281,3
Cn1nccc1-c1ccc2nn(C(Cc3ccccc3)C(=O)NO)c(C#CC3CC3)c2c1,7.301029995663981,1
Cn1nccc1-c1ccc2nn(C(Cc3ccccc3)C(=O)NO)cc2c1,6.425968732272281,3
Cn1nccc1-c1cccc2c(C#CC3CC3)n(C(Cc3ccccc3)C(=O)NO)nc12,7.301029995663981,1
Cn1nccc1-c1cccc2c1cnn2C(Cc1ccccc1)C(=O)NO,6.903089986991944,3
Cn1nccc1-c1cccc2cn(C(Cc3ccccc3)C(=O)NO)nc12,6.903089986991944,3
Cn1nccc1-c1cccc2nn(C(Cc3ccccc3)C(=O)NO)cc12,6.425968732272281,3
Cn1nccc1-c1ccn2c(C(Cc3ccccc3)C(=O)NO)cnc2c1,6.425968732272281,3
Cn1nccc1-c1cnc2c(cnn2C(Cc2ccccc2)C(=O)NO)c1,6.425968732272281,3
Cn1nccc1-c1nccc2c(C#CC3CC3)n(C(Cc3ccccc3)C(=O)NO)cc12,7.301029995663981,1
Cn1nccc1-c1nccc2c1cnn2C(Cc1ccccc1)C(=O)NO,6.903089986991944,3
Cn1nccc1-c1nccc2cn(C(Cc3ccccc3)C(=O)NO)nc12,7.301029995663981,1
Cn1nccc1CCOc1cc(-c2noc(C(F)(F)F)n2)ccn1,6.055517327849831,3
Cn1nccc1COc1cc(-c2noc(C(F)(F)F)n2)ccn1,5.795880017344075,3
Cn1nccc1OCc1ccc(-c2noc(C(F)(F)F)n2)c(F)c1,5.318758762624412,3
Cn1nnc2cc(-c3cnc(N4CCC(NCc5ccc(/C=C/C(=O)NO)cc5)CC4)c(C#N)c3-c3ccc(C#N)c(F)c3)ccc21,7.7629939074150744,2
FC(COc1cc(-c2noc(C(F)(F)F)n2)ccn1)CN1CCOCC1,6.0,3
FC(F)(F)c1ccc2c(c1)C1=NCCCN1C(=S)S2,6.080921907623927,3
FC(F)(F)c1cccc(C2COCCN2c2ccc(-c3noc(C(F)(F)F)n3)cn2)c1,4.698970004336019,3
FC(F)(F)c1nc(-c2ccc(CN(c3ccccn3)c3ccccn3)cc2)no1,5.318758762624412,3
FC(F)(F)c1nc(-c2ccc(CNC3CCN(c4ccccn4)CC3)nc2)no1,5.113509274827518,3
FC(F)(F)c1nc(-c2ccc(CNC3CCN(c4ncccn4)C3)cc2)no1,6.167491087293764,3
FC(F)(F)c1nc(-c2ccc(CNC3CCc4[nH]nc(C(F)(F)F)c4C3)cc2)no1,6.045757490560675,3
FC(F)(F)c1nc(-c2ccc(CNC3CCc4ncccc4C3)cc2)no1,6.167491087293764,3
FC(F)(F)c1nc(-c2ccc(CNC3CCc4ncccc4C3)nc2)no1,5.795880017344075,3
FC(F)(F)c1nc(-c2ccc(CNC3Cc4ccccc4C3)nc2)no1,5.376750709602099,3
FC(F)(F)c1nc(-c2ccc(CNCC3CN(Cc4ccccc4)CCO3)nc2)no1,5.721246399047171,3
FC(F)(F)c1nc(-c2ccc(CNCC3CN(c4ccccc4)CCO3)nc2)no1,5.769551078621727,3
FC(F)(F)c1nc(-c2ccc(CNc3[nH]nc4ccccc34)nc2)no1,5.698970004336019,3
FC(F)(F)c1nc(-c2ccc(CNc3c[nH]nn3)nc2)no1,5.721246399047171,3
FC(F)(F)c1nc(-c2ccc(CNc3cc4ccccn4n3)nc2)no1,5.7447274948966935,3
FC(F)(F)c1nc(-c2ccc(CNc3cc[nH]n3)nc2)no1,5.886056647693163,3
FC(F)(F)c1nc(-c2ccc(CNc3ccc4c[nH]nc4c3)cc2)no1,5.657577319177793,3
FC(F)(F)c1nc(-c2ccc(CNc3ccc4ccncc4c3)nc2)no1,6.0655015487564325,3
FC(F)(F)c1nc(-c2ccc(CNc3ccc4nccn4c3)nc2)no1,6.017728766960431,3
FC(F)(F)c1nc(-c2ccc(CNc3cccc4[nH]ncc34)cc2)no1,5.6020599913279625,3
FC(F)(F)c1nc(-c2ccc(CNc3ccccn3)cc2)no1,5.6777807052660805,3
FC(F)(F)c1nc(-c2ccc(CNc3cccnc3)cc2)no1,5.508638306165726,3
FC(F)(F)c1nc(-c2ccc(CNc3cnccn3)cc2)no1,5.721246399047171,3
FC(F)(F)c1nc(-c2ccc(CNc3cnccn3)nc2)no1,6.050609993355086,3
FC(F)(F)c1nc(-c2ccc(CNc3cncnc3)cc2)no1,5.721246399047171,3
FC(F)(F)c1nc(-c2ccc(CNc3cncnc3)nc2)no1,6.017728766960431,3
FC(F)(F)c1nc(-c2ccc(CNc3cnoc3)nc2)no1,5.920818753952375,3
FC(F)(F)c1nc(-c2ccc(CNc3cnsc3)nc2)no1,6.045757490560675,3
FC(F)(F)c1nc(-c2ccc(CNc3ncccn3)cc2)no1,5.4089353929735005,3
FC(F)(F)c1nc(-c2ccc(COc3ccc4ccccc4n3)nc2)no1,4.6777807052660805,3
FC(F)(F)c1nc(-c2ccc(COc3ncccn3)cc2)no1,6.136677139879544,3
FC(F)(F)c1nc(-c2ccc(N3CCCC3c3ccccn3)nc2)no1,5.4685210829577455,3
FC(F)(F)c1nc(-c2ccc(N3CCCC3c3cccnc3)nc2)no1,5.795880017344075,3
FC(F)(F)c1nc(-c2ccc(N3CCCC3c3ccncc3)nc2)no1,5.7447274948966935,3
FC(F)(F)c1nc(-c2ccc(N3CCCCC3c3ccccn3)nc2)no1,5.494850021680094,3
FC(F)(F)c1nc(-c2ccc(N3CCCCC3c3cccnc3)nc2)no1,5.481486060122112,3
FC(F)(F)c1nc(-c2ccc(N3CCNCC3c3ccccc3)nc2)no1,5.7447274948966935,3
FC(F)(F)c1nc(-c2ccc(N3CCNC[C@@H]3c3ccccc3)nc2)no1,6.161150909262744,2
FC(F)(F)c1nc(-c2ccc(N3CCOCC3c3ccccc3Cl)nc2)no1,5.823908740944319,3
FC(F)(F)c1nc(-c2ccc(N3CCOCC3c3cccnc3)nc2)no1,6.0043869621537524,6
FC(F)(F)c1nc(-c2ccc(N3CCOC[C@@H]3c3ccccc3)nc2)no1,5.7447274948966935,3
FC(F)(F)c1nc(-c2ccc(N3CCOC[C@H]3c3ccccc3)nc2)no1,5.568636235841012,3
FC(F)(F)c1nc(-c2ccc(N3CC[NH2+]C[C@@H]3c3ccccc3)nc2)no1,6.161150909262744,1
FC(F)(F)c1nc(-c2ccc(N[C@@H]3CCCC[C@H]3c3ccccc3)nc2)no1,4.585026652029182,3
FC(F)(F)c1nc(-c2ccnc(OC3CCCc4ccc(Cl)nc43)c2)no1,6.070581074285708,3
FC(F)(F)c1nc(-c2ccnc(OCCc3cccc4cn[nH]c34)c2)no1,6.318758762624412,3
FC(F)(F)c1nc(-c2ccnc(OC[C@@H]3C[C@@H]3c3ncccn3)c2)no1,6.494850021680094,3
FC(F)(F)c1nc(-c2ccnc(OCc3ccno3)c2)no1,5.886056647693163,3
FC(F)(F)c1nc(-c2ccnc(OCc3cnn4c3OCCC4)c2)no1,5.356547323513812,3
FC(F)(F)c1nc(-c2ccnc(OCc3nc4ccccc4[nH]3)c2)no1,6.013228265733755,3
FC(F)(F)c1nc(-c2cnc(COc3ccc4ccccc4n3)nc2)no1,4.346787486224656,3
FC(F)c1nnc(-c2ccc(COc3ccc(C4CC4)nn3)nc2)o1,4.259637310505756,1
FC(F)c1nnc(-c2ccc(COc3ccc4ccncc4c3)nc2)o1,5.259637310505756,2
FC(F)c1nnc(-c2ccc(COc3ccc4cnccc4c3)nc2)o1,4.259637310505756,2
FC(F)c1nnc(-c2ccc(COc3ccc4ncccc4c3)nc2)o1,4.259637310505756,2
FC(F)c1nnc(-c2ccc(COc3cccnc3)nc2)o1,4.259637310505756,1
FC(F)c1nnc(-c2ccc(COc3cncc4ccccc34)nc2)o1,4.259637310505756,1
FC(F)c1nnc(-c2ccc(Cn3cc(-c4ccc(NC5=NCCN5)cc4)nn3)cc2)o1,4.5300749433186125,1
FC(F)c1nnc(-c2ccc(Cn3cc(-c4ccc5nc(Cl)[nH]c5c4)nn3)nc2)o1,5.8523236757589014,1
FC(F)c1nnc(-c2ccc(Cn3cnc(-c4ccc(NC5=NCCN5)cc4)c3)nc2)o1,3.2384480114358185,1
FC(F)c1nnc(-c2ccc(Cn3nnc(-c4ccccn4)n3)nc2)o1,4.0,1
Fc1c(-c2noc(C(F)(F)F)n2)ccnc1OCc1nc(C2CC2)no1,5.823908740944319,3
Fc1cc(Br)cc2c1C1=NCCN1C(=S)S2,5.920818753952375,3
Fc1cc(CNc2ccc3ccncc3c2)ccc1-c1noc(C(F)(F)F)n1,4.346787486224656,3
Fc1cc(COc2[nH]nc3c2COCC3)ccc1-c1noc(C(F)(F)F)n1,5.638272163982407,3
Fc1cc(COc2cc(C(F)F)ncn2)ccc1-c1noc(C(F)(F)F)n1,5.769551078621727,3
Fc1cc(COc2cc[nH]n2)ccc1-c1noc(C(F)(F)F)n1,5.886056647693163,3
Fc1cc(COc2ccc3cnccc3n2)ccc1-c1noc(C(F)(F)F)n1,6.1938200260161125,3
Fc1cc(COc2ccc3ncnn3c2)ccc1-c1noc(C(F)(F)F)n1,4.958607314841775,3
Fc1cc(COc2cccc3[nH]nnc23)ccc1-c1noc(C(F)(F)F)n1,6.136677139879544,3
Fc1cc(COc2ccccc2)ccc1-c1noc(C(F)(F)F)n1,4.346787486224656,3
Fc1cc(COc2cnc3c(c2)COC3)ccc1-c1noc(C(F)(F)F)n1,5.4685210829577455,3
Fc1cc(COc2cncnc2)ccc1-c1noc(C(F)(F)F)n1,5.6777807052660805,3
Fc1cc(COc2nc[nH]n2)ccc1-c1noc(C(F)(F)F)n1,5.853871964321762,3
Fc1cc(COc2nncc3ccccc23)ccc1-c1noc(C(F)(F)F)n1,5.698970004336019,3
Fc1ccc(C2COCCN2c2ccc(-c3noc(C(F)(F)F)n3)cn2)cc1,5.721246399047171,3
Fc1ccc(NCc2ccc(-c3noc(C(F)(F)F)n3)cc2)cc1,5.301029995663981,3
Fc1ccc2c(c1)C1=NCCCN1C(=S)S2,5.7447274948966935,3
Fc1ccc2c(c1)C1=NCCN1C(=S)S2,5.920818753952375,3
Fc1ccc2c(c1)SC(=S)N1CCCN=C21,5.886056647693163,3
Fc1ccc2ccc(OCc3ccc(-c4noc(C(F)(F)F)n4)cn3)nc2c1,4.346787486224656,3
Fc1cccc(C2COCCN2c2ccc(-c3noc(C(F)(F)F)n3)cn2)c1,5.638272163982407,3
Fc1cccc(NCc2ccc(-c3noc(C(F)(F)F)n3)cc2)c1,4.920818753952375,3
Fc1cccc2c1C1=NCCCN1C(=S)S2,5.638272163982407,3
Fc1cccc2c1C1=NCCN1C(=S)S2,4.886056647693163,3
Fc1cccc2c1SC(=S)N1CCCN=C21,4.6777807052660805,3
Fc1cccc2c1SC(=S)N1CCN=C21,5.173925197299173,3
Fc1ccccc1C1COCCN1c1ccc(-c2noc(C(F)(F)F)n2)cn1,5.886056647693163,3
Fc1ccccc1NCc1ccc(-c2noc(C(F)(F)F)n2)cc1,4.886056647693163,3
Fc1ccccc1OCc1ccc(-c2noc(C(F)(F)F)n2)cn1,5.455931955649724,3
Fc1cnc(OCc2ccc(-c3noc(C(F)(F)F)n3)c(F)c2)nc1,6.267606240177031,3
Ic1c[nH]cn1,4.301029995663981,1
Ic1ccccn1,4.376750709602099,3
Ic1cccnc1,4.301029995663981,1
Ic1ccn[nH]1,4.301029995663981,1
Ic1ccncc1,5.336299074610352,3
Ic1cn[nH]c1,4.301029995663981,1
Ic1cnccn1,4.301029995663981,1
Ic1cncnc1,4.301029995663981,1
Ic1ncc[nH]1,4.301029995663981,1
Ic1ncccn1,5.649751981665837,3
Ic1ncco1,4.301029995663981,1
N#CCc1ccc(-c2ccc(/C=C/C(=O)NO)cc2Cl)cc1C12CC3CC(CC(C3)C1)C2,5.536107011014092,3
N#CCc1ccc(OCc2ccc(-c3nnc(C(F)F)o3)cn2)cc1,4.259637310505756,2
N#C[Se]CCCCCC(=O)Nc1ccccc1,8.050609993355087,1
N#Cc1c(F)cccc1OCc1ccc(-c2nnc(C(F)F)o2)cn1,4.259637310505756,2
N#Cc1c(N)nc(N)nc1N1CC2(CC2)C[C@H]1c1nc2cccc(Cl)c2c(=O)n1Cc1ccc(C(=O)NO)s1,5.301029995663981,1
N#Cc1c[nH]cn1,4.301029995663981,1
N#Cc1cc(-c2ccccc2)ccc1Cn1cccc(O)c1=S,5.719649306953994,3
N#Cc1ccc(-c2c(-c3ccc(/C=C/C(=O)NO)c(O)c3)cnc(N3CCC(N)CC3)c2C#N)cc1F,6.876878277985613,2
N#Cc1ccc(-c2c(-c3ccc(/C=C/C(=O)NO)c(O)c3)cnc(N3CCC(NCc4ccc(/C=C/C(=O)NO)cc4)CC3)c2C#N)cc1F,7.446395015176066,2
N#Cc1ccc(-c2c(-c3ccc(/C=C/C(=O)NO)cc3)cnc(N3CCC(N)CC3)c2C#N)cc1F,7.228623377026509,2
N#Cc1ccc(-c2c(-c3ccc(Br)c(O)c3)cnc(N3CCC(NCc4ccc(/C=C/C(=O)NO)cc4)CC3)c2C#N)cc1F,7.147239193288666,2
N#Cc1ccc(-c2c(-c3ccc(C(F)(F)F)c(O)c3)cnc(N3CCC(NCc4ccc(/C=C/C(=O)NO)cc4)CC3)c2C#N)cc1F,7.118435811600431,2
N#Cc1ccc(-c2c(-c3ccc(C(F)(F)F)c(O)c3)cnc(N3CCC(NCc4ccc(CCC(=O)NO)cc4)CC3)c2C#N)cc1F,7.34920723143496,2
N#Cc1ccc(-c2c(-c3ccc(C(F)(F)F)c(O)c3)cnc(N3CCC(NCc4cnc(/C=C/C(=O)NO)nc4)CC3)c2C#N)cc1F,7.606624288927219,2
N#Cc1ccc(-c2c(-c3ccc(C(F)(F)F)c(O)c3)cnc(N3CCC(NCc4cnc(CCC(=O)NO)nc4)CC3)c2C#N)cc1F,7.3426451535224135,2
N#Cc1ccc(-c2c(-c3ccc(C4CC4)c(O)c3)cnc(N3CCC(NCc4ccc(/C=C/C(=O)NO)cc4)CC3)c2C#N)cc1F,6.816601808356635,2
N#Cc1ccc(-c2c(-c3ccc(CO)c(O)c3)cnc(N3CCC(NCc4ccc(/C=C/C(=O)NO)cc4)CC3)c2C#N)cc1F,8.066001244827525,2
N#Cc1ccc(-c2c(-c3ccc(Cl)c(O)c3)cnc(N3CCC(NCc4ccc(/C=C/C(=O)NO)cc4)CC3)c2C#N)cc1F,7.118435811600431,2
N#Cc1ccc(-c2c(-c3ccc(Cl)c(O)c3)cnc(N3CCC(NCc4ccc(/C=C/C(=O)NO)cc4)CC3)c2C#N)cn1,8.47237009912866,1
N#Cc1ccc(-c2c(-c3ccc(Cl)c(O)c3)cnc(N3CCC(NCc4ccc(/C=C/C(=O)NO)cc4F)CC3)c2C#N)cn1,8.1073489661227,1
N#Cc1ccc(-c2c(-c3ccc(Cl)c(O)c3)cnc(N3CCC(NCc4ccc(/C=C/C(=O)NO)cn4)CC3)c2C#N)cc1F,8.0,1
N#Cc1ccc(-c2c(-c3ccc(Cl)c(O)c3)cnc(N3CCC(NCc4ccc(/C=C/C(=O)NO)cn4)CC3)c2C#N)cn1,8.39254497678533,1
N#Cc1ccc(-c2c(-c3ccc(Cl)c(O)c3)cnc(N3CCC(NCc4cnc(/C=C/C(=O)NO)nc4)CC3)c2C#N)cc1F,7.821375711531856,2
N#Cc1ccc(-c2c(-c3ccc(F)c(O)c3)cnc(N3CCC(NCc4ccc(/C=C/C(=O)NO)cc4)CC3)c2C#N)cc1F,7.445042068488103,2
N#Cc1ccc(-c2c(-c3ccc(N4CCOCC4)c(O)c3)cnc(N3CCC(NCc4ccc(/C=C/C(=O)NO)cc4)CC3)c2C#N)cc1F,8.229522595536935,2
N#Cc1ccc(-c2c(-c3ccc(N4CCOCC4)c(O)c3)cnc(N3CCC(NCc4ccc(/C=C/C(=O)NO)cc4)CC3)c2C#N)cn1,8.812479279163536,1
N#Cc1ccc(-c2c(-c3ccc(N4CCOCC4)c(O)c3)cnc(N3CCC(NCc4ccc(/C=C/C(=O)NO)cn4)CC3)c2C#N)cc1F,8.269217724333611,1
N#Cc1ccc(-c2c(-c3ccc(NC(=O)CCCCCCC(=O)NO)c(O)c3)cnc(N3CCC(N)CC3)c2C#N)cc1F,7.180655556654938,2
N#Cc1ccc(-c2c(-c3ccc(O)c(O)c3)cnc(N3CCC(NCc4ccc(/C=C/C(=O)NO)cc4)CC3)c2C#N)cc1F,7.5947896418468295,2
N#Cc1ccc(-c2c(-c3ccc(OC(F)(F)F)c(O)c3)cnc(N3CCC(NCc4ccc(/C=C/C(=O)NO)cc4)CC3)c2C#N)cc1F,7.279860393382206,2
N#Cc1ccc(-c2c(-c3ccc(OC(F)F)c(O)c3)cnc(N3CCC(NCc4ccc(/C=C/C(=O)NO)cc4)CC3)c2C#N)cc1F,7.430610314609337,2
N#Cc1ccc(-c2c(-c3ccc(OC(F)F)c(O)c3)cnc(N3CCC(NCc4cnc(/C=C/C(=O)NO)nc4)CC3)c2C#N)cc1F,7.703218523870513,2
N#Cc1ccc(-c2c(-c3ccc(OCCCCCCC(=O)NO)c(O)c3)cnc(N3CCC(N)CC3)c2C#N)cc1F,7.532968030265225,2
N#Cc1ccc(-c2c(-c3ccc(OCCc4ccc(/C=C/C(=O)NO)cc4)c(O)c3)cnc(N3CCC(N)CC3)c2C#N)cc1F,6.970029055969023,2
N#Cc1ccc(-c2c(-c3ccc4c(c3)OCO4)cnc(N3CCC(NCc4ccc(/C=C/C(=O)NO)cc4)CC3)c2C#N)cc1F,7.003105593090647,2
N#Cc1ccc(-c2c(-c3ccc4cn[nH]c4c3)cnc(N3CCC(NCc4ccc(/C=C/C(=O)NO)cc4)CC3)c2C#N)cc1F,7.8928032843723965,2
N#Cc1ccc(-c2c(-c3ccc4cn[nH]c4c3)cnc(N3CCC(NCc4ccc(/C=C/C(=O)NO)nc4)CC3)c2C#N)cc1F,8.021435901161594,2
N#Cc1ccc(-c2c(-c3ccc4cn[nH]c4c3)cnc(N3CCC(NCc4cnc(/C=C/C(=O)NO)nc4)CC3)c2C#N)cc1F,7.76428079630535,2
N#Cc1ccc(-c2c(-c3cccc(O)c3)cnc(N3CCC(NCc4ccc(/C=C/C(=O)NO)cc4)CC3)c2C#N)cc1F,7.499449145297672,2
N#Cc1ccc(-c2cc(C(=O)N3C4CCC3CC(N)C4)sc2-c2ccc(OCCCCCCC(=O)NO)c(O)c2)cc1F,7.204133880524083,2
N#Cc1ccc(-c2cc(OCCCCCCC(=O)NO)cc(N3CCC(N)CC3)n2)cc1F,8.091052121419102,2
N#Cc1ccc(-c2cc(OCc3ccc(/C=C/C(=O)NO)cc3)cc(N3CCC(N)CC3)n2)cc1F,7.113106777509403,2
N#Cc1ccc(-c2cc3cnn(C(Cc4ccccc4)C(=O)NO)c3cn2)cc1,6.301029995663981,1
N#Cc1ccc(-c2ccc(Cn3cccc(O)c3=S)cc2)cc1,5.68298189895189,6
N#Cc1ccc(-c2ccc3c(cnn3C(Cc3ccccc3)C(=O)NO)c2)cc1,6.425968732272281,3
N#Cc1ccc(-c2cn(CCCCCn3cccc(O)c3=S)nn2)cc1,5.83416237530987,6
N#Cc1ccc(-c2cn(CCCCCn3cccc(O)c3=S)nn2)cc1C(F)(F)F,5.146227983756819,6
N#Cc1ccc(-c2cnc(N3CCC(NCc4ccc(/C=C/C(=O)NO)cc4)CC3)c(C#N)c2-c2ccc(C#N)c(F)c2)cc1O,7.369368565603754,2
N#Cc1ccc(-c2cnc3c(cnn3C(Cc3ccccc3)C(=O)NO)c2)cc1,6.301029995663981,1
N#Cc1ccc(-c2nc(N3CC4CC3CC4N)n3ccnc3c2-c2ccc(OCCCCCCC(=O)NO)c(O)c2)cc1F,6.84163750790475,1
N#Cc1ccc(-c2nc(N3CCC(N)CC3)cc(O)c2-c2ccc(OCCCCCCC(=O)NO)c(O)c2)cc1F,6.707529239016145,2
N#Cc1ccc(-c2nc(N3CCC(N)CC3)cc(OCCCCCCC(=O)NO)c2-c2ccc(Cl)cc2)cc1F,6.935542010773082,1
N#Cc1ccc(-c2nc(N3CCC(N)CC3)cc(OCCCCCCC(=O)NO)c2-c2ccc(F)c(F)c2)cc1F,6.872895201635192,1
N#Cc1ccc(-c2nc(N3CCC(N)CC3)cc(OCCCCCCC(=O)NO)c2-c2ccc(N)cc2)cc1F,7.823908740944319,1
N#Cc1ccc(-c2nc(N3CCC(N)CC3)cc(OCCCCCCC(=O)NO)c2-c2ccc(OCCO)cc2)cc1F,7.657577319177793,1
N#Cc1ccc(-c2nc(N3CCC(N)CC3)n3ccnc3c2-c2ccc(OCCCCCCC(=O)ON)c(O)c2)cc1F,6.742560172388603,2
N#Cc1ccc(-c2nc(N3CCC(N)CC3)n3ccnc3c2-c2ccc(OCc3ccc(/C=C/C(=O)NO)cc3)c(O)c2)cc1F,6.812809150974559,2
N#Cc1ccc(F)c(OCc2ccc(-c3nnc(C(F)F)o3)cn2)c1,4.259637310505756,2
N#Cc1ccc(N2CCC(Nc3ccc(C(=O)NO)cc3)C2=O)cc1,6.795880017344075,3
N#Cc1ccc(NC2CCc3ccc(C(=O)NO)cc3C2)cc1Cl,5.428291168191312,3
N#Cc1ccc(OCc2ccc(-c3nnc(C(F)F)o3)cn2)c(F)c1,4.259637310505756,2
N#Cc1ccc(OCc2ccc(-c3nnc(C(F)F)o3)cn2)cc1,4.259637310505756,1
N#Cc1ccc2c(=O)n(CCc3ccccc3)c(=O)n(Cc3ccc(C(=O)NO)cc3)c2c1,6.386056647693163,6
N#Cc1ccc2c(=O)n(CCc3ccccc3)c(=O)n(Cc3cccc(C(=O)NO)c3)c2c1,6.628932137728263,3
N#Cc1ccc2c(c1)CCCCN2Cc1ccc(C(=O)NO)cc1,5.653647025549361,3
N#Cc1ccc2c(c1)CCCN2Cc1ccc(C(=O)NO)cc1,5.826813731587726,3
N#Cc1ccc2c(c1)SC(=S)N1CCCN=C21,6.431798275933005,3
N#Cc1ccc2c(c1)SC(=S)N1CCN=C21,6.769551078621727,3
N#Cc1cccc(-c2ccc(Cn3cccc(O)c3=S)cc2)c1,5.769295686387431,6
N#Cc1cccc(-c2cn(CCCCCn3cccc(O)c3=S)nn2)c1,5.548060130634897,6
N#Cc1cccc(-c2cnc3c(cnn3C(Cc3ccccc3)C(=O)NO)c2)c1,6.301029995663981,1
N#Cc1cccc(NCc2ccc(-c3noc(C(F)(F)F)n3)cc2)c1,5.2441251443275085,3
N#Cc1ccccn1,4.301029995663981,1
N#Cc1cccnc1,4.301029995663981,1
N#Cc1ccncc1,4.301029995663981,1
N#Cc1ccncn1,4.301029995663981,1
N#Cc1cn[nH]c1,4.301029995663981,1
N#Cc1cnccn1,4.301029995663981,1
N#Cc1cncnc1,4.301029995663981,1
N#Cc1nc(-c2ccc(F)cc2)[nH]c1[C@@H](N)CCCCCC(=O)C1NC=CO1,5.173925197299173,1
N#Cc1nc(-c2ccc(F)cc2)[nH]c1[C@H](CCCCCC(=O)c1ncco1)NC(=O)c1nccs1,7.431798275933005,1
N#Cc1nc(-c2ccc(F)cc2)oc1[C@@H](N)CCCCCC(=O)C1NC=CO1,4.6020599913279625,1
N#Cc1nc(-c2ccc(F)cc2)oc1[C@H](CCCCCC(=O)c1ncco1)NC(=O)c1nccs1,5.769551078621726,1
N#Cc1ncc[nH]1,4.301029995663981,1
N#Cc1nccs1,4.301029995663981,1
N/C(=N\O)c1ccc(-c2ccc3nn(C(Cc4ccccc4)C(=O)NO)cc3c2)cc1,6.903089986991944,3
N/C(=N\O)c1cccc(-c2ccc3c(cnn3C(Cc3ccccc3)C(=O)NO)c2)c1,6.903089986991944,3
N/N=C(\Cc1ccc(O)c(Br)c1)C(=O)NCCS,4.886056647693163,2
N=C(N)NCCC[C@@H]1N=C(c2ccccc2)c2ccccc2N(CCCCC(=O)NO)C1=O,4.522878745280337,1
N=C(N)NCCC[C@@H]1NC(=O)C[C@H](Cc2ccc(O)cc2)NC(=O)[C@H](CC(=O)O)NC(=O)[C@H](CCCCCC(=O)NO)NC1=O,6.619788758288394,2
N=C(N)NCCC[C@@H]1NC(=O)C[C@H](Cc2ccc(O)cc2)NC(=O)[C@H](Cc2cccc3ccccc23)NC(=O)[C@H](CCCCCC(=O)O)NC1=O,5.853871964321762,2
N=C/C=N/c1ccc(C(=O)Nc2cc(-c3cccs3)ccc2N)cc1,4.698970004336019,1
N=C1Sc2ccccc2C2=NCCCN12,7.958607314841775,9
NC(=O)/C=C/c1ccc(COc2ccc(-c3nc4c(C(N)=O)cccc4[nH]3)cc2)cc1,5.102372908709558,1
NC(=O)/C=C/c1ccc(COc2ccc(-n3cc4cccc(C(N)=O)c4n3)cc2)cc1,4.487347067367615,2
NC(=O)C(Cc1ccccc1)n1ncc2cnccc21,6.425968732272281,3
NC(=O)C(O)(Cc1ccccc1)n1nc2ccc(-c3ccccc3)cc2c1C#CC1CC1,6.903089986991944,3
NC(=O)C1CCCc2c(-c3ccc(Cl)c(Cl)c3)n[nH]c21,5.0,1
NC(=O)CCC(c1nc2ccccc2o1)n1cc(/C=C/C(=O)NO)nn1,7.309803919971486,1
NC(=O)CC[C@@H]1N=C(c2ccccc2)c2ccccc2N(CCCCC(=O)NO)C1=O,4.522878745280337,1
NC(=O)C[C@@H]1N=C(c2ccccc2)c2ccccc2N(CCCCC(=O)NO)C1=O,4.522878745280337,1
NC(=O)c1cc(Oc2ccc(NC(=O)c3ccc(Cl)c(C(F)(F)F)c3)cc2)ccc1N,5.554395796726403,1
NC(=O)c1ccc(-c2cc3cnn(C(Cc4ccccc4)C(=O)NO)c3cn2)cc1,6.425968732272281,3
NC(=O)c1ccc(-c2ccc3nn(C(Cc4ccccc4)C(=O)NO)c(C#CC4CC4)c3c2)cc1,7.301029995663981,1
NC(=O)c1ccc(-c2cccc3c(C#CC4CC4)n(C(Cc4ccccc4)C(=O)NO)nc23)cc1,7.301029995663981,1
NC(=O)c1ccc(-c2cccc3c2cnn3C(Cc2ccccc2)C(=O)NO)cc1,6.301029995663981,1
NC(=O)c1ccc(-c2cccn3c(C(Cc4ccccc4)C(=O)NO)cnc23)cc1,6.425968732272281,3
NC(=O)c1ccc(-c2cnc3c(cnn3C(Cc3ccccc3)C(=O)NO)c2)cc1,6.425968732272281,3
NC(=O)c1ccc(-c2nccc3c(C#CC4CC4)n(C(Cc4ccccc4)C(=O)NO)nc23)cc1,7.301029995663981,1
NC(=O)c1ccc(COc2ccc(-c3nc4c(C(N)=O)cccc4[nH]3)cc2)cc1,5.113509274827518,1
NC(=O)c1ccc(COc2ccc(-n3cc4cccc(C(N)=O)c4n3)cc2)cc1,4.483288122256525,2
NC(=O)c1ccc(NCc2ccc(-c3noc(C(F)(F)F)n3)cc2)cc1,5.920818753952375,3
NC(=O)c1ccc2c(c1)CCCCN2Cc1ccc(C(=O)NO)cc1,5.97469413473523,3
NC(=O)c1ccc2c(c1)CCCN2Cc1ccc(C(=O)NO)cc1,6.1864190114318065,3
NC(=O)c1ccc2c(c1)N(Cc1ccc(/C=C/C(=O)NO)cc1)c1ccccc1S2,7.698970004336019,1
NC(=O)c1ccc2c(c1)N(Cc1ccc(C(=O)NO)cc1)c1ccccc1S2,7.0,1
NC(=O)c1ccc2c(c1)N(Cc1ccc(C(=O)NO)cc1)c1ccccc1[S+]2[O-],5.772113295386326,1
NC(=O)c1cccc(-c2cccc3c(C#CC4CC4)n(C(Cc4ccccc4)C(=O)NO)nc23)c1,7.301029995663981,1
NC(=O)c1cccc(-c2cccn3c(C(Cc4ccccc4)C(=O)NO)cnc23)c1,6.425968732272281,3
NC(=O)c1cccc(-c2cnc3c(cnn3C(Cc3ccccc3)C(=O)NO)c2)c1,6.425968732272281,3
NC(=O)c1cccc(NCc2ccc(-c3noc(C(F)(F)F)n3)cc2)c1,5.853871964321762,3
NC(=O)c1cccc(NCc2ccc(-c3noc(C(F)(F)F)n3)cn2)c1,5.721246399047171,3
NC(=O)c1cccc2[nH]c(-c3ccc(OCCCCCC(=O)NO)cc3)nc12,5.259637310505756,1
NC(=O)c1cccc2[nH]c(-c3ccc(OCCCCCCC(=O)NO)cc3)nc12,5.154901959985743,1
NC(=O)c1cccc2cn(-c3ccc(OCCCCCCCC(=O)NO)cc3)nc12,4.863279432843593,1
NC(=O)c1ccccc1NCc1ccc(-c2noc(C(F)(F)F)n2)cc1,5.920818753952375,3
NC(=O)c1ccccc1NCc1ccc(-c2noc(C(F)(F)F)n2)cn1,6.154901959985743,3
NC(=O)c1ccccc1Nc1cccc(OCCc2ccccc2)c1,4.522878745280337,1
NC(=O)c1ccnc(NCc2ccc(-c3noc(C(F)(F)F)n3)cn2)c1,6.1249387366083,3
NC(=O)c1ncccc1NCc1ccc(-c2noc(C(F)(F)F)n2)cn1,5.657577319177793,3
NC(CCCCCC(=O)c1ccon1)c1cnn(-c2ccc(F)cc2)c1,6.327902142064282,1
NC(CCCCCC(=O)c1ccon1)c1cnn(-c2ccc(F)cc2)n1,6.356547323513812,1
NC(Cc1ccc(Cl)cc1Cl)C(=O)N1Cc2ccccc2C1,5.102372908709558,3
NC1=NC(=O)C2N=C(CNc3ccc(C(=O)N[C@@H](CCC(=O)NCCCCCCS)C(=O)O)cc3)C=NC2=N1,4.6777807052660805,1
NC1=NC(=O)C2N=C(CNc3ccc(C(=O)N[C@@H](CCC(=O)NCCCCCCSSCCCCCCNC(=O)CC[C@H](NC(=O)c4ccc(NCC5=NC6C(=O)N=C(N)N=C6N=C5)cc4)C(=O)O)C(=O)O)cc3)C=NC2=N1,5.045757490560675,1
NC1=NC(=O)C2N=C(CNc3ccc(C(=O)N[C@@H](CCC(=O)NCCOCCOCCSSCCCCCCC(=O)Nc4ncc(-c5ccccc5)s4)C(=O)O)cc3)C=NC2=N1,5.522878745280337,1
NC1=NC(=O)C2N=C(CNc3ccc(C(=O)N[C@@H](CCC(=O)NCCSSCCCCCCC(=O)Nc4ncc(-c5ccccc5)s4)C(=O)O)cc3)C=NC2=N1,6.568636235841012,1
NCC(=O)N1CC2(C[C@H]1C(=O)NCCCCCC(=O)NO)SCCS2,5.886056647693163,1
NCC(=O)NCc1nnc(-c2ccc(F)cc2)o1,6.8696662315049934,3
NCC(=O)NCc1nnc(-c2ccc([N+](=O)[O-])cc2)o1,6.872895201635192,3
NCC(=O)NCc1nnc(-c2ccccc2)o1,6.809668301829707,3
NCC(=O)Nc1ccccc1-c1ccc(NC(=O)CCCCCNC(=O)CS)cc1,5.219682687859849,3
NCCC(=O)N1CC2(C[C@H]1C(=O)NCCCCCC(=O)NO)SCCS2,5.714442690992226,1
NCCCC(=O)N1CC2(C[C@H]1C(=O)NCCCCCC(=O)NO)SCCS2,5.3851027839668655,1
NCCCCNCCCCNCCCN1C(=O)c2ccc3c4c(ccc(c24)C1=O)C(=O)N(CCCCCC(=O)NO)C3=O,6.251811972993799,1
NCCCC[C@@H]1N=C(c2ccccc2)c2ccccc2N(CCCCC(=O)NO)C1=O,4.522878745280337,1
NCCCC[C@H](N)C(=O)N1CC2(C[C@H]1C(=O)NCCCCCC(=O)NO)SCCS2,5.3214816209598865,1
NCCCNCCCCNCCCN1C(=O)c2ccc3c4c(ccc(c24)C1=O)C(=O)N(CCCCCC(=O)NO)C3=O,6.2839966563652006,1
NCCCNCCCN1C(=O)c2ccc3c4c(ccc(c24)C1=O)C(=O)N(CCCCCC(=O)NO)C3=O,6.3872161432802645,1
NCCCNCCCNCCCN1C(=O)c2ccc3c4c(ccc(c24)C1=O)C(=O)N(CCCCCC(=O)NO)C3=O,6.431798275933005,1
NCCCNCCNCCCN1C(=O)c2ccc3c4c(ccc(c24)C1=O)C(=O)N(CCCCCC(=O)NO)C3=O,6.259637310505756,1
NCc1ccc(NC(=O)N(CCCCO)Cc2ccc(C(=O)NO)cc2)cc1,6.302770657240283,3
NN=C(Cc1ccc(O)c(Br)c1)C(=O)NCCS,4.886056647693163,1
NNC(=O)NCCCCCC(=O)Nc1ccccc1,3.8239087409443187,2
NNC(=O)NCCCCCCC(=O)Nc1ccccc1,3.1870866433571443,1
N[C@@H](CCCCCC(=O)C1NC=CO1)C1NC=C(C2C=c3cccnc3=CC2)N1,5.853871964321762,1
N[C@@H](CCCCCC(=O)C1NC=CO1)c1[nH]c(-c2ccc(F)cc2)nc1Cl,5.200659450546418,1
N[C@@H](CCCCCC(=O)c1ccon1)C1NC(Cl)=C(c2ccc(F)cc2)N1,5.795880017344075,1
N[C@@H](CCCCCC(=O)c1ccon1)C1NC=C(c2ccccc2F)N1,6.552841968657781,1
N[C@@H](CCCCCC(=O)c1ccon1)c1cc(-c2ccc(F)cc2)on1,6.522878745280337,1
N[C@@H](CCCCCC(=O)c1ccon1)c1cc(-c2ccccc2F)on1,6.220224203298975,4
N[C@@H](CCCCCC(=O)c1ccon1)c1ccn(-c2ccc(F)cc2)n1,6.674693280619957,4
N[C@@H](CCCCCC(=O)c1ccon1)c1cnn(-c2ccc(F)cc2)c1,6.33161408331,3
N[C@@H](CCCCCC(=O)c1ccon1)c1cnn(-c2ccc(F)cc2)n1,6.351639989019067,3
N[C@@H](CCCCCC(=O)c1ccon1)c1ncc(-c2ccccc2F)[nH]1,6.552841968657781,3
N[C@@H](CCCCCC(=O)c1cocn1)c1ncc(-c2ccccc2F)[nH]1,6.0,1
N[C@@H](CCCCCC(=O)c1ncco1)c1nc(-c2ccc3nn(C4CC4)cc3c2)c[nH]1,5.508638306165727,1
N[C@@H](CCCCCC(=O)c1ncco1)c1ncc(-c2cc(OC(F)(F)F)ccc2F)[nH]1,6.251811972993799,1
N[C@@H](CCCCCC(=O)c1ncco1)c1ncc(-c2cc(OC3CCC3)ccc2F)[nH]1,6.508638306165727,1
N[C@@H](CCCCCC(=O)c1ncco1)c1ncc(-c2ccc(-c3cnccn3)cc2)[nH]1,5.366531544420413,1
N[C@@H](CCCCCC(=O)c1ncco1)c1ncc(-c2ccc3nc(N4CCCC4)ccc3c2)[nH]1,5.443697499232712,1
N[C@@H](CCCCCC(=O)c1ncco1)c1ncc(-c2cccc(C(F)(F)F)c2F)[nH]1,6.6020599913279625,1
N[C@@H](CO)C(=O)N1CC2(C[C@H]1C(=O)NCCCCCC(=O)NO)SCCS2,5.598599459218455,1
N[C@@H](Cc1c[nH]c2ccccc12)C(=O)N1CC2(C[C@H]1C(=O)NCCCCCC(=O)NO)SCCS2,6.161150909262744,1
N[C@@H](Cc1c[nH]c2ccccc12)C(=O)Nc1ccccc1-c1ccc(NC(=O)CCCCCCC(=O)NO)cc1,5.764471553092451,3
N[C@@H](Cc1c[nH]c2ccccc12)C(=O)Nc1ccccc1-c1ccc(NC(=O)CCCCCNC(=O)CS)cc1,4.94692155651658,3
N[C@@H](Cc1ccc(O)cc1)C(=O)N1CC2(C[C@H]1C(=O)NCCCCCC(=O)NO)SCCS2,6.309803919971486,1
N[C@@H](Cc1ccc(O)cc1)C(=O)Nc1ccccc1-c1ccc(NC(=O)CCCCCCC(=O)NO)cc1,5.686132779630847,3
N[C@@H](Cc1ccc(OCC(=O)NO)cc1)C(=O)Nc1ccccc1,6.330683119433887,1
N[C@@H](Cc1ccccc1)C(=O)N1CC2(C[C@H]1C(=O)NCCCCCC(=O)NO)SCCS2,6.075720713938118,1
N[C@@H](Cc1ccccc1)C(=O)Nc1ccccc1-c1ccc(NC(=O)CCCCCCC(=O)NO)cc1,6.12113751626007,4
N[C@@H](Cc1ccccc1)C(=O)Nc1ccccc1-c1ccc(NC(=O)CCCCCNC(=O)CS)cc1,5.284832642151542,3
N[C@H](CCCCCC(=O)c1ccon1)c1cc(-c2ccc(F)cc2)on1,6.585026652029182,1
N[C@H](Cc1ccc(Cl)cc1Cl)C(=O)N1CCc2ccccc2C1,5.686132779630847,1
N[C@H](Cc1ccc(Cl)cc1Cl)C(=O)N1Cc2ccc(NC(=O)CCc3ccccc3)cc2C1,6.586700235918748,1
N[C@H](Cc1ccc(Cl)cc1Cl)C(=O)N1Cc2ccc(NC(=O)Cc3ccccc3)cc2C1,6.634512015109101,1
N[C@H](Cc1ccc(Cl)cc1Cl)C(=O)N1Cc2ccccc2C1,6.767486048191559,13
N[C@H](Cc1ccc(Cl)cc1Cl)C(=O)NC1Cc2ccccc2C1,5.05749589383192,1
N[C@H](Cc1ccc(Cl)cc1Cl)C(=O)NCCCc1ccccc1,5.6968039425795105,1
N[C@H](Cc1ccc(Cl)cc1Cl)C(=O)NCCc1c[nH]c2ccc(O)cc12,5.752026733638193,1
N[C@H](Cc1ccc(Cl)cc1Cl)C(=O)NCCc1c[nH]c2ccccc12,6.013228265733755,1
N[C@H](Cc1ccc(Cl)cc1Cl)C(=O)NCCc1ccc(O)c(O)c1,5.684029654543082,1
N[C@H](Cc1ccc(Cl)cc1Cl)C(=O)NCCc1ccc(O)cc1,5.903089986991944,1
N[C@H](Cc1ccc(Cl)cc1Cl)C(=O)NCCc1ccccc1,5.6020599913279625,1
N[C@H](Cc1ccc(Cl)cc1Cl)C(=O)NCCc1cccnc1,5.414539270491499,1
N[C@H](Cc1ccc(Cl)cc1Cl)C(=O)NCc1ccccc1,5.368556230986828,1
N[C@H](Cc1ccc(Cl)cc1Cl)C(=O)NCc1cccs1,5.522878745280337,1
N[C@H](Cc1ccc(Cl)cc1Cl)C(=O)Nc1ccc2[nH]c3ccccc3c2c1,4.978810700930062,1
N[C@H](Cc1ccc(Cl)cc1Cl)C(=O)O,3.3872161432802645,2
N[C@H](Cc1ccc(O)cc1)C(=O)N1CCc2ccccc2C1,4.671620396561262,1
N[C@H](Cc1ccc(O)cc1)C(=O)N1Cc2ccccc2C1,5.368556230986828,1
N[C@H](Cc1cccc(Cl)c1)C(=O)N1CCN(C(=O)c2cc(F)ccc2F)CC1,6.698970004336019,6
N[C@H](Cc1ccccc1)C(=O)N1CCc2ccccc2C1,4.97061622231479,1
N[C@H](Cc1ccccc1)C(=O)N1Cc2ccccc2C1,5.939302159646388,1
Nc1cc(-c2ccccc2)ccc1NC(=O)c1ccc(CNc2nccc(-c3cccnc3)n2)cc1,4.698970004336019,1
Nc1cc(Br)ccc1NC(=O)c1ccc(CNc2nccc(-c3cccnc3)n2)cc1,4.698970004336019,1
Nc1cc(Br)ccc1NC(=O)c1ccc(Cn2cnc3c(Cl)nc(Cl)nc32)cc1,5.040958607678906,1
Nc1cc(C(=O)O)ccc1NC(=O)c1ccc(CNc2nccc(-c3cccnc3)n2)cc1,4.698970004336019,1
Nc1cc(C(=O)OCc2ccccc2)ccc1NC(=O)c1ccc(CNc2nccc(-c3cccnc3)n2)cc1,4.698970004336019,1
Nc1cc(CO)ccc1NC(=O)c1ccc(CNc2nccc(-c3cccnc3)n2)cc1,4.698970004336019,1
Nc1cc(Cl)ccc1NC(=O)c1ccc(CNC(=O)OCc2cccnc2)cc1,4.3979400086720375,4
Nc1cc(F)ccc1NC(=O)/C=C/c1cnn(C/C=C/c2ccccc2)c1,4.764003121071341,10
Nc1cc(F)ccc1NC(=O)c1ccc(CNC(=O)/C=C/c2cccnc2)cc1,6.03863400630269,18
Nc1cc(F)ccc1NC(=O)c1ccc(CNC(=O)/C=C2\NC(=O)c3ccccc32)cc1,5.96657624451305,3
Nc1cc(F)ccc1NC(=O)c1ccc(Cn2cnc3c(Cl)nc(Cl)nc32)cc1,5.578396073130168,1
Nc1cc(O)ccc1NC(=O)c1ccc(CNc2nccc(-c3cccnc3)n2)cc1,4.698970004336019,1
Nc1cc2ccccc2cc1NC(=O)c1ccc(CNc2nccc(-c3cccnc3)n2)cc1,4.698970004336019,1
Nc1ccc(-c2cc(C(=O)NCCCCC(=O)NO)no2)cc1,5.548213564475709,3
Nc1ccc(-c2cc(C(=O)NCCCCCCC(=O)NO)no2)cc1,5.461175011062096,3
Nc1ccc(-c2ccc(F)cc2)cc1NC(=O)[C@@H]1C[C@H]2CC[C@@H](C1)O2,4.47716468633947,1
Nc1ccc(-c2ccc(F)cc2)nc1NC(=O)c1ccc(N2CCNCC2)nc1,4.301029995663981,1
Nc1ccc(-c2ccc(F)cc2)nc1NC(=O)c1ccc(N2CCOCC2)nc1,4.301029995663981,1
Nc1ccc(-c2ccccc2)cc1NC(=O)c1ccc(CNC(=O)OCc2cccnc2)cc1,4.698970004336019,1
Nc1ccc(-c2ccccc2)cc1NC(=O)c1ccccc1,4.301029995663981,1
Nc1ccc(-c2ccccc2)cc1NC(=O)c1cccnc1,4.301029995663981,1
Nc1ccc(-c2cccs2)cc1NC(=O)c1ccc(-c2cn(CCc3ccccn3)nn2)cc1,5.0,1
Nc1ccc(-c2cccs2)cc1NC(=O)c1ccc(-c2cn(CS(=O)(=O)c3ccccc3)nn2)cc1,5.0,1
Nc1ccc(-c2cccs2)cc1NC(=O)c1ccc(-c2cn(C[S+]([O-])c3ccccc3)nn2)cc1,5.351249787301981,3
Nc1ccc(-c2cccs2)cc1NC(=O)c1ccc(CNC(=O)OCc2cccnc2)cc1,4.4984204441952444,3
Nc1ccc(-c2cccs2)cc1NC(=O)c1ccc(N2CCC3(CC2)CNC(=O)O3)nc1,4.698970004336019,3
Nc1ccc(-c2cccs2)cc1NC(=O)c1ccc2nc(N3CCNCC3)ccc2c1,4.698970004336019,1
Nc1ccc(-c2cccs2)cc1NC(=O)c1ccc2nccnc2c1,4.698970004336019,1
Nc1ccc(-c2cccs2)cc1NC(=O)c1ccccc1,4.301029995663981,1
Nc1ccc(-c2cccs2)cc1NC(=O)c1cccnc1,4.301029995663981,1
Nc1ccc(-c2cnn(Cc3ccc(-c4nnc(C(F)F)o4)cn3)c2)cn1,3.705313375720557,1
Nc1ccc(-c2nc(N3CCOCC3)c3cnn(CCCCCCC(=O)NO)c3n2)cc1,7.445697194947179,4
Nc1ccc(-c2nc(N3CCOCC3)c3ncn(CCCCCCC(=O)NO)c3n2)cn1,6.735182176990463,3
Nc1ccc(Cl)cc1NC(=O)c1ccc(CNC(=O)OCc2cccnc2)cc1,5.113509274827518,4
Nc1ccc(F)cc1NC(=O)c1ccc(CNC(=O)/C=C/c2cccnc2)cc1,5.481396749059602,8
Nc1ccc(F)cc1NC(=O)c1ccc(CNC(=O)OCc2cccnc2)cc1,5.221848749616356,4
Nc1ccc(NC(=O)CCCCCC(=O)Nc2ccccc2)cc1,3.910094888560602,2
Nc1ccc(NC(=O)CCCCCCC(=O)Nc2ccccc2)cc1,3.730487055782084,2
Nc1ccc(NC(=O)c2ccc(CNC(=O)OCc3cccnc3)cc2)cc1,4.0,1
Nc1ccc2c(c1)CN(C(=O)[C@H](N)Cc1ccc(Cl)cc1Cl)C2,6.886056647693163,1
Nc1cccc(-c2cc(C(=O)NCCCCC(=O)NO)no2)c1,5.464705879957229,3
Nc1cccc(-c2cc(C(=O)NCCCCCCC(=O)NO)no2)c1,6.027797161620935,3
Nc1cccc(-c2csc(NC(=O)CCCCCC(=O)NO)n2)c1,5.709965388637482,3
Nc1cccc(-c2csc(NC(=O)CCCCCC(=O)Nc3ccccc3N)n2)c1,4.522878745280337,1
Nc1cccc(-c2csc(NC(=O)CCCCCCC(=O)NO)n2)c1,8.264060900346355,2
Nc1cccc(-c2csc(NC(=O)CCCCCCC(=O)Nc3ccccc3N)n2)c1,4.522878745280337,1
Nc1cccc(F)c1C(=O)NCCCC[C@H](NC(=O)c1cncs1)c1ncc(-c2ccc3ccccc3c2)[nH]1,4.346787486224656,1
Nc1cccc(NC(=O)CCCCCC(=O)Nc2ccccc2)c1,3.3010299956639813,2
Nc1cccc(NC(=O)CCCCCCC(=O)Nc2ccccc2)c1,4.070581074285707,2
Nc1cccc(NC(=O)c2ccc(CNC(=O)OCc3cccnc3)cc2)c1,4.0,1
Nc1ccccc1N1CC(CCCCCC(=O)Nc2ccccc2)C1=O,3.0,1
Nc1ccccc1NC(=O)/C=C/c1ccc(-c2ccc3ncnc(Nc4ccc(OCc5cccc(F)c5)c(Cl)c4)c3c2)cc1,4.494850021680094,1
Nc1ccccc1NC(=O)/C=C/c1ccc(-c2ccc3ncnc(Nc4ccc(OCc5cccc(F)c5)c(Cl)c4)c3c2)o1,4.494850021680094,1
Nc1ccccc1NC(=O)/C=C/c1ccc(-c2ncc(CNc3ccccc3)s2)cc1,5.0,1
Nc1ccccc1NC(=O)/C=C/c1ccc(C(=O)NCC2CCN(Cc3ccccc3)CC2)cc1,6.7447274948966935,1
Nc1ccccc1NC(=O)/C=C/c1ccc(CNC(=O)c2ccc(-c3ncc(CNc4ccccc4)s3)cc2)cc1,5.041914151478915,3
Nc1ccccc1NC(=O)/C=C/c1ccc(NC(=O)Cc2ccc3ccccc3c2)cn1,4.112945621949043,3
Nc1ccccc1NC(=O)/C=C/c1ccc(NC(=O)Cc2ccccc2)cn1,4.503070351926785,3
Nc1ccccc1NC(=O)/C=C/c1cccc(-c2ccc3ncnc(Nc4ccc(OCc5cccc(F)c5)c(Cl)c4)c3c2)c1,4.494850021680094,1
Nc1ccccc1NC(=O)/C=C/c1cccc(C(=O)NCC2CCN(Cc3ccccc3)CC2)c1,5.790484985457369,1
Nc1ccccc1NC(=O)/C=C/c1cnc(-c2ccc3cc[nH]c3c2)s1,6.200659450546418,1
Nc1ccccc1NC(=O)CCCCC(=O)Nc1ccccc1,3.6234230429434877,1
Nc1ccccc1NC(=O)CCCCCC(=O)Nc1ccc(-c2ncc(CNc3ccccc3)s2)cc1,5.0,1
Nc1ccccc1NC(=O)CCCCCC(=O)Nc1ccccc1,5.130583624470487,7
Nc1ccccc1NC(=O)CCCCCC(=O)Nc1ccccc1N,4.853871964321762,1
Nc1ccccc1NC(=O)CCCCCC(=O)Nc1ccccn1,4.040958607678906,1
Nc1ccccc1NC(=O)CCCCCC(c1c[nH]c2ccccc12)c1c[nH]c2ccccc12,4.130768280269024,3
Nc1ccccc1NC(=O)CCCCCCC(=O)Nc1ccc(-c2cn(Cc3ccccc3)nn2)cc1,4.522878745280337,1
Nc1ccccc1NC(=O)CCCCCCC(=O)Nc1cccc(-c2cn(-c3ccccc3)nn2)c1,5.522878745280337,3
Nc1ccccc1NC(=O)CCCCCCC(=O)Nc1cccc(-n2cc(-c3ccccc3)nn2)c1,4.522878745280337,1
Nc1ccccc1NC(=O)CCCCCCC(=O)Nc1ccccc1,4.164587401847702,5
Nc1ccccc1NC(=O)CCCCCCCC(=O)NCC1CCN(Cc2ccccc2)CC1,5.943095148663527,1
Nc1ccccc1NC(=O)CCCCCCOc1ccc(-c2cc(=S)ss2)cc1,4.494850021680094,1
Nc1ccccc1NC(=O)CCCCCCc1nc(-c2ccc(C(F)(F)F)cc2)no1,5.0,1
Nc1ccccc1NC(=O)CCCCCCc1nc(-c2ccc(Cl)cc2)no1,5.0,1
Nc1ccccc1NC(=O)CCCCCCc1nc(-c2ccc(F)cc2)no1,5.0,1
Nc1ccccc1NC(=O)CCCCCCc1nc(-c2ccc([N+](=O)[O-])cc2)no1,5.0,1
Nc1ccccc1NC(=O)CCCCCCc1nc(-c2cccc([N+](=O)[O-])c2)no1,5.0,1
Nc1ccccc1NC(=O)CCCCCCc1nc(-c2ccccc2)no1,5.0,1
Nc1ccccc1NC(=O)CCCCCCc1nc(-c2ccccc2Cl)no1,5.0,1
Nc1ccccc1NC(=O)CCCCCCc1nc(-c2cccnc2)no1,5.0,1
Nc1ccccc1NC(=O)CCCCCCc1nc(-c2cccs2)no1,5.0,1
Nc1ccccc1NC(=O)CCCCCN(CC(=O)NC1CCCCC1)C(=O)c1cccc2ccccc12,4.683114326958722,2
Nc1ccccc1NC(=O)CCCCCN(CC(=O)NC1CCCCC1)C(=O)c1ccccc1,4.510034697945647,2
Nc1ccccc1NC(=O)CCCCCN(CC(=O)NCc1ccccc1)C(=O)c1cccc2ccccc12,5.18772488829084,2
Nc1ccccc1NC(=O)CCCCCN1C(=O)c2cccc3c(N4CCOCC4)ccc(c23)C1=O,5.0,1
Nc1ccccc1NC(=O)CCCCCN1C(=O)c2cccc3cccc(c23)C1=O,5.0,1
Nc1ccccc1NC(=O)CCCCCSc1nnc(-c2ccncc2)n1-c1ccccc1,3.5228787452803374,1
Nc1ccccc1NC(=O)CCCc1ccc(N(CCCl)CCCl)cc1,4.123782159408358,2
Nc1ccccc1NC(=O)CCc1ccc(-c2ccc3ncnc(Nc4ccc(OCc5cccc(F)c5)c(Cl)c4)c3c2)cc1,4.494850021680094,1
Nc1ccccc1NC(=O)CCc1ccc(C(=O)NCC2CCN(Cc3ccccc3)CC2)cc1,6.337242168318426,1
Nc1ccccc1NC(=O)CCc1cccc(C(=O)NCC2CCN(Cc3ccccc3)CC2)c1,5.920818753952375,1
Nc1ccccc1NC(=O)Cc1ccc(NC(=O)c2n[nH]cc2NC(=O)c2c(Cl)cccc2Cl)cc1,3.0,1
Nc1ccccc1NC(=O)Nc1ccc(NC(=O)c2cccnc2)cc1,6.026872146400301,1
Nc1ccccc1NC(=O)c1ccc(-c2ccc3ncnc(Nc4ccc(OCc5cccc(F)c5)c(Cl)c4)c3c2)o1,4.494850021680094,1
Nc1ccccc1NC(=O)c1ccc(-c2ccc3ncnc(Nc4ccc(OCc5cccc(F)c5)c(Cl)c4)c3c2)s1,4.494850021680094,1
Nc1ccccc1NC(=O)c1ccc(-c2cn(CCc3cccc([N+](=O)[O-])c3)nn2)s1,4.0,4
Nc1ccccc1NC(=O)c1ccc(-c2cn(CCc3ccsc3)nn2)cc1,4.130719686320084,4
Nc1ccccc1NC(=O)c1ccc(-c2ncc(CNc3ccccc3)s2)cc1,5.0,1
Nc1ccccc1NC(=O)c1ccc(/C=C2\CCn3c2nc2cc(NCCCN4CCCC4)c(F)cc2c3=O)cc1,5.065501548756432,1
Nc1ccccc1NC(=O)c1ccc(C(=O)NCCNc2nonc2/C(=N/O)Nc2ccc(F)c(Br)c2)cc1,7.173925197299173,1
Nc1ccccc1NC(=O)c1ccc(C(C(=O)Nc2ccccc2)C(=O)Nc2ccccc2)cc1,5.0,1
Nc1ccccc1NC(=O)c1ccc(CCn2ncc3c2nc(N)n2nc(-c4ccco4)nc32)cc1,5.0,1
Nc1ccccc1NC(=O)c1ccc(CN(CC(=O)NCc2ccccc2)C(=O)c2cccnc2)cc1,5.985186380476293,2
Nc1ccccc1NC(=O)c1ccc(CN2CCC/C(=C\c3ccccn3)C2=O)cc1,5.0,1
Nc1ccccc1NC(=O)c1ccc(CNC(=O)CCCCCCC(=O)NCCCNCCCCNCCC(c2ccccc2)c2ccccc2)cc1,5.42021640338319,1
Nc1ccccc1NC(=O)c1ccc(CNC(=O)CCCc2ccccc2)cc1,5.366531544420413,1
Nc1ccccc1NC(=O)c1ccc(CNC(=O)Cc2ccccc2)cc1,5.2839966563652006,1
Nc1ccccc1NC(=O)c1ccc(CNC(=O)OC2CCCCC2)cc1,5.0,1
Nc1ccccc1NC(=O)c1ccc(CNC(=O)OC2CCN(S(=O)(=O)c3c(F)c(F)c(F)c(F)c3F)CC2)cc1,5.0,1
Nc1ccccc1NC(=O)c1ccc(CNC(=O)OCc2cccnc2)cc1,5.187979070210239,77
Nc1ccccc1NC(=O)c1ccc(CNC(=O)c2[nH]c(-c3ccc(O)cc3)cc2-c2ccccc2)cc1,5.301029995663981,1
Nc1ccccc1NC(=O)c1ccc(CNC(=O)c2[nH]c(-c3ccc(O)cc3)cc2-c2ccoc2)cc1,5.301029995663981,1
Nc1ccccc1NC(=O)c1ccc(CNC(=O)c2[nH]c(-c3ccc(O)cc3)cc2-c2ccsc2)cc1,5.301029995663981,1
Nc1ccccc1NC(=O)c1ccc(CNC(=O)c2[nH]c(-c3ccoc3)cc2-c2ccc(O)cc2)cc1,5.301029995663981,1
Nc1ccccc1NC(=O)c1ccc(CNC(=O)c2[nH]c(-c3ccsc3)cc2-c2ccc(O)cc2)cc1,5.301029995663981,1
Nc1ccccc1NC(=O)c1ccc(CNC(=O)c2ccc(-c3ncc(CNc4ccccc4)s3)cc2)cc1,5.0,1
Nc1ccccc1NC(=O)c1ccc(CNC(=O)c2cnc(-c3ccc4c(c3)OCCO4)[nH]2)cc1,5.0,1
Nc1ccccc1NC(=O)c1ccc(CNC(=O)c2cnc(-c3ccc4ccccc4c3)[nH]2)cc1,5.0,1
Nc1ccccc1NC(=O)c1ccc(CNC(=O)c2cnc(-c3ccc4occc4c3)[nH]2)cc1,5.0,1
Nc1ccccc1NC(=O)c1ccc(CNC(=O)c2cnc(-c3cccc4ccccc34)[nH]2)cc1,5.0,1
Nc1ccccc1NC(=O)c1ccc(CNC(=O)c2cnc(-c3ccccc3)[nH]2)cc1,5.0,1
Nc1ccccc1NC(=O)c1ccc(CNC(=O)c2n[nH]cc2NC(=O)c2c(Cl)cccc2Cl)cc1,3.0,1
Nc1ccccc1NC(=O)c1ccc(CNC(=O)c2ncc(CNc3ccccc3)s2)cc1,5.0,1
Nc1ccccc1NC(=O)c1ccc(CNC(=O)c2nn(-c3ccccc3Cl)nc2N)cc1,5.0,1
Nc1ccccc1NC(=O)c1ccc(CNC2=NC(=O)C(Cc3c[nH]c4ccccc34)N2)cc1,4.698970004336019,1
Nc1ccccc1NC(=O)c1ccc(CNC2=NC(=O)C(Cc3ccccc3)N2)cc1,4.886056647693163,2
Nc1ccccc1NC(=O)c1ccc(CNC2=NC(=O)C(c3ccccc3)N2)cc1,5.096910013008056,2
Nc1ccccc1NC(=O)c1ccc(CNC2=NC(c3ccc(C(F)(F)F)cc3)CO2)cc1,4.085656842880559,3
Nc1ccccc1NC(=O)c1ccc(CNC2=NC(c3ccc(F)cc3)CO2)cc1,4.4698003017969175,3
Nc1ccccc1NC(=O)c1ccc(CNC2=NC(c3cccc(F)c3)CO2)cc1,4.282329496997738,3
Nc1ccccc1NC(=O)c1ccc(CNC2=NC(c3ccccc3)(c3ccccc3)CO2)cc1,4.271646217978772,3
Nc1ccccc1NC(=O)c1ccc(CNC2=NC[C@@H](c3ccccc3)O2)cc1,3.761953896871205,2
Nc1ccccc1NC(=O)c1ccc(CNC2=NC[C@@H](c3ccccc3)S2)cc1,5.853871964321762,2
Nc1ccccc1NC(=O)c1ccc(CNC2=NC[C@H](c3ccccc3)O2)cc1,5.09151498112135,3
Nc1ccccc1NC(=O)c1ccc(CNC2=NC[C@H](c3ccccc3)S2)cc1,5.638272163982407,2
Nc1ccccc1NC(=O)c1ccc(CNC2=N[C@@H](Cc3c[nH]cn3)CO2)cc1,3.7471469690201067,2
Nc1ccccc1NC(=O)c1ccc(CNC2=N[C@@H](Cc3ccccc3)CO2)cc1,4.200659450546418,3
Nc1ccccc1NC(=O)c1ccc(CNC2=N[C@@H](Cc3ccccc3)CS2)cc1,4.45717457304082,2
Nc1ccccc1NC(=O)c1ccc(CNC2=N[C@@H](c3ccc(O)cc3)CO2)cc1,4.079354998593212,3
Nc1ccccc1NC(=O)c1ccc(CNC2=N[C@@H](c3ccc(O)cc3)CS2)cc1,4.823908740944319,2
Nc1ccccc1NC(=O)c1ccc(CNC2=N[C@@H](c3ccccc3)CN2)cc1,5.259637310505756,3
Nc1ccccc1NC(=O)c1ccc(CNC2=N[C@@H](c3ccccc3)CO2)cc1,4.055517327849832,3
Nc1ccccc1NC(=O)c1ccc(CNC2=N[C@@H](c3ccccc3)CS2)cc1,5.3872161432802645,2
Nc1ccccc1NC(=O)c1ccc(CNC2=N[C@@H](c3ccccc3)[C@H](c3ccccc3)O2)cc1,4.534617148551582,3
Nc1ccccc1NC(=O)c1ccc(CNC2=N[C@@H](c3ccccc3)[C@H](c3ccccc3)S2)cc1,4.8996294548824375,2
Nc1ccccc1NC(=O)c1ccc(CNC2=N[C@@H](c3cccnc3)CO2)cc1,3.9546770212133424,2
Nc1ccccc1NC(=O)c1ccc(CNC2=N[C@H](Cc3c[nH]cn3)CO2)cc1,3.94692155651658,2
Nc1ccccc1NC(=O)c1ccc(CNC2=N[C@H](Cc3ccccc3)CS2)cc1,4.896196279044043,2
Nc1ccccc1NC(=O)c1ccc(CNC2=N[C@H](c3ccccc3)CO2)cc1,4.09312646527793,3
Nc1ccccc1NC(=O)c1ccc(CNC2=N[C@H](c3ccccc3)CS2)cc1,4.97061622231479,2
Nc1ccccc1NC(=O)c1ccc(CNC2=N[C@H](c3ccccc3)[C@@H](c3ccccc3)S2)cc1,4.826813731587726,2
Nc1ccccc1NC(=O)c1ccc(CNC2=N[C@H](c3ccccc3)[C@H](c3ccccc3)O2)cc1,4.598599459218456,3
Nc1ccccc1NC(=O)c1ccc(CNCOC(=O)c2cccnc2)cc1,4.6020599913279625,1
Nc1ccccc1NC(=O)c1ccc(CNCc2nc(-c3ccc(C(F)(F)F)cc3)no2)cc1,5.0,1
Nc1ccccc1NC(=O)c1ccc(CNCc2nc(-c3ccc(Cl)cc3)no2)cc1,5.0,1
Nc1ccccc1NC(=O)c1ccc(CNCc2nc(-c3ccc(F)cc3)no2)cc1,5.0,1
Nc1ccccc1NC(=O)c1ccc(CNCc2nc(-c3ccc([N+](=O)[O-])cc3)no2)cc1,5.0,1
Nc1ccccc1NC(=O)c1ccc(CNCc2nc(-c3ccccc3)no2)cc1,5.0,1
Nc1ccccc1NC(=O)c1ccc(CNCc2nc(-c3ccccc3Cl)no2)cc1,5.0,1
Nc1ccccc1NC(=O)c1ccc(CNCc2nc(-c3cccnc3)no2)cc1,5.0,1
Nc1ccccc1NC(=O)c1ccc(CNCc2nc(-c3cccs3)no2)cc1,5.0,1
Nc1ccccc1NC(=O)c1ccc(CNc2nc(-c3ccccc3)cs2)cc1,5.387216143280265,3
Nc1ccccc1NC(=O)c1ccc(CNc2nccc(-c3cccnc3)n2)cc1,4.688171976957658,10
Nc1ccccc1NC(=O)c1ccc(CNc2nccc(-c3ccn[nH]3)n2)cc1,5.0,1
Nc1ccccc1NC(=O)c1ccc(COc2ccc(CNC(=O)[C@@H]3CCC(=O)N3Cc3ccccc3)cc2)cc1,5.0,1
Nc1ccccc1NC(=O)c1ccc(COc2ccc(CNC(=O)[C@@H]3CCCN3Cc3ccccc3)cc2)cc1,5.0,1
Nc1ccccc1NC(=O)c1ccc(COc2ccc(CNC(=O)[C@H]3CCC(=O)N3Cc3ccccc3)cc2)cc1,5.0,1
Nc1ccccc1NC(=O)c1ccc(COc2ccc3ncnc(Nc4cccc(Br)c4)c3c2)cc1,4.494850021680094,1
Nc1ccccc1NC(=O)c1ccc(CSC(=S)N2CCN(c3ccncc3)CC2)cc1,6.142667503568731,1
Nc1ccccc1NC(=O)c1ccc(CSC2=N[C@@H](Cc3c[nH]c4ccccc34)CS2)cc1,4.698970004336019,1
Nc1ccccc1NC(=O)c1ccc(CSC2=N[C@@H](Cc3ccccc3)CO2)cc1,4.055517327849832,3
Nc1ccccc1NC(=O)c1ccc(CSC2=N[C@@H](Cc3ccccc3)CS2)cc1,4.698970004336019,1
Nc1ccccc1NC(=O)c1ccc(CSC2=N[C@@H](c3ccccc3)CN2)cc1,4.844663962534939,3
Nc1ccccc1NC(=O)c1ccc(CSC2=N[C@@H](c3ccccc3)CO2)cc1,5.022276394711152,3
Nc1ccccc1NC(=O)c1ccc(CSC2=N[C@@H](c3ccccc3)CS2)cc1,5.287350298372789,2
Nc1ccccc1NC(=O)c1ccc(CSC2=N[C@@H](c3cccnc3)CO2)cc1,3.950781977329818,2
Nc1ccccc1NC(=O)c1ccc(CSc2nccc(C(F)(F)F)n2)cc1,5.097453560828663,2
Nc1ccccc1NC(=O)c1ccc(CSc2nnc(-c3ccncc3)n2-c2ccccc2)cc1,5.274088367704952,3
Nc1ccccc1NC(=O)c1ccc(Cn2cc(-c3ccc(C(=O)NCc4cccnc4)cc3)nn2)cc1,4.0,1
Nc1ccccc1NC(=O)c1ccc(Cn2ccc3c(Cl)nc(Cl)nc32)cc1,4.0,1
Nc1ccccc1NC(=O)c1ccc(Cn2cnc3c(Nc4ccc(C(=O)NO)cc4)nc(Cl)nc32)cc1,6.453457336521868,3
Nc1ccccc1NC(=O)c1ccc(Cn2cnc3c(Nc4ccc(F)c(Cl)c4)nc(Cl)nc32)cc1,4.0,1
Nc1ccccc1NC(=O)c1ccc(NC(=O)Cc2cccc3ccccc23)cn1,4.007004901568658,3
Nc1ccccc1NC(=O)c1ccc(NC(=O)Cc2ccccc2)cn1,4.112945621949043,3
Nc1ccccc1NC(=O)c1ccc(NC(=O)c2ccc(-c3ncc(CNc4ccccc4)s3)cc2)cc1,5.0,1
Nc1ccccc1NC(=O)c1ccc(NC(=O)c2n[nH]cc2NC(=O)c2c(Cl)cccc2Cl)cc1,5.995632763766033,3
Nc1ccccc1NC(=O)c1ccc2nccnc2c1,4.698970004336019,1
Nc1ccccc1NC(=O)c1cccc(C(=O)NCC2CCN(Cc3ccccc3)CC2)c1,5.671620396561263,1
Nc1ccccc1NC(=O)c1cccc(S(=O)(=O)NCC2CCN(Cc3ccccc3)CC2)c1,5.892790030352131,1
Nc1ccccc1NC(=O)c1ccccc1,4.301029995663981,1
Nc1ccccc1NC(=O)c1cccnc1,4.301029995663981,1
Nc1ccccc1NC(=O)c1cnc(NCc2ccccc2)cn1,5.306555368613919,6
Nc1ccccc1NC(=O)c1cnccn1,5.04514752092372,6
Nc1cccnc1C(=O)NCCCC[C@H](NC(=O)c1cncs1)c1ncc(-c2ccc3ccccc3c2)[nH]1,4.346787486224656,1
Nc1cccnc1COCc1ccc(-c2noc(C(F)(F)F)n2)c(F)c1,5.346787486224656,3
Nc1nc(-c2ccco2)c2cnn(CCc3ccc(C(=O)Nc4ccccc4N)cc3)c2n1,5.0,1
Nc1nc(-c2ccco2)c2cnn(Cc3cccc(OCCCCCCC(=O)NO)c3)c2n1,5.851109556211394,3
Nc1nc(Cl)c2ccn(Cc3ccc(C(=O)Nc4cc(F)ccc4N)cc3)c2n1,4.0,1
Nc1nc(Cl)c2ncn(Cc3ccc(-c4noc(C(F)(F)F)n4)c(Cl)c3)c2n1,7.229147988357855,1
Nc1nc(Cl)c2ncn(Cc3ccc(-c4noc(C(F)(F)F)n4)cc3F)c2n1,4.345823458122039,3
Nc1nc(Cl)c2ncn(Cc3ccc(C(=O)Nc4ccccc4N)cc3)c2n1,4.0,1
Nc1nc(Nc2ccc(F)c(Cl)c2)c2ccn(Cc3ccc(C(=O)Nc4ccccc4N)cc3)c2n1,4.0,1
Nc1nc(Nc2ccc(F)c(Cl)c2)c2ncn(Cc3ccc(C(=O)Nc4ccccc4N)cc3)c2n1,5.166852888087215,3
Nc1nc2cc(-c3nn(CC4CCN(c5ncc(C(=O)NO)cn5)CC4)c4ncnc(N)c34)ccc2o1,7.568636235841012,3
Nc1nc2cc(-c3nn(CCCCCCC(=O)NO)c4ncnc(N)c34)ccc2o1,7.157084362686969,6
Nc1nc2ncc(CNc3ccc(C(=O)NCCCCCCC(=O)NO)cc3)nc2c(=O)[nH]1,5.97469413473523,3
Nc1nc2ncc(CNc3ccc(C(=O)NCCCCCCCC(=O)NO)cc3)nc2c(=O)[nH]1,5.027797161620935,3
Nc1nc2ncc(CNc3ccc(C(=O)NCCCCCCCCC(=O)NO)cc3)nc2c(=O)[nH]1,5.11975822410452,3
Nc1nc2ncc(CNc3ccc(C(=O)NO)cc3)nc2c(=O)[nH]1,6.23582386760967,3
Nc1nc2ncc(CNc3ccc(C(=O)N[C@@H](CCC(=O)NCCCCCCC(=O)NO)C(=O)O)cc3)nc2c(=O)[nH]1,5.621602099051863,3
Nc1nc2ncc(CNc3ccc(C(=O)N[C@@H](CCC(=O)NCCCCCCCC(=O)NO)C(=O)O)cc3)nc2c(=O)[nH]1,5.625251653989896,3
Nc1nc2ncc(CNc3ccc(C(=O)N[C@@H](CCC(=O)NCCCCCCCC(=O)Nc4cc(-c5cccs5)ccc4N)C(=O)O)cc3)nc2c(=O)[nH]1,5.0,3
Nc1nc2ncc(CNc3ccc(C(=O)N[C@@H](CCC(=O)NCCCCCCCCC(=O)NO)C(=O)O)cc3)nc2c(=O)[nH]1,5.806875401645538,3
Nc1ncc(-c2nc(N3CCOCC3)c3ccn(CCCCCCC(=O)NO)c3n2)cn1,6.568636235841012,3
Nc1ncnc2c1c(-c1ccc(Cl)cc1)nn2-c1cccc(-c2cnnn2CCCCCC(=O)NO)c1,5.636200054520891,3
Nc1ncnc2c1c(-c1cnc3[nH]ccc3c1)nn2CCCCCCCCC(=O)NO,6.134896025358873,3
Nc1ncnc2c1nnn2C1COC(COP(=O)(O)OP(=O)(O)OP(=O)(O)O)C1,6.555955204081924,1
Nc1nn(-c2ccccc2)nc1C(=O)NCc1ccc(C(=O)NO)cc1,6.709965388637482,3
O=C(/C=C/C#Cc1ccc(NS(=O)(=O)c2ccccc2)cc1)NO,6.165807041655,2
O=C(/C=C/C#Cc1cccc(NS(=O)(=O)c2ccccc2)c1)NO,9.431798275933005,3
O=C(/C=C/C1CCN(CCc2c[nH]c3ccccc23)CC1)NO,6.6020599913279625,3
O=C(/C=C/C1CCN(CCc2ccccc2)CC1)NO,5.619788758288394,3
O=C(/C=C/C1CCN(Cc2ccc(Cl)cc2)CC1)NO,6.022276394711152,3
O=C(/C=C/C1CCN(Cc2cccc(Cl)c2)CC1)NO,6.327902142064282,3
O=C(/C=C/C1CCN(Cc2cccc3ccccc23)CC1)NO,6.376750709602099,3
O=C(/C=C/C1CCN(Cc2ccccc2)CC1)NO,5.6020599913279625,3
O=C(/C=C/C1CCN(Cc2csc3ccccc23)CC1)NO,5.886056647693163,3
O=C(/C=C/C=C/CSc1ccc(Cl)cc1)NO,5.795880017344075,1
O=C(/C=C/C=C/CSc1cccc2ccccc12)NO,5.026872146400301,1
O=C(/C=C/C=C/C[S+]([O-])c1ccc(Cl)cc1)NO,5.920818753952375,1
O=C(/C=C/C=C/c1ccc(-c2ccccc2)cc1)NO,5.301029995663981,1
O=C(/C=C/C=C/c1ccc(Cl)cc1)NO,6.598599459218455,1
O=C(/C=C/C=C/c1ccccc1)NO,6.554395796726403,1
O=C(/C=C/C=C/c1csc(Br)n1)NO,5.305524648522246,5
O=C(/C=C/c1cc(/C=C/C(=O)c2ccccc2)ccn1)NO,6.490797477668897,1
O=C(/C=C/c1ccc(-c2cc(CN3CCOCC3)on2)cc1)NO,6.896196279044043,1
O=C(/C=C/c1ccc(-c2ccc(O)c(C34CC5CC(CC(C5)C3)C4)c2)cc1)NO,5.157390760389438,3
O=C(/C=C/c1ccc(-c2ccc(O)cc2)cc1)NO,6.5107156588887305,6
O=C(/C=C/c1ccc(-c2ccc3ncnc(Nc4ccc(OCc5cccc(F)c5)c(Cl)c4)c3c2)cc1)NO,4.508638306165727,3
O=C(/C=C/c1ccc(-c2ccc3ncnc(Nc4ccc(OCc5cccc(F)c5)c(Cl)c4)c3c2)o1)NO,4.958607314841775,3
O=C(/C=C/c1ccc(-c2ccc3ncnc(Nc4ccc(OCc5cccc(F)c5)c(Cl)c4)c3c2)s1)NO,4.721246399047171,3
O=C(/C=C/c1ccc(/C=C(/CNC2CC2)c2ccc(F)cc2)cc1)NO,5.031517051446064,3
O=C(/C=C/c1ccc(/C=C/C(=O)c2ccccc2)cc1)NO,5.8297382846050425,1
O=C(/C=C/c1ccc(/C=C/C(=O)c2ccccc2)cn1)NO,7.657577319177793,1
O=C(/C=C/c1ccc(/C=N/OCCN2CCOCC2)cc1)NO,6.628932137728263,3
O=C(/C=C/c1ccc(/C=N/OCc2c(F)c(F)c(F)c(F)c2F)cc1)NO,5.889410289700751,3
O=C(/C=C/c1ccc(/C=N/OCc2ccc([N+](=O)[O-])cc2)cc1)NO,7.154901959985743,3
O=C(/C=C/c1ccc(C(=O)NC(Cc2c[nH]c3ccccc23)C(=O)NC2CC2)cc1)NO,6.3979400086720375,1
O=C(/C=C/c1ccc(C(=O)NC(Cc2c[nH]c3ccccc23)C(=O)NC2CCCC2)cc1)NO,6.619788758288394,1
O=C(/C=C/c1ccc(C(=O)NC(Cc2c[nH]c3ccccc23)C(=O)NCc2ccccc2)cc1)NO,6.698970004336019,1
O=C(/C=C/c1ccc(C(=O)NC(Cc2c[nH]c3ccccc23)C(=O)Nc2ccc(Br)cc2)cc1)NO,6.710504995252385,4
O=C(/C=C/c1ccc(C(=O)NC(Cc2c[nH]c3ccccc23)C(=O)Nc2ccc(C(F)(F)F)cc2)cc1)NO,6.251811972993799,1
O=C(/C=C/c1ccc(C(=O)NC(Cc2c[nH]c3ccccc23)C(=O)Nc2ccc(Cl)cc2)cc1)NO,6.8246889410911855,4
O=C(/C=C/c1ccc(C(=O)NC(Cc2c[nH]c3ccccc23)C(=O)Nc2ccc(F)cc2)cc1)NO,6.522878745280337,1
O=C(/C=C/c1ccc(C(=O)NC(Cc2c[nH]c3ccccc23)C(=O)Nc2ccc(I)cc2)cc1)NO,6.800932986858652,4
O=C(/C=C/c1ccc(C(=O)NC(Cc2c[nH]c3ccccc23)C(=O)Nc2ccc3ccccc3c2)cc1)NO,7.188233408960079,4
O=C(/C=C/c1ccc(C(=O)NC(Cc2c[nH]c3ccccc23)C(=O)Nc2cccc(Br)c2)cc1)NO,6.691770315926889,4
O=C(/C=C/c1ccc(C(=O)NC(Cc2c[nH]c3ccccc23)C(=O)Nc2ccccc2)cc1)NO,6.823908740944319,1
O=C(/C=C/c1ccc(C(=O)NC(Cc2c[nH]c3ccccc23)C(=O)Nc2ccccc2Br)cc1)NO,6.886056647693163,1
O=C(/C=C/c1ccc(C(=O)NC(Cc2c[nH]c3ccccc23)C(=O)Nc2ccncc2)cc1)NO,7.136677139879544,1
O=C(/C=C/c1ccc(C(=O)NCC2CCN(Cc3ccccc3)CC2)cc1)NO,6.552841968657781,1
O=C(/C=C/c1ccc(C(=O)NCCCOc2no[n+]([O-])c2S(=O)(=O)c2ccccc2)cc1)NO,6.337242168318426,6
O=C(/C=C/c1ccc(C(=O)NCCOc2no[n+]([O-])c2S(=O)(=O)c2ccccc2)cc1)NO,6.5376020021010435,6
O=C(/C=C/c1ccc(C(=O)NO)cc1)NCC1CCN(Cc2ccccc2)CC1,5.6777807052660805,1
O=C(/C=C/c1ccc(C(=O)NO)cc1)N[C@@H](Cc1c[nH]c2ccccc12)C(=O)NC1CC1,6.570247719997592,1
O=C(/C=C/c1ccc(C(=O)NO)cc1)N[C@@H](Cc1c[nH]c2ccccc12)C(=O)NC1CCCC1,6.603800652904264,1
O=C(/C=C/c1ccc(C(=O)NO)cc1)N[C@@H](Cc1c[nH]c2ccccc12)C(=O)NCCc1ccccc1,7.657577319177793,1
O=C(/C=C/c1ccc(C(=O)NO)cc1)N[C@@H](Cc1c[nH]c2ccccc12)C(=O)NCc1ccccc1,7.431798275933005,1
O=C(/C=C/c1ccc(C(=O)NO)cc1)N[C@@H](Cc1c[nH]c2ccccc12)C(=O)Nc1ccc(Br)cc1,7.012867407150529,4
O=C(/C=C/c1ccc(C(=O)NO)cc1)N[C@@H](Cc1c[nH]c2ccccc12)C(=O)Nc1ccc(Cl)cc1,7.555576251229042,4
O=C(/C=C/c1ccc(C(=O)NO)cc1)N[C@@H](Cc1c[nH]c2ccccc12)C(=O)Nc1ccc(F)cc1,8.698970004336019,1
O=C(/C=C/c1ccc(C(=O)NO)cc1)N[C@@H](Cc1c[nH]c2ccccc12)C(=O)Nc1ccc(I)cc1,7.522878745280337,1
O=C(/C=C/c1ccc(C(=O)NO)cc1)N[C@@H](Cc1c[nH]c2ccccc12)C(=O)Nc1cccc(Cl)c1,7.181955340385124,4
O=C(/C=C/c1ccc(C(=O)NO)cc1)N[C@@H](Cc1c[nH]c2ccccc12)C(=O)Nc1cccc2ccccc12,7.221848749616356,1
O=C(/C=C/c1ccc(C(=O)NO)cc1)N[C@@H](Cc1c[nH]c2ccccc12)C(=O)Nc1ccccc1,8.119186407719209,1
O=C(/C=C/c1ccc(C(=O)NO)cc1)N[C@@H](Cc1c[nH]c2ccccc12)C(=O)Nc1ccccc1Cl,7.2441251443275085,1
O=C(/C=C/c1ccc(C(=O)NO)cc1)N[C@@H](Cc1c[nH]c2ccccc12)C(=O)Nc1ccncc1,7.431798275933005,1
O=C(/C=C/c1ccc(C(F)(F)F)cc1)NO,6.020451625295905,3
O=C(/C=C/c1ccc(C(c2c[nH]c3ccccc23)c2c[nH]c3ccccc23)cc1)NO,6.136677139879544,3
O=C(/C=C/c1ccc(CN(C(=O)c2c(F)c(F)c(F)c(F)c2F)C2CC2)cc1)NO,6.376750709602099,3
O=C(/C=C/c1ccc(CN(CCCCOc2ccccc2)CCc2ccc3c(c2)OCO3)o1)NO,5.804100347590767,1
O=C(/C=C/c1ccc(CN(CCCCOc2ccccc2)Cc2ccccc2)o1)NO,5.673664139071249,1
O=C(/C=C/c1ccc(CN(CCCOc2ccccc2)Cc2ccccc2)o1)NO,5.8297382846050425,1
O=C(/C=C/c1ccc(CN(CCCc2ccccc2)Cc2ccccn2)cc1)NO,6.555955204081924,1
O=C(/C=C/c1ccc(CN(CCCc2ccccc2)Cc2cccnc2)cc1)NO,6.785156151952302,1
O=C(/C=C/c1ccc(CN(CCF)CC23CC4CC(CC(C4)C2)C3)cc1)NO,4.522878745280337,1
O=C(/C=C/c1ccc(CN(CCO)CCc2c[nH]c3ccccc23)cc1)NO,7.323710732507559,11
O=C(/C=C/c1ccc(CN(CCO)CCc2cc3ccccc3[nH]2)cc1)NO,6.853871964321762,3
O=C(/C=C/c1ccc(CN(CCO)CCc2ccc3c(c2)OCO3)o1)NO,6.3979400086720375,1
O=C(/C=C/c1ccc(CN(CCO)CCc2cnc3ccccc3c2)cc1)NO,7.619788758288394,1
O=C(/C=C/c1ccc(CN(CCO)Cc2ccc(-c3ccccc3)cc2)o1)NO,7.050609993355087,1
O=C(/C=C/c1ccc(CN(CCO)Cc2ccccc2)o1)NO,6.769551078621726,1
O=C(/C=C/c1ccc(CN(CCOC(=O)NCc2ccoc2)CCc2c[nH]c3ccccc23)cc1)NO,6.431798275933005,1
O=C(/C=C/c1ccc(CN(CCOc2ccccc2)CCc2ccc3c(c2)OCO3)o1)NO,5.627087997029893,1
O=C(/C=C/c1ccc(CN(CCOc2ccccc2)Cc2ccc(-c3ccccc3)cc2)o1)NO,5.917214629683549,1
O=C(/C=C/c1ccc(CN(CCc2c[nH]c3ccccc23)C(CO)CO)cc1)NO,7.2839966563652006,1
O=C(/C=C/c1ccc(CN(CCc2c[nH]c3ccccc23)C2CCCCC2)cc1)NO,7.698970004336019,1
O=C(/C=C/c1ccc(CN(CCc2c[nH]c3ccccc23)C2CCOCC2)cc1)NO,8.0,1
O=C(/C=C/c1ccc(CN(CCc2c[nH]c3ccccc23)Cc2ccccc2)cc1)NO,7.070581074285707,1
O=C(/C=C/c1ccc(CN(CCc2ccc3c(c2)OCO3)Cc2ccccc2)o1)NO,5.642065152999546,1
O=C(/C=C/c1ccc(CN2C(=O)/C(=C3\Nc4ccccc4\C3=N/O)c3cc(Br)ccc32)cc1)NO,6.73754891026957,1
O=C(/C=C/c1ccc(CN2C(=O)/C(=C3\Nc4ccccc4\C3=N/O)c3cc(Cl)ccc32)cc1)NO,6.497572880015568,1
O=C(/C=C/c1ccc(CN2C(=O)/C(=C3\Nc4ccccc4\C3=N/O)c3cc(F)ccc32)cc1)NO,6.374687549038326,1
O=C(/C=C/c1ccc(CN2C(=O)/C(=C3\Nc4ccccc4\C3=N/O)c3cccc(Cl)c32)cc1)NO,6.218963061378869,1
O=C(/C=C/c1ccc(CN2C(=O)/C(=C3\Nc4ccccc4\C3=N/O)c3ccccc32)cc1)NO,7.022276394711152,1
O=C(/C=C/c1ccc(CN2C(=O)Cc3cc(Br)ccc32)cc1)NO,6.156144577376839,1
O=C(/C=C/c1ccc(CN2C(=O)Cc3cc(Cl)ccc32)cc1)NO,6.132532512140949,1
O=C(/C=C/c1ccc(CN2C(=O)Cc3cc(F)ccc32)cc1)NO,5.299988937677888,1
O=C(/C=C/c1ccc(CN2C(=O)Cc3ccccc32)cc1)NO,5.635261444944602,1
O=C(/C=C/c1ccc(CN2CCC(c3c[nH]c4ccccc34)CC2)cc1)NO,7.275724130399211,1
O=C(/C=C/c1ccc(CN2CCc3c([nH]c4ccccc34)C2)cc1)NO,6.928117992693874,1
O=C(/C=C/c1ccc(CNC(=O)c2c(F)c(F)c(F)c(F)c2F)cc1)NO,6.548213564475709,3
O=C(/C=C/c1ccc(CNC(=O)c2cc(CN[C@@H]3C[C@H]3c3ccc(F)cc3)nc(-c3ccc(-n4cccn4)cc3)n2)cc1)NO,6.943095148663527,1
O=C(/C=C/c1ccc(CNC(=O)c2ccc(-c3csc(N4N=C(c5ccccc5)/C(=N/Nc5nccs5)C4=O)n3)cc2)cc1)NO,5.872247484167026,1
O=C(/C=C/c1ccc(CNC(=O)c2ccc(N3CCCC3)cc2)cc1)NO,6.688246138944246,1
O=C(/C=C/c1ccc(CNC(=O)c2ccc(N3CCN(Cc4cccnc4)CC3)cc2)cc1)NO,6.2441251443275085,1
O=C(/C=C/c1ccc(CNC(=O)c2ccccn2)cc1)NO,6.025949097207123,1
O=C(/C=C/c1ccc(CNC(=O)c2cccnc2)cc1)NO,6.430626090384954,1
O=C(/C=C/c1ccc(CNCC23CC4CC(CC(C4)C2)C3)c(F)c1)NO,5.309803919971486,3
O=C(/C=C/c1ccc(CNCC23CC4CC(CC(C4)C2)C3)cc1)NO,5.0,1
O=C(/C=C/c1ccc(CNCC2CCCCC2)c(F)c1)NO,6.139661993429006,3
O=C(/C=C/c1ccc(CNCC2CCCCC2)cc1)NO,5.017819254403598,3
O=C(/C=C/c1ccc(CNCCCCc2c[nH]c3ccccc23)cc1)NO,7.431798275933005,1
O=C(/C=C/c1ccc(CNCCCN2c3ccccc3CCc3ccc(Cl)cc32)cc1)NO,6.273272790973427,3
O=C(/C=C/c1ccc(CNCCCc2c[nH]c3ccccc23)cc1)NO,7.275724130399211,1
O=C(/C=C/c1ccc(CNCCCc2ccccc2)cc1)NO,6.823908740944319,2
O=C(/C=C/c1ccc(CNCCCn2c3ccccc3c3ccccc32)cc1)NO,7.102372908709558,1
O=C(/C=C/c1ccc(CNCCOc2ccccc2)cc1)NO,7.161150909262744,1
O=C(/C=C/c1ccc(CNCCc2c[nH]c3ccc(F)cc23)cc1)NO,7.853871964321762,1
O=C(/C=C/c1ccc(CNCCc2c[nH]c3ccc(OCc4ccccc4)cc23)cc1)NO,7.522878745280337,1
O=C(/C=C/c1ccc(CNCCc2c[nH]c3ccccc23)cc1)NO,7.200659450546418,2
O=C(/C=C/c1ccc(CNCCc2cc3ccccc3[nH]2)cc1)NO,7.337242168318426,1
O=C(/C=C/c1ccc(CNCCc2ccc3c(c2)OCO3)cc1)NO,7.522878745280337,1
O=C(/C=C/c1ccc(CNCCc2cn(CC3CC3)c3ccccc23)cc1)NO,7.075720713938118,1
O=C(/C=C/c1ccc(CNCCc2cnc3ccccc3c2)cc1)NO,7.173925197299173,1
O=C(/C=C/c1ccc(CNCCc2coc3ccccc23)cc1)NO,7.795880017344075,1
O=C(/C=C/c1ccc(CNCCn2c3ccccc3c3ccccc32)cc1)NO,7.180456064458131,1
O=C(/C=C/c1ccc(CNC[C@H]2CN(c3ccc(N4CCOCC4)c(F)c3)C(=O)O2)cc1)NO,6.349692476868063,3
O=C(/C=C/c1ccc(CNCc2c[nH]c3ccccc23)cc1)NO,7.229147988357855,1
O=C(/C=C/c1ccc(CNCc2cc3ccccc3[nH]2)cc1)NO,7.292429823902063,1
O=C(/C=C/c1ccc(CNCc2ccc3cccc(Cl)c3n2)cc1)NO,6.040481623027002,3
O=C(/C=C/c1ccc(CNCc2ccc3ccccc3n2)cc1)NO,6.354577730650907,3
O=C(/C=C/c1ccc(CNCc2ccccc2)cc1)NO,6.431798275933005,1
O=C(/C=C/c1ccc(CN[C@@H](CO)Cc2c[nH]c3ccccc23)cc1)NO,7.3979400086720375,1
O=C(/C=C/c1ccc(CN[C@H](CO)Cc2c[nH]c3ccccc23)cc1)NO,7.568636235841012,1
O=C(/C=C/c1ccc(CNc2ccc3nc4n(c(=O)c3c2)CCCCC4)cc1)NO,6.749579997691105,3
O=C(/C=C/c1ccc(CONC(=O)Nc2cccc3ccccc23)cc1)NO,4.3796056035219895,2
O=C(/C=C/c1ccc(CONC(=O)Nc2ccccc2)cc1)NO,3.781441953475961,2
O=C(/C=C/c1ccc(CONC(=O)Nc2ccccc2-c2ccccc2)cc1)NO,5.321323253019726,2
O=C(/C=C/c1ccc(CONC(=O)c2ccc3ccccc3c2)cc1)NO,5.63245616788608,2
O=C(/C=C/c1ccc(CONC(=O)c2ccc3ccccc3n2)cc1)NO,6.190557757502274,2
O=C(/C=C/c1ccc(CONC(=O)c2ccccc2)cc1)NO,5.981207078586691,2
O=C(/C=C/c1ccc(CONC(=O)c2csc(-c3ccccc3)n2)cc1)NO,4.826120391034767,2
O=C(/C=C/c1ccc(CONC(=O)c2nccc3ccccc23)cc1)NO,5.526028397870162,2
O=C(/C=C/c1ccc(COc2ccc(-c3csc(N4N=C(c5ccccc5)/C(=N/Nc5nccs5)C4=O)n3)cc2)cc1)NO,6.61261017366127,1
O=C(/C=C/c1ccc(CSc2nc3c([nH]c4ccccc43)c(=O)[nH]2)cc1)NO,5.623423042943488,1
O=C(/C=C/c1ccc(CSc2nc3ccccc3n2CC2CC2)cc1)NO,7.4089353929735005,1
O=C(/C=C/c1ccc(CSc2nc3ccccc3n2Cc2ccc(Br)cc2)cc1)NO,6.886056647693163,1
O=C(/C=C/c1ccc(CSc2nc3ccccc3n2Cc2ccc(Cl)cc2)cc1)NO,6.823908740944319,1
O=C(/C=C/c1ccc(CSc2nc3ccccc3n2Cc2cccc(Br)c2)cc1)NO,6.769551078621726,1
O=C(/C=C/c1ccc(CSc2nc3ccccc3n2Cc2ccccn2)cc1)NO,7.267606240177031,1
O=C(/C=C/c1ccc(Cc2ccc(CO)cc2)cc1)NO,7.698970004336019,3
O=C(/C=C/c1ccc(Cc2ccc(O)c(Cl)c2)cc1)NO,6.337242168318426,3
O=C(/C=C/c1ccc(Cl)cc1F)NCCCCCC(=O)NO,5.790538607025186,3
O=C(/C=C/c1ccc(Cn2cc(Nc3ncc(Cl)c(Nc4ccc(F)cc4)n3)cn2)cc1)NO,5.348495042484652,4
O=C(/C=C/c1ccc(NC(=O)C(Cc2ccccc2)c2ccccc2)cn1)NO,6.214196302610968,9
O=C(/C=C/c1ccc(NC(=O)Cc2ccc3ccccc3c2)cn1)NO,5.995678626217358,3
O=C(/C=C/c1ccc(NC(=O)Cc2cccc3ccccc23)cn1)NO,7.327902142064282,3
O=C(/C=C/c1ccc(NC(=O)Cc2ccccc2)cn1)NO,6.73754891026957,3
O=C(/C=C/c1ccc(NC(=O)Nc2ccc(Cl)c(C(F)(F)F)c2)cc1)NO,5.701146923590294,3
O=C(/C=C/c1ccc(NC(=O)Nc2ccc(Cl)cc2)cc1)NO,6.075720713938118,3
O=C(/C=C/c1ccc(NCCCc2c[nH]c3ccccc23)cc1)NO,6.581698708680255,1
O=C(/C=C/c1ccc(NS(=O)(=O)c2ccc(Cl)c(Cl)c2)cc1)NO,7.0,3
O=C(/C=C/c1ccc(NS(=O)(=O)c2ccc(Cl)cc2)cc1)NO,7.1249387366083,3
O=C(/C=C/c1ccc(NS(=O)(=O)c2ccc(Cl)cc2Cl)cc1)NO,6.522878745280337,3
O=C(/C=C/c1ccc(NS(=O)(=O)c2ccc(OC(F)(F)F)cc2)cc1)NO,6.221848749616356,3
O=C(/C=C/c1ccc(NS(=O)(=O)c2cccc(C(F)(F)F)c2)cc1)NO,7.0,3
O=C(/C=C/c1ccc(NS(=O)(=O)c2ccccc2)cc1)NO,6.698970004336019,3
O=C(/C=C/c1ccc(O)c(O)c1)O[C@@H]1C[C@@](O)(C(=O)O)C[C@@H](O)[C@@H]1O,3.768530409569319,1
O=C(/C=C/c1ccc(O)c(O)c1)O[C@@H]1C[C@](O)(C(=O)O)C[C@@H](O)[C@H]1O,3.425968732272281,1
O=C(/C=C/c1ccc(O)c(O)c1)O[C@@H]1C[C@](O)(C(=O)O)C[C@@H](OC(=O)/C=C/c2ccc(O)c(O)c2)[C@H]1O,3.8439356876601343,1
O=C(/C=C/c1ccc(OC[C@H](Cc2c[nH]c3ccccc23)NC(=O)c2ccc(Cl)cc2)cc1)NO,5.698781851306298,3
O=C(/C=C/c1ccc(Oc2ccccc2)cc1-c1ccccc1)NO,6.756961951313706,3
O=C(/C=C/c1ccc(S(=O)(=O)N2CCc3c([nH]c4ccccc34)C2)cc1)NO,7.356547323513812,1
O=C(/C=C/c1ccc(S(=O)(=O)NCCCN2c3ccccc3CCc3ccc(Cl)cc32)cc1)NO,6.058488567365597,3
O=C(/C=C/c1ccc(S(=O)(=O)NCCc2c[nH]c3ccccc23)cc1)NO,8.18045606445813,1
O=C(/C=C/c1ccc(S(=O)(=O)NCCc2cccc3[nH]ccc23)cc1)NO,7.0,1
O=C(/C=C/c1ccc(S(=O)(=O)N[C@@H]2C[C@H]2c2ccccc2)cc1)NO,9.123205023799299,3
O=C(/C=C/c1ccc2c(=O)n(CCc3ccccc3)cnc2c1)NO,6.221848749616356,2
O=C(/C=C/c1ccc2c(c1)C(=O)CC1(CCCN(C(=O)c3ccccc3)C1)O2)NO,6.782516055786093,1
O=C(/C=C/c1ccc2c(c1)C(=O)CC1(CCCN(C(=O)c3ccccc3)CC1)O2)NO,6.958607314841775,1
O=C(/C=C/c1ccc2c(c1)C(=O)CC1(CCCN(CCc3ccccc3)C1)O2)NO,9.0,1
O=C(/C=C/c1ccc2c(c1)C(=O)CC1(CCCN(CCc3ccccc3)CC1)O2)NO,7.251811972993799,1
O=C(/C=C/c1ccc2c(c1)C(=O)CC1(CCCN(Cc3ccc(F)cc3)C1)O2)NO,7.468521082957745,1
O=C(/C=C/c1ccc2c(c1)C(=O)CC1(CCCN(Cc3ccc(F)cc3)CC1)O2)NO,6.826813731587726,1
O=C(/C=C/c1ccc2c(c1)C(=O)CC1(CCCN(Cc3ccccc3)C1)O2)NO,7.193114886641905,3
O=C(/C=C/c1ccc2c(c1)C(=O)CC1(CCCN(Cc3ccccc3)CC1)O2)NO,7.136677139879544,1
O=C(/C=C/c1ccc2c(c1)C(=O)CC1(CCCNC1)O2)NO,6.866461091629782,1
O=C(/C=C/c1ccc2c(c1)C(=O)CC1(CCCNCC1)O2)NO,6.872895201635192,1
O=C(/C=C/c1ccc2c(c1)C(=O)CC1(CCN(C(=O)c3ccccc3)C1)O2)NO,6.7281583934635005,1
O=C(/C=C/c1ccc2c(c1)C(=O)CC1(CCN(CCc3ccccc3)C1)O2)NO,7.568636235841012,1
O=C(/C=C/c1ccc2c(c1)C(=O)CC1(CCN(Cc3ccc(F)cc3)C1)O2)NO,6.707743928643524,1
O=C(/C=C/c1ccc2c(c1)C(=O)CC1(CCN(Cc3ccccc3)C1)O2)NO,7.384339988253195,3
O=C(/C=C/c1ccc2c(c1)C(=O)CC1(CCN(Cc3ccccc3)CC1)O2)NO,5.75448733218585,2
O=C(/C=C/c1ccc2c(c1)C(=O)CC1(CCNC1)O2)NO,6.882728704344236,1
O=C(/C=C/c1ccc2c(c1)C(=O)CC1(CN(C(=O)c3ccccc3)C1)O2)NO,7.0915149811213505,1
O=C(/C=C/c1ccc2c(c1)C(=O)CC1(CN(CCc3ccccc3)C1)O2)NO,6.6595558851598815,1
O=C(/C=C/c1ccc2c(c1)C(=O)CC1(CN(Cc3ccc(F)cc3)C1)O2)NO,6.886056647693163,1
O=C(/C=C/c1ccc2c(c1)C(=O)CC1(CN(Cc3ccccc3)C1)O2)NO,7.173925197299173,1
O=C(/C=C/c1ccc2c(c1)C(=O)CC1(CNC1)O2)NO,6.642065152999546,1
O=C(/C=C/c1ccc2c(c1)C(=O)c1ccccc1C2=O)NO,4.0,1
O=C(/C=C/c1ccc2c(c1)Cc1sc(NCCN3CCOCC3)nc1-2)NO,6.785156151952302,1
O=C(/C=C/c1ccc2c(c1)Cc1sc(Nc3cccnc3)nc1-2)NO,6.525783735923745,1
O=C(/C=C/c1ccc2c(c1)NC(CCc1ccccc1)N2CCN1CCOCC1)NO,6.462180904926726,3
O=C(/C=C/c1ccc2c(c1)NCN2CCC1=CCCC=N1)NO,6.625251653989896,2
O=C(/C=C/c1ccc2c(c1)OCO2)NCCCCCC(=O)NO,7.537602002101044,1
O=C(/C=C/c1ccc2c(c1)nc(-c1ccccn1)n2CC(O)CO)NO,6.46344155742847,7
O=C(/C=C/c1ccc2c(c1)nc(-c1ccccn1)n2CCCO)NO,6.85078088734462,7
O=C(/C=C/c1ccc2c(c1)nc(-c1ccncc1)n2CCCO)NO,6.79317412396815,7
O=C(/C=C/c1ccc2c(c1)nc(-c1ccncc1)n2CCO)NO,6.054039296422431,7
O=C(/C=C/c1ccc2c(c1)nc(-c1ccsc1)n2CCCO)NO,6.270025714300445,7
O=C(/C=C/c1ccc2c(c1)nc(C1CCCCC1)n2CCCO)NO,6.692503962086787,7
O=C(/C=C/c1ccc2c(c1)nc(CCc1ccccc1)n2CC(O)CO)NO,6.342944147142895,7
O=C(/C=C/c1ccc2c(c1)nc(CCc1ccccc1)n2CCCN1CCCC1=O)NO,6.140261433802853,7
O=C(/C=C/c1ccc2c(c1)nc(CCc1ccccc1)n2CCCN1CCOCC1)NO,5.962573502059377,7
O=C(/C=C/c1ccc2c(c1)nc(CCc1ccccc1)n2CCCO)NO,6.526896818122921,10
O=C(/C=C/c1ccc2c(c1)nc(CCc1ccccc1)n2CCN1CCCCC1)NO,6.595166283380061,7
O=C(/C=C/c1ccc2c(c1)nc(CCc1ccccc1)n2CCN1CCOCC1)NO,6.462180904926726,4
O=C(/C=C/c1ccc2c(c1)nc(CCc1ccccc1)n2CCc1ccccc1)NO,5.997833938243493,7
O=C(/C=C/c1ccc2c(c1)nc(CCc1ccccc1)n2CCc1ccccn1)NO,6.537602002101045,7
O=C(/C=C/c1ccc2c(c1)nc(CCc1ccccc1)n2CCc1cccnc1)NO,6.482804102050025,7
O=C(/C=C/c1ccc2c(c1)nc(CCc1ccccc1)n2Cc1ccccc1)NO,5.8386319977650265,7
O=C(/C=C/c1ccc2c(c1)nc(CCc1ccccc1)n2Cc1ccccn1)NO,6.436518914605588,7
O=C(/C=C/c1ccc2c(c1)nc(CCc1ccccc1)n2Cc1cccnc1)NO,6.694648630553376,7
O=C(/C=C/c1ccc2c(c1)nc(COCc1ccccc1)n2CCCO)NO,6.8386319977650265,7
O=C(/C=C/c1ccc2c(c1)nc(COCc1ccccc1)n2CCc1cccnc1)NO,6.522878745280337,7
O=C(/C=C/c1ccc2c(c1)ncn2CCc1ccccn1)NO,6.625251653989896,4
O=C(/C=C/c1ccc2c(c1)ncn2Cc1ccccc1)NO,6.3851027839668655,7
O=C(/C=C/c1ccc2cc(Oc3ccc([N+](=O)[O-])cc3)ccc2n1)NO,5.6345120151091,3
O=C(/C=C/c1ccc2ccccc2n1)NO,7.657577319177793,1
O=C(/C=C/c1ccc2cccnc2c1)NCCCCCC(=O)NO,5.6928892226757135,3
O=C(/C=C/c1cccc(-c2ccc(O)cc2)c1)NO,6.494850021680094,3
O=C(/C=C/c1cccc(-c2ccc3ncnc(Nc4ccc(OCc5cccc(F)c5)c(Cl)c4)c3c2)c1)NO,6.200659450546418,6
O=C(/C=C/c1cccc(-c2nc3ccccc3[nH]2)c1)NO,7.200659450546418,3
O=C(/C=C/c1cccc(-c2nc3ccccc3n2-c2ccc(Cl)cc2)c1)NO,7.301029995663981,3
O=C(/C=C/c1cccc(-c2nc3ccccc3n2-c2ccccc2)c1)NO,7.301029995663981,3
O=C(/C=C/c1cccc(-c2nc3ccccc3n2C2CCCCC2)c1)NO,7.301029995663981,3
O=C(/C=C/c1cccc(-c2nc3ccccc3n2C2CCCNC2)c1)NO,6.795880017344075,3
O=C(/C=C/c1cccc(-c2nc3ccccc3n2CC2CCNCC2)c1)NO,6.508638306165726,3
O=C(/C=C/c1cccc(-c2nc3ccccc3n2CCCc2ccccc2)c1)NO,7.6020599913279625,3
O=C(/C=C/c1cccc(-c2nc3ccccc3n2CCN2CCCC2)c1)NO,7.200659450546418,3
O=C(/C=C/c1cccc(-c2nc3ccccc3n2CCN2CCCCC2)c1)NO,7.0,3
O=C(/C=C/c1cccc(-c2nc3ccccc3n2CCN2CCOCC2)c1)NO,6.3979400086720375,3
O=C(/C=C/c1cccc(-c2nc3ccccc3n2CCc2ccccc2)c1)NO,7.6020599913279625,3
O=C(/C=C/c1cccc(-c2nc3ccccc3n2Cc2ccccc2)c1)NO,7.3979400086720375,3
O=C(/C=C/c1cccc(-c2nc3ccccc3n2[C@@H]2CCCNC2)c1)NO,6.920818753952375,3
O=C(/C=C/c1cccc(-c2nc3ccccc3n2[C@H]2CCCNC2)c1)NO,6.920818753952375,3
O=C(/C=C/c1cccc(/C=C/C(=O)c2ccccc2)c1)NO,7.070581074285707,1
O=C(/C=C/c1cccc(/C=C/C(=O)c2ccccc2)n1)NO,7.698970004336019,1
O=C(/C=C/c1cccc(C(=O)NC(Cc2c[nH]c3ccccc23)C(=O)Nc2ccc(Cl)cc2)c1)NO,8.0,1
O=C(/C=C/c1cccc(C(=O)NCC2CCN(Cc3ccccc3)CC2)c1)NO,7.173925197299173,1
O=C(/C=C/c1cccc(C(=O)NO)c1)Nc1ccccc1,7.431798275933005,2
O=C(/C=C/c1cccc(C(=O)c2cc3ccccc3[nH]2)c1)NO,7.494850021680094,3
O=C(/C=C/c1cccc(C(=O)c2cc3ccccc3o2)c1)NO,7.102372908709558,3
O=C(/C=C/c1cccc(CNC23CC4CC(CC(C4)C2)C3)c1)NO,5.651500429716162,3
O=C(/C=C/c1cccc(OC[C@H](Cc2c[nH]c3ccccc23)NC(=O)CCCc2ccccc2)c1)NO,6.30189945437661,1
O=C(/C=C/c1cccc(OC[C@H](Cc2c[nH]c3ccccc23)NC(=O)CCc2ccccc2)c1)NO,6.332547047110046,1
O=C(/C=C/c1cccc(OC[C@H](Cc2c[nH]c3ccccc23)NC(=O)Cc2ccccc2)c1)NO,6.3487219860018556,1
O=C(/C=C/c1cccc(OC[C@H](Cc2c[nH]c3ccccc23)NC(=O)c2cc(Cl)cc(Cl)c2)c1)NO,6.108462542327436,1
O=C(/C=C/c1cccc(OC[C@H](Cc2c[nH]c3ccccc23)NC(=O)c2ccc(Br)cc2)c1)NO,6.1598939055432425,1
O=C(/C=C/c1cccc(OC[C@H](Cc2c[nH]c3ccccc23)NC(=O)c2ccc(Cl)cc2)c1)NO,6.431798275933005,1
O=C(/C=C/c1cccc(OC[C@H](Cc2c[nH]c3ccccc23)NC(=O)c2ccc(Cl)cc2Cl)c1)NO,6.586700235918748,1
O=C(/C=C/c1cccc(OC[C@H](Cc2c[nH]c3ccccc23)NC(=O)c2cccc(Cl)c2)c1)NO,6.446116973356125,1
O=C(/C=C/c1cccc(OC[C@H](Cc2c[nH]c3ccccc23)NC(=O)c2ccccc2)c1)NO,6.375717904164332,1
O=C(/C=C/c1cccc(OC[C@H](Cc2c[nH]c3ccccc23)NC(=O)c2ccccc2Cl)c1)NO,7.086186147616283,1
O=C(/C=C/c1cccc(S(=O)(=O)N2CCN(Cc3ccc4c(c3)OCO4)CC2)c1)NO,6.570247719997592,1
O=C(/C=C/c1cccc(S(=O)(=O)N2CCN(c3ccc(Cl)cc3)CC2)c1)NO,6.826813731587726,1
O=C(/C=C/c1cccc(S(=O)(=O)N2CCN(c3cccc(Cl)c3)CC2)c1)NO,6.7281583934635005,1
O=C(/C=C/c1cccc(S(=O)(=O)N2CCN(c3ccccc3)CC2)c1)NO,6.8794260687941495,1
O=C(/C=C/c1cccc(S(=O)(=O)N2CCN(c3ccccc3Cl)CC2)c1)NO,7.167491087293763,1
O=C(/C=C/c1cccc(S(=O)(=O)N2CCN(c3ccccc3F)CC2)c1)NO,6.718966632752272,1
O=C(/C=C/c1cccc(S(=O)(=O)N2CCN(c3ccccn3)CC2)c1)NO,6.910094888560602,1
O=C(/C=C/c1cccc(S(=O)(=O)N2CCN(c3ncccn3)CC2)c1)NO,7.075720713938118,1
O=C(/C=C/c1cccc(S(=O)(=O)NCCCN2c3ccccc3CCc3ccc(Cl)cc32)c1)NO,5.665546248849069,3
O=C(/C=C/c1cccc(S(=O)(=O)NC[C@H]2CN(c3ccc(N4CCOCC4)c(F)c3)C(=O)O2)c1)NO,6.09528445472132,3
O=C(/C=C/c1cccc(S(=O)(=O)N[C@@H]2C[C@H]2c2ccccc2)c1)NO,9.987162775294827,3
O=C(/C=C/c1cccc(S(=O)(=O)N[C@H](C(=O)Nc2cccc3ccccc23)c2ccccc2)c1)NO,6.18111458540599,1
O=C(/C=C/c1cccc(S(=O)(=O)Nc2ccc(Cl)cc2)c1)NO,7.376750709602099,1
O=C(/C=C/c1cccc(S(=O)(=O)Nc2ccc(OC(F)F)cc2)c1)NO,8.0,1
O=C(/C=C/c1cccc(S(=O)(=O)Nc2cccc(F)c2)c1)NO,7.698970004336019,1
O=C(/C=C/c1cccc(S(=O)(=O)Nc2ccccc2)c1)NO,6.771724003730396,42
O=C(/C=C/c1cccc(S(=O)(=O)c2ccc3cccc(F)c3n2)c1)NO,6.698970004336019,3
O=C(/C=C/c1cccc(S(=O)(=O)c2ccc3ccccc3n2)c1)NO,6.886056647693163,3
O=C(/C=C/c1cccc(S(=O)(=O)n2ccc3cc(C(=O)c4ccc(F)cc4)ccc32)c1)NO,5.560667306169737,3
O=C(/C=C/c1cccc(S(=O)(=O)n2ccc3cccnc32)c1)NO,5.856985199745904,6
O=C(/C=C/c1cccc2ccccc12)NO,6.154901959985743,3
O=C(/C=C/c1ccccc1)NCCCCCC(=O)NO,7.698970004336019,1
O=C(/C=C/c1ccccc1)NO,6.129710108766763,6
O=C(/C=C/c1ccccc1Cl)NO,7.267606240177031,3
O=C(/C=C/c1ccccc1Oc1c(Cl)cccc1Cl)NO,6.327902142064282,3
O=C(/C=C/c1ccccc1Sc1ccc(Cl)cc1)NO,6.7447274948966935,3
O=C(/C=C/c1cccn(CCCc2ccc(Br)cc2)c1=O)NO,6.6777807052660805,1
O=C(/C=C/c1cccn(CCCc2ccc3ccccc3c2)c1=O)NO,6.833107103048675,4
O=C(/C=C/c1cccn(CCCc2cccc(Br)c2)c1=O)NO,7.0,1
O=C(/C=C/c1cccn(CCCc2ccccc2Br)c1=O)NO,6.318758762624412,1
O=C(/C=C/c1cccn(CCCc2cccnc2)c1=O)NO,6.2441251443275085,1
O=C(/C=C/c1cccn(CCc2ccc(Br)cc2)c1=O)NO,6.443697499232712,1
O=C(/C=C/c1cccn(CCc2ccc3ccccc3c2)c1=O)NO,5.800734961975908,3
O=C(/C=C/c1cccn(CCc2cccc(Br)c2)c1=O)NO,6.795880017344075,1
O=C(/C=C/c1cccn(CCc2ccccn2)c1=O)NO,5.404503778174426,1
O=C(/C=C/c1cccn(Cc2ccc(Br)cc2)c1=O)NO,7.0,1
O=C(/C=C/c1cccn(Cc2ccc3ccccc3n2)c1=O)NO,7.522878745280337,1
O=C(/C=C/c1cccn(Cc2cccc(Br)c2)c1=O)NO,6.42021640338319,1
O=C(/C=C/c1cccn(Cc2ccccc2Br)c1=O)NO,6.721246399047171,1
O=C(/C=C/c1cccn(Cc2ccccn2)c1=O)NO,6.337242168318426,1
O=C(/C=C/c1cccn(Cc2cccnc2)c1=O)NO,6.522878745280337,1
O=C(/C=C/c1cccn(Cc2ccncc2)c1=O)NO,6.376750709602099,1
O=C(/C=C/c1cccnc1)NC1CCc2ccc(C(=O)NO)cc2C1,6.004364805402449,3
O=C(/C=C/c1cn(C(/C=C/c2ccccc2)C2CCC2)nn1)NO,7.267606240177031,1
O=C(/C=C/c1cn(C(/C=C/c2ccccc2)C2CCCC2)nn1)NO,6.939302159646388,1
O=C(/C=C/c1cn(C(/C=C/c2ccccc2)Cc2ccc3ccccc3c2)nn1)NO,7.026872146400302,1
O=C(/C=C/c1cn(C(/C=C/c2ccccc2)Cc2cccc(-c3ccccc3)c2)nn1)NO,6.39469495385889,1
O=C(/C=C/c1cn(C(/C=C/c2ccccc2)Cc2cccc(Oc3ccccc3)c2)nn1)NO,6.292429823902063,1
O=C(/C=C/c1cn(C(/C=C/c2ccccc2)Cc2cccc3ccccc23)nn1)NO,6.954677021213342,1
O=C(/C=C/c1cn(C(/C=C/c2ccccc2)Cc2ccccc2)nn1)NO,7.113509274827518,1
O=C(/C=C/c1cn(C(/C=C/c2ccccc2)Cc2nccs2)nn1)NO,6.767003889607846,1
O=C(/C=C/c1cn(C(Cc2ccccc2)c2nc3ccccc3o2)nn1)NO,6.6595558851598815,1
O=C(/C=C/c1cn(C/C=C/c2ccccc2)nn1)NO,6.982966660701219,1
O=C(/C=C/c1cn(Cc2nc3ccccc3[nH]2)nn1)NO,6.7495799976911055,1
O=C(/C=C/c1cn(Cc2nc3ccccc3o2)nn1)NO,6.978810700930062,1
O=C(/C=C/c1cn(Cc2nc3ccccc3s2)nn1)NO,7.3872161432802645,1
O=C(/C=C/c1cnc(-c2ccc(F)cc2F)s1)NO,6.026872146400301,1
O=C(/C=C/c1cnc(-c2ccc(N3CCOCC3)cc2)s1)NO,6.259637310505756,1
O=C(/C=C/c1cnc(-c2ccc3c(c2)OCCO3)s1)NO,6.167491087293763,1
O=C(/C=C/c1cnc(-c2ccc3c(c2)OCO3)s1)NO,6.050609993355087,1
O=C(/C=C/c1cnc(N2CCN(S(=O)(=O)c3ccc(-c4ccccc4)cc3)CC2)s1)NO,4.958607314841775,1
O=C(/C=C/c1cnc(N2CCN(S(=O)(=O)c3ccc(C(F)(F)F)cc3)CC2)s1)NO,4.823908740944319,1
O=C(/C=C/c1cnc(N2CCN(S(=O)(=O)c3ccc(F)cc3)CC2)s1)NO,5.327902142064282,1
O=C(/C=C/c1cnc(N2CCN(S(=O)(=O)c3ccc(OC(F)(F)F)cc3)CC2)s1)NO,5.494850021680094,1
O=C(/C=C/c1cnc(N2CCN(S(=O)(=O)c3ccc([N+](=O)[O-])cc3)CC2)s1)NO,5.795880017344075,1
O=C(/C=C/c1cnc(N2CCN(S(=O)(=O)c3ccc4ccccc4c3)CC2)s1)NO,7.301029995663981,1
O=C(/C=C/c1cnc(N2CCN(S(=O)(=O)c3ccccc3)CC2)s1)NO,6.356547323513812,1
O=C(/C=C/c1csc(Br)n1)NO,5.827862077443837,5
O=C(/C=C/c1nc2ccccc2o1)NO,7.318758762624412,1
O=C(C(Cc1ccc(-c2noc(C(F)(F)F)n2)cn1)c1cccc(C(F)(F)F)c1)N1CCS(=O)(=O)CC1,4.920818753952375,3
O=C(C(Cc1ccc(-c2noc(C(F)(F)F)n2)cn1)c1cccc(C(F)(F)F)c1)N1CCS(=O)CC1,5.004364805402449,1
O=C(C(Cc1ccc(-c2noc(C(F)(F)F)n2)cn1)c1cccc(C(F)(F)F)c1)N1CC[S+]([O-])CC1,5.004364805402449,2
O=C(C1CC1c1cncnc1)N(Cc1ccc(-c2noc(C(F)(F)F)n2)cc1)c1cccc(C(F)(F)F)c1,5.657577319177793,3
O=C(C1CCCS(=O)(=O)C1)N(Cc1ccc(-c2noc(C(F)(F)F)n2)cn1)c1cccc(F)c1,5.795880017344075,3
O=C(C1CCN(C2CC2)CC1)N(Cc1ccc(-c2noc(C(F)(F)F)n2)cn1)c1cccc(F)c1,5.7447274948966935,3
O=C(C1CCOCC1)N(Cc1ccc(-c2noc(C(F)(F)F)n2)cc1)c1cccc(C(F)(F)F)c1,5.638272163982407,3
O=C(C1CCOCC1)N(Cc1ccc(-c2noc(C(F)(F)F)n2)cn1)c1cccc(F)c1,5.6777807052660805,3
O=C(C1CCS(=O)(=O)C1)N(Cc1ccc(-c2noc(C(F)(F)F)n2)cn1)c1cccc(F)c1,5.585026652029182,3
O=C(C1CCS(=O)(=O)CC1)N(Cc1ccc(-c2noc(C(F)(F)F)n2)c(F)c1)c1cccc(C(F)(F)F)c1,5.161150909262744,3
O=C(C1CCS(=O)(=O)CC1)N(Cc1ccc(-c2noc(C(F)(F)F)n2)cc1)c1cccc(C(F)(F)F)c1,5.366531544420414,3
O=C(C1CCS(=O)(=O)CC1)N(Cc1ccc(-c2noc(C(F)(F)F)n2)cc1F)c1cccc(C(F)(F)F)c1,5.4685210829577455,3
O=C(C1CCS(=O)(=O)CC1)N(Cc1ccc(-c2noc(C(F)(F)F)n2)cn1)c1cccc(C(F)(F)F)c1,5.6020599913279625,3
O=C(C1CCS(=O)(=O)CC1)N(Cc1ccc(-c2noc(C(F)(F)F)n2)cn1)c1cccc(F)c1,5.638272163982407,3
O=C(C1CCS(=O)(=O)CC1)N(Cc1ccc(-c2noc(C(F)(F)F)n2)cn1)c1ccccc1C(F)(F)F,5.036212172654444,3
O=C(C1CCS(=O)(=O)CC1)N(Cc1ccc(-c2noc(C(F)(F)F)n2)nn1)c1cccc(C(F)(F)F)c1,5.200659450546418,3
O=C(C1CCS(=O)(=O)CC1)N(Cc1cnc(-c2noc(C(F)(F)F)n2)cn1)c1cccc(C(F)(F)F)c1,5.0,3
O=C(C1COCCO1)N(Cc1ccc(-c2noc(C(F)(F)F)n2)cc1)c1cccc(C(F)(F)F)c1,5.619788758288394,3
O=C(C=C1c2ccccc2-c2ccccc21)NCCCCCC(=O)NO,6.108462542327436,2
O=C(C=Cc1ccc2c(c1)C(=O)CC1(CCN(CCc3ccccc3)CC1)O2)NO,6.94692155651658,1
O=C(C=Cc1ccc2c(c1)C(=O)CC1(CCN(Cc3ccc(F)cc3)CC1)O2)NO,6.96657624451305,1
O=C(C=Cc1ccc2c(c1)C(=O)CC1(CCN(Cc3ccccc3)CC1)O2)NO,5.75448733218585,1
O=C(C=Cc1ccc2c(c1)NCN2CCC1=CCCC=N1)NO,6.625251653989896,1
O=C(CBr)NCCCCC(=O)Nc1ccccc1,3.91721462968355,1
O=C(CBr)NCCCCCC(=O)Nc1ccccc1,4.769551078621726,2
O=C(CBr)NCCCCCCC(=O)Nc1ccccc1,4.853871964321762,1
O=C(CBr)NCCCCCCCC(=O)Nc1ccccc1,3.5228787452803374,1
O=C(CC(=O)Nc1ccccc1)NCCS,4.154901959985743,1
O=C(CC1CCS(=O)(=O)C1)N(Cc1ccc(-c2noc(C(F)(F)F)n2)cn1)c1cccc(F)c1,5.638272163982407,3
O=C(CC1CNCCO1)N(Cc1ccc(-c2noc(C(F)(F)F)n2)cc1)c1cccc(C(F)(F)F)c1,5.6020599913279625,3
O=C(CC1COC1)N(Cc1ccc(-c2noc(C(F)(F)F)n2)cc1)c1cccc(C(F)(F)F)c1,5.552841968657781,3
O=C(CC1COCCO1)N(Cc1ccc(-c2noc(C(F)(F)F)n2)cc1)c1cccc(C(F)(F)F)c1,5.698970004336019,3
O=C(CCC(=O)NCCCN1c2ccccc2CCc2ccc(Cl)cc21)NO,5.0,1
O=C(CCC(=O)Nc1ccccc1)NCCS,4.903089986991944,1
O=C(CCC(CCCC(=O)Nc1ccccc1)Cc1ccccc1)NO,6.484995935871067,4
O=C(CCC(CCCC(=O)Nc1ccccc1)c1ccccc1)NO,5.94997316241507,4
O=C(CCC1=CCCN(CCCCc2ccc(-c3ccccc3)cc2)C1=O)NO,6.698970004336019,1
O=C(CCC1=CCCN(CCCCc2cccc3ccccc23)C1=O)NO,6.958607314841775,1
O=C(CCC1=CCCN(CCCCc2ccccc2)C1=O)NO,6.886056647693163,1
O=C(CCC1=CCCN(CCCc2ccc(-c3ccccc3)cc2)C1=O)NO,6.568636235841012,1
O=C(CCC1=CCCN(CCCc2ccc3ccccc3c2)C1=O)NO,7.522878745280337,1
O=C(CCC1=CCCN(CCCc2ccccc2)C1=O)NO,6.568636235841012,1
O=C(CCC1=CCCN(CCc2ccc(-c3ccccc3)cc2)C1=O)NO,6.638272163982407,1
O=C(CCC1=CCCN(CCc2ccc3ccccc3c2)C1=O)NO,7.431798275933005,1
O=C(CCC1=CCCN(CCc2cccc3ccccc23)C1=O)NO,6.494850021680094,1
O=C(CCC1=CCCN(CCc2ccccc2)C1=O)NO,6.455931955649724,2
O=C(CCC1=CCCN(Cc2ccc(Br)cc2)C1=O)NO,6.346787486224656,1
O=C(CCC1=CCCN(Cc2ccc(F)cc2)C1=O)NO,6.251811972993799,1
O=C(CCC1=CCCN(Cc2ccc(NC(=O)c3ccccc3)cc2)C1=O)NO,6.292429823902063,1
O=C(CCC1=CCCN(Cc2ccc([N+](=O)[O-])cc2)C1=O)NO,6.638272163982407,1
O=C(CCC1=CCCN(Cc2ccccc2)C1=O)NO,6.173925197299173,2
O=C(CCC1=CCN(CCCc2ccc3ccccc3c2)C1=O)NO,3.921905849593589,2
O=C(CCC1C(=O)N(c2ccc(Cl)cc2)C(=O)N1Cc1ccc(Br)cc1)Nc1ccc(C(=O)NO)cc1,5.173925197299173,3
O=C(CCC1C(=O)N(c2ccc(Cl)cc2)C(=O)N1Cc1ccccc1)Nc1ccc(C(=O)NO)cc1,5.443697499232712,3
O=C(CCCC(=O)NCCCN1c2ccccc2CCc2ccc(Cl)cc21)NO,5.732828271596986,3
O=C(CCCC(=O)NCCc1ccccc1)NO,5.301029995663981,3
O=C(CCCC(=O)Nc1ccccc1)NCCS,5.508638306165727,1
O=C(CCCC(CCC(=O)Nc1ccccc1)Cc1ccccc1)NO,6.42021640338319,3
O=C(CCCC/C=C(\F)CS)Nc1ccccc1,6.292429823902063,1
O=C(CCCC1=CCCN(CCCc2ccccc2)C1=O)NO,5.493494967595128,1
O=C(CCCC1CCN(C(=O)Cc2ccccc2)CC1)NO,6.585026652029182,1
O=C(CCCC1CCN(C(=O)NCc2ccccc2)CC1)NO,7.045757490560675,1
O=C(CCCC1CCN(C(=O)Nc2ccccc2)CC1)NO,7.0,1
O=C(CCCC1CCN(C(=O)c2ccccc2)CC1)NO,5.856985199745905,1
O=C(CCCC1CCN(S(=O)(=O)Cc2ccccc2)CC1)NO,6.075720713938118,2
O=C(CCCC1CCN(S(=O)(=O)c2ccc3ccccc3c2)CC1)NO,6.892790030352131,1
O=C(CCCC1CCN(S(=O)(=O)c2cccc(-c3cnco3)c2)CC1)NO,6.671620396561263,1
O=C(CCCC1CCN(S(=O)(=O)c2cccc3ccccc23)CC1)NO,6.7423214251308154,1
O=C(CCCC1CCN(S(=O)(=O)c2ccccc2)CC1)NO,6.267606240177031,2
O=C(CCCC1CCN(S(=O)(=O)c2ccccc2Cl)CC1)NO,6.761953896871205,1
O=C(CCCCC(=O)N1C/C=C/CCOc2cccc(c2)-c2ccnc(n2)Nc2cccc(c2)C1)NO,6.071604147743287,1
O=C(CCCCC(=O)N1C/C=C/COCc2cccc(c2)-c2ccnc(n2)Nc2cccc(c2)C1)NO,6.39577394691553,1
O=C(CCCCC(=O)NCCCCN(Cc1ccccc1-c1ccccc1)Cc1ccccc1-c1ccccc1)NO,4.01655414265866,1
O=C(CCCCC(=O)NCCCCNCc1ccccc1-c1ccccc1)NO,4.077482139755388,1
O=C(CCCCC(=O)NCCCN1c2ccccc2CCc2ccc(Cl)cc21)NO,5.510041520575165,3
O=C(CCCCC(=O)NCCCNCCCCNCCC(c1ccccc1)c1ccccc1)NO,4.09555495892309,1
O=C(CCCCC(=O)NCCCNCCCNCCCNCCCNCC1CCCCCC1)NO,4.229368872222193,1
O=C(CCCCC(=O)Nc1ccc2c(c1)/C(=C/c1ccc[nH]1)C(=O)N2)NO,6.505845405981557,2
O=C(CCCCC(=O)Nc1ccccc1)NCCS,5.823908740944319,1
O=C(CCCCC/C=C(\F)CS)Nc1ccccc1,6.443697499232712,1
O=C(CCCCC/C=C/c1ccc(-c2ccccc2)cc1)c1ncco1,6.004364805402449,1
O=C(CCCCC/C=C/c1csc(Br)n1)NO,5.48947441544292,5
O=C(CCCCC/C=C\c1csc(Br)n1)NO,5.562463746086435,5
O=C(CCCCCC(=O)N(Cc1ccc(Br)s1)c1ccc(OCCN2CCOCC2)cc1)NO,8.948265870722944,3
O=C(CCCCCC(=O)N(Cc1ccccc1)C(Cc1ccccc1)C(=O)NC1CCCCC1)NO,5.920818753952375,1
O=C(CCCCCC(=O)NC(Cc1c[nH]c2ccccc12)C(=O)Nc1ccc(Cl)cc1)NO,5.804100347590767,1
O=C(CCCCCC(=O)NCCCN1c2ccccc2CCc2ccc(Cl)cc21)NO,6.462180904926726,3
O=C(CCCCCC(=O)N[C@@H]1C[C@H]1c1ccccc1)NO,8.888292409031555,3
O=C(CCCCCC(=O)Nc1cccc2cccnc12)NS,7.356547323513812,1
O=C(CCCCCC(=O)Nc1cccc2cccnc12)Nc1ccccc1,4.769551078621726,2
O=C(CCCCCC(=O)Nc1ccccc1)NCCS,5.6020599913279625,1
O=C(CCCCCC(=O)Nc1ccccc1)NO,6.262807357295262,3
O=C(CCCCCC(=O)Nc1ccccc1)Nc1ccccc1,3.6903698325741017,2
O=C(CCCCCC(=O)Nc1ccccn1)Nc1ccccc1,3.853871964321762,2
O=C(CCCCCC(=O)Nc1cnc2ccccc2c1)Nc1ccccc1,4.075720713938118,2
O=C(CCCCCC(=O)c1ccccc1)NO,5.823908740944319,3
O=C(CCCCCC(=O)c1ncco1)NCc1ccc(Cl)cc1,5.1938200260161125,1
O=C(CCCCCC(=O)c1ncco1)Nc1ccc(Cl)cc1,5.823908740944319,1
O=C(CCCCCC(=O)c1ncco1)Nc1cccc(-c2ccccc2)c1,6.508638306165727,1
O=C(CCCCCC(Cc1ccccc1)C(=O)NO)Nc1ccccc1,5.352086955677431,4
O=C(CCCCCC(c1c[nH]c2ccc([N+](=O)[O-])cc12)c1c[nH]c2ccc([N+](=O)[O-])cc12)NO,6.221848749616356,3
O=C(CCCCCC(c1c[nH]c2ccccc12)c1c[nH]c2ccccc12)NO,6.619788758288394,3
O=C(CCCCCC/C=C/c1ccc2ccccc2c1)NO,8.221848749616356,3
O=C(CCCCCC1CNC1=O)Nc1ccccc1,3.0,1
O=C(CCCCCC1OCCCCCCCOc2ccccc2NC1=O)NO,6.543633966870956,3
O=C(CCCCCC1OCCCCCCOc2ccccc2NC1=O)NO,5.958607314841775,3
O=C(CCCCCC1OCCCCCOc2ccccc2NC1=O)NO,6.191789027075778,3
O=C(CCCCCC=Cc1csc(Br)n1)NO,4.970816221098529,2
O=C(CCCCCCC(=O)C(F)(F)F)Nc1ccccc1,5.707757807999615,7
O=C(CCCCCCC(=O)N(Cc1ccccc1)C(Cc1ccc(-c2ccccc2)cc1)C(=O)NCCc1ccccc1)NO,5.356547323513812,1
O=C(CCCCCCC(=O)N/N=C/c1ccc(N(c2ccccc2)c2ccccc2)cc1)NO,5.844663962534938,3
O=C(CCCCCCC(=O)N/N=C/c1cnc(N(c2ccccc2)c2ccccc2)nc1)NO,5.844663962534938,3
O=C(CCCCCCC(=O)N1C/C=C/CCOc2cccc(c2)-c2ccnc(n2)Nc2cccc(c2)C1)NO,6.508638306165727,1
O=C(CCCCCCC(=O)N1C/C=C/COCc2cccc(c2)-c2ccnc(n2)Nc2cccc(c2)C1)NO,6.53313237964589,1
O=C(CCCCCCC(=O)N1CCN=C(c2ccccc2)c2ccccc21)NO,6.7447274948966935,1
O=C(CCCCCCC(=O)NC(Cc1c[nH]c2ccccc12)C(=O)Nc1ccc(Cl)cc1)NO,6.823908740944319,1
O=C(CCCCCCC(=O)NC12CC3CC(CC(C3)C1)C2)NO,6.376750709602099,1
O=C(CCCCCCC(=O)NC1CCCC1)NO,5.85078088734462,3
O=C(CCCCCCC(=O)NCC1CCN(Cc2ccccc2)CC1)NO,6.229147988357855,1
O=C(CCCCCCC(=O)NCCCN1c2ccccc2CCc2ccc(Cl)cc21)NO,5.632644078973981,3
O=C(CCCCCCC(=O)NCCCNCCCCNCCC(c1ccccc1)c1ccccc1)NO,4.582528306796707,1
O=C(CCCCCCC(=O)NCCc1ccccc1)NO,6.424812155072339,3
O=C(CCCCCCC(=O)NC[C@H]1CN(c2ccc(N3CCOCC3)c(F)c2)C(=O)O1)NO,5.954677021213342,3
O=C(CCCCCCC(=O)NC[C@H]1O[C@@H]2O[C@H]3[C@H](O)[C@@H](O)[C@@H](O[C@H]4[C@H](O)[C@@H](O)[C@@H](O[C@H]5[C@H](O)[C@@H](O)[C@@H](O[C@H]6[C@H](O)[C@@H](O)[C@@H](O[C@H]7[C@H](O)[C@@H](O)[C@@H](O[C@H]8[C@H](O)[C@@H](O)[C@@H](O[C@H]1[C@H](O)[C@H]2O)O[C@@H]8CO)O[C@@H]7CO)O[C@@H]6CO)O[C@@H]5CO)O[C@@H]4CO)O[C@@H]3CO)NO,5.221848749616356,2
O=C(CCCCCCC(=O)N[C@@H]1C[C@H]1c1ccccc1)NO,9.291579099865288,3
O=C(CCCCCCC(=O)Nc1cc(C(F)(F)F)ccc1Cl)NO,6.92445303860747,3
O=C(CCCCCCC(=O)Nc1ccc(-c2ccccc2)cc1)NO,7.301029995663981,1
O=C(CCCCCCC(=O)Nc1ccc(-c2ccccc2NC(=O)[C@@H]2CCCN2)cc1)NO,5.575118363368933,2
O=C(CCCCCCC(=O)Nc1ccc(-c2cn(-c3ccccc3)nn2)cc1)NO,5.7055337738384075,3
O=C(CCCCCCC(=O)Nc1ccc(-c2cn(CC(O)c3cccc(Br)c3)nn2)cc1)NO,5.504455662453552,3
O=C(CCCCCCC(=O)Nc1ccc(-c2cn(Cc3ccc(F)cc3)nn2)cc1)NO,6.098541678603888,3
O=C(CCCCCCC(=O)Nc1ccc(-c2cn(Cc3ccccc3)nn2)cc1)NO,5.401209493236885,3
O=C(CCCCCCC(=O)Nc1ccc(-c2cnnn2-c2ccccc2)cc1)NO,6.285670240254767,3
O=C(CCCCCCC(=O)Nc1ccc(-c2cnnn2CC(O)c2cccc(Br)c2)cc1)NO,6.132532512140949,3
O=C(CCCCCCC(=O)Nc1ccc(-c2cnnn2Cc2ccc(F)cc2)cc1)NO,5.6968039425795105,3
O=C(CCCCCCC(=O)Nc1ccc(-c2cnnn2Cc2ccccc2)cc1)NO,6.102372908709558,3
O=C(CCCCCCC(=O)Nc1ccc(C(=O)NC2CCNCC2)cc1)NO,6.853871964321762,1
O=C(CCCCCCC(=O)Nc1ccc(C(=O)NCCN2CCOCC2)cc1)NO,6.638272163982407,1
O=C(CCCCCCC(=O)Nc1ccc([C@H]2O[C@@H](CSc3nc(-c4ccccc4)c(-c4ccccc4)o3)C[C@@H](c3ccc(CO)cc3)O2)cc1)NO,5.880096127369316,30
O=C(CCCCCCC(=O)Nc1ccc2[nH]c(=O)ccc2c1)NO,7.318758762624412,3
O=C(CCCCCCC(=O)Nc1ccc2c(c1)/C(=C/c1ccc[nH]1)C(=O)N2)NO,7.220403508742176,2
O=C(CCCCCCC(=O)Nc1ccc2c(c1)CCC(=O)N2)NO,7.026872146400302,3
O=C(CCCCCCC(=O)Nc1ccc2ncnc(Nc3ccc(F)cc3)c2n1)NO,6.107905397309519,1
O=C(CCCCCCC(=O)Nc1ccc2ncnc(Nc3cccc(Cl)c3)c2c1)NO,6.324221658325914,1
O=C(CCCCCCC(=O)Nc1cccc(-c2cn(-c3cc(CO)cc(CO)c3)nn2)c1)NO,5.8794260687941495,3
O=C(CCCCCCC(=O)Nc1cccc(-c2cn(-c3ccc(C(F)(F)F)cc3)nn2)c1)NO,5.282329496997738,3
O=C(CCCCCCC(=O)Nc1cccc(-c2cn(-c3ccc(F)cc3)nn2)c1)NO,4.920818753952375,3
O=C(CCCCCCC(=O)Nc1cccc(-c2cn(-c3ccc(I)cc3)nn2)c1)NO,4.522878745280337,1
O=C(CCCCCCC(=O)Nc1cccc(-c2cn(-c3ccccc3)nn2)c1)NO,5.555955204081923,6
O=C(CCCCCCC(=O)Nc1cccc(-c2cn(C3CCCCC3)nn2)c1)NO,5.92445303860747,3
O=C(CCCCCCC(=O)Nc1cccc(-c2cn(CC(O)c3cccc(Br)c3)nn2)c1)NO,6.356547323513812,3
O=C(CCCCCCC(=O)Nc1cccc(-c2cn(Cc3ccc(F)cc3)nn2)c1)NO,6.258060922270801,3
O=C(CCCCCCC(=O)Nc1cccc(-c2cn(Cc3ccccc3)nn2)c1)NO,5.701146923590294,3
O=C(CCCCCCC(=O)Nc1cccc(-c2cnnn2-c2ccccc2)c1)NO,6.025949097207122,3
O=C(CCCCCCC(=O)Nc1cccc(-c2cnnn2CC(O)c2cccc(Br)c2)c1)NO,6.391473966422805,3
O=C(CCCCCCC(=O)Nc1cccc(-c2cnnn2Cc2ccc(F)cc2)c1)NO,6.276544327964814,3
O=C(CCCCCCC(=O)Nc1cccc(-c2cnnn2Cc2ccccc2)c1)NO,6.363512103646634,3
O=C(CCCCCCC(=O)Nc1cccc(-n2cc(-c3ccccc3)nn2)c1)NO,5.3788237182249645,3
O=C(CCCCCCC(=O)Nc1cccc(-n2cc(C3CCCCC3)nn2)c1)NO,5.560667306169737,3
O=C(CCCCCCC(=O)Nc1cccc(C(F)(F)F)c1)NO,6.946921556516581,3
O=C(CCCCCCC(=O)Nc1ccccc1)NCCS,5.628932137728263,1
O=C(CCCCCCC(=O)Nc1ccccc1)NO,6.238306684113736,756
O=C(CCCCCCC(=O)Nc1ccccc1)NOC(=O)c1ccc(-c2cssc2=S)cc1,5.924453038607469,1
O=C(CCCCCCC(=O)Nc1ccccc1)NOC(=O)c1csc(=S)s1,6.6020599913279625,1
O=C(CCCCCCC(=O)Nc1ccccc1)NOCc1ccccc1,5.0,1
O=C(CCCCCCC(=O)Nc1ccccc1CN1CC[C@H](O)C1)NO,6.675717544702306,3
O=C(CCCCCCC(=O)Nc1ccccn1)NO,6.605548319173783,1
O=C(CCCCCCC(=O)Nc1ccccn1)Nc1ccccc1,4.00436480540245,2
O=C(CCCCCCC(=O)Nc1cccnc1)NO,6.698970004336019,1
O=C(CCCCCCC(=O)Nc1ccncc1)NO,6.514278573518419,1
O=C(CCCCCCC(=O)Nc1cnn(Cc2ccc([N+](=O)[O-])cc2)c1)NO,7.086186147616284,3
O=C(CCCCCCC(=O)Nc1cnn(Cc2ccccc2)c1)NO,7.119186407719209,3
O=C(CCCCCCC(=O)Nc1n[nH]c2cc(-c3ccc(Cl)cc3)ccc12)NO,8.481486060122112,6
O=C(CCCCCCC(=O)Nc1n[nH]c2cc(-c3cccc(C(F)(F)F)c3)ccc12)NO,8.387216143280265,3
O=C(CCCCCCC(=O)Nc1n[nH]c2cc(-c3cccc(Cl)c3)ccc12)NO,8.42021640338319,3
O=C(CCCCCCC(=O)Nc1n[nH]c2cc(-c3ccccc3)ccc12)NO,7.895105185819346,3
O=C(CCCCCCC(=O)Nc1n[nH]c2cc(-c3ccccc3Cl)ccc12)NO,8.397940008672037,3
O=C(CCCCCCC(=O)Nc1n[nH]c2cc(-c3ccccc3F)ccc12)NO,8.619788758288394,3
O=C(CCCCCCC(=O)Nc1n[nH]c2cc(-c3ccncc3)ccc12)NO,7.607909274199632,3
O=C(CCCCCCC(=O)Nc1n[nH]c2cc(-c3ccsc3)ccc12)NO,7.485906446054788,3
O=C(CCCCCCC(=O)Nc1nc(-c2cccc([N+](=O)[O-])c2)cs1)NO,5.388276691992658,3
O=C(CCCCCCC(=O)Nc1nc(-c2ccccc2)cs1)NO,8.18045606445813,1
O=C(CCCCCCC(=O)Nc1nc2ccc(OC(F)(F)F)cc2s1)NO,6.920818753952375,1
O=C(CCCCCCC(=O)Oc1ccc(-c2cc(=S)ss2)cc1)NO,5.0,1
O=C(CCCCCCC(=O)Oc1ccc(-c2cc(=S)ss2)cc1)Nc1ccccc1,4.0,1
O=C(CCCCCCC(=O)c1ccc2ccccc2c1)NO,7.455931955649724,3
O=C(CCCCCCC(=O)c1ccccc1)NO,6.301029995663981,3
O=C(CCCCCCC(=O)c1ncco1)NNC(=O)c1ccc(-c2ccccc2)cc1,5.73754891026957,1
O=C(CCCCCCC(=O)c1ncco1)Nc1ccc(Cl)cc1,6.494850021680094,1
O=C(CCCCCCC(=O)c1ncco1)Nc1ccc(Oc2ccccc2)cc1,6.236572006437063,1
O=C(CCCCCCC(=O)c1ncco1)Nc1cccc(-c2ccccc2)c1,7.221848749616356,1
O=C(CCCCCCC(=S)NO)Nc1ccccc1,5.0,1
O=C(CCCCCCC/C(=N\O)c1ccc(-c2ccccc2)cc1)NO,8.397940008672037,3
O=C(CCCCCCC/C(=N\O)c1ccc2ccccc2c1)NO,8.070581074285707,3
O=C(CCCCCCCC(=O)N1C/C=C/CCOc2cccc(c2)-c2ccnc(n2)Nc2cccc(c2)C1)NO,6.449771646944906,1
O=C(CCCCCCCC(=O)N1C/C=C/COCc2cccc(c2)-c2ccnc(n2)Nc2cccc(c2)C1)NO,6.476253533188435,1
O=C(CCCCCCCC(=O)NC(Cc1c[nH]c2ccccc12)C(=O)Nc1ccc(Cl)cc1)NO,6.769551078621726,1
O=C(CCCCCCCC(=O)NCC1CCN(Cc2ccccc2)CC1)NO,6.366531544420413,1
O=C(CCCCCCCC(=O)NCCCN1c2ccccc2CCc2ccc(Cl)cc21)NO,5.970616222314791,3
O=C(CCCCCCCC(=O)N[C@@H]1C[C@H]1c1ccccc1)NO,9.24033215531037,3
O=C(CCCCCCCC(=O)Nc1ccccc1)NCCS,4.991399828238082,1
O=C(CCCCCCCC(=O)c1ccc(-c2ccc(Br)cc2)cc1)NO,8.698970004336019,3
O=C(CCCCCCCC(=O)c1ccc(-c2ccccc2)cc1)NO,8.301029995663981,3
O=C(CCCCCCCC(=O)c1ccc(Br)cc1)NO,7.346787486224656,3
O=C(CCCCCCCC(=O)c1ccc(C(F)(F)F)cc1)NO,7.346787486224656,3
O=C(CCCCCCCC(=O)c1ccc(N2CCCCC2)cc1)NO,8.022276394711152,3
O=C(CCCCCCCC(=O)c1ccc(N2CCN(c3ccccc3)CC2)cc1)NO,8.346787486224656,3
O=C(CCCCCCCC(=O)c1ccccc1)NO,7.187086643357144,3
O=C(CCCCCCCC(=O)c1cccnc1)NO,6.815308569182402,3
O=C(CCCCCCCC(O)c1ccc2ccccc2c1)NO,7.455931955649724,3
O=C(CCCCCCCCC(=O)NCCCN1c2ccccc2CCc2ccc(Cl)cc21)NO,6.063486257521107,3
O=C(CCCCCCCCC(=O)N[C@@H]1C[C@H]1c1ccccc1)NO,9.32513885926219,3
O=C(CCCCCCCCC(=O)c1ccccc1)NO,6.8696662315049934,3
O=C(CCCCCCCCc1ccc2ccccc2c1)NO,7.6020599913279625,3
O=C(CCCCCCCCn1cc(-c2cccc(-c3ccccc3)c2)nn1)NO,6.8297382846050425,1
O=C(CCCCCCCCn1cc(-c2ccccc2)nn1)NO,7.259637310505756,1
O=C(CCCCCCCN1C(=O)c2ccccc2C1=O)NO,7.147115075909525,3
O=C(CCCCCCCNC(=O)NC(=O)c1ccccc1)NO,6.392544976785331,3
O=C(CCCCCCCNC(=O)c1c(-c2ccc(O)cc2)sc2cc(O)ccc12)NO,6.3979400086720375,3
O=C(CCCCCCCNc1nn2c(=O)c3cc(Br)ccc3nc2c2ccccc12)NO,6.301029995663981,1
O=C(CCCCCCCNc1nn2c(=O)c3cc(Cl)ccc3nc2c2ccccc12)NO,6.301029995663981,1
O=C(CCCCCCCNc1nn2c(=O)c3cc(F)ccc3nc2c2ccccc12)NO,6.301029995663981,1
O=C(CCCCCCCNc1nn2c(=O)c3ccccc3nc2c2ccccc12)NO,6.769551078621727,3
O=C(CCCCCCCOc1ccc(-c2csc(N3N=C(c4ccccc4)/C(=N/Nc4nccs4)C3=O)n2)cc1)NO,6.8696662315049934,1
O=C(CCCCCCCOc1ccc(-c2nc(N3CCOCC3)c3sccc3n2)cc1)NO,6.309803919971486,1
O=C(CCCCCCCOc1ccc(-c2nc3ccc(-c4nc5ccccc5[nH]4)cc3[nH]2)cc1)NO,7.698970004336019,1
O=C(CCCCCCCOc1ccc(-c2nc3ccccc3[nH]2)cc1)NO,7.309803919971486,1
O=C(CCCCCCCOc1cccc(-c2nc(N3CCOCC3)c3sccc3n2)c1)NO,6.214670164989233,1
O=C(CCCCCCCOc1cccc(-c2nc3ccc(-c4nc5ccccc5[nH]4)cc3[nH]2)c1)NO,6.417823572107782,2
O=C(CCCCCCCOc1cccc(-c2nc3ccccc3[nH]2)c1)NO,7.942149457588783,4
O=C(CCCCCCCS)Nc1ccccc1,5.919063668233443,4
O=C(CCCCCCCn1c2cc3c(cc2c2[nH]c(=O)c4ccccc4c21)OCO3)NO,6.0,1
O=C(CCCCCCCn1cc(-c2ccc(-c3ccncc3)cc2)nn1)NO,6.671620396561263,1
O=C(CCCCCCCn1cc(-c2cccc(-c3ccccc3)c2)nn1)NO,6.962573502059376,1
O=C(CCCCCCCn1cc(-c2ccccc2)nn1)NO,6.438898616350944,1
O=C(CCCCCCCn1cc(-c2cccnc2)nn1)NO,6.370590400897282,1
O=C(CCCCCCCn1cc(Nc2ncc(Cl)c(Nc3ccc(F)cc3)n2)cn1)NO,6.1822174098120914,4
O=C(CCCCCCN(Cc1cc2ccccc2[nH]1)Cc1cc2ccccc2[nH]1)NO,5.337242168318426,3
O=C(CCCCCCN(Cc1ccc(-c2ccccc2)s1)Cc1ccc(-c2ccccc2)s1)NO,5.387216143280265,3
O=C(CCCCCCN(Cc1ccc(F)cc1)c1ncc(C(=O)NCCCn2ccnc2)s1)NO,6.454692883534176,3
O=C(CCCCCCN(Cc1ccc2ccccc2c1)Cc1ccc2ccccc2c1)NO,5.267606240177031,3
O=C(CCCCCCN(Cc1ccccc1)Cc1ccccc1)NO,5.3979400086720375,3
O=C(CCCCCCN(c1ccccn1)c1ccc2ccccc2n1)NO,6.505845405981557,3
O=C(CCCCCCN1C(=O)/C(=C2\Nc3ccccc3\C2=N/O)c2cc(Br)ccc21)NO,8.397940008672037,1
O=C(CCCCCCN1C(=O)/C(=C2\Nc3ccccc3\C2=N/O)c2cc(Cl)ccc21)NO,8.522878745280337,1
O=C(CCCCCCN1C(=O)/C(=C2\Nc3ccccc3\C2=N/O)c2cc(F)ccc21)NO,7.853871964321762,1
O=C(CCCCCCN1C(=O)/C(=C2\Nc3ccccc3\C2=N/O)c2cccc(Cl)c21)NO,8.154901959985743,1
O=C(CCCCCCN1C(=O)/C(=C2\Nc3ccccc3\C2=N/O)c2ccccc21)NO,7.657577319177793,1
O=C(CCCCCCN1C(=O)Cc2cc(Cl)ccc21)NO,8.154901959985743,1
O=C(CCCCCCN1C(=O)Cc2cc(F)ccc21)NO,7.327902142064282,1
O=C(CCCCCCN1C(=O)Cc2ccccc21)NO,7.823908740944319,1
O=C(CCCCCCN1C(=O)c2ccccc2C1=O)NO,6.852205027443072,4
O=C(CCCCCCN1C/C=C/CCOc2cccc(c2)-c2ccnc(n2)Nc2cccc(c2)C1)NO,7.060480747381382,1
O=C(CCCCCCN1C/C=C/COCc2cccc(c2)-c2ccnc(n2)Nc2cccc(c2)C1)NO,6.798602875679549,1
O=C(CCCCCCN1CC(=O)N2[C@H](CC3c4ccccc4NC3[C@H]2c2ccc(Br)cc2)C1=O)NO,7.853871964321762,1
O=C(CCCCCCN1CC(=O)N2[C@H](c3ccc(Cl)cc3)c3[nH]c4ccccc4c3C[C@@H]2C1=O)NO,8.040958607678906,1
O=C(CCCCCCN1CCc2ccccc2C1)NO,5.721246399047171,3
O=C(CCCCCCNC(=O)C(O)(O)C(F)(F)F)Nc1ccc(-c2ccccc2)cc1,5.387216143280265,3
O=C(CCCCCCNC(=O)C(O)(O)C(F)(F)F)Nc1ccc(Br)cc1,4.958607314841775,3
O=C(CCCCCCNC(=O)C(O)(O)C(F)(F)F)Nc1ccc(Cl)cc1,4.2839966563652006,3
O=C(CCCCCCNC(=O)C(O)(O)C(F)(F)F)Nc1nc2ccccc2s1,5.275724130399211,3
O=C(CCCCCCNC(=O)C(O)(O)C(F)(F)F)Nc1ncc(-c2ccc(Br)cc2)s1,5.0,3
O=C(CCCCCCNC(=O)C(O)(O)C(F)(F)F)Nc1ncc(-c2ccc(O)cc2)s1,4.522878745280337,3
O=C(CCCCCCNC(=O)C(O)(O)C(F)(F)F)Nc1ncc(-c2ccccc2)s1,4.6777807052660805,3
O=C(CCCCCCNC(=O)Cn1cnc2c(Nc3ccccc3)nc(Nc3ccccc3)nc21)NO,6.494850021680094,2
O=C(CCCCCCNC(=O)NC(=O)c1ccccc1)NO,6.568636235841012,3
O=C(CCCCCCNC(=O)c1c(-c2ccc(O)cc2)sc2cc(O)ccc12)NO,6.2706055591445775,6
O=C(CCCCCCNC(=O)c1cc(-c2ccc(F)cc2)[nH]n1)NO,5.9891559789801345,4
O=C(CCCCCCNC(=O)c1cc2cc(-c3cn[nH]c3)ccc2s1)NO,8.113885531741552,3
O=C(CCCCCCNC(=O)c1ccc(-c2cn(CCCCCCOCCOCCNC(=O)CC34C[C@H]5C[C@@H](C3)C[C@@H](C4)C5)nn2)cc1)NO,5.931814138253838,1
O=C(CCCCCCNC(=O)c1ccc(-c2csc(N3N=C(c4ccccc4)/C(=N/Nc4nccs4)C3=O)n2)cc1)NO,7.00436480540245,1
O=C(CCCCCCNC(=O)c1ccc(C=C2CCn3c2nc2cc(NCCCN4CCCC4)c(F)cc2c3=O)cc1)NO,7.301029995663981,1
O=C(CCCCCCNC(=O)c1ccc(NC(=O)CC23C[C@H]4C[C@@H](C2)C[C@@H](C3)C4)cc1)NO,5.950781977329818,1
O=C(CCCCCCNC(=O)c1ccc(NC(=O)CNC(=O)CC23C[C@H]4C[C@@H](C2)C[C@@H](C3)C4)cc1)NO,6.236572006437063,1
O=C(CCCCCCNC(=O)c1ccc(NC(=O)CNC(=O)CC2c3ccccc3-c3ccccc32)cc1)NO,6.267606240177031,1
O=C(CCCCCCNC(=O)c1ccc2[nH]c(=O)ccc2c1)NO,7.136677139879544,3
O=C(CCCCCCNC(=O)c1ccc2c(c1)CCC(=O)N2)NO,7.275724130399211,3
O=C(CCCCCCNC(=O)c1ccccc1)NO,6.245651664288982,1
O=C(CCCCCCNC(=O)c1cnc(-c2ccc(Cl)cc2)s1)NO,6.017728766960431,1
O=C(CCCCCCNC(=O)c1cnc(-c2ccc(F)cc2)s1)NO,5.991399828238082,1
O=C(CCCCCCNC(=O)c1cnc(-c2ccc(OC(F)(F)F)cc2)s1)NO,6.154901959985743,1
O=C(CCCCCCNC(=O)c1cnc(-c2ccc(Oc3ccccc3)cc2)s1)NO,6.096910013008056,1
O=C(CCCCCCNC(=O)c1cnc(N(c2ccccc2)c2ccccc2)nc1)NO,6.794203565678489,53
O=C(CCCCCCNC(=O)c1cnc(N(c2ccccc2)c2ccccc2Cl)nc1)NO,6.822018485742559,21
O=C(CCCCCCNC(=O)c1csc(Br)n1)NO,6.336707677336304,5
O=C(CCCCCCNC(=O)c1ncc(-c2ccc(Br)cc2)o1)NO,6.518815483236985,3
O=C(CCCCCCNC(=O)c1ncc(-c2ccccc2)o1)NO,6.550964154204061,3
O=C(CCCCCCNCc1cc2ccccc2[nH]1)NO,6.207608310501745,3
O=C(CCCCCCNCc1ccc(-c2ccccc2)s1)NO,6.259637310505756,3
O=C(CCCCCCNCc1ccc(F)cc1)NO,5.769551078621727,3
O=C(CCCCCCNCc1ccc([N+](=O)[O-])cc1)NO,5.6777807052660805,3
O=C(CCCCCCNCc1ccc2ccccc2c1)NO,6.494850021680094,3
O=C(CCCCCCNCc1ccccc1)NO,5.7447274948966935,6
O=C(CCCCCCNP(=O)([O-])[O-])Nc1ccccc1,3.309803919971486,1
O=C(CCCCCCNc1ccc2ccccc2c1)c1ncco1,6.366531544420413,1
O=C(CCCCCCNc1ccc2ncnc(Nc3ccc(F)cc3)c2n1)NO,6.107905397309519,1
O=C(CCCCCCNc1ncnc2ccc(Cl)cc12)NO,5.7055337738384075,3
O=C(CCCCCCNc1ncnc2ccc(F)cc12)NO,5.835647144215563,3
O=C(CCCCCCNc1nn2c(=O)c3cc(Br)ccc3nc2c2ccccc12)NO,6.653647025549361,3
O=C(CCCCCCNc1nn2c(=O)c3cc(Cl)ccc3nc2c2ccccc12)NO,6.621602099051863,3
O=C(CCCCCCNc1nn2c(=O)c3cc(F)ccc3nc2c2ccccc12)NO,6.301029995663981,1
O=C(CCCCCCNc1nn2c(=O)c3ccccc3nc2c2ccccc12)NO,6.882728704344236,3
O=C(CCCCCCOP(=O)([O-])[O-])Nc1ccccc1,2.4089353929735005,1
O=C(CCCCCCOc1ccc(-c2cc(=S)ss2)cc1)NO,8.0,1
O=C(CCCCCCOc1ccc(-c2cc(=S)ss2)cc1)Nc1ccccc1,3.036826283624748,1
O=C(CCCCCCOc1ccc(-c2ccc3ccccc3n2)cc1)NO,6.301029995663981,1
O=C(CCCCCCOc1ccc(-c2ccccc2)cc1)C(F)(F)F,5.537602002101044,1
O=C(CCCCCCOc1ccc(-c2ccccc2)cc1)C1=NCCO1,5.7447274948966935,1
O=C(CCCCCCOc1ccc(-c2ccccc2)cc1)c1ncco1,5.958607314841775,1
O=C(CCCCCCOc1ccc(-c2ccccc2)cc1)c1nnn[nH]1,5.698970004336019,1
O=C(CCCCCCOc1ccc(-c2csc(N3N=C(c4ccccc4)/C(=N/Nc4nccs4)C3=O)n2)cc1)NO,7.3872161432802645,1
O=C(CCCCCCOc1ccc(-c2nc3ccc(-c4nc5ccccc5[nH]4)cc3[nH]2)cc1)NO,6.409078206027614,2
O=C(CCCCCCOc1ccc(-c2nc3ccccc3[nH]2)cc1)NO,7.3979400086720375,1
O=C(CCCCCCOc1ccc(-c2nnc(-c3ccccc3)s2)cc1)NO,5.0,1
O=C(CCCCCCOc1ccc2cc1COC/C=C/COCc1cccc(c1)-c1ccnc(n1)N2)NO,6.130768280269024,3
O=C(CCCCCCOc1ccc2ccccc2c1)c1ncco1,6.2839966563652006,1
O=C(CCCCCCOc1ccc2nc(-c3ccccc3)ccc2c1)NO,6.301029995663981,1
O=C(CCCCCCOc1ccc2ncnc(Nc3ccc(F)c(Cl)c3)c2c1)NO,8.356547323513812,1
O=C(CCCCCCOc1cccc(-c2ccccc2)c1)c1ncco1,6.207608310501746,1
O=C(CCCCCCOc1cccc(-c2nc(N3CCOCC3)c3sccc3n2)c1)NO,6.42021640338319,1
O=C(CCCCCCOc1cccc(-c2nc3ccc(-c4nc5ccccc5[nH]4)cc3[nH]2)c1)NO,7.7447274948966935,1
O=C(CCCCCCOc1cccc(-c2nc3ccccc3[nH]2)c1)NO,5.888988273931982,4
O=C(CCCCCCOc1cccc(-c2nnc(-c3ccccc3)s2)c1)NO,5.621602099051863,3
O=C(CCCCCCOc1cccc(-c2nnc(-c3ccccc3Cl)s2)c1)NO,5.817870785947002,3
O=C(CCCCCCOc1cccc2cccnc12)NO,5.229442525149005,3
O=C(CCCCCCS(=O)(=O)c1ccc2ccccc2c1)c1ncco1,6.214670164989233,1
O=C(CCCCCCS)NC1CCCC1,5.632644078973981,3
O=C(CCCCCCS)NCc1ccc(C(F)(F)F)cc1,6.428291168191312,3
O=C(CCCCCCS)NCc1cccc(OCc2ccccc2)c1,6.043831569524637,3
O=C(CCCCCCS)Nc1ccc(-c2ccccc2)cc1,5.958607314841775,1
O=C(CCCCCCS)Nc1ccc(Oc2ccccc2)cc1,6.207608310501746,2
O=C(CCCCCCS)Nc1cccc(-c2ccccc2)c1,7.1249387366083,1
O=C(CCCCCCS)Nc1cccc(Oc2ccccc2)c1,6.6777807052660805,2
O=C(CCCCCCS)Nc1ccccc1,6.454537541311382,7
O=C(CCCCCCS)Nc1cccnc1,6.958607314841775,2
O=C(CCCCCCS)Nc1cnc2ccccc2c1,7.142667503568731,2
O=C(CCCCCCS)Nc1nc(-c2ccccc2)cs1,6.769551078621726,2
O=C(CCCCCCS)Nc1nc2ccccc2s1,6.468521082957745,1
O=C(CCCCCCSc1ccc2ccccc2c1)c1ncco1,6.267606240177031,1
O=C(CCCCCC[S+]([O-])c1ccc(Cl)cc1)NO,5.795880017344075,1
O=C(CCCCCCc1nc(-c2ccc(C(F)(F)F)cc2)no1)C(F)(F)F,5.987162775294828,3
O=C(CCCCCCc1nc(-c2ccc(C(F)(F)F)cc2)no1)NO,5.0,1
O=C(CCCCCCc1nc(-c2ccc(Cl)cc2)no1)C(F)(F)F,5.681936665037238,3
O=C(CCCCCCc1nc(-c2ccc(Cl)cc2)no1)NO,5.0,1
O=C(CCCCCCc1nc(-c2ccc(F)cc2)no1)C(F)(F)F,5.116338564846382,3
O=C(CCCCCCc1nc(-c2ccc(F)cc2)no1)NO,5.05749589383192,3
O=C(CCCCCCc1nc(-c2ccc([N+](=O)[O-])cc2)no1)C(F)(F)F,5.498940737782249,3
O=C(CCCCCCc1nc(-c2ccc([N+](=O)[O-])cc2)no1)NO,5.59176003468815,3
O=C(CCCCCCc1nc(-c2cccc([N+](=O)[O-])c2)no1)C(F)(F)F,6.080921907623927,3
O=C(CCCCCCc1nc(-c2cccc([N+](=O)[O-])c2)no1)NO,5.623423042943489,3
O=C(CCCCCCc1nc(-c2ccccc2)no1)C(F)(F)F,6.119186407719209,3
O=C(CCCCCCc1nc(-c2ccccc2)no1)NO,5.688246138944247,3
O=C(CCCCCCc1nc(-c2ccccc2Cl)no1)C(F)(F)F,6.1487416512809245,3
O=C(CCCCCCc1nc(-c2ccccc2Cl)no1)NO,5.437707135543525,3
O=C(CCCCCCc1nc(-c2cccnc2)no1)NO,5.73754891026957,3
O=C(CCCCCCc1nc(-c2cccs2)no1)C(F)(F)F,6.022276394711152,3
O=C(CCCCCCc1nc(-c2cccs2)no1)NO,5.71669877129645,3
O=C(CCCCCCc1nc2ccc(Br)cc2[nH]1)NO,6.549750891680639,2
O=C(CCCCCCc1nnc(-c2ccc(-c3ccccc3)cc2)o1)c1ncco1,6.6020599913279625,1
O=C(CCCCCCn1c2cc3c(cc2c2ncc4ccccc4c21)OCO3)NO,6.0,1
O=C(CCCCCCn1cc(-c2ccc(-c3ccncc3)cc2)nn1)NO,7.769551078621726,1
O=C(CCCCCCn1cc(-c2ccc(C(=O)c3c(-c4ccc(O)cc4)sc4cc(O)ccc34)cc2)nn1)NO,4.52432881167557,3
O=C(CCCCCCn1cc(-c2cccc(-c3ccccc3)c2)nn1)NO,8.267606240177031,1
O=C(CCCCCCn1cc(-c2ccccc2)nn1)NO,8.017728766960431,1
O=C(CCCCCCn1cc(-c2ccccn2)nn1)NO,7.619788758288394,1
O=C(CCCCCCn1cc(-c2cccnc2)nn1)NO,6.436518914605589,1
O=C(CCCCCCn1cc(-c2ncnc3[nH]ccc23)cn1)NO,6.328827157284916,3
O=C(CCCCCCn1cc(Nc2ncc(C(F)(F)F)c(Nc3ccc(F)cc3)n2)cn1)NO,7.3872161432802645,1
O=C(CCCCCCn1cc(Nc2ncc(Cl)c(N3CCCCC3)n2)cn1)NO,7.3979400086720375,1
O=C(CCCCCCn1cc(Nc2ncc(Cl)c(N3CCOCC3)n2)cn1)NO,7.431798275933005,1
O=C(CCCCCCn1cc(Nc2ncc(Cl)c(NC3CC3)n2)cn1)NO,7.886056647693163,1
O=C(CCCCCCn1cc(Nc2ncc(Cl)c(Nc3ccc(Cl)cc3)n2)cn1)NO,8.698970004336019,2
O=C(CCCCCCn1cc(Nc2ncc(Cl)c(Nc3ccc(F)cc3)n2)cn1)NO,8.522878745280337,1
O=C(CCCCCCn1cc(Nc2ncc(Cl)c(Nc3cccc(Cl)c3)n2)cn1)NO,6.481533036537593,4
O=C(CCCCCCn1cc(Nc2ncc(Cl)c(Nc3ccccc3)n2)cn1)NO,7.721246399047171,1
O=C(CCCCCCn1cc(Nc2ncc(Cl)c(Nc3ccccc3Cl)n2)cn1)NO,8.0,1
O=C(CCCCCCn1cc(Nc2ncc(F)c(Nc3ccc(F)cc3)n2)cn1)NO,8.522878745280337,1
O=C(CCCCCCn1cc(Nc2ncc3ccn(Cc4ccccc4F)c3n2)cn1)NO,8.036212172654444,3
O=C(CCCCCCn1cc(Nc2nccc(Nc3ccc(F)cc3)n2)cn1)NO,7.7447274948966935,1
O=C(CCCCCCn1cnc2c(N3CCOCC3)nc(-c3cccc(CO)c3)nc21)NO,6.494850021680094,3
O=C(CCCCCN(CCCc1ccccc1)C(=O)NC(=O)c1ccccc1)NO,6.484126156288322,3
O=C(CCCCCN1C(=O)CC(c2c3ccccc3cc3ccccc23)Sc2ccccc21)NO,6.609064892896621,1
O=C(CCCCCN1C(=O)CC(c2ccc(Cl)c(Cl)c2)S(=O)(=O)c2ccccc21)NO,7.568636235841012,1
O=C(CCCCCN1C(=O)CC(c2ccc(Cl)c(Cl)c2)Sc2ccccc21)NO,6.6401645176601125,1
O=C(CCCCCN1C(=O)CC(c2cccc(Br)c2)Sc2ccccc21)NO,6.53313237964589,1
O=C(CCCCCN1C(=O)CC(c2cccc3ccccc23)S(=O)(=O)c2ccccc21)NO,7.107905397309519,1
O=C(CCCCCN1C(=O)CC(c2cccc3ccccc23)Sc2ccccc21)NO,6.586700235918748,1
O=C(CCCCCN1C(=O)CC(c2ccccc2)S(=O)(=O)c2ccccc21)NO,7.4089353929735005,1
O=C(CCCCCN1C(=O)CC(c2ccccc2Cl)S(=O)(=O)c2ccccc21)NO,7.3872161432802645,1
O=C(CCCCCN1C(=O)CC(c2ccccc2Cl)Sc2ccccc21)NO,6.962573502059376,1
O=C(CCCCCN1C(=O)C[C@@H](c2ccc(Cl)c(Cl)c2)Sc2ccccc21)NO,6.782516055786093,1
O=C(CCCCCN1C(=O)C[C@H](c2ccc(Cl)c(Cl)c2)Sc2ccccc21)NO,6.562249437179612,1
O=C(CCCCCN1C(=O)c2cccc3c(N4CCOCC4)ccc(c23)C1=O)NO,5.7423214251308154,3
O=C(CCCCCN1C(=O)c2cccc3c(NCc4ccccc4)ccc(c23)C1=O)NO,5.609064892896622,3
O=C(CCCCCN1C(=O)c2cccc3c(Nc4cccc(F)c4)ccc(c23)C1=O)NO,5.39040559077478,3
O=C(CCCCCN1C(=O)c2cccc3c(Nc4ccccc4)ccc(c23)C1=O)NO,5.388276691992658,3
O=C(CCCCCN1C(=O)c2cccc3c([N+](=O)[O-])ccc(c23)C1=O)NO,6.207608310501745,3
O=C(CCCCCN1C(=O)c2cccc3cccc(c23)C1=O)NO,6.265450145755944,16
O=C(CCCCCN1C(=O)c2ccccc2/C=C\c2ccccc21)NO,6.73754891026957,2
O=C(CCCCCN1C(=O)c2ccccc2C(F)(F)c2ccccc21)NO,6.954677021213342,1
O=C(CCCCCN1C(=O)c2ccccc2C(F)c2ccccc21)NO,7.275724130399211,1
O=C(CCCCCN1C(=O)c2ccccc2C(O)c2ccccc21)NO,7.221848749616356,1
O=C(CCCCCN1C(=O)c2ccccc2C1=O)NO,6.288192770958808,1
O=C(CCCCCN1C(=O)c2ccccc2C=Cc2ccccc21)NO,6.73754891026957,1
O=C(CCCCCN1C(=O)c2ccccc2Cc2ccccc21)NO,7.376750709602099,1
O=C(CCCCCN1C(=O)c2ccccc2NC(=O)c2cc3ccccc3cc21)NO,6.73754891026957,3
O=C(CCCCCN1C(=O)c2ccccc2NC(=O)c2ccccc21)NO,6.73754891026957,3
O=C(CCCCCN1C/C=C/CCOc2cccc(c2)-c2ccnc(n2)Nc2cccc(c2)C1)NO,6.818156412055227,1
O=C(CCCCCN1C/C=C/COCc2cccc(c2)-c2ccnc(n2)Nc2cccc(c2)C1)NO,6.910094888560602,1
O=C(CCCCCN1CC(=O)N2[C@@H](CC3c4ccccc4NC3[C@@H]2c2ccc(Br)cc2)C1=O)NO,7.214670164989233,1
O=C(CCCCCN1CC(=O)N2[C@H](c3ccc(Br)cc3)c3[nH]c4ccccc4c3C[C@@H]2C1=O)NO,7.214670164989233,1
O=C(CCCCCNC(=O)Cn1cnc2c(N3CCOCC3)nc(Nc3ccccc3)nc21)NO,6.823908740944319,2
O=C(CCCCCNC(=O)Cn1cnc2c(Nc3ccccc3)nc(Nc3ccccc3)nc21)NO,6.698970004336019,2
O=C(CCCCCNC(=O)NC(=O)c1ccccc1)NO,6.216096420727265,2
O=C(CCCCCNC(=O)NC12CC3CC(CC(C3)C1)C2)NO,5.347343807522007,5
O=C(CCCCCNC(=O)NO)Nc1ccccc1,4.096910013008056,1
O=C(CCCCCNC(=O)[C@@H]1CC2(CN1)SCCS2)NO,5.586700235918748,1
O=C(CCCCCNC(=O)[C@@H]1CC2(CN1C(=O)C1CCNCC1)SCCS2)NO,5.554395796726403,1
O=C(CCCCCNC(=O)[C@@H]1CC2(CN1C(=O)[C@@H]1CCCN1)SCCS2)NO,4.988006885340743,1
O=C(CCCCCNC(=O)[C@H](Cc1ccccc1)N1C(=O)CCC1=O)NO,6.180456064458131,1
O=C(CCCCCNC(=O)c1cc(-c2ccc(F)cc2)[nH]n1)NO,5.882112569397981,4
O=C(CCCCCNC(=O)c1cc2c(cn1)[nH]c1ccccc12)NO,5.7423214251308154,1
O=C(CCCCCNC(=O)c1ccc(-c2ccccc2)cc1)NO,6.576754126063192,1
O=C(CCCCCNC(=O)c1ccc(-c2csc(N3N=C(c4ccccc4)/C(=N/Nc4nccs4)C3=O)n2)cc1)NO,7.055517327849831,1
O=C(CCCCCNC(=O)c1ccc(Cl)cc1)NO,6.432973633840939,1
O=C(CCCCCNC(=O)c1ccc(NC(=O)NC(C(=O)Nc2cccc(C(F)(F)F)c2)c2ccccc2)cc1)NO,6.014573525916998,3
O=C(CCCCCNC(=O)c1ccc(NC(=O)N[C@H](C(=O)NCc2ccc(F)cc2)c2ccccc2)cc1)NO,5.944345718716239,2
O=C(CCCCCNC(=O)c1ccc(NC(=O)N[C@H](C(=O)NCc2ccccc2)c2ccccc2)cc1)NO,5.822175028135318,1
O=C(CCCCCNC(=O)c1ccc(NC(=O)N[C@H](C(=O)Nc2ccc(Cl)cc2Cl)c2ccccc2)cc1)NO,5.80493100353141,1
O=C(CCCCCNC(=O)c1ccc(NC(=O)N[C@H](C(=O)Nc2ccc(F)cc2)c2ccccc2)cc1)NO,5.75300930075845,1
O=C(CCCCCNC(=O)c1ccc(NC(=O)N[C@H](C(=O)Nc2ccc3ccccc3c2)c2ccccc2)cc1)NO,5.747632485540102,1
O=C(CCCCCNC(=O)c1ccc(NC(=O)N[C@H](C(=O)Nc2cccc(C(F)(F)F)c2)c2ccccc2)cc1)NO,6.014573525916998,1
O=C(CCCCCNC(=O)c1ccc(NC(=O)N[C@H](C(=O)Nc2cccc(Cl)c2)c2ccccc2)cc1)NO,5.893809102736585,1
O=C(CCCCCNC(=O)c1ccc(NC(=O)N[C@H](C(=O)Nc2ccccc2F)c2ccccc2)cc1)NO,5.877784121727173,1
O=C(CCCCCNC(=O)c1ccc(NC(=O)N[C@H](C(=O)Nc2ccccc2O)c2ccccc2)cc1)NO,5.8843894883257,1
O=C(CCCCCNC(=O)c1ccc(NC(=O)N[C@H](C(=O)Nc2ccco2)c2ccccc2)cc1)NO,5.8371370066780734,1
O=C(CCCCCNC(=O)c1ccc(O)cc1)NO,6.826813731587726,1
O=C(CCCCCNC(=O)c1ccc(OCc2ccccc2)cc1)NO,6.657577319177793,1
O=C(CCCCCNC(=O)c1ccc([N+](=O)[O-])cc1)NO,5.807990407346329,1
O=C(CCCCCNC(=O)c1ccc2cccc(OCc3ccc(Br)cc3)c2n1)NO,6.774690718274137,1
O=C(CCCCCNC(=O)c1ccc2cccc(OCc3ccccc3)c2n1)NO,6.774690718274137,1
O=C(CCCCCNC(=S)CS)Nc1ccccc1,4.3979400086720375,1
O=C(CCCCCNC(=S)N/N=C(\c1ccccc1)c1cccc([N+](=O)[O-])c1)NO,5.301029995663981,1
O=C(CCCCCNP(=O)([O-])[O-])Nc1ccccc1,4.022156124843248,2
O=C(CCCCCNP(=O)([O-])[O-])Nc1ccccc1.[K+].[K+],3.889410289700751,1
O=C(CCCCCNc1nc(Cl)nc2c1ncn2Cc1ccccc1)NO,5.84163750790475,3
O=C(CCCCCONC(=O)Cc1ccc2ccccc2c1)NO,5.597548821738703,2
O=C(CCCCCONC(=O)Nc1cnc2ccccc2c1)NO,4.951946826884391,3
O=C(CCCCCONC(=O)c1[nH]nc2ccccc12)NO,6.257636597850668,2
O=C(CCCCCONC(=O)c1c(Cl)cncc1Cl)NO,4.867414138404534,2
O=C(CCCCCONC(=O)c1c[nH]c2ccccc12)NO,5.978988036375566,2
O=C(CCCCCONC(=O)c1cc(Br)cc(Br)c1)NO,5.763621775341393,2
O=C(CCCCCONC(=O)c1cc(C(F)(F)F)cc(C(F)(F)F)c1)NO,4.96747169832199,2
O=C(CCCCCONC(=O)c1cc(F)cc(F)c1)NO,5.422509719913068,2
O=C(CCCCCONC(=O)c1cc(I)cc(I)c1I)NO,5.084769824984516,2
O=C(CCCCCONC(=O)c1cc2ccccc2[nH]1)NO,5.588582223840894,7
O=C(CCCCCONC(=O)c1cc2ccccc2o1)NO,5.73407540659907,2
O=C(CCCCCONC(=O)c1cc2ccccc2s1)NO,5.724580197467107,2
O=C(CCCCCONC(=O)c1ccc2[nH]ccc2c1)NO,6.208684280255182,2
O=C(CCCCCONC(=O)c1ccc2cc[nH]c2c1)NO,6.309894379144197,2
O=C(CCCCCONC(=O)c1ccc2ccccc2c1)NO,5.767919062888041,7
O=C(CCCCCONC(=O)c1ccc2ccccc2n1)NO,5.639797943748005,7
O=C(CCCCCONC(=O)c1cccc2[nH]ccc12)NO,6.224763521446718,2
O=C(CCCCCONC(=O)c1cccc2cc[nH]c12)NO,6.265531097167269,2
O=C(CCCCCONC(=O)c1cccc2ccccc12)NO,5.672570147439309,2
O=C(CCCCCONC(=O)c1ccnc2ccccc12)NO,5.169332224419559,2
O=C(CCCCCONC(=O)c1cnc2ccccc2n1)NO,5.513672761230542,7
O=C(CCCCCONC(=O)c1nc(-c2cc3ccccc3o2)cs1)NO,5.434152181326482,3
O=C(CCCCCONC(=O)c1nc(-c2ccc(C(F)(F)F)cc2)cs1)NO,5.313363730737707,3
O=C(CCCCCONC(=O)c1nc(-c2ccc(F)cc2)cs1)NO,5.195179321278838,3
O=C(CCCCCONC(=O)c1nc(-c2ccc(N3CCCC3)cc2)cs1)NO,5.318758762624412,3
O=C(CCCCCONC(=O)c1nc(-c2cccc(F)c2)cs1)NO,5.6345120151091,3
O=C(CCCCCONC(=O)c1nc(-c2ccccc2)cs1)NO,5.396855627379818,3
O=C(CCCCCONC(=O)c1nc(-c2ccccc2F)cs1)NO,5.889410289700751,3
O=C(CCCCCONC(=O)c1nc(-c2cccs2)cs1)NO,5.600326278518961,3
O=C(CCCCCONC(=O)c1nc(-c2ccsc2)cs1)NO,5.266802734893431,3
O=C(CCCCCONC(=O)c1nc2ccccc2[nH]1)NO,5.210889048252579,2
O=C(CCCCCONC(=O)c1nc2ccccc2s1)NO,5.534474576611304,2
O=C(CCCCCONC(=O)c1nccc2ccccc12)NO,5.488495089997563,7
O=C(CCCCCOP(=O)([O-])[O-])Nc1ccccc1,3.9844978593182314,2
O=C(CCCCCOP(=O)([O-])[O-])Nc1ccccc1.[K+].[K+],3.7471469690201067,1
O=C(CCCCCOP([O-])([O-])=S)Nc1ccccc1,4.305416957817734,2
O=C(CCCCCOP([O-])([O-])=S)Nc1ccccc1.[K+].[K+],4.309803919971486,2
O=C(CCCCCOc1ccc(-c2csc(N3N=C(c4ccccc4)/C(=N/Nc4nccs4)C3=O)n2)cc1)NO,7.119186407719209,1
O=C(CCCCCOc1ccc(-c2nc3ccc(-c4nc5ccccc5[nH]4)cc3[nH]2)cc1)NO,7.356547323513812,1
O=C(CCCCCOc1ccc(-c2nc3ccccc3[nH]2)cc1)NO,7.119186407719209,1
O=C(CCCCCOc1ccc2c(c1)N=C(NC(=O)c1ccccc1)N1CCN=C21)NO,7.301029995663981,1
O=C(CCCCCOc1cccc(-c2nc3ccc(-c4nc5ccccc5[nH]4)cc3[nH]2)c1)NO,7.568636235841012,1
O=C(CCCCCOc1cccc(-c2nc3ccccc3[nH]2)c1)NO,6.924453038607469,1
O=C(CCCCCOc1cccc(-c2nnc(-c3ccccc3)s2)c1)NO,5.519274621011512,3
O=C(CCCCCOc1no[n+]([O-])c1S(=O)(=O)c1ccccc1)NO,5.264705879957229,5
O=C(CCCCCS(=O)(=O)c1ccccc1)NO,4.809668301829708,1
O=C(CCCCCS)Nc1ccccc1,6.007795387705588,4
O=C(CCCCCSc1ccc(NS(=O)(=O)c2ccc(Cl)cc2)cc1)NO,5.026872146400301,1
O=C(CCCCCSc1ccccc1)NO,5.026872146400301,1
O=C(CCCCCSc1nc2c([nH]c3ccccc32)c(=O)[nH]1)NO,5.58838029403677,1
O=C(CCCCCSc1nc[nH]n1)Nc1ccccc1,5.09151498112135,1
O=C(CCCCCSc1nnc(-c2ccncc2)n1-c1ccccc1)NO,3.5228787452803374,1
O=C(CCCCC[C@@H]1CN(O)C1=O)Nc1ccccc1,3.0,1
O=C(CCCCC[C@@H]1NC(=O)[C@H](Cc2c[nH]c3ccccc23)NC(=O)[C@H]2CCCN2C(=O)[C@H](Cc2c[nH]c3ccccc23)NC1=O)NO,4.559090917934783,3
O=C(CCCCC[C@@H]1NC(=O)[C@H]2CCCN2C(=O)[C@H](Cc2ccccc2)NC(=O)[C@H](Cc2ccccc2)NC1=O)NO,8.698970004336019,1
O=C(CCCCC[C@H](NC(=O)C(F)(F)F)c1nc(-c2ccccc2F)c[nH]1)c1ccon1,8.167491087293763,1
O=C(CCCCC[C@H](NC(=O)C1C(=O)NCC1c1ccccc1)C(=O)Nc1ccccc1)NO,6.910094888560603,3
O=C(CCCCC[C@H](NC(=O)C1CCCNC1=O)C(=O)Nc1ccccc1)NO,6.600326278518961,3
O=C(CCCCC[C@H](NC(=O)C1CCNC1=O)C(=O)Nc1ccccc1)NO,6.928117992693874,3
O=C(CCCCC[C@H](NC(=O)[C@@H]1CC(=O)N1)C(=O)Nc1ccccc1)NO,6.947398242144829,6
O=C(CCCCC[C@H](NC(=O)[C@@H]1CCC(=O)N1)C(=O)Nc1ccccc1)NO,6.947398242144829,6
O=C(CCCCC[C@H](NC(=O)[C@@H]1CCCC(=O)N1)C(=O)NC1CCCC1)NO,5.671620396561263,3
O=C(CCCCC[C@H](NC(=O)[C@@H]1CCCC(=O)N1)C(=O)NCCc1ccccc1)NO,6.882728704344236,3
O=C(CCCCC[C@H](NC(=O)[C@@H]1CCCC(=O)N1)C(=O)Nc1ccccc1)NO,7.013228265733755,3
O=C(CCCCC[C@H](NC(=O)[C@H]1CC12CCOCC2)c1nc(-c2ccc(F)cc2)c[nH]1)c1ncco1,7.327902142064282,1
O=C(CCCCC[C@H](NC(=O)[C@H]1CCC(=O)N1)C(=O)NCCc1ccccc1)NO,7.498491952147762,3
O=C(CCCCC[C@H](NC(=O)[C@H]1CCC(=O)N1)C(=O)Nc1cccc(C(F)(F)F)c1)NO,7.481925407431416,6
O=C(CCCCC[C@H](NC(=O)[C@H]1CCC(=O)N1)C(=O)Nc1ccccc1)NO,6.79317412396815,3
O=C(CCCCC[C@H](NC(=O)c1cncs1)c1nc(-c2ccc(F)cc2)c[nH]1)c1ncco1,7.522878745280337,1
O=C(CCCCC[C@H]1CN(O)C1=O)Nc1ccccc1,3.0,1
O=C(CCCCC[S+]([O-])c1ccc(Cl)cc1)NO,5.886056647693163,1
O=C(CCCCC[S+]([O-])c1ccccc1)NO,5.113509274827518,1
O=C(CCCCCn1c(=O)c(-c2ccc(Cl)cc2Cl)cc2cnc(NC3CC3)nc21)NO,6.720713545582133,3
O=C(CCCCCn1c(=O)c2ccccc2c(=O)c2ccccc21)NO,6.815308569182401,1
O=C(CCCCCn1cc(-c2ccc(-c3ccccc3)cc2)nn1)NO,7.2839966563652006,1
O=C(CCCCCn1cc(-c2ccc(-c3ccncc3)cc2)nn1)NO,8.638272163982407,1
O=C(CCCCCn1cc(-c2ccc(C(=O)c3c(-c4ccc(O)cc4)sc4cc(O)ccc34)cc2)nn1)NO,4.576630474701917,6
O=C(CCCCCn1cc(-c2ccc3ccccc3n2)nn1)NO,8.67778070526608,1
O=C(CCCCCn1cc(-c2ccc3cccnc3c2)nn1)NO,6.818156412055227,1
O=C(CCCCCn1cc(-c2cccc(-c3ccccc3)c2)nn1)NO,8.721246399047171,1
O=C(CCCCCn1cc(-c2ccccc2)nn1)NO,7.853871964321762,1
O=C(CCCCCn1cc(-c2ccccc2-c2ccccc2)nn1)NO,6.787812395596042,1
O=C(CCCCCn1cc(-c2ccccn2)nn1)NO,7.167491087293763,1
O=C(CCCCCn1cc(-c2cccnc2)nn1)NO,6.542118103266008,1
O=C(CCCCCn1cc(-c2cccs2)nn1)NO,7.494850021680094,1
O=C(CCCCCn1cc(-c2ccncc2)nn1)NO,6.94692155651658,1
O=C(CCCCCn1cc(Nc2ncc(Cl)c(Nc3ccc(Cl)cc3)n2)cn1)NO,6.380219786139255,4
O=C(CCCCCn1cc(Nc2ncc(Cl)c(Nc3ccc(F)cc3)n2)cn1)NO,7.585026652029182,1
O=C(CCCCCn1cc(Nc2ncc(Cl)c(Nc3cccc(Cl)c3)n2)cn1)NO,8.397940008672037,1
O=C(CCCCCn1cc(Nc2ncc(Cl)c(Nc3ccccc3Cl)n2)cn1)NO,7.7447274948966935,1
O=C(CCCCN(Cc1ccccc1)Cc1ccccc1)NO,5.721246399047171,3
O=C(CCCCN1C(=O)CN=C(c2ccccc2)c2ccccc21)NO,5.172630726946174,3
O=C(CCCCN1C(=O)[C@@H](CS)N=C(c2ccccc2)c2ccccc21)NO,5.090979145788844,3
O=C(CCCCN1C(=O)[C@H](CC(=O)NC(c2ccccc2)(c2ccccc2)c2ccccc2)N=C(c2ccccc2)c2ccccc21)NO,4.522878745280337,1
O=C(CCCCN1C(=O)[C@H](CC(=O)NO)N=C(c2ccccc2)c2ccccc21)NO,4.522878745280337,1
O=C(CCCCN1C(=O)[C@H](CCC(=O)NC(c2ccccc2)(c2ccccc2)c2ccccc2)N=C(c2ccccc2)c2ccccc21)NO,4.6293019074244235,3
O=C(CCCCN1C(=O)[C@H](CCC(=O)NO)N=C(c2ccccc2)c2ccccc21)NO,5.0695604052333,3
O=C(CCCCN1C(=O)[C@H](CO)N=C(c2ccccc2)c2ccccc21)NO,4.522878745280337,1
O=C(CCCCN1C(=O)[C@H](Cc2cc3ccccc3[nH]2)N=C(c2ccccc2)c2ccccc21)NO,4.522878745280337,1
O=C(CCCCN1C(=O)[C@H](Cc2ccc(O)cc2)N=C(c2ccccc2)c2ccccc21)NO,4.522878745280337,1
O=C(CCCCN1C(=O)[C@H](Cc2ccccc2)N=C(c2ccccc2)c2ccccc21)NO,4.8972233851165585,3
O=C(CCCCN1C(=O)[C@H](Cc2cnc[nH]2)N=C(c2ccccc2)c2ccccc21)NO,4.522878745280337,1
O=C(CCCCN1C(=O)[C@H](Cc2cncn2C(c2ccccc2)(c2ccccc2)c2ccccc2)N=C(c2ccccc2)c2ccccc21)NO,4.522878745280337,1
O=C(CCCCN1C/C=C/CCOc2cccc(c2)-c2ccnc(n2)Nc2cccc(c2)C1)NO,6.600326278518962,1
O=C(CCCCN1C/C=C/COCc2cccc(c2)-c2ccnc(n2)Nc2cccc(c2)C1)NO,6.801342913045577,1
O=C(CCCCN1CC(=O)N2[C@H](c3ccc(Br)cc3)c3[nH]c4ccccc4c3C[C@@H]2C1=O)NO,7.214670164989233,1
O=C(CCCCN1CCc2ccccc2C1c1ccccc1)NO,7.356547323513812,3
O=C(CCCCNC(=O)c1cc(-c2ccc(F)cc2)[nH]n1)NO,5.746072064152084,2
O=C(CCCCNC(=O)c1cc(-c2ccccc2)on1)NO,5.446116973356125,3
O=C(CCCCNC(=O)c1cc2c(cn1)[nH]c1ccccc12)NO,5.844663962534938,1
O=C(CCCCNC(=O)c1ccc(-c2csc(N3N=C(c4ccccc4)/C(=N/Nc4nccs4)C3=O)n2)cc1)NO,6.684029654543082,1
O=C(CCCCNCc1ccccc1)NO,5.0,3
O=C(CCCCNP(=O)([O-])[O-])Nc1ccccc1,3.443697499232713,1
O=C(CCCCOCc1cc(-c2ccccc2)on1)NO,5.478861916295965,3
O=C(CCCCOP(=O)([O-])[O-])Nc1ccccc1,2.6575773191777934,1
O=C(CCCCOc1ccc(-c2cc(=S)ss2)cc1)NO,7.096910013008056,1
O=C(CCCCOc1ccc(-c2cc(=S)ss2)cc1)Nc1ccccc1,4.301029995663981,1
O=C(CCCCOc1ccc(-c2csc(N3N=C(c4ccccc4)/C(=N/Nc4nccs4)C3=O)n2)cc1)NO,6.924453038607469,1
O=C(CCCCOc1ccc(-c2nc3ccc(-c4nc5ccccc5[nH]4)cc3[nH]2)cc1)NO,6.6595558851598815,1
O=C(CCCCOc1ccc(-c2nc3ccccc3[nH]2)cc1)NO,6.723538195826755,1
O=C(CCCCOc1cccc(-c2nc3ccc(-c4nc5ccccc5[nH]4)cc3[nH]2)c1)NO,6.517126416391246,1
O=C(CCCCOc1cccc(-c2nc3ccccc3[nH]2)c1)NO,6.7121982700697735,1
O=C(CCCCOc1cccc(-c2nnc(-c3ccccc3)s2)c1)NO,5.506960411682347,3
O=C(CCCCOc1ccccc1C(=O)Nc1cccc2[nH]cnc12)NO,5.568636235841012,1
O=C(CCCCS)Nc1ccccc1,5.207608310501746,1
O=C(CCCCSc1nc(-c2ccc(-c3ccccc3)cc2)cc(=O)[nH]1)NO,6.214670164989233,6
O=C(CCCCSc1nc2c([nH]c3ccccc32)c(=O)[nH]1)NO,5.330683119433887,1
O=C(CCCCc1ccc(Cl)cc1)NO,5.58838029403677,1
O=C(CCCCc1ccccc1)Nc1ccc(C(=O)NO)cc1,6.6020599913279625,1
O=C(CCCCc1ccn(-c2ccccc2)n1)NO,5.599462010608054,3
O=C(CCCCc1ccn(Cc2ccc(-c3ccccc3)cc2)n1)NO,5.280834505910787,3
O=C(CCCCc1ccn(Cc2ccc(-n3ccc4ccccc43)cc2)n1)NO,5.308211475597302,3
O=C(CCCCc1ccn(Cc2ccc(Nc3ccccc3)cc2)n1)NO,5.9897000433601875,3
O=C(CCCCc1ccn(Cc2cccc(-c3ccccc3)c2)n1)NO,5.525201181199368,3
O=C(CCCCc1nnc(-c2cc3c([nH]c4ccccc43)c(-c3ccc(C(F)(F)F)cc3)n2)o1)NO,6.221848749616356,1
O=C(CCCCn1cc(-c2ccccc2)nn1)NO,6.958607314841775,1
O=C(CCCCn1cc(C(=O)NC2=CC(c3ccccc3)N=N2)c(=O)c2ccccc21)NO,7.022276394711152,1
O=C(CCCCn1cc(C(=O)NCc2ccccc2)c(=O)c2ccccc21)NO,6.920818753952375,1
O=C(CCCCn1cc(C(=O)NCc2cccs2)c(=O)c2ccccc21)NO,6.4089353929735005,1
O=C(CCCCn1cc(C(=O)Nc2ccc(F)cc2)c(=O)c2cc(F)ccc21)NO,7.3979400086720375,1
O=C(CCCCn1cc(C(=O)Nc2ccc(F)cc2)c(=O)c2ccccc21)NO,6.568636235841012,1
O=C(CCCCn1cc(C(=O)Nc2ccccc2)c(=O)c2ccccc21)NO,7.494850021680094,1
O=C(CCCCn1cc(C(=O)Nc2ccncc2)c(=O)c2cc(F)ccc21)NO,7.070581074285707,1
O=C(CCCCn1cc(C(=O)Nc2ccncc2)c(=O)c2ccccc21)NO,7.045757490560675,1
O=C(CCCCn1cc(C(=O)Nc2nc3ccccc3s2)c(=O)c2cc(F)ccc21)NO,7.4089353929735005,1
O=C(CCCCn1cc(C(=O)Nc2nc3ccccc3s2)c(=O)c2ccccc21)NO,8.823908740944319,1
O=C(CCCCn1cc(C(=O)Nc2nccs2)c(=O)c2ccccc21)NO,7.376750709602099,1
O=C(CCCCn1cc(Nc2ncc(Cl)c(Nc3ccc(F)cc3)n2)cn1)NO,5.5305443013277795,4
O=C(CCCN1CCN(C(=O)Nc2ccnc3ccccc23)CC1)NO,5.698970004336019,3
O=C(CCCNC(=O)CC[C@@H]1N=C(c2ccccc2)c2ccccc2NC1=O)NO,4.522878745280337,1
O=C(CCCNC(=O)C[C@@H]1N=C(c2ccccc2)c2ccccc2NC1=O)NO,4.522878745280337,1
O=C(CCCNC(=O)NC(=O)c1ccccc1)NO,5.0,1
O=C(CCCNC(=O)c1cc(-c2ccc(F)cc2)[nH]n1)NO,5.442777913777373,2
O=C(CCCNC(=O)c1cc2c(cn1)[nH]c1ccccc12)NO,5.806875401645538,1
O=C(CCCO/N=C1/C(=C2/C(=O)Nc3ccccc32)Nc2ccccc21)NO,5.301029995663981,1
O=C(CCCOc1ccc(-c2csc(N3N=C(c4ccccc4)/C(=N/Nc4nccs4)C3=O)n2)cc1)NO,6.170696227168975,1
O=C(CCCOc1ccc(-c2nc3ccccc3[nH]2)cc1)NO,6.008330992620051,1
O=C(CCCOc1cccc(-c2nc3ccc(-c4nc5ccccc5[nH]4)cc3[nH]2)c1)NO,7.301029995663981,1
O=C(CCCOc1cccc(-c2nc3ccccc3[nH]2)c1)NO,6.309803919971486,1
O=C(CCCSC[C@H](NC(=O)OCc1ccccc1)C(=O)Nc1cccc2ccccc12)NO,6.920818753952375,2
O=C(CCCSC[C@H](NC(=O)OCc1ccccc1)C(=O)Nc1ccccc1)NO,6.911954370472159,2
O=C(CCCSC[C@H](NC(=O)c1ccccc1)C(=O)Nc1ccccc1)NO,6.987347067367615,2
O=C(CCCc1ccc(NS(=O)(=O)c2ccccc2)cc1)NO,6.0,3
O=C(CCCc1ccccc1)NCc1ccc(C(=O)NO)cc1,6.098271442175793,2
O=C(CCCc1ccccc1)NO,5.3979400086720375,3
O=C(CCCc1ccccc1)Nc1ccc(C(=O)NO)cc1,7.356547323513812,2
O=C(CCCc1ccccc1)Oc1ccc(-c2cssc2=S)cc1,3.746177561291927,1
O=C(CCCc1csc(/C=C/c2ccccc2)n1)NO,5.940812539665893,5
O=C(CCCn1cncn1)N(Cc1ccc(-c2noc(C(F)(F)F)n2)cc1)c1cccc(C(F)(F)F)c1,5.698970004336019,3
O=C(CCN(Cc1ccccc1)Cc1ccccc1)NO,5.853871964321762,3
O=C(CCN1CCN(C(=O)Nc2ccnc3ccccc23)CC1)NO,5.7594507517174,3
O=C(CCN1CCc2ccccc2C1)NO,4.721246399047171,3
O=C(CCN1CCc2ccccc2C1C1CCCCC1)NO,5.173925197299173,3
O=C(CCN1CCc2ccccc2C1c1ccc(-c2ccccc2)cc1)NO,7.259637310505756,3
O=C(CCN1CCc2ccccc2C1c1ccc(C(F)(F)F)cc1)NO,6.721246399047171,3
O=C(CCN1CCc2ccccc2C1c1cccc(C(F)(F)F)c1)NO,6.4685210829577455,3
O=C(CCN1CCc2ccccc2C1c1cccc2ccccc12)NO,6.4089353929735005,3
O=C(CCN1CCc2ccccc2C1c1ccccc1)NO,6.022276394711152,3
O=C(CCNC(=O)/C(Cc1ccc(O)c(Br)c1)=N/O)NO,5.823908740944319,2
O=C(CCNC(=O)c1cc(-c2ccc(F)cc2)[nH]n1)NO,5.301029995663981,1
O=C(CCNC(=O)c1cc2c(cn1)[nH]c1ccccc12)NO,5.490797477668897,1
O=C(CCNCc1ccccc1)NO,4.0,1
O=C(CCS)NCCCCCC(=O)Nc1ccccc1,4.619788758288394,1
O=C(CCS/C=C/c1ccccc1)NCCSCc1ccco1,4.717151397165355,1
O=C(CCS/C=C/c1ccccc1)NO,5.431798275933005,1
O=C(CC[C@@H](CCCC(=O)Nc1ccccc1)Cc1ccccc1)NO,7.568636235841012,3
O=C(CC[C@@H]1N=C(c2ccccc2)c2ccccc2NC1=O)NC(c1ccccc1)(c1ccccc1)c1ccccc1,4.522878745280337,1
O=C(CC[C@@H]1N=C(c2ccccc2)c2ccccc2NC1=O)NO,4.522878745280337,1
O=C(CC[C@H](CCCC(=O)Nc1ccccc1)Cc1ccccc1)NO,6.823908740944319,3
O=C(CC[C@H]1N=C(c2ccccc2)c2ccccc2NC1=O)NO,4.522878745280337,1
O=C(CCc1ccc(-c2ccc(O)cc2)cc1)NO,5.769551078621727,3
O=C(CCc1ccc(C(=O)NCC2CCN(Cc3ccccc3)CC2)cc1)NO,6.0,1
O=C(CCc1ccc(CC(=O)c2ccccc2)o1)NO,5.619788758288394,3
O=C(CCc1ccc(NC(=O)CCCc2ccccc2)cc1)NO,6.098271442175793,2
O=C(CCc1ccc(NC(=O)Cc2ccccc2)cc1)NO,6.173925197299173,1
O=C(CCc1ccc(NS(=O)(=O)c2ccccc2)cc1)NO,7.0,3
O=C(CCc1ccc(Nc2c3ccccc3nc3ccccc23)cc1)NO,7.0,1
O=C(CCc1ccc(Oc2cccs2)c(O)c1)Nc1ccc(C(=O)NO)cc1,6.818156412055227,3
O=C(CCc1cccc(C(=O)NCC2CCN(Cc3ccccc3)CC2)c1)NO,6.327902142064282,1
O=C(CCc1ccccc1)NO,5.628932137728263,3
O=C(CCc1ccccc1)Nc1ccc(C(=O)NO)cc1,6.958607314841775,1
O=C(CCn1c(=O)n(CCc2ccccc2)c(=O)c2ccccc21)NO,6.342944147142897,3
O=C(CCn1cncn1)N(Cc1ccc(-c2noc(C(F)(F)F)n2)cc1)c1cccc(C(F)(F)F)c1,5.698970004336019,3
O=C(CN1C(=O)S/C(=C/c2ccccn2)C1=O)Nc1nc2ccccc2s1,6.036263864484267,9
O=C(CN1C(=O)S/C(=C/c2ccco2)C1=O)Nc1ccc([N+](=O)[O-])cc1,4.886056647693163,3
O=C(CN1CCOCC1)NC(Cc1ccc(-c2noc(C(F)(F)F)n2)cn1)c1cccc(C(F)(F)F)c1,4.958607314841775,3
O=C(CN1CCS(=O)(=O)CC1)N(Cc1ccc(-c2noc(C(F)(F)F)n2)cc1)c1cccc(C(F)(F)F)c1,5.309803919971486,3
O=C(CN1CCc2ccccc2C1c1ccccc1)NO,4.721246399047171,3
O=C(CNC(=O)c1cc2c(cn1)[nH]c1ccccc12)NO,5.209714835966759,1
O=C(CNS(=O)(=O)c1cccc(C(=O)NO)c1)Nc1ccccc1,5.455931955649724,3
O=C(CO)NCCCCCC(=O)Nc1ccccc1,4.3979400086720375,1
O=C(COc1cc(-c2noc(C(F)(F)F)n2)ccn1)N1CCOCC1,5.958607314841775,3
O=C(COc1ccc(-c2nc3ccccc3[nH]2)cc1)NO,6.804100347590767,1
O=C(COc1ccc(CNCCc2c[nH]c3ccccc23)c(F)c1)NO,7.045757490560675,3
O=C(COc1ccc(C[C@H](NC(=O)CCc2ccccc2)C(=O)Nc2ccccc2)cc1)NO,6.821023052706831,3
O=C(COc1ccc(C[C@H](NC(=O)OCc2ccccc2)C(=O)Nc2cccc(Cl)c2)cc1)NO,6.671620396561263,3
O=C(COc1ccc(C[C@H](NC(=O)OCc2ccccc2)C(=O)Nc2ccccc2)cc1)NO,6.7055337738384075,3
O=C(COc1ccc2c(c1)CN(C(=O)CCc1ccccc1)[C@H](C(=O)NCCc1ccccc1)C2)NO,6.1598939055432425,3
O=C(COc1ccc2c(c1)CN(C(=O)CCc1ccccc1)[C@H](C(=O)Nc1ccccc1)C2)NO,6.11975822410452,3
O=C(COc1ccc2c(c1)CN(C(=O)OCc1ccccc1)[C@H](C(=O)NCCc1ccccc1)C2)NO,6.236572006437062,3
O=C(COc1ccc2c(c1)CN1C(=O)N(c3ccc(-c4ccccc4)cc3)C(=O)[C@@H]1C2)NO,4.301029995663981,1
O=C(COc1ccc2c(c1)CN1C(=O)N(c3ccccc3)C(=O)[C@@H]1C2)NO,4.301029995663981,1
O=C(COc1ccc2c(c1)CN[C@H](C(=O)NCCc1ccccc1)C2)NO,5.39040559077478,1
O=C(COc1ccc2c(c1)CN[C@H](C(=O)NCc1ccccc1)C2)NO,5.292429823902063,1
O=C(COc1ccc2c(c1)CN[C@H](C(=O)Nc1ccc(-c3ccccc3)cc1)C2)NO,5.655607726314889,1
O=C(COc1ccc2c(c1)CN[C@H](C(=O)Nc1ccc(F)c(Cl)c1)C2)NO,5.476253533188435,1
O=C(COc1ccc2c(c1)CN[C@H](C(=O)Nc1ccc(F)cc1)C2)NO,5.490797477668897,1
O=C(COc1ccc2c(c1)CN[C@H](C(=O)Nc1cccc(Cl)c1)C2)NO,5.494850021680094,1
O=C(COc1ccc2c(c1)CN[C@H](C(=O)Nc1cccc3ccccc13)C2)NO,5.97469413473523,1
O=C(COc1ccc2c(c1)CN[C@H](C(=O)Nc1ccccc1)C2)NO,5.085656842880559,1
O=C(COc1ccc2c(c1)OC1(CCN(Cc3cc(Cl)cc(Cl)c3)CC1)CC2=O)NO,5.096910013008056,3
O=C(COc1ccc2c(c1)OC1(CCN(Cc3cc(F)cc(F)c3)CC1)CC2=O)NO,5.045757490560675,3
O=C(COc1ccc2cc(/C=C3/SC(=O)NC3=O)ccc2c1)Nc1c(F)cc(F)cc1Br,4.301029995663981,1
O=C(COc1ccc2cc(/C=C3/SC(=O)NC3=O)ccc2c1)Nc1cc(Cl)cc(C(F)(F)F)c1,4.301029995663981,1
O=C(COc1ccc2cc(/C=C3/SC(=O)NC3=O)ccc2c1)Nc1ccc(Br)c(Br)c1,4.301029995663981,1
O=C(COc1ccc2cc(/C=C3/SC(=O)NC3=O)ccc2c1)Nc1ccc(Br)cc1,4.795880017344075,3
O=C(COc1ccc2cc(/C=C3/SC(=O)NC3=O)ccc2c1)Nc1ccc(Br)cc1F,4.301029995663981,1
O=C(COc1ccc2cc(/C=C3/SC(=O)NC3=O)ccc2c1)Nc1ccc(Cl)c(Cl)c1,4.301029995663981,1
O=C(COc1ccc2cc(/C=C3/SC(=O)NC3=O)ccc2c1)Nc1ccc(F)cc1,5.180456064458131,3
O=C(COc1ccc2cc(/C=C3/SC(=O)NC3=O)ccc2c1)Nc1ccc(F)cc1F,4.301029995663981,1
O=C(COc1ccc2cc(/C=C3/SC(=O)NC3=O)ccc2c1)Nc1ccc([N+](=O)[O-])cc1,5.3979400086720375,3
O=C(COc1ccc2cc(/C=C3/SC(=O)NC3=O)ccc2c1)Nc1cccc(C(F)(F)F)c1,4.301029995663981,1
O=C(COc1ccc2cc(/C=C3/SC(=O)NC3=O)ccc2c1)Nc1cccc(Cl)c1,4.301029995663981,1
O=C(COc1ccc2cc(/C=C3/SC(=O)NC3=O)ccc2c1)Nc1cccc(F)n1,5.142667503568731,3
O=C(COc1ccc2cc(/C=C3/SC(=O)NC3=O)ccc2c1)Nc1ccccc1,5.346787486224656,3
O=C(COc1ccc2cc(/C=C3/SC(=O)NC3=O)ccc2c1)Nc1ccccc1Oc1ccccc1,4.301029995663981,1
O=C(COc1ccc2cc(/C=C3/SC(=O)NC3=O)ccc2c1)Nc1ccccn1,4.301029995663981,1
O=C(COc1ccc2cc(/C=C3/SC(=O)NC3=O)ccc2c1)Nc1nc2ccccc2s1,5.568636235841012,3
O=C(COc1ccc2ccccc2c1/C=C1\SC(=O)NC1=O)Nc1ccc([N+](=O)[O-])cc1,5.638272163982407,3
O=C(CS)CCCCCCC(=O)Nc1ccccc1,6.161150909262744,3
O=C(CS)NCCC(=O)Nc1cnc2ccccc2c1,4.403402904373539,1
O=C(CS)NCCCC(=O)Nc1cnc2ccccc2c1,6.180456064458131,1
O=C(CS)NCCCCC(=O)Nc1ccccc1,4.958607314841775,1
O=C(CS)NCCCCC(=O)Nc1cnc2ccccc2c1,5.552841968657781,1
O=C(CS)NCCCCCC(=O)Nc1ccc(-c2ccccc2NC(=O)[C@@H]2CCCN2)cc1,5.373659632624958,3
O=C(CS)NCCCCCC(=O)Nc1cccc2cccnc12,5.213248577854438,5
O=C(CS)NCCCCCC(=O)Nc1ccccc1,5.20656599866313,7
O=C(CS)NCCCCCC(=O)Nc1cnc2ccccc2c1,5.958607314841775,1
O=C(CS)NCCCCCCC(=O)Nc1ccccc1,5.522878745280337,1
O=C(CS)NCCCCCCNC(=O)Nc1ccccc1,4.856985199745905,3
O=C(CS)NCCCCCn1ccc2cc(Cl)c(Cl)cc21,4.926316446103106,6
O=C(CS)NCCCCNC(=O)c1cc(-c2ccc(F)cc2)[nH]n1,5.065501548756432,1
O=C(CS)NCCCNC(=O)c1cc(-c2ccc(F)cc2)[nH]n1,5.823908740944319,1
O=C(CS)NCCNC(=O)c1cc(-c2ccc(F)cc2)[nH]n1,5.657577319177793,1
O=C(C[C@@H]1N=C(c2ccccc2)c2ccccc2NC1=O)NC(c1ccccc1)(c1ccccc1)c1ccccc1,4.522878745280337,1
O=C(C[C@@H]1N=C(c2ccccc2)c2ccccc2NC1=O)NO,4.522878745280337,1
O=C(C[C@H]1N=C(c2ccccc2)c2ccccc2NC1=O)NO,4.522878745280337,1
O=C(Cc1[nH]nc2ccccc12)N(Cc1ccc(-c2noc(C(F)(F)F)n2)cn1)c1cccc(F)c1,5.958607314841775,3
O=C(Cc1ccc(-c2csc(NC(=O)COc3ccccc3)n2)s1)NO,7.42021640338319,3
O=C(Cc1ccc(-c2csc(NC(=O)Cc3ccccc3)n2)s1)NO,7.387216143280264,3
O=C(Cc1ccc(/C=C/C(=O)c2ncc[nH]2)cc1)Nc1ccc(F)cc1,5.853871964321762,3
O=C(Cc1ccc(CCCCc2cc(F)c(F)cc2F)cc1)NO,6.275724130399211,3
O=C(Cc1ccc(CCCCc2ccc(C(F)(F)F)cc2)cc1)NO,5.886056647693163,3
O=C(Cc1ccc(CCCCc2ccc3[nH]ccc3c2)cc1)NO,6.387216143280265,3
O=C(Cc1ccc(CCCCc2ccc3c(c2)OCO3)cc1)NO,6.6777807052660805,3
O=C(Cc1ccc(CCCCc2cccc(C(F)(F)F)c2)cc1)NO,6.3979400086720375,3
O=C(Cc1ccc(CCCCc2ccccc2C(F)(F)F)cc1)NO,6.214670164989233,3
O=C(Cc1ccc(NS(=O)(=O)c2ccccc2)cc1)NO,6.045757490560675,3
O=C(Cc1ccc(Nc2c3ccccc3nc3ccccc23)cc1)NO,5.684029654543082,1
O=C(Cc1ccc2ccccc2c1)Nc1ccc(C(=O)NO)nc1,6.010550182333308,3
O=C(Cc1cccc2ccccc12)Nc1ccc(C(=O)NO)nc1,5.7423214251308154,3
O=C(Cc1ccccc1)NCc1ccc(C(=O)NO)cc1,5.6020599913279625,1
O=C(Cc1ccccc1)NO,4.934793871945688,3
O=C(Cc1ccccc1)Nc1ccc(C(=O)NO)cc1,6.881353831216271,2
O=C(Cc1ccccc1)Nc1ccc(C(=O)NO)nc1,5.962573502059375,3
O=C(Cc1cnccn1)N(Cc1ccc(-c2noc(C(F)(F)F)n2)cc1)c1cccc(C(F)(F)F)c1,5.638272163982407,3
O=C(Cn1ccnn1)N(Cc1ccc(-c2noc(C(F)(F)F)n2)cc1)c1cccc(C(F)(F)F)c1,5.6777807052660805,3
O=C(Cn1cnc2ccccc21)N(Cc1ccc(-c2noc(C(F)(F)F)n2)cc1)c1cccc(C(F)(F)F)c1,5.638272163982407,3
O=C(Cn1cncn1)N(Cc1ccc(-c2noc(C(F)(F)F)n2)cc1)c1cccc(C(F)(F)F)c1,5.698970004336019,3
O=C(Cn1ncccc1=O)N(Cc1ccc(-c2noc(C(F)(F)F)n2)cc1)c1cccc(C(F)(F)F)c1,5.657577319177793,3
O=C(N(Cc1ccc(-c2noc(C(F)(F)F)n2)cn1)c1cccc(F)c1)C1(CN2CCOCC2)CC1,5.522878745280337,3
O=C(N1CCOCC1)N(Cc1ccc(-c2noc(C(F)(F)F)n2)cc1)c1cccc(C(F)(F)F)c1,5.638272163982407,3
O=C(N1CCOCC1)N(Cc1ccc(-c2noc(C(F)(F)F)n2)cn1)c1cccc(C(F)(F)F)c1,5.0,3
O=C(NC(=O)c1cc(Cl)cc(Cl)c1)NC1CN2CCC1CC2,6.698970004336019,1
O=C(NC(Cc1ccc(-c2noc(C(F)(F)F)n2)cn1)c1cccc(C(F)(F)F)c1)C(F)(F)F,4.346787486224656,3
O=C(NC(Cc1ccc(-c2noc(C(F)(F)F)n2)cn1)c1cccc(C(F)(F)F)c1)C1CCOCC1,5.214670164989233,3
O=C(NC(Cc1ccc(-c2noc(C(F)(F)F)n2)cn1)c1cccc(C(F)(F)F)c1)c1cccnc1,5.275724130399211,3
O=C(NC(Cc1ccc(-c2noc(C(F)(F)F)n2)cn1)c1cccc(C(F)(F)F)c1)c1ncccn1,5.6020599913279625,3
O=C(NC(c1ccccc1)c1ccccc1)c1cc(-c2cc3ccccc3o2)nc2ccccc12,3.6989700043360187,1
O=C(NC1CC1)c1ccccc1NCc1ccc(-c2noc(C(F)(F)F)n2)cn1,5.795880017344075,3
O=C(NC1CCOCC1)OCc1ccc(-c2noc(C(F)(F)F)n2)cn1,5.795880017344075,3
O=C(NC1CCOCC1)c1cccc2cn(C(Cc3ccccc3)C(=O)NO)nc12,6.903089986991944,3
O=C(NC1CCc2ccc(C(=O)NO)cc2C1)OCc1cccnc1,5.896196279044044,3
O=C(NCC1(c2nc(-c3ccccc3)cs2)CCOCC1)c1cccc(-c2noc(C(F)(F)F)n2)c1,5.45124155092631,10
O=C(NCC12C[C@H]3C[C@@H](C1)C[C@@H](C2)C3)c1ccc2c(ccn2Cc2ccc(C(=O)NO)c(Br)c2)c1,5.076755981369724,3
O=C(NCC12C[C@H]3C[C@@H](C1)C[C@@H](C2)C3)c1ccc2c(ccn2Cc2ccc(C(=O)NO)c(Cl)c2)c1,6.387216143280265,3
O=C(NCC12C[C@H]3C[C@@H](C1)C[C@@H](C2)C3)c1ccc2c(ccn2Cc2ccc(C(=O)NO)c(F)c2)c1,5.856985199745904,3
O=C(NCC12C[C@H]3C[C@@H](C1)C[C@@H](C2)C3)c1ccc2c(ccn2Cc2ccc(C(=O)NO)c(O)c2)c1,5.0,1
O=C(NCC1CCOCC1)c1cccc2cn(C(Cc3ccccc3)C(=O)NO)nc12,7.301029995663981,1
O=C(NCCC1CCOCC1)C1=CC=CC2C1NN(C(Cc1ccccc1)C(=O)NO)C2C#CC1CC1,7.301029995663981,1
O=C(NCCC1CCOCC1)c1cccc2cn(C(Cc3ccccc3)C(=O)NO)nc12,7.301029995663981,1
O=C(NCCCCC/C=C(\F)CS)c1ccccc1,6.537602002101044,1
O=C(NCCCCCC(=O)c1ncco1)c1cc2ccccc2[nH]1,6.468521082957745,1
O=C(NCCCCCCC(=O)c1ncco1)c1cc2ccccc2[nH]1,7.045757490560675,1
O=C(NCCCCCCS)c1cc(-c2c[nH]c3ccccc23)n[nH]1,7.154901959985743,1
O=C(NCCCCCCS)c1cc(-c2ccc(-c3ccccc3)cc2)n[nH]1,7.366531544420414,1
O=C(NCCCCCCS)c1cc(-c2ccc(F)cc2)n(CCCCO)n1,6.267606240177031,1
O=C(NCCCCCCS)c1cc(-c2ccc(F)cc2)n(CCCO)n1,5.508638306165727,1
O=C(NCCCCCCS)c1cc(-c2ccc(F)cc2)n(CCO)n1,5.6777807052660805,1
O=C(NCCCCCCS)c1cc(-c2ccc(F)cc2)n[nH]1,6.385992412449106,2
O=C(NCCCCCCS)c1cc(-c2ccc(F)cc2)nn1CCCCO,6.769551078621726,1
O=C(NCCCCCCS)c1cc(-c2ccc(F)cc2)nn1CCCO,5.920818753952375,1
O=C(NCCCCCCS)c1cc(-c2ccc(F)cc2)nn1CCO,6.161150909262744,1
O=C(NCCCCCCS)c1cc(-c2ccc(F)cc2)on1,6.008773924307505,1
O=C(NCCCCCCS)c1cc(-c2ccc3ccccc3c2)n[nH]1,6.991399828238082,1
O=C(NCCCCCCS)c1cc(-c2cccc3ccccc23)n[nH]1,6.216096420727265,1
O=C(NCCCCCCS)c1cc(-c2ccccc2)n[nH]1,7.638272163982407,1
O=C(NCCCCCCS)c1cc(-c2ccccn2)n[nH]1,7.481486060122112,1
O=C(NCCCCCCS)c1cc(-c2cccnc2)n[nH]1,6.411954370472159,2
O=C(NCCCCCCS)c1cc(-c2ccncc2)n[nH]1,6.548455006504028,2
O=C(NCCCCCCS)c1cc(-c2cnccn2)n[nH]1,6.372363747448347,2
O=C(NCCCCCCS)c1cc(C2CCCCC2)n[nH]1,6.438898616350944,1
O=C(NCCCCCCS)c1cc2ccccc2[nH]1,7.0,1
O=C(NCCCCCCS)c1cc2ccccc2o1,7.102372908709558,1
O=C(NCCCCCCS)c1ccc2ccccc2c1,7.070581074285707,1
O=C(NCCCCCCS)c1ccccc1,6.443697499232712,2
O=C(NCCCCCCS)c1ccn[nH]1,7.0915149811213505,1
O=C(NCCCCCS)c1cc(-c2ccc(F)cc2)[nH]n1,5.721246399047171,1
O=C(NCCCCCS)c1cc(-c2ccc(F)cc2)on1,5.522878745280337,1
O=C(NCCN1CCCC1)c1ccc(-c2noc(C(F)(F)F)n2)cc1,5.552841968657781,3
O=C(NCCN1CCOCC1)c1cccc2cn(C(Cc3ccccc3)C(=O)NO)nc12,6.903089986991944,3
O=C(NCCS)/C(Cc1ccc(O)c(Br)c1)=N/O,5.886056647693163,2
O=C(NCCS)C(=O)Nc1ccccc1,5.552841968657781,1
O=C(NCCSSCCNC(=O)/C(Cc1ccc(Cl)cc1Cl)=N/O)/C(Cc1ccc(Cl)cc1Cl)=N/O,6.552841968657781,2
O=C(NCCSSCCNC(=O)/C(Cc1ccc(O)cc1)=N/O)/C(Cc1ccc(O)cc1)=N/O,6.920818753952375,2
O=C(NCCSSCCNC(=O)/C(Cc1ccc2c(c1)OCO2)=N/O)/C(Cc1ccc2c(c1)OCO2)=N/O,6.886056647693163,2
O=C(NCCSSCCNC(=O)/C(Cc1cccc(C(F)(F)F)c1)=N/O)/C(Cc1cccc(C(F)(F)F)c1)=N/O,6.568636235841012,2
O=C(NCCSSCCNC(=O)/C(Cc1cccc(Cl)c1)=N/O)/C(Cc1cccc(Cl)c1)=N/O,6.6777807052660805,2
O=C(NCCSSCCNC(=O)c1cc(-c2ccc(O)c(Br)c2)[nH]n1)c1cc(-c2ccc(O)c(Br)c2)[nH]n1,6.167491087293763,2
O=C(NCCSSCCNC(=O)c1cc(-c2ccc(O)cc2)[nH]n1)c1cc(-c2ccc(O)cc2)[nH]n1,5.7423214251308154,2
O=C(NCCSSCCNC(=O)c1cc(-c2ccc(O)cc2)on1)c1cc(-c2ccc(O)cc2)on1,5.503070351926786,2
O=C(NCCc1c[nH]c2ccccc12)c1ccc(-c2noc(C(F)(F)F)n2)cc1,4.0,1
O=C(NCCc1cc(C(=O)NO)no1)c1ccc(Cl)c(Cl)c1,5.910094888560603,3
O=C(NCc1ccc(-c2noc(C(F)(F)F)n2)cc1)C1CCCC1,5.5376020021010435,3
O=C(NCc1ccc(C(=O)Nc2ccccc2)cc1)OCc1cccnc1,4.0,1
O=C(NCc1ccc(C(=O)Nc2ccccc2O)cc1)OCc1cccnc1,5.657577319177793,4
O=C(NCc1ccccc1)c1ccccc1NCc1ccc(-c2noc(C(F)(F)F)n2)cn1,6.275724130399211,3
O=C(NCc1ccccn1)c1cccc(NCc2ccc(-c3noc(C(F)(F)F)n3)cn2)c1,6.130768280269024,3
O=C(NO)C(Cc1ccccc1)N1C=CC2C(Cl)=NC=CC21,6.425968732272281,3
O=C(NO)C(Cc1ccccc1)N1C=CC2C=C(Cl)C=NC21,6.425968732272281,3
O=C(NO)C(Cc1ccccc1)N1C=CC2C=C(Cl)N=CC21,6.301029995663981,1
O=C(NO)C(Cc1ccccc1)N1C=CC2N=C(Cl)C=CC21,6.301029995663981,1
O=C(NO)C(Cc1ccccc1)N1N=C(C#CC2CC2)C2C=CN=C(Cl)C21,6.903089986991944,3
O=C(NO)C(Cc1ccccc1)N1N=CC2C(Cl)=NC=CC21,6.425968732272281,3
O=C(NO)C(Cc1ccccc1)c1cnc2c(-c3cccnc3)cccn12,6.301029995663981,1
O=C(NO)C(Cc1ccccc1)c1cnc2c(-c3ccncc3)cccn12,6.425968732272281,3
O=C(NO)C(Cc1ccccc1)c1cnc2c(-c3cncnc3)cccn12,6.301029995663981,1
O=C(NO)C(Cc1ccccc1)c1cnc2c(C3CC3)cccn12,6.301029995663981,1
O=C(NO)C(Cc1ccccc1)c1cnc2c(Cl)cccn12,6.425968732272281,3
O=C(NO)C(Cc1ccccc1)c1cnc2cc(-c3cccnc3)ccn12,6.425968732272281,3
O=C(NO)C(Cc1ccccc1)c1cnc2cc(-c3ccncc3)ccn12,6.301029995663981,1
O=C(NO)C(Cc1ccccc1)c1cnc2cc(-c3cncnc3)ccn12,6.903089986991944,3
O=C(NO)C(Cc1ccccc1)c1cnc2cc(Cl)ccn12,7.301029995663981,1
O=C(NO)C(Cc1ccccc1)n1cc2c(-c3ccccc3)cccc2n1,6.301029995663981,1
O=C(NO)C(Cc1ccccc1)n1cc2c(-c3ccncc3)cccc2n1,6.425968732272281,3
O=C(NO)C(Cc1ccccc1)n1cc2c(-c3cncnc3)cccc2n1,6.425968732272281,3
O=C(NO)C(Cc1ccccc1)n1cc2c(Br)cccc2n1,6.425968732272281,3
O=C(NO)C(Cc1ccccc1)n1cc2c(C3CC3)cccc2n1,6.301029995663981,1
O=C(NO)C(Cc1ccccc1)n1cc2c(N3CCOCC3)cccc2n1,6.301029995663981,1
O=C(NO)C(Cc1ccccc1)n1cc2c(n1)CCCC2,6.425968732272281,3
O=C(NO)C(Cc1ccccc1)n1cc2cc(-c3ccccc3)ccc2n1,6.301029995663981,1
O=C(NO)C(Cc1ccccc1)n1cc2cc(-c3ccncc3)ccc2n1,6.425968732272281,3
O=C(NO)C(Cc1ccccc1)n1cc2cc(-c3cncnc3)ccc2n1,6.425968732272281,3
O=C(NO)C(Cc1ccccc1)n1cc2cc(Br)ccc2n1,6.394734048120206,4
O=C(NO)C(Cc1ccccc1)n1cc2cc(Br)cnc2n1,6.425968732272281,3
O=C(NO)C(Cc1ccccc1)n1cc2cc(Br)ncc2n1,6.301029995663981,1
O=C(NO)C(Cc1ccccc1)n1cc2cc(Cl)ccc2n1,6.425968732272281,3
O=C(NO)C(Cc1ccccc1)n1cc2cc(F)ccc2n1,6.301029995663981,1
O=C(NO)C(Cc1ccccc1)n1cc2ccc(-c3ccccc3)cc2n1,6.425968732272281,3
O=C(NO)C(Cc1ccccc1)n1cc2ccc(-c3cccnc3)cc2n1,6.425968732272281,3
O=C(NO)C(Cc1ccccc1)n1cc2ccc(-c3cncnc3)cc2n1,6.425968732272281,3
O=C(NO)C(Cc1ccccc1)n1cc2ccc(C(F)(F)F)cc2n1,6.301029995663981,1
O=C(NO)C(Cc1ccccc1)n1cc2ccc(N3CCCCC3)cc2n1,6.301029995663981,1
O=C(NO)C(Cc1ccccc1)n1cc2cccc(-c3ccccc3)c2n1,6.301029995663981,1
O=C(NO)C(Cc1ccccc1)n1cc2cccc(C#CC3CC3)c2n1,6.425968732272281,3
O=C(NO)C(Cc1ccccc1)n1cc2cccc(C(=O)N3CCC4(CC3)COC4)c2n1,6.301029995663981,1
O=C(NO)C(Cc1ccccc1)n1cc2cccc(C(=O)N3CCC4(CCOCC4)CC3)c2n1,6.301029995663981,1
O=C(NO)C(Cc1ccccc1)n1cc2cccc(C(=O)N3CCOCC3)c2n1,6.301029995663981,1
O=C(NO)C(Cc1ccccc1)n1cc2cccc(CN3CCC(F)(F)CC3)c2n1,6.425968732272281,3
O=C(NO)C(Cc1ccccc1)n1cc2cccc(CN3CCC(N4CCOCC4)CC3)c2n1,6.301029995663981,1
O=C(NO)C(Cc1ccccc1)n1cc2cccc(CN3CCC4(CC3)COC4)c2n1,6.301029995663981,1
O=C(NO)C(Cc1ccccc1)n1cc2cccc(CN3CCC4(CCOCC4)CC3)c2n1,6.301029995663981,1
O=C(NO)C(Cc1ccccc1)n1cc2cccc(CN3CCCC(F)(F)C3)c2n1,6.425968732272281,3
O=C(NO)C(Cc1ccccc1)n1cc2cccc(CN3CCN(C(F)(F)F)CC3)c2n1,6.301029995663981,1
O=C(NO)C(Cc1ccccc1)n1cc2cccc(CN3CCOCC3)c2n1,6.425968732272281,3
O=C(NO)C(Cc1ccccc1)n1cc2cccc(CNC3CC3)c2n1,6.425968732272281,3
O=C(NO)C(Cc1ccccc1)n1cc2cccc(CNC3CCOCC3)c2n1,6.301029995663981,1
O=C(NO)C(Cc1ccccc1)n1cc2cccc(CNCC3CC3)c2n1,6.301029995663981,1
O=C(NO)C(Cc1ccccc1)n1cc2ccccc2n1,6.425968732272281,3
O=C(NO)C(Cc1ccccc1)n1cc2ccnc(-c3cncnc3)c2n1,7.301029995663981,1
O=C(NO)C(Cc1ccccc1)n1cc2ccnc(Cl)c2n1,6.394734048120206,4
O=C(NO)C(Cc1ccccc1)n1cc2cncc(C#CC3CC3)c2n1,6.425968732272281,3
O=C(NO)C(Cc1ccccc1)n1cc2cncc(I)c2n1,6.301029995663981,1
O=C(NO)C(Cc1ccccc1)n1cc2cnccc2n1,6.301029995663981,1
O=C(NO)C(Cc1ccccc1)n1cnc2ccccc21,6.425968732272281,3
O=C(NO)C(Cc1ccccc1)n1nc(C#CC2CC2)c2cc(Cl)ccc21,6.903089986991944,3
O=C(NO)C(Cc1ccccc1)n1nc(I)c2cc(Br)nc(Cl)c21,6.903089986991944,3
O=C(NO)C(Cc1ccccc1)n1nc2c(-c3cccnc3)cccc2c1C#CC1CC1,7.301029995663981,1
O=C(NO)C(Cc1ccccc1)n1nc2c(-c3ccncc3)cccc2c1C#CC1CC1,7.301029995663981,1
O=C(NO)C(Cc1ccccc1)n1nc2c(-c3cncnc3)cccc2c1C#CC1CC1,7.301029995663981,1
O=C(NO)C(Cc1ccccc1)n1nc2c(-c3cncnc3)nccc2c1C#CC1CC1,7.301029995663981,1
O=C(NO)C(Cc1ccccc1)n1nc2c(C3CC3)cccc2c1C#CC1CC1,7.301029995663981,1
O=C(NO)C(Cc1ccccc1)n1nc2c(Cl)cccc2c1C#CC1CC1,7.301029995663981,1
O=C(NO)C(Cc1ccccc1)n1nc2c(Cl)cccc2c1I,6.425968732272281,3
O=C(NO)C(Cc1ccccc1)n1nc2c(Cl)nccc2c1I,6.903089986991944,3
O=C(NO)C(Cc1ccccc1)n1nc2c(c1C#CC1CC1)CCCC2,7.301029995663981,1
O=C(NO)C(Cc1ccccc1)n1nc2ccc(-c3c(F)cccc3F)cc2c1C#CC1CC1,6.425968732272281,3
O=C(NO)C(Cc1ccccc1)n1nc2ccc(-c3cccnc3)cc2c1C#CC1CC1,6.903089986991944,3
O=C(NO)C(Cc1ccccc1)n1nc2ccc(-c3ccncc3)cc2c1C#CC1CC1,6.903089986991944,3
O=C(NO)C(Cc1ccccc1)n1nc2ccc(-c3cncnc3)cc2c1C#CC1CC1,7.301029995663981,1
O=C(NO)C(Cc1ccccc1)n1nc2ccc(Cl)cc2c1C#CC1CC1,7.301029995663981,1
O=C(NO)C(Cc1ccccc1)n1ncc2c(-c3ccccc3)cccc21,6.301029995663981,1
O=C(NO)C(Cc1ccccc1)n1ncc2c(-c3ccncc3)nccc21,6.903089986991944,3
O=C(NO)C(Cc1ccccc1)n1ncc2c(-c3cncnc3)cccc21,6.903089986991944,3
O=C(NO)C(Cc1ccccc1)n1ncc2c(-c3cncnc3)nccc21,6.903089986991944,3
O=C(NO)C(Cc1ccccc1)n1ncc2c1CCCC2,6.425968732272281,3
O=C(NO)C(Cc1ccccc1)n1ncc2cc(-c3c(F)cccc3F)ccc21,6.425968732272281,3
O=C(NO)C(Cc1ccccc1)n1ncc2cc(-c3c(F)cccc3F)ncc21,6.301029995663981,1
O=C(NO)C(Cc1ccccc1)n1ncc2cc(-c3ccccc3)ccc21,6.425968732272281,3
O=C(NO)C(Cc1ccccc1)n1ncc2cc(-c3ccccc3)cnc21,6.301029995663981,1
O=C(NO)C(Cc1ccccc1)n1ncc2cc(-c3ccccc3)ncc21,6.301029995663981,1
O=C(NO)C(Cc1ccccc1)n1ncc2cc(-c3cccnc3)ccc21,6.903089986991944,3
O=C(NO)C(Cc1ccccc1)n1ncc2cc(-c3cccnc3)cnc21,6.425968732272281,3
O=C(NO)C(Cc1ccccc1)n1ncc2cc(-c3cccnc3)ncc21,6.425968732272281,3
O=C(NO)C(Cc1ccccc1)n1ncc2cc(-c3ccncc3)ccc21,6.903089986991944,3
O=C(NO)C(Cc1ccccc1)n1ncc2cc(-c3ccncc3)cnc21,6.301029995663981,1
O=C(NO)C(Cc1ccccc1)n1ncc2cc(-c3ccncc3)ncc21,6.301029995663981,1
O=C(NO)C(Cc1ccccc1)n1ncc2cc(-c3cncnc3)ccc21,6.903089986991944,3
O=C(NO)C(Cc1ccccc1)n1ncc2cc(-c3cncnc3)cnc21,6.425968732272281,3
O=C(NO)C(Cc1ccccc1)n1ncc2cc(-c3cncnc3)ncc21,6.425968732272281,3
O=C(NO)C(Cc1ccccc1)n1ncc2cc(Br)ccc21,6.903089986991944,3
O=C(NO)C(Cc1ccccc1)n1ncc2cc(Br)cnc21,6.425968732272281,3
O=C(NO)C(Cc1ccccc1)n1ncc2cc(Br)ncc21,6.301029995663981,1
O=C(NO)C(Cc1ccccc1)n1ncc2cc(C3CC3)ccc21,6.301029995663981,1
O=C(NO)C(Cc1ccccc1)n1ncc2cc(C3CC3)ncc21,6.301029995663981,1
O=C(NO)C(Cc1ccccc1)n1ncc2cc(C3CCC(N4CCCC4)CC3)ccc21,6.903089986991944,3
O=C(NO)C(Cc1ccccc1)n1ncc2cc(Cl)ccc21,6.903089986991944,3
O=C(NO)C(Cc1ccccc1)n1ncc2ccc(-c3ccccc3)cc21,6.301029995663981,1
O=C(NO)C(Cc1ccccc1)n1ncc2ccc(-c3cncnc3)cc21,6.301029995663981,1
O=C(NO)C(Cc1ccccc1)n1ncc2ccc(-c3cnn(CCN4CCOCC4)c3)cc21,6.301029995663981,1
O=C(NO)C(Cc1ccccc1)n1ncc2ccc(Br)cc21,6.301029995663981,1
O=C(NO)C(Cc1ccccc1)n1ncc2ccccc21,6.301029995663981,1
O=C(NO)C(Cc1ccccc1)n1ncc2nc(-c3ccncc3)ccc21,6.425968732272281,3
O=C(NO)C(Cc1ccccc1)n1ncc2nc(-c3cncnc3)ccc21,6.903089986991944,3
O=C(NO)C(Cc1ccccc1)n1ncc2nc(Cl)ccc21,6.903089986991944,3
O=C(NO)C(c1ccc(-c2ncc(C(F)(F)F)cn2)cc1)c1ccccc1F,5.040958607678906,3
O=C(NO)C(c1ccccc1)c1ccccc1,4.264744665676943,12
O=C(NO)C1=CCCC1,5.962573502059375,3
O=C(NO)C1=CCCCC1,6.365522729839268,3
O=C(NO)C1CCCCC1,5.429457060118103,3
O=C(NO)C1[C@H](c2ccccc2)[C@H]1c1ccccc1,5.366531544420413,2
O=C(NO)C1c2ccccc2-c2ccccc21,4.815364477475552,5
O=C(NO)N1CCN(C(=S)N/N=C/c2ccc(Cl)cc2)CC1,4.364918563989127,2
O=C(NO)N1CCN(C(=S)N/N=C/c2ccccc2O)CC1,4.472756883611911,2
O=C(NO)N1CCN(C(=S)NN=Cc2ccc(Cl)cc2)CC1,4.364918563989127,1
O=C(NO)N1CCN(C(=S)NN=Cc2ccccc2O)CC1,4.472756883611911,1
O=C(NO)[C@@H](Cc1ccccc1)n1nnc(-c2ccccc2)c1C#CC1CC1,9.096910013008056,3
O=C(NO)[C@@H]1[C@H](c2ccccc2)[C@H]1c1cc(Cl)c2c(c1)OCCO2,6.080921907623926,2
O=C(NO)[C@@H]1[C@H](c2ccccc2)[C@H]1c1ccc(-c2cnco2)cc1,6.443697499232712,2
O=C(NO)[C@@H]1[C@H](c2ccccc2)[C@H]1c1ccc(-c2ncc(F)cn2)cc1,5.853871964321762,4
O=C(NO)[C@@H]1[C@H](c2ccccc2)[C@H]1c1ccc2c(c1)CN(CC(F)(F)F)C2=O,5.823908740944319,2
O=C(NO)[C@@H]1[C@H](c2ccccc2)[C@H]1c1ccc2nccnc2c1,6.060480747381382,2
O=C(NO)[C@@H]1[C@H](c2ccccc2)[C@H]1c1cccc(-c2ncc(F)cn2)c1,5.275724130399211,2
O=C(NO)[C@@H]1[C@H](c2ccccc2)[C@H]1c1ccnc(C2CC2)c1,5.318758762624412,2
O=C(NO)[C@H](Cc1c[nH]c2ccccc12)n1nnc(-c2ccccc2)c1C#CC1CC1,8.154901959985743,3
O=C(NO)[C@H](Cc1ccccc1)n1nnc(-c2cccc(Cl)c2)c1C#CC1CC1,8.096910013008056,3
O=C(NO)[C@H](Cc1ccccc1)n1nnc(-c2ccccc2)c1C#CC1CC1,9.096910013008056,6
O=C(NO)[C@H](Cc1ccccc1)n1nnc(-c2ccccc2)c1C#Cc1ccc(-c2ccccc2)cc1,5.040958607678906,3
O=C(NO)[C@H](Cc1ccccc1)n1nnc(-c2ccccc2)c1C#Cc1ccccc1,8.0,3
O=C(NO)[C@H](Cc1ccccc1)n1nnc(-c2ccsc2)c1C#CC1CC1,8.397940008672037,3
O=C(NO)[C@]1(F)[C@H](c2ccccc2)[C@H]1c1ccc(-c2ncc(F)cn2)cc1,6.552841968657781,2
O=C(NO)c1cc(Cn2c(=O)n(CCc3ccccc3)c(=O)c3ccccc32)cs1,5.924088238517224,6
O=C(NO)c1cc(F)c(CN2CN(c3ccccc3)C3(CCN(Cc4ccccc4)CC3)C2=O)c(F)c1,5.487048920027509,3
O=C(NO)c1cc(F)c(Cn2nnc(-c3ncccn3)n2)c(F)c1,6.297569463554474,3
O=C(NO)c1cc(F)c(Cn2nnnc2-c2cccs2)c(F)c1,6.001740661576302,3
O=C(NO)c1cc2c(Cl)cccc2s1,4.9344202852715515,1
O=C(NO)c1cc2c(cc1F)CCC(NS(=O)(=O)c1ccc(Cl)cc1)C2,5.892790030352131,3
O=C(NO)c1cc2c(cc1F)CCC(NS(=O)(=O)c1cccc(Cl)c1)C2,6.031517051446063,3
O=C(NO)c1cc2c(cc1F)CCC(Nc1nccc(-c3cccnc3)n1)C2,5.821023052706831,3
O=C(NO)c1cc2c(cn1)CN(C1CC3(CCCCC3)C1)CC2,4.259637310505756,1
O=C(NO)c1cc2cccc(C(F)(F)F)c2s1,5.036684488613888,1
O=C(NO)c1cc2cccc(Cl)c2s1,5.536107011014092,1
O=C(NO)c1cc2ccccc2s1,5.66354026615147,1
O=C(NO)c1cc2ccsc2s1,5.96657624451305,1
O=C(NO)c1cc2nn(Cc3cccc(Cl)c3)cc2cc1F,5.624519285381428,1
O=C(NO)c1cc2nn(Cc3ccccc3)cc2cc1F,5.41510365586255,1
O=C(NO)c1cc2sccc2s1,6.2541448048262716,1
O=C(NO)c1ccc(-c2ccc3ncnc(Nc4ccc(OCc5cccc(F)c5)c(Cl)c4)c3c2)o1,5.113509274827518,3
O=C(NO)c1ccc(-c2ccc3ncnc(Nc4ccc(OCc5cccc(F)c5)c(Cl)c4)c3c2)s1,6.008773924307505,3
O=C(NO)c1ccc(-c2cccc3ccccc23)cc1,6.522878745280337,6
O=C(NO)c1ccc(-c2ccnc(Nc3ccc(N4CCOCC4)cc3)n2)cc1,6.215382707367124,3
O=C(NO)c1ccc(-c2cn(CC34CC5CC(CC(C5)C3)C4)nn2)s1,5.3979400086720375,3
O=C(NO)c1ccc(-c2cnnn2CC23CC4CC(CC(C4)C2)C3)s1,6.292429823902064,3
O=C(NO)c1ccc(-c2csc(N3N=C(c4ccccc4)/C(=N/Nc4nccs4)C3=O)n2)cc1,6.238824186844269,1
O=C(NO)c1ccc(-c2nc3ccccc3c(=O)[nH]2)cc1,5.790484985457369,3
O=C(NO)c1ccc(-n2cc(Cc3ccccc3)c3ccccc32)cc1,6.489454989793388,1
O=C(NO)c1ccc(-n2ccc3ccccc32)cc1,6.379863945026242,1
O=C(NO)c1ccc(/C=C/c2ccnc(-c3ccccc3O)c2)cc1,5.335358024443874,3
O=C(NO)c1ccc(/C=C/c2nc3ccccc3c(=O)[nH]2)cc1,6.488116639021126,3
O=C(NO)c1ccc(/C=N/NC(=O)c2cc(N3CCOCC3)nc(-c3cccc(O)c3)n2)cc1,7.169199231803496,3
O=C(NO)c1ccc(/C=N/NC(=O)c2cc(N3CCOCC3)nc(-c3cccc4[nH]ncc34)n2)cc1,7.176093968897654,3
O=C(NO)c1ccc(Br)c(NC(=O)c2ccccc2)c1,6.718360921956875,3
O=C(NO)c1ccc(C(=O)N2CCc3c(c4ccccc4n3Cc3ccccc3)C2)cc1,5.481617684454657,3
O=C(NO)c1ccc(C(=O)NCC2CCN(Cc3ccccc3)CC2)cc1,6.853871964321762,1
O=C(NO)c1ccc(C(=O)NCCCN2c3ccccc3CCc3ccc(Cl)cc32)cc1,5.749579997691105,3
O=C(NO)c1ccc(C(=O)NCCc2ccccc2)cc1,5.939302159646388,3
O=C(NO)c1ccc(C(=O)NCCc2ccncc2)cc1,5.876148359032914,3
O=C(NO)c1ccc(C(=O)NCc2ccccc2)cc1,5.987162775294828,3
O=C(NO)c1ccc(C(=O)N[C@H](C(=O)NC2CC2)c2c[nH]c3ccccc23)cc1,6.165579296318468,1
O=C(NO)c1ccc(C(=O)N[C@H](C(=O)NC2CCCCC2)c2c[nH]c3ccccc23)cc1,6.380906669373257,1
O=C(NO)c1ccc(C(=O)N[C@H](C(=O)NCCc2ccccc2)c2c[nH]c3ccccc23)cc1,6.521433504406156,1
O=C(NO)c1ccc(C(=O)N[C@H](C(=O)NCc2cccc3ccccc23)c2c[nH]c3ccccc23)cc1,6.647817481888637,1
O=C(NO)c1ccc(C(=O)N[C@H](C(=O)NCc2ccccc2)c2c[nH]c3ccccc23)cc1,6.460923901207224,1
O=C(NO)c1ccc(C(=O)N[C@H](C(=O)NO)c2c[nH]c3ccccc23)cc1,6.6439741428068775,1
O=C(NO)c1ccc(C(=O)N[C@H](C(=O)Nc2ccc(Br)cc2)c2c[nH]c3ccccc23)cc1,7.017728766960431,1
O=C(NO)c1ccc(C(=O)N[C@H](C(=O)Nc2ccc(C(F)(F)F)cc2)c2c[nH]c3ccccc23)cc1,5.890421453095613,1
O=C(NO)c1ccc(C(=O)N[C@H](C(=O)Nc2ccc(Cl)cc2)c2c[nH]c3ccccc23)cc1,6.823908740944319,1
O=C(NO)c1ccc(C(=O)N[C@H](C(=O)Nc2ccc(F)cc2)c2c[nH]c3ccccc23)cc1,6.694648630553376,1
O=C(NO)c1ccc(C(=O)N[C@H](C(=O)Nc2ccc(I)cc2)c2c[nH]c3ccccc23)cc1,7.107905397309519,1
O=C(NO)c1ccc(C(=O)N[C@H](C(=O)Nc2cccc(Br)c2)c2c[nH]c3ccccc23)cc1,6.723538195826755,1
O=C(NO)c1ccc(C(=O)N[C@H](C(=O)Nc2cccc(Cl)c2)c2c[nH]c3ccccc23)cc1,6.443697499232712,1
O=C(NO)c1ccc(C(=O)N[C@H](C(=O)Nc2cccc(F)c2)c2c[nH]c3ccccc23)cc1,6.630784142589857,1
O=C(NO)c1ccc(C(=O)N[C@H](C(=O)Nc2ccccc2)c2c[nH]c3ccccc23)cc1,6.442492798094342,1
O=C(NO)c1ccc(C(=O)Nc2ccccc2)cc1,6.161780778092375,3
O=C(NO)c1ccc(C(F)(F)F)c(NC(=O)c2ccccc2)c1,6.465804627844567,3
O=C(NO)c1ccc(C(c2ccccc2)c2ccccc2)cc1,5.623423042943489,3
O=C(NO)c1ccc(C2CCCC2)cc1,5.920818753952375,3
O=C(NO)c1ccc(CC(=O)N(CCO)C(=O)Cc2ccccc2)cc1,6.424812155072339,3
O=C(NO)c1ccc(CC(=O)N(CCO)c2ccccc2)cc1,5.571380088024345,24
O=C(NO)c1ccc(CC(=O)N2CCC(N3CC(c4ccccc4)(c4ccccc4)C3=O)CC2)cc1,6.946921556516581,3
O=C(NO)c1ccc(CC(=O)N2CCc3c(c4ccccc4n3Cc3ccccc3)C2)cc1,5.089642442727122,3
O=C(NO)c1ccc(CCCN2CCC(CN[C@H]3C[C@@H]3c3ccccc3)CC2)cc1,7.1487416512809245,3
O=C(NO)c1ccc(CCCS(=O)(=O)c2ccccc2)cc1,5.698970004336019,3
O=C(NO)c1ccc(CCCc2ccccc2)cc1,6.0,3
O=C(NO)c1ccc(CCN2C(=O)c3cccc4c(N5CCOCC5)ccc(c34)C2=O)cc1,5.515700160653214,3
O=C(NO)c1ccc(CN(C(=O)c2c(F)c(F)c(F)c(F)c2F)C2CC2)cc1,6.012780770091996,3
O=C(NO)c1ccc(CN(C2CC2)S(=O)(=O)c2c(F)c(Cl)c(F)c(Cl)c2F)cc1,6.66958622665081,3
O=C(NO)c1ccc(CN(C2CC2)S(=O)(=O)c2c(F)c(F)c(Cl)c(F)c2F)cc1,6.0,1
O=C(NO)c1ccc(CN(C2CC2)S(=O)(=O)c2c(F)c(F)c(F)c(F)c2F)cc1,7.5376020021010435,3
O=C(NO)c1ccc(CN(C2CC2)S(=O)(=O)c2c(F)c(F)cc(F)c2F)cc1,6.422508200162774,3
O=C(NO)c1ccc(CN(C2CC2)S(=O)(=O)c2c(F)cc(F)c(Cl)c2F)cc1,6.6968039425795105,3
O=C(NO)c1ccc(CN(C2CC2)S(=O)(=O)c2c(F)cc(F)cc2F)cc1,6.501689446210399,3
O=C(NO)c1ccc(CN(C2CC2)S(=O)(=O)c2cc(F)c(F)c(F)c2)cc1,6.5638373529592435,3
O=C(NO)c1ccc(CN(C2CC2)S(=O)(=O)c2cc(F)c(F)c(F)c2F)cc1,6.357190149891327,4
O=C(NO)c1ccc(CN(C2CC2)S(=O)(=O)c2ccc(F)cc2)cc1,6.551293680094919,3
O=C(NO)c1ccc(CN(C2CCCC2)S(=O)(=O)c2cc(F)c(F)c(F)c2F)cc1,6.0,1
O=C(NO)c1ccc(CN(CCCCO)C(=O)Nc2ccccc2)cc1,6.320572103387882,3
O=C(NO)c1ccc(CN(CCO)C(=O)Cc2ccccc2)cc1,6.3979400086720375,3
O=C(NO)c1ccc(CN(Cc2ccc(C(F)(F)F)cc2)S(=O)(=O)c2c(F)c(F)c(F)c(F)c2F)cc1,6.0,1
O=C(NO)c1ccc(CN(Cc2ccc(F)cc2)S(=O)(=O)c2c(F)c(F)c(F)c(F)c2F)cc1,6.43533393574791,3
O=C(NO)c1ccc(CN(Cc2ccc(F)cc2)S(=O)(=O)c2cc(F)c(F)c(F)c2F)cc1,6.0655015487564325,3
O=C(NO)c1ccc(CN(Cc2cccc(F)c2)S(=O)(=O)c2cc(F)c(F)c(F)c2F)cc1,6.3851027839668655,3
O=C(NO)c1ccc(CN(Cc2ccccc2)C(=O)c2ccccc2)cc1,5.349012905616554,3
O=C(NO)c1ccc(CN(Cc2ccccc2)S(=O)(=O)c2c(F)c(F)c(F)c(F)c2F)cc1,6.823908740944319,3
O=C(NO)c1ccc(CN(Cc2ccccc2)S(=O)(=O)c2cc(F)c(F)c(F)c2F)cc1,6.809668301829707,3
O=C(NO)c1ccc(CN(Cc2ccccc2F)S(=O)(=O)c2cc(F)c(F)c(F)c2F)cc1,6.617982957425132,3
O=C(NO)c1ccc(CN(Cc2ccccn2)S(=O)(=O)c2cc(F)c(F)c(F)c2F)cc1,6.478861916295965,3
O=C(NO)c1ccc(CN(Cc2cccnc2)S(=O)(=O)c2cc(F)c(F)c(F)c2F)cc1,6.999402434764678,6
O=C(NO)c1ccc(CN(Cc2ccncc2)S(=O)(=O)c2c(F)c(F)c(F)c(F)c2F)cc1,6.0,1
O=C(NO)c1ccc(CN(Cc2ccncc2)S(=O)(=O)c2cc(F)c(F)c(F)c2F)cc1,6.23582386760967,3
O=C(NO)c1ccc(CN(Cc2nnnn2Cc2ccccc2)C(=O)c2ccccc2C(F)(F)F)cc1,4.8326826652518236,3
O=C(NO)c1ccc(CN(c2ccccc2)c2ccccc2)cc1,5.623423042943489,3
O=C(NO)c1ccc(CN2C(=O)/C(=C3\Nc4ccccc4\C3=N/O)c3cc(Br)ccc32)cc1,7.4089353929735005,1
O=C(NO)c1ccc(CN2C(=O)/C(=C3\Nc4ccccc4\C3=N/O)c3cc(Cl)ccc32)cc1,6.7594507517174005,1
O=C(NO)c1ccc(CN2C(=O)/C(=C3\Nc4ccccc4\C3=N/O)c3cc(F)ccc32)cc1,6.661543506395395,1
O=C(NO)c1ccc(CN2C(=O)/C(=C3\Nc4ccccc4\C3=N/O)c3cccc(Cl)c32)cc1,7.1487416512809245,1
O=C(NO)c1ccc(CN2C(=O)/C(=C3\Nc4ccccc4\C3=N/O)c3ccccc32)cc1,6.709965388637482,1
O=C(NO)c1ccc(CN2C(=O)C(Cc3ccccc3)N(Cc3ccc(Cl)cc3)C2=O)cc1,5.399281152743303,3
O=C(NO)c1ccc(CN2C(=O)C(Cc3ccccc3)N(Cc3ccccn3)C2=O)cc1,5.106460156435339,3
O=C(NO)c1ccc(CN2C(=O)C(Cc3ccccc3)N(Cc3cccnc3)C2=O)cc1,5.463315327379068,3
O=C(NO)c1ccc(CN2C(=O)C3=C(CCN(Cc4cccc(Cl)c4)C3)N3CCN=C23)cc1,6.47720819183657,3
O=C(NO)c1ccc(CN2C(=O)CCCc3cc(Cl)ccc32)cc1,5.931814138253838,3
O=C(NO)c1ccc(CN2C(=O)CCc3cc(Br)ccc32)cc1,6.129011186239424,3
O=C(NO)c1ccc(CN2C(=O)CCc3cc(C4CC4)ccc32)cc1,5.823908740944319,3
O=C(NO)c1ccc(CN2C(=O)CCc3cc(Cl)ccc32)cc1,5.681936665037238,3
O=C(NO)c1ccc(CN2C(=O)CN(Cc3ccc(Cl)cc3)C2=O)cc1,6.002613615602687,3
O=C(NO)c1ccc(CN2C(=O)CNC(=O)[C@H]2Cc2c[nH]c3ccccc23)cc1,5.917214629683549,3
O=C(NO)c1ccc(CN2C(=O)CNC(=O)[C@H]2Cc2ccccc2)cc1,5.630784142589857,3
O=C(NO)c1ccc(CN2C(=O)CNC(=O)[C@H]2Cc2cccs2)cc1,6.356547323513812,3
O=C(NO)c1ccc(CN2C(=O)Cc3cc(Br)ccc32)cc1,5.562407967746038,1
O=C(NO)c1ccc(CN2C(=O)Cc3cc(Cl)ccc32)cc1,6.308918507877031,1
O=C(NO)c1ccc(CN2C(=O)Cc3cc(F)ccc32)cc1,6.3214816209598865,1
O=C(NO)c1ccc(CN2C(=O)Cc3ccccc32)cc1,6.3214816209598865,1
O=C(NO)c1ccc(CN2C(=O)c3cccc(F)c3C2=O)cc1-c1ccccc1,7.055517327849831,3
O=C(NO)c1ccc(CN2C(=O)c3ccccc3C2=O)cc1-c1ccccc1,7.142667503568731,3
O=C(NO)c1ccc(CN2C(=O)c3ccccc3S2(=O)=O)cc1-c1ccccc1,7.1487416512809245,3
O=C(NO)c1ccc(CN2CC(=O)N(Cc3ccc(Cl)cc3)[C@H](Cc3ccccc3)C2=O)cc1,6.886056647693163,2
O=C(NO)c1ccc(CN2CC(=O)N(Cc3cccc(Cl)c3)[C@H](Cc3ccccc3)C2=O)cc1,6.823908740944319,2
O=C(NO)c1ccc(CN2CC(=O)N(Cc3ccccc3)[C@H](Cc3ccccc3)C2=O)cc1,6.838631997765026,2
O=C(NO)c1ccc(CN2CC(=O)N(Cc3ccccc3Cl)[C@H](Cc3ccccc3)C2=O)cc1,6.790484985457369,2
O=C(NO)c1ccc(CN2CC3(CCCCC3)c3ccccc32)cc1,6.596879478824182,3
O=C(NO)c1ccc(CN2CCC(CN[C@@H]3C[C@H]3c3ccccc3)CC2)cc1,7.7163535939601955,6
O=C(NO)c1ccc(CN2CCC(S(=O)(=O)N[C@@H]3C[C@H]3c3ccccc3)CC2)cc1,9.39040559077478,3
O=C(NO)c1ccc(CN2CCCC2)cc1,5.920818753952375,3
O=C(NO)c1ccc(CN2CCCCc3cc(-c4cc[nH]n4)ccc32)cc1,5.549750891680639,3
O=C(NO)c1ccc(CN2CCCCc3cc(Br)ccc32)cc1,5.360513510731413,3
O=C(NO)c1ccc(CN2CCCCc3cc(Cl)ccc32)cc1,5.063486257521107,3
O=C(NO)c1ccc(CN2CCCCc3ccccc32)cc1,5.251037138743838,3
O=C(NO)c1ccc(CN2CCCc3cc(-c4cc[nH]n4)ccc32)cc1,6.101274818410507,3
O=C(NO)c1ccc(CN2CCCc3cc(Cl)ccc32)cc1,5.4465307519246835,18
O=C(NO)c1ccc(CN2CCCc3cccnc32)c(F)c1,6.224025668870631,3
O=C(NO)c1ccc(CN2CCc3c(n(CC4CC4)c4ccc(F)cc34)C2)cc1,5.708853238268115,3
O=C(NO)c1ccc(CN2c3cc(C(F)(F)F)ccc3CCC[C@@H]3CCCC[C@H]32)cc1,5.698970004336019,3
O=C(NO)c1ccc(CN2c3cc(C(F)(F)F)ccc3S(=O)(=O)C[C@H]3CCCC[C@H]32)cc1,5.698970004336019,3
O=C(NO)c1ccc(CN2c3ccccc3C3C2CCS3(=O)=O)cc1,5.721246399047171,3
O=C(NO)c1ccc(CN2c3ccccc3CCC[C@@H]3CCCC[C@H]32)cc1,5.958607314841775,3
O=C(NO)c1ccc(CN2c3ccccc3CC[C@@H]3CCCC[C@H]32)cc1,5.5376020021010435,3
O=C(NO)c1ccc(CN2c3ccccc3C[C@@H]3CCCCC[C@H]32)cc1,5.173925197299173,3
O=C(NO)c1ccc(CN2c3ccccc3C[C@@H]3CCCC[C@H]32)cc1,5.275724130399211,3
O=C(NO)c1ccc(CN2c3ccccc3NC(=O)[C@@H]2Cc2ccccc2)cc1,6.6777807052660805,3
O=C(NO)c1ccc(CN2c3ccccc3NC(=O)[C@@H]2Cc2cccs2)cc1,5.92445303860747,3
O=C(NO)c1ccc(CN2c3ccccc3NC(=O)[C@H]2CCc2ccccc2)cc1,6.1938200260161125,3
O=C(NO)c1ccc(CN2c3ccccc3NC(=O)[C@H]2Cc2ccc(F)c(F)c2)cc1,6.376750709602099,3
O=C(NO)c1ccc(CN2c3ccccc3NC(=O)[C@H]2Cc2ccc(O)cc2)cc1,6.136677139879544,3
O=C(NO)c1ccc(CN2c3ccccc3NC(=O)[C@H]2Cc2ccccc2)cc1,6.275724130399211,3
O=C(NO)c1ccc(CN2c3ccccc3NC(=O)[C@H]2Cc2cccs2)cc1,6.161150909262744,3
O=C(NO)c1ccc(CN2c3ccccc3S(=O)(=O)C[C@@H]3CCCC[C@@H]32)cc1,5.958607314841775,3
O=C(NO)c1ccc(CN2c3ccccc3S(=O)(=O)C[C@H]3CCCC[C@H]32)cc1,5.958607314841775,6
O=C(NO)c1ccc(CN2c3ccccc3SC[C@H]3CCCCC[C@H]32)cc1,5.173925197299173,3
O=C(NO)c1ccc(CN2c3ccccc3SC[C@H]3CCCC[C@H]32)cc1,5.275724130399211,3
O=C(NO)c1ccc(CN2c3ccccc3Sc3ccc(C(=O)Nc4ccc(Br)cn4)cc32)cc1,7.522878745280337,1
O=C(NO)c1ccc(CN2c3ccccc3Sc3ccc(C(=O)Nc4ccccn4)cc32)cc1,7.3979400086720375,1
O=C(NO)c1ccc(CN2c3ccccc3Sc3ccc(C(F)(F)F)cc32)cc1,6.075720713938118,1
O=C(NO)c1ccc(CN2c3ccccc3Sc3ccc(Cl)cc32)cc1,6.537602002101044,1
O=C(NO)c1ccc(CN2c3ccccc3Sc3ccccc32)cc1,5.5785708150716715,4
O=C(NO)c1ccc(CN2c3ccccc3Sc3ccccc32)nc1,5.213106674738684,1
O=C(NO)c1ccc(CN2c3ccccc3Sc3cccnc32)cc1,5.508638306165726,3
O=C(NO)c1ccc(CN2c3ccccc3[S+]([O-])C[C@H]3CCCC[C@H]32)cc1,5.5376020021010435,3
O=C(NO)c1ccc(CN2c3ccccc3[S+]([O-])c3ccc(C(F)(F)F)cc32)cc1,5.673664139071249,1
O=C(NO)c1ccc(CN2c3ccccc3[S+]([O-])c3ccc(Cl)cc32)cc1,6.0,1
O=C(NO)c1ccc(CN2c3ccccc3[S+]([O-])c3ccccc32)cc1,5.559090917934782,1
O=C(NO)c1ccc(CN2c3ccncc3Sc3ncccc32)cc1,5.698970004336019,3
O=C(NO)c1ccc(CNC(=O)N2CCC(N3C(=O)[C@H](c4ccccc4)[C@H]3c3ccccc3)CC2)cc1,7.376750709602099,3
O=C(NO)c1ccc(CNC(=O)N2CCC(N3CC(c4ccccc4)(c4ccccc4)C3=O)CC2)cc1,7.00436480540245,3
O=C(NO)c1ccc(CNC(=O)N2CCC3(CC2)CN(Cc2ccccc2)c2ccccc23)cc1,5.605548319173782,3
O=C(NO)c1ccc(CNC(=O)N2CCc3c(c4ccccc4n3Cc3ccccc3)C2)cc1,5.642827742276967,3
O=C(NO)c1ccc(CNC(=O)[C@@H]2Cc3c([nH]c4ccccc34)[C@@H](c3ccc(Cl)cc3)N2CC2CC2)cc1,5.0,1
O=C(NO)c1ccc(CNC(=O)[C@H]2Cc3c([nH]c4ccccc34)[C@H](c3ccc(Cl)cc3)N2)cc1,6.534617148551582,3
O=C(NO)c1ccc(CNC(=O)c2[nH]c(-c3ccc(O)cc3)cc2-c2ccoc2)cc1,6.870501081551109,3
O=C(NO)c1ccc(CNC(=O)c2[nH]c(-c3ccc(O)cc3)cc2-c2ccsc2)cc1,7.193367988992826,3
O=C(NO)c1ccc(CNC(=O)c2[nH]c(-c3cccs3)cc2-c2ccc(F)cc2)nc1,6.7423214251308154,1
O=C(NO)c1ccc(CNC(=O)c2[nH]c(-c3cccs3)cc2-c2ccc(O)cc2)cc1,6.252588192113577,1
O=C(NO)c1ccc(CNC(=O)c2[nH]c(-c3ccoc3)cc2-c2ccc(F)cc2)cc1,6.906578314837764,1
O=C(NO)c1ccc(CNC(=O)c2c(F)c(F)c(F)c(F)c2F)cc1,6.156771244765444,6
O=C(NO)c1ccc(CNC(=O)c2cc(-c3ccc(F)cc3)[nH]n2)cc1,6.479303657420887,2
O=C(NO)c1ccc(CNC(=O)c2ccc(-c3csc(N4N=C(c5ccccc5)/C(=N/Nc5nccs5)C4=O)n3)cc2)cc1,6.273032661742104,4
O=C(NO)c1ccc(CNC(=O)c2ccc(Cl)c(Cl)c2)cc1,6.036212172654444,3
O=C(NO)c1ccc(CNC(=O)c2ccc3cccc(OCc4ccc(Br)cc4)c3n2)cc1,7.267606240177031,1
O=C(NO)c1ccc(CNC(=O)c2ccc3cccc(OCc4ccc(F)cc4)c3n2)cc1,6.240743030061056,2
O=C(NO)c1ccc(CNC(=O)c2ccc3cccc(OCc4ccccc4)c3n2)cc1,7.207608310501746,1
O=C(NO)c1ccc(CNCC2CCN(Cc3ccccc3)CC2)cc1,5.847711655616944,1
O=C(NO)c1ccc(CNCCCN2c3ccccc3CCc3ccc(Cl)cc32)cc1,5.821023052706831,3
O=C(NO)c1ccc(CNC[C@H]2CN(c3ccc(N4CCOCC4)c(F)c3)C(=O)O2)cc1,6.027797161620935,3
O=C(NO)c1ccc(CNCc2ccccc2)cc1,5.455931955649724,3
O=C(NO)c1ccc(CNCc2cccs2)cc1,5.494850021680094,3
O=C(NO)c1ccc(CNCc2ccsc2)cc1,5.721246399047171,3
O=C(NO)c1ccc(CNCc2nc(-c3ccc(C(F)(F)F)cc3)no2)cc1,5.866461091629783,3
O=C(NO)c1ccc(CNCc2nc(-c3ccc(Cl)cc3)no2)cc1,6.455931955649724,3
O=C(NO)c1ccc(CNCc2nc(-c3ccc(F)cc3)no2)cc1,6.638272163982407,3
O=C(NO)c1ccc(CNCc2nc(-c3ccc([N+](=O)[O-])cc3)no2)cc1,6.42021640338319,3
O=C(NO)c1ccc(CNCc2nc(-c3ccccc3)no2)cc1,6.698970004336019,3
O=C(NO)c1ccc(CNCc2nc(-c3cccs3)no2)cc1,5.083019952679617,3
O=C(NO)c1ccc(CNS(=O)(=O)c2c(F)c(F)c(F)c(F)c2F)cc1,6.0,2
O=C(NO)c1ccc(CNc2cccc3cccnc23)cc1,5.92445303860747,3
O=C(NO)c1ccc(CNc2cccc3ncccc23)cc1,6.196542884351587,3
O=C(NO)c1ccc(CNc2nccc(-c3cccnc3)n2)cc1,6.3872161432802645,2
O=C(NO)c1ccc(COC(=O)N2CCC3(CC2)CN(Cc2ccccc2)c2ccccc23)cc1,5.49620931694282,3
O=C(NO)c1ccc(COc2ccc(-c3csc(N4N=C(c5ccccc5)/C(=N/Nc5nccs5)C4=O)n3)cc2)cc1,7.070581074285707,1
O=C(NO)c1ccc(COc2no[n+]([O-])c2S(=O)(=O)c2ccccc2)cc1,5.6777807052660805,3
O=C(NO)c1ccc(CSc2nc3ccccc3[nH]2)cc1,7.309803919971486,1
O=C(NO)c1ccc(CSc2nc3ccccc3n2Cc2ccc(Br)cc2)cc1,6.309803919971486,1
O=C(NO)c1ccc(CSc2nc3ccccc3n2Cc2ccc(Cl)c(Cl)c2)cc1,5.958607314841775,1
O=C(NO)c1ccc(CSc2nc3ccccc3n2Cc2ccc(Cl)cc2)cc1,6.2839966563652006,1
O=C(NO)c1ccc(CSc2nc3ccccc3n2Cc2cccc(Br)c2)cc1,6.267606240177031,1
O=C(NO)c1ccc(CSc2nc3ccccc3n2Cc2ccccc2)cc1,6.309803919971486,1
O=C(NO)c1ccc(CSc2nc3ccccc3n2Cc2ccccn2)cc1,6.455931955649724,1
O=C(NO)c1ccc(CSc2nc3ccccc3n2Cc2cccnc2)cc1,6.585026652029182,1
O=C(NO)c1ccc(CSc2nnc(-c3ccncc3)n2-c2ccccc2)cc1,4.8941493256148565,3
O=C(NO)c1ccc(Cl)c(C(=O)Nc2ccc(Cl)cc2)c1,6.7508447231052,6
O=C(NO)c1ccc(Cl)c(NC(=O)c2ccc(-c3ccccc3)cc2)c1,6.346787486224656,3
O=C(NO)c1ccc(Cl)c(NC(=O)c2ccc(-c3ccccc3)cc2Cl)c1,6.107905397309519,3
O=C(NO)c1ccc(Cl)c(NC(=O)c2ccc(Cl)cc2)c1,6.534617148551582,3
O=C(NO)c1ccc(Cl)c(NC(=O)c2ccc(Cl)cc2Cl)c1,5.926648297613099,3
O=C(NO)c1ccc(Cl)c(NC(=O)c2ccc(Oc3ccccc3)cc2)c1,5.96657624451305,3
O=C(NO)c1ccc(Cl)c(NC(=O)c2cccc(OCc3ccccc3)c2)c1,6.669045554869782,3
O=C(NO)c1ccc(Cl)c(NC(=O)c2cccc(Oc3ccccc3)c2)c1,6.34801170683426,3
O=C(NO)c1ccc(Cl)c(NC(=O)c2cccc3ccsc23)c1,6.809668301829707,3
O=C(NO)c1ccc(Cl)c(NC(=O)c2ccccc2)c1,6.920818753952375,3
O=C(NO)c1ccc(Cl)c(NCc2ccccc2)c1,6.595166283380062,3
O=C(NO)c1ccc(Cl)c(OCc2ccc(Cl)cc2)c1,5.991399828238083,3
O=C(NO)c1ccc(Cl)c(OCc2ccc(Cl)cc2Cl)c1,5.381951903287908,3
O=C(NO)c1ccc(Cl)c(OCc2ccccc2Cl)c1,5.6777807052660805,3
O=C(NO)c1ccc(Cn2c(=O)[nH]c(=O)c3c(Cl)cccc32)cc1,6.551293680094919,3
O=C(NO)c1ccc(Cn2c(=O)[nH]c(=O)c3cc(Br)ccc32)cc1,6.430626090384954,3
O=C(NO)c1ccc(Cn2c(=O)[nH]c(=O)c3cc(F)ccc32)cc1,6.653647025549361,3
O=C(NO)c1ccc(Cn2c(=O)[nH]c(=O)c3ccc(C(F)(F)F)cc32)cc1,6.51999305704285,3
O=C(NO)c1ccc(Cn2c(=O)[nH]c(=O)c3ccc(F)cc32)cc1,6.8124792791635365,3
O=C(NO)c1ccc(Cn2c(=O)[nH]c(=O)c3cccc(Cl)c32)cc1,6.863279432843593,3
O=C(NO)c1ccc(Cn2c(=O)n(CCc3ccc(F)cc3)c(=O)c3ccccc32)cc1,5.979224511806442,6
O=C(NO)c1ccc(Cn2c(=O)n(CCc3ccc(N4CCOCC4)cc3)c(=O)c3ccccc32)cc1,6.009217308196862,3
O=C(NO)c1ccc(Cn2c(=O)n(CCc3ccc(O)cc3)c(=O)c3ccccc32)cc1,6.073143291050307,3
O=C(NO)c1ccc(Cn2c(=O)n(CCc3cccc(C(F)(F)F)c3)c(=O)c3ccccc32)cc1,5.75448733218585,3
O=C(NO)c1ccc(Cn2c(=O)n(CCc3cccc(F)c3)c(=O)c3ccccc32)cc1,6.368049469401051,6
O=C(NO)c1ccc(Cn2c(=O)n(CCc3ccccc3)c(=O)c3cc(F)ccc32)cc1,5.937418015771836,6
O=C(NO)c1ccc(Cn2c(=O)n(CCc3ccccc3)c(=O)c3ccc(C(F)(F)F)cc32)cc1,5.841235662379309,9
O=C(NO)c1ccc(Cn2c(=O)n(CCc3ccccc3)c(=O)c3ccc(C4CC4)cc32)cc1,5.51427857351842,6
O=C(NO)c1ccc(Cn2c(=O)n(CCc3ccccc3)c(=O)c3ccc(Cl)cc32)cc1,5.785156151952303,6
O=C(NO)c1ccc(Cn2c(=O)n(CCc3ccccc3)c(=O)c3ccc(F)cc32)cc1,7.022276394711152,6
O=C(NO)c1ccc(Cn2c(=O)n(CCc3ccccc3)c(=O)c3ccc(O)cc32)cc1,5.560509409610316,6
O=C(NO)c1ccc(Cn2c(=O)n(CCc3ccccc3)c(=O)c3ccccc32)c(F)c1,6.593459819566045,3
O=C(NO)c1ccc(Cn2c(=O)n(CCc3ccccc3)c(=O)c3ccccc32)cc1,6.481631732074224,9
O=C(NO)c1ccc(Cn2c(=O)n(CCc3ccccc3)c(=O)c3ccccc32)s1,7.013228265733755,3
O=C(NO)c1ccc(Cn2c(=O)n(CCc3ccccc3)c(=O)c3cccnc32)cc1,5.971428747307463,6
O=C(NO)c1ccc(Cn2c(=O)n(CCc3ccccc3)c(=O)c3ccsc32)cc1,6.772113295386326,6
O=C(NO)c1ccc(Cn2c(=O)n(CCc3ccccc3O)c(=O)c3ccccc32)cc1,6.3979400086720375,6
O=C(NO)c1ccc(Cn2c(=O)n(CCc3cccs3)c(=O)c3ccccc32)cc1,6.5421181032660085,3
O=C(NO)c1ccc(Cn2c(=O)n(Cc3ccccc3)c(=O)c3ccccc32)cc1,6.313363730737707,3
O=C(NO)c1ccc(Cn2c3c(c4cc(F)ccc42)CS(=O)(=O)CC3)cc1,6.045757490560675,3
O=C(NO)c1ccc(Cn2c3c(c4cc(F)ccc42)CSCC3)cc1,5.552841968657781,3
O=C(NO)c1ccc(Cn2c3c(c4cc(F)ccc42)C[S+]([O-])CC3)cc1,5.619788758288394,3
O=C(NO)c1ccc(Cn2c3c(c4ccccc42)C(=O)CCC3)cc1,4.698970004336019,1
O=C(NO)c1ccc(Cn2c3c(c4ccccc42)COCC3)cc1,6.100059189088655,3
O=C(NO)c1ccc(Cn2c3c(c4ccccc42)CS(=O)(=O)CC3)cc1,5.769551078621727,3
O=C(NO)c1ccc(Cn2c3c(c4ccccc42)S(=O)(=O)CC3)cc1,5.860623199523585,6
O=C(NO)c1ccc(Cn2cc(CN3CCCC3)c3ccccc32)cc1,6.500102260426069,3
O=C(NO)c1ccc(Cn2cc(CN[C@@H]3C[C@H]3c3ccccc3)cn2)cc1,7.008773924307505,1
O=C(NO)c1ccc(Cn2cc(Cc3ccccc3)c3ccccc32)cc1,6.489454989793388,3
O=C(NO)c1ccc(Cn2cc(Nc3ncc(Cl)c(Nc4ccc(F)cc4)n3)cn2)cc1,6.992516143089718,4
O=C(NO)c1ccc(Cn2ccc3cc(C(=O)NCC45C[C@H]6C[C@@H](C4)C[C@@H](C5)C6)ccc32)c(F)c1,6.267606240177031,3
O=C(NO)c1ccc(Cn2ccc3cc(C(=O)NCC45C[C@H]6C[C@@H](C4)C[C@@H](C5)C6)ccc32)cc1,5.709965388637482,3
O=C(NO)c1ccc(Cn2ccc3cc(C(=O)c4ccc(Cl)cc4)ccc32)cc1,5.97469413473523,3
O=C(NO)c1ccc(Cn2ccc3cc(C(=O)c4ccc(F)cc4)ccc32)cc1,5.9065783148377635,3
O=C(NO)c1ccc(Cn2ccc3ccccc32)cc1,6.3798639450262415,3
O=C(NO)c1ccc(Cn2cnc(-c3ccccc3F)n2)c(F)c1,6.089909454405931,3
O=C(NO)c1ccc(Cn2nc(-c3ccc(F)cc3)cc2Cc2ccccc2)cc1,5.644518440502362,2
O=C(NO)c1ccc(Cn2nc(Cc3ccccc3)cc2-c2ccc(F)cc2)cc1,5.301029995663981,1
O=C(NO)c1ccc(Cn2nnc(-c3ncccn3)n2)cc1,6.494850021680094,3
O=C(NO)c1ccc(Cn2nnnc2-c2cccs2)cc1,6.007004901568659,3
O=C(NO)c1ccc(Cn2sc3ccccc3c2=O)cc1,7.1938200260161125,3
O=C(NO)c1ccc(Cn2sc3ncccc3c2=O)cc1,7.567565884697401,3
O=C(NO)c1ccc(F)c(NC(=O)c2ccccc2)c1,6.4977550314242825,3
O=C(NO)c1ccc(F)c(NCc2ccccc2)c1,7.142667503568731,3
O=C(NO)c1ccc(N(CC2CC2)C(=O)c2cccc(C(F)(F)F)c2)cc1,7.209394067502999,6
O=C(NO)c1ccc(N(Cc2ccc(C(F)(F)F)cc2)C(=O)CN(Cc2c(F)c(F)c(F)c(F)c2F)S(=O)(=O)c2ccc(F)cc2)cc1,6.0,1
O=C(NO)c1ccc(N(Cc2ccc(C(F)(F)F)cc2)C(=O)CN(Cc2ccccc2C(F)(F)F)S(=O)(=O)c2ccc(F)c(F)c2)cc1,6.0,1
O=C(NO)c1ccc(N(Cc2ccc(C(F)(F)F)cc2)C(=O)CN(Cc2ccccc2C(F)(F)F)S(=O)(=O)c2ccc(F)cc2)cc1,6.0,1
O=C(NO)c1ccc(N(Cc2ccc(C(F)(F)F)cc2)C(=O)CN(Cc2ccccc2C(F)(F)F)S(=O)(=O)c2ccc(F)cc2F)cc1,6.0,1
O=C(NO)c1ccc(N(Cc2cccc(C(F)(F)F)c2)C(=O)c2cccc(C(F)(F)F)c2)cc1,6.163445291635185,6
O=C(NO)c1ccc(N(Cc2ccccc2)C(=O)CN(Cc2c(F)c(F)c(F)c(F)c2F)S(=O)(=O)c2ccc(F)cc2)cc1,7.042234070775094,3
O=C(NO)c1ccc(N(Cc2ccccc2)C(=O)c2cccc(C(F)(F)F)c2)cc1,6.9010907415877325,6
O=C(NO)c1ccc(NC(=O)C(Cc2ccccc2)c2ccccc2)cn1,5.962573502059375,3
O=C(NO)c1ccc(NC(=O)C2(c3c[nH]c(-c4ccccc4)n3)CCCC2)cc1,7.387216143280264,3
O=C(NO)c1ccc(NC(=O)C2(c3ccc(-c4cn[nH]c4)cc3)CCCCC2)cc1,7.161150909262744,3
O=C(NO)c1ccc(NC(=O)C2(c3ccc(Br)cc3)CCOCC2)cc1,7.229147988357855,3
O=C(NO)c1ccc(NC(=O)C2(c3ccc4ccccc4c3)CCOCC2)cc1,7.356547323513812,3
O=C(NO)c1ccc(NC(=O)N2CCc3c(c4ccccc4n3Cc3ccccc3)C2)cc1,5.18468795647564,3
O=C(NO)c1ccc(NC(=O)[C@@H](NC(=O)c2ccc(Cl)cc2)c2ccccc2)cc1,6.45717457304082,1
O=C(NO)c1ccc(NC(=O)[C@@H](NC(=O)c2ccc3ccccc3c2)c2ccccc2)cc1,7.853871964321762,1
O=C(NO)c1ccc(NC(=O)[C@@H](NC(=O)c2cccc(Br)c2)c2ccccc2)cc1,7.853871964321762,1
O=C(NO)c1ccc(NC(=O)[C@@H](NS(=O)(=O)c2cccc3ccccc23)c2ccccc2)cc1,7.795880017344075,1
O=C(NO)c1ccc(NC(=O)c2[nH]c(-c3ccccc3)cc2-c2ccc(O)cc2)cc1,6.468435939697433,3
O=C(NO)c1ccc(NC(=O)c2[nH]c(-c3ccoc3)cc2-c2ccc(O)cc2)cc1,6.6439741428068775,1
O=C(NO)c1ccc(NC(=O)c2c(F)c(F)c(F)c(F)c2F)cc1,7.853871964321762,3
O=C(NO)c1ccc(NC(=O)c2cc(C(F)(F)F)cc(C(F)(F)F)c2)cc1,6.166215625343521,3
O=C(NO)c1ccc(NC(=O)c2ccc(C(F)(F)F)cc2)cc1,6.657577319177793,3
O=C(NO)c1ccc(NC(=O)c2ccc(C3CC3)cc2)cc1,7.69323655649474,3
O=C(NO)c1ccc(NC(=O)c2ccc(C3CCCCC3)cc2)cc1,6.681936665037238,3
O=C(NO)c1ccc(NC(=O)c2ccc(F)cc2)cc1,6.246416941107094,3
O=C(NO)c1ccc(NC(=O)c2ccc(N3CCOCC3)cc2)cc1,6.03574036980315,3
O=C(NO)c1ccc(NC(=O)c2cccc(C(F)(F)F)c2)cc1,6.447845233378406,6
O=C(NO)c1ccc(NC(=O)c2ccccc2)cc1,6.6777807052660805,1
O=C(NO)c1ccc(NC(=S)N/N=C/c2ccc(F)cc2)cc1,4.705533773838407,3
O=C(NO)c1ccc(NC(=S)N/N=C/c2ccccc2)cc1,4.559090917934783,3
O=C(NO)c1ccc(NC2CC(=O)N(c3ccccc3)C2)cc1,5.204119982655925,3
O=C(NO)c1ccc(NC2CCN(CCc3ccccc3)C2=O)cc1,6.585026652029182,3
O=C(NO)c1ccc(NC2CCN(Cc3ccccc3)C2=O)cc1,6.119186407719209,3
O=C(NO)c1ccc(NC2CCN(c3ccc(C(F)(F)F)cc3)C2=O)cc1,6.958607314841775,3
O=C(NO)c1ccc(NC2CCN(c3ccc(Cl)c(Cl)c3)C2=O)cc1,6.795880017344075,3
O=C(NO)c1ccc(NC2CCN(c3ccc(Cl)cc3)C2)cc1,6.0655015487564325,3
O=C(NO)c1ccc(NC2CCN(c3ccc(Cl)cc3)C2=O)c(Cl)c1,4.649751981665837,3
O=C(NO)c1ccc(NC2CCN(c3ccc(Cl)cc3)C2=O)cc1,6.920818753952375,3
O=C(NO)c1ccc(NC2CCN(c3cccc(Cl)c3)C2=O)cc1,6.7447274948966935,3
O=C(NO)c1ccc(NC2CCN(c3ccccc3)C2=O)cc1,6.6777807052660805,3
O=C(NO)c1ccc(NC2CCN(c3ccccc3Cl)C2=O)cc1,6.823908740944319,3
O=C(NO)c1ccc(NCc2csc3ccc(Br)cc23)cc1,5.6777807052660805,3
O=C(NO)c1ccc(Nc2c3ccccc3nc3ccc(Br)cc23)cc1,6.795880017344075,2
O=C(NO)c1ccc(Nc2c3ccccc3nc3ccc(F)cc23)cc1,6.6020599913279625,1
O=C(NO)c1ccc(Nc2c3ccccc3nc3ccc(OC(F)(F)F)cc23)cc1,6.173925197299173,1
O=C(NO)c1ccc(Nc2c3ccccc3nc3ccc(OCc4ccccc4)cc23)cc1,5.455931955649724,1
O=C(NO)c1ccc(Nc2c3ccccc3nc3ccccc23)cc1,6.259637310505756,1
O=C(NO)c1ccc(Nc2ccnc3ccccc23)cc1,6.221848749616356,1
O=C(NO)c1ccc(OC2CCN(c3ccccc3)C2=O)cc1,5.308034897232639,3
O=C(NO)c1ccc(S(=O)(=O)NCC2CCN(Cc3ccccc3)CC2)cc1,6.346787486224656,1
O=C(NO)c1ccc2c(c1)C(=O)c1ccccc1C2=O,6.2225731776106885,3
O=C(NO)c1ccc2c(c1)CC(NC(=O)c1ccc(-c3ccccc3)cc1)CN2,5.54515513999149,3
O=C(NO)c1ccc2c(c1)CC(NC(=O)c1ccc(Cl)c(Cl)c1)CN2,5.580044251510242,3
O=C(NO)c1ccc2c(c1)CC(NC(=O)c1ccc(Cl)cc1)CN2,5.617982957425132,3
O=C(NO)c1ccc2c(c1)CC(NC(=O)c1cccc(C(F)(F)F)c1)CN2,5.573488738635423,3
O=C(NO)c1ccc2c(c1)CC(NC(=O)c1cccc(Cl)c1)CN2,5.4723700991286615,3
O=C(NO)c1ccc2c(c1)CC(NS(=O)(=O)c1ccc(Cl)c(Cl)c1)CC2,6.327902142064282,3
O=C(NO)c1ccc2c(c1)CC(NS(=O)(=O)c1ccc(Cl)cc1)CC2,6.070581074285708,3
O=C(NO)c1ccc2c(c1)CC(NS(=O)(=O)c1ccc(Cl)cc1)CN2,5.835647144215563,3
O=C(NO)c1ccc2c(c1)CC(NS(=O)(=O)c1ccc(Cl)cc1Cl)CC2,6.721246399047171,3
O=C(NO)c1ccc2c(c1)CC(NS(=O)(=O)c1ccc(F)cc1F)CC2,6.6777807052660805,3
O=C(NO)c1ccc2c(c1)CC(NS(=O)(=O)c1cccc(C(F)(F)F)c1)CC2,6.431798275933005,3
O=C(NO)c1ccc2c(c1)CC(NS(=O)(=O)c1cccc(Cl)c1)CC2,6.795880017344075,3
O=C(NO)c1ccc2c(c1)CC(NS(=O)(=O)c1cccc(Cl)c1)CN2,6.013228265733755,3
O=C(NO)c1ccc2c(c1)CC(NS(=O)(=O)c1cccc(F)c1)CC2,6.455931955649724,3
O=C(NO)c1ccc2c(c1)CC(NS(=O)(=O)c1cccc(F)c1)CN2,5.943095148663527,3
O=C(NO)c1ccc2c(c1)CC(NS(=O)(=O)c1cccc(OC(F)(F)F)c1)CN2,5.79317412396815,3
O=C(NO)c1ccc2c(c1)CC(NS(=O)(=O)c1cccnc1)CC2,6.431798275933005,3
O=C(NO)c1ccc2c(c1)CC(Nc1ccc(Br)cc1)CC2,6.167491087293764,3
O=C(NO)c1ccc2c(c1)CC(Nc1ccc(F)cc1)CC2,5.571865205971211,3
O=C(NO)c1ccc2c(c1)CC(Nc1ccc([N+](=O)[O-])cc1)CC2,5.427128397799518,3
O=C(NO)c1ccc2c(c1)CC(Nc1ccc([N+](=O)[O-])cn1)CC2,6.031517051446063,3
O=C(NO)c1ccc2c(c1)CC(Nc1ccccn1)CC2,5.5376020021010435,3
O=C(NO)c1ccc2c(c1)CC(Nc1ncc3cc(F)ccc3n1)CC2,5.749579997691105,3
O=C(NO)c1ccc2c(c1)CC(Nc1nccc(-c3ccc(C(F)(F)F)cc3)n1)CC2,5.772113295386326,3
O=C(NO)c1ccc2c(c1)CC(Nc1nccc(-c3ccc(Cl)cc3)n1)CC2,5.657577319177793,3
O=C(NO)c1ccc2c(c1)CC(Nc1nccc(-c3ccc(Cl)cc3Cl)n1)CC2,5.818156412055227,3
O=C(NO)c1ccc2c(c1)CC(Nc1nccc(-c3ccc(Cl)nc3)n1)CC2,6.045757490560675,3
O=C(NO)c1ccc2c(c1)CC(Nc1nccc(-c3ccc(F)c(Cl)c3)n1)CC2,5.649751981665837,3
O=C(NO)c1ccc2c(c1)CC(Nc1nccc(-c3ccc(F)cc3)n1)CC2,6.585026652029182,3
O=C(NO)c1ccc2c(c1)CC(Nc1nccc(-c3ccc(N4CCOCC4)nc3)n1)CC2,6.494850021680094,3
O=C(NO)c1ccc2c(c1)CC(Nc1nccc(-c3ccc(Oc4ccccc4)cc3)n1)CC2,5.84163750790475,3
O=C(NO)c1ccc2c(c1)CC(Nc1nccc(-c3ccc4ccccc4c3)n1)CC2,5.422508200162774,3
O=C(NO)c1ccc2c(c1)CC(Nc1nccc(-c3cccc(Cl)c3)n1)CC2,5.779891911959946,3
O=C(NO)c1ccc2c(c1)CC(Nc1nccc(-c3ccccc3)n1)CC2,5.671620396561263,3
O=C(NO)c1ccc2c(c1)CC(Nc1nccc(-c3ccccc3Cl)n1)CC2,6.522878745280337,3
O=C(NO)c1ccc2c(c1)CC(Nc1nccc(-c3cccnc3)n1)CC2,6.142667503568731,3
O=C(NO)c1ccc2c(c1)CC(Nc1nccc(-c3cccnc3)n1)CN2,6.327902142064282,6
O=C(NO)c1ccc2c(c1)CC(Nc1nccc(-c3cccnc3)n1)CO2,6.080921907623927,3
O=C(NO)c1ccc2c(c1)CC(Nc1nccc(-c3cccnc3Cl)n1)CC2,6.292429823902064,3
O=C(NO)c1ccc2c(c1)CC(Nc1nccc(-c3cnc4ccccc4c3)n1)CC2,6.318758762624412,3
O=C(NO)c1ccc2c(c1)CC(Nc1nccc(C(F)(F)F)n1)CC2,6.522878745280337,3
O=C(NO)c1ccc2c(c1)CC(Nc1ncccn1)CC2,6.136677139879544,3
O=C(NO)c1ccc2c(c1)CCN(S(=O)(=O)c1cc(F)c(F)c(F)c1F)C2,6.0,1
O=C(NO)c1ccc2c(c1)CN(Cc1ccc(-c3cccc([N+](=O)[O-])c3)o1)CC2,7.522878745280337,3
O=C(NO)c1ccc2c(c1)C[C@@H](Nc1nccc(-c3cccnc3)n1)CC2,6.4089353929735005,3
O=C(NO)c1ccc2c(c1)C[C@H](Nc1nccc(-c3cccnc3)n1)CC2,7.096910013008056,6
O=C(NO)c1ccc2c(c1)nc(CCc1ccccc1)n2CCCO,6.355561410532161,4
O=C(NO)c1ccc2ccccc2n1,6.234927811711354,3
O=C(NO)c1ccc2cn(CCc3ccc(F)cc3)nc2c1,5.818156412055227,1
O=C(NO)c1ccc2cn(CCc3ccccc3)nc2c1,5.932929143954629,1
O=C(NO)c1ccc2cn(Cc3cc(F)cc(F)c3)nc2c1,6.057000406633959,1
O=C(NO)c1ccc2cn(Cc3ccc(-c4ccccc4)cc3)nc2c1,5.889747082646597,1
O=C(NO)c1ccc2cn(Cc3ccc(Br)cc3)nc2c1,6.226945306635738,1
O=C(NO)c1ccc2cn(Cc3ccc(C(F)(F)F)cc3)nc2c1,6.223298816011589,1
O=C(NO)c1ccc2cn(Cc3ccc(Cl)cc3)nc2c1,6.110138278741811,1
O=C(NO)c1ccc2cn(Cc3ccc(F)cc3)nc2c1,6.030584087646019,1
O=C(NO)c1ccc2cn(Cc3ccc(OC(F)(F)F)cc3)nc2c1,5.971022294791222,1
O=C(NO)c1ccc2cn(Cc3ccc(OC(F)F)cc3)nc2c1,6.301029995663981,1
O=C(NO)c1ccc2cn(Cc3ccc4ccccc4c3)nc2c1,6.060480747381382,1
O=C(NO)c1ccc2cn(Cc3cccc(Cl)c3)nc2c1,5.076134524814499,1
O=C(NO)c1ccc2cn(Cc3ccccc3)nc2c1,5.8794260687941495,1
O=C(NO)c1ccc2nc(-c3ccc(-c4ccc(CN5CCOCC5)cc4)cc3)[nH]c2c1,7.096910013008056,3
O=C(NO)c1ccc2nc(-c3ccc(-c4ccccc4)cc3)[nH]c2c1,6.327902142064282,3
O=C(NO)c1ccc2nc(-c3ccc4c(c3)CCO4)[nH]c2c1,6.657577319177793,3
O=C(NO)c1ccc2nc(-c3cccc(Br)c3)[nH]c2c1,7.207608310501745,3
O=C(NO)c1ccc2nc(-c3cccc4cccnc34)sc2c1,6.494850021680094,3
O=C(NO)c1ccc2nc(-c3ccccc3-c3ccccc3)[nH]c2c1,6.1487416512809245,3
O=C(NO)c1ccc2nc(-c3ccccc3C(F)(F)F)[nH]c2c1,5.0,1
O=C(NO)c1ccc2nc(-c3cccs3)[nH]c2c1,6.5376020021010435,3
O=C(NO)c1ccc2nc(Nc3cccc(OCc4ccccc4)c3)[nH]c2c1,6.619788758288394,3
O=C(NO)c1ccc2oc(-c3ccc(-c4ccccc4F)cc3)nc2c1,6.154901959985743,3
O=C(NO)c1ccc2oc(-c3ccc(C(F)(F)F)cc3)nc2c1,5.886056647693163,3
O=C(NO)c1ccc2oc(-c3ccc(C4CC4)cc3)nc2c1,5.853871964321762,3
O=C(NO)c1ccc2oc(-c3ccc(OC(F)(F)F)cc3)nc2c1,6.096910013008056,3
O=C(NO)c1ccc2oc(-c3ccccc3Cl)nc2c1,6.055517327849831,3
O=C(NO)c1ccc2oc(COc3cccc(F)c3)cc2c1,5.823908740944319,3
O=C(NO)c1ccc2sc(-c3ccc(F)cc3)nc2c1,6.4685210829577455,3
O=C(NO)c1ccc2sc(-c3cccnc3)cc2c1,6.017728766960431,3
O=C(NO)c1cccc(-c2ccccc2)c1,4.698970004336019,3
O=C(NO)c1cccc(-c2cn(CCc3ccccc3)nn2)c1,6.7447274948966935,3
O=C(NO)c1cccc(-c2cn(CCc3ccsc3)nn2)c1,7.0,3
O=C(NO)c1cccc(-c2cn(CSc3ccccc3)nn2)c1,6.858425788710196,18
O=C(NO)c1cccc(-c2cn(Cc3ccccc3)nn2)c1,6.455931955649724,3
O=C(NO)c1cccc(-c2csc(CSc3ccccc3)n2)c1,6.823908740944319,6
O=C(NO)c1cccc(-c2nc(CSc3ccccc3)n[nH]2)c1,7.275724130399211,3
O=C(NO)c1cccc(-c2nc(CSc3ccccc3)no2)c1,6.920818753952375,3
O=C(NO)c1cccc(-n2cc(CSc3ccccc3)nn2)c1,7.27572413039921,9
O=C(NO)c1cccc(C(=O)N/N=C/c2ccccc2)c1,7.2839966563652006,6
O=C(NO)c1cccc(C(=O)NCC2CCN(Cc3ccccc3)CC2)c1,6.096910013008056,1
O=C(NO)c1cccc(C(=O)NCCc2ccccc2)c1,6.338520901734641,3
O=C(NO)c1cccc(C(=O)NCCc2cccnc2)c1,6.376750709602099,2
O=C(NO)c1cccc(C(=O)NCc2ccccc2)c1,6.6777807052660805,2
O=C(NO)c1cccc(C(=O)NOCc2ccc(Cl)cc2Cl)c1,6.200659450546418,3
O=C(NO)c1cccc(C(=O)Nc2ccccc2)c1,6.935934178308135,5
O=C(NO)c1cccc(CN(C2CC2)S(=O)(=O)c2c(F)c(F)c(F)c(F)c2F)c1,6.96657624451305,3
O=C(NO)c1cccc(CNc2ccccc2)c1,5.769551078621726,2
O=C(NO)c1cccc(Cn2c(=O)[nH]c(=O)c3cccc(Cl)c32)c1,6.015022873584506,3
O=C(NO)c1cccc(Cn2c(=O)n(CCc3ccccc3)c(=O)c3ccccc32)c1,6.185086818724926,6
O=C(NO)c1cccc(N(Cc2ccccc2)Cc2ccccc2)c1,5.6595558851598815,3
O=C(NO)c1cccc(NC(=O)c2ccccc2)c1,6.235077015350111,3
O=C(NO)c1cccc(NC2CCCCC2)c1,6.080921907623927,3
O=C(NO)c1cccc(NCc2ccccc2)c1,6.843855219957125,3
O=C(NO)c1cccc(Nc2nc3cc(Cl)c(Cl)cc3o2)c1,6.1249387366083,3
O=C(NO)c1cccc(Oc2ccccc2)c1,5.180456064458131,3
O=C(NO)c1cccc(S(=O)(=O)NCC2CCN(Cc3ccccc3)CC2)c1,5.167491087293763,1
O=C(NO)c1cccc(S(=O)(=O)NCCc2ccccc2)c1,7.221848749616356,3
O=C(NO)c1cccc(S(=O)(=O)NCc2ccccc2)c1,7.096910013008056,3
O=C(NO)c1cccc(S(=O)(=O)N[C@@H](Cc2c[nH]c3ccccc23)C(=O)NCc2ccccc2)c1,4.721246399047171,3
O=C(NO)c1cccc(S(=O)(=O)N[C@@H](Cc2c[nH]c3ccccc23)C(=O)Nc2ccccc2)c1,5.522878745280337,3
O=C(NO)c1cccc(S(=O)(=O)N[C@H](C(=O)NCc2ccccc2)c2ccccc2)c1,5.036212172654444,3
O=C(NO)c1cccc(S(=O)(=O)N[C@H](C(=O)Nc2ccccc2)c2ccccc2)c1,6.040958607678906,3
O=C(NO)c1cccc(S(=O)(=O)Nc2ccccc2)c1,7.301029995663981,6
O=C(NO)c1cccc2[nH]c(C#Cc3cccc(C(F)(F)F)c3)cc12,4.649751981665837,3
O=C(NO)c1cccc2[nH]c(C#Cc3ccccc3)cc12,4.557520230935552,3
O=C(NO)c1cccc2ccccc12,4.853871964321762,3
O=C(NO)c1ccccc1,5.71669877129645,3
O=C(NO)c1ccccc1-c1cc(-c2ccccc2)n(-c2ccccc2)n1,6.443697499232712,3
O=C(NO)c1cn(-c2cc(Cl)ccc2Oc2ccc(F)cc2)nn1,5.657577319177793,3
O=C(NO)c1cn(C2CCN(C(=O)Cc3ccc4ccccc4c3)CC2)nn1,6.0,2
O=C(NO)c1cnc(N2CCC3(CCN(Cc4c[nH]c5ccccc45)C3)CC2)nc1,7.795880017344075,1
O=C(NO)c1cnc(N2CCN(C(/C=C/c3ccc(F)cc3)CO)CC2)nc1,7.522878745280337,3
O=C(NO)c1cnc(N2CCN(C(=O)Cc3ccccc3)CC2)s1,4.494850021680094,1
O=C(NO)c1cnc(N2CCN(C(=O)c3ccccc3)CC2)s1,5.455931955649724,1
O=C(NO)c1cnc(N2CCN(S(=O)(=O)c3ccc(-c4ccccc4)cc3)CC2)s1,6.698970004336019,1
O=C(NO)c1cnc(N2CCN(S(=O)(=O)c3ccc(C(F)(F)F)cc3)CC2)s1,5.585026652029182,1
O=C(NO)c1cnc(N2CCN(S(=O)(=O)c3ccc(F)cc3)CC2)s1,6.823908740944319,1
O=C(NO)c1cnc(N2CCN(S(=O)(=O)c3ccc(OC(F)(F)F)cc3)CC2)s1,5.920818753952375,1
O=C(NO)c1cnc(N2CCN(S(=O)(=O)c3ccc([N+](=O)[O-])cc3)CC2)s1,6.3979400086720375,1
O=C(NO)c1cnc(N2CCN(S(=O)(=O)c3ccc4ccccc4c3)CC2)nc1,7.60345419991171,6
O=C(NO)c1cnc(N2CCN(S(=O)(=O)c3ccc4ccccc4c3)CC2)s1,6.657577319177793,1
O=C(NO)c1cnc(N2CCN(S(=O)(=O)c3ccccc3)CC2)s1,6.2441251443275085,1
O=C(NO)c1cnc(NC2(c3ccccc3)CCC(F)(F)CC2)nc1,4.795880017344075,3
O=C(NO)c1cnc2c(c1)CCN(C1CC3(CCCC3)C1)C2,5.259637310505756,1
O=C(NO)c1cnc2c(c1)CCN(C1CC3(CCCCC3)C1)C2,4.259637310505756,1
O=C(NO)c1cnc2c(c1)CCN(C1CC3(CCCNC3)C1)C2,4.259637310505756,2
O=C(NO)c1cnc2c(c1)CCN(C1CC3(CCNCC3)C1)C2,4.259637310505756,1
O=C(NO)c1cnc2c(c1)CCN(C1CC3(CCOC3)C1)C2,4.259637310505756,2
O=C(NO)c1cnc2c(c1)CCN(C1CC3(CCOCC3)C1)C2,5.259637310505756,1
O=C(NO)c1cnc2c(c1)CCN(C1CC3(CNC3)C1)C2,4.259637310505756,1
O=C(NO)c1cnc2c(c1)CCN(C1CCC3(CCC3)CC1)C2,5.259637310505756,1
O=C(NO)c1cnc2c(c1)CCN(CC13CC4CC(CC(C4)O1)C3)C2,4.259637310505756,1
O=C(NO)c1cnc2c(c1)CCN([C@@H]1CCC3(CCC3)C1)C2,4.259637310505756,1
O=C(NO)c1cnc2c(c1)CCN([C@@H]1CCCC3(CCC3)C1)C2,4.259637310505756,1
O=C(NO)c1cnc2c(c1)CCN([C@H]1CCC3(CCC3)C1)C2,4.259637310505756,1
O=C(NO)c1cnc2c(c1)CCN([C@H]1CCCC3(CCC3)C1)C2,5.259637310505756,1
O=C(NO)c1coc(-c2ccc(-c3ccccc3)cc2)n1,4.56336036830734,3
O=C(NO)c1coc(-c2ccc(Br)cc2)n1,4.842543231865775,3
O=C(NO)c1coc(-c2ccc(Cl)cc2)n1,4.512013668870607,3
O=C(NO)c1coc(-c2ccc(F)cc2)n1,4.363010898187771,3
O=C(NO)c1coc(-c2ccc3ccccc3c2)n1,4.582362260347771,3
O=C(NO)c1coc(-c2cccc(-c3ccccc3)c2)n1,4.996539467890494,3
O=C(NO)c1coc(-c2ccccc2)n1,4.377785977033705,3
O=C(NO)c1coc(-c2ccccc2Br)n1,4.693789491832239,3
O=C(NO)c1coc(-c2cccs2)n1,5.089909454405932,3
O=C(NO)c1coc(C(c2ccccc2)c2ccccc2)n1,5.568636235841012,3
O=C(NO)c1csc(-c2ccc(Br)cc2)n1,4.43937612545007,3
O=C(NO)c1csc(-c2ccccc2)n1,4.916497380169733,3
O=C(NO)c1csc(-c2cnccn2)n1,4.21169018789295,3
O=C(NO)c1csc(C(c2ccccc2)c2ccccc2)n1,4.890759031411797,3
O=C(NO)c1csc(Cc2ccccc2)n1,4.455931955649724,3
O=C(NO)c1csc(NS(=O)(=O)Nc2ccc(Cl)cc2)n1,7.443697499232712,1
O=C(NO)c1csc(NS(=O)(=O)Nc2ccccc2)n1,7.443697499232712,1
O=C(NO)c1csc2ccccc12,4.118444170206688,1
O=C(NO)c1noc(-c2ccc(Br)cc2)n1,4.698102282804792,3
O=C(NO)c1noc(-c2ccccc2)n1,4.414539270491499,3
O=C(NO)c1sc2ccccc2c1Cl,5.508638306165726,3
O=C(NOCCN1CCCCC1)c1ccc(-c2noc(C(F)(F)F)n2)cc1,5.027334407733889,3
O=C(NOCCN1CCOCC1)c1ccc(-c2noc(C(F)(F)F)n2)cc1,5.146910470148134,3
O=C(NOCc1coc(-c2ccccc2)n1)c1ccc(-c2noc(C(F)(F)F)n2)cc1,4.0,1
O=C(N[C@@H](C(=O)O)c1ccccc1)c1cccc(=S)n1O,5.920818753952375,3
O=C(N[C@@H](CCCCCB(O)O)C(=O)Nc1cccc(-c2ccccc2)c1)c1ccccc1,4.0,1
O=C(N[C@@H](CCCCCB(O)O)C(=O)Nc1cccc(-c2ccccc2)c1)c1cccnc1,4.638272163982407,3
O=C(N[C@@H](CCCCCB(O)O)C(=O)Nc1cccc(-c2ccccc2)c1)c1cncs1,5.180456064458131,3
O=C(N[C@@H](CCCCCC(=O)C1NC=CO1)C1NC(c2ccc(F)cc2)=NC1Cl)c1cncs1,7.214670164989233,1
O=C(N[C@@H](CCCCCC(=O)c1nccs1)c1nc(-c2ccc(F)cc2)c[nH]1)c1cncs1,6.221848749616356,1
O=C(N[C@@H](CCCCNC(=O)c1c(O)cccc1F)c1ncc(-c2ccc3ccccc3c2)[nH]1)c1cncs1,4.346787486224656,1
O=C(N[C@@H](CCCCNC(=O)c1ccccc1O)c1ncc(-c2ccc3ccccc3c2)[nH]1)c1cncs1,4.886056647693163,3
O=C(N[C@@H](CCCCNC(=O)c1ncccc1O)c1ncc(-c2ccc3ccccc3c2)[nH]1)c1cncs1,5.4685210829577455,3
O=C(N[C@@H](Cc1ccc(OCCc2ccccc2)cc1)C(=O)NO)c1ccccc1,4.555955204081924,3
O=C(N[C@@H](Cc1ccc(OCCc2ccccc2)cc1)C(=O)O)c1ccccc1,3.5961933894525773,2
O=C(N[C@@H](Cc1ccc(OCc2ccccc2)cc1)C(=O)NO)c1ccccc1,5.031517051446064,3
O=C(N[C@@H](Cc1ccc(OCc2ccccc2)cc1)C(=O)O)c1ccccc1,3.95663772197887,2
O=C(N[C@H](CCCCCB(O)O)C(=O)Nc1cccc(-c2ccccc2)c1)c1ccccc1,4.0,1
O=C(N[C@H](CCCCCB(O)O)C(=O)Nc1cccc(-c2ccccc2)c1)c1cccnc1,4.0,1
O=C(N[C@H](CCCCCB(O)O)C(=O)Nc1cccc(-c2ccccc2)c1)c1cncs1,4.0,1
O=C(Nc1cc(-c2ccccc2)ccc1O)c1ccccc1,4.301029995663981,2
O=C(Nc1ccc(CNC(=O)c2cc(F)ccc2N2CCCC2)cc1)OCc1cccnc1,4.0,1
O=C(Nc1ccc2c(c1)N(Cc1ccc(C(=O)NO)cc1)CC2)Nc1ccc(Cl)c(C(F)(F)F)c1,5.767003889607846,3
O=C(Nc1ccccc1)c1cccc(NCc2ccc(-c3noc(C(F)(F)F)n3)cn2)c1,6.552841968657781,3
O=C(Nc1ccccc1)c1ccccc1NCc1ccc(-c2noc(C(F)(F)F)n2)cn1,6.130768280269024,3
O=C(Nc1cnc2ccccc2c1)c1ccc(-c2noc(C(F)(F)F)n2)cc1,4.0,1
O=C(O)/C=C/c1ccc(O)c(O)c1,2.5951662833800615,1
O=C(O)CC(c1nc2ccccc2o1)n1cc(/C=C/C(=O)NO)nn1,6.853871964321762,1
O=C(O)CC/C=C\C[C@@H]1NC(=O)[C@H]2CCCN2C(=O)[C@H](Cc2ccccc2)NC(=O)[C@H](Cc2c[nH]c3ccccc23)NC1=O,4.638272163982407,2
O=C(O)CCC(NC(=O)Cc1ccc(Br)cc1)C(=O)NCc1ccc([N+](=O)[O-])cc1,5.539102157243452,3
O=C(O)CCC(c1nc2ccccc2o1)n1cc(/C=C/C(=O)NO)nn1,6.47755576649368,1
O=C(O)CCC=CC[C@@H]1NC(=O)[C@H]2CCCN2C(=O)[C@H](Cc2ccccc2)NC(=O)[C@H](Cc2c[nH]c3ccccc23)NC1=O,4.638272163982407,1
O=C(O)CCCCCCC(=O)c1ccccc1,6.568636235841012,1
O=C(O)CCCCCSc1nnc(-c2ccncc2)n1-c1ccccc1,4.95663772197887,3
O=C(O)CCCCC[C@@H]1NC(=O)[C@H](Cc2c(F)c(F)c(F)c(F)c2F)NC(=O)C[C@H](Cc2ccc(O)cc2)NC(=O)[C@H](Cc2cccc3ccccc23)NC1=O,5.173925197299173,3
O=C(O)CCCCN1C(=O)CN=C(c2ccccc2)c2ccccc21,4.522878745280337,1
O=C(O)CCCCN1C(=O)[C@H](CC(=O)NC(c2ccccc2)(c2ccccc2)c2ccccc2)N=C(c2ccccc2)c2ccccc21,4.522878745280337,1
O=C(O)CCCCN1C(=O)[C@H](CC(=O)O)N=C(c2ccccc2)c2ccccc21,4.522878745280337,1
O=C(O)CCCCN1C(=O)[C@H](CCC(=O)NC(c2ccccc2)(c2ccccc2)c2ccccc2)N=C(c2ccccc2)c2ccccc21,4.522878745280337,1
O=C(O)CCCCN1C(=O)[C@H](CCC(=O)O)N=C(c2ccccc2)c2ccccc21,4.522878745280337,1
O=C(O)CCCCN1C(=O)[C@H](Cc2ccccc2)N=C(c2ccccc2)c2ccccc21,4.522878745280337,1
O=C(O)CCCCN1C(=O)[C@H](Cc2cncn2C(c2ccccc2)(c2ccccc2)c2ccccc2)N=C(c2ccccc2)c2ccccc21,4.522878745280337,1
O=C(O)CCCO/N=C1/C(=C2/C(=O)Nc3ccccc32)Nc2ccccc21,5.301029995663981,1
O=C(O)CCCc1ccccc1,4.031517051446065,2
O=C(O)CCCn1nc(-c2ccc(F)cc2)cc1C(=O)NCCCCCCS,7.096910013008056,1
O=C(O)CCCn1nc(C(=O)NCCCCCCS)cc1-c1ccc(F)cc1,6.09151498112135,1
O=C(O)CC[C@@H](NC(=O)Cc1ccc(Br)cc1)C(=O)NCc1ccc([N+](=O)[O-])cc1,5.539102157243452,6
O=C(O)CC[C@@H]1N=C(c2ccccc2)c2ccccc2N(CCCCC(=O)NO)C1=O,4.522878745280337,1
O=C(O)CC[C@@H]1N=C(c2ccccc2)c2ccccc2NC1=O,4.522878745280337,1
O=C(O)CC[C@H](NC(=O)Cc1ccc(-c2ccccc2)cc1)C(=O)NCc1ccccc1,5.0,1
O=C(O)CC[C@H](NC(=O)Cc1ccc(Br)cc1)C(=O)NCc1ccc(Cl)c(Cl)c1,5.0,1
O=C(O)CC[C@H](NC(=O)Cc1ccc(Br)cc1)C(=O)NCc1ccc(Cl)cc1,5.0,1
O=C(O)CC[C@H](NC(=O)Cc1ccc(Br)cc1)C(=O)NCc1ccc(F)cc1,5.0,1
O=C(O)CC[C@H](NC(=O)Cc1ccc(Br)cc1)C(=O)NCc1ccc([N+](=O)[O-])cc1,5.404326617932589,4
O=C(O)CC[C@H](NC(=O)Cc1ccc(Br)cc1)C(=O)NCc1ccccc1,5.388918028623272,4
O=C(O)CC[C@H](NC(=O)Cc1ccc(Br)cc1)C(=O)NCc1ccccc1Cl,5.0,1
O=C(O)CC[C@H](NC(=O)Cc1ccc(Cl)cc1)C(=O)NCc1ccccc1,5.0,1
O=C(O)CC[C@H](NC(=O)Cc1ccc(Cl)cc1Cl)C(=O)NCc1ccccc1,5.0,1
O=C(O)CC[C@H]1N=C(c2ccccc2)c2ccccc2NC1=O,4.522878745280337,1
O=C(O)CCn1c(CCc2ccccc2)nc2cc(/C=C/C(=O)NO)ccc21,5.723538195826755,7
O=C(O)CCn1nc(-c2ccc(F)cc2)cc1C(=O)NCCCCCCS,6.522878745280337,1
O=C(O)CCn1nc(C(=O)NCCCCCCS)cc1-c1ccc(F)cc1,6.3979400086720375,1
O=C(O)C[C@@H]1N=C(c2ccccc2)c2ccccc2N(CCCCC(=O)NO)C1=O,4.522878745280337,1
O=C(O)C[C@@H]1N=C(c2ccccc2)c2ccccc2NC1=O,4.522878745280337,1
O=C(O)C[C@H]1N=C(c2ccccc2)c2ccccc2NC1=O,4.522878745280337,1
O=C(O)Cn1nc(-c2ccc(F)cc2)cc1C(=O)NCCCCCCS,6.795880017344075,1
O=C(O)Cn1nc(C(=O)NCCCCCCS)cc1-c1ccc(F)cc1,6.180456064458131,1
O=C(O)[C@H]1/C(=C/CO)O[C@@H]2CC(=O)N21,9.698970004336019,1
O=C(O)c1ccc(-c2cssc2=S)cc1,4.0,1
O=C(O)c1ccc(Cn2sc3ccccc3c2=O)cc1,6.251811972993799,3
O=C(O)c1cccc(-c2ccc(C3(C(=O)Nc4ccc(C(=O)NO)cc4)CCCC3)cc2)c1,6.928117992693874,3
O=C(O)c1cccc(=S)n1O,5.481486060122112,3
O=C(O)c1csc(=S)s1,4.333482019445119,1
O=C(OCCOCCCl)[C@@H]1CCC(=O)N1c1ccc(-c2noc(C(F)(F)F)n2)c(F)c1,6.958607314841775,3
O=C(O[C@H]1C[N+]2(CCc3cccc(Cl)c3)CCC1CC2)C1(C2=CC=CC2)CCCCCC1,5.530177984021837,1
O=C([C@@H]1CCC(=O)N1c1cc(F)c(-c2noc(C(F)(F)F)n2)cc1F)N1CCC1,4.585026652029182,3
O=C([C@@H]1CCC(=O)N1c1cc(F)c(-c2noc(C(F)(F)F)n2)cc1F)N1CCCC1,4.585026652029182,3
O=C([C@@H]1CCC(=O)N1c1cc(F)c(-c2noc(C(F)(F)F)n2)cc1F)N1CCCc2ccccc21,4.721246399047171,3
O=C([C@@H]1CCC(=O)N1c1cc(F)c(-c2noc(C(F)(F)F)n2)cc1F)N1CCc2ccccc2C1,5.130768280269024,3
O=C([C@H](Cc1ccc(-c2noc(C(F)(F)F)n2)cn1)c1cccc(C(F)(F)F)c1)N1CCS(=O)(=O)CC1,4.926935982160881,6
O=C([O-])CCCc1ccccc1,4.031517051446065,1
O=C(c1ccc(-c2nc(COc3ccc(-c4nnco4)cc3)no2)s1)C(F)(F)F,6.657577319177793,2
O=C(c1cccc(NCc2ccc(-c3noc(C(F)(F)F)n3)cn2)c1)N1CCCC1,5.853871964321762,3
O=C(c1cncnc1)N(Cc1ccc(-c2noc(C(F)(F)F)n2)cc1)c1cccc(C(F)(F)F)c1,5.552841968657781,3
O=C1/C(=C/c2ccc(O)c(O)c2)Oc2cc(O)cc(O)c21,4.732828271596986,1
O=C1/C(=C/c2ccc(O)c(O)c2)Oc2ccccc21,5.086186147616283,1
O=C1/C(=C/c2ccc(O)cc2)Oc2ccccc21,4.8996294548824375,1
O=C1/C(=C/c2cccc(O)c2O)Oc2ccccc21,4.730487055782084,1
O=C1C(C2CCOCC2)NC[C@@H](c2cc(F)cc(F)c2)N1c1ccc(-c2noc(C(F)(F)F)n2)cn1,4.795880017344075,3
O=C1CC(NCc2ccc(-c3noc(C(F)(F)F)n3)cn2)CCN1,5.292429823902063,3
O=C1CC(S)C(=O)N1c1ccc(Cl)c(Cl)c1,4.0,1
O=C1CC/C=C/CCC(=O)N(Cc2cccc(/C=N/NC(=O)c3cccc(C(=O)NO)c3)c2)C[C@@H](c2ccccc2)O1,7.638272163982407,6
O=C1CC/C=C/CCC(=O)N(Cc2cccc(/C=N/NC(=O)c3cccc(C(=O)NO)c3)c2)C[C@H](c2ccccc2)O1,6.958607314841775,2
O=C1CC/C=C/CCC(=O)N(Cc2cccc(C=NNC(=O)c3cccc(C(=O)NO)c3)c2)C[C@H](c2ccccc2)O1,6.958607314841775,1
O=C1CCC(N2C(=O)c3cccc(NCCCCCCCCCCCNC(=O)c4cccc(SCc5cn(-c6cccc(C(=O)NO)c6)nn5)c4)c3C2=O)C(=O)N1,6.429457060118103,3
O=C1CCC(N2C(=O)c3cccc(NCCCCCCn4cc(CCCCN(Cc5ccc(C(=O)NO)cc5)Cc5cccnc5)nn4)c3C2=O)C(=O)N1,8.221366601870292,3
O=C1CCC(N2C(=O)c3cccc(NCCCCCCn4cc(CN(Cc5ccc(C(=O)NO)cc5)Cc5cccnc5)nn4)c3C2=O)C(=O)N1,7.860143610002983,3
O=C1CCC(N2C(=O)c3cccc(NCCCCN(Cc4ccc(C(=O)NO)cc4)Cc4cccnc4)c3C2=O)C(=O)N1,7.679162711014658,3
O=C1CCC(N2C(=O)c3cccc(NCCCn4cc(CCCCN(Cc5ccc(C(=O)NO)cc5)Cc5cccnc5)nn4)c3C2=O)C(=O)N1,7.376750709602099,3
O=C1CCC(N2C(=O)c3cccc(NCCCn4cc(CN(Cc5ccc(C(=O)NO)cc5)Cc5cccnc5)nn4)c3C2=O)C(=O)N1,7.119949332151701,3
O=C1CCC(N2C(=O)c3cccc(NCCN(Cc4ccc(C(=O)NO)cc4)Cc4cccnc4)c3C2=O)C(=O)N1,7.429460204105209,3
O=C1CCC(N2C(=O)c3cccc(NCCOCCN(Cc4ccc(C(=O)NO)cc4)Cc4cccnc4)c3C2=O)C(=O)N1,7.746340477645636,3
O=C1CCC(N2C(=O)c3cccc(NCCOCCOCCN(Cc4ccc(C(=O)NO)cc4)Cc4cccnc4)c3C2=O)C(=O)N1,8.291862674544213,3
O=C1CCC(N2C(=O)c3cccc(NCCOCCOCCn4cc(CCCCN(Cc5ccc(C(=O)NO)cc5)Cc5cccnc5)nn4)c3C2=O)C(=O)N1,7.17565891298619,3
O=C1CCC(N2C(=O)c3cccc(NCCOCCOCCn4cc(CN(Cc5ccc(C(=O)NO)cc5)Cc5cccnc5)nn4)c3C2=O)C(=O)N1,7.557007934842448,3
O=C1CCC(N2C(=O)c3cccc(NCCOCCn4cc(CCCCN(Cc5ccc(C(=O)NO)cc5)Cc5cccnc5)nn4)c3C2=O)C(=O)N1,7.293567466444742,3
O=C1CCC(N2C(=O)c3cccc(NCCOCCn4cc(CN(Cc5ccc(C(=O)NO)cc5)Cc5cccnc5)nn4)c3C2=O)C(=O)N1,8.411171154311893,3
O=C1CCC(NCc2ccc(-c3noc(C(F)(F)F)n3)cn2)c2ccccc2N1,5.285043151118122,6
O=C1CCC(c2c(F)cccc2F)N1c1ccc(-c2noc(C(F)(F)F)n2)cc1F,5.187086643357144,3
O=C1CCC(c2ccc(-c3noc(C(F)(F)F)n3)cc2)N1c1ccccc1F,5.011595831330967,6
O=C1CCC(c2ccc(Cl)cc2)N1c1ccc(-c2noc(C(F)(F)F)n2)cc1F,5.886056647693163,3
O=C1CCC(c2cccc(Cl)c2)N1c1ccc(-c2noc(C(F)(F)F)n2)cc1F,4.853871964321762,3
O=C1CCC(c2ccccc2)N1c1cc(F)c(-c2noc(C(F)(F)F)n2)cc1F,5.221848749616356,3
O=C1CCC(c2ccccc2)N1c1ccc(-c2noc(C(F)(F)F)n2)c(F)c1,5.443697499232712,3
O=C1CCC(c2ccccc2)N1c1ccc(-c2noc(C(F)(F)F)n2)cc1,6.036212172654444,3
O=C1CCC(c2ccccc2)N1c1ccc(-c2noc(C(F)(F)F)n2)cc1F,5.853871964321762,3
O=C1CCC(c2ccccc2)N1c1ncc(-c2noc(C(F)(F)F)n2)cc1F,4.886056647693163,3
O=C1CCC(c2ccccc2Cl)N1c1ccc(-c2noc(C(F)(F)F)n2)c(F)c1,5.0,3
O=C1CCC(c2ccccc2Cl)N1c1ccc(-c2noc(C(F)(F)F)n2)cc1F,5.508638306165726,3
O=C1CCC(c2ccccc2F)N1c1ccc(-c2noc(C(F)(F)F)n2)cc1F,5.6020599913279625,6
O=C1CCCC(c2ccccc2)N1c1ccc(-c2noc(C(F)(F)F)n2)cc1,6.096910013008056,3
O=C1CCCC(c2ccccc2)N1c1ccc(-c2noc(C(F)(F)F)n2)cn1,5.292429823902063,3
O=C1CCC[C@@H](C(=O)N[C@@H](CCCCCS)C(=O)N2CCc3ccccc3C2)N1,5.651695136951839,3
O=C1CCC[C@@H](C(=O)N[C@@H](CCCCCS)C(=O)NC2CCCC2)N1,6.346787486224656,3
O=C1CCC[C@@H](C(=O)N[C@@H](CCCCCS)C(=O)NCc2ccc(C(F)(F)F)cc2)N1,7.638272163982407,3
O=C1CCC[C@@H](C(=O)N[C@@H](CCCCCS)C(=O)NCc2cccc(OCc3ccccc3)c2)N1,8.045757490560675,3
O=C1CCC[C@@H](C(=O)N[C@@H](CCCCCS)C(=O)Nc2ccccc2)N1,6.380906669373257,3
O=C1CCC[C@@H](c2nc3ccccc3s2)N1c1ccc(-c2noc(C(F)(F)F)n2)cc1,6.130768280269024,3
O=C1CCC[C@H](C(=O)N[C@@H](CCCCCS)C(=O)Nc2ccccc2)N1,6.970616222314791,3
O=C1CCSc2ccc(C(=O)NO)cc2N1,6.207608310501745,3
O=C1CC[C@@H](C(=O)N[C@@H](CCCCCS)C(=O)Nc2ccccc2)N1,7.229147988357855,3
O=C1CC[C@@H](C(=O)N[C@H](CCCCCS)C(=O)Nc2ccccc2)N1,6.551293680094919,3
O=C1CC[C@@H](CN2CCOCC2)N1c1ccc(-c2noc(C(F)(F)F)n2)c(F)c1,5.161150909262744,3
O=C1CC[C@@H](CO)N1c1ccc(-c2noc(C(F)(F)F)n2)c(F)c1,7.42021640338319,3
O=C1CC[C@@H](c2ccccc2)N1c1ccc(-c2noc(C(F)(F)F)n2)cn1,5.604989359855743,9
O=C1CC[C@@H](c2nc(-c3ccccn3)no2)N1c1ccc(-c2noc(C(F)(F)F)n2)cc1,6.5376020021010435,3
O=C1CC[C@@H](c2nc(-c3cccnc3)no2)N1c1ccc(-c2noc(C(F)(F)F)n2)cc1,6.387216143280265,3
O=C1CC[C@@H](c2nc(-c3ccncc3)no2)N1c1ccc(-c2noc(C(F)(F)F)n2)cc1,6.568636235841012,3
O=C1CC[C@@H](c2nc3ccccc3[nH]2)N1c1ccc(-c2noc(C(F)(F)F)n2)cc1,6.180456064458131,3
O=C1CC[C@@H](c2nc3ccccc3o2)N1c1ccc(-c2noc(C(F)(F)F)n2)cc1,6.356547323513812,3
O=C1CC[C@@H](c2nc3ccccc3o2)N1c1ccc(-c2noc(C(F)(F)F)n2)cc1F,6.455931955649724,3
O=C1CC[C@@](CCCCCC(=O)c2ccon2)(C2=NC(c3ccc(C4CC4)cc3F)CN2)N1,6.638272163982407,1
O=C1CC[C@@](CCCCCC(=O)c2ccon2)(C2=NC(c3ccc(C4NC=CO4)cc3F)CN2)N1,6.3979400086720375,1
O=C1CC[C@@](CCCCCC(=O)c2ccon2)(C2=NC(c3ccccc3F)CN2)N1,6.6777807052660805,1
O=C1CC[C@H](C(=O)N[C@@H](CCCCCS)C(=O)Nc2cccc(C(F)(F)F)c2)N1,6.500312917381596,6
O=C1CC[C@H](C(=O)N[C@@H](CCCCCS)C(=O)Nc2ccccc2)N1,6.551293680094919,3
O=C1CC[C@H](C(=O)N[C@H](CCCCCS)C(=O)Nc2ccccc2)N1,5.09151498112135,3
O=C1CC[C@](CCCCCC(=O)C2NC=CO2)(c2ncc(-c3ccc(F)cc3)[nH]2)N1,5.508638306165727,1
O=C1CCc2ccc(F)cc2N1Cc1ccc(-c2noc(C(F)(F)F)n2)cc1,5.7447274948966935,3
O=C1CCc2cccc(C(F)(F)F)c2N1Cc1ccc(-c2noc(C(F)(F)F)n2)cn1,5.251811972993799,3
O=C1CCc2cccnc2N1Cc1ccc(-c2noc(C(F)(F)F)n2)cn1,4.7447274948966935,3
O=C1CN(Cc2ccc(C(=O)NO)cc2)C(=O)[C@@H](Cc2c[nH]c3ccccc23)N1,6.289882634888183,2
O=C1CN(Cc2ccc(C(=O)NO)cc2)C(=O)[C@@H](Cc2ccccc2)N1,7.510041520575165,2
O=C1CN(Cc2ccc(C(=O)NO)cc2)C(=O)[C@H](Cc2c[nH]c3ccccc23)N1,6.950781977329818,2
O=C1CN(Cc2ccc(C(=O)NO)cc2)C(=O)[C@H](Cc2ccccc2)N1,7.806875401645538,2
O=C1CN(Cc2ccc(C(=O)NO)cc2)c2ccccc2N1,6.2839966563652006,3
O=C1CN=C(c2ccccc2)c2ccccc2N1,4.522878745280337,1
O=C1CNC(=O)/C(=C/c2ccc(C(=O)NO)cc2)N1,6.0,1
O=C1CNCC(c2ccccc2)N1c1ccc(-c2noc(C(F)(F)F)n2)cc1,5.795880017344075,3
O=C1CN[C@@H](Cc2cc3ccccc3[nH]2)C(=O)N1,7.963651975645051,3
O=C1CN[C@@H](Cc2ccccc2)C(=O)N1,7.172201801409511,3
O=C1CN[C@H](Cc2cc3ccccc3[nH]2)C(=O)N1,7.291806020663863,3
O=C1CN[C@H](Cc2ccccc2)C(=O)N1,7.663695307084622,3
O=C1COC[C@@H](CNCc2ccc(-c3noc(C(F)(F)F)n3)cn2)N1,5.552841968657781,3
O=C1COC[C@@H](c2ccccc2)N1c1cc(F)c(-c2noc(C(F)(F)F)n2)cc1F,4.920818753952375,3
O=C1COC[C@@H](c2ccccc2)N1c1ccc(-c2noc(C(F)(F)F)n2)c(F)c1,5.337242168318426,3
O=C1COC[C@@H](c2ccccc2)N1c1ccc(-c2noc(C(F)(F)F)n2)cc1,5.698970004336019,3
O=C1COC[C@@H](c2ccccc2)N1c1ccc(-c2noc(C(F)(F)F)n2)cc1F,5.6777807052660805,3
O=C1COC[C@@H](c2ccccc2)N1c1ccc(-c2noc(C(F)(F)F)n2)cn1,5.301029995663981,3
O=C1COC[C@@H](c2ccccc2)N1c1ccc(-c2noc(C(F)(F)F)n2)nc1,4.568636235841013,3
O=C1COC[C@@H](c2ccccc2)N1c1ccc(-c2noc(C(F)(F)F)n2)nn1,4.6777807052660805,6
O=C1COC[C@@H](c2ccccc2)N1c1cnc(-c2noc(C(F)(F)F)n2)cn1,5.214670164989233,6
O=C1COC[C@@H](c2nc(-c3ccccn3)no2)N1c1ccc(-c2noc(C(F)(F)F)n2)cc1,6.552841968657781,3
O=C1COC[C@@H](c2nc(-c3cccnc3)no2)N1c1ccc(-c2noc(C(F)(F)F)n2)cc1,6.1938200260161125,3
O=C1COC[C@@H](c2nc3ccccc3o2)N1c1ccc(-c2noc(C(F)(F)F)n2)cc1,6.3979400086720375,3
O=C1COC[C@H](CNCc2ccc(-c3noc(C(F)(F)F)n3)cn2)N1,5.619788758288394,3
O=C1COc2ccccc2N1Cc1ccc(-c2noc(C(F)(F)F)n2)cn1,5.619788758288394,3
O=C1C[C@@H](C(=O)N[C@@H](CCCCCS)C(=O)Nc2ccccc2)N1,7.214670164989233,3
O=C1N(CC2CCOCC2)CC(c2ccccc2)N1c1ccc(-c2noc(C(F)(F)F)n2)cc1,5.3979400086720375,3
O=C1NC(=O)/C(=C\c2ccc(OCC(=O)N3N=C(c4ccc(F)cc4)CC3c3ccc(C(F)(F)F)cc3)cc2)S1,4.301029995663981,1
O=C1NC(=O)/C(=C\c2ccc(OCC(=O)N3N=C(c4ccc(F)cc4)CC3c3ccc(Cl)c(Cl)c3)cc2)S1,4.6020599913279625,3
O=C1NC(=O)/C(=C\c2ccc(OCC(=O)N3N=C(c4ccc(F)cc4)CC3c3ccc(F)cc3)cc2)S1,4.301029995663981,1
O=C1NC(=O)/C(=C\c2ccc(OCC(=O)N3N=C(c4ccc(F)cc4)CC3c3ccc(F)cc3F)cc2)S1,4.301029995663981,1
O=C1NC(=O)/C(=C\c2ccc(OCC(=O)N3N=C(c4ccc(F)cc4)CC3c3ccccc3)cc2)S1,4.301029995663981,1
O=C1NC(=O)/C(=C\c2ccc(OCC(=O)N3N=C(c4ccc(F)cc4)CC3c3ccccc3Cl)cc2)S1,4.301029995663981,1
O=C1NC(=O)/C(=C\c2ccc(OCC(=O)N3N=C(c4ccc(F)cc4)CC3c3ccco3)cc2)S1,4.301029995663981,1
O=C1NC(=O)/C(=C\c2ccc(OCC(=O)N3N=C(c4ccc(F)cc4F)CC3c3ccc(F)cc3)cc2)S1,4.301029995663981,1
O=C1NC(=O)/C(=C\c2ccc(OCC(=O)N3N=C(c4ccc(F)cc4F)CC3c3ccco3)cc2)S1,4.301029995663981,1
O=C1NC(=O)/C(=C\c2ccc(OCC(=O)N3N=C(c4ccccc4)CC3c3ccc(Br)cc3)cc2)S1,4.455931955649724,3
O=C1NC(=O)/C(=C\c2ccc(OCC(=O)N3N=C(c4ccccc4)CC3c3ccc(C(F)(F)F)cc3)cc2)S1,4.795880017344075,3
O=C1NC(=O)/C(=C\c2ccc(OCC(=O)N3N=C(c4ccccc4)CC3c3ccc(Cl)c(Cl)c3)cc2)S1,5.0,3
O=C1NC(=O)/C(=C\c2ccc(OCC(=O)N3N=C(c4ccccc4)CC3c3ccc(F)cc3)cc2)S1,4.585026652029182,3
O=C1NC(=O)/C(=C\c2ccc(OCC(=O)N3N=C(c4ccccc4)CC3c3ccc(F)cc3F)cc2)S1,4.468521082957745,3
O=C1NC(=O)/C(=C\c2ccc(OCC(=O)N3N=C(c4ccccc4)CC3c3ccccc3)cc2)S1,4.698970004336019,3
O=C1NC(=O)/C(=C\c2ccc(OCC(=O)N3N=C(c4ccccc4)CC3c3ccccc3Cl)cc2)S1,4.5376020021010435,3
O=C1NC(=O)[C@]2(CC[C@H](NCc3ccc(-c4noc(C(F)(F)F)n4)cn3)CC2)N1,5.4089353929735005,3
O=C1NC(CCCCCC(=O)C2NC=CO2)(C2=NC(c3ccc(F)cc3)CN2)CO1,5.356547323513812,1
O=C1NCCCC1NCc1ccc(-c2noc(C(F)(F)F)n2)cn1,5.552841968657781,3
O=C1NCCCCC1NCc1ccc(-c2noc(C(F)(F)F)n2)cn1,5.481486060122112,3
O=C1NCCC[C@@H]1C(=O)N[C@@H](CCCCCS)C(=O)Nc1ccccc1,6.913640169325252,3
O=C1NCCC[C@H]1C(=O)N[C@@H](CCCCCS)C(=O)Nc1ccccc1,7.207608310501745,3
O=C1NCCN(c2ccc(-c3noc(C(F)(F)F)n3)cn2)C1c1cccc(F)c1,6.376750709602099,6
O=C1NCCc2c(OCc3ccc(-c4noc(C(F)(F)F)n4)c(F)c3)cccc21,4.346787486224656,3
O=C1NCCc2ccccc2C1NCc1ccc(-c2noc(C(F)(F)F)n2)cn1,5.552841968657781,3
O=C1NC[C@@H](c2ccccc2)[C@@H]1C(=O)N[C@@H](CCCCCS)C(=O)Nc1ccccc1,7.3979400086720375,3
O=C1NC[C@@H](c2ccccc2)[C@H]1C(=O)N[C@@H](CCCCCS)C(=O)Nc1ccccc1,5.590066876668705,3
O=C1NC[C@H](c2ccccc2)[C@@H]1C(=O)N[C@@H](CCCCCS)C(=O)Nc1ccccc1,6.508638306165726,3
O=C1NC[C@H](c2ccccc2)[C@H]1C(=O)N[C@@H](CCCCCS)C(=O)Nc1ccccc1,5.690369832574102,3
O=C1N[C@@H](Cc2ccccc2)C(=O)N2CCC[C@@H]2C(=O)N[C@@H](CCCCCC(=O)[C@@H]2CO2)C(=O)N[C@H]1Cc1ccccc1,8.397940008672037,1
O=C1Nc2ccc(-c3cn(Cc4ccc(-c5nnc(C(F)F)o5)cn4)nn3)cc2C12CCNCC2,3.242414198653419,1
O=C1Nc2ccccc2/C1=N/NC(=S)Nc1ccc(C(=O)NO)cc1,4.804100347590766,6
O=C1Nc2ccccc2C(c2ccccc2)=N[C@H]1Cc1ccccc1,4.522878745280337,1
O=C1Nc2ccccc2C(c2ccccc2)=N[C@H]1Cc1cn(C(c2ccccc2)(c2ccccc2)c2ccccc2)cn1,4.522878745280337,1
O=C1Nc2ccccc2CC1NCc1ccc(-c2noc(C(F)(F)F)n2)cn1,5.585026652029182,3
O=C1OC[C@@H](c2ccccc2)N1c1cc(F)c(-c2noc(C(F)(F)F)n2)cc1F,5.221848749616356,3
O=C1OC[C@@H](c2ccccc2)N1c1ccc(-c2noc(C(F)(F)F)n2)c(F)c1,5.346787486224656,3
O=C1Sc2ccccc2C2=NCCCN12,5.698970004336019,3
O=C1c2ccccc2[Se](=O)N1c1ccccc1,6.698970004336019,3
O=CN(O)CCCCCC(=O)Nc1ccccc1,5.167491087293763,3
O=CN(O)CCCCCC(C(=O)Nc1ccc2ncccc2c1)C(=O)Nc1ccc2ncccc2c1,6.103917193908117,4
O=CN(O)CCCCCC(C(=O)Nc1cnc2ccccc2c1)C(=O)Nc1cnc2ccccc2c1,6.124170248380497,4
O=CN(O)CCCCCCC(=O)Nc1ccccc1,5.3979400086720375,3
O=CN(O)CCCCCCCC(=O)Nc1ccc2ccccc2c1,5.930414050150149,4
O=CN(O)CCCCCCCC(=O)Nc1cccc2ccccc12,5.7155724814338535,4
O=CN(O)CCCCCCCC(=O)Nc1ccccc1,5.552841968657781,4
O=CN(O)CCCCCNC(=O)CCc1ccccc1,5.013228265733755,3
O=CN(O)CCCCCNC(=O)c1ccc2ccccc2c1,5.20531330086776,4
O=CN(O)CCCCCNC(=O)c1ccccc1,4.657577319177793,3
O=CN/N=C/c1ccc(NS(=O)(=O)c2ccc(-c3ccccc3)cc2)cc1O,3.5346171485515816,1
O=Cc1ccc(-c2ccccc2)c(-c2ccccc2)c1O,6.555955204081924,1
O=NC(Cc1ccc(O)c(Br)c1)C(=O)NCCC(=O)NO,5.823908740944319,1
O=NC(Cc1ccc(O)c(Br)c1)C(=O)NCCS,5.886056647693163,1
O=NC(Cc1ccc(O)c(Br)c1)C(=O)NCCSSCCNC(=O)C(Cc1ccc(O)c(Br)c1)N=O,7.301029995663981,2
O=c1[nH]c2ccccc2n(Cc2ccc(-c3noc(C(F)(F)F)n3)cn2)c1=O,5.853871964321762,3
O=c1cc(-c2ccccc2)oc2cc(O)c(O)c(O)c12,5.403402904373539,3
O=c1cc(-c2ccccc2)oc2cc(O)cc(O)c12,4.39577394691553,3
O=c1ccc2ccc(Br)cc2n1Cc1ccc(-c2noc(C(F)(F)F)n2)cc1,5.585026652029182,3
O=c1ccc2ccc(C(F)(F)F)cc2n1Cc1ccc(-c2noc(C(F)(F)F)n2)cn1,5.309803919971486,3
O=c1ccc2ccccc2n1Cc1ccc(-c2noc(C(F)(F)F)n2)cc1,5.795880017344075,3
O=c1ccc2ccccc2n1Cc1ncc(-c2noc(C(F)(F)F)n2)cn1,5.221848749616356,3
OCC1CC(c2ccccc2)N(c2ccc(-c3noc(C(F)(F)F)n3)cn2)C1,6.075720713938118,3
OCc1cc(NCc2ccc(-c3noc(C(F)(F)F)n3)cn2)ccc1F,5.795880017344075,3
OCc1cccc(NCc2ccc(-c3noc(C(F)(F)F)n3)cc2)c1,5.366531544420414,3
OCc1ccnc(NCc2ccc(-c3noc(C(F)(F)F)n3)cc2)n1,5.494850021680094,3
OCc1ccnc(NCc2ccc(-c3noc(C(F)(F)F)n3)cn2)c1,6.060480747381381,3
Oc1c(I)cc(Cl)c2cccnc12,4.6659235682158595,2
Oc1ccc(-c2cc(=S)ss2)cc1,6.346787486224656,2
Oc1ccc2c(-c3ccccc3)c(-c3ccccc3)ccc2c1,6.555955204081924,1
Oc1ccc[nH]c1=S,5.434742656579786,6
Oc1cccn(CCCCCCCn2cc(-c3ccccc3)nn2)c1=S,6.247789037426088,6
Oc1cccn(CCCCCCn2cc(-c3ccccc3)nn2)c1=S,5.169349080772217,6
Oc1cccn(CCCCCn2cc(-c3ccccc3)nn2)c1=S,6.037630664329979,9
Oc1cccn(CCCCn2cc(-c3ccccc3)nn2)c1=S,5.481091426308585,6
Oc1cccn(CCCn2cc(-c3ccccc3)nn2)c1=S,5.1938200260161125,3
Oc1cccn(CCn2cc(-c3ccccc3)nn2)c1=S,5.2182446253475305,3
Oc1cccn(Cc2ccc(-c3ccccc3)cc2)c1=S,5.368251925603431,6
Oc1cccn(Cc2ccc(-c3ccncc3)cc2)c1=S,5.555955204081923,6
Oc1cccn(Cc2ccc(Cn3cc(-c4ccccc4)nn3)cc2)c1=S,5.262012673666569,3
Oc1cccn(Cc2ccccc2)c1=S,5.895512888687605,6
Oc1cccn(Cc2cn(-c3ccccc3)nn2)c1=S,5.804100347590766,9
S=C1Oc2ccccc2C2=NCCCN12,5.022276394711152,3
S=C1Sc2c(Cl)cccc2C2=NCCCN12,4.522878745280337,3
S=C1Sc2c(Cl)cccc2C2=NCCN12,5.494850021680094,3
S=C1Sc2cc(Br)ccc2C2=NCCCN12,5.958607314841775,3
S=C1Sc2cc(Br)ccc2C2=NCCN12,6.0,3
S=C1Sc2cc(Cl)ccc2C2=NCCCN12,5.267606240177031,3
S=C1Sc2cc(Cl)ccc2C2=NCCN12,5.795880017344075,3
S=C1Sc2ccc(Br)cc2C2=NCCCN12,5.795880017344075,3
S=C1Sc2ccc(Br)cc2C2=NCCN12,6.585026652029182,3
S=C1Sc2ccc(Cl)cc2C2=NCCCN12,6.267606240177031,3
S=C1Sc2ccc(Cl)cc2C2=NCCN12,4.886056647693163,3
S=C1Sc2ccc(I)cc2C2=NCCCN12,6.0,3
S=C1Sc2ccc(I)cc2C2=NCCN12,6.0,3
S=C1Sc2cccc(Br)c2C2=NCCCN12,6.2839966563652006,3
S=C1Sc2cccc(Br)c2C2=NCCN12,6.376750709602099,3
S=C1Sc2cccc(Cl)c2C2=NCCCN12,6.886056647693163,3
S=C1Sc2cccc(Cl)c2C2=NCCN12,6.221848749616356,3
S=C1Sc2cccc(I)c2C2=NCCCN12,7.119186407719209,3
S=C1Sc2cccc(I)c2C2=NCCN12,5.638272163982407,3
S=C1Sc2ccccc2C2=NCCCN12,5.823908740944319,3
S=C1Sc2ccccc2C2=NCCN12,4.6777807052660805,3
S=c1[nH]cc(-c2ccncc2)[nH]1,6.301029995663981,6
SCCCCCCOc1ccccc1,4.958607314841775,2
[11CH3]n1cc(CCNCc2ccc(/C=C/C(=O)NO)cc2)c2ccccc21,5.981299501333757,2
[C-]#[N+]c1ccccc1-c1ccc(Cn2cccc(O)c2=S)cc1,5.719649306953994,3
[C]C(=[C])[C@H]([C][C]=C([C])[C])[C][C@]12[C][C@H]([C][C]=C([C])[C])C([C])([C])[C@]([C][C]=C([C])[C])(C(=O)C(C(=O)c3ccc([O])c([O])c3)=C1[O])C2=O,4.6020599913279625,1
[C]C([C])=C(c1ccccc1)c1ccc(/[C]=[C]/C(=O)[N][O])cc1,5.593543321678572,2
[C]C([C])=[C][C]c1c2c(c3occ(-c4ccc([O])c([O])c4)c(=O)c3c1[O])[C]=[C]C([C])([C])O2,5.978810700930062,1
[C]C([C])=[C][C]c1c2c(c3occ(-c4ccc([O])cc4)c(=O)c3c1[O])[C]=[C]C([C])([C])O2,5.185086818724926,1
[C]Oc1cc(/[C]=[C]/C(=O)C([C]/[C]=C(\[C])[C][C][C]=C([C])[C])([C]/[C]=C(\[C])[C][C][C]=C([C])[C])C(=O)/[C]=[C]/c2ccc(O[C]/[C]=C(\[C])[C][C][C]=C([C])[C])c(O[C])c2)ccc1O[C]/[C]=C(\[C])[C][C][C]=C([C])[C],3.1045774539605917,1
[C]Oc1cc(/[C]=[C]/C(=O)[C]([C]/[C]=C(\[C])[C][C][C]=C([C])[C])C(=O)/[C]=[C]/c2ccc(O[C]/[C]=C(\[C])[C][C][C]=C([C])[C])c(O[C])c2)ccc1O[C]/[C]=C(\[C])[C][C][C]=C([C])[C],3.663540266151471,1
[C]Oc1cc(/[C]=[C]/C(=O)[C]C(=O)/[C]=[C]/c2ccc(O[C]/[C]=C(\[C])[C][C]/[C]=C(\[C])[C][C][C]=C([C])[C])c(O[C])c2)ccc1O[C]/[C]=C(\[C])[C][C]/[C]=C(\[C])[C][C][C]=C([C])[C],3.9136401693252516,1
[C]Oc1cc(/[C]=[C]/C(=O)[C]C(=O)/[C]=[C]/c2ccc(O[C]/[C]=C(\[C])[C][C]/[C]=C(\[C])[C][C][C]=C([C])[C])c(O[C])c2)ccc1[O],4.0746879085003505,1
[C]Oc1cc(/[C]=[C]/C(=O)[C]C(=O)/[C]=[C]/c2ccc(O[C]/[C]=C(\[C])[C][C][C]=C([C])[C])c(O[C])c2)ccc1O[C]/[C]=C(\[C])[C][C][C]=C([C])[C],3.7258421507363204,1
[C]Oc1cc(/[C]=[C]/C(=O)[C]C(=O)/[C]=[C]/c2ccc(O[C]/[C]=C(\[C])[C][C][C]=C([C])[C])c(O[C])c2)ccc1[O],3.3053948010664316,1
[C]Oc1cc(/[C]=[C]/C(=O)[C]C(=O)/[C]=[C]/c2ccc(O[C][C]=C([C])[C])c(O[C])c2)ccc1O[C][C]=C([C])[C],3.459670525209126,1
[C]Oc1cc(/[C]=[C]/C(=O)[C]C(=O)/[C]=[C]/c2ccc(O[C][C]=C([C])[C])c(O[C])c2)ccc1[O],2.250263684430939,1
[C][C]([C])[C@H]([N]C(=O)[C@H]([C][C][C][C][N])[N]C(=O)[C@H]([C][C][C]N=C([N])[N])[N]C(=O)[C@H]([C][C][C][C][N])[N]C(=O)[C@H]([C][C][C][C][N])[C]C(=O)[C@H]([C][C][C][C][N])[N]C(=O)[C@@H]1[C][C][C]N1C(=O)[C][N]C(=O)[C][N]C(=O)[C][C][C]c1cn(-c2ccc(-c3cn([C][C][C][C][C]C(=O)[N][O])nn3)cc2)nn1)C(=O)[N][C]C(=O)[N][C]C([N])=O,5.455559862682307,1
[C][C]([C])[C@H]([N]C(=O)[C@H]([C][C][C][C][N])[N]C(=O)[C@H]([C][C][C]N=C([N])[N])[N]C(=O)[C@H]([C][C][C][C][N])[N]C(=O)[C@H]([C][C][C][C][N])[C]C(=O)[C@H]([C][C][C][C][N])[N]C(=O)[C@@H]1[C][C][C]N1C(=O)[C][N]C(=O)[C][N]C(=O)[C][C][C]c1cn(-c2ccc(-c3cn([C][C][C][C][C][C]C(=O)[N][O])nn3)cc2)nn1)C(=O)[N][C]C(=O)[N][C]C([N])=O,5.815876645760329,1
[C][C]([C])[C@H]([N]C(=O)[C@H]([C][C][C][C][N])[N]C(=O)[C@H]([C][C][C]N=C([N])[N])[N]C(=O)[C@H]([C][C][C][C][N])[N]C(=O)[C@H]([C][C][C][C][N])[C]C(=O)[C@H]([C][C][C][C][N])[N]C(=O)[C@@H]1[C][C][C]N1C(=O)[C][N]C(=O)[C][N]C(=O)[C][C][C]c1cn(-c2ccc(-c3cn([C][C][C][C][C][C][C]C(=O)[N][O])nn3)cc2)nn1)C(=O)[N][C]C(=O)[N][C]C([N])=O,5.905528871358355,1
[C][C]([C])[C][C@H]1[C]C(=O)[N][C@@H]([C][C][C]N=C([N])[N])C(=O)[N][C@@H]([C][C][C][C][C]C([O])=O)C(=O)[N][C@@H]([C]c2cccc3ccccc23)C(=O)[N]1,6.2168113089247425,1
[N-]=[N+]=NCC12CC3CC(CC(C3)C1)C2,3.0,1
[N-]=[N+]=NCc1cc(COc2ccc(NC(=O)CCCCCCC(=O)NO)cc2)cc(N=[N+]=[N-])c1,5.13430394008393,9
[N-]=[N+]=NCc1cc(Cn2cc(NC(=O)CCCCCCC(=O)NO)cn2)cc(N=[N+]=[N-])c1,7.769551078621727,6
[N-]=[N+]=NCc1cc(N=[N+]=[N-])cc(C(=O)Nc2ccc(-c3cc(C(=O)NCCCCCCC(=O)NO)no3)cc2)c1,6.1864190114318065,6
[N-]=[N+]=NCc1cc(N=[N+]=[N-])cc(C(=O)Nc2ccc(Cn3cc(NC(=O)CCCCCCC(=O)NO)cn3)cc2)c1,6.3124710387853655,3
[N-]=[N+]=Nc1ccc(-c2cc(C(=O)NCCCCCCC(=O)NO)no2)cc1,6.150580586203101,3
[N-]=[N+]=Nc1ccc(-c2csc(NC(=O)CCCCCCC(=O)NO)n2)cc1,5.567030709125594,3
[N-]=[N+]=Nc1ccc(Cn2cc(NC(=O)CCCCCCC(=O)NO)cn2)cc1,7.552841968657781,3
[NH3+]CCCCC(=O)NO,3.920818753952375,1
[NH3+]CCCCCC(=O)NO,4.721246399047171,1
[NH3+]CCCCCCC(=O)NO,5.275724130399211,1
[NH3+]CCCCCCCC(=O)NO,5.657577319177793,1
[NH3+]CCC[NH2+]CCCCCC(=O)C(F)(F)F,6.585026652029182,1
[NH3+]CCC[NH2+]CCCCCC(=O)NO,4.853871964321762,1
[NH3+]CCC[NH2+]CCCCCS,4.920818753952375,1
[N]C([N])=N[C][C][C][C@@H]1[N]C(=O)[C][C@H]([C]c2ccc([O])cc2)[N]C(=O)[C@H]([C]C([O])=O)[N]C(=O)[C@H]([C][C][C][C][C]C(=O)[N][O])[N]C1=O,6.619788758288394,1
[N]C([N])=N[C][C][C][C@@H]1[N]C(=O)[C][C@H]([C]c2ccc([O])cc2)[N]C(=O)[C@H]([C]c2cccc3ccccc23)[N]C(=O)[C@H]([C][C][C][C][C]C([O])=O)[N]C1=O,5.853871964321762,1
[O][N]C(=O)[C][C][C][C][C][N]C(=O)[C]=C1c2ccccc2-c2ccccc21,6.108462542327436,1
