canonical_smiles,r_i_docking_score,n_measurements
Brc1cccc(C[N@@H+]2CCc3nc(N4CCN(c5ncccn5)CC4)ncc3C2)c1,-3.77265,1
C#CCN1C(=O)[C@@](O)(CC(=O)c2ccc(OCC)cc2)c2ccccc21,-5.75764,1
C#CCOc1ccc([C@@H]2CC(=O)Nc3c2c(C)nn3-c2nncc(-c3cccc(OC)c3)n2)cc1,-5.56939,1
C#CCOc1ccc([C@@H]2CC(=O)Nc3c2cnn3-c2ccc(Cl)cc2)cc1,-3.75354,1
C#CCOc1ccc([C@@H]2CC(=O)Nc3c2cnn3-c2ccc(F)cc2)cc1,-5.07671,1
C#CCOc1ccc([C@@H]2CC(=O)Nc3c2cnn3-c2cccc(Cl)c2)cc1,-6.5807,1
C#CCOc1ccc([C@@H]2SCC(=O)Nc3c2c(C)nn3-c2nc(C)cc(C)n2)cc1,-5.14527,1
C#CCOc1ccc([C@H]2Nc3ccc(C)cc3[C@H]3OCCC[C@@H]23)cc1,-6.3047,1
C#CCSC1=NC([O-])=C2C(=NC(=O)C[C@@H]2c2ccc(OCC(N)=O)cc2)N1,-8.16824,1
C#CCSC1=NC([O-])=C2C(=NC(=O)C[C@H]2c2ccc(OCC(N)=O)c(OCC)c2)N1,-4.5594,1
C#CCSC1=NC([O-])=C2C(=NC(=O)C[C@H]2c2ccc(OCC(N)=O)cc2)N1,-7.2113,1
C#CCSc1nc(=O)c2c([nH]1)NC(=O)C[C@@H]2c1ccc(OCC(N)=O)cc1,-7.86452,1
C#CCSc1nc(=O)c2c([nH]1)NC(=O)C[C@H]2c1ccc(OCC(N)=O)c(OCC)c1,-4.8805,1
C#CCSc1nc(O)c2c(n1)NC(=O)C[C@@H]2c1ccc(OCC(N)=O)c(OCC)c1,-2.96111,1
C#CCSc1nc(O)c2c(n1)NC(=O)C[C@H]2c1ccc(OCC(N)=O)c(OCC)c1,-4.22961,1
C#CCSc1nc(O)c2c(n1)NC(=O)C[C@H]2c1ccc(OCC(N)=O)cc1,-6.05416,1
C#CCSc1nc2c(c(=O)[n-]1)[C@@H](c1ccc(OCC(N)=O)c(OCC)c1)CC(=O)N2,-5.00854,1
C#CCSc1nc2c(c(=O)[n-]1)[C@@H](c1ccc(OCC(N)=O)cc1)CC(=O)N2,-5.29064,1
C#CCSc1nc2c(c(=O)[n-]1)[C@H](c1ccc(OCC(N)=O)cc1)CC(=O)N2,-7.32299,1
C#CCSc1nc2c(c(=O)[nH]1)[C@@H](c1ccc(OCC(N)=O)cc1)CC(=O)N2,-6.79943,1
C#CCSc1nc2c(c(=O)[nH]1)[C@H](c1ccc(OCC(N)=O)cc1)CC(=O)N2,-8.14158,1
C#CCn1c([C@@H]2CC(=O)N(c3ccc(OC)cc3)C2)[nH+]c2ccccc21,-3.88473,1
C(=N\[N-]c1nnnn1-c1cccc2ccccc12)/c1ccncc1,-4.84585,1
C=C(C)Cn1c(CCCNC(=O)CC)nc2ccccc21,-4.72701,1
C=C(C)Cn1c(CCCNC(=O)COc2ccccc2)[nH+]c2ccccc21,-4.51428,1
C=C(C)Cn1c(CCNC(=O)CCCO)[nH+]c2ccccc21,-5.53174,1
C=C(C)Cn1c(CCNC(=O)CCCO)nc2ccccc21,-3.81349,1
C=C(c1cc(OC)c(OC)c(OC)c1)c1ccc2[nH]cc(/C=C/C(=O)NC(=O)CC)c2c1,-10.84,1
C=C(c1cc(OC)c(OC)c(OC)c1)c1ccc2[nH]cc(/C=C/C(=O)NC(=O)NC)c2c1,-11.03,1
C=C(c1cc(OC)c(OC)c(OC)c1)c1ccc2[nH]cc(/C=C/C(=O)NC(C)=O)c2c1,-10.41,1
C=C(c1cc(OC)c(OC)c(OC)c1)c1ccc2[nH]cc(/C=C/C(=O)NC)c2c1,-8.714,1
C=C(c1cc(OC)c(OC)c(OC)c1)c1ccc2[nH]cc(/C=C/C(=O)NC=O)c2c1,-10.33,1
C=CCN(Cc1nc(-c2ccc(OC)cc2)no1)C(=O)NC1CCCCC1,-4.2331,1
C=CCN(Cc1nc(-c2ccc(OC)cc2)no1)C(=O)Nc1ccc(C)cc1,-4.38441,1
C=CCN(Cc1nc(-c2ccc(OC)cc2)no1)C(=O)Nc1cccc(C)c1,-4.84324,1
C=CCN1C(=O)N(c2ccc(C)cc2)C(=O)[C@H]1CC(=O)Nc1ccc(OCCC)cc1,-3.57417,1
C=CCN1C(=O)N(c2ccc(F)cc2)C(=O)[C@@H]1CC(=O)Nc1ccc(OCC)cc1,-5.02932,1
C=CCN1C(=O)N(c2ccc(F)cc2)C(=O)[C@@H]1CC(=O)Nc1cccc(C(=O)OCC)c1,-5.45816,1
C=CCN1C(=O)N(c2cccc(OC)c2)C(=O)[C@H]1CC(=O)Nc1ccc(OCC)cc1,-5.52556,1
C=CCN1C(=O)N(c2ccccc2)C(=O)[C@@H]1CC(=O)Nc1cccc(C(=O)OCC)c1,-4.66803,1
C=CCN1C(=O)[C@@](O)(CC(=O)c2ccc(OC)cc2)c2ccccc21,-5.79534,1
C=CCNC(=O)CCc1nc(-c2cc3cc(C)ccc3[nH]c2=O)no1,-7.31736,1
C=CCNC(=O)CSc1nc2c(cnn2-c2ccc(Cl)cc2)c(=O)[n-]1,-5.76411,1
C=CCNC(=O)CSc1nc2c(cnn2-c2ccc(Cl)cc2)c(=O)[nH]1,-7.29014,1
C=CCNC(=O)C[C@H]1c2ccccc2CCN1S(=O)(=O)c1ccc(NC(C)=O)cc1,2.01617,1
C=CCNC(=O)[C@@H]1CC(=O)N(c2ccc(OCC(=O)Nc3cccc(OC)c3)cc2)C1,-4.14616,1
C=CCNC(=O)[C@H]1CC(=O)N(c2ccc(OCC(=O)Nc3ccc(Cl)c(Cl)c3)cc2)C1,-6.82365,1
C=CCNC(=O)[C@H]1CC(=O)N(c2ccc(OCC(=O)Nc3cccc(OC)c3)cc2)C1,-7.41153,1
C=CCNC(=O)c1cc(-c2ccc(Br)cc2)on1,-7.91259,1
C=CCNC(=O)c1cc(-c2ccc(F)cc2)on1,-7.62973,1
C=CCNC(=O)c1cc(-c2ccc(O)cc2)on1,-7.94907,1
C=CCNC(=O)c1cc(-c2ccc(OC)cc2)on1,-5.40285,1
C=CCNC(=O)c1cc(-c2ccc([O-])cc2)on1,-5.97674,1
C=CCNc1ccc(-c2nc(CC)no2)cc1[N+](=O)[O-],-3.87976,1
C=CCO/C([O-])=C1/C(C)=N[C+](SCC(=O)Nc2ccc(OC)cc2)[C@H](C#N)[C@@H]1c1ccco1,0.317293,1
C=CCOC(=O)C1=C(C)NC(SCC(=O)Nc2ccc(OC)cc2)=C(C#N)[C@H]1c1ccco1,-3.80292,1
C=CCOC(=O)c1[nH]c2c(c1C)C(=O)C[C@@H](c1ccc(OCC)cc1)C2,-4.29735,1
C=CCOC(=O)c1sc(NC(=O)c2cc(-c3ccc(OC)cc3)on2)nc1C,-1.70396,1
C=CCOC(=O)c1sc([N-]C(=O)c2cc(-c3ccccc3)on2)nc1C,-3.1532,1
C=CCOc1c(Br)cc(CNCCNC(=O)c2nonc2N)cc1OC,-0.982647,1
C=CCOc1c(Cl)cc(CNCCNC(=O)c2nonc2N)cc1OC,-1.70722,1
C=CCOc1c(Cl)cc(CNCCSc2nnnn2C)cc1OC,-1.20111,1
C=CCOc1c(Cl)cc(C[NH2+]CCNC(=O)c2nonc2N)cc1OC,-2.5,1
C=CCOc1c(Cl)cc(C[NH2+]CCSc2nnnn2C)cc1OC,-2.20638,1
C=CCOc1ccc(-c2nc(=O)c3c([nH]2)Oc2ccc(Cl)cc2C3)cc1,-3.9861,1
C=CCOc1ccc(-c2nc3s/c(=C/c4cc(OC)ccc4OC)c(=O)n3n2)cc1,-3.41763,1
C=CCOc1ccc(-c2nc3s/c(=C\c4ccc(OC)cc4)c(=O)n3n2)cc1,-5.95024,1
C=CCOc1ccc(/C=c2\sc3nc(-c4ccncc4)nn3c2=O)cc1,-4.42096,1
C=CCOc1ccc(C(=O)N2CCC(c3nc4ccccc4o3)CC2)cc1,-6.00419,1
C=CCOc1ccc(C(=O)NC[C@H](c2ccc(OC)cc2)N2CCCC2)cc1,-2.00876,1
C=CCOc1ccc(C(=O)NC[C@H](c2ccc(OC)cc2)N2CCCCCC2)cc1,-3.47941,1
C=CCOc1ccc(C(=O)NCc2csc(-c3ccc(C)cc3)n2)cc1,-3.70513,1
C=CCOc1ccc(C(=O)NCc2csc(-c3ccccc3)n2)cc1,-3.80277,1
C=CCOc1ccc(C(=O)Nc2nc3c(s2)C[C@@H](C)CC3)cc1,-5.55865,1
C=CCOc1ccc(C(=O)Nc2nc3c(s2)C[C@H](C)CC3)cc1,-5.93117,1
C=CCOc1ccc(C(=O)Nc2nonc2-c2ccc(C)cc2)cc1,-6.039,1
C=CCOc1ccc(C(=O)Oc2cccc(-n3cnnn3)c2)cc1,-3.57756,1
C=CCOc1ccc([C@@H]2SCC(=O)Nc3c2c(=O)[nH]n3C2CCCCCC2)cc1,-1.6753,1
C=CCOc1ccc([C@H]2CC(=O)Nc3[nH]nc(C)c32)cc1,-3.87361,1
C=CCOc1ccc([C@H]2CC(=O)Nc3c2c(C)nn3-c2ccc3nncn3n2)cc1,-1.3295,1
C=CCOc1ccccc1/C=c1\sc2nc(-c3ccc(OCCCC)cc3)nn2c1=O,-5.93182,1
C=CCSC1=NC([O-])=C2C(=NC(=O)C[C@@H]2C(=O)Nc2ccc(OC)cc2OC)N1,-0.949818,1
C=CCSC1=NC([O-])=C2C(=NC(=O)C[C@@H]2c2ccc(OCC(N)=O)c(OC)c2)N1,-6.1779,1
C=CCSC1=NC([O-])=C2C(=NC(=O)C[C@@H]2c2ccc(OCC(N)=O)cc2)N1,-6.5245,1
C=CCSC1=NC([O-])=C2C(=NC(=O)C[C@H]2c2ccc(OCC(N)=O)c(OC)c2)N1,-4.52054,1
C=CCSC1=NC([O-])=C2C(=NC(=O)C[C@H]2c2ccc(OCC(N)=O)c(OCC)c2)N1,-4.59062,1
C=CCSC1=NC([O-])=C2C(=NC(=O)C[C@H]2c2ccc(OCC(N)=O)cc2)N1,-7.89379,1
C=CCSc1n[nH]/c(=N\C(=O)c2nn(-c3ccc(OC)cc3)ccc2=O)s1,-3.49477,1
C=CCSc1nc(=O)c2c([nH]1)NC(=O)C[C@@H]2c1ccc(OCC(N)=O)c(OC)c1,-4.456,1
C=CCSc1nc2c(c(=O)[n-]1)[C@@H](c1ccc(OCC(N)=O)c(OC)c1)CC(=O)N2,-6.04145,1
C=CCSc1nc2c(c(=O)[n-]1)[C@H](c1ccc(OCC(N)=O)c(OC)c1)CC(=O)N2,-5.36228,1
C=CCSc1nc2c(c(=O)[n-]1)[C@H](c1ccc(OCC(N)=O)c(OCC)c1)CC(=O)N2,-4.55536,1
C=CCSc1nc2c(c(=O)[n-]1)[C@H](c1ccc(OCC(N)=O)cc1)CC(=O)N2,-6.57183,1
C=CCSc1nc2c(c(=O)[nH]1)[C@@H](c1ccc(OCC(N)=O)c(OC)c1)CC(=O)N2,-5.2166,1
C=CCSc1nc2c(c(=O)[nH]1)[C@H](c1ccc(C(=O)OC)cc1)C(C(=O)OC)=C(C)N2,-2.78886,1
C=CCSc1nc2c(c(=O)[nH]1)[C@H](c1ccc(OCC(N)=O)c(OC)c1)CC(=O)N2,-6.877,1
C=CCSc1nc2c(c(=O)[nH]1)[C@H](c1ccc(OCC(N)=O)c(OCC)c1)CC(=O)N2,-6.19974,1
C=CCSc1ncc(Cl)c(C(=O)Nc2ccc(NC(C)=O)cc2)n1,-4.07329,1
C=CCSc1ncc(Cl)c(C(=O)Nc2ccc(OCC)cc2)n1,-5.01724,1
C=CCSc1ncc(Cl)c(C(=O)[N-]c2nnc(C)s2)n1,-4.17009,1
C=CCSc1ncc(Cl)c(C(=O)[N-]c2nnc(CC)s2)n1,-4.78293,1
C=CCSc1ncc(Cl)c(C(=O)[N-]c2nnc(SC)s2)n1,-3.92261,1
C=CCSc1ncc(Cl)c(C(=O)[N-]c2nnc(SCC)s2)n1,-2.90778,1
C=CCSc1nnc(NC(=O)c2nn(-c3ccc(OC)cc3)ccc2=O)s1,-2.44821,1
C=CCSc1nnc(NC(=O)c2nn(-c3ccc(OCC)cc3)ccc2=O)s1,4.80029,1
C=CCSc1nnc2c(n1)O[C@@H](c1ccc(C(=O)OC)cc1)Nc1ccccc1-2,-5.95478,1
C=CCSc1nnc2c(n1)O[C@@H](c1ccc(C(=O)[O-])cc1)Nc1ccc(Br)cc1-2,-3.49879,1
C=CCSc1nnc2c(n1)O[C@@H](c1ccc(C(=O)[O-])cc1)Nc1ccccc1-2,-5.06701,1
C=CCSc1nnc2c(n1)O[C@@H](c1ccc(OC(=O)CC)cc1)Nc1ccccc1-2,-6.05023,1
C=CCSc1nnc2c(n1)O[C@@H](c1ccc(OCC(=O)[O-])cc1)Nc1ccccc1-2,-6.10894,1
C=CCSc1nnc2c(n1)O[C@H](c1ccc(C(=O)[O-])cc1)Nc1ccc(Br)cc1-2,-4.31064,1
C=CCSc1nnc2c(n1)O[C@H](c1ccc(C(=O)[O-])cc1)Nc1ccccc1-2,-3.48011,1
C=CCSc1nnc2c(n1)O[C@H](c1ccc(OC(=O)CC)cc1)Nc1ccccc1-2,-5.79856,1
C=CCSc1nnc2c(n1)O[C@H](c1ccc(OC)cc1)Nc1ccccc1-2,-3.79849,1
C=CCSc1nnc2c(n1)O[C@H](c1ccc(OCC(=O)[O-])cc1)Nc1ccccc1-2,-5.77464,1
C=CCSc1nnc2c(n1)O[C@H](c1ccc([N+](=O)[O-])cc1)Nc1ccccc1-2,-2.73484,1
C=CC[N+]1=C(Nc2ccc(C(=O)OCC)cc2)S[C@@H](C(=O)NC)CC1=O,-1.50893,1
C=CC[N+]1=C(Nc2ccc(C(=O)OCC)cc2)S[C@H](C(=O)Nc2ccc(Cl)cc2)CC1=O,-2.87438,1
C=CC[N+]1=C(Nc2cccc(Cl)c2)S[C@H](C(=O)Nc2ccc(C(=O)OCC)cc2)CC1=O,-1.88383,1
C=CCc1ccc(OCc2[nH]c3ccc(OC)cc3[nH+]2)c(OC)c1,-4.6921,1
C=CCc1ccc(OCc2nc3cc(OC)ccc3[nH]2)c(OC)c1,-5.58188,1
C=CCc1ccc(OCc2nc3ccc(OC)cc3[nH]2)c(OC)c1,-5.28868,1
C=CCn1c(=O)oc2ccc(C(=O)Nc3ccc(OCC)cc3)cc21,-4.18543,1
C=CCn1c(C(=O)NCc2ccc(OC)cc2)cc2cc(S(=O)(=O)N(C)C)ccc21,-6.70328,1
C=CCn1c(CCNC(=O)CCCO)[nH+]c2ccccc21,-1.36995,1
C=CCn1c(CCNC(=O)CCCO)nc2ccccc21,-4.11741,1
C=CCn1c(CCNC(=O)CC[C@H](C)O)[nH+]c2ccccc21,-4.8461,1
C=CCn1c(CCNC(=O)CC[C@H](C)O)nc2ccccc21,-5.17475,1
C=CCn1c(SCC(=O)/N=c2/[nH]nc(C)s2)nnc1-c1cccnc1,-2.82768,1
C=CCn1c(SCC(=O)/N=c2\[nH]nc(CC)s2)nnc1-c1cccnc1,-2.45205,1
C=CCn1c(SCC(=O)Nc2ccc(C(=O)[O-])cc2)nnc1-c1cc2ccccc2o1,-2.68985,1
C=CCn1c(SCC(=O)Nc2ccc(OC(F)(F)F)cc2)nnc1-c1ccncc1,-5.33998,1
C=CCn1c(SCC(=O)Nc2ccc(OC)cc2)nnc1-c1ccc(OC)cc1,-4.36485,1
C=CCn1c(SCC(=O)Nc2ccc(OC)cc2)nnc1-c1cccnc1,-4.90695,1
C=CCn1c(SCC(=O)Nc2cccc([N+](=O)[O-])c2)nnc1-c1cccnc1,-6.36222,1
C=CCn1c(SCC(=O)Nc2ccccc2)nnc1-c1cccnc1,-5.38626,1
C=CCn1c(SCC(=O)Nc2nnc(C)s2)nnc1-c1cccnc1,-2.34207,1
C=CCn1c(SCC(=O)Nc2nnc(CC)s2)nnc1-c1cccnc1,-3.42518,1
C=CCn1c(SCC(=O)[N-]c2nnc(C)s2)nnc1-c1cccnc1,-3.53206,1
C=CCn1c([C@@H](C)NC(=O)c2ccco2)nc2ccccc21,-5.5239,1
C=CCn1c([C@@H]2CC(=O)N(CCOC)C2)[nH+]c2ccccc21,-5.02978,1
C=CCn1c([C@@H]2CC(=O)N(CCOC)C2)nc2ccccc21,-5.90027,1
C=CCn1c([C@H](C)NC(=O)c2ccco2)[nH+]c2ccccc21,-5.40189,1
C=CCn1c([C@H](C)NC(=O)c2ccco2)nc2ccccc21,-6.17519,1
C=CCn1c([C@H]2CC(=O)N(CCOC)C2)nc2ccccc21,-7.10915,1
C=CCn1c2ccccc2c2nnc(S[C@@H](CC)C(=O)Nc3ccc(NC(C)=O)cc3)nc21,-8.40595,1
C=CCn1c2ccccc2c2nnc(S[C@H](CC)C(=O)Nc3ccc(NC(C)=O)cc3)nc21,-8.41213,1
CC(=O)/C=C/c1ccc(C[N@@H+](C)CCc2cc3ccccc3[nH]2)cc1,-8.786,1
CC(=O)/C=C/c1ccc2c(c1)nc(COCc1ccccc1)n2C,-8.55,1
CC(=O)CCCCCNC(=O)Cn1cnc2cnc(Nc3ccccc3)nc21,-8.909,1
CC(=O)COc1ccc(CCNC(=O)Cc2ccccc2)cc1,-8.952,1
CC(=O)CSc1nc(-c2cccs2)cc(C(F)(F)F)c1C#N,-6.08846,1
CC(=O)Cc1n[nH]c2cc(-c3cncnc3)ccc12,-8.867,1
CC(=O)Cc1n[nH]c2ccccc12,-8.911,1
CC(=O)Cn1ncc2cc(-c3cn[nH]c3)ccc21,-8.813,1
CC(=O)N(CN1C(=O)c2ccc([N+](=O)[O-])cc2C1=O)c1ccc(F)cc1,-2.18984,1
CC(=O)N/C(=N/c1nc(C)cc(C)n1)Nc1ccc(C)cc1,-3.07901,1
CC(=O)N/C(=N/c1nc(C)cc(C)n1)Nc1ccc(NC(C)=O)cc1,-3.40774,1
CC(=O)N1CCC(N(CCC(C)C)C(=S)Nc2cc(F)cc(F)c2)CC1,-3.31849,1
CC(=O)N1CCC(N(CCCOC(C)C)C(=S)Nc2cc(F)cc(F)c2)CC1,-5.93488,1
CC(=O)N1CCCSc2ccc(S(=O)(=O)NCc3ccc(OC(C)C)cc3)cc21,-5.27458,1
CC(=O)N1CCCSc2ccc(S(=O)(=O)Nc3cccc(C#N)c3)cc21,-6.3849,1
CC(=O)N1CCN(CC/N=C/C2=C(O)C[C@@H](c3ccccc3)CC2=O)CC1,-5.60015,1
CC(=O)N1CCN(CC/N=C/C2=C(O)C[C@H](c3ccccc3)CC2=O)CC1,-4.7277,1
CC(=O)N1CCN(CC/N=C\C2=C(O)C[C@@H](c3ccc(F)cc3)CC2=O)CC1,-5.62698,1
CC(=O)N1CCN(CC/[NH+]=C\C2=C(O)C[C@@H](c3ccc(F)cc3)CC2=O)CC1,-4.25531,1
CC(=O)N1CCN(CCNC=C2C(=O)CC(c3ccc(Cl)cc3)CC2=O)CC1,-6.05111,1
CC(=O)N1CCN(CCNC=C2C(=O)CC(c3ccc(F)cc3)CC2=O)CC1,-6.12555,1
CC(=O)N1CCN(CCNC=C2C(=O)CC(c3ccccc3)CC2=O)CC1,-5.76431,1
CC(=O)N1CCN(Cc2[nH+]c3cc(NC(=O)c4cccs4)ccc3n2C)CC1,-4.94015,1
CC(=O)N1CCN(Cc2nc3cc(NC(=O)COc4cccc(C)c4)ccc3n2C)CC1,-4.66121,1
CC(=O)N1CCN(Cc2nc3cc(NC(=O)c4cccs4)ccc3n2C)CC1,-3.17348,1
CC(=O)N1CCN([C@@H](c2ccc(C)cc2)c2sc3nc(-c4ccco4)nn3c2O)CC1,-2.5121,1
CC(=O)N1CCN([C@@H](c2ccc(C)cc2)c2sc3nc(-c4ccco4)nn3c2[O-])CC1,-4.66052,1
CC(=O)N1CCN(c2oc(-c3ccc(C)cc3)nc2S(=O)(=O)c2ccc(F)cc2)CC1,-5.22525,1
CC(=O)N1CCN(c2oc(-c3ccc(COc4ccccc4C)o3)nc2C#N)CC1,-6.28758,1
CC(=O)N1CCN(c2oc(-c3ccc(F)cc3)nc2S(=O)(=O)c2ccc(F)cc2)CC1,-6.58712,1
CC(=O)N1CCN(c2oc(-c3cccc(Cl)c3)nc2S(=O)(=O)c2ccc(C)cc2)CC1,-6.51764,1
CC(=O)N1CCN(c2oc(-c3ccccc3)nc2S(=O)(=O)c2ccc(C)cc2)CC1,-5.86063,1
CC(=O)N1CCN(c2oc(-c3ccccc3)nc2S(=O)(=O)c2ccc(Cl)cc2)CC1,-6.44069,1
CC(=O)N1CCN(c2oc(-c3ccccc3Cl)nc2S(=O)(=O)c2ccc(C)cc2)CC1,-6.15698,1
CC(=O)N1CCN(c2oc(-c3ccco3)nc2S(=O)(=O)c2ccc(C)cc2)CC1,-6.69604,1
CC(=O)N1CCN(c2oc(-c3ccco3)nc2S(=O)(=O)c2ccccc2)CC1,-6.79754,1
CC(=O)N1CCSc2ccc(S(=O)(=O)[N-]c3cccc(C#N)c3)cc21,-3.17848,1
CC(=O)N1CC[NH+](CCNC=C2C(=O)CC(c3ccc(F)cc3)CC2=O)CC1,-3.82421,1
CC(=O)N1CC[NH+](CCNC=C2C(=O)CC(c3ccccc3)CC2=O)CC1,-4.15663,1
CC(=O)N1CC[NH+](Cc2nc3cc(NC(=O)COc4ccccc4Cl)ccc3n2C)CC1,-4.25223,1
CC(=O)N1CC[NH+](Cc2nc3cc(NC(=O)c4cccs4)ccc3n2C)CC1,-4.47769,1
CC(=O)N1CCc2cc(CNC(=O)CC3CCCC3)ccc21,-4.21541,1
CC(=O)N1CCc2cc(CNC(=O)CCc3ccccc3)ccc21,-2.42731,1
CC(=O)N1CCc2cc(CNC(=O)Nc3cc(F)ccc3F)ccc21,-3.44072,1
CC(=O)N1CCc2cc(CNC(=O)Nc3ccc(Br)cc3F)ccc21,-4.12273,1
CC(=O)N1CCc2cc(CNC(=O)Nc3ccc(F)cc3F)ccc21,-5.0287,1
CC(=O)N1CCc2cc(CNC(=O)Nc3ccccc3Cl)ccc21,-6.13721,1
CC(=O)N1CCc2cc(CNS(=O)(=O)c3ccc4c(c3)CCCC4)ccc21,-5.0844,1
CC(=O)N1CCc2cc(CNS(=O)(=O)c3ccccc3C(F)(F)F)ccc21,-2.98811,1
CC(=O)N1N=C(c2cccc(Br)c2)O[C@H]1c1ccc(Oc2ccc([N+](=O)[O-])cn2)cc1,-3.32263,1
CC(=O)N1c2ccc(S(=O)(=O)N3CCCC3)cc2C[C@H]1C(=O)NCCN1CCOCC1,-1.79768,1
CC(=O)N1c2ccc(S(=O)(=O)N3CCOCC3)cc2C[C@@H]1C(=O)NCc1ccccc1C,-2.27067,1
CC(=O)NC(=O)/C=C/c1cccc(-c2[nH+]cc(Cc3ccccc3)n2CCc2ccccc2)c1,-10.24,1
CC(=O)NC(=O)/C=C/c1cccc(-c2[nH]c(Cc3ccccc3)c[nH+]2)c1,-10.46,1
CC(=O)NC(=O)/C=C/c1cccc(-c2c(C)[nH+]c(Cc3ccccc3)n2C)c1,-10.68,1
CC(=O)NC(=O)/C=C/c1cccc(-c2c(C)nc(Cc3ccccc3)n2[C@H]2CCC[NH2+]C2)c1,-9.066,1
CC(=O)NC(=O)/C=C/c1cccc(-c2c[nH+]c(-c3ccccc3)n2CCc2ccccc2)c1,-8.201,1
CC(=O)NC(=O)/C=C/c1cccc(-c2c[nH+]c(Cc3ccccc3)[nH]2)c1,-10.52,1
CC(=O)NC(=O)/C=C/c1cccc(-c2c[nH+]c(Cc3ccccc3)n2C)c1,-10.77,1
CC(=O)NC(=O)/C=C/c1cccc(-c2c[nH+]cn2CCc2ccccc2)c1,-7.875,1
CC(=O)NC(=O)/C=C/c1cccc(-c2cnc(Cc3ccccc3)n2[C@H]2CCC[N@@H+](C)C2)c1,-10.59,1
CC(=O)NC(=O)/C=C/c1cccc(-c2cnc(Cc3ccccc3)n2[C@H]2CCC[NH2+]C2)c1,-9.151,1
CC(=O)NC(=O)/C=C/c1cccc(-c2nc(C)c(-c3ccccc3)n2C)c1,-8.42,1
CC(=O)NC(=O)/C=C/c1cccc(-c2nc(Cc3ccccc3)c[nH]2)c1,-9.211,1
CC(=O)NC(=O)/C=C/c1cccc(-c2nc(Cc3ccccc3)cn2C)c1,-10.62,1
CC(=O)NC(=O)/C=C/c1cccc(-c2nc(Cc3ccccc3)cn2CCN2CCOCC2)c1,-11.18,1
CC(=O)NC(=O)/C=C\c1ccc(NS(=O)(=O)Cc2ccc(C(C)C)cc2)cc1,-11.14,1
CC(=O)NC(=O)CCCCCNC(=O)Cn1cnc2cnc(Nc3ccccc3)nc21,-10.76,1
CC(=O)NC(=O)CCCCC[C@@H](NC(=O)[C@@H]1CCC(=O)N1)C(=O)Nc1ccccc1,-10.04,1
CC(=O)NC(=O)COc1ccc(CCNC(=O)Cc2ccccc2)cc1,-10.58,1
CC(=O)NC(=O)c1ccc(CN(C(=O)c2ccc(C(C)C)cc2)C2CC2)cc1,-10.7,1
CC(=O)NC(=O)c1ccc(CN2C(=O)c3ccccc3C2=O)cc1,-10.39,1
CC(=O)NC(=O)c1ccc(CN2CC(=O)N(Cc3cccc(Cl)c3)CC2=O)cc1,-10.57,1
CC(=O)NC(=O)c1ccc(CN2CC(=O)N(Cc3cccc(Cl)c3)[C@@H](C)C2=O)cc1,-11.48,1
CC(=O)NC(=O)c1ccc(CN2CC(=O)N(Cc3ccccc3)CC2=O)cc1,-11.29,1
CC(=O)NC(=O)c1ccc(CN2CC(=O)N(Cc3ccccc3)[C@@H](C)C2=O)cc1,-8.539,1
CC(=O)NC(=O)c1ccc(CN2CC(=O)N(Cc3ccccc3Cl)CC2=O)cc1,-10.72,1
CC(=O)NC(=O)c1ccc(CN2CC(=O)N(Cc3ccccc3Cl)[C@@H](C)C2=O)cc1,-9.18,1
CC(=O)NC(=O)c1ccc(CN2CC(=O)N[C@@H](C)C2=O)cc1,-10.24,1
CC(=O)NC(=O)c1ccc(CN2CC(=O)N[C@@H](Cc3ccccc3)C2=O)cc1,-10.1,1
CC(=O)NC(=O)c1ccc(CNC(=O)N2CCC(N3C[C@@H](c4ccccc4)C3=O)CC2)cc1,-9.956,1
CC(=O)NC(=O)c1ccc(CNC(=O)c2ccc(C(C)C)cc2)cc1,-10.53,1
CC(=O)NC(=O)c1ccc(COc2ccc(/C=C3\NC(=O)CNC3=O)cc2)cc1,-10.29,1
CC(=O)NC(=O)c1ccc(Cc2ccc3c(=O)n(CCc4ccccc4)c(C)nc3c2)cc1,-11.7,1
CC(=O)NC(=O)c1ccc(Cc2ccc3nc(C)n(C)c(=O)c3c2)cc1,-10.86,1
CC(=O)NC(=O)c1ccc(Cc2ccc3ncn(C)c(=O)c3c2)cc1,-10.94,1
CC(=O)NC(=O)c1ccc(Cn2c(=O)[nH]c(=O)c3ccccc32)cc1,-7.476,1
CC(=O)NC(=O)c1ccc(Cn2c(=O)[nH]c(=O)c3ccsc32)cc1,-10.2,1
CC(=O)NC(=O)c1ccc(Cn2cnc3ccccc32)c(F)c1,-10.35,1
CC(=O)NC(=O)c1ccc(N[C@@H]2CCN(c3ccc4ncccc4c3)C2=O)cc1,-9.599,1
CC(=O)NC(=O)c1ccc2[nH]ccc2c1,-10.1,1
CC(=O)NC(=O)c1ccccc1,-9.607,1
CC(=O)NC(=O)c1cnc(N[C@H]2CC[C@@H]([NH2+]Cc3c[nH]c4cc(C)ccc34)CC2)nc1,-9.646,1
CC(=O)NC(=O)c1cnc(N[C@H]2CC[C@@H]([NH2+]Cc3cn(C)c4ccccc34)CC2)nc1,-9.921,1
CC(=O)NC1=NN(C(C)=O)[C@@H](c2ccc(OCCCOc3cc(C)cc(C)c3)cc2)S1,-5.52659,1
CC(=O)NC1=NN(C(C)=O)[C@@H](c2cccc(OCCCOc3cccc(C)c3)c2)S1,-7.52916,1
CC(=O)NC1=NN(C(C)=O)[C@@H](c2cccc(OCCOc3cccc(C)c3)c2)S1,-3.73172,1
CC(=O)NC1=NN(C(C)=O)[C@@H](c2ccccc2OCCCOc2ccccc2)S1,-2.11715,1
CC(=O)NC1=NN(C(C)=O)[C@@](C)(c2ccc(C)cc2)S1,-3.64957,1
CC(=O)NC1=NN(C(C)=O)[C@@](C)(c2ccc(NC(C)=O)cc2)S1,-7.23557,1
CC(=O)NC1=NN(C(C)=O)[C@@](C)(c2ccc([N+](=O)[O-])cc2)S1,-2.59343,1
CC(=O)NC1=NN(C(C)=O)[C@@]2(S1)C(=O)N(Cc1ccc(OCCC(C)C)cc1)c1ccc(C)cc12,-2.24316,1
CC(=O)NC1=NN(C(C)=O)[C@H](c2cc(C)ccc2OCc2ccccc2F)S1,-6.52633,1
CC(=O)NC1=NN(C(C)=O)[C@H](c2cc(Cl)ccc2OCc2ccccc2F)S1,-2.95649,1
CC(=O)NC1=NN(C(C)=O)[C@H](c2cccc(OCCCOc3ccccc3)c2)S1,-3.13971,1
CC(=O)NC1=NN(C(C)=O)[C@H](c2ccccc2OCCCOc2cc(C)c(Cl)c(C)c2)S1,-3.99875,1
CC(=O)NC1=NN(C(C)=O)[C@H](c2ccccc2OCCOc2ccc(Cl)c(C)c2)S1,-4.33191,1
CC(=O)NC1=NN(C(C)=O)[C@H](c2ccccc2OCc2ccccc2F)S1,-3.33334,1
CC(=O)NC1=NN(C(C)=O)[C@](C)(c2ccc(NC(C)=O)cc2)S1,-5.98839,1
CC(=O)NC1=NN(C(C)=O)[C@]2(S1)C(=O)N(CCCOc1ccc(Cl)cc1)c1ccccc12,-1.71732,1
CC(=O)NCC(=O)N1CCC(c2nc(-c3ccc(Cl)cc3)no2)CC1,-5.44856,1
CC(=O)NCCCCCc1[nH+]c2ccccc2n1Cc1ccc(Cl)cc1,-5.71136,1
CC(=O)NCCCCCc1[nH+]c2ccccc2n1Cc1ccccc1,-5.88708,1
CC(=O)NCCCCCc1nc2ccccc2n1Cc1ccc(Cl)cc1,-7.05284,1
CC(=O)NCCCCCc1nc2ccccc2n1Cc1ccccc1,-7.83675,1
CC(=O)NCCCc1[nH+]c2ccccc2n1Cc1ccc(C)cc1,-2.85455,1
CC(=O)NCCCc1nc2ccccc2n1Cc1ccccc1,-3.08603,1
CC(=O)NCCNC(=O)CCc1nc2sc3c(c2c(=O)[nH]1)CC[C@H](C)C3,-4.32627,1
CC(=O)NCCNC(=O)c1ccc(C)c(/N=C2/N[C@@H]3CS(=O)(=O)C[C@@H]3S2)c1,-6.26745,1
CC(=O)NCCc1[nH+]c2cc(NC(=O)COc3ccc(Cl)cc3)ccc2n1C,-4.87753,1
CC(=O)NCCc1[nH+]c2cc(NC(=O)c3ccc(C)cc3)ccc2n1C,-4.32324,1
CC(=O)NCCc1[nH+]c2cc(NC(=O)c3ccc(F)cc3)ccc2n1C,-4.60861,1
CC(=O)NCCc1[nH+]c2cc(NC(=O)c3ccccc3)ccc2n1C,-5.84451,1
CC(=O)NCCc1[nH+]c2cc(NC(C)=O)ccc2n1C,0.176963,1
CC(=O)NCCc1[nH+]c2ccccc2n1Cc1cc(C)ccc1C,-4.52795,1
CC(=O)NCCc1c[nH]c2ccccc12,-9.992,1
CC(=O)NCCc1nc2cc(NC(=O)COc3ccc(Cl)cc3)ccc2n1C,-7.11275,1
CC(=O)NCCc1nc2cc(NC(=O)c3ccc(C)cc3)ccc2n1C,-1.84684,1
CC(=O)NCCc1nc2cc(NC(=O)c3ccc(F)cc3)ccc2n1C,-4.79547,1
CC(=O)NCCc1nc2cc(NC(=O)c3ccccc3)ccc2n1C,-4.80759,1
CC(=O)NCCc1nc2cc(NC(C)=O)ccc2n1C,-7.30925,1
CC(=O)NCCc1nc2ccccc2n1CCCCOc1ccc(C)cc1,-3.53876,1
CC(=O)NCCn1c(-c2ccccc2)nc2cccnc21,-4.18836,1
CC(=O)NCc1c(-c2ccc(Cl)cc2)nc2n1CCS2,0.506695,1
CC(=O)NCc1nc(-c2ccc(C(C)(C)C)cc2)no1,-7.2409,1
CC(=O)NCc1nc(-c2ccc(Cl)cc2)no1,-7.61326,1
CC(=O)NCc1nc(-c2cccc(C)c2)no1,-8.61224,1
CC(=O)NCc1nnnn1-c1ccc(C)c(C)c1,-4.98894,1
CC(=O)N[C@H](C)c1nc(-c2ccc(C)cc2)no1,-5.75848,1
CC(=O)Nc1cc(C(=O)N2CCN(c3ccc(-c4noc(C)n4)cc3)CC2)ccc1C,-5.50044,1
CC(=O)Nc1cc(C(=O)[O-])ccc1Sc1ccccc1,-4.49693,1
CC(=O)Nc1ccc(C(=O)/[NH+]=C(\NCc2c(C)nn(C)c2C)Nc2ccc(Br)cc2)cc1,-3.45694,1
CC(=O)Nc1ccc(C(=O)/[NH+]=C(\NCc2c(C)nn(C)c2C)Nc2ccc(C(C)C)cc2)cc1,-7.29239,1
CC(=O)Nc1ccc(C(=O)/[NH+]=C(\NCc2c(C)nn(C)c2C)Nc2cccc(F)c2)cc1,-5.08358,1
CC(=O)Nc1ccc(C(=O)/[NH+]=C(\NCc2ccncc2)Nc2ccc(C)cc2)cc1,-7.61227,1
CC(=O)Nc1ccc(C(=O)N/N=C/c2cccc(C)n2)cc1,-7.70112,1
CC(=O)Nc1ccc(C(=O)N2CCC(c3nc(-c4ccc(Cl)cc4)no3)CC2)cc1,-6.31671,1
CC(=O)Nc1ccc(C(=O)NCCn2c(-c3ccc(C)cc3)nc3cccnc32)cc1,-4.43389,1
CC(=O)Nc1ccc(C(=O)NCCn2c(-c3ccc(F)cc3)nc3cccnc32)cc1,-7.81453,1
CC(=O)Nc1ccc(C(=O)NCCn2c(-c3ccccc3)nc3cccnc32)cc1,-7.7903,1
CC(=O)Nc1ccc(C(=O)NCCn2c(C(F)(F)F)nc3ccccc32)cc1,-3.438,1
CC(=O)Nc1ccc(C(=O)NCCn2c(CCc3ccccc3)[nH+]c3cccnc32)cc1,-5.18668,1
CC(=O)Nc1ccc(C(=O)NCCn2c(CCc3ccccc3)nc3cccnc32)cc1,-3.01708,1
CC(=O)Nc1ccc(C(=O)NCc2ccc3c(c2)OCO3)cc1,-8.01574,1
CC(=O)Nc1ccc(C(=O)Nc2nc3ccc(S(C)(=O)=O)cc3s2)cc1,-8.36426,1
CC(=O)Nc1ccc(C(=O)Nc2nnc([C@@H]3CC(=O)N(c4ccc(C)cc4)C3)s2)cc1,-7.44657,1
CC(=O)Nc1ccc(C(=O)OCc2cc(=O)n3c4c(sc3n2)CCCC4)cc1,-5.50452,1
CC(=O)Nc1ccc(C(=O)OCc2cc(=O)n3cc(C)sc3n2)cc1,-4.5937,1
CC(=O)Nc1ccc(C(=O)OCc2cc(=O)n3nc(C(C)C)sc3n2)cc1,-5.77971,1
CC(=O)Nc1ccc(C(=O)OCc2cc(=O)n3nc(C4CCCCC4)sc3n2)cc1,-5.56377,1
CC(=O)Nc1ccc(C(=O)OCc2cc(=O)n3nc(CC(C)C)sc3n2)cc1,-2.76594,1
CC(=O)Nc1ccc(C(=O)[N-]c2nnc([C@@H]3CC(=O)N(c4ccc(C)cc4)C3)s2)cc1,-5.56083,1
CC(=O)Nc1ccc(C2=C[C@@H](c3ccc(Cl)cc3)n3nc(CCCO)nc3N2)cc1,-3.03029,1
CC(=O)Nc1ccc(C2=C[C@H](c3ccc(Cl)cc3)n3nc(CCCO)nc3N2)cc1,-5.72032,1
CC(=O)Nc1ccc(N/C=C2/N=C(c3ccc([N+](=O)[O-])cc3)OC2=O)cc1,-7.82368,1
CC(=O)Nc1ccc(N/C=C2/N=C(c3ccccc3Br)OC2=O)cc1,-5.315,1
CC(=O)Nc1ccc(N/C=C2\N=C(c3ccccc3Br)OC2=O)cc1,-7.23312,1
CC(=O)Nc1ccc(N2C(=O)CN(S(C)(=O)=O)C[C@@]2(C)C(=O)NC2CCCCC2)cc1,-7.36206,1
CC(=O)Nc1ccc(N2C(=O)C[C@@H]([NH+]3CCN(c4ccccc4F)CC3)C2=O)cc1,-1.10272,1
CC(=O)Nc1ccc(N2C(=O)C[C@H](N3CCN(c4ccccc4F)CC3)C2=O)cc1,-2.11435,1
CC(=O)Nc1ccc(N2C(=O)c3cc4ccsc4n3C[C@@]2(C)C(=O)NC2CCCCC2)cc1,-8.2174,1
CC(=O)Nc1ccc(NC(=O)C2CCN(S(=O)(=O)Cc3ccccc3F)CC2)cc1,-2.48654,1
CC(=O)Nc1ccc(NC(=O)C2CCN(S(=O)(=O)c3ccc4c(c3)CCCC(=O)N4)CC2)cc1,-3.79249,1
CC(=O)Nc1ccc(NC(=O)C2CCN(c3ccc(=O)n(-c4cccc(F)c4)n3)CC2)cc1,-2.60142,1
CC(=O)Nc1ccc(NC(=O)C2CCN(c3cnccn3)CC2)cc1,-4.42712,1
CC(=O)Nc1ccc(NC(=O)CCCc2nc(-c3ccco3)no2)cc1,-4.58007,1
CC(=O)Nc1ccc(NC(=O)CCCn2cc([N+](=O)[O-])cn2)cc1,-4.96902,1
CC(=O)Nc1ccc(NC(=O)CCCn2nc(C)c([N+](=O)[O-])c2C)cc1,-7.59753,1
CC(=O)Nc1ccc(NC(=O)CCN2C(=O)c3ccccc3C2=O)cc1,-8.5017,1
CC(=O)Nc1ccc(NC(=O)CCc2c(C)nc3ncnn3c2C)cc1,-6.85513,1
CC(=O)Nc1ccc(NC(=O)CCc2c(C)nn3cnnc3c2C)cc1,-3.78004,1
CC(=O)Nc1ccc(NC(=O)CCc2ccc(-c3ccc(C)cc3)o2)cc1,-2.5453,1
CC(=O)Nc1ccc(NC(=O)CCc2ccc3nc(NC(C)=O)sc3c2)cc1,-8.26801,1
CC(=O)Nc1ccc(NC(=O)CCc2nc(-c3ccco3)no2)cc1,-3.39014,1
CC(=O)Nc1ccc(NC(=O)CCc2nc(-c3cccs3)no2)cc1,-2.49365,1
CC(=O)Nc1ccc(NC(=O)CCn2nnc3cc(S(=O)(=O)N(C)C)ccc32)cc1,-6.31619,1
CC(=O)Nc1ccc(NC(=O)CN2C(=O)C(C)(C)c3cc(Cl)ccc32)cc1,-2.71586,1
CC(=O)Nc1ccc(NC(=O)CN2CCN(S(=O)(=O)c3ccc(F)cc3)CC2)cc1,-3.53852,1
CC(=O)Nc1ccc(NC(=O)CN2c3ccc(F)cc3-c3ccccc3S2(=O)=O)cc1,-5.24967,1
CC(=O)Nc1ccc(NC(=O)COCc2cc(-c3ccco3)on2)cc1,-4.74692,1
CC(=O)Nc1ccc(NC(=O)COc2cccc3c2OC(C)(C)C3)cc1,-7.75787,1
CC(=O)Nc1ccc(NC(=O)COc2ccccc2-c2nc(-c3ccc(C)cc3)no2)cc1,-3.68006,1
CC(=O)Nc1ccc(NC(=O)COc2ccccc2-c2nc(-c3ccccc3C)no2)cc1,-4.36611,1
CC(=O)Nc1ccc(NC(=O)CSC2=[NH+]C(=O)C[C@@H](c3ccccc3F)[C@H]2C#N)cc1,-8.0246,1
CC(=O)Nc1ccc(NC(=O)CSC2=[NH+]C(=O)C[C@H](c3ccccc3F)[C@@H]2C#N)cc1,-7.51701,1
CC(=O)Nc1ccc(NC(=O)CSc2[nH+]cc(CO)n2CC(=O)NC(C)C)cc1,-3.74765,1
CC(=O)Nc1ccc(NC(=O)CSc2[nH+]cc(CO)n2CC(=O)NC2CCCC2)cc1,-2.29335,1
CC(=O)Nc1ccc(NC(=O)CSc2[nH+]cc(CO)n2CC(=O)NCc2ccc(C)cc2)cc1,-2.0058,1
CC(=O)Nc1ccc(NC(=O)CSc2[nH+]cc(CO)n2Cc2ccc(C)cc2)cc1,-2.315,1
CC(=O)Nc1ccc(NC(=O)CSc2[nH+]ccn2C2CCCCC2)cc1,-6.59737,1
CC(=O)Nc1ccc(NC(=O)CSc2[nH+]ccn2Cc2ccccc2Cl)cc1,-6.22625,1
CC(=O)Nc1ccc(NC(=O)CSc2[nH]c3ccccc3[nH+]2)cc1,-3.55237,1
CC(=O)Nc1ccc(NC(=O)CSc2n[nH]c(C)n2)cc1,-7.06295,1
CC(=O)Nc1ccc(NC(=O)CSc2nc(C)n[nH]2)cc1,-7.65461,1
CC(=O)Nc1ccc(NC(=O)CSc2nc3[nH+]c[nH]c3c(=O)[n-]2)cc1,-8.5598,1
CC(=O)Nc1ccc(NC(=O)CSc2nc3c(=O)nc[nH]c3n2-c2ccccc2)cc1,-5.24296,1
CC(=O)Nc1ccc(NC(=O)CSc2nc3c(cnn3-c3ccc(Cl)cc3)c(=O)[n-]2)cc1,-2.82383,1
CC(=O)Nc1ccc(NC(=O)CSc2nc3ccccc3[nH]2)cc1,-2.27538,1
CC(=O)Nc1ccc(NC(=O)CSc2ncc(CO)n2CC(=O)NC(C)C)cc1,-2.70441,1
CC(=O)Nc1ccc(NC(=O)CSc2ncc(CO)n2CC(=O)NCc2ccc(C)cc2)cc1,-4.47787,1
CC(=O)Nc1ccc(NC(=O)CSc2ncc(CO)n2CC(=O)NCc2ccccc2)cc1,-7.52314,1
CC(=O)Nc1ccc(NC(=O)CSc2nccn2-c2cc(C)ccc2C)cc1,-4.14668,1
CC(=O)Nc1ccc(NC(=O)CSc2nccn2Cc2ccccc2Cl)cc1,-3.27631,1
CC(=O)Nc1ccc(NC(=O)CSc2nnc(C)n2-n2cccc2)cc1,-1.98228,1
CC(=O)Nc1ccc(NC(=O)CSc2nnc(Cc3cccn3C)n2-c2ccc(F)cc2)cc1,-2.92671,1
CC(=O)Nc1ccc(NC(=O)CSc2nnc(Cc3cccn3C)n2CCc2ccccc2)cc1,-3.63372,1
CC(=O)Nc1ccc(NC(=O)CSc2nnc([N-]C(=O)Nc3ccc(C)cc3)s2)cc1,-5.44284,1
CC(=O)Nc1ccc(NC(=O)CSc2nnc3ccc(-c4ccncc4)nn23)cc1,-7.971,1
CC(=O)Nc1ccc(NC(=O)CSc2nnnn2-c2ccccc2)cc1,-7.72967,1
CC(=O)Nc1ccc(NC(=O)C[C@@H](C)n2ccc(C)n2)cc1,-7.05352,1
CC(=O)Nc1ccc(NC(=O)C[C@@H](C)n2nc(C)cc2C)cc1,-6.9459,1
CC(=O)Nc1ccc(NC(=O)C[C@@H]2Nc3ccccc3NC2=O)cc1,-7.64065,1
CC(=O)Nc1ccc(NC(=O)C[C@@H]2Sc3ccccc3NC2=O)cc1,-6.42171,1
CC(=O)Nc1ccc(NC(=O)C[C@H](C)n2ccc(C)n2)cc1,-2.3783,1
CC(=O)Nc1ccc(NC(=O)C[C@H]2Nc3ccccc3NC2=O)cc1,-8.76066,1
CC(=O)Nc1ccc(NC(=O)C[C@H]2Sc3ccccc3NC2=O)cc1,-7.98703,1
CC(=O)Nc1ccc(NC(=O)C[NH+]2CCN(S(=O)(=O)c3ccc(F)cc3)CC2)cc1,-5.54244,1
CC(=O)Nc1ccc(NC(=O)Cc2csc(NC(=O)C3CC3)n2)cc1,-5.31469,1
CC(=O)Nc1ccc(NC(=O)Cc2csc(NC(=O)Nc3ccccc3)n2)cc1,-5.72795,1
CC(=O)Nc1ccc(NC(=O)Cc2csc(NC(=O)c3ccco3)n2)cc1,-8.23534,1
CC(=O)Nc1ccc(NC(=O)Cn2c(-c3nnc(C(C)C)o3)cc3ccccc32)cc1,-2.06131,1
CC(=O)Nc1ccc(NC(=O)Cn2cc([N+](=O)[O-])cn2)cc1,-7.84437,1
CC(=O)Nc1ccc(NC(=O)[C@@H](C)N2Cc3ccccc3C2=O)cc1,-7.5026,1
CC(=O)Nc1ccc(NC(=O)[C@@H](C)n2cc([N+](=O)[O-])cn2)cc1,-5.24131,1
CC(=O)Nc1ccc(NC(=O)[C@@H](Cc2ccccc2)NS(=O)(=O)c2cccs2)cc1,-2.59399,1
CC(=O)Nc1ccc(NC(=O)[C@@H]2CC(=O)Nc3ncnn32)cc1,-5.93838,1
CC(=O)Nc1ccc(NC(=O)[C@@H]2CCC(=O)N2S(=O)(=O)c2ccccc2)cc1,-7.8692,1
CC(=O)Nc1ccc(NC(=O)[C@@H]2CCCN2S(=O)(=O)c2cccc3nsnc23)cc1,1.40897,1
CC(=O)Nc1ccc(NC(=O)[C@H](C)N2Cc3ccccc3C2=O)cc1,-3.53909,1
CC(=O)Nc1ccc(NC(=O)[C@H](C)n2cc([N+](=O)[O-])cn2)cc1,-5.21067,1
CC(=O)Nc1ccc(NC(=O)[C@H]2CC(=O)N=C(N)S2)cc1,-7.73962,1
CC(=O)Nc1ccc(NC(=O)[C@H]2CC(=O)Nc3ncnn32)cc1,-7.29424,1
CC(=O)Nc1ccc(NC(=O)[C@H]2CC(=O)[NH+]=C(N)S2)cc1,-4.1211,1
CC(=O)Nc1ccc(NC(=O)[C@H]2CCC(=O)N2S(=O)(=O)c2ccccc2)cc1,-1.90815,1
CC(=O)Nc1ccc(NC(=O)[C@H]2CCCN(S(=O)(=O)c3ccc4[n-]c(=O)oc4c3)C2)cc1,-1.44148,1
CC(=O)Nc1ccc(NC(=O)[C@H]2CCCN(c3nc4ccccc4nc3C(F)(F)F)C2)cc1,-1.91057,1
CC(=O)Nc1ccc(NC(=O)[C@H]2Cc3ccccc3N2C(=O)c2ccccc2)cc1,-4.26938,1
CC(=O)Nc1ccc(NC(=O)c2c(C)nn(-c3ccccc3)c2Cl)cc1,-7.31242,1
CC(=O)Nc1ccc(NC(=O)c2c(N3CCCC3=O)c3cc(C)ccc3n2C)cc1,-7.15696,1
CC(=O)Nc1ccc(NC(=O)c2c[n-]c(=O)n(-c3ccccc3)c2=O)cc1,-6.83814,1
CC(=O)Nc1ccc(NC(=O)c2c[nH]c(=O)n(-c3ccccc3)c2=O)cc1,-8.06368,1
CC(=O)Nc1ccc(NC(=O)c2cc(-c3ccncc3)[nH]n2)cc1,-7.30207,1
CC(=O)Nc1ccc(NC(=O)c2cc(-c3ccncc3)n[nH]2)cc1,-6.95104,1
CC(=O)Nc1ccc(NC(=O)c2cc(=O)n3c(nc4ccccc43)s2)cc1,-8.27333,1
CC(=O)Nc1ccc(NC(=O)c2cc3c(=O)n4cccc(C)c4nc3n2C)cc1,-7.68727,1
CC(=O)Nc1ccc(NC(=O)c2ccc(C)cc2)cc1,-5.69847,1
CC(=O)Nc1ccc(NC(=O)c2ccc(Cl)c([N+](=O)[O-])c2)cc1,-7.48172,1
CC(=O)Nc1ccc(NC(=O)c2ccc(Cn3cc(Br)cn3)cc2)cc1,-4.1929,1
CC(=O)Nc1ccc(NC(=O)c2ccc3c(c2)CCCN3S(C)(=O)=O)cc1,-3.46409,1
CC(=O)Nc1ccc(NC(=O)c2ccc3c(c2)CCN3S(=O)(=O)c2ccc(C)cc2)cc1,-6.04767,1
CC(=O)Nc1ccc(NC(=O)c2ccc3c(c2)C[C@@H](c2ccccc2)OC3=O)cc1,-7.79085,1
CC(=O)Nc1ccc(NC(=O)c2ccc3c(c2)C[C@H](c2ccc(C)cc2)OC3=O)cc1,-5.32486,1
CC(=O)Nc1ccc(NC(=O)c2ccc3c(c2)NC(=O)c2ccccc2S3)cc1,-2.8365,1
CC(=O)Nc1ccc(NC(=O)c2ccc3c(c2)nnn3C)cc1,-8.26189,1
CC(=O)Nc1ccc(NC(=O)c2cccc(-c3noc(C4CCC4)n3)c2)cc1,-6.32893,1
CC(=O)Nc1ccc(NC(=O)c2ccccc2-c2nc(-c3ccc(F)cc3)no2)cc1,-4.0477,1
CC(=O)Nc1ccc(NC(=O)c2ccccc2-c2nc(-c3ccccc3)no2)cc1,-6.20523,1
CC(=O)Nc1ccc(NC(=O)c2cccn(OCc3cccc([N+](=O)[O-])c3)c2=O)cc1,-4.74469,1
CC(=O)Nc1ccc(NC(=O)c2cccs2)cc1,-8.20214,1
CC(=O)Nc1ccc(NC(=O)c2cnn(-c3ccc(Cl)cc3)c2)cc1,-7.63743,1
CC(=O)Nc1ccc(NC(=O)c2cnn(-c3ccccc3)c2)cc1,-7.6277,1
CC(=O)Nc1ccc(NS(=O)(=O)c2c(C)nc3sccn3c2=O)cc1,-5.89242,1
CC(=O)Nc1ccc(NS(=O)(=O)c2ccc3c(c2)NC(=O)CCS3)cc1,-4.68283,1
CC(=O)Nc1ccc(N[C@@H](NC(=O)c2cccs2)C(=O)c2ccccc2)cc1,-7.99448,1
CC(=O)Nc1ccc(N[C@@H]2c3ncccc3C(=O)N2c2ccc(C)cc2)cc1,-1.89642,1
CC(=O)Nc1ccc(N[C@H](NC(=O)c2cccs2)C(=O)c2ccccc2)cc1,-2.12633,1
CC(=O)Nc1ccc(Nc2cc(C)nc(-n3cc([N+](=O)[O-])cn3)n2)cc1,-8.79318,1
CC(=O)Nc1ccc(Nc2cc(C)nc3c(C)c(-c4ccccc4)nn23)cc1,-7.41896,1
CC(=O)Nc1ccc(Nc2cc(N3CCOCC3)c3nonc3c2[N+](=O)[O-])cc1,-1.6728,1
CC(=O)Nc1ccc(Nc2nc(C)cc(Nc3ccc(C)cc3)n2)cc1,-8.99503,1
CC(=O)Nc1ccc(Nc2nc(Nc3ccc(C)cc3)cc(C)[nH+]2)cc1,-7.01512,1
CC(=O)Nc1ccc(Nc2nc3c(S(=O)(=O)c4ccc(Cl)cc4)nnn3c3ccsc23)cc1,-6.79506,1
CC(=O)Nc1ccc(Nc2nc3c(S(=O)(=O)c4cccc(Cl)c4)nnn3c3ccsc23)cc1,-7.88919,1
CC(=O)Nc1ccc(Nc2nc3c(S(=O)(=O)c4ccccc4)nnn3c3ccsc23)cc1,-6.93585,1
CC(=O)Nc1ccc(OCc2cc(=O)n3ccccc3n2)cc1,-8.00086,1
CC(=O)Nc1ccc(OCc2cc(=O)n3nc(CC(C)C)sc3n2)cc1,-7.19074,1
CC(=O)Nc1ccc(S(=O)(=O)/N=C2/[N-]C[N@@H+](CCCN3CCOCC3)CN2)cc1,-0.54507,1
CC(=O)Nc1ccc(S(=O)(=O)/N=C2/[N-]C[N@@H+](Cc3ccccc3)CN2)cc1,-5.59818,1
CC(=O)Nc1ccc(S(=O)(=O)/N=C2/[N-]C[N@H+](CCO)CN2)cc1,-6.04563,1
CC(=O)Nc1ccc(S(=O)(=O)/N=C2\[N-]C[N@@H+](CCO)CN2)cc1,-6.57537,1
CC(=O)Nc1ccc(S(=O)(=O)/N=C2\[N-]C[N@@H+](Cc3ccccc3)CN2)cc1,-7.34157,1
CC(=O)Nc1ccc(S(=O)(=O)/N=C2\[N-]C[N@H+](Cc3ccc4c(c3)OCO4)CN2)cc1,-2.90394,1
CC(=O)Nc1ccc(S(=O)(=O)N2CCC(C)(C(=O)NCc3ccccc3)CC2)cc1,-3.6178,1
CC(=O)Nc1ccc(S(=O)(=O)N2CCC(CC(=O)N3CCC(C)CC3)CC2)cc1,-4.40816,1
CC(=O)Nc1ccc(S(=O)(=O)N2CCC(CC(=O)N3CC[NH+](C4CCCCC4)CC3)CC2)cc1,-4.18423,1
CC(=O)Nc1ccc(S(=O)(=O)N2CCC(CC(=O)NCCC[NH+]3CCCCC3)CC2)cc1,-3.32167,1
CC(=O)Nc1ccc(S(=O)(=O)N2CCC(CC(=O)NCc3ccc(C)cc3)CC2)cc1,-5.84927,1
CC(=O)Nc1ccc(S(=O)(=O)N2CCC(n3c(C(F)(F)F)nc4cccnc43)CC2)cc1,-7.81633,1
CC(=O)Nc1ccc(S(=O)(=O)N2CCN(C(=O)COc3ccc(C)cc3)CC2)cc1,-3.62016,1
CC(=O)Nc1ccc(S(=O)(=O)N2CCN(C(=O)c3cccc([N+](=O)[O-])c3)CC2)cc1,-6.94971,1
CC(=O)Nc1ccc(S(=O)(=O)N2CCN(Cc3nc(-c4cccc(Cl)c4)oc3C)CC2)cc1,-6.88804,1
CC(=O)Nc1ccc(S(=O)(=O)N2CCN(S(=O)(=O)c3ccc(C)cc3)CC2)cc1,-7.48268,1
CC(=O)Nc1ccc(S(=O)(=O)N2CCN(c3nc(N(C)C)cc(C)[nH+]3)CC2)cc1,-6.38757,1
CC(=O)Nc1ccc(S(=O)(=O)N2CC[NH+](Cc3nc(-c4cccc(Cl)c4)oc3C)CC2)cc1,-4.33282,1
CC(=O)Nc1ccc(S(=O)(=O)N2CCc3ccccc3[C@@H]2CC(=O)N2CCOCC2)cc1,-0.808396,1
CC(=O)Nc1ccc(S(=O)(=O)N2CCc3ccccc3[C@@H]2CC(=O)NC2CCCC2)cc1,-5.0079,1
CC(=O)Nc1ccc(S(=O)(=O)N=C2NCN(CCCN3CCOCC3)CN2)cc1,-1.57997,1
CC(=O)Nc1ccc(S(=O)(=O)N=C2NCN(CCC[NH+]3CCOCC3)CN2)cc1,-7.40789,1
CC(=O)Nc1ccc(S(=O)(=O)N=C2NCN(CCO)CN2)cc1,-6.55095,1
CC(=O)Nc1ccc(S(=O)(=O)N=C2NCN(Cc3ccc4c(c3)OCO4)CN2)cc1,-7.97163,1
CC(=O)Nc1ccc(S(=O)(=O)N=C2NCN(Cc3ccccc3)CN2)cc1,-6.04274,1
CC(=O)Nc1ccc(S(=O)(=O)N=C2[N-]C[NH+](CCCN3CCOCC3)C[N-]2)cc1,-7.34705,1
CC(=O)Nc1ccc(S(=O)(=O)N=C2[N-]C[NH+](CCO)C[N-]2)cc1,-4.06029,1
CC(=O)Nc1ccc(S(=O)(=O)N=C2[N-]C[NH+](Cc3ccc4c(c3)OCO4)C[N-]2)cc1,-7.22481,1
CC(=O)Nc1ccc(S(=O)(=O)N=C2[N-]C[NH+](Cc3ccccc3)C[N-]2)cc1,-9.08265,1
CC(=O)Nc1ccc(S(=O)(=O)NC[C@H]2CC[C@@H](C(=O)NCCC(C)C)CC2)cc1,-8.8419,1
CC(=O)Nc1ccc(S(=O)(=O)NC[C@H]2CC[C@@H](C(=O)NCCC3=CCCCC3)CC2)cc1,-4.19583,1
CC(=O)Nc1ccc(S(=O)(=O)NC[C@H]2CC[C@@H](C(=O)NCCc3ccc(C)cc3)CC2)cc1,-9.79684,1
CC(=O)Nc1ccc(S(=O)(=O)NC[C@H]2CC[C@@H](C(=O)NCc3ccccc3)CC2)cc1,-4.83236,1
CC(=O)Nc1ccc(S(=O)(=O)NC[C@H]2CC[C@@H](C(=O)N[C@@H]3CCC[C@@H](C)[C@H]3C)CC2)cc1,-4.93219,1
CC(=O)Nc1ccc(S(=O)(=O)NC[C@H]2CC[C@H](C(=O)NCCC(C)C)CC2)cc1,-3.91935,1
CC(=O)Nc1ccc(S(=O)(=O)NC[C@H]2CC[C@H](C(=O)NCCc3ccc(C)cc3)CC2)cc1,-7.88985,1
CC(=O)Nc1ccc(S(=O)(=O)NCc2ccc(C(=O)N[C@@H](C)c3ccccc3)cc2)cc1,-7.44139,1
CC(=O)Nc1ccc(S(=O)(=O)NCc2cn3c(C)csc3n2)cc1,-2.56639,1
CC(=O)Nc1ccc(S(=O)(=O)NCc2nc(-c3ccc(C)cc3)no2)cc1,-7.3077,1
CC(=O)Nc1ccc(S(=O)(=O)N[C@@H](C)c2nc(-c3ccc(C)cc3)no2)cc1,-6.42685,1
CC(=O)Nc1ccc(S(=O)(=O)N[C@@H](C)c2nc(-c3ccc(Cl)cc3)no2)cc1,-8.09061,1
CC(=O)Nc1ccc(S(=O)(=O)N[C@H](C)c2nc(-c3cccc(C)c3)no2)cc1,-5.12176,1
CC(=O)Nc1ccc(S(=O)(=O)N[C@H](C)c2nc(-c3ccccc3)no2)cc1,-7.84782,1
CC(=O)Nc1ccc(S(=O)(=O)N[C@H](C)c2nc(-c3ccccc3C)no2)cc1,-7.34903,1
CC(=O)Nc1ccc(S(=O)(=O)Nc2cc(-c3cn4ccccc4n3)ccc2C)cc1,3.11892,1
CC(=O)Nc1ccc(S(=O)(=O)Nc2ccc(-c3ccc(N4CCCCC4)nn3)cc2)cc1,-8.06456,1
CC(=O)Nc1ccc(S(=O)(=O)Nc2ccc3c(c2)N(C(=O)c2ccccc2)CCC3)cc1,2.34454,1
CC(=O)Nc1ccc(S(=O)(=O)Nc2ccc3nc(NC(C)=O)sc3c2)cc1,-3.4503,1
CC(=O)Nc1ccc(S(=O)(=O)[N-][C@]2(C(F)(F)F)NC(=O)N(Cc3ccccc3)C2=O)cc1,2.73952,1
CC(=O)Nc1ccc(S(=O)(=O)[N-]c2cc(C)c3nc(NC(C)=O)sc3c2)cc1,-7.30847,1
CC(=O)Nc1ccc(S(=O)(=O)[N-]c2ccc(-c3ccc(N4CCCCC4)nn3)cc2)cc1,-5.45417,1
CC(=O)Nc1ccc(S(=O)(=O)[N-]c2ccc3c(c2)N(C(=O)c2ccccc2)CCC3)cc1,-1.43858,1
CC(=O)Nc1ccc(S(=O)(=O)[N-]c2ccc3nc(NC(=O)c4ccccc4)sc3c2)cc1,-6.54373,1
CC(=O)Nc1ccc([C@@H]2C(C(=O)Nc3ccccc3C)=C(C)Nc3ncnn32)cc1,-1.93692,1
CC(=O)Nc1ccc([C@H]2/C(=C(\[O-])Nc3ccccc3Cl)C(C)=Nc3ncnn32)cc1,-4.60304,1
CC(=O)Nc1ccc([C@H]2C(C(=O)Nc3ccccc3C)=C(C)Nc3ncnn32)cc1,-1.9834,1
CC(=O)Nc1ccc([N-]S(=O)(=O)c2c(C)cc(N3C(=O)CCS3(=O)=O)cc2C)cc1,-2.4962,1
CC(=O)Nc1ccc([N-]S(=O)(=O)c2c(C)nc3sccn3c2=O)cc1,-4.04612,1
CC(=O)Nc1ccc([N-]S(=O)(=O)c2cc(-c3noc(C)n3)sc2C)cc1,-0.830629,1
CC(=O)Nc1ccc([N-]S(=O)(=O)c2ccc3c(c2)NC(=O)CCS3)cc1,-2.82084,1
CC(=O)Nc1ccc2c(c1)CCN2C=O,-9.656,1
CC(=O)Nc1ccc2c(c1)[nH+]c(CCNC(=O)c1ccccc1)n2C,-2.24857,1
CC(=O)Nc1ccc2c(c1)[nH+]c(CCNC(=O)c1ccco1)n2C,-6.9357,1
CC(=O)Nc1ccc2c(c1)[nH+]c(CN1CC[NH+](Cc3ccccc3)CC1)n2C,-3.00118,1
CC(=O)Nc1ccc2c(c1)nc(CCNC(=O)c1ccccc1)n2C,-8.90503,1
CC(=O)Nc1ccc2c(c1)nc(CCNC(=O)c1ccco1)n2C,-6.61124,1
CC(=O)Nc1ccc2c(c1)nc(CN1CCN(Cc3ccccc3)CC1)n2C,-2.67202,1
CC(=O)Nc1ccc2c(c1)nc(CN1CC[NH+](Cc3ccccc3)CC1)n2C,-1.76548,1
CC(=O)Nc1ccc2c(c1)nc(C[NH+]1CCN(C(=O)c3ccc(Cl)cc3)CC1)n2C,-0.920195,1
CC(=O)Nc1ccc2c(c1)nc1n2CC[N@H+]([C@@H](C)c2ccccc2)C1,-2.46824,1
CC(=O)Nc1ccc2c(ccc(=O)n2C)c1,-9.632,1
CC(=O)Nc1ccc2nc(NC(C)=O)sc2c1,-9.21979,1
CC(=O)Nc1ccc2nc(SCC(=O)N3CCc4ccccc43)sc2c1,-4.16139,1
CC(=O)Nc1ccc2nc(SCC(=O)Nc3ccc(Cl)cc3)sc2c1,-5.71657,1
CC(=O)Nc1ccc2nc(SCc3cc(=O)n4nc(CC(C)C)sc4n3)sc2c1,-5.22373,1
CC(=O)Nc1cccc(-c2nc(-c3ccc(C)cc3)no2)c1,-5.70688,1
CC(=O)Nc1cccc(-c2nc(-c3ccccc3)no2)c1,-5.84419,1
CC(=O)Nc1cccc(C(=O)N/N=C/c2c[nH]c3ccccc23)c1,-5.20637,1
CC(=O)Nc1cccc(C(=O)N/N=C/c2ccc([N+](=O)[O-])s2)c1,-4.76221,1
CC(=O)Nc1cccc(C(=O)N/N=C/c2ccc3c(c2)OCO3)c1,-5.31064,1
CC(=O)Nc1cccc(C(=O)N2CCC(c3nc(-c4ccc(C)cc4)no3)CC2)c1,-5.5412,1
CC(=O)Nc1cccc(C(=O)OCc2cc(=O)n3c(C)csc3n2)c1,-6.11669,1
CC(=O)Nc1cccc(C(=O)OCc2cc(=O)n3c4c(sc3n2)CCCC4)c1,-7.92364,1
CC(=O)Nc1cccc(C(=O)OCc2cc(=O)n3cc(C)sc3n2)c1,-6.39784,1
CC(=O)Nc1cccc(Cl)c1,-9.786,1
CC(=O)Nc1cccc(NC(=O)C2CCN(S(=O)(=O)Cc3ccc(Cl)cc3)CC2)c1,-2.06893,1
CC(=O)Nc1cccc(NC(=O)CCc2c(C)nc3nc(CNC(=O)OC(C)(C)C)nn3c2C)c1,-4.52497,1
CC(=O)Nc1cccc(NC(=O)CSc2[nH+]cc(CO)n2CC(=O)NC2CC2)c1,-3.61371,1
CC(=O)Nc1cccc(NC(=O)CSc2[nH+]cc(CO)n2CC(=O)NCc2ccc(C)cc2)c1,-5.0817,1
CC(=O)Nc1cccc(NC(=O)CSc2[nH+]cc(CO)n2Cc2ccc(C)cc2)c1,-8.38648,1
CC(=O)Nc1cccc(NC(=O)CSc2[nH+]cc(CO)n2Cc2ccc(Cl)cc2)c1,-4.26897,1
CC(=O)Nc1cccc(NC(=O)CSc2cn(CC(=O)N3CCCC3)c3ccccc23)c1,-7.56171,1
CC(=O)Nc1cccc(NC(=O)CSc2ncc(CO)n2CC(=O)NC2CC2)c1,-5.93529,1
CC(=O)Nc1cccc(NC(=O)CSc2ncc(CO)n2CC(=O)NCc2ccc(C)cc2)c1,-5.91337,1
CC(=O)Nc1cccc(NC(=O)CSc2nnc(NC(=O)Nc3ccccc3)s2)c1,-6.49865,1
CC(=O)Nc1cccc(NC(=O)CSc2nnc([N-]C(=O)Nc3ccccc3)s2)c1,-4.48682,1
CC(=O)Nc1cccc(NC(=O)CSc2nnc3ccc(-c4ccncc4)nn23)c1,-4.62095,1
CC(=O)Nc1cccc(NC(=O)Cc2csc(NC(=O)Nc3ccc(Cl)cc3)n2)c1,-7.87861,1
CC(=O)Nc1cccc(NC(=O)c2cnc3sccn3c2=O)c1,-4.25991,1
CC(=O)Nc1cccc(OCc2cc(=O)n3cc(C)ccc3n2)c1,-3.56847,1
CC(=O)Nc1cccc(OCc2cc(=O)n3cccc(C)c3n2)c1,-6.88645,1
CC(=O)Nc1cccc(OCc2cc(=O)n3ccccc3n2)c1,-5.10437,1
CC(=O)Nc1cccc(OCc2cc(=O)n3nc(C(C)C)sc3n2)c1,-8.37492,1
CC(=O)Nc1cccc(OCc2cc(=O)n3nc(C4CC4)sc3n2)c1,-4.66935,1
CC(=O)Nc1cccc(OCc2cc(=O)n3nc(C4CCCCC4)sc3n2)c1,-1.41021,1
CC(=O)Nc1cccc(OCc2cc(=O)n3nc(CC(C)C)sc3n2)c1,-7.70958,1
CC(=O)Nc1ccccc1-c1nnc(S[C@@H](C)C(=O)Nc2ccc(C(C)=O)cc2)nc1[O-],-5.48191,1
CC(=O)Nc1ccccc1-c1nnc(S[C@H](C)C(=O)Nc2ccc(C(C)=O)cc2)nc1[O-],-5.46858,1
CC(=O)Nc1ccccc1C(=O)OCc1cc(=O)n2nc(C(C)C)sc2n1,-4.84146,1
CC(=O)Nc1ccccc1C(=O)OCc1cc(=O)n2nc(CC(C)C)sc2n1,-5.30954,1
CC(=O)Nc1ccccc1C(=O)OCc1cc(=O)n2oc(C)cc2n1,-5.48323,1
CC(=O)Nc1n[nH]c2cc(-c3cc(C(F)(F)F)ccc3F)ccc12,-9.286,1
CC(=O)Nc1n[nH]c2cc(-c3ccc(Cl)cc3)ccc12,-9.402,1
CC(=O)Nc1n[nH]c2cc(-c3cccc(C(F)(F)F)c3)ccc12,-9.188,1
CC(=O)Nc1n[nH]c2cc(-c3cccc(Cl)c3)ccc12,-9.256,1
CC(=O)Nc1n[nH]c2cc(-c3ccccc3)ccc12,-9.483,1
CC(=O)Nc1n[nH]c2cc(-c3ccncc3)ccc12,-9.45,1
CC(=O)Nc1n[nH]c2cc(-c3ccsc3)ccc12,-9.501,1
CC(=O)Nc1n[nH]c2cc(-c3cncnc3)ccc12,-9.36,1
CC(=O)Nc1n[nH]c2cc(CN(C(=O)c3ccc(C(C)C)cc3)C3CC3)ccc12,-9.952,1
CC(=O)Nc1n[nH]c2cc(CN3C(=O)c4cccc(F)c4C3=O)ccc12,-9.322,1
CC(=O)Nc1n[nH]c2cc(CN3C(=O)c4ccccc4C3=O)ccc12,-9.455,1
CC(=O)Nc1n[nH]c2cc(CN3CC(=O)N(Cc4cccc(Cl)c4)CC3=O)ccc12,-9.941,1
CC(=O)Nc1n[nH]c2cc(CN3CC(=O)N(Cc4cccc(Cl)c4)[C@@H](C)C3=O)ccc12,-10.44,1
CC(=O)Nc1n[nH]c2cc(CN3CC(=O)N(Cc4ccccc4)CC3=O)ccc12,-9.955,1
CC(=O)Nc1n[nH]c2cc(CN3CC(=O)N(Cc4ccccc4)[C@@H](C)C3=O)ccc12,-10.59,1
CC(=O)Nc1n[nH]c2cc(CN3CC(=O)N(Cc4ccccc4Cl)CC3=O)ccc12,-9.338,1
CC(=O)Nc1n[nH]c2cc(CN3CC(=O)N(Cc4ccccc4Cl)[C@@H](C)C3=O)ccc12,-9.936,1
CC(=O)Nc1n[nH]c2cc(CNC(=O)N3CCC(N4C[C@@H](c5ccccc5)C4=O)CC3)ccc12,-7.677,1
CC(=O)Nc1n[nH]c2cc(CNC(=O)c3ccc(C(C)C)cc3)ccc12,-9.971,1
CC(=O)Nc1n[nH]c2cc(CNC(=O)c3ccccc3)ccc12,-7.218,1
CC(=O)Nc1n[nH]c2cc(COc3ccc(/C=C4\NC(=O)CNC4=O)cc3)ccc12,-9.827,1
CC(=O)Nc1n[nH]c2cc(CS(=O)(=O)Nc3ccc4[nH]c(=O)c(C)cc4c3)ccc12,-10.01,1
CC(=O)Nc1n[nH]c2cc(CS(=O)(=O)Nc3ccc4[nH]c(=O)ccc4c3)ccc12,-10.27,1
CC(=O)Nc1n[nH]c2cc(Cc3ccc4c(=O)n(CCc5ccccc5)c(C)nc4c3)ccc12,-10.63,1
CC(=O)Nc1n[nH]c2cc(Cc3ccc4nc(C)n(C)c(=O)c4c3)ccc12,-6.799,1
CC(=O)Nc1n[nH]c2cc(Cc3ccc4nc(C)n(CCc5ccccc5)c(=O)c4c3)ccc12,-10.29,1
CC(=O)Nc1n[nH]c2cc(Cc3ccc4ncn(C)c(=O)c4c3)ccc12,-9.512,1
CC(=O)Nc1n[nH]c2cc(Cn3c(=O)[nH]c(=O)c4ccccc43)ccc12,-7.192,1
CC(=O)Nc1n[nH]c2cc(Cn3c(=O)[nH]c(=O)c4ccsc43)ccc12,-7.134,1
CC(=O)Nc1n[nH]c2cc(Cn3cnc4ccccc43)ccc12,-8.704,1
CC(=O)Nc1n[nH]c2cc(N[C@H]3CC[C@@H]([NH2+]Cc4cn(C)c5ccccc45)CC3)ccc12,-9.199,1
CC(=O)Nc1nc(-c2ccc3c(c2)NC(=O)CO3)cs1,-9.06063,1
CC(=O)Nc1nc(-c2ccc3c(c2)NC(=O)[C@@H](C)O3)cs1,-7.75605,1
CC(=O)Nc1nc(-c2ccc3c(c2)NC(=O)[C@H](C)O3)cs1,-7.28922,1
CC(=O)Nc1nc(CC(=O)N2CCN(c3cccc(C(F)(F)F)c3)CC2)cs1,-8.14032,1
CC(=O)Nc1nc(CC(=O)NCc2ccc(C)cc2)cs1,-8.49399,1
CC(=O)Nc1nc(CC(=O)NCc2ccc(Cl)cc2)cs1,-5.76154,1
CC(=O)Nc1nc(CC(=O)NCc2ccc(F)cc2)cs1,-6.54155,1
CC(=O)Nc1nc(CC(=O)NCc2ccccc2)cs1,-6.6666,1
CC(=O)Nc1nc(CC(=O)N[C@@H](C)c2ccccc2)cs1,-8.18844,1
CC(=O)Nc1nc(CC(=O)Nc2ccc3c(c2)OCCO3)cs1,-6.30439,1
CC(=O)Nc1nc(CC(=O)Nc2cccc(Br)c2)cs1,-5.88459,1
CC(=O)Nc1nc(CC(=O)Nc2cccc(C)c2)cs1,-5.13555,1
CC(=O)Nc1nc(CC(=O)Nc2cccc(Cl)c2)cs1,-8.67728,1
CC(=O)Nc1nc2c(C)cc(NC(=O)NCc3ccccc3)cc2s1,-0.462272,1
CC(=O)Nc1nc2c(C)cc(NC(=O)Nc3cccc(C)c3)cc2s1,-1.47609,1
CC(=O)Nc1nc2c(C)cc(NC(=O)Nc3cccc(Cl)c3)cc2s1,-7.83396,1
CC(=O)Nc1nc2c(C)cc(NS(=O)(=O)c3ccc(C(C)=O)cc3)cc2s1,-0.449169,1
CC(=O)Nc1nc2ccc(CC(=O)Nc3ccc(C(C)C)cc3)cc2s1,-5.4978,1
CC(=O)Nc1nc2ccc(CCC(=O)NCCCc3ccccc3)cc2s1,-0.162468,1
CC(=O)Nc1nc2ccc(CCC(=O)NCc3ccc(C)cc3)cc2s1,-3.13158,1
CC(=O)Nc1nc2ccc(CCC(=O)NCc3ccc(OC(C)C)cc3)cc2s1,-0.173054,1
CC(=O)Nc1nc2ccc(CCC(=O)Nc3cc(C)cc(C)c3)cc2s1,-7.28864,1
CC(=O)Nc1nc2ccc(CCC(=O)Nc3ccc(Br)cc3)cc2s1,-4.01697,1
CC(=O)Nc1nc2ccc(CCC(=O)Nc3ccc(Cl)cc3)cc2s1,-10.1612,1
CC(=O)Nc1nc2ccc(CCC(=O)Nc3ccc(F)c(F)c3)cc2s1,-5.16622,1
CC(=O)Nc1nc2ccc(CCC(=O)Nc3cccc(Br)c3)cc2s1,-5.42934,1
CC(=O)Nc1nc2ccc(NC(=O)C(C)C)cc2s1,-5.88539,1
CC(=O)Nc1nc2ccc(NC(=O)NCc3ccc(F)cc3)cc2s1,-3.68173,1
CC(=O)Nc1nc2ccc(NC(=O)NCc3ccccc3)cc2s1,-5.0597,1
CC(=O)Nc1nc2ccc(NC(=O)Nc3ccc(Br)cc3)cc2s1,-8.11095,1
CC(=O)Nc1nc2ccc(NC(=O)Nc3cccc(Br)c3)cc2s1,-8.26344,1
CC(=O)Nc1nc2ccc(NC(=O)Nc3cccc(Cl)c3)cc2s1,-8.50125,1
CC(=O)Nc1nc2ccc(NC(=O)Nc3cccc(F)c3)cc2s1,-8.44596,1
CC(=O)Nc1nc2ccc(NC(=O)Nc3ccccc3)cc2s1,-8.40289,1
CC(=O)Nc1nc2ccc(NS(=O)(=O)c3ccc(C(C)C)cc3)cc2s1,-4.91071,1
CC(=O)Nc1nc2ccc(NS(=O)(=O)c3ccccc3C)cc2s1,-5.02386,1
CC(=O)Nc1nc2ccc(NS(=O)(=O)c3ccccc3F)cc2s1,-9.10725,1
CC(=O)Nc1nc2ccc([N-]S(=O)(=O)c3ccc(C(C)C)cc3)cc2s1,-6.78241,1
CC(=O)Nc1nc2ccc([N-]S(=O)(=O)c3ccc(Cl)cc3)cc2s1,-7.97703,1
CC(=O)Nc1nc2ccc([N-]S(=O)(=O)c3ccc(F)c(F)c3)cc2s1,-7.4479,1
CC(=O)Nc1nc2ccc([N-]S(=O)(=O)c3ccccc3)cc2s1,-6.98527,1
CC(=O)Nc1nc2ccccc2s1,-9.862,1
CC(=O)Nc1nn2c(-c3cccc(C)c3)nnc2s1,-5.74325,1
CC(=O)Nc1nn2c(-c3cccc(Cl)c3)nnc2s1,-5.72428,1
CC(=O)Nc1nnc(SCc2cc(=O)n3nc(C(C)C)sc3n2)s1,-8.09931,1
CC(=O)Nc1nnc(SCc2cc(=O)n3nc(C4CC4)sc3n2)s1,-8.35098,1
CC(=O)Nc1nnc([C@@H]2CC(=O)N(c3ccc(C)c(C)c3)C2)s1,-9.62799,1
CC(=O)Nc1nnc([C@H]2CC(=O)N(c3cc(C)cc(C)c3)C2)s1,-2.69159,1
CC(=O)Nc1nnc([C@H]2CC(=O)N(c3ccc(C)c(C)c3)C2)s1,-6.20678,1
CC(=O)Nc1nonc1-c1nnc(SCC(=O)Nc2ccc(Cl)cc2)n1C,-4.9844,1
CC(=O)OCCCNc1cc(SC2CCCCC2)c2nonc2c1[N+](=O)[O-],-2.45209,1
CC(=O)OCCCNc1cc(Sc2ccc(C)cc2)c2nonc2c1[N+](=O)[O-],-4.83374,1
CC(=O)Oc1ccc(-c2nc3ccc(OC(C)=O)cc3c(=O)o2)cc1,-6.15734,1
CC(=O)Oc1ccc(/C=N/N(CCC(=O)NC(C)(C)C)C2=NS(=O)(=O)c3ccccc32)cc1,-0.141258,1
CC(=O)Oc1ccc(/C=N/NC(=O)CSCc2ccccc2Br)cc1,-1.27068,1
CC(=O)Oc1ccc(/C=N/NC(=O)CSCc2ccccc2C)cc1,-4.51185,1
CC(=O)Oc1ccc(/C=N/NC(=O)[C@@H](C)Sc2ccccn2)cc1,-6.48406,1
CC(=O)Oc1ccc(/C=N/NC(=O)[C@H](C)Sc2ccccn2)cc1,-2.78019,1
CC(=O)Oc1ccc(/C=c2\sc3nc(-c4cccc(Cl)c4)nn3c2=O)cc1,-5.5427,1
CC(=O)Oc1ccc(/C=c2\sc3nc(-c4ccccc4Br)nn3c2=O)cc1,-4.57076,1
CC(=O)Oc1ccc(/C=c2\sc3nc(-c4cccs4)nn3c2=O)cc1,-6.58916,1
CC(=O)Oc1ccc(C(=O)Nc2ccc(C(=O)[O-])cc2)cc1,-3.85615,1
CC(=O)Oc1ccc(C(=O)Nc2nnc([C@@H]3CC(=O)N(c4ccc(C)c(C)c4)C3)s2)cc1,-1.66159,1
CC(=O)Oc1ccc(C(=O)Nc2nnc([C@@H]3CC(=O)N(c4ccc(C)cc4)C3)s2)cc1,-3.92505,1
CC(=O)Oc1ccc(C(=O)Nc2nnc([C@@H]3CC(=O)N(c4ccccc4C)C3)s2)cc1,-2.6465,1
CC(=O)Oc1ccc(C(=O)[N-]c2nnc([C@@H]3CC(=O)N(c4ccc(C)c(C)c4)C3)s2)cc1,-0.278428,1
CC(=O)Oc1ccc(C(=O)[N-]c2nnc([C@@H]3CC(=O)N(c4ccc(C)cc4)C3)s2)cc1,-5.65814,1
CC(=O)Oc1ccc(C(=O)[N-]c2nnc([C@H]3CC(=O)N(c4ccccc4C)C3)s2)cc1,-3.0578,1
CC(=O)Oc1ccc(C2=NN(C(C)=O)[C@@H](c3cccc([N+](=O)[O-])c3)O2)cc1,-1.0221,1
CC(=O)Oc1ccc(C2=NN(C(C)=O)[C@H](c3cccc([N+](=O)[O-])c3)O2)cc1,-1.01313,1
CC(=O)Oc1ccc(N2C(=O)C[C@@H](Sc3ccccc3C(=O)[O-])C2=O)cc1,-3.53233,1
CC(=O)Oc1ccc(N2C(=O)c3ccc(Oc4cccc([N+](=O)[O-])c4)cc3C2=O)cc1,-2.81435,1
CC(=O)Oc1ccc(NC(=O)C[C@@H]2Nc3cc(C)c(C)cc3NC2=O)cc1,-1.51713,1
CC(=O)Oc1ccc(NC(=O)C[C@@H]2Nc3cccc4cccc(c34)NC2=O)cc1,-3.11074,1
CC(=O)Oc1ccc(NC(=O)C[C@@H]2Nc3ccccc3NC2=O)cc1,-4.87609,1
CC(=O)Oc1ccc(NC(=O)C[C@@H]2Sc3ccc(C(F)(F)F)cc3NC2=O)cc1,-2.59226,1
CC(=O)Oc1ccc(NC(=O)C[C@H]2Nc3cc(C)c(C)cc3NC2=O)cc1,0.0953145,1
CC(=O)Oc1ccc(NC(=O)C[C@H]2Nc3cccc4cccc(c34)NC2=O)cc1,-2.43164,1
CC(=O)Oc1ccc(NC(=O)C[C@H]2Nc3ccccc3NC2=O)cc1,-4.35622,1
CC(=O)Oc1ccc(NC(=O)C[C@H]2Sc3ccc(C(F)(F)F)cc3NC2=O)cc1,-0.403424,1
CC(=O)Oc1ccc([C@@H]2C3=C(O)CCC=C3NC(C)=C2C(=O)OC(C)C)cc1,1.5276,1
CC(=O)Oc1ccc([C@@H]2C3=C([O-])CCC=C3NC(C)=C2C(=O)OCCc2ccccc2)cc1,-1.59351,1
CC(=O)Oc1ccc([C@H]2C3=C(O)CCC=C3NC(C)=C2C(=O)OCCc2ccccc2)cc1,1.42559,1
CC(=O)Oc1ccc([C@H]2C3=C([O-])CCC=C3NC(C)=C2C(=O)OCCc2ccccc2)cc1,1.74611,1
CC(=O)Oc1cccc(/C=c2\sc3nc(-c4ccc(Cl)cc4)nn3c2=O)c1,-2.83868,1
CC(=O)Oc1ccccc1-c1nc2s/c(=C\c3ccc([N+](=O)[O-])cc3)c(=O)n2n1,-2.19641,1
CC(=O)[N-]c1nc2ccc(NS(=O)(=O)c3ccc(C(C)=O)cc3)cc2s1,-4.8154,1
CC(=O)[N-]c1nc2ccc(NS(=O)(=O)c3ccc(Cl)cc3)cc2s1,-4.05361,1
CC(=O)[N-]c1nc2ccc(NS(=O)(=O)c3ccc(F)c(Cl)c3)cc2s1,-3.5863,1
CC(=O)[N-]c1nc2ccc(NS(=O)(=O)c3ccc(F)c(F)c3)cc2s1,-4.85818,1
CC(=O)[N-]c1nc2ccc(NS(=O)(=O)c3ccc(F)cc3)cc2s1,-3.62305,1
CC(=O)[N-]c1nc2ccc(NS(=O)(=O)c3ccc(NC(C)=O)cc3)cc2s1,-3.10845,1
CC(=O)[N-]c1nc2ccc(NS(=O)(=O)c3ccccc3)cc2s1,-3.39987,1
CC(=O)[N-]c1nc2ccc(NS(=O)(=O)c3ccccc3C)cc2s1,-4.19388,1
CC(=O)[N-]c1nc2ccc(NS(=O)(=O)c3ccccc3F)cc2s1,-4.55972,1
CC(=O)[N-]c1nnc(CC(=O)N/N=C/c2ccc(Br)cc2)s1,-6.21717,1
CC(=O)c1c(C)n(-c2ccc(C)cc2)c2ccc(OC[C@@H](O)CN3CCC(C(N)=O)CC3)cc12,-6.84988,1
CC(=O)c1c(C)n(-c2ccc(C)cc2)c2ccc(OC[C@@H](O)C[N@H+]3CC[C@H](C(N)=O)CC3)cc12,-8.01463,1
CC(=O)c1c(C)n(-c2ccc(C)cc2)c2ccc(OC[C@H](O)CN3CCC(C(N)=O)CC3)cc12,-5.29009,1
CC(=O)c1c(C)n(-c2ccc(C)cc2)c2ccc(OC[C@H](O)CN3CCOCC3)cc12,-3.41129,1
CC(=O)c1c(C)n(-c2ccc(C)cc2)c2ccc(OC[C@H](O)C[N@H+]3CC[C@@H](C(N)=O)CC3)cc12,-5.08046,1
CC(=O)c1c(C)n(-c2ccc(C)cc2)c2ccc(OC[C@H](O)C[NH+]3CCOCC3)cc12,-4.34584,1
CC(=O)c1cc2ccccc2o1,-9.289,1
CC(=O)c1ccc(-c2ccc(/C=c3\sc4nc(-c5ccccc5C)nn4c3=O)o2)cc1,-6.81169,1
CC(=O)c1ccc(-n2c3c(cc(C#N)c2=O)C(=O)CC(C)(C)C3)cc1,-6.41307,1
CC(=O)c1ccc(-n2nnc3c(sc4nc(C)c(Br)c(C)c43)c2=O)cc1,-6.46064,1
CC(=O)c1ccc(-n2nnc3c(sc4nc(C)cc(C)c43)c2=O)cc1,-7.06049,1
CC(=O)c1ccc(-n2nnc3c(sc4nc(C)ccc43)c2=O)cc1,-6.94088,1
CC(=O)c1ccc(C(=O)N(CCC[NH+](C)C)c2nc3c(C)cccc3s2)cc1,-6.73357,1
CC(=O)c1ccc(C(=O)N(CCC[NH+](C)C)c2nc3c(Cl)cccc3s2)cc1,-5.1048,1
CC(=O)c1ccc(C(=O)N(CCC[NH+](C)C)c2nc3c(F)cccc3s2)cc1,-6.42436,1
CC(=O)c1ccc(C(=O)N(CCC[NH+](C)C)c2nc3ccc(Br)cc3s2)cc1,-6.69037,1
CC(=O)c1ccc(C(=O)N(CCC[NH+](C)C)c2nc3ccc(F)cc3s2)cc1,-6.11914,1
CC(=O)c1ccc(C(=O)N(CCN(C)C)c2nc3c(Cl)cccc3s2)cc1,-5.74123,1
CC(=O)c1ccc(N(CN2C(=O)c3ccc([N+](=O)[O-])cc3C2=O)C(C)=O)cc1,-7.56243,1
CC(=O)c1ccc(N/C(=N/S(=O)(=O)c2ccc(Br)cc2)c2ccccc2)cc1,-4.52308,1
CC(=O)c1ccc(N/C(=N/S(=O)(=O)c2ccc(F)cc2)c2ccccc2)cc1,-4.52927,1
CC(=O)c1ccc(N/C=C2/N=C(c3ccc([N+](=O)[O-])cc3)OC2=O)cc1,-7.13194,1
CC(=O)c1ccc(N2C(=O)N(Cc3ccc(C#N)cc3)c3ccccc3S2(=O)=O)cc1,-6.79453,1
CC(=O)c1ccc(N2CC(=O)C(c3[nH]c4cc(C)ccc4[nH+]3)=C2N)cc1,-3.8384,1
CC(=O)c1ccc(N2CC(=O)C(c3[nH]c4ccccc4[nH+]3)=C2N)cc1,-4.41118,1
CC(=O)c1ccc(N2CC(=O)C(c3nc4cc(C)ccc4[nH]3)=C2N)cc1,-6.71199,1
CC(=O)c1ccc(N2CC(=O)C(c3nc4ccc(C)cc4[nH]3)=C2N)cc1,-6.45903,1
CC(=O)c1ccc(N2CC(=O)C(c3nc4ccccc4[nH]3)=C2N)cc1,-7.10262,1
CC(=O)c1ccc(N2CC(=O)C(c3nc4ccccc4n3C)=C2N)cc1,-6.1383,1
CC(=O)c1ccc(N2CCN(C(=O)C3CCN(S(=O)(=O)c4cccc5nonc45)CC3)CC2)cc1,-2.32013,1
CC(=O)c1ccc(N2CCN(C(=O)C3CCN(S(=O)(=O)c4cn(C(C)C)cn4)CC3)CC2)cc1,-5.63102,1
CC(=O)c1ccc(N2CCN(C(=O)C3CCN(S(=O)(=O)c4cn(C)cn4)CC3)CC2)cc1,-5.94823,1
CC(=O)c1ccc(N2CCN(C(=O)[C@@H]3Nc4cc(C(F)(F)F)ccc4S(=O)(=O)N3)CC2)cc1,-6.47595,1
CC(=O)c1ccc(N2CCN(C(=O)c3ccc(-c4noc(C)n4)cc3)CC2)cc1,-4.63179,1
CC(=O)c1ccc(N2CCN(c3ccc(C(=O)[O-])cc3NS(=O)(=O)c3ccc(C)cc3)CC2)cc1,-3.35619,1
CC(=O)c1ccc(NC(=O)C2CCN(S(=O)(=O)c3c(C)noc3/C=C/c3ccco3)CC2)cc1,-6.06883,1
CC(=O)c1ccc(NC(=O)CCCc2nc(-c3ccco3)no2)cc1,-5.24918,1
CC(=O)c1ccc(NC(=O)CCCc2nc(-c3ccncc3)no2)cc1,-4.72779,1
CC(=O)c1ccc(NC(=O)CCCn2nc([N+](=O)[O-])c(Br)c2C)cc1,-6.31979,1
CC(=O)c1ccc(NC(=O)CCCn2nc([N+](=O)[O-])c(Cl)c2C)cc1,-6.38806,1
CC(=O)c1ccc(NC(=O)CCS(=O)(=O)c2cc(-c3cc(C)no3)ccc2C)cc1,-5.16562,1
CC(=O)c1ccc(NC(=O)CCS(=O)(=O)c2cccc3nsnc23)cc1,-6.99533,1
CC(=O)c1ccc(NC(=O)CCc2c(C)nn3cnnc3c2C)cc1,-5.54913,1
CC(=O)c1ccc(NC(=O)CCc2ccc(-c3ccccc3)o2)cc1,-6.81692,1
CC(=O)c1ccc(NC(=O)CCc2nc(-c3ccc(Cl)cc3)no2)cc1,-6.18582,1
CC(=O)c1ccc(NC(=O)CCc2nc(-c3cccc(C)c3)no2)cc1,-5.44103,1
CC(=O)c1ccc(NC(=O)CCc2nc(-c3ccccn3)no2)cc1,-5.25569,1
CC(=O)c1ccc(NC(=O)CCc2nc(-c3ccco3)no2)cc1,-7.04406,1
CC(=O)c1ccc(NC(=O)CCc2nc(-c3cccs3)no2)cc1,-7.30231,1
CC(=O)c1ccc(NC(=O)CCc2nc(CS(=O)(=O)c3ccc(Cl)cc3)no2)cc1,-5.57421,1
CC(=O)c1ccc(NC(=O)CCc2nnc3ccc(N4CCC5(CC4)OCCO5)nn23)cc1,-4.84269,1
CC(=O)c1ccc(NC(=O)CCc2nnc3ccc(NCc4ccccc4)nn23)cc1,-6.53442,1
CC(=O)c1ccc(NC(=O)CCn2nc(C)c(S(=O)(=O)N3CCOCC3)c2C)cc1,-5.7719,1
CC(=O)c1ccc(NC(=O)CN(C)S(=O)(=O)c2ccc3c(c2)C[C@H](C)N3C(=O)C2CC2)cc1,-5.55213,1
CC(=O)c1ccc(NC(=O)CN2C(=O)C(C)(C)c3cc(C)ccc32)cc1,-7.4115,1
CC(=O)c1ccc(NC(=O)CN2C(=O)CCc3cc(S(=O)(=O)N4CCCC4)ccc32)cc1,-4.76869,1
CC(=O)c1ccc(NC(=O)CN2C(=O)COc3ccc(S(=O)(=O)N4CCCCCC4)cc32)cc1,-3.13189,1
CC(=O)c1ccc(NC(=O)CN2C(=O)CSc3ccc(C(=O)N(C)C)cc32)cc1,-6.11705,1
CC(=O)c1ccc(NC(=O)CN2CCN(Cc3ccccc3C)S2(=O)=O)cc1,-4.46128,1
CC(=O)c1ccc(NC(=O)CN2N=C(c3ccccc3F)c3cc(Cl)ccc3S2(=O)=O)cc1,-5.83551,1
CC(=O)c1ccc(NC(=O)COC(=O)CSc2[nH+]c3ccccc3n2Cc2ccccc2)cc1,-1.00867,1
CC(=O)c1ccc(NC(=O)COCc2cc(-c3cccs3)on2)cc1,-5.88117,1
CC(=O)c1ccc(NC(=O)COc2cc(C)c3c(C)nn(-c4cccc(F)c4)c3n2)cc1,-6.1686,1
CC(=O)c1ccc(NC(=O)COc2cc(C)ccc2C(C)C)cc1,-6.94381,1
CC(=O)c1ccc(NC(=O)COc2cc(Cl)ccc2Cl)cc1,-7.08342,1
CC(=O)c1ccc(NC(=O)COc2ccc(Br)cc2)cc1,-7.44041,1
CC(=O)c1ccc(NC(=O)COc2ccc(C)cc2)cc1,-6.93441,1
CC(=O)c1ccc(NC(=O)COc2cccc3c2OC(C)(C)C3)cc1,-7.06895,1
CC(=O)c1ccc(NC(=O)COc2cccc3ccc(N4CCCCC4)[nH+]c23)cc1,-3.70367,1
CC(=O)c1ccc(NC(=O)COc2cccc3ccc(N4CCCCC4)nc23)cc1,-6.33604,1
CC(=O)c1ccc(NC(=O)COc2ccccc2-c2nc(-c3ccc(C)cc3)no2)cc1,-4.8493,1
CC(=O)c1ccc(NC(=O)COc2ccccc2-c2nc(C)no2)cc1,-5.55478,1
CC(=O)c1ccc(NC(=O)COc2nsnc2N2CCOCC2)cc1,-6.66847,1
CC(=O)c1ccc(NC(=O)CSC2=C(C#N)[C@@H](c3ccccc3C)C3=C([O-])CCC=C3N2)cc1,-4.20664,1
CC(=O)c1ccc(NC(=O)CSC2=C(C#N)[C@@H](c3ccco3)C3=C([O-])CCC=C3N2)cc1,-5.38197,1
CC(=O)c1ccc(NC(=O)CSC2=C(C#N)[C@H](c3ccccc3C)C3=C([O-])CCC=C3N2)cc1,-6.7427,1
CC(=O)c1ccc(NC(=O)CSC2=NS(=O)(=O)c3ccccc3N2)cc1,-6.19403,1
CC(=O)c1ccc(NC(=O)CSC2=NS(=O)(=O)c3ccccc3[N-]2)cc1,-4.9061,1
CC(=O)c1ccc(NC(=O)CSc2[nH+]cc(CO)n2CC(=O)NC2CC2)cc1,-3.63557,1
CC(=O)c1ccc(NC(=O)CSc2[nH+]cc(CO)n2CC(=O)NCc2ccc(F)cc2)cc1,-6.06351,1
CC(=O)c1ccc(NC(=O)CSc2[nH+]cc(CO)n2CC(=O)NCc2ccccc2)cc1,-7.00509,1
CC(=O)c1ccc(NC(=O)CSc2[nH+]ccn2C2CCCC2)cc1,-5.53569,1
CC(=O)c1ccc(NC(=O)CSc2[nH+]ccn2Cc2ccco2)cc1,-5.26756,1
CC(=O)c1ccc(NC(=O)CSc2[nH]c(=O)nc3c2CCC3)cc1,-5.48574,1
CC(=O)c1ccc(NC(=O)CSc2[nH]c3ccc(C)cc3[nH+]2)cc1,-3.88076,1
CC(=O)c1ccc(NC(=O)CSc2n[nH]c(-c3ccncc3)n2)cc1,-6.82479,1
CC(=O)c1ccc(NC(=O)CSc2nc(-c3ccncc3)n[nH]2)cc1,-5.43126,1
CC(=O)c1ccc(NC(=O)CSc2nc(=O)[n-]nc2C)cc1,-6.57745,1
CC(=O)c1ccc(NC(=O)CSc2nc(=O)[nH]c3c2CCC3)cc1,-7.29658,1
CC(=O)c1ccc(NC(=O)CSc2nc(=O)[nH]nc2C)cc1,-5.23534,1
CC(=O)c1ccc(NC(=O)CSc2nc(C)cc(C)c2C#N)cc1,-5.16332,1
CC(=O)c1ccc(NC(=O)CSc2nc(C)cc3c2C(=O)OC3)cc1,-7.47781,1
CC(=O)c1ccc(NC(=O)CSc2nc3c(cnn3-c3ccccc3)c(=O)[n-]2)cc1,-5.05145,1
CC(=O)c1ccc(NC(=O)CSc2nc3c(cnn3-c3ccccc3)c(=O)[nH]2)cc1,-5.93471,1
CC(=O)c1ccc(NC(=O)CSc2nc3cc(C)ccc3[nH]2)cc1,-5.87196,1
CC(=O)c1ccc(NC(=O)CSc2nc3ccc(C)cc3[nH]2)cc1,-4.90487,1
CC(=O)c1ccc(NC(=O)CSc2nc3ncccc3o2)cc1,-7.85803,1
CC(=O)c1ccc(NC(=O)CSc2ncc(-c3ccc(F)cc3)o2)cc1,-7.03455,1
CC(=O)c1ccc(NC(=O)CSc2ncc(CO)n2CC(=O)NC2CC2)cc1,-5.34607,1
CC(=O)c1ccc(NC(=O)CSc2ncc(CO)n2CC(=O)NCc2ccc(C)cc2)cc1,-6.67587,1
CC(=O)c1ccc(NC(=O)CSc2ncc(CO)n2CC(=O)NCc2ccc(F)cc2)cc1,-4.33865,1
CC(=O)c1ccc(NC(=O)CSc2ncc(CO)n2CC(=O)NCc2ccccc2)cc1,-5.51736,1
CC(=O)c1ccc(NC(=O)CSc2ncc(S(=O)(=O)c3ccc(Cl)s3)c(N)n2)cc1,-8.24644,1
CC(=O)c1ccc(NC(=O)CSc2ncc(S(=O)(=O)c3cccs3)c(N)n2)cc1,-7.60439,1
CC(=O)c1ccc(NC(=O)CSc2ncc3c(n2)-c2ccc(Cl)cc2N(C)S3(=O)=O)cc1,-6.82527,1
CC(=O)c1ccc(NC(=O)CSc2nccn2C2CCCC2)cc1,-6.31565,1
CC(=O)c1ccc(NC(=O)CSc2nccn2Cc2ccccc2Cl)cc1,-7.12716,1
CC(=O)c1ccc(NC(=O)CSc2nnc(-c3cc[nH+]cc3)n2C)cc1,-3.54056,1
CC(=O)c1ccc(NC(=O)CSc2nnc(-c3cccc([N+](=O)[O-])c3)n2-c2ccccc2)cc1,-6.80498,1
CC(=O)c1ccc(NC(=O)CSc2nnc(-c3ccccc3)n2-n2cccc2)cc1,-5.71745,1
CC(=O)c1ccc(NC(=O)CSc2nnc(-c3ccncc3)n2C)cc1,-7.21812,1
CC(=O)c1ccc(NC(=O)CSc2nnc(Cc3cccn3C)n2-c2ccc(C)cc2)cc1,-6.60873,1
CC(=O)c1ccc(NC(=O)CSc2nnc(Cc3cccn3C)n2-c2ccc(Cl)cc2)cc1,-6.44171,1
CC(=O)c1ccc(NC(=O)CSc2nnc(Cc3cccn3C)n2-c2ccc(F)cc2)cc1,-7.68685,1
CC(=O)c1ccc(NC(=O)CSc2nnc(N)s2)cc1,-8.12754,1
CC(=O)c1ccc(NC(=O)CSc2nnc(NC(=O)Nc3ccccc3)s2)cc1,-7.62749,1
CC(=O)c1ccc(NC(=O)CSc2nnc([N-]C(=O)Nc3ccccc3)s2)cc1,-4.57136,1
CC(=O)c1ccc(NC(=O)CSc2nnc3[n-]c(=O)cc(-c4ccccc4)n23)cc1,-6.75155,1
CC(=O)c1ccc(NC(=O)CSc2nnc3c(n2)[nH]c2ccccc23)cc1,-7.76558,1
CC(=O)c1ccc(NC(=O)CSc2nnc3c4ccccc4n(C)c3n2)cc1,-6.94704,1
CC(=O)c1ccc(NC(=O)CSc2nnc3c4ccccc4n(Cc4ccccc4)c3n2)cc1,-6.54061,1
CC(=O)c1ccc(NC(=O)CSc2nnc3ccc(-c4ccc(F)cc4)nn23)cc1,-5.85771,1
CC(=O)c1ccc(NC(=O)CSc2nnc3ccc(-c4ccncc4)nn23)cc1,-6.47574,1
CC(=O)c1ccc(NC(=O)C[C@@H](C)n2ccc(C)n2)cc1,-6.36974,1
CC(=O)c1ccc(NC(=O)C[C@@H](C)n2nc(C)cc2C)cc1,-5.09607,1
CC(=O)c1ccc(NC(=O)C[C@@H](c2cccc(F)c2)n2cccc2)cc1,-4.06864,1
CC(=O)c1ccc(NC(=O)C[C@@H](c2ccco2)n2cccc2)cc1,-6.29925,1
CC(=O)c1ccc(NC(=O)C[C@@H](c2cccs2)n2cccc2)cc1,-6.47003,1
CC(=O)c1ccc(NC(=O)C[C@@H]2Nc3cc(C)c(C)cc3NC2=O)cc1,-5.98611,1
CC(=O)c1ccc(NC(=O)C[C@@H]2Nc3cccc4cccc(c34)NC2=O)cc1,-3.79532,1
CC(=O)c1ccc(NC(=O)C[C@H](C)n2ccc(C)n2)cc1,-6.54493,1
CC(=O)c1ccc(NC(=O)C[C@H](C)n2nc(C)cc2C)cc1,-7.21186,1
CC(=O)c1ccc(NC(=O)C[C@H](c2ccco2)n2cccc2)cc1,-6.05748,1
CC(=O)c1ccc(NC(=O)C[C@H](c2cccs2)n2cccc2)cc1,-5.84058,1
CC(=O)c1ccc(NC(=O)C[C@H]2Sc3ccc(C(F)(F)F)cc3NC2=O)cc1,-6.62581,1
CC(=O)c1ccc(NC(=O)Cc2c(C)nc3c(-c4ccccc4)c(C)nn3c2C)cc1,-6.81059,1
CC(=O)c1ccc(NC(=O)Cc2c(C)nc3nc(C4CCCCC4)nn3c2C)cc1,-6.50802,1
CC(=O)c1ccc(NC(=O)Cc2csc(-c3ccccc3)n2)cc1,-7.29363,1
CC(=O)c1ccc(NC(=O)Cn2c(-c3nnc(C)o3)cc3ccccc32)cc1,-5.23524,1
CC(=O)c1ccc(NC(=O)Cn2c(-c3nnc(CC(C)C)o3)cc3ccccc32)cc1,-6.78922,1
CC(=O)c1ccc(NC(=O)Cn2c(=O)oc3cc(S(=O)(=O)N4CCCCCC4)ccc32)cc1,-5.94398,1
CC(=O)c1ccc(NC(=O)Cn2ccn(S(=O)(=O)c3ccc(C)cc3)c2=O)cc1,-5.36827,1
CC(=O)c1ccc(NC(=O)N2CCC(NC(=O)OC(C)(C)C)CC2)cc1,-6.56591,1
CC(=O)c1ccc(NC(=O)Nc2nnc(N3CCC[C@@H](C)C3)s2)cc1,-4.94056,1
CC(=O)c1ccc(NC(=O)[C@@H](C(C)C)N2C(=O)c3ccccc3C2=O)cc1,-7.40257,1
CC(=O)c1ccc(NC(=O)[C@@H](C)Sc2nnc(-c3ccncc3)o2)cc1,-7.25308,1
CC(=O)c1ccc(NC(=O)[C@@H](CC(C)C)N2C(=O)c3ccccc3C2=O)cc1,-6.47652,1
CC(=O)c1ccc(NC(=O)[C@@H](Cc2ccccc2)NS(=O)(=O)c2cccs2)cc1,-6.15189,1
CC(=O)c1ccc(NC(=O)[C@@H](Cc2ccccc2)[N-]S(=O)(=O)c2cccs2)cc1,0.310249,1
CC(=O)c1ccc(NC(=O)[C@@H]2CCCN(S(=O)(=O)c3c(C)noc3/C=C/c3ccccc3)C2)cc1,-6.31983,1
CC(=O)c1ccc(NC(=O)[C@@H]2CCCN(S(=O)(=O)c3ccc4c(c3)oc(=O)n4C)C2)cc1,-5.46895,1
CC(=O)c1ccc(NC(=O)[C@H](C)Sc2nnc(-c3ccncc3)o2)cc1,-6.73599,1
CC(=O)c1ccc(NC(=O)[C@H](CC(C)C)N2C(=O)c3ccccc3C2=O)cc1,-7.2132,1
CC(=O)c1ccc(NC(=O)[C@H](CC(C)C)NS(=O)(=O)c2ccc3c(c2)oc(=O)n3C)cc1,-5.42213,1
CC(=O)c1ccc(NC(=O)[C@H](Cc2ccccc2)N2C(=O)c3ccccc3C2=O)cc1,-6.60543,1
CC(=O)c1ccc(NC(=O)[C@H](Cc2ccccc2)NS(=O)(=O)c2cccs2)cc1,-5.15346,1
CC(=O)c1ccc(NC(=O)[C@H](Cc2ccccc2)[N-]S(=O)(=O)c2cccs2)cc1,-2.68891,1
CC(=O)c1ccc(NC(=O)[C@H](Cc2ccccc2)n2cccc2)cc1,-5.49606,1
CC(=O)c1ccc(NC(=O)[C@H]2CCC(=O)N2S(=O)(=O)c2ccc(C)cc2)cc1,-6.17166,1
CC(=O)c1ccc(NC(=O)[C@H]2CCC(=O)N2S(=O)(=O)c2ccc(F)cc2)cc1,-2.80659,1
CC(=O)c1ccc(NC(=O)[C@H]2CCCN(S(=O)(=O)c3ccc4c(c3)oc(=O)n4C)C2)cc1,-4.96009,1
CC(=O)c1ccc(NC(=O)[C@H]2CCCN(S(=O)(=O)c3cccc4nonc34)C2)cc1,-6.25198,1
CC(=O)c1ccc(NC(=O)[C@H]2CC[C@H](CNS(=O)(=O)c3cccc4nsnc34)CC2)cc1,-5.40333,1
CC(=O)c1ccc(NC(=O)[C@H]2CC[C@H](CNc3c(N4CCCCC4)c(=O)c3=O)CC2)cc1,-5.92619,1
CC(=O)c1ccc(NC(=O)c2c(-c3ccccc3)noc2C)cc1,-6.62761,1
CC(=O)c1ccc(NC(=O)c2c(-c3ccccc3Cl)noc2C)cc1,-6.62277,1
CC(=O)c1ccc(NC(=O)c2c([O-])[nH]c3ccccc3c2=O)cc1,-6.31211,1
CC(=O)c1ccc(NC(=O)c2c[n-]c(=O)n(-c3ccc(C)cc3)c2=O)cc1,-3.63842,1
CC(=O)c1ccc(NC(=O)c2c[n-]c(=O)n(-c3ccccc3)c2=O)cc1,-5.47686,1
CC(=O)c1ccc(NC(=O)c2c[nH]c(=O)n(-c3ccc(C)c(C)c3)c2=O)cc1,-6.93786,1
CC(=O)c1ccc(NC(=O)c2c[nH]c(=O)n(-c3ccccc3)c2=O)cc1,-7.12997,1
CC(=O)c1ccc(NC(=O)c2cc(-c3ccc(Cl)cc3)on2)cc1,-7.10812,1
CC(=O)c1ccc(NC(=O)c2cc(-c3cccc(Cl)c3)on2)cc1,-6.74861,1
CC(=O)c1ccc(NC(=O)c2cc(-c3ccccc3O)on2)cc1,-6.86416,1
CC(=O)c1ccc(NC(=O)c2cc(-c3ccccc3[O-])on2)cc1,-5.6311,1
CC(=O)c1ccc(NC(=O)c2cc(-c3cccnc3)n(-c3ccc(F)cc3)n2)cc1,-6.57458,1
CC(=O)c1ccc(NC(=O)c2cc(-c3ccncc3)[nH]n2)cc1,-4.18331,1
CC(=O)c1ccc(NC(=O)c2cc(-c3ccncc3)n(-c3ccc(F)cc3)n2)cc1,-6.89743,1
CC(=O)c1ccc(NC(=O)c2cc(-c3ccncc3)n[nH]2)cc1,-6.45565,1
CC(=O)c1ccc(NC(=O)c2ccc(C)c([N+](=O)[O-])c2)cc1,-6.97061,1
CC(=O)c1ccc(NC(=O)c2ccc(COc3ccc(F)cc3)o2)cc1,-6.22361,1
CC(=O)c1ccc(NC(=O)c2ccc(Cl)c([N+](=O)[O-])c2)cc1,-7.20637,1
CC(=O)c1ccc(NC(=O)c2ccc3c(c2)C[C@H](c2ccc(C)cc2)OC3=O)cc1,-6.50631,1
CC(=O)c1ccc(NC(=O)c2ccc3c(c2)NC(=O)c2ccccc2S3)cc1,-6.34862,1
CC(=O)c1ccc(NC(=O)c2ccc3c(c2)nnn3C(C)C)cc1,-7.02578,1
CC(=O)c1ccc(NC(=O)c2ccc3c(c2)nnn3C)cc1,-3.26566,1
CC(=O)c1ccc(NC(=O)c2ccc3snnc3c2)cc1,-6.4411,1
CC(=O)c1ccc(NC(=O)c2cccc(F)c2)cc1,-7.27355,1
CC(=O)c1ccc(NC(=O)c2cccc(S(=O)(=O)N3CCCCC3)c2)cc1,-2.73338,1
CC(=O)c1ccc(NC(=O)c2ccccc2-c2nc(-c3ccc(F)cc3)no2)cc1,-6.59989,1
CC(=O)c1ccc(NC(=O)c2ccccc2-c2nc(-c3ccccc3)no2)cc1,-6.54597,1
CC(=O)c1ccc(NC(=O)c2cccn(OCc3cccc(Cl)c3)c2=O)cc1,-5.3306,1
CC(=O)c1ccc(NC(=O)c2cccs2)cc1,-7.38384,1
CC(=O)c1ccc(NC(=O)c2cnc3ccccn3c2=O)cc1,-7.51532,1
CC(=O)c1ccc(NC(=O)c2cnn(-c3cccc(C)c3)c2-n2cccc2)cc1,-2.92803,1
CC(=O)c1ccc(NC(=O)c2cnn(-c3ccccc3)c2-n2cccc2)cc1,-5.02366,1
CC(=O)c1ccc(NC(=O)c2nc(-n3cnnc3)ccc2Br)cc1,-6.9874,1
CC(=O)c1ccc(NC(=O)c2nc3ccccc3nc2N2CCCC2)cc1,-5.95121,1
CC(=O)c1ccc(NC(=O)c2noc3c2COc2ccccc2-3)cc1,-5.96542,1
CC(=O)c1ccc(NC(=O)c2sc(-n3nc(C)c(Cl)c3C)nc2C)cc1,-6.99643,1
CC(=O)c1ccc(NC(=O)c2sc(-n3nc(C)cc3C)nc2C)cc1,-6.72068,1
CC(=O)c1ccc(NC(=O)c2sc3nc(C)c(Cl)c(C)c3c2N)cc1,-4.61708,1
CC(=O)c1ccc(NC(=S)N2CCN(c3cccc[nH+]3)CC2)cc1,-2.74178,1
CC(=O)c1ccc(NC2=C(Cl)C(=O)O[C@@H]2OC(=O)c2ccccc2)cc1,-8.27816,1
CC(=O)c1ccc(NC2=C(Cl)C(=O)O[C@H]2OC(=O)c2ccccc2)cc1,-6.4586,1
CC(=O)c1ccc(NCN2C(=O)c3ccc([N+](=O)[O-])cc3C2=O)cc1,-8.55577,1
CC(=O)c1ccc(NS(=O)(=O)c2c(C)[nH]c(C)c2C(=O)N2CCCC2)cc1,-6.67197,1
CC(=O)c1ccc(NS(=O)(=O)c2c(C)cc(N3C(=O)CCS3(=O)=O)cc2C)cc1,-7.00928,1
CC(=O)c1ccc(NS(=O)(=O)c2c(C)nc3sc(C)cn3c2=O)cc1,-4.26334,1
CC(=O)c1ccc(NS(=O)(=O)c2cc(-c3noc(C)n3)sc2C)cc1,-3.87951,1
CC(=O)c1ccc(NS(=O)(=O)c2cc(-c3noc(C4CC4)n3)sc2C)cc1,-5.24246,1
CC(=O)c1ccc(NS(=O)(=O)c2cc3c(cc2C)N(C(C)=O)CCO3)cc1,-3.99147,1
CC(=O)c1ccc(NS(=O)(=O)c2ccc(-c3cc(C)n[nH]3)s2)cc1,-5.62029,1
CC(=O)c1ccc(NS(=O)(=O)c2ccc(CC(=O)N3CCCC3)s2)cc1,-5.47368,1
CC(=O)c1ccc(NS(=O)(=O)c2ccc(CN3C(=O)c4cccnc4C3=O)s2)cc1,-6.07988,1
CC(=O)c1ccc(Nc2cc(C)nc3nc(-c4ccc(C)cc4)nn23)cc1,-7.38013,1
CC(=O)c1ccc(Nc2cc(C)nc3nc(-c4ccc(Cl)cc4)nn23)cc1,-7.37377,1
CC(=O)c1ccc(Nc2cc(C)nc3nc(-c4ccccc4)nn23)cc1,-7.59913,1
CC(=O)c1ccc(Nc2cc(C)nc3nc(Cc4ccccc4)nn23)cc1,-8.4648,1
CC(=O)c1ccc(Nc2ccc3cc(S(=O)(=O)N4CCOCC4)ccc3n2)cc1,-5.08758,1
CC(=O)c1ccc(S(=O)(=O)N2CCC(C)(C(=O)NCc3ccccc3)CC2)cc1,-5.11007,1
CC(=O)c1ccc(S(=O)(=O)N2CCC(Oc3ccc(-n4cnnn4)cc3)CC2)cc1,-2.94949,1
CC(=O)c1ccc(S(=O)(=O)NCCOc2ccc(-c3ccc(C)cc3)nn2)cc1,-8.14078,1
CC(=O)c1ccc(S(=O)(=O)NCc2cn3c(C)csc3n2)cc1,-7.16807,1
CC(=O)c1ccc(S(=O)(=O)[N-]c2c[nH+]c(N(C)Cc3ccccc3)c(C(=O)[O-])c2)cc1,-8.86503,1
CC(=O)c1ccc(S(=O)(=O)[N-]c2c[nH+]c(N3CC=C(c4ccccc4C)CC3)c(C(=O)[O-])c2)cc1,-5.65214,1
CC(=O)c1ccc([N-]S(=O)(=O)c2c(C)nc3sc(C)cn3c2=O)cc1,-7.42399,1
CC(=O)c1ccc([N-]S(=O)(=O)c2c(C)sc(C)c2-c2ccno2)cc1,-5.84345,1
CC(=O)c1ccc([N-]S(=O)(=O)c2cc(-c3noc(C)n3)sc2C)cc1,-3.07725,1
CC(=O)c1ccc([N-]S(=O)(=O)c2cc(-c3noc(C4CC4)n3)ccc2C)cc1,-4.66348,1
CC(=O)c1ccc([N-]S(=O)(=O)c2cc(C(=O)N3CCCCCC3)cs2)cc1,-6.43514,1
CC(=O)c1ccc([N-]S(=O)(=O)c2cc3[nH]c4c(c3cc2C)C(=O)CCC4)cc1,-6.27468,1
CC(=O)c1ccc([N-]S(=O)(=O)c2ccc(-c3c(C)noc3C)cc2)cc1,-6.83378,1
CC(=O)c1ccc([N-]S(=O)(=O)c2ccc(-c3cc(C)[nH]n3)s2)cc1,-7.3095,1
CC(=O)c1ccc([N-]S(=O)(=O)c2ccc(-c3cc(C)n[nH]3)s2)cc1,-7.3392,1
CC(=O)c1ccc([N-]S(=O)(=O)c2ccc(CC(=O)N3CCCC3)s2)cc1,-6.348,1
CC(=O)c1ccc([N-]S(=O)(=O)c2ccc3c(c2)OC[C@@H](C(=O)N2CCCCC2)O3)cc1,-6.05943,1
CC(=O)c1ccc([N-]S(=O)(=O)c2ccc3c(c2)OC[C@H](C(=O)N2CCCCC2)O3)cc1,-5.94714,1
CC(=O)c1cccc(N/C(=N\S(=O)(=O)c2ccc(F)cc2)c2ccccc2)c1,-7.07449,1
CC(=O)c1cccc(N2CN=c3s/c(=C\c4ccccn4)c(=O)n3C2)c1,-5.81321,1
CC(=O)c1cccc(NC(=O)CCCc2nc3cccnc3n2Cc2ccc(F)cc2)c1,-6.43994,1
CC(=O)c1cccc(NC(=O)CCS(=O)(=O)c2cc(-c3cc(C)no3)ccc2C)c1,-7.49335,1
CC(=O)c1cccc(NC(=O)CCc2c(C)nc3c4c(C)cc(C)nc4nn3c2C)c1,-4.49053,1
CC(=O)c1cccc(NC(=O)CCc2c(C)nc3nc(C)nn3c2C)c1,-5.74612,1
CC(=O)c1cccc(NC(=O)CCc2c(C)nc3nc(CNC(=O)OC(C)(C)C)nn3c2C)c1,-4.96395,1
CC(=O)c1cccc(NC(=O)CCc2nc(CSc3nc4ccccc4s3)no2)c1,-7.75597,1
CC(=O)c1cccc(NC(=O)CCn2c(=O)sc3ccccc32)c1,-7.12908,1
CC(=O)c1cccc(NC(=O)CCn2c(C(F)(F)F)nc3cc(S(=O)(=O)N(C)C)ccc32)c1,-2.50514,1
CC(=O)c1cccc(NC(=O)CN(C)C(=O)c2ccc3c(c2)nnn3C)c1,-6.03027,1
CC(=O)c1cccc(NC(=O)CN(CCc2ccccc2)S(=O)(=O)c2ccc(Cl)cc2)c1,-4.99752,1
CC(=O)c1cccc(NC(=O)CN2c3ccc(Br)cc3-c3ccccc3S2(=O)=O)c1,-7.37601,1
CC(=O)c1cccc(NC(=O)COc2nsnc2N2CCOCC2)c1,-5.79747,1
CC(=O)c1cccc(NC(=O)CSc2nc(=O)[n-]nc2C)c1,-5.98509,1
CC(=O)c1cccc(NC(=O)CSc2nc(=O)[nH]nc2C)c1,-4.07615,1
CC(=O)c1cccc(NC(=O)CSc2nc(=O)c3c([nH]2)CC[N@H+](Cc2ccccc2)C3)c1,-3.89798,1
CC(=O)c1cccc(NC(=O)CSc2nc3c(sc(=S)n3-c3ccccc3C)c(=O)[nH]2)c1,-6.48772,1
CC(=O)c1cccc(NC(=O)CSc2nc3cc(Cl)ccc3s2)c1,-8.12152,1
CC(=O)c1cccc(NC(=O)CSc2ncc3c(n2)-c2ccc(Cl)cc2N(C)S3(=O)=O)c1,-5.78494,1
CC(=O)c1cccc(NC(=O)CSc2nnc(-c3ccncc3)o2)c1,-6.37014,1
CC(=O)c1cccc(NC(=O)CSc2nnc3c4ccccc4n(C)c3n2)c1,-5.11427,1
CC(=O)c1cccc(NC(=O)CSc2nnc3cc(C)c4cccc(C)c4n23)c1,-5.58538,1
CC(=O)c1cccc(NC(=O)CSc2nnc3ccc(-c4ccc(C)cc4)nn23)c1,-7.1568,1
CC(=O)c1cccc(NC(=O)CSc2nnc3ccc(-c4cccnc4)nn23)c1,-6.29692,1
CC(=O)c1cccc(NC(=O)C[C@@H](C)S(=O)(=O)c2ccc3c(c2)NC(=O)CS3)c1,-5.85435,1
CC(=O)c1cccc(NC(=O)C[C@@H]2Nc3cccc4cccc(c34)NC2=O)c1,-7.42073,1
CC(=O)c1cccc(NC(=O)C[C@H](C)S(=O)(=O)c2ccc3c(c2)NC(=O)CS3)c1,-7.0595,1
CC(=O)c1cccc(NC(=O)C[C@H]2Nc3cccc4cccc(c34)NC2=O)c1,-7.53012,1
CC(=O)c1cccc(NC(=O)Cc2c(C)nn(-c3nc(C)c(C)s3)c2C)c1,-5.35754,1
CC(=O)c1cccc(NC(=O)Cn2c(C(=O)OC(C)C)cc3ccsc32)c1,-5.49478,1
CC(=O)c1cccc(NC(=O)Cn2c(C(=O)c3cccc(F)c3)nc3ccccc32)c1,-6.1295,1
CC(=O)c1cccc(NC(=O)Cn2cnc(S(=O)(=O)N3CCC(C)CC3)c2)c1,-6.6865,1
CC(=O)c1cccc(NC(=O)[C@@H]2CCCN(S(=O)(=O)c3c(C)noc3/C=C/c3ccccc3)C2)c1,-8.64074,1
CC(=O)c1cccc(NC(=O)[C@H]2CCCN(S(=O)(=O)Cc3ccccc3C)C2)c1,-6.16059,1
CC(=O)c1cccc(NC(=O)[C@H]2CCCN(S(=O)(=O)c3c(C)noc3/C=C/c3ccccc3)C2)c1,-7.36927,1
CC(=O)c1cccc(NC(=O)[C@H]2CCCN(S(=O)(=O)c3c(C)noc3/C=C/c3ccco3)C2)c1,-6.84892,1
CC(=O)c1cccc(NC(=O)[C@H]2CC[C@H](CNS(=O)(=O)c3cccc4nsnc34)CC2)c1,-3.88233,1
CC(=O)c1cccc(NC(=O)[C@H]2CN(S(=O)(=O)c3ccc(C)cc3)c3ccc(C)cc3O2)c1,-3.92679,1
CC(=O)c1cccc(NC(=O)[C@H]2CN(S(=O)(=O)c3ccccc3)c3ccccc3O2)c1,-3.64286,1
CC(=O)c1cccc(NC(=O)c2c[n-]c(=O)n(-c3ccc(C)cc3)c2=O)c1,-4.23968,1
CC(=O)c1cccc(NC(=O)c2cc(-c3ccc(O)cc3)on2)c1,-4.87089,1
CC(=O)c1cccc(NC(=O)c2cc(-c3ccc([O-])cc3)on2)c1,-3.53632,1
CC(=O)c1cccc(NC(=O)c2cc(-c3cccnc3)n(-c3ccc(F)cc3)n2)c1,-4.23061,1
CC(=O)c1cccc(NC(=O)c2ccc3c(c2)C(=O)N(c2cccc([N+](=O)[O-])c2)C3=O)c1,-5.74754,1
CC(=O)c1cccc(NC(=O)c2cccc(-c3noc(C)n3)c2)c1,-5.61523,1
CC(=O)c1cccc(NC(=O)c2cnc3sccn3c2=O)c1,-6.32337,1
CC(=O)c1cccc(NC2=NS(=O)(=O)C(c3ccc(F)cc3)=C2C)c1,-5.57123,1
CC(=O)c1cccc(NS(=O)(=O)c2ccc3c(c2)CCN3C(=O)NC2CCCCC2)c1,-1.51218,1
CC(=O)c1cccc(N[C@H]2c3ccccc3C(=O)N2c2ccc(Cl)cn2)c1,-8.28182,1
CC(=O)c1cccc([N-]S(=O)(=O)c2cc(-c3cc(C)no3)ccc2C)c1,-2.09063,1
CC(=O)c1cccc([N-]S(=O)(=O)c2ccc3c(c2)C[C@@H](C)N3C(=O)C2CC2)c1,-4.38276,1
CC(=O)c1cccc([N-]S(=O)(=O)c2ccc3c(c2)C[C@H](C)N3C(=O)C2CC2)c1,-4.61012,1
CC(=O)c1nn(-c2ccc(OC(F)(F)F)cc2)nc1Nc1ccc(C)cc1,-2.94826,1
CC(C)(C)NC(=O)CN1CCN(c2ccc(C(=O)[O-])cc2NC(=O)c2ccc(F)cc2)CC1,-1.97258,1
CC(C)(C)NC(=O)c1oc2ccccc2c1NC(=O)c1ccc2c(c1)OCO2,-5.40629,1
CC(C)(C)[C@@H]1CCc2c(sc3nc(CCC(=O)NCc4ccc5c(c4)OCO5)[nH]c(=O)c23)C1,-3.42224,1
CC(C)(C)[C@H]1CCc2c(sc(NC(=O)c3ccco3)c2C(=O)O)C1,-1.80375,1
CC(C)(C)[C@H]1CCc2c(sc3nc(CCC(=O)N4CCC(C(N)=O)CC4)[nH]c(=O)c23)C1,-6.06979,1
CC(C)(C)c1ccc(-c2cc(N)n(S(=O)(=O)c3cccc([N+](=O)[O-])c3)n2)cc1,-4.05168,1
CC(C)(C)c1ccc(-c2nc3s/c(=C\c4ccco4)c(=O)n3n2)cc1,-5.29101,1
CC(C)(C)c1ccc(-c2nnc3sc(-c4ccc5c(c4)OCO5)nn23)cc1,-7.45529,1
CC(C)(C)c1ccc(C(=O)Nc2c3c(nn2-c2ccc([N+](=O)[O-])cc2)CS(=O)(=O)C3)cc1,-4.65052,1
CC(C)(C)c1ccc(C(=O)Nc2ccc3[nH]c(=O)sc3c2)cc1,-7.14163,1
CC(C)(C)c1ccc(OCC(=O)Nc2ccc3c(c2)NC(=O)CO3)cc1,-7.61686,1
CC(C)(C)c1ccc(OCC(=O)Oc2ccc(-n3cnnn3)cc2)cc1,-4.23032,1
CC(C)(C)c1ccc(OCC(=O)Oc2cccc(-n3cnnn3)c2)cc1,-2.9891,1
CC(C)C(=O)N1CCc2cc(CNC(=O)c3ccc(Cl)cc3)ccc21,-0.206735,1
CC(C)C(=O)NCCCc1[nH+]c2ccccc2n1Cc1ccccc1,-4.80063,1
CC(C)C(=O)NCCCc1nc2ccccc2n1Cc1ccccc1,-3.18892,1
CC(C)C(=O)Nc1cccc(C(=O)Nc2ccc(C(=O)[O-])cc2)c1,-4.93062,1
CC(C)C(=O)Nc1nc(-c2ccc3c(c2)NC(=O)CO3)cs1,-7.59894,1
CC(C)CC(=O)N1CC[NH+](Cc2ccc3c(c2)OCO3)CC1,-5.45771,1
CC(C)CC(=O)Nc1ccc(SCc2cc(=O)n3c(ncn3C(C)C)[nH+]2)cc1,-5.17686,1
CC(C)CC(=O)Nc1cccc(-c2nc3cccnc3s2)c1,-4.1595,1
CC(C)CC(=O)Nc1nc(-c2ccc3c(c2)NC(=O)CO3)cs1,-4.18756,1
CC(C)CCNC(=O)N[C@@H](Cc1ccc(F)cc1)Cc1ccc2c(c1)OCO2,-5.28154,1
CC(C)CCNC(=O)[C@@]1(C)Cn2nc(C(=O)NCCC[NH+]3CCN(C)CC3)cc2C(=O)N1C,-3.6135,1
CC(C)CCNC(=O)c1nnc(Cc2ccc3c(c2)OCO3)o1,-3.85223,1
CC(C)CCn1c(CCNC(=O)CCCO)nc2ccccc21,-6.15488,1
CC(C)CNC(=O)N[C@@H](Cc1ccc(F)cc1)Cc1ccc2c(c1)OCO2,-1.22366,1
CC(C)CNC(=O)c1cc(-c2ccc(O)cc2)on1,-5.12298,1
CC(C)CNC(=O)c1cc(-c2ccc([O-])cc2)on1,-3.13016,1
CC(C)COc1ccc(C(=O)Nc2ccc(-n3cnnn3)cc2)cc1,-4.37497,1
CC(C)COc1ccc(C(=O)Oc2cccc(-n3cnnn3)c2)cc1,-3.46801,1
CC(C)C[C@@H](C(=O)Nc1ccc(OC(F)(F)F)cc1)N1Cc2ccccc2C1=O,-3.40199,1
CC(C)C[C@H](NS(=O)(=O)c1ccc2c(c1)oc(=O)n2C)C(=O)Nc1ccc(Cl)cc1,-3.98087,1
CC(C)C[C@H](NS(=O)(=O)c1ccc2c(c1)oc(=O)n2C)C(=O)Nc1ccc(F)c(F)c1,-4.02522,1
CC(C)Cc1nn2c(=O)cc(COC(=O)CNC(=O)c3ccco3)nc2s1,-7.73366,1
CC(C)Cc1nn2c(=O)cc(COC(=O)c3ccc(NC(=O)c4ccco4)cc3)nc2s1,-5.12836,1
CC(C)Cc1nn2c(=O)cc(COC(=O)c3ccc4c(c3)OCO4)nc2s1,-6.55519,1
CC(C)Cc1nn2c(=O)cc(COC(=O)c3cccc([N-]S(C)(=O)=O)c3)nc2s1,-2.41446,1
CC(C)Cn1c([C@H](C)NC(=O)c2ccco2)[nH+]c2ccccc21,-5.40625,1
CC(C)NC(=O)CN1CCN(c2ccc(C(=O)[O-])cc2NC(=O)c2ccc(F)cc2)CC1,-1.9866,1
CC(C)NC(=O)CSCc1nnc(C(=O)Nc2ccc(F)cc2)s1,-4.81886,1
CC(C)NC(=O)C[NH+]1CCN(c2ccc(C(=O)[O-])cc2NC(=O)c2ccc(F)cc2)CC1,-8.02934,1
CC(C)NC(=O)c1cc(-c2ccc(F)cc2)on1,-7.0823,1
CC(C)OC(=O)CSc1ncnc2sc3c(c12)CC[C@@H](C)C3,-4.23526,1
CC(C)OC(=O)CSc1ncnc2sc3c(c12)CC[C@H](C)C3,-6.61974,1
CC(C)OC(=O)c1ccc(NC(=O)c2nc(-n3cnnc3)ccc2Br)cc1,-3.50008,1
CC(C)OCCCNC(=O)C1CCN(S(C)(=O)=O)CC1,-2.28064,1
CC(C)OCCCNC(=O)CN1C(=O)CN(C(=O)NCc2ccccc2)c2ccccc21,-4.74366,1
CC(C)OCCCNC(=O)[C@H]1c2c(n(C)c3ccccc23)SCC(=O)N1c1cccc(Cl)c1,-4.02706,1
CC(C)OCCCNc1nc2c(S(=O)(=O)c3ccc(C(C)C)cc3)nnn2c2ccsc12,-5.12908,1
CC(C)Oc1ccc(-c2nc3s/c(=C4\C(=O)N(C)c5ccccc54)c(=O)n3n2)cc1,-4.26012,1
CC(C)Oc1ccc(-c2nc3s/c(=C\c4ccccc4F)c(=O)n3n2)cc1,-3.71223,1
CC(C)Oc1ccc(-c2nc3s/c(=C\c4cccs4)c(=O)n3n2)cc1,-5.50501,1
CC(C)Oc1ccc(-c2nonc2NC(=O)COc2ccccc2Cl)cc1,-5.66812,1
CC(C)Oc1ccc(-c2nonc2NC(=O)c2ccc(F)cc2)cc1,-5.91794,1
CC(C)Oc1ccc(-c2nonc2NC(=O)c2ccccc2Cl)cc1,-4.56628,1
CC(C)Oc1ccc(C(=O)NC[C@H](c2ccco2)N2CCOCC2)cc1,-5.39882,1
CC(C)Oc1ccc(C(=O)NC[C@H](c2ccco2)[NH+]2CCOCC2)cc1,-3.73279,1
CC(C)Oc1ccc(C(=O)NC[C@H](c2cccs2)N2CCOCC2)cc1,-5.53002,1
CC(C)Oc1ccc(C(=O)Nc2ccc(-c3nc4ncccc4o3)cc2)cc1,-6.84552,1
CC(C)Oc1ccc(C(=O)Nc2nc(-c3cccs3)ns2)cc1,0.420948,1
CC(C)Oc1ccc(C(=O)Nc2nc3c(s2)C[C@H](C)CC3)cc1,-3.26656,1
CC(C)Oc1ccc(C(=O)Oc2cccc(-n3cnnn3)c2)cc1,-4.14648,1
CC(C)Oc1ccc(CNC(=O)C[C@@H](C)n2cccn2)cc1,-3.71391,1
CC(C)Oc1ccc(CNC(=O)C[C@H](C)n2cccn2)cc1,-5.62852,1
CC(C)Oc1ccc(CNC(=O)[C@@H]2CCCN(S(=O)(=O)N3CCC4(CC3)OCCO4)C2)cc1,-4.52224,1
CC(C)Oc1ccc(CNC(=O)c2cc3n(n2)C[C@](C)(C(=O)NC2CCCC2)N(C)C3=O)cc1,-6.27267,1
CC(C)Oc1ccc([C@@H]2CC(=O)Nc3c2cnn3-c2ccc(Cl)cc2)cc1,-4.45106,1
CC(C)Oc1ccc([C@@H]2CC(=O)Nc3c2cnn3-c2cccc(Cl)c2)cc1,-5.47026,1
CC(C)Oc1ccc([C@H]2CC(=O)Nc3cc4c(cc32)OCO4)cc1,-5.00496,1
CC(C)Oc1cccc(C(=O)Nc2ccc(-c3nc4ncccc4o3)cc2)c1,-6.82943,1
CC(C)Sc1ncc(Cl)c(C(=O)Nc2sc3c(c2C(=O)NC[C@@H]2CCCO2)CCC3)n1,-5.04501,1
CC(C)[C@@H](C(=O)Nc1ccc(C(N)=O)cc1)N1C(=O)c2ccccc2C1=O,-8.29412,1
CC(C)[C@@H](NS(=O)(=O)c1ccc2c(c1)CCCC(=O)N2)C(=O)NCc1ccccc1,-5.45102,1
CC(C)[C@H](C(=O)Nc1ccc(C(N)=O)cc1)N1C(=O)c2ccccc2C1=O,-8.04697,1
CC(C)c1cc([C@@H]2CCCN2C(=O)Nc2ccccc2Cl)no1,-3.23716,1
CC(C)c1ccc(-n2cc[nH+]c(NCc3ccc4c(c3)OCO4)c2=O)cc1,-4.1643,1
CC(C)c1ccc(/C=N/N=C2\NC(=O)[C@H](CC(=O)[O-])S2)cc1,-5.3733,1
CC(C)c1ccc(/C=N/NC(=O)CCc2n[nH]c(=O)[n-]c2=O)cc1,-8.63992,1
CC(C)c1ccc(/C=N/NC(=O)CCc2n[nH]c(=O)[nH]c2=O)cc1,-7.85297,1
CC(C)c1ccc(/C=N/NC(=O)CSc2ncccn2)cc1,-5.39439,1
CC(C)c1ccc(C(=O)N(Cc2ccc(C(=O)NC=O)cc2)C2CC2)cc1,-10.56,1
CC(C)c1ccc(C(=O)NCc2ccc(-c3nn4cnnc4s3)cc2)cc1,-3.19199,1
CC(C)c1ccc(C(=O)NCc2ccc(C(=O)NC=O)cc2)cc1,-10.47,1
CC(C)c1ccc(C(=O)NCc2ccc(C(N)=O)cc2)cc1,-9.578,1
CC(C)c1ccc(C(=O)NCc2ccc3c(NC=O)n[nH]c3c2)cc1,-9.817,1
CC(C)c1ccc(CN(C(=O)c2cc(-c3cccs3)on2)[C@H]2CCS(=O)(=O)C2)cc1,-3.78274,1
CC(C)c1ccc(CS(=O)(=O)Nc2ccc(/C=C\C(=O)NC=O)cc2)cc1,-10.93,1
CC(C)c1ccc(Cn2c(CCNC(=O)CC[C@H](C)O)nc3ccccc32)cc1,-6.53092,1
CC(C)c1ccc(N/C(NCc2ccncc2)=[NH+]/C(=O)c2ccc3c(c2)OCO3)cc1,-4.60048,1
CC(C)c1ccc(N/C(NCc2ccncc2)=[NH+]\C(=O)c2ccc3c(c2)OCO3)cc1,-5.58545,1
CC(C)c1ccc(N2C(=O)C[C@H](N3CCN(Cc4ccc5c(c4)OCO5)CC3)C2=O)cc1,-4.66013,1
CC(C)c1ccc(N2C[C@@H](c3nc(-c4ccc5c(c4)OCO5)no3)CC2=O)cc1,-5.56648,1
CC(C)c1ccc(NC(=O)C2CCN(c3cnccn3)CC2)cc1,-7.21408,1
CC(C)c1ccc(NC(=O)CCCn2cc([N+](=O)[O-])cn2)cc1,-4.84431,1
CC(C)c1ccc(NC(=O)CCNS(=O)(=O)c2ccc3c(c2)CCCC(=O)N3)cc1,-6.92354,1
CC(C)c1ccc(NC(=O)CCS(=O)(=O)c2ccc3c(c2)CC(=O)N3C)cc1,-6.90174,1
CC(C)c1ccc(NC(=O)CCS(=O)(=O)c2ccc3c(c2)NC(=O)CO3)cc1,-7.61277,1
CC(C)c1ccc(NC(=O)CCS(=O)(=O)c2ccc3c(c2)oc(=O)n3C)cc1,-6.7003,1
CC(C)c1ccc(NC(=O)C[C@H](C)S(=O)(=O)c2ccc3c(c2)NC(=O)CO3)cc1,-6.56849,1
CC(C)c1ccc(NC(=O)[C@@H](C)n2cc([N+](=O)[O-])cn2)cc1,-5.01305,1
CC(C)c1ccc(NC(=O)[C@H](C)CS(=O)(=O)c2ccc3c(c2)NC(=O)[C@@H](C)S3)cc1,-6.52964,1
CC(C)c1ccc(NC(=O)[C@H]2CCCN(S(=O)(=O)c3ccc4c(c3)oc(=O)n4C)C2)cc1,-6.66839,1
CC(C)c1ccc(NC(=O)c2ccc(F)c(S(=O)(=O)N3CCOCC3)c2)cc1,-2.85533,1
CC(C)c1ccc(NC(=O)c2cccs2)cc1,-6.52449,1
CC(C)c1ccc(OCC(=O)Nc2ccc3c(c2)NC(=O)CO3)cc1,-7.1746,1
CC(C)c1ccc(OCC(=O)Oc2ccc(-n3cnnn3)cc2)cc1,-4.25383,1
CC(C)c1ccc(O[C@@H](C)C(=O)Nc2ccc3c(c2)NC(=O)CO3)cc1,-6.94178,1
CC(C)c1ccc(S(=O)(=O)N2CCC[C@H]2c2cc(C(C)C)no2)cc1,-2.06194,1
CC(C)c1ccc(S(=O)(=O)Nc2cc(C(=O)[O-])ccc2N2CCN(CCC#N)CC2)cc1,-7.72189,1
CC(C)c1ccc(S(=O)(=O)[N-]c2cc(C(=O)[O-])ccc2[N@H+]2CC[C@H](C)CC2)cc1,-0.45172,1
CC(C)c1ccc([N-]S(=O)(=O)c2ccc3c(c2)NC(=O)CCS3)cc1,-4.456,1
CC(C)c1ccc([N-]S(=O)(=O)c2ccc3c(c2)oc(=O)n3C)cc1,-5.75025,1
CC(C)c1ccc2c(c1)-c1ccccc1S(=O)(=O)N2CC(=O)N1CCOCC1,-4.37159,1
CC(C)c1nc2ccc(C(=O)NCCCN3CCOCC3)cc2o1,-3.11133,1
CC(C)c1nnc(-c2cc3ccccc3n2CC(=O)Nc2ccc(C(N)=O)cc2)o1,-6.70315,1
CC(C)c1nnc(NC(=O)CCCc2nc(-c3ccc(Cl)cc3)no2)s1,-2.02418,1
CC(C)c1nnc(NC(=O)CCc2nc(-c3ccc(Cl)cc3)no2)s1,-2.34394,1
CC(C)c1noc(-c2cccc(OCC(=O)NCc3cccnc3)c2)n1,-6.40362,1
CC(C)c1noc(-c2ccccc2OCC(=O)Nc2ccc(C(N)=O)cc2)n1,-5.15238,1
CC(C)n1c(CN2CCN(C)CC2)[nH+]c2cc(NC(=O)COc3ccc([N+](=O)[O-])cc3)ccc21,-3.3765,1
CC(C)n1c(CN2CCOCC2)[nH+]c2cc(NC(=O)c3ccccc3Cl)ccc21,-3.02583,1
CC(C)n1c(CN2CCOCC2)nc2cc(NC(=O)c3ccccc3)ccc21,-3.7885,1
CC(C)n1c(CN2CCOCC2)nc2cc(NC(=O)c3ccccc3Cl)ccc21,-3.72814,1
CC(C)n1c(C[NH+]2CCN(C)CC2)nc2cc(NC(=O)COc3ccc([N+](=O)[O-])cc3)ccc21,-4.35058,1
CC(C)n1nnc2cc(C(=O)N(C)CC(=O)Nc3cccc(C#N)c3)ccc21,-6.59868,1
CC/N=C(/NCC)S[C@H]1CC(=O)N(c2ccc(OCC)cc2)C1=O,-3.08114,1
CC/N=C1\S[C@H](C(=O)Nc2ccccc2)CC(=O)N1Cc1ccc2c(c1)OCO2,-3.9381,1
CC1(C)C(=O)N(CC(=O)Nc2ccc(C#N)cc2)c2ccc(S(=O)(=O)N3CCOCC3)cc21,-5.54145,1
CC1(C)C=C(NCC(=O)[O-])/C(=C(\[O-])CCCN2C(=O)c3ccccc3C2=O)C(=O)C1,-2.70342,1
CC1(C)C=C2C(=C(O)C1)[C@@](NC(=O)c1cccnc1)(C(F)(F)F)C(=O)N2Cc1cccnc1,-5.63648,1
CC1(C)C=C2C(=C([O-])C1)[C@@](NC(=O)c1ccccc1Cl)(C(F)(F)F)C(=O)N2Cc1cccnc1,-5.71295,1
CC1(C)C=C2Nc3c(C(=O)Nc4ccccc4)cnn3[C@@H](c3ccc(C(=O)[O-])cc3)C2=C([O-])C1,-4.77276,1
CC1(C)C=C2Nc3c(C(=O)Nc4ccccc4)cnn3[C@H](c3ccc(C(=O)[O-])cc3)C2=C([O-])C1,-2.25117,1
CC1(C)Cc2cccc(OCC(=O)Nc3ccc(OCC(N)=O)cc3)c2O1,-8.59818,1
CC1(C)Cc2nc3oc4c(NCCN5CCOCC5)ncnc4c3cc2CO1,-3.81375,1
CC1(C)Cc2nc3oc4c(NCCO)ncnc4c3cc2CO1,-6.30652,1
CC1(C)Cc2nc3sc4c(N5CCN(CCO)CC5)ncnc4c3cc2CO1,-5.37894,1
CC1(C)Cc2nc3sc4c(N5CC[NH+](CCO)CC5)ncnc4c3cc2CO1,-6.14232,1
CC1(C)Cc2nc3sc4c(NCCO)ncnc4c3cc2CO1,-5.29462,1
CC1=C(C(=O)N2CCCCC2)[C@H](c2ccc([N+](=O)[O-])cc2)C2=C(O)CCC=C2N1,-3.15297,1
CC1=C(C(=O)Nc2cccc(C(F)(F)F)c2)[C@H](c2ccc(C(=O)[O-])cc2)n2ncnc2N1,-3.59268,1
CC1=C(C(=O)Nc2ccccc2)[C@H](c2ccc(Br)cc2)n2nc(CCCO)nc2N1,-3.91516,1
CC1=C(C(=O)Nc2ccccc2Cl)[C@@H](c2ccc(C(=O)[O-])cc2)n2ncnc2N1,-1.64331,1
CC1=C(C(=O)Nc2ccccc2Cl)[C@H](c2ccc(C(=O)[O-])cc2)n2ncnc2N1,-2.96323,1
CC1=C(C(=O)OC2CCCCC2)[C@H](c2cccc(O)c2)NC(=O)N1,-6.43865,1
CC1=C(C(=O)OCC(C)C)[C@H](c2ccc3c(c2)OCO3)NC(=O)N1,-5.08508,1
CC1=C(C(=O)OCC(F)(F)C(F)(F)F)[C@H](c2ccc3c(c2)OCO3)NC(=O)N1,-5.27559,1
CC1=C(C(=O)OCC(F)(F)F)[C@@H](c2ccc(O)cc2)NC(=O)N1,-4.75513,1
CC1=C(C(=O)OCC(F)(F)F)[C@H](c2ccc([N+](=O)[O-])cc2)NC(=O)N1,-3.59805,1
CC1=C(C(=O)OCCC#N)[C@@H](c2cc3c(cc2Br)OCO3)NC(=O)N1,-6.63568,1
CC1=C(C(=O)OCCC#N)[C@@H](c2cccc([N+](=O)[O-])c2)NC(=O)N1,-7.3347,1
CC1=C(C(=O)OCCC#N)[C@@H](c2ccccc2Cl)NC(=O)N1,-7.14837,1
CC1=C(C(=O)OCCC#N)[C@H](c2cc3c(cc2Br)OCO3)NC(=O)N1,-6.78704,1
CC1=C(C(=O)OCCC#N)[C@H](c2cccc(Oc3ccccc3)c2)NC(=O)N1,-8.18395,1
CC1=C(C(=O)OCCC#N)[C@H](c2cccc([N+](=O)[O-])c2)NC(=O)N1,-7.33311,1
CC1=C(C(=O)OCCC#N)[C@H](c2ccccc2Cl)NC(=O)N1,-8.0779,1
CC1=C(C(=O)OCCOC(C)C)[C@H](c2cccc([N+](=O)[O-])c2)NC(=O)N1,-3.76256,1
CC1=C(C(=O)OCCOc2ccccc2)[C@H](c2cccc(O)c2)NC(=O)N1,-7.82565,1
CC1=C(C(=O)OCCOc2ccccc2)[C@H](c2cccc([N+](=O)[O-])c2)NC(=O)N1,-4.01962,1
CC1=C(C(=O)OCCc2ccccc2)[C@H](c2ccc([N+](=O)[O-])cc2)C2=C([O-])CC(C)(C)C=C2N1,-4.62144,1
CC1=C(C(=O)OCc2ccc3c(c2)OCO3)[C@@H](c2ccc(O)cc2)NC(=O)N1,-7.64226,1
CC1=C(C(=O)OCc2ccc3c(c2)OCO3)[C@@H](c2ccc([N+](=O)[O-])cc2)NC(=O)N1,-5.94319,1
CC1=C(C(=O)OCc2ccc3c(c2)OCO3)[C@H](c2ccc(Cl)c(Cl)c2)NC(=O)N1,-3.93885,1
CC1=C(C(=O)OCc2ccc3c(c2)OCO3)[C@H](c2ccc(N(C)C)cc2)NC(=O)N1,-5.94032,1
CC1=C(C(=O)OCc2ccc3c(c2)OCO3)[C@H](c2ccc(O)cc2)NC(=O)N1,-6.00675,1
CC1=C(C(=O)OCc2ccc3c(c2)OCO3)[C@H](c2ccc([N+](=O)[O-])cc2)NC(=O)N1,-5.22027,1
CC1=C(C(=O)OCc2ccccc2)[C@H](c2ccc([N+](=O)[O-])cc2)n2ncnc2N1,-2.52182,1
CC1=C(C(N)=O)[C@@H](c2ccc(C(=O)[O-])cc2)n2ncnc2N1,-3.77883,1
CC1=C(C(N)=O)[C@H](c2ccc(C(=O)[O-])cc2)n2ncnc2N1,-3.07216,1
CC1=C(c2ccc(C)c(C)c2)S(=O)(=O)N=C1N1CCC(C(=O)NCc2ccc(C)o2)CC1,-3.81814,1
CC1=C(c2ccc(C)c(C)c2)S(=O)(=O)N=C1N1CC[NH+](Cc2ccc3c(c2)OCO3)CC1,-4.6481,1
CC1=Nc2nc(-c3cccnc3)nn2[C@@H](c2ccc(Cl)cc2)/C1=C(/[O-])Nc1cccnc1,-5.31826,1
CC1=Nc2nc(-c3cccnc3)nn2[C@H](c2ccc(Cl)cc2)/C1=C(/[O-])Nc1cccnc1,-5.72024,1
CC1=Nc2nc(CCCO)nn2[C@@H](c2ccccc2)/C1=C(\[O-])Nc1ccccc1,-6.7432,1
CC1=Nc2nc(CCCO)nn2[C@@H](c2ccncc2)/C1=C(\[O-])Nc1ccccc1,-7.03104,1
CC1=Nc2nc(CCCO)nn2[C@H](c2ccncc2)/C1=C(/[O-])Nc1ccccc1,-6.58081,1
CC1=Nc2ncnn2[C@@H](c2ccc(C(=O)[O-])cc2)/C1=C(/N)[O-],-4.29851,1
CC1=Nc2ncnn2[C@@H](c2ccc(C(=O)[O-])cc2)/C1=C(/[O-])Nc1cccc(C(F)(F)F)c1,-4.07779,1
CC1=Nc2ncnn2[C@H](c2ccc(C(=O)[O-])cc2)/C1=C(\N)[O-],-6.46222,1
CC1=Nc2ncnn2[C@H](c2ccc([N+](=O)[O-])cc2)/C1=C(\[O-])OCc1ccccc1,-7.21448,1
CC1=Nc2ncnn2[C@H](c2cccnc2)/C1=C(\[O-])Nc1cccnc1,-5.79782,1
CC1=Nc2nnnn2[C@H](c2ccc(O)cc2)/C1=C(\[O-])Nc1ccccc1,-5.22033,1
CC1CCN(C(=O)CCC(=O)N2CCc3cc(S(=O)(=O)NCCN4CCOCC4)ccc32)CC1,-0.568901,1
CC1CCN(C(=O)CCc2nnc3ccc(N4CCC5(CC4)OCCO5)nn23)CC1,-5.40991,1
CC1CCN(C(=O)CCc2nnc3ccc(NCc4cccnc4)nn23)CC1,-4.35254,1
CC1CCN(Cc2[nH+]c3cc(NC(=O)c4ccco4)ccc3n2C)CC1,-4.55515,1
CC1CCN(S(=O)(=O)c2ccc(-c3nc(C#N)c(NCCCN4CCOCC4)o3)cc2)CC1,-3.20031,1
CC1CCN(S(=O)(=O)c2ccc(-c3nc(C#N)c(NCCC[NH+]4CCOCC4)o3)cc2)CC1,-3.8709,1
CC1CCN(S(=O)(=O)c2ccc(-c3nc(C#N)c(NCCCn4ccnc4)o3)cc2)CC1,-7.21179,1
CC1CCN(S(=O)(=O)c2ccc(-c3nc(C#N)c([N-]CCC[NH+]4CCOCC4)o3)cc2)CC1,-0.694672,1
CC1CCN(S(=O)(=O)c2ccc3c(c2)NC(=O)[C@@H](C)S3)CC1,-6.36425,1
CC1CCN(S(=O)(=O)c2cn(CC(=O)Nc3cccc(-c4ccno4)c3)cn2)CC1,-0.155066,1
CC1CCN(c2cc(NCCCO)c([N+](=O)[O-])c3nonc23)CC1,-6.71989,1
CC1CCN(c2ccc(-c3noc(-c4ccccn4)n3)cc2[N+](=O)[O-])CC1,-4.58614,1
CCC(=O)/C=C/c1ccc2c(c1)nc(COCc1ccccc1)n2C,-8.904,1
CCC(=O)/C=C/c1ccc2c(c1)nc(COCc1ccccc1)n2CC,-8.972,1
CCC(=O)COc1ccc(CCNC(=O)Cc2ccccc2)cc1,-8.988,1
CCC(=O)COc1ccc(C[C@H](NC(C)=O)C(=O)Nc2ccc(OC)cc2)cc1,-10.3,1
CCC(=O)Cc1n[nH]c2ccccc12,-7.644,1
CCC(=O)N/C(=N\c1nc(C)cc(C)n1)Nc1ccc(OC)cc1,-2.32098,1
CCC(=O)N1CCN(CCNC=C2C(=O)CC(c3ccccc3)CC2=O)CC1,-4.59336,1
CCC(=O)N1CCN(Cc2[nH+]c3cc(NC(=O)C4CCCCC4)ccc3n2CC)CC1,-1.88243,1
CCC(=O)N1CCN(Cc2[nH+]c3cc(NC(=O)COc4ccccc4Cl)ccc3n2C)CC1,-5.24794,1
CCC(=O)N1CCN(c2ccc(Nc3ccccc3)[nH+]n2)CC1,-3.02397,1
CCC(=O)N1CCN(c2ccc(Nc3ccccc3)nn2)CC1,-7.14632,1
CCC(=O)N1CCN(c2ccc([N+](=O)[O-])c(NCc3ccccc3)c2)CC1,-7.42393,1
CCC(=O)N1CCN(c2oc(-c3ccc(C)cc3)nc2S(=O)(=O)c2ccccc2)CC1,-7.21665,1
CCC(=O)N1CCN(c2oc(-c3ccc(Cl)cc3)nc2S(=O)(=O)c2ccccc2)CC1,-7.32077,1
CCC(=O)N1CCN(c2oc(-c3ccc(OC)cc3)nc2S(=O)(=O)c2ccc(C)cc2)CC1,-6.64187,1
CCC(=O)N1CC[NH+](CCNC=C2C(=O)CC(c3ccccc3)CC2=O)CC1,-3.96794,1
CCC(=O)N1CC[NH+](Cc2nc3cc(NC(=O)COc4cccc(C)c4)ccc3n2C)CC1,-6.03029,1
CCC(=O)N1CC[NH+](Cc2nc3cc(NC(=O)COc4ccccc4Cl)ccc3n2C)CC1,-3.74655,1
CCC(=O)N1CCc2cc(Br)c(S(=O)(=O)CCC(=O)NCCOC)cc21,-5.93576,1
CCC(=O)N1CCc2cc(CNC(=O)C3CCC3)ccc21,-2.36926,1
CCC(=O)N1CCc2cc(CNC(=O)COc3ccc(OC)cc3)ccc21,-4.70397,1
CCC(=O)N1CCc2cc(CNC(=O)Nc3cc(Cl)ccc3OC)ccc21,-5.64843,1
CCC(=O)N1CCc2cc(CNC(=O)Nc3cccc(C)c3)ccc21,-6.56488,1
CCC(=O)N1CCc2cc(CNC(=O)c3ccc(N(CC)CC)cc3)ccc21,-0.872409,1
CCC(=O)N1CCc2cc(CNC(=O)c3ccc(OC)c(OC)c3)ccc21,-5.02572,1
CCC(=O)N1CCc2cc(CNC(=O)c3ccc([NH+](CC)CC)cc3)ccc21,-3.31633,1
CCC(=O)N1CCc2cc(CNC(=O)c3ccc4c(c3)OCO4)ccc21,-6.36133,1
CCC(=O)N1CCc2cc(CNC(=O)c3cccc(Cl)c3)ccc21,-5.83591,1
CCC(=O)N1CCc2cc(CNC(=O)c3cccc(N(C)C)c3)ccc21,-5.28874,1
CCC(=O)N1CCc2cc(CNS(=O)(=O)c3cccc4nsnc34)ccc21,-3.28719,1
CCC(=O)N1CCc2cc(S(=O)(=O)CCC(=O)Nc3ccc(C(C)=O)cc3)ccc21,-5.23982,1
CCC(=O)N1CCc2cc(S(=O)(=O)NCCC(=O)Nc3ccc(C)c(F)c3)ccc21,-4.92734,1
CCC(=O)N1CCc2cc(S(=O)(=O)N[C@@H](C(=O)Nc3ccc(C)cc3)C(C)C)ccc21,-3.88767,1
CCC(=O)N1CCc2cc(S(=O)(=O)Nc3ccc(C)cc3C)ccc21,-5.51682,1
CCC(=O)N1N=C2c3ccc(OC)cc3CC[C@@H]2[C@H]1c1ccc([N+](=O)[O-])cc1,-4.53855,1
CCC(=O)NC(=O)/C=C/c1cccc(-c2[nH+]cc(Cc3ccccc3)n2CC)c1,-11.4,1
CCC(=O)NC(=O)/C=C/c1cccc(-c2[nH+]cc(Cc3ccccc3)n2CCc2ccccc2)c1,-11.07,1
CCC(=O)NC(=O)/C=C/c1cccc(-c2[nH]c(Cc3ccccc3)c[nH+]2)c1,-10.69,1
CCC(=O)NC(=O)/C=C/c1cccc(-c2c(C)[nH+]c(Cc3ccccc3)n2C)c1,-10.38,1
CCC(=O)NC(=O)/C=C/c1cccc(-c2c(C)nc(Cc3ccccc3)n2[C@H]2CCC[NH2+]C2)c1,-9.086,1
CCC(=O)NC(=O)/C=C/c1cccc(-c2c[nH+]c(-c3ccccc3)n2CCc2ccccc2)c1,-8.177,1
CCC(=O)NC(=O)/C=C/c1cccc(-c2c[nH+]c(Cc3ccccc3)[nH]2)c1,-10.33,1
CCC(=O)NC(=O)/C=C/c1cccc(-c2c[nH+]c(Cc3ccccc3)n2C)c1,-11.27,1
CCC(=O)NC(=O)/C=C/c1cccc(-c2c[nH+]c(Cc3ccccc3)n2CC)c1,-11.47,1
CCC(=O)NC(=O)/C=C/c1cccc(-c2c[nH+]cn2CCc2ccccc2)c1,-10.56,1
CCC(=O)NC(=O)/C=C/c1cccc(-c2cnc(Cc3ccccc3)n2[C@H]2CCC[N@@H+](C)C2)c1,-8.209,1
CCC(=O)NC(=O)/C=C/c1cccc(-c2cnc(Cc3ccccc3)n2[C@H]2CCC[NH2+]C2)c1,-9.245,1
CCC(=O)NC(=O)/C=C/c1cccc(-c2nc(C)c(-c3ccccc3)n2C)c1,-9.704,1
CCC(=O)NC(=O)/C=C/c1cccc(-c2nc(Cc3ccccc3)c[nH]2)c1,-8.714,1
CCC(=O)NC(=O)/C=C/c1cccc(-c2nc(Cc3ccccc3)cn2C)c1,-10.84,1
CCC(=O)NC(=O)/C=C/c1cccc(-c2nc(Cc3ccccc3)cn2CCN2CCOCC2)c1,-11.28,1
CCC(=O)NC(=O)COc1ccc(CCNC(=O)Cc2ccccc2)cc1,-10.81,1
CCC(=O)NC(=O)c1ccc(CN(C(=O)c2ccc(C(C)C)cc2)C2CC2)cc1,-11.16,1
CCC(=O)NC(=O)c1ccc(CN2C(=O)c3ccccc3C2=O)cc1,-10.43,1
CCC(=O)NC(=O)c1ccc(CN2CC(=O)N(Cc3cccc(Cl)c3)CC2=O)cc1,-9.209,1
CCC(=O)NC(=O)c1ccc(CN2CC(=O)N(Cc3cccc(Cl)c3)[C@@H](C)C2=O)cc1,-8.874,1
CCC(=O)NC(=O)c1ccc(CN2CC(=O)N(Cc3cccc(OC)c3)CC2=O)cc1,-11.63,1
CCC(=O)NC(=O)c1ccc(CN2CC(=O)N(Cc3cccc(OC)c3)[C@@H](C)C2=O)cc1,-9.009,1
CCC(=O)NC(=O)c1ccc(CN2CC(=O)N(Cc3ccccc3)CC2=O)cc1,-11.59,1
CCC(=O)NC(=O)c1ccc(CN2CC(=O)N(Cc3ccccc3)[C@@H](C)C2=O)cc1,-11.58,1
CCC(=O)NC(=O)c1ccc(CN2CC(=O)N(Cc3ccccc3Cl)[C@@H](C)C2=O)cc1,-9.953,1
CCC(=O)NC(=O)c1ccc(CN2CC(=O)N[C@@H](C)C2=O)cc1,-10.43,1
CCC(=O)NC(=O)c1ccc(CN2CC(=O)N[C@@H](Cc3ccccc3)C2=O)cc1,-10.58,1
CCC(=O)NC(=O)c1ccc(CNC(=O)N2CCC(N3C[C@@H](c4ccccc4)C3=O)CC2)cc1,-9.227,1
CCC(=O)NC(=O)c1ccc(CNC(=O)c2ccc(-c3ccc(OC)cc3)[nH]2)cc1,-10.63,1
CCC(=O)NC(=O)c1ccc(CNC(=O)c2ccc(C(C)C)cc2)cc1,-10.61,1
CCC(=O)NC(=O)c1ccc(COc2ccc(/C=C3\NC(=O)CNC3=O)cc2)cc1,-10.83,1
CCC(=O)NC(=O)c1ccc(CS(=O)(=O)Nc2ccc3[nH]c(=O)ccc3c2)c(OC)c1,-10.53,1
CCC(=O)NC(=O)c1ccc(Cc2ccc3c(=O)n(CC)c(C)nc3c2)cc1,-10.68,1
CCC(=O)NC(=O)c1ccc(Cc2ccc3c(=O)n(CCc4ccccc4)c(C)nc3c2)cc1,-9.747,1
CCC(=O)NC(=O)c1ccc(Cc2ccc3nc(C)n(C)c(=O)c3c2)cc1,-10.93,1
CCC(=O)NC(=O)c1ccc(Cc2ccc3nc(CC)n(C)c(=O)c3c2)cc1,-11.04,1
CCC(=O)NC(=O)c1ccc(Cc2ccc3ncn(C)c(=O)c3c2)cc1,-10.98,1
CCC(=O)NC(=O)c1ccc(Cc2ccc3ncn(CC)c(=O)c3c2)cc1,-10.89,1
CCC(=O)NC(=O)c1ccc(Cn2c(=O)[nH]c(=O)c3ccccc32)cc1,-10.42,1
CCC(=O)NC(=O)c1ccc(Cn2c(=O)[nH]c(=O)c3ccsc32)cc1,-9.586,1
CCC(=O)NC(=O)c1ccc(Cn2cnc3ccccc32)c(F)c1,-10.63,1
CCC(=O)NC(=O)c1ccc(N[C@@H]2CCN(c3ccc4ncccc4c3)C2=O)cc1,-9.924,1
CCC(=O)NC(=O)c1ccc(Nc2nc(Nc3ccc(OC)cc3)ncc2C)cc1,-7.417,1
CCC(=O)NC(=O)c1ccc2[nH]ccc2c1,-10.61,1
CCC(=O)NC(=O)c1ccccc1,-10.02,1
CCC(=O)NC(=O)c1cnc(N(C)CCOc2cc(-c3ccc(OC)nc3)cc3cncnc23)nc1,-8.996,1
CCC(=O)NC(=O)c1cnc(N[C@H]2CC[C@@H]([NH2+]Cc3c[nH]c4cc(C)ccc34)CC2)nc1,-8.763,1
CCC(=O)NC(=O)c1cnc(N[C@H]2CC[C@@H]([NH2+]Cc3cn(C)c4ccccc34)CC2)nc1,-8.747,1
CCC(=O)NCCc1[nH+]c2cc(NC(=O)c3cccc(Br)c3)ccc2n1C,-5.47597,1
CCC(=O)NCCc1[nH+]c2cc(NC(=O)c3ccccc3Cl)ccc2n1C,-4.89886,1
CCC(=O)NCCc1[nH+]c2cc(NC(=O)c3ccccc3OC)ccc2n1C,-5.70991,1
CCC(=O)NCCc1[nH+]c2cc(NC(=O)c3ccco3)ccc2n1C,-3.32568,1
CCC(=O)NCCc1c[nH]c2ccccc12,-9.823,1
CCC(=O)NCCc1nc2cc(NC(=O)c3cccc(Br)c3)ccc2n1C,-6.3392,1
CCC(=O)NCCc1nc2cc(NC(=O)c3ccccc3OC)ccc2n1C,-4.81852,1
CCC(=O)NCCc1nc2cc(NC(=O)c3ccco3)ccc2n1C,-4.25537,1
CCC(=O)NCCc1nc2ccccc2n1Cc1c(F)cccc1Cl,-4.05505,1
CCC(=O)NCCc1nc2ccccc2n1Cc1ccc(C)cc1,-3.67901,1
CCC(=O)NCc1[nH+]c2ccccc2n1Cc1ccccc1,-4.51021,1
CCC(=O)NCc1csc(-c2ccc(OC)cc2)n1,-6.52652,1
CCC(=O)NCc1nc(-c2ccc(C)cc2)no1,-7.76576,1
CCC(=O)NCc1nc(-c2ccc(Cl)cc2)no1,-7.65985,1
CCC(=O)NCc1nc(-c2ccc(OC)cc2)no1,-8.29319,1
CCC(=O)N[C@@H](C)c1nc(-c2ccc(Cl)cc2)no1,-5.12699,1
CCC(=O)Nc1cc(C(=O)[O-])ccc1Sc1ccccc1,-5.40498,1
CCC(=O)Nc1cc(C)c([O-])c(-c2nc3ncccc3o2)c1,-3.23418,1
CCC(=O)Nc1ccc(C(=O)N/N=C/c2ccc([N+](=O)[O-])cc2)cc1,-8.89302,1
CCC(=O)Nc1ccc(C(=O)N/N=C/c2ccccc2)cc1,-8.19364,1
CCC(=O)Nc1ccc(C(=O)OCc2cc(=O)n3c(C)csc3n2)cc1,-8.23294,1
CCC(=O)Nc1ccc(C(=O)OCc2cc(=O)n3cc(C)sc3n2)cc1,-7.18965,1
CCC(=O)Nc1ccc(C(=O)OCc2cc(=O)n3nc(C(C)C)sc3n2)cc1,-5.88273,1
CCC(=O)Nc1ccc(C(=O)OCc2cc(=O)n3nc(CC)sc3n2)cc1,-7.98738,1
CCC(=O)Nc1ccc(C)cc1-c1nnc(SCC(=O)Nc2ccc(C(C)=O)cc2)nc1[O-],-6.50541,1
CCC(=O)Nc1ccc(C)cc1-c1nnc(S[C@@H](C)C(=O)Nc2ccc(C(C)=O)cc2)nc1[O-],-6.58078,1
CCC(=O)Nc1ccc(C)cc1-c1nnc(S[C@H](C)C(=O)Nc2ccc(C(C)=O)cc2)nc1[O-],-6.21747,1
CCC(=O)Nc1ccc(N2CC[NH+](CC(=O)NCCOC)CC2)cc1C(=O)[O-],-4.51204,1
CCC(=O)Nc1ccc(Nc2cc(N3CCCCC3)nc(C)[nH+]2)cc1,-6.12473,1
CCC(=O)Nc1ccc(Nc2cc(N3CCCCC3)nc(C)n2)cc1,-7.12191,1
CCC(=O)Nc1ccc(Nc2nc(C)cc(Nc3ccc(OC)cc3)n2)cc1,-7.49608,1
CCC(=O)Nc1ccc(Nc2nc(C)cc(Nc3ccccc3)n2)cc1,-8.62106,1
CCC(=O)Nc1ccc(Nc2nc(Nc3ccc(OC)cc3)cc(C)[nH+]2)cc1,-4.81844,1
CCC(=O)Nc1ccc(OC)c(NC(=O)c2ccc(OC)cc2)c1,0.163333,1
CCC(=O)Nc1ccc(OCc2cc(=O)n3cc(Cl)ccc3n2)cc1,-7.63025,1
CCC(=O)Nc1ccc(OCc2cc(=O)n3ccc(C)cc3n2)cc1,-8.00801,1
CCC(=O)Nc1ccc(OCc2cc(=O)n3nc(CC)sc3n2)cc1,-7.80476,1
CCC(=O)Nc1ccc(S(=O)(=O)NCc2ccc3c(c2)CCN3C(=O)CC(C)C)cc1,-6.85286,1
CCC(=O)Nc1ccc(S(=O)(=O)Nc2ccc3c(c2)N(C(=O)CC)CCC3)cc1,-1.81528,1
CCC(=O)Nc1ccc(S(=O)(=O)[N-]c2ccc3c(c2)CCCN3S(=O)(=O)CC)cc1,-6.2492,1
CCC(=O)Nc1ccc(S(=O)(=O)[N-]c2ccc3c(c2)N(C(=O)CC)CCC3)cc1,-2.70404,1
CCC(=O)Nc1ccc(S(=O)(=O)[N-]c2ccc3nc(NC(C)=O)sc3c2)cc1,-4.51199,1
CCC(=O)Nc1ccc2c(c1)CCC(=O)N2,-9.046,1
CCC(=O)Nc1ccc2c(c1)CCN2C=O,-9.269,1
CCC(=O)Nc1ccc2c(c1)N(C(=O)c1ccco1)CCC2,-4.16769,1
CCC(=O)Nc1ccc2c(c1)[nH+]c(CN1CCN(C(=O)c3ccccc3)CC1)n2C,-8.66775,1
CCC(=O)Nc1ccc2c(c1)[nH+]c(CN1CCN(C(C)=O)CC1)n2CC,-4.92365,1
CCC(=O)Nc1ccc2c(c1)[nH+]c(CN1CCN(Cc3ccccc3)CC1)n2C,-4.77013,1
CCC(=O)Nc1ccc2c(c1)nc(CCNC(=O)c1ccco1)n2C,-7.92639,1
CCC(=O)Nc1ccc2c(c1)nc(CN1CCN(C(=O)c3ccc(Cl)cc3)CC1)n2C,-6.0359,1
CCC(=O)Nc1ccc2c(c1)nc(CN1CCN(C(=O)c3ccco3)CC1)n2C,-4.33721,1
CCC(=O)Nc1ccc2c(c1)nc(CN1CCN(C(=O)c3ccco3)CC1)n2CC,-6.06567,1
CCC(=O)Nc1ccc2c(c1)nc(CN1CCN(C(C)=O)CC1)n2CC,-5.06766,1
CCC(=O)Nc1ccc2c(c1)nc(C[NH+]1CCN(C(=O)c3ccc(Cl)cc3)CC1)n2C,-3.39401,1
CCC(=O)Nc1ccc2c(c1)nc(C[NH+]1CCN(C(=O)c3ccccc3)CC1)n2C,-4.61676,1
CCC(=O)Nc1ccc2c(c1)nc(C[NH+]1CCN(C(C)=O)CC1)n2C,-3.1465,1
CCC(=O)Nc1ccc2c(c1)nc(C[NH+]1CCN(C(C)=O)CC1)n2CC,-4.00168,1
CCC(=O)Nc1ccc2c(ccc(=O)n2C)c1,-9.379,1
CCC(=O)Nc1ccc2nc(NC(C)=O)sc2c1,-9.38821,1
CCC(=O)Nc1ccc2nc(SCC(=O)Nc3cccc(OC)c3)sc2c1,-9.37264,1
CCC(=O)Nc1ccc2oc(-c3ccc(F)cc3)nc2c1,-8.27939,1
CCC(=O)Nc1ccc2oc(-c3ccc(OC)cc3)nc2c1,-8.36144,1
CCC(=O)Nc1cccc(-c2nc3ncccc3o2)c1C,-6.96869,1
CCC(=O)Nc1cccc(C(=O)N/N=C/c2ccc3c(c2)OCO3)c1,-4.40496,1
CCC(=O)Nc1cccc(C(=O)OCc2cc(=O)n3c(C)csc3n2)c1,-6.43403,1
CCC(=O)Nc1cccc(C(=O)OCc2cc(=O)n3cc(C)sc3n2)c1,-8.02765,1
CCC(=O)Nc1cccc(Cl)c1,-9.229,1
CCC(=O)Nc1cccc(N2CCn3c([nH+]c4cc(Cl)ccc43)C2)c1,-4.69919,1
CCC(=O)Nc1cccc(OCc2cc(=O)n3cccc(C)c3n2)c1,-6.80022,1
CCC(=O)Nc1cccc(OCc2cc(=O)n3ccccc3n2)c1,-6.00812,1
CCC(=O)Nc1cccc(OCc2cc(=O)n3nc(C)sc3n2)c1,-7.48293,1
CCC(=O)Nc1ccccc1-c1nnc(SCC(=O)Nc2cccc(OC)c2)nc1[O-],-5.52002,1
CCC(=O)Nc1ccccc1-c1nnc(S[C@H](CC)C(=O)Nc2cccc(C(C)=O)c2)nc1[O-],-5.35879,1
CCC(=O)Nc1n[nH]c2cc(-c3cc(C[NH2+]Cc4c[nH]c5ccccc45)ccc3F)ccc12,-9.288,1
CCC(=O)Nc1n[nH]c2cc(-c3cc(OC)cc(C(F)(F)F)c3)ccc12,-9.569,1
CCC(=O)Nc1n[nH]c2cc(-c3ccc(OC)c(C(F)(F)F)c3)ccc12,-9.515,1
CCC(=O)Nc1n[nH]c2cc(-c3cn[nH]c3)ccc12,-9.377,1
CCC(=O)Nc1n[nH]c2cc(-c3cncnc3)ccc12,-9.682,1
CCC(=O)Nc1n[nH]c2cc(CN3C(=O)c4cccc(F)c4C3=O)ccc12,-10.24,1
CCC(=O)Nc1n[nH]c2cc(CN3C(=O)c4ccccc4C3=O)ccc12,-9.801,1
CCC(=O)Nc1n[nH]c2cc(CN3CC(=O)N(Cc4cccc(Cl)c4)CC3=O)ccc12,-10.49,1
CCC(=O)Nc1n[nH]c2cc(CN3CC(=O)N(Cc4cccc(Cl)c4)[C@@H](C)C3=O)ccc12,-5.831,1
CCC(=O)Nc1n[nH]c2cc(CN3CC(=O)N(Cc4cccc(OC)c4)CC3=O)ccc12,-10.26,1
CCC(=O)Nc1n[nH]c2cc(CN3CC(=O)N(Cc4cccc(OC)c4)[C@@H](C)C3=O)ccc12,-10.97,1
CCC(=O)Nc1n[nH]c2cc(CN3CC(=O)N(Cc4ccccc4)CC3=O)ccc12,-6.445,1
CCC(=O)Nc1n[nH]c2cc(CN3CC(=O)N(Cc4ccccc4)[C@@H](C)C3=O)ccc12,-9.02,1
CCC(=O)Nc1n[nH]c2cc(CN3CC(=O)N(Cc4ccccc4Cl)CC3=O)ccc12,-11.11,1
CCC(=O)Nc1n[nH]c2cc(CN3CC(=O)N(Cc4ccccc4Cl)[C@@H](C)C3=O)ccc12,-10.69,1
CCC(=O)Nc1n[nH]c2cc(CNC(=O)N3CCC(N4C[C@@H](c5ccccc5)C4=O)CC3)ccc12,-10.5,1
CCC(=O)Nc1n[nH]c2cc(CNC(=O)c3ccc(-c4ccc(OC)cc4)[nH]3)ccc12,-9.995,1
CCC(=O)Nc1n[nH]c2cc(CNC(=O)c3ccc(C(C)C)cc3)ccc12,-9.973,1
CCC(=O)Nc1n[nH]c2cc(CNC(=O)c3ccccc3)ccc12,-9.789,1
CCC(=O)Nc1n[nH]c2cc(COc3ccc(/C=C4\NC(=O)CNC4=O)cc3)ccc12,-10.38,1
CCC(=O)Nc1n[nH]c2cc(CS(=O)(=O)Nc3ccc4[nH]c(=O)c(C)cc4c3)ccc12,-10.97,1
CCC(=O)Nc1n[nH]c2cc(CS(=O)(=O)Nc3ccc4[nH]c(=O)ccc4c3)ccc12,-10.85,1
CCC(=O)Nc1n[nH]c2cc(C[C@H](NC(C)=O)C(=O)Nc3ccc(OC)cc3)ccc12,-11.07,1
CCC(=O)Nc1n[nH]c2cc(C[C@H](NC=O)C(=O)Nc3ccc(OC)cc3)ccc12,-9.957,1
CCC(=O)Nc1n[nH]c2cc(Cc3ccc4c(=O)n(C)c(CC)nc4c3)ccc12,-8.252,1
CCC(=O)Nc1n[nH]c2cc(Cc3ccc4c(=O)n(CC)c(C)nc4c3)ccc12,-9.932,1
CCC(=O)Nc1n[nH]c2cc(Cc3ccc4c(=O)n(CC)cnc4c3)ccc12,-6.321,1
CCC(=O)Nc1n[nH]c2cc(Cc3ccc4c(=O)n(CCc5ccccc5)c(C)nc4c3)ccc12,-10.71,1
CCC(=O)Nc1n[nH]c2cc(Cc3ccc4nc(C)n(C)c(=O)c4c3)ccc12,-9.106,1
CCC(=O)Nc1n[nH]c2cc(Cc3ccc4nc(C)n(CCc5ccccc5)c(=O)c4c3)ccc12,-10.97,1
CCC(=O)Nc1n[nH]c2cc(Cc3ccc4nc(CC)n(C)c(=O)c4c3)ccc12,-10.4,1
CCC(=O)Nc1n[nH]c2cc(Cc3ccc4ncn(C)c(=O)c4c3)ccc12,-10.34,1
CCC(=O)Nc1n[nH]c2cc(Cc3ccc4ncn(CC)c(=O)c4c3)ccc12,-10.21,1
CCC(=O)Nc1n[nH]c2cc(Cc3cccc4c(=O)n(CC)c(CC)nc34)ccc12,-5.379,1
CCC(=O)Nc1n[nH]c2cc(Cn3c(=O)[nH]c(=O)c4ccccc43)ccc12,-8.971,1
CCC(=O)Nc1n[nH]c2cc(Cn3c(=O)[nH]c(=O)c4ccsc43)ccc12,-10.17,1
CCC(=O)Nc1n[nH]c2cc(Cn3cnc4ccccc43)ccc12,-10.47,1
CCC(=O)Nc1n[nH]c2cc(N(C)CCOc3cc(-c4ccc(OC)nc4)cc4cncnc34)ccc12,-7.174,1
CCC(=O)Nc1n[nH]c2cc(N[C@H]3CC[C@@H]([NH2+]Cc4cn(C)c5ccccc45)CC3)ccc12,-8.944,1
CCC(=O)Nc1n[nH]c2cc(Nc3nc(Nc4ccc(OC)cc4)ncc3C)ccc12,-10.65,1
CCC(=O)Nc1nc(-c2ccc(Br)cc2)ns1,-3.75413,1
CCC(=O)Nc1nc(-c2ccc3c(c2)N(C)C(=O)CO3)cs1,-5.12415,1
CCC(=O)Nc1nc(-c2ccc3c(c2)N(CC)C(=O)CO3)c(C)s1,-5.39465,1
CCC(=O)Nc1nc(-c2ccc3c(c2)NC(=O)CO3)cs1,-7.65213,1
CCC(=O)Nc1nc(C)c(-c2nc(-c3cccc(C)c3)no2)s1,-4.11476,1
CCC(=O)Nc1nc2[nH]c(C)c(C)c(=O)n2n1,-3.81885,1
CCC(=O)Nc1nc2c(C)cc(NC(=O)NCc3cccc(OC)c3)cc2s1,-7.87893,1
CCC(=O)Nc1nc2c(C)cc(NC(=O)Nc3ccccc3)cc2s1,-8.59832,1
CCC(=O)Nc1nc2c(C)cc(NS(=O)(=O)c3cc(OC)ccc3OC)cc2s1,-5.67506,1
CCC(=O)Nc1nc2c(C)cc([N-]S(=O)(=O)c3cc(C)ccc3C)cc2s1,-5.90212,1
CCC(=O)Nc1nc2c(C)cc([N-]S(=O)(=O)c3cc(OC)ccc3OC)cc2s1,-3.60538,1
CCC(=O)Nc1nc2c(C)cc([N-]S(=O)(=O)c3ccc(OC)c(OC)c3)cc2s1,-5.69181,1
CCC(=O)Nc1nc2c(OC)cc(NC(=O)CC(C)C)cc2s1,-8.90118,1
CCC(=O)Nc1nc2ccc(NC(=O)NCCCOC)cc2s1,-6.40276,1
CCC(=O)Nc1nc2ccc(NC(=O)Nc3cccc(C)c3)cc2s1,-7.86393,1
CCC(=O)Nc1nc2ccc(NC(=O)Nc3cccc(Cl)c3)cc2s1,-8.1429,1
CCC(=O)Nc1nc2ccc(NC(=O)Nc3cccc(F)c3)cc2s1,-8.61087,1
CCC(=O)Nc1nc2ccc(NC(=O)Nc3cccc(OC)c3)cc2s1,-4.24036,1
CCC(=O)Nc1nc2ccc(NC(=O)Nc3ccccc3)cc2s1,-8.60751,1
CCC(=O)Nc1nc2ccc(NC(=O)c3cc(OC)cc(OC)c3)cc2s1,-8.714,1
CCC(=O)Nc1nc2ccc(NC(=O)c3ccc(C#N)cc3)cc2s1,-6.32182,1
CCC(=O)Nc1nc2ccc(NC(=O)c3ccc(F)c(Cl)c3)cc2s1,-8.54407,1
CCC(=O)Nc1nc2ccc(NC(=O)c3ccc(F)cc3)cc2s1,-8.6612,1
CCC(=O)Nc1nc2ccc(NC(=O)c3ccc(OC)c(OC)c3)cc2s1,-7.70071,1
CCC(=O)Nc1nc2ccc(NC(=O)c3ccc(OC)cc3)cc2s1,-3.82881,1
CCC(=O)Nc1nc2ccc(NC(=O)c3cccc(OC)c3)cc2s1,-8.68583,1
CCC(=O)Nc1nc2ccc(NC(=O)c3ccccc3)cc2s1,-8.71726,1
CCC(=O)Nc1nc2ccc(NS(=O)(=O)c3ccc(F)cc3)cc2s1,-0.828607,1
CCC(=O)Nc1nc2ccc(NS(=O)(=O)c3ccc(OC)c(Cl)c3)cc2s1,-2.2544,1
CCC(=O)Nc1nc2ccc(NS(=O)(=O)c3cccc(Cl)c3)cc2s1,-5.7248,1
CCC(=O)Nc1nc2ccc(NS(=O)(=O)c3cccc(Cl)c3C)cc2s1,-6.77474,1
CCC(=O)Nc1nc2ccccc2s1,-9.823,1
CCC(=O)Nc1nc2nc(C)c(Cc3ccccc3)c([O-])n2n1,-2.42813,1
CCC(=O)Nc1nn2c(-c3ccc(C)cc3)nnc2s1,-6.30451,1
CCC(=O)Nc1nnc(CC(=O)N/N=C/c2ccc(Br)cc2)s1,-9.02628,1
CCC(=O)Nc1nnc(CC(=O)N/N=C/c2ccc([N+](=O)[O-])cc2)s1,-1.86772,1
CCC(=O)Nc1nnc(S(=O)(=O)N(CC)c2ccc(Cl)cc2)s1,-5.14614,1
CCC(=O)Nc1nnc(SCc2cc(=O)n3cccc(C)c3n2)s1,-4.64798,1
CCC(=O)Nc1nnc(SCc2cc(=O)n3oc(C)cc3n2)s1,-0.705199,1
CCC(=O)OCCNc1nc(SC)nc(-c2ccc(C)cc2)c1C#N,-6.38217,1
CCC(=O)[N-]c1nnc(CC(=O)N/N=C/c2ccncc2)s1,-5.9911,1
CCC(=O)[N-]c1nnc(S(=O)(=O)N(C)c2ccccc2)s1,-5.50225,1
CCC(=O)[N-]c1nnc(S(=O)(=O)N(CC)c2ccc(C)cc2)s1,-1.65576,1
CCC(=O)[N-]c1nnc(S(=O)(=O)N(CC)c2ccc(Cl)cc2)s1,-3.35124,1
CCC(=O)[N-]c1nnc(S(=O)(=O)N(CC)c2ccccc2)s1,-2.70504,1
CCC(=O)[N-]c1nnc(S(=O)(=O)N2c3ccccc3C[C@H]2C)s1,-2.40489,1
CCC(=O)[N-]c1nnc(SCc2cc(=O)n3cc(C)ccc3n2)s1,-3.1061,1
CCC(=O)[N-]c1nnc(SCc2cc(=O)n3nc(CC(C)C)sc3n2)s1,-2.75976,1
CCC(=O)[N-]c1nnc(SCc2cc(=O)n3oc(C)cc3n2)s1,-2.87766,1
CCC(=O)[N-]c1nnc([C@@H]2CC(=O)N(c3ccc(C)c(C)c3)C2)s1,-7.01882,1
CCC(=O)[N-]c1nnc([C@@H]2CC(=O)N(c3ccc(C)c(Cl)c3)C2)s1,-5.47335,1
CCC(=O)[N-]c1nnc([C@@H]2CC(=O)N(c3ccc(Cl)cc3)C2)s1,-5.17766,1
CCC(=O)[N-]c1nnc([C@H]2CC(=O)N(c3ccc(C)c(Cl)c3)C2)s1,-5.45749,1
CCC(=O)[N-]c1nnc([C@H]2CC(=O)N(c3ccc(Cl)cc3)C2)s1,-4.71444,1
CCC(=O)c1cc2ccccc2o1,-9.538,1
CCC(CC)C(=O)Nc1ccc(OC)c(NC(=O)c2ccc(OC)cc2)c1,-5.7135,1
CCC(CC)C(=O)Nc1ccc2oc(-c3ccc(OC)cc3)nc2c1,-5.20274,1
CCC(CC)C(=O)Nc1nc(-c2ccc3c(c2)NC(=O)CO3)cs1,-7.02685,1
CCC(CC)C(=O)Nc1nnc([C@@H]2CC(=O)N(c3ccc(OC)cc3)C2)s1,-6.71394,1
CCC(CC)C(=O)[N-]c1nnc([C@H]2CC(=O)N(c3ccc(OC)cc3)C2)s1,-3.45965,1
CCC1=C(c2ccc(C)cc2)S(=O)(=O)N=C1N1CCC(C(=O)N2CCC3(CC2)OCCO3)CC1,-2.93737,1
CCC1=C(c2ccc(C)cc2)S(=O)(=O)N=C1NCC(=O)NCc1ccc(OC)cc1,-4.30381,1
CCC1=C(c2ccc(C)cc2)S(=O)(=O)N=C1[N-]CC(=O)NCc1ccc(OC)cc1,-2.72494,1
CCC1=NN(C(=O)Cc2ccc(OC)cc2)[C@](O)(C(F)(F)F)C1,-6.45473,1
CCC1=NN(C(=O)Cc2ccc(OC)cc2)[C@]([O-])(C(F)(F)F)C1,-4.64466,1
CCC1=NN(C(=O)c2cccc(O)c2)[C@@]([O-])(C(F)(F)F)C1,-5.46654,1
CCC1=NN(C(=O)c2cccc(O)c2)[C@](O)(C(F)(F)F)C1,-6.44024,1
CCC1=NN(C(=O)c2cccc(O)c2)[C@]([O-])(C(F)(F)F)C1,-5.73779,1
CCCC(=O)N(c1ccc2oc(C)c(C(=O)OCC)c2c1)S(=O)(=O)c1ccc(C(=O)[O-])cc1,1.06478,1
CCCC(=O)N/N=C/c1ccc(OC)cc1,-6.88366,1
CCCC(=O)N1CCN(c2nc(Nc3ccc(OC)cc3)cc(C)[nH+]2)CC1,-4.04568,1
CCCC(=O)N1CCN(c2oc(-c3ccc(F)cc3)nc2S(=O)(=O)c2ccc(Cl)cc2)CC1,-6.96713,1
CCCC(=O)N1CCN(c2oc(-c3ccc(OC)cc3)nc2S(=O)(=O)c2ccccc2)CC1,-3.58637,1
CCCC(=O)N1CCN(c2oc(-c3ccccc3Cl)nc2S(=O)(=O)c2ccc(C)cc2)CC1,-5.77786,1
CCCC(=O)NCCCc1nc2ccccc2n1Cc1ccccc1C,-4.19218,1
CCCC(=O)NCCc1[nH+]c2ccccc2n1Cc1ccc(C)cc1,-2.81026,1
CCCC(=O)NCc1ccc2c(c1)CCN2C(=O)C(C)C,-4.92068,1
CCCC(=O)NCc1ccc2c(c1)CCN2C(=O)c1ccc(Cl)cc1,-6.51442,1
CCCC(=O)NCc1ccc2c(c1)CCN2C(=O)c1ccc(F)cc1,-4.70961,1
CCCC(=O)NCc1ccc2c(c1)CCN2C(=O)c1ccccc1,-4.25917,1
CCCC(=O)NCc1ccc2c(c1)CCN2C(=O)c1ccncc1,-4.55594,1
CCCC(=O)NCc1nc(-c2ccc(C)cc2)no1,-7.46342,1
CCCC(=O)Nc1cc(C(=O)[O-])ccc1Sc1ccccc1,-5.02811,1
CCCC(=O)Nc1cc(C)c(O)c(-c2nc3ncccc3o2)c1,-5.74588,1
CCCC(=O)Nc1cc(C)c([O-])c(-c2nc3ncccc3o2)c1,-2.87694,1
CCCC(=O)Nc1cc(OC)c2nc(NC(=O)CC)sc2c1,-7.08216,1
CCCC(=O)Nc1ccc(C(=O)OCc2cc(=O)n3nc(C)sc3n2)cc1,-8.04239,1
CCCC(=O)Nc1ccc(N2CCn3c(nc4ccccc43)C2)cc1Cl,-4.47704,1
CCCC(=O)Nc1ccc(Nc2nc(C)cc(N(CC)CC)[nH+]2)cc1,-5.34483,1
CCCC(=O)Nc1ccc(Nc2nc(N(CC)CC)cc(C)[nH+]2)cc1,-5.42102,1
CCCC(=O)Nc1ccc(OCc2cc(=O)n3cccc(C)c3n2)cc1,-3.32562,1
CCCC(=O)Nc1ccc(S(=O)(=O)Nc2ccc3c(c2)CCCN3S(=O)(=O)CC)cc1,-7.71307,1
CCCC(=O)Nc1ccc(S(=O)(=O)[N-]c2ccc3c(c2)CCCN3S(=O)(=O)CC)cc1,-5.51712,1
CCCC(=O)Nc1ccc(SCc2cc(=O)n3c(ncn3C(C)C)[nH+]2)cc1,-6.62449,1
CCCC(=O)Nc1ccc(SCc2cc(=O)n3c(ncn3C(C)C)n2)cc1,-8.05853,1
CCCC(=O)Nc1ccc2c(c1)N(C(=O)c1ccccc1)CCC2,0.450722,1
CCCC(=O)Nc1ccc2c(c1)[nH+]c(CN1CCN(C(=O)CC)CC1)n2C,-4.64722,1
CCCC(=O)Nc1ccc2c(c1)[nH+]c(CN1CCN(C(C)=O)CC1)n2CC,-4.36698,1
CCCC(=O)Nc1ccc2c(c1)[nH+]c(CN1CCN(S(C)(=O)=O)CC1)n2CC,-6.10516,1
CCCC(=O)Nc1ccc2c(c1)[nH+]c(CN1CCOCC1)n2C,-5.99267,1
CCCC(=O)Nc1ccc2c(c1)[nH+]c1n2CCN(CCOC)C1,-6.3132,1
CCCC(=O)Nc1ccc2c(c1)nc(CN1CCN(C(=O)CC)CC1)n2C,-5.41633,1
CCCC(=O)Nc1ccc2c(c1)nc(CN1CCN(C(=O)c3ccco3)CC1)n2C,-3.10316,1
CCCC(=O)Nc1ccc2c(c1)nc(CN1CCN(C(C)=O)CC1)n2C,-3.48167,1
CCCC(=O)Nc1ccc2c(c1)nc(CN1CCN(Cc3ccccc3)CC1)n2C,-8.46856,1
CCCC(=O)Nc1ccc2c(c1)nc(CN1CCN(Cc3ccccc3)CC1)n2CC,-5.96505,1
CCCC(=O)Nc1ccc2c(c1)nc(CN1CCN(S(C)(=O)=O)CC1)n2CC,-6.63461,1
CCCC(=O)Nc1ccc2c(c1)nc(CN1CCOCC1)n2C,-6.98938,1
CCCC(=O)Nc1ccc2c(c1)nc(CN1CCOCC1)n2CC,-4.18986,1
CCCC(=O)Nc1ccc2c(c1)nc(CN1CC[NH+](CC)CC1)n2CC,-7.35454,1
CCCC(=O)Nc1ccc2c(c1)nc(C[NH+]1CCN(C(=O)CC)CC1)n2C,-5.55265,1
CCCC(=O)Nc1ccc2c(c1)nc(C[NH+]1CCN(C(=O)c3ccc(Cl)cc3)CC1)n2C,-4.2588,1
CCCC(=O)Nc1ccc2c(c1)nc(C[NH+]1CCN(C(=O)c3ccccc3)CC1)n2C,-4.85163,1
CCCC(=O)Nc1ccc2c(c1)nc(C[NH+]1CCN(C)CC1)n2C,-4.97169,1
CCCC(=O)Nc1ccc2c(c1)nc(C[NH+]1CCN(CC)CC1)n2C,-1.59023,1
CCCC(=O)Nc1ccc2c(c1)nc(C[NH+]1CCN(S(C)(=O)=O)CC1)n2CC,-1.5286,1
CCCC(=O)Nc1ccc2c(c1)nc1n2CCN(CCOC)C1,-8.0092,1
CCCC(=O)Nc1ccc2c(c1)nc1n2CC[N@@H+](CCOC)C1,-5.79325,1
CCCC(=O)Nc1cccc(-c2ccc(S(C)(=O)=O)nn2)c1,-5.07634,1
CCCC(=O)Nc1nc(-c2ccc3c(c2)NC(=O)CO3)cs1,-7.60507,1
CCCC(=O)Nc1nn2c(-c3cccc(Cl)c3)nnc2s1,-5.93336,1
CCCC(=O)Nc1nn2c(-c3ccccc3)nnc2s1,-6.06381,1
CCCC(=O)Nc1nnc(S(=O)(=O)N(C)Cc2ccccc2)s1,-3.39791,1
CCCC(=O)OCCNc1nc(SC)nc(-c2ccc(C)cc2)c1C#N,-5.60443,1
CCCC(=O)[N-]C(=S)Nc1cc(-c2nc3ccccc3o2)ccc1OC,-3.87545,1
CCCC(=O)[N-]c1nnc(CC(=O)N/N=C/c2ccc(Br)cc2)s1,-3.37959,1
CCCC(=O)[N-]c1nnc(CC(=O)N/N=C/c2ccccc2)s1,-5.6099,1
CCCC(=O)[N-]c1nnc(CC(=O)N/N=C\c2ccc(OC)cc2)s1,-4.82728,1
CCCC(=O)[N-]c1nnc(SCc2cc(=O)n3nc(C(C)C)sc3n2)s1,-3.54808,1
CCCC(=O)[N-]c1nnc([C@@H]2CC(=O)N(c3ccc(C)c(C)c3)C2)s1,-5.39652,1
CCCC(=O)[N-]c1nnc([C@@H]2CC(=O)N(c3ccc(Cl)cc3)C2)s1,-4.19051,1
CCCC(=O)[N-]c1nnc([C@@H]2CC(=O)N(c3ccccc3C)C2)s1,-5.28331,1
CCCC(=O)[N-]c1nnc([C@H]2CC(=O)N(c3ccc(C)c(C)c3)C2)s1,-4.03047,1
CCCC(=O)[N-]c1nnc([C@H]2CC(=O)N(c3ccc(C)c(Cl)c3)C2)s1,-3.51752,1
CCCC(=O)c1ccc(N2CCN(C(=O)CC)CC2)c(F)c1,-6.06981,1
CCCC(=O)c1ccc(N2CCN(C(=O)OCC)CC2)c(F)c1,-6.53692,1
CCCC1=C(C(=O)OCC)S[C@]2(SC(C(C)=O)=NN2c2ccc(OC)cc2)N1C,-5.43921,1
CCCC1=NN(C(=O)Cc2ccc(OC)cc2)[C@@]([O-])(C(F)(F)F)C1,-3.67732,1
CCCCC(=O)N/N=C/c1ccc([N+](=O)[O-])cc1,-6.71449,1
CCCCC(=O)N1CCC(c2nc3c(nnn3Cc3ccccc3F)c(=O)[nH]2)CC1,-6.56699,1
CCCCC(=O)N1CCc2cc(OC)c(OC)cc2[C@H]1COc1ccc(C(=O)OC)cc1,-5.96558,1
CCCCC(=O)Nc1c(-c2ccc(OC)cc2)[nH+]c2ccccn12,-3.4825,1
CCCCC(=O)Nc1ccc2oc(-c3ccc(OC)cc3)nc2c1,-5.2326,1
CCCCC(=O)Nc1nc(-c2ccc(Br)cc2)ns1,-1.96963,1
CCCCC(=O)Nc1nc(-c2ccc(F)cc2)ns1,-4.38534,1
CCCCC(=O)Nc1nc(-c2ccc(OC)cc2)ns1,-5.24275,1
CCCCC(=O)Nc1nc(-c2ccccc2)ns1,-4.72507,1
CCCCC(=O)Nc1nn2c(-c3ccc(OC)cc3)nnc2s1,-6.00746,1
CCCCC(=O)Nc1nnc(S(=O)(=O)N(CC)c2ccc(OC)cc2)s1,-5.02662,1
CCCCC(=O)Nc1nonc1-c1ccc(OCC)cc1,-4.36346,1
CCCCC(=O)OCc1cc(=O)n2nc(CCCC)sc2n1,-5.82567,1
CCCCC1=NN(C(=O)Cc2ccc(OC)cc2)[C@](O)(C(F)(F)F)C1,-5.893,1
CCCCC1=NN(C(=O)Cc2ccc(OC)cc2)[C@]([O-])(C(F)(F)F)C1,-4.91812,1
CCCCCC(=O)N/N=C/c1ccc(OC)cc1,-3.58681,1
CCCCCCC(=O)N/N=C/c1ccc([N+](=O)[O-])cc1,-1.72616,1
CCCCCCCOC(=O)c1ccc(NC(=O)c2ccco2)cc1,-6.55666,1
CCCCCNC(=O)c1c[nH]c2ccc(S(=O)(=O)N(C)c3ccc(OCC)cc3)cc2c1=O,-2.03609,1
CCCCCO/C([O-])=C1\C(C)=Nc2nnnn2[C@@H]1c1ccc([N+](=O)[O-])cc1,-5.7708,1
CCCCCOC(=O)C1=C(C)NC2=CC(C)(C)CC([O-])=C2[C@H]1c1ccc(OC(C)=O)cc1,-6.44939,1
CCCCCOC(=O)c1[nH]c2c(c1C)C(=O)C[C@@H](c1ccc(OCC)cc1)C2,-5.9546,1
CCCCCc1c(C)[nH]c(N2CC[NH+](Cc3ccc4c(c3)OCO4)CC2)nc1=O,-1.89212,1
CCCCCc1c(C)nc(N2CC[NH+](Cc3ccc4c(c3)OCO4)CC2)[nH]c1=O,-4.69478,1
CCCCCn1c(CCNC(=O)c2ccco2)[nH+]c2ccccc21,-5.03355,1
CCCCCn1c(CCNC(=O)c2ccco2)nc2ccccc21,-6.6255,1
CCCCN(C)S(=O)(=O)c1ccc2c(c1)CCN2C(=O)CCC(=O)[O-],-1.42805,1
CCCCN(CC)S(=O)(=O)c1ccc(F)c(C(=O)Nc2ccc(OC)cc2)c1,-2.07627,1
CCCCN(CC)c1[nH+]cc([N-]S(=O)(=O)c2ccc(C(C)=O)cc2)cc1C(=O)[O-],-6.10042,1
CCCCN(Cc1nc2nc(C)cc(C)n2n1)C(=O)c1ccc(OC)cc1,1.86735,1
CCCCN1C(=O)CN(S(=O)(=O)c2ccc(OC)cc2)C[C@]1(C)C(=O)NCc1ccccc1,-6.75974,1
CCCCN1C(=O)[C@@](O)(CC(=O)c2ccc(OC)cc2)c2cc(Br)ccc21,-5.63025,1
CCCCN1C(=O)c2cc(C(=O)NCc3ccc(OCC)cc3)nn2C[C@@]1(C)C(=O)NC1CCCC1,-6.78797,1
CCCCN1C(=O)c2cc(C(=O)NCc3ccc(OCC)cc3)nn2C[C@]1(C)C(=O)NC1CCCC1,-5.10194,1
CCCCN1C[C@@H](C(=O)NCCc2ccc(C)cc2)CC1=O,-4.62049,1
CCCCN1C[C@@H](c2nc3ccccc3n2CCOc2ccc(CC)cc2)CC1=O,-5.76902,1
CCCCN1C[C@@H](c2nc3ccccc3n2CCOc2ccc(OC)cc2)CC1=O,-4.34964,1
CCCCN1C[C@@H](c2nc3ccccc3n2CCOc2ccccc2)CC1=O,-4.86636,1
CCCCNC(=O)C1CCN(C(=O)CCc2c(C)[nH]c(C(=O)OCC)c2C)CC1,-6.313,1
CCCCNC(=O)C1CCN(Cc2nc(-c3cccc(Cl)c3)oc2C)CC1,-3.93148,1
CCCCNC(=O)C1CCN(c2nnc(-n3cccc3)s2)CC1,-3.12538,1
CCCCNC(=O)CC1CCN(C(=O)Nc2ccccc2)CC1,-4.99254,1
CCCCNC(=O)CCc1nnc2ccc(NCc3ccccc3Cl)nn12,-6.02786,1
CCCCNC(=O)CN1CCN(c2ccc(C(=O)[O-])cc2NS(=O)(=O)c2ccccc2C)CC1,-2.67979,1
CCCCNC(=O)COCc1nnc(C(=O)Nc2ccc(F)cc2)s1,-4.40309,1
CCCCNC(=O)COCc1nnc(C(=O)Nc2cccc(F)c2)s1,-4.95771,1
CCCCNC(=O)N[C@@H]1COc2ccc(OC)cc2C1,-5.85629,1
CCCCNC(=O)N[C@H]1COc2ccc(OC)cc2C1,-6.34316,1
CCCCNC(=O)[C@@H]1CC(c2ccc(OC)cc2)=NO1,-5.6596,1
CCCCNC(=O)[C@@H]1COc2ccc(OC)cc2C1,-5.6399,1
CCCCNC(=O)[C@H]1CC(c2ccc(OC)cc2)=NO1,-5.09021,1
CCCCNC(=O)[C@H]1CCCN(c2nc3cccnc3s2)C1,-5.43372,1
CCCCNC(=O)c1c(-c2ccncc2)noc1C,-5.63308,1
CCCCNC(=O)c1ccc(-n2ncc(C(=O)OCC)c2N)cc1,-6.18322,1
CCCCNC(=O)c1ccc(CS(=O)(=O)c2ccc(Br)cc2)o1,-5.40121,1
CCCCNC(=O)c1ccc2nc(Cc3ccc(OC)cc3)oc2c1,-6.56683,1
CCCCNC(=O)c1nn(-c2ccc(OC)cc2)c(=O)c2ccccc12,-5.68497,1
CCCCNC(=O)c1nnc(C(=O)Nc2ccc(F)cc2)s1,-5.94248,1
CCCCNC(=S)N1CCc2cc(OC)c(OC)cc2[C@H]1COc1ccc(C(=O)OC)cc1,-4.97296,1
CCCCNc1c(N2CCN(C(=O)OCC)CC2)c(=O)c1=O,-5.69383,1
CCCCNc1nc(Nc2ccc(OC)cc2)c2cnn(-c3ccccc3)c2n1,-5.15366,1
CCCCO/C([O-])=C1\C(C)=Nc2ncnn2[C@@H]1c1ccc([N+](=O)[O-])cc1,-3.80362,1
CCCCOC(=O)CSc1nnc(-c2ccc(OC)cc2)o1,-5.4113,1
CCCCOC(=O)CSc1nnc(-c2ccccc2)o1,-3.78512,1
CCCCOC(=O)c1ccc(NC(=O)COc2ccc(C(C)C)cc2)cc1,-4.54311,1
CCCCOC(=O)c1ccc(NC(=O)COc2ccc(C)cc2)cc1,-3.99486,1
CCCCOC(=O)c1ccc(NC(=O)COc2ccc(Cl)cc2)cc1,-4.04043,1
CCCCOC(=O)c1ccc(NC(=O)COc2ccc(OC)cc2)cc1,-5.76195,1
CCCCOC(=O)c1ccc(NC(=O)COc2ccc([N+](=O)[O-])cc2)cc1,-4.40698,1
CCCCOC(=O)c1ccc(NC(=O)COc2cccc(C)c2)cc1,-5.58843,1
CCCCOC(=O)c1ccc(NC(=O)Cc2csc(NC(=O)C3CC3)n2)cc1,-6.48918,1
CCCCOC(=O)c1ccc(NC(=O)Cc2csc(NC(=O)c3ccco3)n2)cc1,-4.52268,1
CCCCOC(=O)c1ccc(NC(=O)Cc2csc(NC(C)=O)n2)cc1,-7.76602,1
CCCCOC(=O)c1ccc(NC(=O)c2ccc(OC)c(OC)c2)cc1,-4.39654,1
CCCCOC(=O)c1ccc(NC(=O)c2ccc3c(c2)CCN3S(=O)(=O)CC)cc1,-4.88371,1
CCCCOC(=O)c1ccc(NC(=O)c2ccccc2Br)cc1,-4.28446,1
CCCCOC(=O)c1ccc(NC(=O)c2ccco2)cc1,-5.29378,1
CCCCOC(=O)c1ccc(NC(=O)c2cccs2)cc1,-5.05525,1
CCCCOC(=O)c1ccc(NC(=O)c2cnc3scc(-c4ccc(C)cc4)n3c2=O)cc1,-4.94701,1
CCCCOC(=O)c1ccc(NC(=O)c2cnc3scc(-c4ccccc4)n3c2=O)cc1,-5.26133,1
CCCCOC(=O)c1ccc(NC(=S)NC(=O)c2cccs2)cc1,-4.73881,1
CCCCOC(=O)c1ccc(NC(=S)[N-]C(=O)c2cccs2)cc1,-3.91178,1
CCCCOC(=O)c1cccc(NC(=O)CCC(=O)[O-])c1,-2.80424,1
CCCCOC(=O)c1cccc(NC(=O)CCN2C(=O)c3ccccc3C2=O)c1,-4.79112,1
CCCCOC(=O)c1cccc(NC(=O)COc2cc(C)cc(C)c2)c1,-4.51347,1
CCCCOc1ccc(-c2nc3s/c(=C\c4cccc(OC(C)=O)c4)c(=O)n3n2)cc1,0.0551281,1
CCCCOc1ccc(-c2nonc2NC(=O)c2ccc(OC)cc2)cc1,-5.57046,1
CCCCOc1ccc(C(=O)N(Cc2nc(-c3ccc(OC)cc3)no2)C(C)C)cc1,-4.7366,1
CCCCOc1ccc(C(=O)Nc2c3c(nn2-c2ccc(OC)cc2)CS(=O)(=O)C3)cc1,-5.09978,1
CCCCOc1ccc(C(=O)Nc2ccc3c(c2)CCCN3S(=O)(=O)CC)cc1,-5.10491,1
CCCCOc1ccc(C(=O)Nc2ccc3c(c2)N(C(C)=O)CCC3)cc1,-3.61242,1
CCCCOc1ccc(N2C(=O)C[C@@H]([N@H+]3CC[C@H](C(N)=O)CC3)C2=O)cc1,-8.60425,1
CCCCOc1ccc(N2C(=O)C[C@H](N3CCC(C(N)=O)CC3)C2=O)cc1,-6.54118,1
CCCCOc1ccc(N2C(=O)C[C@H](N3CCN(C)CC3)C2=O)cc1,-4.1313,1
CCCCOc1ccc(N2C(=O)C[C@H]([N@H+]3CC[C@H](C(N)=O)CC3)C2=O)cc1,-6.9881,1
CCCCOc1ccc(S(=O)(=O)N2CCN(c3cc(N4CCCC4)[nH+]c(C)n3)CC2)cc1,-3.1901,1
CCCCOc1ccc([C@@H]2SCC(=O)Nc3c2c(=O)[n-]n3[C@@H]2CCOC(C)(C)C2)cc1,-1.43752,1
CCCCSc1n[nH]/c(=N\C(=O)c2nn(-c3ccc(OC)cc3)ccc2=O)s1,-3.63063,1
CCCCSc1nnc2c(n1)O[C@@H](c1ccc(O)cc1)Nc1ccccc1-2,-4.98507,1
CCCCSc1nnc2c(n1)O[C@@H](c1ccc(OC)cc1)Nc1ccccc1-2,-5.52631,1
CCCCSc1nnc2c(n1)O[C@@H](c1ccc(OCC(=O)[O-])cc1)Nc1ccccc1-2,-2.62965,1
CCCCSc1nnc2c(n1)O[C@H](c1ccc(C(=O)OC)cc1)Nc1ccccc1-2,-4.4953,1
CCCCSc1nnc2c(n1)O[C@H](c1ccc(OC)cc1)Nc1ccccc1-2,-5.08007,1
CCCCSc1nnc2c(n1)O[C@H](c1ccc(OCC(=O)[O-])cc1)Nc1ccccc1-2,-4.3907,1
CCCCSc1nnc2c(n1)O[C@H](c1cccc(OC)c1)Nc1ccccc1-2,-6.41638,1
CCCC[C@@H](C(=O)Nc1ccc(C(=O)OCC)cc1)N1C(=O)c2ccccc2C1=O,-3.70315,1
CCCC[C@H](C(=O)Nc1ccc(C(=O)OCC)cc1)N1C(=O)c2ccccc2C1=O,-6.73911,1
CCCC[C@H](C(=O)Nc1ccc([N+](=O)[O-])cc1)N1C(=O)c2ccccc2C1=O,1.65668,1
CCCC[C@H](C(=O)OCC(=O)c1ccc([N+](=O)[O-])cc1)N1C(=O)c2ccccc2C1=O,-3.419,1
CCCC[C@H]1CC[C@@H](C(=O)Nc2c3c(nn2-c2ccc(OC)cc2)CS(=O)(=O)C3)CC1,-3.84034,1
CCCCc1c(C)nn(-c2nc(CC(=O)Nc3ccc(C(C)=O)cc3)cs2)c1C,-5.89983,1
CCCCc1c(C)nn(-c2nc(CC(=O)Nc3ccc(OCC)cc3)cs2)c1C,-4.08116,1
CCCCc1c(C)nn(-c2nc(CC(=O)Nc3cccc(OC)c3)cs2)c1C,-5.73763,1
CCCCc1nn2c(=O)cc(COC(=O)c3ccc(NC(=O)c4ccco4)cc3)nc2s1,-5.48665,1
CCCCc1nn2c(=O)cc(COC(=O)c3cccc(NC(=O)CC)c3)nc2s1,-8.09063,1
CCCCc1nn2c(=O)cc(COC(=O)c3cccc(NC(=O)c4ccc(OC)cc4)c3)nc2s1,-5.50021,1
CCCCc1nn2c(=O)cc(COC(=O)c3cccc(NC(C)=O)c3)nc2s1,-8.52967,1
CCCCn1c(CN2CCCCC2)nc2cc(NC(=O)CC)ccc21,-5.00965,1
CCCCn1c(CN2CCOCC2)nc2cc(NC(=O)COc3ccccc3)ccc21,-4.83171,1
CCCCn1c(CNC(=O)CC)[nH+]c2ccccc21,-3.74481,1
CCCCn1c(CNC(=O)COC)nc2ccccc21,-2.81957,1
CCCCn1c(Cn2ccnc2C)nc2cc(NC(C)=O)ccc21,-3.79847,1
CCCCn1c2ccccc2c2nnc(SCC(=O)Nc3ccc(NC(C)=O)cc3)nc21,-3.71392,1
CCCN(CCC)S(=O)(=O)c1ccc2c(c1)CCN2C(=O)CCC(=O)[O-],-2.63152,1
CCCN(CCC)c1[nH+]cc([N-]S(=O)(=O)c2ccc(C(C)=O)cc2)cc1C(=O)[O-],-7.43448,1
CCCN(CCC)c1nc(OC)nc(-n2nnc(C(=O)OC)c2C)n1,-1.90732,1
CCCN(Cc1ccc(OC)cc1)Cc1cc(=O)n2c(-c3ccccc3)csc2n1,-5.09109,1
CCCN(Cc1ccc(OC)cc1)Cc1cc(=O)n2ccsc2n1,-6.24869,1
CCCN1C(=O)c2cc(C(=O)NCC)nn2C[C@@]1(C)C(=O)NC1CCCC1,-6.38348,1
CCCN1C(=O)c2cc(C(=O)NCCN3CCOCC3)nn2C[C@@]1(C)C(=O)NC1CCCC1,-4.61022,1
CCCN1C(=O)c2cc(C(=O)NCCN3CCOCC3)nn2C[C@]1(C)C(=O)NC1CCCC1,-6.12495,1
CCCN1C(=O)c2cc(C(=O)NCCOC)nn2C[C@@]1(C)C(=O)NC1CCCC1,-6.16641,1
CCCN1C(=O)c2cc(C(=O)NCc3ccc(OC)cc3)nn2C[C@@]1(C)C(=O)NC1CCCC1,-6.65455,1
CCCN1C(SCC(=O)Nc2ccc(C(=O)OCC)cc2)=NS(=O)(=O)c2ccccc21,-6.44263,1
CCCN1CCN(C(=O)c2oc3ccccc3c2NC(=O)c2ccc(OCC)cc2)CC1,-3.53128,1
CCCN1CCN(c2nc(NCc3ccc(OC)cc3)c3cnn(C)c3n2)CC1,-4.82635,1
CCCN1CNC(=NS(=O)(=O)c2ccc(NC(C)=O)cc2)NC1,-7.84723,1
CCCN1Cc2cccc(C(=O)Nc3ccc(C(=O)OCC)cc3)c2C1=O,-6.3549,1
CCCN1Cc2cccc(C(=O)Nc3ccc(OC)cc3)c2C1=O,-4.45424,1
CCCNC(=O)CC1CCN(C(=O)c2cc(OC)c(OC)c(OC)c2)CC1,-7.39201,1
CCCNC(=O)CC1CCN(S(=O)(=O)c2ccc(Cl)cc2)CC1,-7.57856,1
CCCNC(=O)CCCN1C(=O)[C@@H](c2ccccc2)Oc2cccnc21,-5.77719,1
CCCNC(=O)CCCN1C(=O)[C@H](c2ccccc2)Oc2cccnc21,-6.00699,1
CCCNC(=O)CCCc1nc(-c2ccc(OC)cc2)no1,-5.4281,1
CCCNC(=O)CCCc1nnc(C(=O)Nc2cccc(Cl)c2)s1,-6.87479,1
CCCNC(=O)CCCc1nnc(C(=O)Nc2ccccc2C)s1,-5.83038,1
CCCNC(=O)CCNS(=O)(=O)c1ccc2c(c1)C[C@@H](C)N2C(=O)C1CC1,-5.6669,1
CCCNC(=O)CCc1c(C)nc2c(c(C)nn2-c2ccc(C)c(C)c2)c1C,-5.99651,1
CCCNC(=O)CCc1nc(-c2ccccc2)no1,-4.35098,1
CCCNC(=O)CN1CCN(c2ccc(C(=O)[O-])cc2NS(=O)(=O)c2ccc(F)c(F)c2)CC1,-2.97745,1
CCCNC(=O)COCc1cc(-c2ccc3c(c2)OCO3)on1,-5.00248,1
CCCNC(=O)COCc1nnc(C(=O)Nc2cccc(Cl)c2)s1,-7.45901,1
CCCNC(=O)CSCc1nnc(C(=O)Nc2ccc(F)cc2)s1,-7.26363,1
CCCNC(=O)CSc1nc2c(cnn2CCO)c(=O)[n-]1,-5.21382,1
CCCNC(=O)C[NH+]1CCN(c2ccc(C(=O)[O-])cc2NS(=O)(=O)c2ccc(C)c(C)c2)CC1,-5.09821,1
CCCNC(=O)C[NH+]1CCN(c2ccc(C(=O)[O-])cc2NS(=O)(=O)c2ccccc2)CC1,-4.28615,1
CCCNC(=O)C[NH+]1CCN(c2ccc(C(=O)[O-])cc2[N-]S(=O)(=O)c2ccccc2)CC1,-3.01119,1
CCCNC(=O)C[NH+]1CCN(c2ccc(NC(=O)C(C)(C)C)c(C(=O)[O-])c2)CC1,-6.91383,1
CCCNC(=O)N1CCN(c2[nH+]c3ccccc3n3cccc23)CC1,-4.69205,1
CCCNC(=O)N1CCc2cc(S(=O)(=O)Nc3cccc(C(C)=O)c3)ccc21,-3.63629,1
CCCNC(=O)N1CCc2cc(S(=O)(=O)[N-]c3cccc(OC)c3)ccc21,-5.62805,1
CCCNC(=O)Nc1ccc(-c2noc(-c3cc(C)cc(C)c3)n2)cc1,-5.10746,1
CCCNC(=O)Nc1ccc2nc(NC(=O)CC)sc2c1,-7.50835,1
CCCNC(=O)Nc1cccc(-c2noc(-c3cccc(Br)c3)n2)c1,-6.10105,1
CCCNC(=O)Nc1cccc(-c2noc(-c3cncc(Br)c3)n2)c1,-6.29724,1
CCCNC(=O)[C@H]1CCCN(c2nn3cc(-c4ccc(F)cc4)nc3s2)C1,-6.6461,1
CCCNC(=O)[C@H]1CCCN(c2nn3cc(-c4ccc(OC)cc4)nc3s2)C1,-4.72587,1
CCCNC(=O)c1c(C)[nH]c(C(=O)OCC)c1C,-5.0362,1
CCCNC(=O)c1c[nH]c2ccc(S(=O)(=O)N(C)c3ccc(CC)cc3)cc2c1=O,-5.5307,1
CCCNC(=O)c1cc(-c2ccc(Cl)cc2)on1,-7.37861,1
CCCNC(=O)c1cc(-c2ccc(F)cc2)on1,-8.05018,1
CCCNC(=O)c1cc(-c2ccc(O)cc2)on1,-7.25072,1
CCCNC(=O)c1cc(-c2ccc(OC)cc2)on1,-5.76428,1
CCCNC(=O)c1cc(-c2ccc([O-])cc2)on1,-2.75841,1
CCCNC(=O)c1cc2nc(-c3ccc(OC)cc3)cc(C(F)(F)F)n2n1,-5.16421,1
CCCNC(=O)c1ccc(-n2c(-c3ccccc3)nc3cccnc32)cc1,-6.52949,1
CCCNC(=O)c1ccc(-n2nc(OCc3cccc(F)c3)ccc2=O)cc1,-6.86122,1
CCCNC(=O)c1ccc(-n2ncc(C(=O)OC)c2N)cc1,-8.15694,1
CCCNC(=O)c1ccc(CN2C(=O)CCn3nc(-c4ccccc4)cc32)cc1,-5.12978,1
CCCNC(=O)c1ccc(NC(=O)c2nsc3ccccc23)cc1,-8.19907,1
CCCNC(=O)c1ccc2c(=O)n(-c3ccc(F)cc3)c(SCC(=O)c3ccccc3)nc2c1,-7.53655,1
CCCNC(=O)c1ccc2c(=O)n(-c3ccc(OC)cc3)c(SCc3ccccc3)nc2c1,-6.63307,1
CCCNC(=O)c1ccc2c(=O)n(-c3cccc(F)c3)c(SCc3ccccc3)nc2c1,-7.28491,1
CCCNC(=O)c1ccc2c(=O)n(-c3cccc(OC)c3)c(SCc3cccc(F)c3)nc2c1,-6.76014,1
CCCNC(=O)c1ccc2c(=O)n(-c3cccc(OC)c3)c(SCc3cccc(OC)c3)nc2c1,-7.67048,1
CCCNC(=O)c1ccc2c(=O)n(-c3cccc(OC)c3)c(SCc3ccccc3)nc2c1,-7.33581,1
CCCNC(=O)c1ccc2c(c1)CCN2S(=O)(=O)CC,-7.28487,1
CCCNC(=O)c1ccc2c(c1)CCN2S(=O)(=O)c1ccc(Br)cc1,-6.59208,1
CCCNC(=O)c1ccc2c(c1)CCN2S(=O)(=O)c1ccc(Cl)cc1,-7.04487,1
CCCNC(=O)c1cnn2c(C(F)F)cc(-c3ccccc3)nc12,-5.55545,1
CCCNC(=O)c1nnc(Cc2ccc(OC)c(OC)c2)o1,-7.72042,1
CCCNc1ccc(-c2noc(-c3ccccn3)n2)cc1[N+](=O)[O-],-5.25229,1
CCCOC(=O)CSc1nc(-c2ccccc2)ccc1C#N,-5.38018,1
CCCOC(=O)CSc1nnc(-c2ccc(OC)cc2)o1,-5.75494,1
CCCOC(=O)c1[nH]c2c(c1C)C(=O)C[C@@H](c1ccc(OCC)cc1)C2,-5.11388,1
CCCOC(=O)c1ccc(-n2nnnc2SCC(=O)N2CCCCC2)cc1,-7.60706,1
CCCOC(=O)c1ccc(N2CC(=O)C(c3[nH]c4ccccc4[nH+]3)=C2N)cc1,-4.12048,1
CCCOC(=O)c1ccc(N2CC(=O)C(c3nc4ccccc4s3)=C2N)cc1,-6.75173,1
CCCOC(=O)c1ccc(NC(=O)CCN2C(=O)c3ccccc3C2=O)cc1,-6.8453,1
CCCOC(=O)c1ccc(NC(=O)COc2ccc(Br)cc2)cc1,-6.04341,1
CCCOC(=O)c1ccc(NC(=O)COc2ccc(OC)cc2)cc1,-7.1084,1
CCCOC(=O)c1ccc(NC(=O)COc2cccc(C)c2)cc1,-4.97071,1
CCCOC(=O)c1ccc(NC(=O)COc2ccccc2)cc1,-5.26451,1
CCCOC(=O)c1ccc(NC(=O)CSc2nc(=O)[n-]nc2C)cc1,-7.34741,1
CCCOC(=O)c1ccc(NC(=O)CSc2nc(=O)[nH]nc2C)cc1,-5.60816,1
CCCOC(=O)c1ccc(NC(=O)[C@@H]2CC(=O)N(c3ccccc3)C2)cc1,-4.77447,1
CCCOC(=O)c1ccc(NC(=O)c2c(-c3ccccc3)noc2C)cc1,-5.29863,1
CCCOC(=O)c1ccc(NC(=O)c2ccc(Br)cc2)cc1,-6.62012,1
CCCOC(=O)c1ccc(NC(=O)c2ccc(C)cc2)cc1,-5.17658,1
CCCOC(=O)c1ccc(NC(=O)c2ccc(Cl)c([N+](=O)[O-])c2)cc1,-7.21405,1
CCCOC(=O)c1ccc(NC(=O)c2ccc(Cl)cc2)cc1,-6.96571,1
CCCOC(=O)c1ccc(NC(=O)c2ccc(Cl)cc2[N+](=O)[O-])cc1,-6.97235,1
CCCOC(=O)c1ccc(NC(=O)c2ccc(F)cc2)cc1,-6.91383,1
CCCOC(=O)c1ccc(NC(=O)c2ccc(OC)c(OC)c2)cc1,-6.61539,1
CCCOC(=O)c1ccc(NC(=O)c2ccc(OC)cc2)cc1,-6.42738,1
CCCOC(=O)c1ccc(NC(=O)c2cccc(C)c2)cc1,-5.78419,1
CCCOC(=O)c1ccc(NC(=O)c2ccco2)cc1,-5.26256,1
CCCOC(=O)c1ccc(NC(=O)c2cccs2)cc1,-5.58392,1
CCCOC(=O)c1ccc(NS(=O)(=O)c2ccc(Cl)cc2)cc1,-2.36834,1
CCCOC(=O)c1ccc(Nc2nc(C(=O)OCC)nc3ccccc23)cc1,-6.73685,1
CCCOC(=O)c1cccc(NC(=O)CSc2nc(=O)[n-]nc2C)c1,-5.65625,1
CCCOC(=O)c1cccc(NC(=O)CSc2nc(=O)[nH]nc2C)c1,-6.69398,1
CCCOCCOC(=O)C1=C(C)NC(=O)N[C@H]1c1cccc(O)c1,-6.03322,1
CCCOc1ccc(-c2cc(C(=O)N/N=C/c3c[nH]c4ccccc34)[nH]n2)cc1,-3.67224,1
CCCOc1ccc(-c2cccc(NS(=O)(=O)c3ccc(C)cc3)c2)nn1,-2.14489,1
CCCOc1ccc(-c2cccc(NS(=O)(=O)c3ccccc3)c2)nn1,-5.38963,1
CCCOc1ccc(-c2nc(SCC(=O)c3ccc(F)cc3)n[nH]2)cc1,-3.342,1
CCCOc1ccc(-c2nc3s/c(=C4\C(=O)N(CC(=O)[O-])c5ccccc54)c(=O)n3n2)cc1,-6.13357,1
CCCOc1ccc(-c2nc3s/c(=C\c4ccc(C)o4)c(=O)n3n2)cc1,-6.16652,1
CCCOc1ccc(-c2nc3s/c(=C\c4cccc(OC)c4)c(=O)n3n2)cc1,-5.8561,1
CCCOc1ccc(-c2nc3s/c(=C\c4ccccc4Br)c(=O)n3n2)cc1,-2.93581,1
CCCOc1ccc(-c2nc3s/c(=C\c4cccs4)c(=O)n3n2)cc1,-4.98116,1
CCCOc1ccc(/C=N\NC(=O)CN2CC[NH+](Cc3ccccc3)CC2)cc1,-6.80634,1
CCCOc1ccc(C(=O)N(Cc2ccc(OC)cc2)c2ccccn2)cc1,-1.82911,1
CCCOc1ccc(C(=O)N2CCC(c3nc4ccccc4o3)CC2)cc1,-4.35294,1
CCCOc1ccc(C(=O)N2CCCC[C@@H]2CC[NH+]2CCCCC2)cc1,-1.708,1
CCCOc1ccc(C(=O)Nc2cc(-c3ccc(F)cc3)no2)cc1,-6.05841,1
CCCOc1ccc(C(=O)Nc2cc(-c3ccccc3)no2)cc1,-5.9183,1
CCCOc1ccc(C(=O)Nc2ccc(-n3cnnn3)cc2)cc1,-4.46119,1
CCCOc1ccc(C(=O)Nc2nc(-c3ccc(F)cc3)ns2)cc1,-5.64877,1
CCCOc1ccc(C(=O)Nc2nc(-c3ccccc3)ns2)cc1,-3.4557,1
CCCOc1ccc(C(=O)Nc2nc3c(s2)C[C@H](C)CC3)cc1,-6.23867,1
CCCOc1ccc(C(=O)Nc2nonc2-c2ccc(OCC)cc2)cc1,-6.20826,1
CCCOc1ccc(C(=O)Nc2nonc2-c2ccc(OCCC)cc2)cc1,-5.55509,1
CCCOc1ccc(C(=O)Oc2cccc(-n3cnnn3)c2)cc1,-2.40123,1
CCCOc1ccc(C(=O)[C@@H]2CC(=O)Nc3c2c(C)nn3-c2cccc(Cl)c2)cc1,-5.88642,1
CCCOc1ccc(C(=O)[C@@H]2CC(=O)Nc3c2c(C)nn3-c2cccc(F)c2)cc1,-5.20799,1
CCCOc1ccc(C(=O)[C@H]2CC(=O)Nc3c2c(C)nn3-c2ccc(Cl)cc2)cc1,-4.69604,1
CCCOc1ccc(C(=O)[C@H]2CC(=O)Nc3c2c(C)nn3-c2ccc(F)cc2F)cc1,-6.03342,1
CCCOc1ccc(CN(C(=O)c2cc(-c3ccc(OC)cc3)on2)[C@@H]2CCS(=O)(=O)C2)cc1,1.65744,1
CCCOc1ccc(CNC(=O)C2CCN(C(=O)N3CCOc4ccc(C)cc43)CC2)cc1,-5.02698,1
CCCOc1ccc(CNC(=O)CCc2ccc3nc(NC(C)=O)sc3c2)cc1,-2.12579,1
CCCOc1ccc(CNC(=O)CN2C(=O)CSc3ncccc32)cc1,-3.49182,1
CCCOc1ccc(N2C(=O)C[C@@H](Nc3ccc(C(=O)OC)cc3)C2=O)cc1,-5.05066,1
CCCOc1ccc(N2C(=O)C[C@@H](Nc3ccc(C(=O)[O-])cc3)C2=O)cc1,-6.52786,1
CCCOc1ccc(N2C(=O)C[C@@H](Nc3ccc(C)cc3)C2=O)cc1,-4.80324,1
CCCOc1ccc(N2C(=O)C[C@@H](SCC(=O)Nc3ccc(Br)cc3)C2=O)cc1,-4.66683,1
CCCOc1ccc(N2C(=O)C[C@@H](SCC(=O)Nc3ccc(Cl)cc3)C2=O)cc1,-5.86993,1
CCCOc1ccc(N2C(=O)C[C@@H](SCC(=O)Nc3ccc(F)cc3)C2=O)cc1,-5.4089,1
CCCOc1ccc(N2C(=O)C[C@@H]([NH2+]CCc3ccc(S(N)(=O)=O)cc3)C2=O)cc1,-2.92898,1
CCCOc1ccc(N2C(=O)C[C@H](NCCc3ccc(S(N)(=O)=O)cc3)C2=O)cc1,-3.5567,1
CCCOc1ccc(N2C(=O)C[C@H](NCc3ccco3)C2=O)cc1,-4.85512,1
CCCOc1ccc(N2C(=O)C[C@H](Nc3ccc(C(=O)[O-])cc3)C2=O)cc1,-4.18266,1
CCCOc1ccc(N2C(=O)C[C@H](Nc3ccc(C)cc3)C2=O)cc1,-5.2261,1
CCCOc1ccc(N2C(=O)C[C@H](Nc3ccc(CCO)cc3)C2=O)cc1,-7.02835,1
CCCOc1ccc(N2C(=O)C[C@H](Nc3ccc(Cl)cc3)C2=O)cc1,-4.49502,1
CCCOc1ccc(N2C(=O)C[C@H](SCC(=O)Nc3ccc(Br)cc3)C2=O)cc1,-5.54374,1
CCCOc1ccc(N2C(=O)C[C@H](SCC(=O)Nc3ccc(Cl)cc3)C2=O)cc1,-5.77232,1
CCCOc1ccc(N2C(=O)C[C@H]([NH2+]Cc3ccco3)C2=O)cc1,-5.18686,1
CCCOc1ccc(NC(=O)C[C@@H]2C(=O)N(c3ccc(OC)cc3)C(=O)N2C(C)C)cc1,-5.45356,1
CCCOc1ccc(NC(=O)C[C@H]2C(=O)N(c3ccc(F)cc3)C(=O)N2Cc2ccco2)cc1,-4.53729,1
CCCOc1ccc(NC(=O)[C@@H]2CC(=O)N(C)/C(=N/c3ccc(OCC)cc3)S2)cc1,-1.48623,1
CCCOc1ccc(NC(=O)[C@@H]2CC(=O)[N+](C)=C(Nc3ccc(OCC)cc3)S2)cc1,-3.22493,1
CCCOc1ccc([C@@H](CC(=O)[O-])NC(=O)c2ccc(OC)cc2)cc1,-6.45444,1
CCCOc1ccc([C@@H](CC(=O)[O-])NC(=O)c2ccc(OCC)cc2)cc1,-6.7843,1
CCCOc1ccc([C@@H]2CC(=O)Nc3c2cnn3-c2ccc(F)cc2)cc1,-7.12273,1
CCCOc1ccc([C@@H]2CC(=O)Nc3c2cnn3-c2ccccc2)cc1,-5.7956,1
CCCOc1ccc([C@@H]2SCC(=O)Nc3c2c(=O)[n-]n3C(CC)CC)cc1,-2.90287,1
CCCOc1ccc([C@H](CC(=O)[O-])NC(=O)c2ccc(F)cc2)cc1,-1.56007,1
CCCOc1ccc([C@H]2NC(=O)NC(C)=C2C(=O)OCCOC)cc1OC,-5.31618,1
CCCOc1ccc([C@H]2NC(=O)NC(C)=C2C(=O)OC[C@H]2CCCO2)cc1OC,-6.27763,1
CCCOc1ccc([C@H]2SCC(=O)Nc3c2c(=O)[n-]n3C(CC)CC)cc1,-4.39257,1
CCCOc1cccc(C(=O)Nc2ccc(-c3nc4ncccc4o3)cc2)c1,-7.1045,1
CCCOc1cccc(C(=O)Nc2nc(-c3ccc(OC)cc3)ns2)c1,-4.61359,1
CCCOc1ccccc1/C=c1\sc2nc(-c3ccc(OCC)cc3)nn2c1=O,-6.01511,1
CCCOc1ccccc1C(=O)NCCc1csc(-c2ccc(OC)cc2)n1,-5.63196,1
CCCOc1ccccc1[C@@H]1NC(=O)NC(C)=C1C(=O)OCCOCC,-5.1617,1
CCCS(=O)(=O)N1CCCc2cc(NS(=O)(=O)c3ccc(NC(=O)CC)cc3)ccc21,-8.84295,1
CCCS(=O)(=O)N1CCCc2cc(NS(=O)(=O)c3ccc(OC)c(C)c3)ccc21,-1.81693,1
CCCS(=O)(=O)N1CCCc2cc([N-]S(=O)(=O)c3ccc(NC(=O)CC)cc3)ccc21,-5.51844,1
CCCS(=O)(=O)N1CCCc2ccc(NS(=O)(=O)c3ccc(NC(=O)CC)cc3)cc21,-3.91943,1
CCCS(=O)(=O)N1CCCc2ccc([N-]S(=O)(=O)c3ccc(NC(=O)CC)cc3)cc21,-5.80111,1
CCCS(=O)(=O)c1ncc(Cl)c(C(=O)Nc2ccc(C(=O)OCC)cc2)n1,-6.457,1
CCCS(=O)(=O)c1ncc(Cl)c(C(=O)Nc2ccc(OC(F)F)cc2)n1,-1.43599,1
CCCS(=O)(=O)c1ncc(Cl)c(C(=O)Nc2ccc(OC)cc2)n1,-5.14594,1
CCCS(=O)(=O)c1ncc(Cl)c(C(=O)Nc2ccc([N+](=O)[O-])cc2)n1,-3.46077,1
CCCS(=O)(=O)c1ncc(Cl)c(C(=O)[N-]c2ccc(C(=O)OC)cc2)n1,-5.19381,1
CCCS(=O)(=O)c1ncc(Cl)c(C(=O)[N-]c2ccc(C(=O)OCC)cc2)n1,-4.55384,1
CCCS(=O)(=O)c1ncc(Cl)c(C(=O)[N-]c2ccc([N+](=O)[O-])cc2)n1,-3.57789,1
CCCS(=O)(=O)c1ncc(Cl)c(C(=O)[N-]c2nnc(C)s2)n1,-1.99854,1
CCCS(=O)(=O)c1ncc(Cl)c(C(=O)[N-]c2nnc(SC)s2)n1,-4.04096,1
CCCSC1=NC([O-])=C2C(=NC(=O)C[C@@H]2c2ccc(OCC(N)=O)cc2)N1,-6.03251,1
CCCSC1=NC([O-])=C2C(=NC(=O)C[C@H]2C(=O)Nc2ccc(OC)cc2OC)N1,-2.38064,1
CCCSC1=NC([O-])=C2C(=NC(=O)C[C@H]2c2ccc(OC)c(O)c2)N1,-4.03588,1
CCCSC1=NC([O-])=C2C(=NC(=O)C[C@H]2c2cccc(O)c2)N1,-4.58141,1
CCCSc1nc(=O)c2c([nH]1)NC(=O)C[C@@H]2c1ccc(OC)c(O)c1,-4.34319,1
CCCSc1nc(=O)c2c([nH]1)NC(=O)C[C@@H]2c1ccc(OCC(N)=O)cc1,-6.67544,1
CCCSc1nc(=O)c2c([nH]1)NC(=O)C[C@H]2c1cccc(O)c1,-5.04867,1
CCCSc1nc2c(c(=O)[n-]1)[C@@H](c1ccc(OCC(N)=O)cc1)CC(=O)N2,-1.63762,1
CCCSc1nc2c(c(=O)[n-]1)[C@@H](c1cccc(O)c1)CC(=O)N2,-3.62934,1
CCCSc1nc2c(c(=O)[n-]1)[C@H](c1ccc(OC)c(O)c1)CC(=O)N2,-2.96989,1
CCCSc1nc2c(c(=O)[n-]1)[C@H](c1ccc(OCC(N)=O)cc1)CC(=O)N2,-5.77953,1
CCCSc1nc2c(c(=O)[nH]1)[C@@H](c1ccc(OC)c(O)c1)CC(=O)N2,-4.0597,1
CCCSc1nc2c(c(=O)[nH]1)[C@@H](c1ccc(OCC(N)=O)cc1)CC(=O)N2,-9.57052,1
CCCSc1nc2c(c(=O)[nH]1)[C@H](c1ccc(OC)c(O)c1)CC(=O)N2,-5.48834,1
CCCSc1nc2c(c(=O)[nH]1)[C@H](c1cccc(O)c1)CC(=O)N2,-6.53925,1
CCCSc1ncc(Cl)c(C(=O)/N=c2/[nH]c3ccc(OCC)cc3s2)n1,-3.60549,1
CCCSc1ncc(Cl)c(C(=O)NCc2ccc(OC)cc2)n1,-6.14369,1
CCCSc1ncc(Cl)c(C(=O)Nc2ccc(OCC)cc2)n1,-2.67665,1
CCCSc1ncc(Cl)c(C(=O)Nc2nc3ccc(OC)cc3s2)n1,-4.23738,1
CCCSc1ncc(Cl)c(C(=O)[N-]c2nnc(SC)s2)n1,-3.83404,1
CCCSc1nnc2c(n1)O[C@@H](c1ccc(OC)c(O)c1)Nc1ccccc1-2,-4.0248,1
CCCSc1nnc2c(n1)O[C@@H](c1cccc(O)c1)Nc1ccccc1-2,-6.87021,1
CCCSc1nnc2c(n1)O[C@@H](c1cccc(OC)c1)Nc1ccccc1-2,-5.98599,1
CCCSc1nnc2c(n1)O[C@H](c1ccc(OC)c(O)c1)Nc1ccccc1-2,-6.19667,1
CCCSc1nnc2c(n1)O[C@H](c1cccc(O)c1)Nc1ccccc1-2,-5.70493,1
CCCSc1nnc2c(n1)O[C@H](c1cccc(OC)c1)Nc1ccccc1-2,-5.42868,1
CCC[C@@H](C(=O)Nc1ccc(C(=O)OCC)cc1)N1Cc2ccccc2C1=O,-6.39461,1
CCC[C@@H](C(=O)Nc1ccc(OC)cc1)N1Cc2ccccc2C1=O,-6.49742,1
CCC[C@@H](C(=O)Nc1ccc(OCC)cc1)N1Cc2ccccc2C1=O,-5.80213,1
CCC[C@@H]1c2cccn2CCN1C(=O)Nc1ccc(OC)cc1,1.00385,1
CCC[C@H](C(=O)Nc1ccc(C(=O)OCC)cc1)N1Cc2ccccc2C1=O,-4.28615,1
CCC[C@H](C(=O)Nc1ccc(OC)cc1)N1Cc2ccccc2C1=O,-6.6885,1
CCC[C@H](C)n1[n-]c(=O)c2c1NC(=O)CS[C@@H]2c1ccc(OC)cc1,-4.62776,1
CCC[C@H](C)n1[n-]c(=O)c2c1NC(=O)CS[C@@H]2c1ccc(OCC)cc1,-4.08446,1
CCC[C@H]1C(=O)Nc2c3ccccc3nc(SCC(=O)Nc3ccc(OCC)cc3)[n+]21,-3.24983,1
CCC[C@]12CN3C[C@](C)(CN(C1)[C@H]3[C@H](O)[C@@H](O)[C@H](O)[C@H](O)CO)C2=O,-4.91011,1
CCC[C@]12CN3C[C@](C)(C[N@@H+](C1)[C@H]3[C@H](O)[C@@H](O)[C@H](O)CO)C2=O,-5.47645,1
CCC[N@H+](Cc1ccc(OC)cc1)Cc1cc(=O)n2c(-c3ccc(F)cc3)csc2n1,-6.19258,1
CCC[N@H+](Cc1ccc(OC)cc1)Cc1cc(=O)n2ccsc2n1,-6.44011,1
CCC[N@H+](Cc1ccc(OC)cc1)Cc1cc(=O)n2nc(C)sc2n1,-4.87262,1
CCC[N@H+]1C[N-]/C(=N/S(=O)(=O)c2ccc(NC(C)=O)cc2)NC1,-4.24503,1
CCC[N@H+]1C[N-]/C(=N\S(=O)(=O)c2ccc(NC(C)=O)cc2)NC1,-5.45002,1
CCC[NH+]1CCN(CCCNC(=O)c2cc3cc4ccc(OC)cc4nc3o2)CC1,-5.76023,1
CCC[NH+]1CCN(c2nc(Nc3cccc(OC)c3)c3cnn(C)c3n2)CC1,-5.00361,1
CCC[NH+]1C[N-]C(=NS(=O)(=O)c2ccc(NC(C)=O)cc2)[N-]C1,-7.34027,1
CCCc1[nH]c(=O)c(C(=O)Nc2ccc(OC(F)(F)F)cc2)cc1C(=O)OCC,-2.01278,1
CCCc1[nH]c(=O)c(C(=O)Nc2ccc(OC)cc2)cc1C(=O)OCC,-3.98348,1
CCCc1c(C)nc2ncnn2c1Nc1ccc(C(C)=O)cc1,-5.42294,1
CCCc1c(C)nc2ncnn2c1Nc1ccc(OCC)cc1,-3.52881,1
CCCc1cc(=O)[n-]c(SCC(=O)Nc2ccc(OC(F)(F)F)cc2)n1,-2.71208,1
CCCc1cc(=O)[n-]c(SCC(=O)Nc2ccc(OC)cc2)n1,-4.5053,1
CCCc1cc(=O)[n-]c(SCc2nc(-c3ccc(OCC)cc3)no2)n1,-3.62065,1
CCCc1cc(=O)[nH]c(-n2nc(C)cc2NC(=O)c2ccc(OCC)cc2)n1,-3.48063,1
CCCc1cc(=O)[nH]c(SCC(=O)Nc2ccc(OC)cc2)n1,-4.32384,1
CCCc1cc(=O)[nH]c(SCc2nc(-c3ccc(OCC)cc3)no2)n1,-5.65829,1
CCCc1cc(=O)[nH]c(SCc2nc(-c3ccc(OCC)cc3)oc2C)n1,-4.94794,1
CCCc1cc(=O)[nH]c(SCc2nc(-c3cccc(OC)c3)no2)n1,-6.22073,1
CCCc1cc(=O)n2nc(CNc3cccc(OC)c3)nc2[nH]1,-3.00315,1
CCCc1cc(=O)n2nc(N3CCC(C(=O)NCCCOC)CC3)sc2n1,-6.43167,1
CCCc1cc(=O)n2nc(NCc3ccc(OCC)cc3)nc2[nH]1,-3.53533,1
CCCc1cc(=O)nc(Nc2cccc(C(=O)OCC)c2)[nH]1,-4.41615,1
CCCc1cc(=O)nc(SCC(=O)Nc2ccc(OC)cc2)[nH]1,-3.51382,1
CCCc1cc(=O)nc(SCc2nc(-c3ccc(OCC)cc3)no2)[nH]1,-5.38064,1
CCCc1cc(C(=O)Nc2ccc(Br)cc2)no1,-4.05515,1
CCCc1cc(C(=O)Nc2ccc(C(C)=O)cc2)no1,-7.06868,1
CCCc1cc(C(=O)Nc2ccc(OC)cc2)no1,-5.46934,1
CCCc1cc(O)nc(SCC(=O)Nc2ccc(OC)cc2)n1,-4.57435,1
CCCc1cc([C@@H]2CCCN2C(=O)Nc2ccc(CC(=O)OCC)cc2)no1,-7.79556,1
CCCc1cc([C@@H]2CCCN2C(=O)Nc2ccc(Cl)cc2)no1,-3.38243,1
CCCc1cc([C@H]2CCCN2C(=O)Nc2ccc(CC(=O)OCC)cc2)no1,-3.21697,1
CCCc1cc([O-])nc(Nc2cccc(C(=O)OCC)c2)n1,-5.13303,1
CCCc1ccc(S(=O)(=O)N[C@@H]2COc3ccc(OC)cc3C2)cc1,-7.16073,1
CCCc1nc(SC)ncc1C(=O)NCc1ccc(OC)cc1,-6.66876,1
CCCc1nc(SC)ncc1C(=O)Nc1ccc(C(C)=O)cc1,-7.02045,1
CCCc1nc2nc(C)c(CC(=O)Nc3cccc(OC)c3)c(C)n2n1,-6.35077,1
CCCc1nn2c(=O)cc(COC(=O)c3ccc(NC(C)=O)cc3)nc2s1,-6.08418,1
CCCc1nn2c(=O)cc(COC(=O)c3cccc(OC)c3)nc2s1,-4.75861,1
CCCc1nn2c(=O)cc(COC(=O)c3ccccc3NC(C)=O)nc2s1,-5.57879,1
CCCc1nn2c(=O)cc(COc3ccc(NC(C)=O)cc3)nc2s1,-6.07703,1
CCCc1nn2c(=O)cc(COc3ccc(OC)cc3)nc2s1,-6.80012,1
CCCc1nn2c(=O)cc(COc3cccc(NC(=O)CC)c3)nc2s1,-8.81243,1
CCCc1nn2c(=O)cc(COc3cccc(NC(C)=O)c3)nc2s1,-5.97,1
CCCc1nn2c(=O)cc(CSc3n[nH]c(-c4ccc(OC)cc4)n3)nc2s1,-3.98629,1
CCCc1nn2c(=O)cc(CSc3n[nH]c(CC)n3)nc2s1,-5.44081,1
CCCc1nn2c(=O)cc(CSc3nc(CC)n[nH]3)nc2s1,-5.88259,1
CCCc1nn2c(=O)cc(CSc3nc(N)n[nH]3)nc2s1,-6.44692,1
CCCc1nnc(-c2cc3ccccc3n2CC(=O)Nc2ccc(C(C)=O)cc2)o1,-5.84406,1
CCCc1nnc(NC(=O)CSc2nc(-c3ccc(OC)cc3)nc3cc(O)nn23)s1,-4.79575,1
CCCc1nnc(NC(=O)[C@@H]2CC(=O)N(CCc3c[nH]c4ccc(OC)cc34)C2)s1,-5.13748,1
CCCc1nnc(NC(=O)c2nn(-c3cccc(C)c3)ccc2=O)s1,-0.779498,1
CCCc1nnc(NC(=O)c2nn(-c3cccc(Cl)c3)ccc2=O)s1,-0.578903,1
CCCc1nnc(NC(=O)c2nn(-c3ccccc3)ccc2=O)s1,-2.01281,1
CCCc1nnc([N-]C(=O)CSc2nc(-c3ccc(OC)cc3)nc3cc(=O)[n-]n23)s1,-0.277497,1
CCCc1nnc([N-]C(=O)CSc2nc(-c3ccccc3F)nc3cc(O)nn23)s1,-2.56068,1
CCCc1nnc([N-]C(=O)[C@@H]2CC(=O)N(CCc3c[nH]c4ccc(Cl)cc34)C2)s1,-3.40005,1
CCCc1nnc([N-]C(=O)[C@H]2CC(=O)N(CCc3c[nH]c4ccc(Cl)cc34)C2)s1,-2.99519,1
CCCc1nnc([N-]C(=O)c2nn(-c3ccc(C)cc3)ccc2=O)s1,-2.90543,1
CCCc1noc(-c2cc(S(=O)(=O)[N-]c3ccc(C(=O)OCC)cc3)ccc2OC)n1,-3.83191,1
CCCc1noc(-c2ccc(NCC)c([N+](=O)[O-])c2)n1,-4.47471,1
CCCc1oc2ccc(NS(=O)(=O)c3ccc(C(=O)[O-])cc3)cc2c1C(=O)OCC,-5.69091,1
CCCc1oc2ccc([N-]S(=O)(=O)c3ccc(C(=O)[O-])cc3)cc2c1C(=O)OCC,-4.1932,1
CCCn1c(=O)[nH]c2cc(-c3noc(-c4cc(OC)cc(OC)c4)n3)ccc21,-7.20645,1
CCCn1c(=O)[nH]c2cc(-c3noc(-c4ccc(C)c(NC(C)=O)c4)n3)ccc21,-7.0339,1
CCCn1c(=O)oc2cc(NC(=O)c3cc(OC)c(OC)c(OC)c3)ccc21,-6.78139,1
CCCn1c(=O)oc2cc(NC(=O)c3cc(OC)cc(OC)c3)ccc21,-7.10587,1
CCCn1c(=O)oc2cc(NC(=O)c3ccc(OC)cc3)ccc21,-7.02578,1
CCCn1c(=O)oc2cc(NC(=O)c3cccc(C)c3)ccc21,-7.17765,1
CCCn1c(=O)oc2cc(NC(=O)c3cccc(OC)c3)ccc21,-7.09101,1
CCCn1c(=O)sc2cc(NC(=O)c3ccc(Cl)cc3)ccc21,-6.08178,1
CCCn1c(=O)sc2cc(NC(=O)c3ccc(OC)cc3)ccc21,-6.46723,1
CCCn1c(CCCNC(=O)COc2ccccc2)[nH+]c2ccccc21,-3.61271,1
CCCn1c(CN2CCCCCC2)nc2cc(NC(C)=O)ccc21,-4.07421,1
CCCn1c(CN2CCN(C(=O)OCC)CC2)[nH+]c2cc(NC(=O)C(C)C)ccc21,-4.44144,1
CCCn1c(CN2CCN(C(=O)OCC)CC2)[nH+]c2cc(NC(=O)c3ccccc3Cl)ccc21,-5.0359,1
CCCn1c(CN2CCN(C(=O)OCC)CC2)[nH+]c2cc(NC(C)=O)ccc21,-1.60268,1
CCCn1c(CN2CCN(C(=O)OCC)CC2)nc2cc(NC(=O)C(C)C)ccc21,-4.78832,1
CCCn1c(CN2CCOCC2)[nH+]c2cc(NC(=O)c3ccccc3C)ccc21,-0.430709,1
CCCn1c(CN2CCOCC2)[nH+]c2cc(NC(=O)c3ccccc3[N+](=O)[O-])ccc21,-2.23487,1
CCCn1c(CN2CCOCC2)nc2cc(NC(=O)c3cccc(Br)c3)ccc21,-4.25042,1
CCCn1c(CN2CCOCC2)nc2cc(NC(C)=O)ccc21,-3.91383,1
CCCn1c(CN2CC[NH+](C)CC2)nc2cc(NC(=O)c3ccco3)ccc21,-6.11049,1
CCCn1c(C[NH+]2CCN(C(=O)OCC)CC2)nc2cc(NC(=O)C(C)C)ccc21,-3.70774,1
CCCn1c(C[NH+]2CCN(C(=O)OCC)CC2)nc2cc(NC(=O)c3ccccc3Cl)ccc21,-2.65729,1
CCCn1c(C[NH+]2CCN(CC)CC2)nc2cc(NC(=O)c3ccco3)ccc21,-2.87633,1
CCCn1c(Cn2cc[nH+]c2C)nc2cc(NC(=O)COc3ccc([N+](=O)[O-])cc3)ccc21,-4.75712,1
CCCn1c(Cn2cc[nH+]c2C)nc2cc(NC(=O)c3ccc(OC)cc3)ccc21,-5.98374,1
CCCn1c(Cn2cc[nH+]c2C)nc2cc(NC(C)=O)ccc21,-4.62497,1
CCCn1c(Cn2ccnc2C)nc2cc(NC(=O)COc3ccc([N+](=O)[O-])cc3)ccc21,-4.94646,1
CCCn1c(NCc2ccc(O)cc2)[nH+]c2ccccc21,-4.30253,1
CCCn1c(NCc2cccc(OC)c2)[nH+]c2ccccc21,-6.25125,1
CCCn1c([C@@H](C)NC(=O)COC)[nH+]c2ccccc21,-4.68091,1
CCCn1c([C@@H](C)NC(=O)COC)nc2ccccc21,-5.90347,1
CCCn1c([C@@H]2CC(=O)N(CCOC)C2)nc2ccccc21,-5.78121,1
CCCn1c([C@@H]2CC(=O)N(c3ccc(OC)cc3)C2)[nH+]c2ccccc21,-5.51024,1
CCCn1c([C@H](C)NC(=O)CC)nc2ccccc21,-4.76532,1
CCCn1c([C@H](C)NC(=O)COC)[nH+]c2ccccc21,-5.14407,1
CCCn1c([C@H]2CC(=O)N(CCOC)C2)[nH+]c2ccccc21,-6.05806,1
CCCn1c([C@H]2CC(=O)N(CCOC)C2)nc2ccccc21,-6.54639,1
CCCn1c([C@H]2CC(=O)N(c3ccc(OC)cc3)C2)[nH+]c2ccccc21,-3.85911,1
CCCn1c2ccc(F)cc2c2nnc(SCCN3CCOCC3)nc21,-4.93969,1
CCCn1c2ccccc2c2nnc(SCC(=O)Nc3ccc(C(C)=O)cc3)nc21,-5.24998,1
CCCn1c2ccccc2c2nnc(SCC(=O)Nc3ccc(OC)cc3)nc21,-4.09086,1
CCCn1c2ccccc2c2nnc(SCC(=O)Nc3ccc(S(N)(=O)=O)cc3)nc21,-2.894,1
CCCn1cc(CN/C(Nc2ccc(OC)cc2)=[NH+]\C(=O)c2ccc(NC(C)=O)cc2)c(C)n1,-6.60411,1
CCCn1cc(CN/C(Nc2cccc(C)c2)=[NH+]\C(=O)c2ccc(NC(C)=O)cc2)c(C)n1,-5.37238,1
CCCn1cc(CN/C(Nc2cccc(OC)c2)=[NH+]\C(=O)c2ccc(NC(C)=O)cc2)c(C)n1,-6.89953,1
CCCn1cc(CN/C(Nc2ccccc2)=[NH+]/C(=O)c2ccc3c(c2)OCO3)c(C)n1,-4.30802,1
CCCn1nnc2cc(-c3noc(-c4ccc(Cl)cc4)n3)ccc21,-2.9108,1
CCCn1nnc2cc(C(=O)NCCC(=O)Nc3ccc(F)c(Cl)c3)ccc21,-2.47946,1
CCCn1nnc2cc(C(=O)NCc3ccc(F)cc3)ccc21,-3.32974,1
CCCn1nnc2cc(C(=O)NCc3ccc4c(c3)OCO4)ccc21,-5.55616,1
CCCn1nnc2cc(C(=O)Nc3ccc(C(C)=O)cc3)ccc21,-6.74971,1
CCCn1nnc2cc(C(=O)Nc3ccc(F)cc3)ccc21,-2.87554,1
CCCn1nnc2cc(C(=O)Nc3ccc(OC)cc3)ccc21,-3.13858,1
CCCn1nnc2cc(C(=O)Nc3ccc(OCC)cc3)ccc21,-5.18027,1
CCCn1nnc2cc(C(=O)Nc3ccc(S(N)(=O)=O)cc3)ccc21,-0.821575,1
CCCn1nnc2cc(C(=O)Nc3cccc(C(=O)OCC)c3)ccc21,-4.9003,1
CCCn1nnc2cc(C(=O)Nc3ccccc3)ccc21,-1.06805,1
CCN(C(=O)CCc1nc(-c2ccc(OC)cc2)no1)c1ccccc1F,-7.38539,1
CCN(CC)C(=O)c1ccc2c(c1)N(CC(=O)Nc1ccc(C(C)=O)cc1)C(=O)CO2,-7.1905,1
CCN(CC)C(=O)c1ccc2c(c1)N(CC(=O)Nc1ccc(NC(C)=O)cc1)C(=O)CS2,-7.74609,1
CCN(CC)C(=O)c1ccc2c(c1)N(CC(=O)Nc1cccnc1)C(=O)CO2,-6.12796,1
CCN(CC)S(=O)(=O)c1cc(C(=O)Nc2ccc(C(=O)[O-])cc2)ccc1C,-4.75855,1
CCN(CC)S(=O)(=O)c1ccc(-c2nc(C#N)c(N3CCC(C(N)=O)CC3)o2)cc1,-8.87153,1
CCN(CC)S(=O)(=O)c1ccc2c(c1)C[C@H](C(=O)NCCCOC)N2C(C)=O,-2.2297,1
CCN(CC)S(=O)(=O)c1ccc2c(c1)C[C@H](C(=O)NCc1ccc(OC)cc1)N2C(C)=O,-3.20729,1
CCN(CC)S(=O)(=O)c1ccc2c(c1)nnn2CCC(=O)Nc1ccc(C(C)=O)cc1,-3.92906,1
CCN(CC)[C@H](CNC(=O)c1ccc(OC)cc1)c1ccccc1Cl,-4.21139,1
CCN(CC)c1c(S(=O)(=O)c2ccc(OC)cc2)c[nH+]c2ccc(OC)cc12,-3.33455,1
CCN(CC)c1ccc(/C=N/NC(=O)Cc2ccc([N+](=O)[O-])cc2)cc1,-5.46571,1
CCN(CC)c1ccc([C@@H]2/C(=C(/[O-])Nc3ccc(OC)cc3)C(C)=Nc3ncnn32)cc1,-5.03124,1
CCN(CC)c1ccc([C@H]2NC(=O)NC(C)=C2C(=O)OCCOC)cc1,-6.06512,1
CCN(CC)c1nc2ccccc2nc1C(=O)Nc1ccc(C(C)=O)cc1,-5.6656,1
CCN(CCO)c1nc(Nc2ccc(Cl)cc2)c2cnn(-c3ccccc3)c2n1,-6.19046,1
CCN(CCO)c1nc(Nc2ccc(F)cc2)c2cnn(-c3ccccc3)c2n1,-5.94808,1
CCN(Cc1ccc(OC)cc1)Cc1cc(=O)n2c(C)csc2n1,-5.6568,1
CCN(Cc1ccc(OC)cc1)Cc1cc(=O)n2ccsc2n1,-6.5256,1
CCN(Cc1nc(-c2ccc(OC)cc2)no1)C(=O)Nc1ccc(C)cc1,-6.46912,1
CCN(Cc1nc(-c2ccc(OC)cc2)no1)C(=O)Nc1cccc(Cl)c1,-5.07928,1
CCN(Cc1nc(-c2ccc(OC)cc2)no1)C(=O)Nc1ccccc1OC,-4.90467,1
CCN(c1ccc(C)cc1)S(=O)(=O)c1nnc([N-]C(=O)C(C)C)s1,-3.87709,1
CCN(c1ccc(OC)cc1)S(=O)(=O)c1nnc(NC(=O)CC(C)C)s1,-3.88237,1
CCN(c1ccc2sc(C(=O)Nc3ccc(C(=O)OC)cc3)cc2c1)S(C)(=O)=O,-6.34965,1
CCN(c1ccccc1)S(=O)(=O)c1nnc(NC(=O)c2cccc(OC)c2)s1,-3.44139,1
CCN1C(=O)COc2ccc(-c3csc(NC(=O)[C@@H]4CCCO4)n3)cc21,-3.2317,1
CCN1C(=O)COc2ccc(-c3csc(NC(C)=O)n3)cc21,-8.38588,1
CCN1C(=O)COc2ccc(-c3nc(NC(C)=O)sc3C)cc21,-4.09882,1
CCN1C(=O)C[C@@H](C(=O)Nc2ccc(C(=O)OC)cc2)S/C1=N\c1ccccc1,-5.01278,1
CCN1C(=O)C[C@H](C(=O)Nc2ccc(C(=O)OC)cc2)S/C1=N\c1ccccc1,-6.2185,1
CCN1C(=O)C[C@H](C(=O)Nc2ccc(OC)cc2)S/C1=N\c1cccc(F)c1,-7.26181,1
CCN1C(=O)Cc2cc(NC(=O)COc3ccc(Cl)cc3)ccc21,-6.71993,1
CCN1C(=O)Cc2cc(NC(=O)c3cc(OC)cc(OC)c3)ccc21,-6.7385,1
CCN1C(=O)Cc2cc(NC(=O)c3ccc(Br)cc3)ccc21,-6.79268,1
CCN1C(=O)Cc2cc(NC(=O)c3ccc(C(C)(C)C)cc3)ccc21,-6.65328,1
CCN1C(=O)Cc2cc(NC(=O)c3ccc(C)cc3)ccc21,-7.11908,1
CCN1C(=O)Cc2cc(NC(=O)c3cccc(C)c3)ccc21,-6.75849,1
CCN1C(=O)Cc2cc([N-]S(=O)(=O)c3ccc(C(C)C)cc3)ccc21,-3.65448,1
CCN1C(=O)Cc2cc([N-]S(=O)(=O)c3ccc(F)cc3)ccc21,-4.8854,1
CCN1C(=O)Cc2cc([N-]S(=O)(=O)c3ccc(NC(=O)C(C)C)cc3)ccc21,-3.75079,1
CCN1C(=O)[C@@H](CC(=O)Nc2ccc(OC)cc2)N(CCN2CCOCC2)C1=S,-3.81263,1
CCN1C(=O)[C@@](O)(CC(=O)c2ccc(OC)cc2)c2ccccc21,-6.84927,1
CCN1C(=O)[C@H](CC(=O)Nc2ccc(C(=O)OC)cc2)N(Cc2ccc(Cl)cc2)C1=S,-5.1163,1
CCN1C(=O)[C@H](CC(=O)Nc2ccc(OC)cc2)N(CCN2CCOCC2)C1=S,-3.95666,1
CCN1C(=O)[C@H](CC(=O)Nc2ccc(OC)cc2)N(CC[NH+]2CCOCC2)C1=S,-1.84811,1
CCN1C(=O)c2cc(C(=O)NCCCN3CCOCC3)nn2C[C@@]1(C)C(=O)NC1CCCC1,-5.0904,1
CCN1C(=O)c2cc(C(=O)NCCCN3CCOCC3)nn2C[C@]1(C)C(=O)NC1CCCC1,-5.41104,1
CCN1C(=O)c2ccccc2Sc2cc(-c3noc(CNC(=O)c4ccco4)n3)ccc21,-6.48234,1
CCN1C(=O)c2ccccc2Sc2cc(NC(=O)c3ccco3)ccc21,-6.04297,1
CCN1CCC2(CC1)N=C(SCC(=O)Nc1ccc(F)c(F)c1)C(c1ccc(OC)cc1)=N2,-3.33401,1
CCN1CCC2(CC1)N=C(SCC(=O)Nc1ccc(OC)cc1)C(c1ccccc1)=N2,-3.00372,1
CCN1CCC2(CC1)N=C(SCC(=O)Nc1cccc(F)c1)C(c1ccc(OC)cc1)=N2,-3.07215,1
CCN1CCN(C(=O)CCc2nnc3ccc(N4CCC5(CC4)OCCO5)nn23)CC1,-4.92335,1
CCN1CCN(C(=O)CN(C)S(=O)(=O)c2cc3c(cc2Cl)NC(=O)CO3)CC1,-4.71633,1
CCN1CCN(C(=O)COCc2cc(-c3ccc4c(c3)OCO4)on2)CC1,-4.51555,1
CCN1CCN(C(=O)c2oc3ccccc3c2NC(=O)COc2ccc(OC)cc2)CC1,-3.85365,1
CCN1CCN(CCC(=O)Nc2ccc(OC)cc2)CC1,-2.97758,1
CCN1CCN(CCNC(=O)C2CCN(c3nnc(-n4cccc4)s3)CC2)CC1,-2.63464,1
CCN1CCN(Cc2[nH+]c3cc(NC(=O)c4ccco4)ccc3n2CC)CC1,-3.88819,1
CCN1CCN(Cc2[nH+]c3cc(NC(C)=O)ccc3n2CC)CC1,0.794671,1
CCN1CCN(Cc2nc3cc(NC(=O)COc4ccc(OC)cc4)ccc3n2C(C)C)CC1,-3.80068,1
CCN1CCN(Cc2nc3cc(NC(C)=O)ccc3n2C(C)C)CC1,-7.18406,1
CCN1CCN(S(=O)(=O)c2ccc(-c3cc(C)no3)s2)CC1,-4.64068,1
CCN1CCN(c2cc(C)c3cc(NC(=S)NCCCOC)ccc3n2)CC1,-3.27536,1
CCN1CCN(c2ccc(C(=O)[O-])cc2NS(=O)(=O)c2cc(F)ccc2F)CC1,-1.43643,1
CCN1CCN(c2nc(C)c3c(n2)C[C@H](c2ccc(OC)cc2)CC3=O)CC1,-3.59578,1
CCN1CCN(c2nc(N3CCN(CCO)CC3)nc3c2cnn3C)CC1,-5.267,1
CCN1CCN(c2nc(Nc3ccc(OC)cc3)c([N+](=O)[O-])c(N)[nH+]2)CC1,-4.11775,1
CCN1CCN(c2nc(Nc3ccc(OC)cc3)c3cnn(-c4ccccc4)c3n2)CC1,-4.16839,1
CCN1CCN(c2nc(Nc3ccc(OC)cc3)c3cnn(C)c3n2)CC1,-5.3065,1
CCN1CCN(c2nc3cc(C(=O)OC)ccc3c(=O)n2-c2ccc(F)c(Cl)c2)CC1,-4.32408,1
CCN1CCN(c2ncc(C(=O)Nc3ccc(OC(F)(F)F)cc3)c(C)n2)CC1,-1.24982,1
CCN1CC[NH+](CCC(=O)Nc2ccc(OC)cc2)CC1,-3.79465,1
CCN1CC[NH+](CCCN(Cc2ccco2)C(=S)Nc2ccc(C)c(Cl)c2)CC1,-2.58381,1
CCN1CC[NH+](CCCNS(=O)(=O)c2ccc(-c3cc(C(F)(F)F)on3)s2)CC1,-2.71493,1
CCN1CC[NH+](Cc2nc3cc(NC(C)=O)ccc3n2C(C)C)CC1,-3.68127,1
CCN1CC[NH+](Cc2nc3cc(NC(C)=O)ccc3n2CC)CC1,-4.52105,1
CCN1CCc2nc(NC(=O)c3cccc(Br)c3)sc2C1,-4.16616,1
CCNC(=O)C1CCN(C2=NS(=O)(=O)C(c3ccc(C(C)C)cc3)=C2C)CC1,-5.45888,1
CCNC(=O)C1CCN(S(=O)(=O)Cc2ccccc2)CC1,-7.18595,1
CCNC(=O)C1CCN(c2[nH+]c3ccccc3n3cccc23)CC1,-5.84229,1
CCNC(=O)C1CCN(c2nc(-c3ccc(OC)cc3)no2)CC1,-7.9563,1
CCNC(=O)CCCc1nc(-c2ccc(Cl)cc2)no1,-5.71254,1
CCNC(=O)CCCc1nc(-c2ccc(OC)cc2)no1,-4.79198,1
CCNC(=O)CCCc1nc(-c2cccc(OC)c2)no1,-6.18474,1
CCNC(=O)CCCc1nc(-c2ccccc2)no1,-5.37405,1
CCNC(=O)CCCc1nc(-c2ccccc2Cl)no1,-4.5011,1
CCNC(=O)CCCc1nc(-c2ccccc2OC)no1,-5.59003,1
CCNC(=O)Cc1csc(NC(=O)Nc2cccc(Cl)c2)n1,-6.50475,1
CCNC(=O)Cc1csc(NC(=O)Nc2ccccc2)n1,-8.05463,1
CCNC(=O)Cn1c(CO)c[nH+]c1SCC(=O)Nc1ccc(C(C)=O)cc1,-3.79092,1
CCNC(=O)Cn1c(CO)c[nH+]c1SCC(=O)Nc1ccc(NC(C)=O)cc1,-4.6461,1
CCNC(=O)Cn1c(CO)c[nH+]c1SCc1ccc(C(=O)OC)cc1,-5.70526,1
CCNC(=O)Cn1c(CO)cnc1SCC(=O)Nc1ccc(C(C)=O)cc1,-6.9879,1
CCNC(=O)Cn1c(CO)cnc1SCc1ccc(C(=O)OC)cc1,-2.39634,1
CCNC(=O)N1CCc2cc(S(=O)(=O)NCc3ccc(Cl)cc3)ccc21,-6.10511,1
CCNC(=O)N1CCc2cc(S(=O)(=O)Nc3ccc(C)cc3C)ccc21,-6.12505,1
CCNC(=O)N1CCc2cc(S(=O)(=O)Nc3ccccc3OC)ccc21,-6.41591,1
CCNC(=O)N1CCc2cc(S(=O)(=O)[N-]c3cccc(OC)c3)ccc21,-4.3099,1
CCNC(=O)[C@H]1CCCN(c2nn3cc(-c4ccc(C)cc4)[nH+]c3s2)C1,-4.28376,1
CCNC(=O)[C@H]1CCCN(c2nn3cc(-c4ccc(C)cc4)nc3s2)C1,-6.55641,1
CCNC(=O)[C@H]1CCCN(c2nn3cc(-c4ccc(F)cc4)nc3s2)C1,-6.6497,1
CCNC(=O)c1cc2cc(N(C)S(C)(=O)=O)ccc2s1,-5.63407,1
CCNC(=O)c1ccc(-n2nc(Sc3ccc(C)cc3)ccc2=O)cc1,-8.20287,1
CCNC(=O)c1ccc(-n2ncc(C(=O)OC)c2N)cc1,-7.48406,1
CCNC(=O)c1ccc(CSc2nc3cccnc3n2Cc2ccc(F)cc2)cc1,-7.54816,1
CCNC(=O)c1ccc(CSc2nc3cccnc3n2Cc2cccc(F)c2)cc1,-5.20099,1
CCNC(=O)c1ccc(Cn2c(SCc3ccc(F)cc3)nc3cccnc32)cc1,-8.58308,1
CCNC(=O)c1ccc(Cn2c(SCc3ccccc3)nc3cccnc32)cc1,-8.26675,1
CCNC(=O)c1ccc(Cn2c(SCc3ccccc3)nc3ccncc32)cc1,-7.46508,1
CCNC(=O)c1ccc(Cn2c(SCc3ccccc3C)nc3ccncc32)cc1,-7.76349,1
CCNC(=O)c1ccc(Nc2c(-c3ccc(C)cc3)nc3cnccn23)cc1,-7.98004,1
CCNC(=O)c1ccc2c(c1)CCCN2S(C)(=O)=O,-5.58168,1
CCNC(=O)c1ccc2c(c1)CCN2S(C)(=O)=O,-7.54245,1
CCNC(=O)c1nc(CS(=O)(=O)c2ccc(Cl)cc2)no1,-6.21431,1
CCNS(=O)(=O)c1ccc(-c2cc(C(=O)OCC)no2)s1,-6.60933,1
CCNc1ccc(-c2nc(-c3cccnc3)no2)cc1[N+](=O)[O-],-5.32845,1
CCNc1ccc(-c2nc(C)no2)cc1[N+](=O)[O-],-4.96094,1
CCNc1ccc(-c2nc(CC)no2)cc1[N+](=O)[O-],-5.1159,1
CCNc1ccc(-c2noc(-c3ccccn3)n2)cc1[N+](=O)[O-],-4.84607,1
CCNc1nc(N)nc(Oc2ccc(C(=O)OCC)cc2)n1,-5.98732,1
CCNc1nc(NC(C)C)nc(Oc2ccc(C(=O)OCC)cc2)n1,-5.65627,1
CCNc1nc(NCC)nc(Oc2ccc(C(=O)OC)cc2)n1,-7.16361,1
CCNc1nc(NCC)nc(Oc2ccc(C(=O)OCC)cc2)n1,-5.91122,1
CCNc1nc(Nc2cccc(OC)c2)c2cnn(C)c2n1,-6.36724,1
CCNc1nc(Oc2ccc(C(=O)OCC)cc2)nc(N(C)C)n1,-6.1777,1
CCNc1oc(/C=C/c2cccs2)nc1C#N,-4.77813,1
CCO/C([O-])=C1/C(C)=Nc2nc(SCc3ccc(C(=O)[O-])cc3)nn2[C@@H]1c1cccs1,-5.46563,1
CCO/C([O-])=C1\C(C)=Nc2nc(SCc3ccc(C(=O)[O-])cc3)nn2[C@H]1c1cccs1,-5.43351,1
CCO/C([O-])=C1\C(C)=Nc2nnnn2[C@@H]1c1ccc(C(=O)OC)cc1,-7.51359,1
CCOC(=O)C1(c2ccccc2)CCN(CC(=O)Nc2ccc(C(C)=O)cc2)CC1,-5.61837,1
CCOC(=O)C1=C(C)N(C)[C@@]2(SC(C(=O)OC)=NN2c2ccc(Br)cc2)S1,-5.12768,1
CCOC(=O)C1=C(C)N(C)[C@@]2(SC(C(=O)OC)=NN2c2cccc(C)c2)S1,-4.9371,1
CCOC(=O)C1=C(C)N(C)[C@@]2(SC(C(C)=O)=NN2c2cccc(C)c2)S1,-5.80453,1
CCOC(=O)C1=C(C)N(C)[C@@]2(SC(C(C)=O)=NN2c2cccc(Cl)c2)S1,-5.80752,1
CCOC(=O)C1=C(C)N(C)[C@@]2(SC(C(C)=O)=NN2c2cccc([N+](=O)[O-])c2)S1,-5.78283,1
CCOC(=O)C1=C(C)NC(=O)N(C(C)=O)[C@H]1c1ccc(OC(C)=O)cc1,-0.45069,1
CCOC(=O)C1=C(C)NC(=O)N[C@@H]1c1ccc(O)cc1,-6.00803,1
CCOC(=O)C1=C(C)NC(=O)N[C@@H]1c1ccc(OCC(N)=O)cc1,-7.49551,1
CCOC(=O)C1=C(C)NC(=O)N[C@H]1c1ccc(OCC(N)=O)cc1,-9.14353,1
CCOC(=O)C1=C(C)NC(=O)N[C@H]1c1ccc2c(c1)OCO2,-6.08069,1
CCOC(=O)C1=C(C)NC2=CC(C)(C)CC([O-])=C2[C@@H]1c1ccc(OC(C)=O)c(OC)c1,-1.95115,1
CCOC(=O)C1=C(C)NC2=CCCC(O)=C2[C@H]1c1ccc(OC(C)=O)c(OC)c1,0.0615754,1
CCOC(=O)C1=C(C)NC2=CCCC([O-])=C2[C@H]1c1ccc(OC(C)=O)c(OC)c1,-0.251163,1
CCOC(=O)C1=C(C)NC2=C[C@@H](c3cccs3)CC(O)=C2[C@@H]1c1ccc(C(=O)OC)cc1,-4.73647,1
CCOC(=O)C1=C(C)Nc2nc(SCc3ccc(C(=O)[O-])cc3)nn2[C@@H]1c1cccs1,-3.33665,1
CCOC(=O)C1=C(C)Nc2nc(SCc3ccc(C(=O)[O-])cc3)nn2[C@H]1c1cccs1,-3.38746,1
CCOC(=O)C1=C(C)Nc2nc(SCc3cccnc3)nn2[C@@H]1c1ccc([N+](=O)[O-])cc1,-6.32721,1
CCOC(=O)C1=C(CN2CCC3(CC2)OCCO3)NC(=O)N[C@@H]1c1ccc(F)cc1,-5.78627,1
CCOC(=O)C1=C(CN2CCC3(CC2)OCCO3)NC(=O)N[C@H]1c1ccc(C)cc1,-6.4981,1
CCOC(=O)C1=C(CN2CCCCC2)NC(=O)N[C@H]1c1cccc([N+](=O)[O-])c1,-4.34877,1
CCOC(=O)C1=C(CN2CCN(C(=O)OCC)CC2)NC(=O)N[C@H]1c1ccc2c(c1)OCO2,-4.67347,1
CCOC(=O)C1=C(CN2CCN(CCC#N)CC2)NC(=O)N[C@H]1c1cc(C)ccc1C,-8.36359,1
CCOC(=O)C1=C(CN2CCN(CCC#N)CC2)NC(=O)N[C@H]1c1ccc(Cl)cc1,-9.55684,1
CCOC(=O)C1=C(CN2CCN(c3ncccn3)CC2)NC(=O)N[C@H]1c1cccc(OC)c1OC,-5.84118,1
CCOC(=O)C1=C(CN2CCN(c3ncccn3)CC2)NC(=O)N[C@H]1c1cccs1,-4.31086,1
CCOC(=O)C1=C(C[N@H+]2CC[C@H](C(=O)OCC)CC2)NC(=O)N[C@@H]1c1ccc(OC(C)C)cc1,-3.03771,1
CCOC(=O)C1=C(C[NH+]2CCCCC2)NC(=O)N[C@H]1c1cccc([N+](=O)[O-])c1,-2.66939,1
CCOC(=O)C1=C(C[NH+]2CCN(CCC#N)CC2)NC(=O)N[C@H]1c1cc(C)ccc1C,-5.85939,1
CCOC(=O)C1=C(C[NH+]2CCN(CCC#N)CC2)NC(=O)N[C@H]1c1ccc2c(c1)OCO2,-5.58673,1
CCOC(=O)C1=CN(Cc2ccc(OC)cc2)C=C(C(=O)OCC)C1c1ccc(O)c(OC)c1,-6.38393,1
CCOC(=O)C1=NN(c2ccc(C)cc2)[C@]2(S1)SC(C(C)=O)=C(C)N2C,-6.09525,1
CCOC(=O)C1=NN(c2ccc(OC)cc2)[C@]2(S1)SC(C(=O)OC)=C(C)N2C,-5.17618,1
CCOC(=O)C1=NN(c2cccc(C)c2)[C@]2(S1)SC(C(=O)OC)=C(C)N2C,-5.03065,1
CCOC(=O)C1=NN(c2cccc(C)c2)[C@]2(S1)SC(C(C)=O)=C(C)N2C,-5.91481,1
CCOC(=O)C1=NN(c2cccc(Cl)c2)[C@@]2(S1)SC(C(C)=O)=C(C)N2C,-4.48232,1
CCOC(=O)C1=NN(c2cccc(Cl)c2)[C@]2(S1)SC(C(C)=O)=C(C)N2C,-5.87418,1
CCOC(=O)C1=NN(c2ccccc2)[C@]2(S1)SC(C(=O)OC)=C(C)N2C,-2.7099,1
CCOC(=O)C1CCN(C(=O)C2CCN(S(=O)(=O)Cc3cccc(Cl)c3)CC2)CC1,-4.95717,1
CCOC(=O)C1CCN(C(=O)C2CCN(S(=O)(=O)Cc3ccccc3)CC2)CC1,-6.42424,1
CCOC(=O)C1CCN(C(=O)C2CCN(S(=O)(=O)Cc3ccccc3C)CC2)CC1,-4.46853,1
CCOC(=O)C1CCN(C(=O)CCc2c(C)nc3c(c(C)nn3-c3ccccc3)c2C)CC1,-6.60901,1
CCOC(=O)C1CCN(C(=O)CCc2nc3sc4c(c3c(=O)[nH]2)CC[C@H](C(C)(C)C)C4)CC1,-6.48454,1
CCOC(=O)C1CCN(C(=O)CSCc2nc(-c3ccc(OCC)cc3)oc2C)CC1,-4.04936,1
CCOC(=O)C1CCN(C(=O)c2c(C)nn(-c3ccc(C)cc3)c2-n2cccc2)CC1,-5.48002,1
CCOC(=O)C1CCN(C(=O)c2ccc(F)cc2)CC1,-7.33695,1
CCOC(=O)C1CCN(C(=O)c2nn(C)c3c2COc2ccccc2-3)CC1,-5.09508,1
CCOC(=O)C1CCN(C(=S)Nc2ccc(CC)cc2)CC1,-4.78027,1
CCOC(=O)C1CCN(C(=S)Nc2ccc(OC)cc2)CC1,-5.70449,1
CCOC(=O)C1CCN(C(=S)Nc2ccc(OCC)cc2)CC1,-5.61892,1
CCOC(=O)C1CCN(CCC(=O)Nc2cc([N+](=O)[O-])ccc2OC)CC1,-2.5234,1
CCOC(=O)C1CCN(CCC(=O)Nc2ccc(OC)cc2)CC1,-3.92105,1
CCOC(=O)C1CCN(CN2C(=O)/C(=N/c3ccc(CC)cc3)c3ccccc32)CC1,-4.27661,1
CCOC(=O)C1CCN(CN2C(=O)/C(=N\c3ccc(C)c(Br)c3)c3ccccc32)CC1,-4.03903,1
CCOC(=O)C1CCN(S(=O)(=O)c2cc(-c3noc(C)n3)ccc2C)CC1,-1.90192,1
CCOC(=O)C1CCN(S(=O)(=O)c2ccc(F)cc2)CC1,-5.75511,1
CCOC(=O)C1CCN([C@@H]2CC(=O)N(c3ccc(C)cc3)C2=O)CC1,-4.97119,1
CCOC(=O)C1CCN([C@@H]2CC(=O)N(c3ccc(Cl)cc3)C2=O)CC1,-5.06181,1
CCOC(=O)C1CCN([C@@H]2CC(=O)N(c3ccc(OCC)cc3)C2=O)CC1,-6.20255,1
CCOC(=O)C1CCN([C@H]2CC(=O)N(c3ccc(C)cc3)C2=O)CC1,-5.64753,1
CCOC(=O)C1CCN([C@H]2CC(=O)N(c3ccc(Cl)cc3)C2=O)CC1,-5.4407,1
CCOC(=O)C1CCN(c2c(NC3CCN(C(=O)OCC)CC3)c(=O)c2=O)CC1,-6.6485,1
CCOC(=O)C1CCN(c2c(S(=O)(=O)c3ccc(Cl)cc3)c[nH+]c3ccccc23)CC1,-4.17126,1
CCOC(=O)C1CCN(c2cc(C)nc3c(-c4ccc(OC)c(OC)c4)c(C)nn23)CC1,-5.64813,1
CCOC(=O)C1CCN(c2cc(C)nc3nc(-c4ccc(C(C)(C)C)cc4)nn23)CC1,-4.94266,1
CCOC(=O)C1CCN(c2cc(C)nc3nc(-c4ccc(C)cc4)nn23)CC1,-7.44676,1
CCOC(=O)C1CCN(c2cc(C)nc3nc(-c4ccc(Cl)cc4)nn23)CC1,-5.51197,1
CCOC(=O)C1CCN(c2cc(C)nc3nc(-c4ccc(OC)cc4)nn23)CC1,-5.2679,1
CCOC(=O)C1CCN(c2cc(C)nc3nc(-c4ccccc4)nn23)CC1,-6.03251,1
CCOC(=O)C1CCN(c2ccc(-c3nc(-c4ccc(Cl)cc4)no3)nn2)CC1,-5.13485,1
CCOC(=O)C1CCN(c2ccc(-c3nc(-c4ccccc4)no3)nn2)CC1,-4.81057,1
CCOC(=O)C1CCN(c2ccc3cc(S(=O)(=O)N4CCCC[C@@H]4C)ccc3n2)CC1,-4.04532,1
CCOC(=O)C1CCN(c2ccc3cc(S(=O)(=O)N4CCCC[C@H]4C)ccc3n2)CC1,-5.03967,1
CCOC(=O)CC1=CC(=O)N(CC(=O)Nc2ccc(F)c(C)c2)c2cc(C)c(C)cc2N1,-3.28011,1
CCOC(=O)CCNC(=O)NCc1cccn1Cc1ccccc1,-6.50873,1
CCOC(=O)CCc1c(C)[nH]c2nc(NCc3ccc(OC(C)C)cc3)nn2c1=O,-3.19702,1
CCOC(=O)CCc1c(C)nc2nc(NCc3ccc(CC)cc3)nn2c1[O-],-6.30203,1
CCOC(=O)CCc1c(C)nc2nc(NCc3ccc(OC(C)C)cc3)nn2c1[O-],-3.41633,1
CCOC(=O)CNC(=O)CCc1nnc2ccc(N3CCOCC3)nn12,-6.76555,1
CCOC(=O)CNC(=O)CSC1=C(C#N)[C@@H](c2ccco2)C(C(=O)OCC)=C(c2ccccc2)N1,-4.59819,1
CCOC(=O)CNC(=O)CSc1nnc2n1CCN2c1ccc(OC)cc1,-7.01996,1
CCOC(=O)CNC(=O)N1CCCCC[C@@H]1c1ccc(C)cc1,-6.37084,1
CCOC(=O)CNC(=O)N1CCCCC[C@@H]1c1ccc(Cl)cc1,-5.19724,1
CCOC(=O)CNC(=O)N1CCC[C@H]1c1ccc(C)cc1,-5.04138,1
CCOC(=O)CNC(=O)NCc1cccn1Cc1ccccc1,-3.19504,1
CCOC(=O)CNC(=O)[C@H]1CC(=O)N(CCc2c[nH]c3ccc(F)cc23)C1,-6.23693,1
CCOC(=O)COc1ccc(F)cc1C(=O)c1ccn2nc(-c3ccc(OC)cc3)cc2n1,-2.983,1
CCOC(=O)COc1ccc([C@@H]2NC(=O)NC(C)=C2C(=O)OC)cc1,-6.05381,1
CCOC(=O)COc1ccc([C@H]2NC(=O)NC(C)=C2C(=O)OC)cc1,-5.45314,1
CCOC(=O)COc1ccc2c(c1)/C(=N/NC(=S)Nc1cccc(Cl)c1C)CC(C)(C)O2,-4.48755,1
CCOC(=O)COc1ccc2c(c1)/C(=N/NC(=S)Nc1ccccc1SC)CC(C)(C)O2,-3.07911,1
CCOC(=O)COc1ccc2oc(C)c(C(=O)OC(C)C)c2c1,-6.29264,1
CCOC(=O)COc1ccc2oc(C)c(C(=O)OCC)c2c1,-5.67465,1
CCOC(=O)CSC1=[NH+]C(=O)C[C@@H](c2ccc(Br)cc2)[C@H]1C#N,-6.2996,1
CCOC(=O)CSC1=[NH+]C(=O)C[C@@H](c2ccc(Cl)cc2)[C@H]1C#N,-6.04985,1
CCOC(=O)CSC1=[NH+]C(=O)C[C@@H](c2cccc(OC)c2)[C@H]1C#N,-5.33209,1
CCOC(=O)CS[C+]1NC(=O)/C(=C(\[O-])OC)[C@H](c2ccc(C)cc2)[C@H]1C#N,-3.24407,1
CCOC(=O)CSc1nc(-c2ccc(C)cc2)ccc1C#N,-5.43607,1
CCOC(=O)CSc1nc(-c2ccccc2)ccc1C#N,-6.36375,1
CCOC(=O)CSc1nc2c(cnn2-c2ccc(C)c(C)c2)c(=O)[n-]1,-3.91259,1
CCOC(=O)CSc1nc2c(cnn2-c2ccc(C)c(C)c2)c(=O)[nH]1,-0.950024,1
CCOC(=O)CSc1nc2c(cnn2-c2ccc(Cl)cc2)c(=O)[n-]1,-5.06538,1
CCOC(=O)CSc1nc2c(cnn2-c2ccc(Cl)cc2)c(=O)[nH]1,-6.10002,1
CCOC(=O)CSc1nc2c(cnn2-c2ccccc2)c(=O)[n-]1,-4.53804,1
CCOC(=O)CSc1nc2ccc(NC(=O)COc3ccc(Cl)cc3)cc2s1,-3.40778,1
CCOC(=O)CSc1nc2ccc(NC(=O)COc3ccc(F)cc3)cc2s1,-6.517,1
CCOC(=O)CSc1nc2ccc(NC(=O)COc3ccccc3)cc2s1,-3.05652,1
CCOC(=O)CSc1ncnc2sc(C)c(C)c12,-5.83194,1
CCOC(=O)CSc1ncnc2sc3c(c12)CC[C@H](C)C3,-7.02017,1
CCOC(=O)CSc1nnc(-c2ccc(Br)cc2)o1,-6.27709,1
CCOC(=O)CSc1nnc(-c2ccc(C)cc2)o1,-6.54606,1
CCOC(=O)CSc1nnc(-c2ccc(Cl)cc2Cl)o1,-6.43998,1
CCOC(=O)CSc1nnc(-c2ccc(OC)cc2)o1,-6.06906,1
CCOC(=O)CSc1nnc(CSc2nc(C)cc(C)n2)n1-c1ccc(Cl)cc1,-5.78147,1
CCOC(=O)CSc1nnc(CSc2nc(C)cc(C)n2)n1-c1ccc(F)cc1,-5.578,1
CCOC(=O)CSc1nnc(CSc2nc(C)cc(C)n2)n1-c1ccc(OC)cc1,-5.68005,1
CCOC(=O)CSc1nnc(CSc2nc(C)cc(C)n2)n1-c1ccc(OCC)cc1,-5.3906,1
CCOC(=O)CSc1nnc(CSc2ncccn2)n1-c1ccc(Cl)cc1,-4.55062,1
CCOC(=O)CSc1nnc(CSc2ncccn2)n1-c1ccc(OCC)cc1,-1.53524,1
CCOC(=O)CSc1nnc2n1CCN2c1ccc(OC)cc1,-4.01635,1
CCOC(=O)CSc1nnc2n1CCN2c1ccccc1,-6.78691,1
CCOC(=O)C[C@@H](NC(=O)c1ccc(C)cc1)c1ccc(OC)cc1,-6.19204,1
CCOC(=O)C[C@@H](NC(=O)c1ccc(OCC)cc1)c1ccc(C)cc1,-6.16501,1
CCOC(=O)C[C@@H](NC(=O)c1cccc(Cl)c1)c1ccc(OC)cc1,-3.14057,1
CCOC(=O)C[C@@H](NS(=O)(=O)c1ccc(NC(C)=O)cc1)c1ccc(C)cc1,-3.91195,1
CCOC(=O)C[C@@H](NS(=O)(=O)c1ccc(NC(C)=O)cc1)c1ccc(OCC)cc1,-0.56792,1
CCOC(=O)C[C@H](NC(=O)c1cccc(Cl)c1)c1ccc(OC)cc1,-3.64626,1
CCOC(=O)C[C@H](NS(=O)(=O)c1ccc(NC(C)=O)cc1)c1ccc(C)cc1,-6.41751,1
CCOC(=O)C[C@H](NS(=O)(=O)c1ccc([N+](=O)[O-])cc1)c1ccc(C)cc1,-4.53941,1
CCOC(=O)Cc1c(C)[nH]c2nc(NCc3ccc(CC)cc3)nn2c1=O,-5.04223,1
CCOC(=O)Cc1c(C)[nH]c2nc(NCc3ccc(SC)cc3)nn2c1=O,-5.8534,1
CCOC(=O)Cc1c(C)nc2nc(NCc3ccc(CC)cc3)nn2c1[O-],-5.80942,1
CCOC(=O)Cc1c(C)nc2nc(NCc3ccc(SC)cc3)nn2c1[O-],-5.76022,1
CCOC(=O)Cc1cc(=O)n2nc(NCc3ccc(OCC)cc3)nc2[nH]1,-4.08105,1
CCOC(=O)Cc1cc(=O)n2nc(NCc3ccccc3C)nc2[nH]1,-2.80988,1
CCOC(=O)Cc1cc([O-])n2nc(NCc3ccc(OCC)cc3)nc2n1,-4.43254,1
CCOC(=O)Cc1cc([O-])n2nc(NCc3ccccc3C)nc2n1,-5.82369,1
CCOC(=O)Cc1ccc(NC(=O)N(C)CCc2noc(-c3ccccc3)n2)cc1,-4.10382,1
CCOC(=O)Cc1ccc(NC(=O)N(Cc2ccc(OC)cc2)C2CCN(C(C)=O)CC2)cc1,-3.31538,1
CCOC(=O)Cc1ccc(NC(=O)N2CCC[C@@H]2c2cc(C(C)C)on2)cc1,-4.71873,1
CCOC(=O)Cc1ccc(NC(=O)N2CCC[C@@H]2c2cc(C)on2)cc1,-4.99212,1
CCOC(=O)Cc1ccc(NC(=O)N2CCC[C@@H]2c2cccc(C)c2)cc1,-5.49113,1
CCOC(=O)Cc1ccc(NC(=O)N2CCC[C@H]2c2cc(C(C)C)on2)cc1,-6.357,1
CCOC(=O)Cc1ccc(NC(=O)N2CCC[C@H]2c2ccc(C)cc2)cc1,-7.22844,1
CCOC(=O)Cc1ccc(NC(=O)NCc2cc(=O)n3nc(-c4ccccc4C)sc3n2)cc1,-4.81822,1
CCOC(=O)Cc1ccc(NC(=O)NCc2cccn2Cc2ccccc2)cc1,-6.45803,1
CCOC(=O)Cc1ccc(NC(=O)Nc2nnc(N3CCC[C@@H](C)C3)s2)cc1,-4.58019,1
CCOC(=O)Cc1ccc(NC(=O)Nc2nnc(N3CCC[C@H](C)C3)s2)cc1,-7.01369,1
CCOC(=O)Cc1ccc(NC(=O)n2ncc3ccc(C)cc32)cc1,-5.86391,1
CCOC(=O)Cc1csc(NC(=O)CCCOc2ccc(CC)cc2)n1,-6.54043,1
CCOC(=O)Cc1csc(NC(=O)CCCOc2ccc(Cl)cc2)n1,-5.94765,1
CCOC(=O)Cc1csc(NC(=O)Cc2ccc(Cl)cc2)n1,-6.01178,1
CCOC(=O)Cc1csc(NC(=O)c2ccc(C#N)cc2)n1,-6.25179,1
CCOC(=O)Cc1csc(NC(=O)c2ccc(C)cc2)n1,-6.85869,1
CCOC(=O)Cc1csc([N-]C(=O)c2ccc(C#N)cc2)n1,-3.81838,1
CCOC(=O)Cc1nnc(NC(=O)c2ccc(Br)cc2)s1,-1.11904,1
CCOC(=O)Cc1nnc(NC(=O)c2ccc(C(C)(C)C)cc2)s1,-6.46168,1
CCOC(=O)Cc1nnc(NC(=O)c2ccc(OC)cc2)s1,-6.13725,1
CCOC(=O)Cc1nnc(NC(=O)c2ccc([N+](=O)[O-])cc2)s1,-5.87581,1
CCOC(=O)Cc1nnc(NC(=O)c2ccccc2)s1,-3.32547,1
CCOC(=O)Cc1nnc([N-]C(=O)c2ccc(Br)cc2)s1,-5.01226,1
CCOC(=O)Cc1nnc([N-]C(=O)c2ccc(OC)cc2)s1,-5.04758,1
CCOC(=O)Cc1nnc([N-]C(=O)c2ccc([N+](=O)[O-])cc2)s1,-2.5104,1
CCOC(=O)Cc1nnc([N-]C(=O)c2ccccc2)s1,-3.56264,1
CCOC(=O)Cn1c(=O)oc2cc(S(=O)(=O)N3CCC(C)CC3)ccc21,-5.37466,1
CCOC(=O)Cn1c(=O)oc2cc(S(=O)(=O)N3CCCCCC3)ccc21,-5.05056,1
CCOC(=O)Cn1c(=O)oc2cc(S(=O)(=O)N3CCC[C@@H](C(=O)OCC)C3)ccc21,-1.03889,1
CCOC(=O)Cn1c(=O)oc2cc(S(=O)(=O)N3CCC[C@H](C)C3)ccc21,-5.30846,1
CCOC(=O)Cn1c(=O)oc2cc(S(=O)(=O)NCc3ccc(Cl)cc3)ccc21,-5.70063,1
CCOC(=O)Cn1c(=O)oc2cc(S(=O)(=O)Nc3ccc(C)cc3)ccc21,-7.26897,1
CCOC(=O)Cn1c(=O)oc2cc(S(=O)(=O)Nc3ccc(OC)cc3)ccc21,-4.62403,1
CCOC(=O)Cn1c(=O)oc2cc(S(=O)(=O)[N-]c3ccc(OC)cc3)ccc21,-2.94442,1
CCOC(=O)Cn1c([C@@H](C)NC(=O)c2ccco2)nc2ccccc21,-1.15762,1
CCOC(=O)Cn1c([C@@H]2CC(=O)N(CCOC)C2)[nH+]c2ccccc21,-3.79972,1
CCOC(=O)Cn1c([C@@H]2CC(=O)N(c3ccc(OC)cc3)C2)[nH+]c2ccccc21,-3.39596,1
CCOC(=O)Cn1c([C@H](C)NC(=O)c2ccco2)nc2ccccc21,-5.30824,1
CCOC(=O)Cn1nc(C)c(NC(=O)COc2ccc(OC)cc2)c1C,-5.32488,1
CCOC(=O)Cn1nc(C)c(NC(=O)COc2ccc([N+](=O)[O-])cc2)c1C,-4.88784,1
CCOC(=O)N/N=C/c1ccc(-c2ccc(C(=O)OC)cc2)o1,-6.62476,1
CCOC(=O)N/N=C/c1ccc(-c2ccc(C(=O)OCC)cc2)o1,-6.32949,1
CCOC(=O)N/N=C\c1ccc(-c2ccc(Br)cc2)o1,-7.15441,1
CCOC(=O)N1CCC(N(CCOC)C(=S)Nc2ccc(OC)cc2)CC1,-3.55129,1
CCOC(=O)N1CCC(N(CCOC)C(=S)Nc2ccc(OCC)cc2)CC1,-5.4212,1
CCOC(=O)N1CCC(N(CCOC)C(=S)Nc2cccc(C)c2)CC1,-5.78622,1
CCOC(=O)N1CCC(N2C(=O)c3ccc(C(=O)Nc4ccc(C(C)=O)cc4)cc3C2=O)CC1,-4.49336,1
CCOC(=O)N1CCC(N2C(=O)c3ccccc3[C@@H]2Nc2ccc(C)cc2)CC1,-4.99346,1
CCOC(=O)N1CCC(N2C(=O)c3ccccc3[C@@H]2Nc2ccc(NC(C)=O)cc2)CC1,-5.34037,1
CCOC(=O)N1CCC(N2Cc3cccc(C(=O)NCc4ccc(C)cc4)c3C2=O)CC1,-6.96224,1
CCOC(=O)N1CCC(NC(=O)C[S@@](=O)Cc2nc(-c3ccc(OC)cc3)oc2C)CC1,-4.86431,1
CCOC(=O)N1CCC(NC(=O)C[S@](=O)Cc2nc(-c3cccc(C)c3)oc2C)CC1,-7.34152,1
CCOC(=O)N1CCC(NC(=O)c2cnn(-c3ccc(F)cc3)c2-n2cccc2)CC1,-4.77683,1
CCOC(=O)N1CCC(Nc2c(N3CCCCC3)c(=O)c2=O)CC1,-6.02122,1
CCOC(=O)N1CCC(Nc2c(N3CCOCC3)c(=O)c2=O)CC1,-5.10867,1
CCOC(=O)N1CCN(C(=O)CCc2nc3sc4c(c3c(=O)[nH]2)CC[C@H](C(C)(C)C)C4)CC1,-6.48568,1
CCOC(=O)N1CCN(C(=O)CSc2ccc(-c3sc(-c4cccs4)nc3C)nn2)CC1,-6.66979,1
CCOC(=O)N1CCN(C(=O)CSc2nnc(-c3ccc(C)c(C)c3)o2)CC1,-5.88788,1
CCOC(=O)N1CCN(C(=O)CSc2nnc(-c3ccc(C)cc3)o2)CC1,-5.54541,1
CCOC(=O)N1CCN(C(=O)CSc2nnc(-c3ccc(OCC)cc3)o2)CC1,-5.88961,1
CCOC(=O)N1CCN(C(=O)CSc2nnc(-c3ccccc3)o2)CC1,-4.36262,1
CCOC(=O)N1CCN(C(=O)CSc2nnc(CNC(=O)c3ccccc3F)o2)CC1,-6.85121,1
CCOC(=O)N1CCN(C(=O)[C@@H]2CC(c3ccc(OC)cc3)=NO2)CC1,-5.00318,1
CCOC(=O)N1CCN(C(=O)[C@@H]2CCCN(c3nn4c(=O)cc(C)nc4s3)C2)CC1,-4.82836,1
CCOC(=O)N1CCN(C(=O)[C@H]2CC(c3ccc(OC)cc3)=NO2)CC1,-6.41453,1
CCOC(=O)N1CCN(C(=O)c2ccc3c(c2)CCCN3S(=O)(=O)c2ccccc2)CC1,-0.416845,1
CCOC(=O)N1CCN(C(=O)c2cccc(Nc3nc4ccccc4n4nnnc34)c2)CC1,-3.31288,1
CCOC(=O)N1CCN(C(=O)c2cnn3c(C(F)F)cc(-c4ccc(OC)cc4)nc23)CC1,-5.22073,1
CCOC(=O)N1CCN(CCC(=O)Nc2ccc(F)cc2)CC1,-6.20673,1
CCOC(=O)N1CCN(CCC(=O)Nc2ccc(OC)cc2)CC1,-5.34449,1
CCOC(=O)N1CCN(CCC(=O)Nc2ccccc2)CC1,-5.90958,1
CCOC(=O)N1CCN(Cc2[nH+]c3cc(NC(=O)COc4ccccc4Cl)ccc3n2C)CC1,-5.40055,1
CCOC(=O)N1CCN(Cc2[nH+]c3cc(NC(=O)c4ccccc4)ccc3n2CC)CC1,-4.09063,1
CCOC(=O)N1CCN(Cc2[nH+]c3cc(NC(=O)c4ccccc4Cl)ccc3n2C)CC1,-4.81851,1
CCOC(=O)N1CCN(Cc2[nH+]c3cc(NC(=O)c4ccccc4[N+](=O)[O-])ccc3n2C)CC1,-3.67247,1
CCOC(=O)N1CCN(Cc2[nH+]c3cc(NC(=O)c4ccco4)ccc3n2CC)CC1,-3.87625,1
CCOC(=O)N1CCN(Cc2nc3cc(NC(=O)CC)ccc3n2C)CC1,-6.20911,1
CCOC(=O)N1CCN(Cc2nc3cc(NC(=O)COc4ccccc4Cl)ccc3n2C)CC1,-5.21368,1
CCOC(=O)N1CCN(Cc2nc3cc(NC(=O)c4ccc(Cl)cc4)ccc3n2CC)CC1,-3.22324,1
CCOC(=O)N1CCN(Cc2nc3cc(NC(=O)c4ccco4)ccc3n2C)CC1,-7.25168,1
CCOC(=O)N1CCN(S(=O)(=O)N2CCC[C@@H](C(=O)NCCC[NH+]3CCCC3)C2)CC1,-5.33624,1
CCOC(=O)N1CCN(S(=O)(=O)N2CCC[C@H](C(=O)NCCCOC)C2)CC1,-5.90168,1
CCOC(=O)N1CCN(S(=O)(=O)c2ccc(F)c(C(=O)Nc3cc(C)cc(C)c3)c2)CC1,-5.79086,1
CCOC(=O)N1CCN(c2c(NCCC(C)C)c(=O)c2=O)CC1,-6.29046,1
CCOC(=O)N1CCN(c2c(NCCC[NH+]3CCCC3)c(=O)c2=O)CC1,-6.90242,1
CCOC(=O)N1CCN(c2c(NCC[NH+](C)C)c(=O)c2=O)CC1,-6.48753,1
CCOC(=O)N1CCN(c2c([O-])c(=O)/c2=N\CC[NH+](C)C)CC1,-4.00828,1
CCOC(=O)N1CCN(c2cc(C)nc3nc(-c4ccc(C(C)(C)C)cc4)nn23)CC1,-5.21329,1
CCOC(=O)N1CCN(c2cc(C)nc3nc(-c4ccc(Cl)cc4)nn23)CC1,-6.87352,1
CCOC(=O)N1CCN(c2cc(C)nc3nc(-c4ccc(OC)cc4)nn23)CC1,-5.54442,1
CCOC(=O)N1CCN(c2cc(C)nc3nc(-c4ccccc4)nn23)CC1,-6.48824,1
CCOC(=O)N1CCN(c2cc(N3CCc4ccccc4C3)c(F)cc2[N+](=O)[O-])CC1,-4.40722,1
CCOC(=O)N1CCN(c2ccc(C(=O)[O-])cc2NS(=O)(=O)c2cc(C)c(C)cc2C)CC1,-3.88655,1
CCOC(=O)N1CCN(c2ccc(C(=O)[O-])cc2NS(=O)(=O)c2cc(Cl)ccc2OC)CC1,-4.13992,1
CCOC(=O)N1CCN(c2ccc(C(=O)[O-])cc2NS(=O)(=O)c2ccc(C(C)C)cc2)CC1,-5.89099,1
CCOC(=O)N1CCN(c2ccc(C(=O)[O-])cc2NS(=O)(=O)c2ccc(F)c(F)c2)CC1,-4.34284,1
CCOC(=O)N1CCN(c2ccc(C(=O)[O-])cc2NS(=O)(=O)c2ccc(F)cc2)CC1,-5.37834,1
CCOC(=O)N1CCN(c2ccc(C(=O)[O-])cc2NS(=O)(=O)c2ccc(OC)cc2)CC1,-3.83933,1
CCOC(=O)N1CCN(c2ccc(C(=O)[O-])cc2NS(=O)(=O)c2ccc(OCC)cc2)CC1,-4.71903,1
CCOC(=O)N1CC[NH+](CCC(=O)Nc2ccc(F)cc2)CC1,-4.71553,1
CCOC(=O)N1CC[NH+](CCC(=O)Nc2ccc(OC)cc2)CC1,-5.23277,1
CCOC(=O)N1CC[NH+](CCC(=O)Nc2ccccc2)CC1,-5.73046,1
CCOC(=O)N1CC[NH+](Cc2nc3cc(NC(=O)C4CCCCC4)ccc3n2C)CC1,-3.56523,1
CCOC(=O)N1CC[NH+](Cc2nc3cc(NC(=O)CC)ccc3n2C)CC1,-3.80762,1
CCOC(=O)N1CC[NH+](Cc2nc3cc(NC(=O)CC)ccc3n2CC)CC1,-3.89919,1
CCOC(=O)N1CC[NH+](Cc2nc3cc(NC(=O)COc4ccccc4Cl)ccc3n2C)CC1,-2.01631,1
CCOC(=O)N1CC[NH+](Cc2nc3cc(NC(=O)c4ccccc4)ccc3n2C)CC1,-2.45576,1
CCOC(=O)N1CC[NH+](Cc2nc3cc(NC(=O)c4ccccc4Cl)ccc3n2C(C)C)CC1,-1.19367,1
CCOC(=O)N1CC[NH+](Cc2nc3cc(NC(=O)c4ccco4)ccc3n2C)CC1,-4.0425,1
CCOC(=O)N1CC[NH+](Cc2nc3cc(NC(=O)c4cccs4)ccc3n2C)CC1,-4.1242,1
CCOC(=O)N1CC[NH+]([C@H](c2ccc(F)cc2)c2sc3nc(-c4ccco4)nn3c2[O-])CC1,-2.95068,1
CCOC(=O)Nc1ccc(-c2nc3ccc(C)cc3s2)cc1,-7.28188,1
CCOC(=O)Nc1ccc2c(c1)N(/C([O-])=C/C[N@H+]1CC[N@@H+](CCO)CC1)c1ccccc1CC2,-2.98205,1
CCOC(=O)Nc1ccc2c(c1)N(C(=O)CN(C)C)c1ccccc1CC2,-2.90084,1
CCOC(=O)Nc1ccc2c(c1)N(C(=O)CN1CCN(CCO)CC1)c1ccccc1CC2,-3.12215,1
CCOC(=O)Nc1ccc2c(c1)N(C(=O)CN1CC[NH+](CCO)CC1)c1ccccc1CC2,-4.98572,1
CCOC(=O)Nc1ccc2c(c1)N(C(=O)C[NH+]1CCN(CCO)CC1)c1ccccc1CC2,-5.64188,1
CCOC(=O)Nc1cccc(N2CCn3c([nH+]c4cc(Cl)ccc43)C2)c1,-3.72611,1
CCOC(=O)[C@@H](C)NC(=O)CCc1nnc2ccc(N3CCCC3)nn12,-4.31446,1
CCOC(=O)[C@@H](C)Sc1nc2c(cnn2-c2ccc(C)c(C)c2)c(=O)[nH]1,-5.61565,1
CCOC(=O)[C@@H](C)Sc1nnc(CSc2nc(C)cc(C)n2)n1-c1ccc(Cl)cc1,-3.97176,1
CCOC(=O)[C@@H](N)CS[C@@H]1CC(=O)N(c2ccc(C(=O)OC)cc2)C1=O,-5.46343,1
CCOC(=O)[C@@H]([NH3+])CS[C@@H]1CC(=O)N(c2ccc(C(=O)OC)cc2)C1=O,-4.97013,1
CCOC(=O)[C@@H]1CS[C@H](CC(=O)Nc2ccc(C(=O)OC)cc2)C(=O)N1,-5.55816,1
CCOC(=O)[C@@H]1CS[C@H](CC(=O)Nc2ccccc2)C(=O)N1,-4.48072,1
CCOC(=O)[C@@](NC(=O)c1ccc(OC)cc1)(Nc1ccc(C(C)=O)cc1)C(F)(F)F,-6.94486,1
CCOC(=O)[C@@](NC(=O)c1ccc(OC)cc1)(Nc1ccc(Cl)cc1)C(F)(F)F,-4.47508,1
CCOC(=O)[C@@](NC(=O)c1ccc(OC)cc1)(Nc1cccc(C(C)=O)c1)C(F)(F)F,-5.6708,1
CCOC(=O)[C@H](C)NC(=O)CCc1nnc2ccc(N3CCCC3)nn12,-2.47305,1
CCOC(=O)[C@H](C)Sc1nc2c(cnn2-c2ccc(C)c(C)c2)c(=O)[n-]1,-3.20791,1
CCOC(=O)[C@H](C)Sc1nc2c(cnn2-c2ccc(C)cc2)c(=O)[nH]1,-6.29414,1
CCOC(=O)[C@H](C)Sc1nc2c(cnn2-c2ccc(Cl)cc2)c(=O)[n-]1,-4.09144,1
CCOC(=O)[C@H](C)Sc1nc2c(cnn2-c2ccc(Cl)cc2)c(=O)[nH]1,-6.02984,1
CCOC(=O)[C@H](C)Sc1nc2c(cnn2-c2ccc(F)cc2)c(=O)[n-]1,-3.72654,1
CCOC(=O)[C@H](C)Sc1nc2c(cnn2-c2ccccc2)c(=O)[n-]1,-3.62641,1
CCOC(=O)[C@H](C)Sc1nnc(CSc2nc(C)cc(C)n2)n1-c1ccc(Cl)cc1,-4.52475,1
CCOC(=O)[C@H](C)Sc1nnc(CSc2nc(C)cc(C)n2)n1-c1ccccc1,-5.792,1
CCOC(=O)[C@H](C)Sc1nnc(CSc2ncccn2)n1-c1ccc(Cl)cc1,-5.98285,1
CCOC(=O)[C@H](CC)Sc1nnc(CSc2nc(C)cc(C)n2)n1-c1ccc(OC)cc1,-6.03363,1
CCOC(=O)[C@H](CC)Sc1nnc(CSc2ncccn2)n1-c1ccccc1,-5.39006,1
CCOC(=O)[C@H](N)CS[C@@H]1CC(=O)N(c2ccc(C(=O)OC)cc2)C1=O,-5.49174,1
CCOC(=O)[C@H](N)CS[C@@H]1CC(=O)N(c2ccc(Cl)cc2)C1=O,-5.58806,1
CCOC(=O)[C@H](N)CS[C@@H]1CC(=O)N(c2ccc(F)cc2)C1=O,-5.41222,1
CCOC(=O)[C@H](N)CS[C@@H]1CC(=O)N(c2ccc(I)cc2)C1=O,-5.62555,1
CCOC(=O)[C@H](N)CS[C@@H]1CC(=O)N(c2ccccc2)C1=O,-6.02727,1
CCOC(=O)[C@H]([NH3+])CS[C@@H]1CC(=O)N(c2ccc(C(=O)OC)cc2)C1=O,-4.82898,1
CCOC(=O)[C@H]([NH3+])CS[C@@H]1CC(=O)N(c2ccc(F)cc2)C1=O,-4.34852,1
CCOC(=O)[C@H]1CCCN(c2ccc(-c3nc(-c4ccccc4)no3)nn2)C1,-5.71182,1
CCOC(=O)[C@H]1CC[N@@H+](CCC(=O)Nc2ccc(OC)cc2)CC1,-4.17752,1
CCOC(=O)[C@H]1CC[N@@H+](Cc2nc3ccc([N+](=O)[O-])cc3c(=O)n2-c2ccc(OC)cc2OC)CC1,-1.68627,1
CCOC(=O)[C@H]1CC[N@H+](CN2C(=O)/C(=N/c3ccc(C)c(C)c3)c3ccccc32)CC1,-2.42211,1
CCOC(=O)[C@H]1CC[N@H+](CN2C(=O)/C(=N\c3ccc(C)c(Br)c3)c3ccccc32)CC1,-4.40556,1
CCOC(=O)[C@H]1CC[N@H+]([C@@H]2CC(=O)N(c3ccc(Br)cc3)C2=O)CC1,-5.87885,1
CCOC(=O)[C@H]1CC[N@H+]([C@@H]2CC(=O)N(c3ccc(C)cc3)C2=O)CC1,-4.74648,1
CCOC(=O)[C@H]1CC[N@H+]([C@@H]2CC(=O)N(c3ccc(Cl)cc3)C2=O)CC1,-5.79719,1
CCOC(=O)[C@H]1CC[N@H+]([C@H]2CC(=O)N(c3ccc(Br)cc3)C2=O)CC1,-5.23627,1
CCOC(=O)[C@H]1CS[C@H](CC(=O)Nc2ccc(C(=O)OC)cc2)C(=O)N1,-5.92487,1
CCOC(=O)[C@H]1CS[C@H](CC(=O)Nc2ccc(Cl)cc2)C(=O)N1,-4.67308,1
CCOC(=O)[C@](NC(=O)c1ccc(OC)cc1)(Nc1ccc(C(C)=O)cc1)C(F)(F)F,-7.1793,1
CCOC(=O)[C@](NC(=O)c1ccc(OC)cc1)(Nc1ccc(C)cc1)C(F)(F)F,-4.73328,1
CCOC(=O)[C@](NC(=O)c1ccc(OC)cc1)(Nc1ccc(F)cc1)C(F)(F)F,-4.6752,1
CCOC(=O)[C@]1(c2ccccc2)CC[N@@H+](CC(=O)Nc2ccc(C(=O)OC)cc2)CC1,-4.21393,1
CCOC(=O)[C@]1(c2ccccc2)CC[N@@H+](CC(=O)Nc2ccc(C(C)=O)cc2)CC1,-5.86304,1
CCOC(=O)[C@]1(c2ccccc2)CC[N@H+](CC(=O)Nc2ccc(C(=O)OC)cc2)CC1,-5.64652,1
CCOC(=O)[C@]1(c2ccccc2)CC[N@H+](CC(=O)Nc2ccc(C(C)=O)cc2)CC1,-5.46979,1
CCOC(=O)c1[nH]c(C)c(C(=O)NCCCOC)c1C,-3.71902,1
CCOC(=O)c1[nH]c(C)c(C(=O)NCCOC)c1C,-4.78731,1
CCOC(=O)c1[nH]c(C)c(C(=O)NCCc2ccc(S(N)(=O)=O)cc2)c1C,2.26529,1
CCOC(=O)c1[nH]c(C)c(C(=O)Nc2ccc(C(C)=O)cc2)c1C,-5.16936,1
CCOC(=O)c1[nH]c(C)c(C(=O)Nc2ccc(OC)cc2)c1C,-4.65324,1
CCOC(=O)c1[nH]c(C)c(C(=O)Nc2ccc(OCC)cc2)c1C,-5.30145,1
CCOC(=O)c1[nH]c(C)c(CCC(=O)N2CCC(C(=O)NCCOC)CC2)c1C,-7.20185,1
CCOC(=O)c1[nH]c(C)c(CCC(=O)N2CCC[C@H](C(=O)NCCOC)C2)c1C,-6.50375,1
CCOC(=O)c1c(-c2ccccc2)oc2ccc(OCC(=O)OC)cc12,-5.18237,1
CCOC(=O)c1c(C)[nH]c(C)c1S(=O)(=O)N(C)CC(=O)Nc1ccc(C(C)=O)cc1,-5.59971,1
CCOC(=O)c1c(C)[nH]c(C)c1S(=O)(=O)N1CCC[C@H](C(=O)Nc2cccc(C(C)=O)c2)C1,-5.73142,1
CCOC(=O)c1c(C)[nH]c(C)c1S(=O)(=O)NCC(=O)Nc1ccc(C(C)=O)cc1,-5.31287,1
CCOC(=O)c1c(C)[nH]c(C)c1S(=O)(=O)Nc1ccc(C(C)=O)cc1,-7.10082,1
CCOC(=O)c1c(C)[nH]c(C)c1S(=O)(=O)Nc1ccc(OC)cc1,-4.99055,1
CCOC(=O)c1c(C)[nH]c(C)c1S(=O)(=O)[N-]c1ccc(C(C)=O)cc1,-4.90114,1
CCOC(=O)c1c(C)[nH]c(CCC(=O)NCCN2CCOCC2)c1C,-3.10563,1
CCOC(=O)c1c(C)[nH]c(CCC(=O)Nc2ccc(C(C)=O)cc2)c1C,-6.94277,1
CCOC(=O)c1c(C)[nH]c(CCC(=O)Nc2ccc(OC)cc2)c1C,-5.73342,1
CCOC(=O)c1c(C)[nH]c(CN(Cc2ccc(OC)cc2)C(=O)c2ccc(OC)c(OC)c2)c1C,-0.616801,1
CCOC(=O)c1c(C)[nH]c(NC(=O)Nc2ccc(NC(C)=O)cc2)c1C,-8.26727,1
CCOC(=O)c1c(C)[nH]c(NC(=O)Nc2ccc(OCC)cc2)c1C,-5.42281,1
CCOC(=O)c1c(C)c(S(=O)(=O)Nc2ccc(C#N)cc2)c(C)n1C,-2.91612,1
CCOC(=O)c1c(C)n(-c2ccc(OC)cc2)c2ccc(O)cc12,-5.45504,1
CCOC(=O)c1c(C)n(-c2ccc(OC)cc2)c2ccc(OC(C)=O)cc12,-3.0161,1
CCOC(=O)c1c(C)n(-c2ccc(OCC)cc2)c2ccc(O)cc12,-6.22032,1
CCOC(=O)c1c(C)n(-c2ccc(OCC)cc2)c2ccc(OC(C)=O)cc12,-0.763655,1
CCOC(=O)c1c(C)n(-c2ccc(OCC)cc2)c2ccc(OC)cc12,-4.63797,1
CCOC(=O)c1c(C)n(C)c2ccc(OC[C@@H](O)CN3CC[NH+](CCO)CC3)cc12,-6.81733,1
CCOC(=O)c1c(C)n(C)c2ccc(OC[C@@H](O)C[NH+]3CCN(CCO)CC3)cc12,-6.93991,1
CCOC(=O)c1c(C)n(C)c2ccc(OC[C@H](O)CN3CC[NH+](CCO)CC3)cc12,-5.60954,1
CCOC(=O)c1c(C)n(C)c2ccc(OC[C@H](O)C[N@H+]3CC[N@@H+](CCO)CC3)cc12,-3.54569,1
CCOC(=O)c1c(C)n(C)c2ccc(OC[C@H](O)C[NH+]3CCN(CCO)CC3)cc12,-6.64584,1
CCOC(=O)c1c(C)n(C)c2ccc(OC[C@H](O)C[NH+]3CCOCC3)cc12,-2.92726,1
CCOC(=O)c1c(C)oc2ccc(OC(=O)c3ccc(OC)cc3)cc12,-3.80468,1
CCOC(=O)c1c(C)oc2ccc(OC(C)=O)cc12,-3.51808,1
CCOC(=O)c1c(C)oc2ccc(OCC#N)cc12,-7.52306,1
CCOC(=O)c1c(C)oc2ccc(OCC(=O)OC)cc12,-7.97488,1
CCOC(=O)c1c(C)oc2ccc(OCC(=O)[O-])cc12,-5.61406,1
CCOC(=O)c1c(C)oc2ccc(OCC)cc12,-6.04657,1
CCOC(=O)c1c(C)oc2nc(C)nc(Nc3cccc(OC)c3)c12,-6.68372,1
CCOC(=O)c1c(NC(=O)CCCCCN2C(=O)c3ccccc3C2=O)sc(C(C)=O)c1C,-3.2999,1
CCOC(=O)c1c(NC(=O)COc2ccc(C)cc2Br)sc(C(C)=O)c1C,-3.6869,1
CCOC(=O)c1c(NC(=O)COc2ccc(OC)cc2)sc(C)c1C,-6.35494,1
CCOC(=O)c1c(NC(=O)COc2ccc([N+](=O)[O-])cc2)sc(C)c1C,-5.06069,1
CCOC(=O)c1c(NC(=O)COc2ccc([N+](=O)[O-])cc2)sc2c1CC[C@H](C)C2,2.90991,1
CCOC(=O)c1c(NC(=O)COc2cccc(Cl)c2)sc(C(C)=O)c1C,-5.46632,1
CCOC(=O)c1c(NC(=O)[C@@H](C)Oc2ccc(Cl)c(C)c2)sc(C(C)=O)c1C,-4.03945,1
CCOC(=O)c1c(NC(=O)[C@@H](C)Oc2ccc(OC)cc2)sc(C)c1C,-5.86022,1
CCOC(=O)c1c(NC(=O)c2cc(-c3ccc(O)cc3)on2)sc(C(C)=O)c1C,-5.37391,1
CCOC(=O)c1c(NC(=O)c2ccc(OC)cc2)sc2c1CC[C@@H](CC)C2,0.301984,1
CCOC(=O)c1c(NC(=O)c2nn(-c3ccc(OC)cc3)ccc2=O)sc2c1CCCC2,-6.12433,1
CCOC(=O)c1c(NC(=S)NC(=O)c2ccc(C(=O)OC)cc2)sc2c1CCC2,-6.39211,1
CCOC(=O)c1c(NC(=S)[N-]C(=O)c2ccc(C(=O)OC)cc2)sc2c1CCC2,-5.78797,1
CCOC(=O)c1c(S(=O)(=O)N2CCC[C@@H](C(=O)Nc3cccc(OC)c3)C2)c(C)n(CC)c1C,-4.22858,1
CCOC(=O)c1c(S(=O)(=O)N2CCC[C@H](C(=O)NCc3ccc(C)o3)C2)c(C)n(CC)c1C,-5.19607,1
CCOC(=O)c1c(S(=O)(=O)[N-]c2ccc(C(C)=O)cc2)c(C)n(C)c1C,-3.63047,1
CCOC(=O)c1c[nH+]c2c(C)cccc2c1Nc1cccc(O)c1,-5.48341,1
CCOC(=O)c1c[nH]c2nc(NCc3cccc(Br)c3)nn2c1=O,-3.34855,1
CCOC(=O)c1c[nH]c2nc(NCc3cccc(C)c3)nn2c1=O,-4.50565,1
CCOC(=O)c1c[nH]c2nc(NCc3cccc(OC)c3)nn2c1=O,-4.07311,1
CCOC(=O)c1c[nH]c2nc(NCc3ccccc3)nn2c1=O,-3.53756,1
CCOC(=O)c1cc(-c2ccc(Br)cc2)no1,-7.32352,1
CCOC(=O)c1cc(-c2ccc(C)cc2)no1,-7.30761,1
CCOC(=O)c1cc(-c2ccc(F)cc2)n(CC(=O)NCc2ccc(OC)cc2)c1C,-5.42041,1
CCOC(=O)c1cc(-c2ccc(F)cc2)no1,-7.27301,1
CCOC(=O)c1cc(-c2ccc(OC)c(S(=O)(=O)NCc3ccc(F)cc3)c2)on1,-4.55252,1
CCOC(=O)c1cc(-c2ccc(OC)c(S(=O)(=O)NCc3cccc(OC)c3)c2)on1,-8.18074,1
CCOC(=O)c1cc(-c2ccc(OC)c(S(=O)(=O)NCc3ccccc3)c2)on1,-6.49239,1
CCOC(=O)c1cc(-c2ccc(OC)c(S(=O)(=O)NCc3cccnc3)c2)on1,-4.43223,1
CCOC(=O)c1cc(-c2ccc(OC)c(S(=O)(=O)Nc3c(C)cc(C)cc3C)c2)on1,-4.35335,1
CCOC(=O)c1cc(-c2ccc(OC)c(S(=O)(=O)Nc3ccc(Cl)cc3C)c2)on1,-0.784606,1
CCOC(=O)c1cc(-c2ccc(OC)c(S(=O)(=O)Nc3cccc(C)c3C)c2)on1,-2.30213,1
CCOC(=O)c1cc(-c2ccc(OC)c(S(=O)(=O)[N-]c3ccc(C(C)=O)cc3)c2)on1,-5.2975,1
CCOC(=O)c1cc(-c2ccc(OC)c(S(=O)(=O)[N-]c3ccc(C)cc3Br)c2)on1,-4.30927,1
CCOC(=O)c1cc(-c2ccc(OC)c(S(=O)(=O)[N-]c3ccc(Cl)cc3C)c2)on1,-3.94406,1
CCOC(=O)c1cc(-c2ccc(OC)c(S(=O)(=O)[N-]c3ccc(F)cc3C)c2)on1,-4.00601,1
CCOC(=O)c1cc(-c2ccc(OC)c(S(=O)(=O)[N-]c3cccc(SC)c3)c2)on1,-3.28422,1
CCOC(=O)c1cc(-c2ccc(S(=O)(=O)NCc3ccc(F)cc3)s2)on1,-7.732,1
CCOC(=O)c1cc(-c2ccc(S(=O)(=O)Nc3cc(C)cc(C)c3)s2)on1,-5.7974,1
CCOC(=O)c1cc(-c2ccc(S(=O)(=O)Nc3cc(OC)cc(OC)c3)s2)on1,-4.011,1
CCOC(=O)c1cc(-c2ccc(S(=O)(=O)Nc3ccc(Br)c(C)c3)s2)on1,-2.14862,1
CCOC(=O)c1cc(-c2ccc(S(=O)(=O)Nc3ccc(C(C)=O)cc3)s2)on1,-5.27406,1
CCOC(=O)c1cc(-c2ccc(S(=O)(=O)Nc3ccc(C(C)C)cc3)s2)on1,-6.38404,1
CCOC(=O)c1cc(-c2ccc(S(=O)(=O)Nc3ccc(C)c(C)c3)s2)on1,-5.71456,1
CCOC(=O)c1cc(-c2ccc(S(=O)(=O)Nc3ccc(C)c(Cl)c3)s2)on1,-6.43323,1
CCOC(=O)c1cc(-c2ccc(S(=O)(=O)Nc3ccc(C)c(F)c3)s2)on1,-5.79153,1
CCOC(=O)c1cc(-c2ccc(S(=O)(=O)Nc3ccc(C)cc3)s2)on1,-7.05791,1
CCOC(=O)c1cc(-c2ccc(S(=O)(=O)Nc3ccc(CC)cc3)s2)on1,-7.61896,1
CCOC(=O)c1cc(-c2ccc(S(=O)(=O)Nc3ccc(F)c(Cl)c3)s2)on1,-4.94917,1
CCOC(=O)c1cc(-c2ccc(S(=O)(=O)Nc3ccc(NC(C)=O)cc3)s2)on1,-7.49927,1
CCOC(=O)c1cc(-c2ccc(S(=O)(=O)Nc3cccc(C(C)=O)c3)s2)on1,-5.81815,1
CCOC(=O)c1cc(-c2ccc(S(=O)(=O)Nc3cccc(C(F)(F)F)c3)s2)on1,-4.06604,1
CCOC(=O)c1cc(-c2ccc(S(=O)(=O)Nc3cccc(C)c3)s2)on1,-3.77181,1
CCOC(=O)c1cc(-c2ccc(S(=O)(=O)Nc3cccc(C)c3C)s2)on1,-6.87706,1
CCOC(=O)c1cc(-c2ccc(S(=O)(=O)Nc3cccc(F)c3)s2)on1,-5.46064,1
CCOC(=O)c1cc(-c2ccc(S(=O)(=O)Nc3cccc(OC)c3)s2)on1,-4.53539,1
CCOC(=O)c1cc(-c2ccc(S(=O)(=O)Nc3cccc(SC)c3)s2)on1,-4.80555,1
CCOC(=O)c1cc(-c2ccc(S(=O)(=O)Nc3ccccc3C)s2)on1,-7.25692,1
CCOC(=O)c1cc(-c2ccc(S(=O)(=O)[N-]c3c(C)cc(C)cc3C)s2)on1,-5.70845,1
CCOC(=O)c1cc(-c2ccc(S(=O)(=O)[N-]c3c(C)cccc3C)s2)on1,-7.89203,1
CCOC(=O)c1cc(-c2ccc(S(=O)(=O)[N-]c3ccc(C#N)cc3)s2)on1,-8.76842,1
CCOC(=O)c1cc(-c2ccc(S(=O)(=O)[N-]c3ccc(C(C)=O)cc3)s2)on1,-7.35791,1
CCOC(=O)c1cc(-c2ccc(S(=O)(=O)[N-]c3ccc(C)c(C)c3)s2)on1,-8.15395,1
CCOC(=O)c1cc(-c2ccc(S(=O)(=O)[N-]c3ccc(C)c(Cl)c3)s2)on1,-6.1512,1
CCOC(=O)c1cc(-c2ccc(S(=O)(=O)[N-]c3ccc(C)c(F)c3)s2)on1,-7.72567,1
CCOC(=O)c1cc(-c2ccc(S(=O)(=O)[N-]c3ccc(C)cc3)s2)on1,-8.26704,1
CCOC(=O)c1cc(-c2ccc(S(=O)(=O)[N-]c3ccc(F)c(Cl)c3)s2)on1,-4.78368,1
CCOC(=O)c1cc(-c2ccc(S(=O)(=O)[N-]c3ccc(NC(C)=O)cc3)s2)on1,-6.02807,1
CCOC(=O)c1cc(-c2ccc(S(=O)(=O)[N-]c3cccc(C(C)=O)c3)s2)on1,-6.43725,1
CCOC(=O)c1cc(-c2ccc(S(=O)(=O)[N-]c3cccc(C(F)(F)F)c3)s2)on1,-5.49511,1
CCOC(=O)c1cc(-c2ccc(S(=O)(=O)[N-]c3cccc(F)c3)s2)on1,-8.37584,1
CCOC(=O)c1cc(-c2ccc(S(=O)(=O)[N-]c3cccc(OC)c3)s2)on1,-6.68673,1
CCOC(=O)c1cc(-c2ccc(S(=O)(=O)[N-]c3cccc(SC)c3)s2)on1,-3.54035,1
CCOC(=O)c1cc(-c2ccc(S(=O)(=O)[N-]c3ccccc3C)s2)on1,-7.82774,1
CCOC(=O)c1cc(-c2ccccc2)no1,-7.10793,1
CCOC(=O)c1cc(C(=O)Nc2ccc(OC)cc2)c(=O)[nH]c1C,-4.14648,1
CCOC(=O)c1cc(NC(=O)Nc2ccc(NC(C)=O)cc2)c(C)nc1C,-7.98826,1
CCOC(=O)c1cc(OC(=O)c2ccc(OC)cc2)n(-c2ccccc2)n1,-4.38871,1
CCOC(=O)c1cc(S(=O)(=O)N(C)CC(=O)Nc2ccc(F)cc2)cn1C,-3.88956,1
CCOC(=O)c1cc(S(=O)(=O)N(C)CC(=O)Nc2ccccc2)cn1C,-3.48755,1
CCOC(=O)c1cc(S(=O)(=O)N2CCC[C@@H]2C(=O)NCc2ccc(F)cc2)cn1C,-4.46557,1
CCOC(=O)c1cc(S(=O)(=O)N2CCC[C@@H]2C(=O)Nc2cccc(Cl)c2)cn1C,-3.92296,1
CCOC(=O)c1cc(S(=O)(=O)Nc2ccc(Br)cc2)[nH]n1,-4.28698,1
CCOC(=O)c1cc(S(=O)(=O)Nc2ccc(Br)cc2)n[nH]1,-2.98932,1
CCOC(=O)c1cc(S(=O)(=O)Nc2ccc(C)cc2)n[nH]1,-3.78159,1
CCOC(=O)c1cc(S(=O)(=O)Nc2ccc(Cl)cc2)[nH]n1,0.169755,1
CCOC(=O)c1cc(S(=O)(=O)Nc2ccc(Cl)cc2)n[nH]1,-2.98402,1
CCOC(=O)c1cc(S(=O)(=O)Nc2ccc(NC(C)=O)cc2)n[nH]1,-4.68046,1
CCOC(=O)c1cc(S(=O)(=O)Nc2ccc(OC(F)(F)F)cc2)n[nH]1,-2.3823,1
CCOC(=O)c1cc(S(=O)(=O)Nc2ccc(OC)cc2)n[nH]1,-4.74666,1
CCOC(=O)c1cc(S(=O)(=O)[N-]c2ccc(Br)cc2)[nH]n1,-4.45611,1
CCOC(=O)c1cc(S(=O)(=O)[N-]c2ccc(Br)cc2)n[nH]1,-3.76088,1
CCOC(=O)c1cc(S(=O)(=O)[N-]c2ccc(C)cc2)[nH]n1,-1.22269,1
CCOC(=O)c1cc(S(=O)(=O)[N-]c2ccc(C)cc2)n[nH]1,-4.09987,1
CCOC(=O)c1cc(S(=O)(=O)[N-]c2ccc(CC)cc2)[nH]n1,-2.8762,1
CCOC(=O)c1cc(S(=O)(=O)[N-]c2ccc(CC)cc2)n[nH]1,-4.4726,1
CCOC(=O)c1cc(S(=O)(=O)[N-]c2ccc(Cl)cc2)[nH]n1,-4.71733,1
CCOC(=O)c1cc(S(=O)(=O)[N-]c2ccc(Cl)cc2)n[nH]1,-4.23195,1
CCOC(=O)c1cc(S(=O)(=O)[N-]c2ccc(NC(C)=O)cc2)[nH]n1,-3.04692,1
CCOC(=O)c1cc(S(=O)(=O)[N-]c2ccc(NC(C)=O)cc2)n[nH]1,-8.06427,1
CCOC(=O)c1cc(S(=O)(=O)[N-]c2ccc(OC)cc2)[nH]n1,-3.97139,1
CCOC(=O)c1cc(S(=O)(=O)[N-]c2ccc(OC)cc2)n[nH]1,-5.19366,1
CCOC(=O)c1cc(S(=O)(=O)[N-]c2ccc(OCC)cc2)[nH]n1,-2.36453,1
CCOC(=O)c1cc(S(=O)(=O)[N-]c2ccc(OCC)cc2)n[nH]1,-4.1816,1
CCOC(=O)c1cc2ccsc2n1CC(=O)Nc1cccc(OC)c1,-5.70128,1
CCOC(=O)c1cc2n(n1)C[C@@](C)(C(=O)NC1CCCC1)N(Cc1ccc(C)cc1)C2=O,-6.54365,1
CCOC(=O)c1cc2n(n1)C[C@@](C)(C(=O)NC1CCCCCC1)N(c1cc(Cl)ccc1C)C2=O,-5.39872,1
CCOC(=O)c1cc2n(n1)C[C@@](C)(C(=O)NC1CCCCCC1)N(c1ccc(C)c(Cl)c1)C2=O,-5.86865,1
CCOC(=O)c1cc2n(n1)C[C@@](C)(C(=O)NC1CCCCCC1)N(c1ccc(Cl)cc1C)C2=O,-5.671,1
CCOC(=O)c1cc2n(n1)C[C@@](C)(C(=O)NC1CCCCCC1)N(c1cccc(Cl)c1C)C2=O,-5.42432,1
CCOC(=O)c1cc2n(n1)C[C@@](C)(C(=O)NC1CCCCCCC1)N(c1ccc(C)cc1)C2=O,-7.21669,1
CCOC(=O)c1cc2n(n1)C[C@@](C)(C(=O)NCCC(C)C)N(c1cc(C)cc(C)c1)C2=O,-5.37656,1
CCOC(=O)c1cc2n(n1)C[C@@](C)(C(=O)NCCC(C)C)N(c1ccc(OC)cc1)C2=O,-6.47854,1
CCOC(=O)c1cc2n(n1)C[C@@](C)(C(=O)NCCC(C)C)N(c1ccc3c(c1)OCO3)C2=O,-6.71463,1
CCOC(=O)c1cc2n(n1)C[C@@](C)(C(=O)NCCC(C)C)N(c1ccccc1OC)C2=O,-5.62121,1
CCOC(=O)c1cc2n(n1)C[C@@](C)(C(=O)NCCCOC)N(c1ccc(OC)cc1)C2=O,-5.9023,1
CCOC(=O)c1cc2n(n1)C[C@@](C)(C(=O)NCCOC)N(c1ccc(Cl)cc1)C2=O,-5.54873,1
CCOC(=O)c1cc2n(n1)C[C@@](C)(C(=O)NCCOC)N(c1ccc(F)cc1)C2=O,-5.58656,1
CCOC(=O)c1cc2n(n1)C[C@@](C)(C(=O)NCCOC)N(c1ccc(OCC)cc1)C2=O,-5.62003,1
CCOC(=O)c1cc2n(n1)C[C@@](C)(C(=O)NCCOC)N(c1cccc(F)c1)C2=O,-6.53096,1
CCOC(=O)c1cc2n(n1)C[C@@](C)(C(=O)NCc1ccc(F)cc1)N(c1cc(C)cc(C)c1)C2=O,-4.83543,1
CCOC(=O)c1cc2n(n1)C[C@@](C)(C(=O)NCc1ccccc1)N(c1ccccc1C)C2=O,-6.16003,1
CCOC(=O)c1cc2n(n1)C[C@@](C)(C(=O)N[C@H]1CC[C@@H](C)CC1)N(c1ccc(C)c(Cl)c1)C2=O,-6.71054,1
CCOC(=O)c1cc2n(n1)C[C@@](C)(C(=O)N[C@H]1CC[C@@H](C)CC1)N(c1ccc(Cl)cc1)C2=O,-6.88911,1
CCOC(=O)c1cc2n(n1)C[C@@](C)(C(=O)N[C@H]1CC[C@@H](C)CC1)N(c1cccc(CC)c1)C2=O,-6.51967,1
CCOC(=O)c1cc2n(n1)C[C@@](C)(C(=O)N[C@H]1CC[C@@H](C)CC1)N(c1cccc(OC)c1)C2=O,-6.29863,1
CCOC(=O)c1cc2n(n1)C[C@](C)(C(=O)NCCC(C)C)N(c1ccc3c(c1)OCO3)C2=O,-3.99541,1
CCOC(=O)c1cc2n(n1)C[C@](C)(C(=O)NCCCOC)N(Cc1ccc3c(c1)OCO3)C2=O,-4.70839,1
CCOC(=O)c1cc2n(n1)C[C@](C)(C(=O)NCCCOC)N(c1ccc(OC)cc1)C2=O,-5.51063,1
CCOC(=O)c1cc2n(n1)C[C@](C)(C(=O)NCc1ccccc1)N(c1ccc3c(c1)OCO3)C2=O,-4.98722,1
CCOC(=O)c1ccc(-c2ccc(/C=N\NC(=O)OC(C)(C)C)o2)cc1,-6.1813,1
CCOC(=O)c1ccc(-c2ccc(/C=N\NC(=O)OC)o2)cc1,-7.46177,1
CCOC(=O)c1ccc(-n2c(=O)c(C#N)cc3c(=O)n4cccc(C)c4nc32)cc1,-5.18408,1
CCOC(=O)c1ccc(-n2c(C)c(C(=O)OCC)c3cc(O)ccc32)cc1,-6.95924,1
CCOC(=O)c1ccc(-n2c(CN3CCC(C)CC3)nc3ccc([N+](=O)[O-])cc3c2=O)cc1,-4.26285,1
CCOC(=O)c1ccc(-n2c(CN3CCCCC3)nc3ccc([N+](=O)[O-])cc3c2=O)cc1,-4.80908,1
CCOC(=O)c1ccc(-n2c(CN3CCN(CCO)CC3)nc3ccc([N+](=O)[O-])cc3c2=O)cc1,-3.02262,1
CCOC(=O)c1ccc(-n2c(CN3CCN([C@@H](C)CC)CC3)nc3ccc([N+](=O)[O-])cc3c2=O)cc1,-3.39853,1
CCOC(=O)c1ccc(-n2c(CN3CCN([C@H](C)CC)CC3)nc3ccc([N+](=O)[O-])cc3c2=O)cc1,-3.93542,1
CCOC(=O)c1ccc(-n2c(CN3CCOCC3)nc3ccc([N+](=O)[O-])cc3c2=O)cc1,-4.7644,1
CCOC(=O)c1ccc(-n2c(CN3CC[NH+](C)CC3)nc3ccc([N+](=O)[O-])cc3c2=O)cc1,-5.06022,1
CCOC(=O)c1ccc(-n2c(CN3CC[NH+](CCO)CC3)nc3ccc([N+](=O)[O-])cc3c2=O)cc1,-5.40147,1
CCOC(=O)c1ccc(-n2c(CN3CC[NH+]([C@@H](C)CC)CC3)nc3ccc([N+](=O)[O-])cc3c2=O)cc1,-3.90949,1
CCOC(=O)c1ccc(-n2c(CN3CC[NH+]([C@H](C)CC)CC3)nc3ccc([N+](=O)[O-])cc3c2=O)cc1,-3.46759,1
CCOC(=O)c1ccc(-n2c(C[N@H+]3CC[C@@H](C)CC3)nc3ccc([N+](=O)[O-])cc3c2=O)cc1,-5.26209,1
CCOC(=O)c1ccc(-n2c(C[N@H+]3CC[C@@H](O)CC3)nc3ccc([N+](=O)[O-])cc3c2=O)cc1,-6.04409,1
CCOC(=O)c1ccc(-n2c(C[N@H+]3CC[C@H](O)CC3)nc3ccc([N+](=O)[O-])cc3c2=O)cc1,-6.44341,1
CCOC(=O)c1ccc(-n2c(C[N@H+]3CC[N@@H+](CCO)CC3)nc3ccc([N+](=O)[O-])cc3c2=O)cc1,-5.11273,1
CCOC(=O)c1ccc(-n2c(C[N@H+]3CC[N@H+](CCO)CC3)nc3ccc([N+](=O)[O-])cc3c2=O)cc1,-4.2595,1
CCOC(=O)c1ccc(-n2c(C[NH+]3CCN(C)CC3)nc3ccc([N+](=O)[O-])cc3c2=O)cc1,-5.31849,1
CCOC(=O)c1ccc(-n2c(C[NH+]3CCOCC3)nc3ccc([N+](=O)[O-])cc3c2=O)cc1,-4.2825,1
CCOC(=O)c1ccc(/N=C2\S[C@H](C(=O)Nc3ccccc3F)CC(=O)N2C)cc1,-6.04298,1
CCOC(=O)c1ccc(CN(Cc2ccc(F)cc2)S(=O)(=O)c2ccc(F)cc2)cc1,-5.5448,1
CCOC(=O)c1ccc(CN(Cc2ccc(F)cc2)S(=O)(=O)c2ccc([N+](=O)[O-])cc2)cc1,-4.5767,1
CCOC(=O)c1ccc(N/C(NCCc2c(C)nn(C)c2C)=[NH+]/C(=O)c2ccc(Cl)cc2)cc1,-5.56586,1
CCOC(=O)c1ccc(N2C(=O)C[C@@H](N3CCC(C(=O)OCC)CC3)C2=O)cc1,-5.81229,1
CCOC(=O)c1ccc(N2C(=O)C[C@@H]([N@H+]3CC[C@H](C(=O)OCC)CC3)C2=O)cc1,-6.05744,1
CCOC(=O)c1ccc(N2C(=O)C[C@@H]([NH2+]C3CCN(C(=O)c4cccc(Cl)c4)CC3)C2=O)cc1,-4.83908,1
CCOC(=O)c1ccc(N2C(=O)C[C@H](N(C)Cc3ccccc3)C2=O)cc1,-5.74216,1
CCOC(=O)c1ccc(N2C(=O)C[C@H](N3CCC(C(=O)OCC)CC3)C2=O)cc1,-5.68408,1
CCOC(=O)c1ccc(N2C(=O)C[C@H](NC3CCN(C(=O)c4cccs4)CC3)C2=O)cc1,-5.66241,1
CCOC(=O)c1ccc(N2C(=O)C[C@H](NCCc3c[nH]c4ccc(OC)cc34)C2=O)cc1,-5.58301,1
CCOC(=O)c1ccc(N2C(=O)C[C@H]([N@H+](C)Cc3ccccc3)C2=O)cc1,-4.15816,1
CCOC(=O)c1ccc(N2C(=O)C[C@H]([N@H+]3CC[C@H](C(=O)OCC)CC3)C2=O)cc1,-6.7578,1
CCOC(=O)c1ccc(N2C(=O)c3[nH]nc(-c4ccco4)c3[C@H]2c2ccc(C)cc2)cc1,-5.06584,1
CCOC(=O)c1ccc(N2C(=O)c3[nH]nc(-c4ccco4)c3[C@H]2c2ccc(O)c(OCC)c2)cc1,-5.18557,1
CCOC(=O)c1ccc(N2C(=O)c3[nH]nc(-c4cccs4)c3[C@H]2c2ccc(O)c(OC)c2)cc1,-4.51199,1
CCOC(=O)c1ccc(N2C(=O)c3[nH]nc(C)c3[C@@H]2c2ccc(C(=O)OC)cc2)cc1,-5.66008,1
CCOC(=O)c1ccc(N2C(=O)c3[nH]nc(C)c3[C@H]2c2ccc(Br)cc2)cc1,-6.71877,1
CCOC(=O)c1ccc(N2C(=O)c3[nH]nc(C)c3[C@H]2c2ccc(C(C)(C)C)cc2)cc1,-6.60641,1
CCOC(=O)c1ccc(N2C(=O)c3[nH]nc(C)c3[C@H]2c2ccc(CC)cc2)cc1,-6.42758,1
CCOC(=O)c1ccc(N2C(=O)c3[nH]nc(C)c3[C@H]2c2ccc(OC)cc2)cc1,-6.79426,1
CCOC(=O)c1ccc(N2C(=O)c3[nH]nc(C)c3[C@H]2c2ccc([N+](=O)[O-])cc2)cc1,-4.39528,1
CCOC(=O)c1ccc(N2C(=O)c3n[nH]c(-c4ccccc4)c3[C@H]2c2cccnc2)cc1,-5.00264,1
CCOC(=O)c1ccc(N2C(=O)c3n[nH]c(-c4ccco4)c3[C@H]2c2ccc(C)cc2)cc1,-5.60646,1
CCOC(=O)c1ccc(N2C(=O)c3n[nH]c(-c4ccco4)c3[C@H]2c2ccc(F)cc2)cc1,-4.69919,1
CCOC(=O)c1ccc(N2C(=O)c3n[nH]c(-c4ccco4)c3[C@H]2c2ccc(OC)cc2)cc1,-4.28959,1
CCOC(=O)c1ccc(N2C(=O)c3n[nH]c(-c4ccco4)c3[C@H]2c2ccccc2)cc1,-4.91212,1
CCOC(=O)c1ccc(N2C(=O)c3n[nH]c(-c4cccs4)c3[C@H]2c2ccc(C(=O)OC)cc2)cc1,-4.27289,1
CCOC(=O)c1ccc(N2C(=O)c3n[nH]c(C)c3[C@H]2c2ccc(CC)cc2)cc1,-4.25227,1
CCOC(=O)c1ccc(N2C(=O)c3n[nH]c(C)c3[C@H]2c2ccc([N+](=O)[O-])cc2)cc1,-6.14484,1
CCOC(=O)c1ccc(N2C=C3[C@@H](C2=O)[C@@H](c2ccccc2)NC(=O)N3C)cc1,-3.71423,1
CCOC(=O)c1ccc(N2CC(=O)C(c3nc4cc(C)ccc4[nH]3)=C2N)cc1,-5.55615,1
CCOC(=O)c1ccc(N2CC(=O)C(c3nc4ccccc4[nH]3)=C2N)cc1,-6.69543,1
CCOC(=O)c1ccc(N2CC3=C(C2=O)[C@@H](c2ccccc2)NC(=O)N3C)cc1,-7.55932,1
CCOC(=O)c1ccc(N2CN=c3s/c(=C4\C(=O)Nc5ccc(OC)cc54)c(=O)n3C2)cc1,-6.33704,1
CCOC(=O)c1ccc(NC(=O)C2CCN(C(=O)N3C[C@H](C)Oc4ccccc43)CC2)cc1,-5.32961,1
CCOC(=O)c1ccc(NC(=O)C2CCN(S(=O)(=O)Cc3ccccc3F)CC2)cc1,-5.26926,1
CCOC(=O)c1ccc(NC(=O)C2CCN(S(=O)(=O)c3ccc(C)cc3)CC2)cc1,-0.242228,1
CCOC(=O)c1ccc(NC(=O)CCC(=O)OC)cc1,-5.09258,1
CCOC(=O)c1ccc(NC(=O)CCC(=O)[O-])cc1,-5.92633,1
CCOC(=O)c1ccc(NC(=O)CCCC(=O)[O-])cc1,-4.58676,1
CCOC(=O)c1ccc(NC(=O)CCCc2nc(-c3ccc(Cl)cc3)no2)cc1,-5.7793,1
CCOC(=O)c1ccc(NC(=O)CCCc2nc(-c3ccc(OC)cc3)no2)cc1,-5.69249,1
CCOC(=O)c1ccc(NC(=O)CCCc2nc(-c3ccccc3)no2)cc1,-6.43472,1
CCOC(=O)c1ccc(NC(=O)CCCc2nc(-c3ccccn3)no2)cc1,-5.02207,1
CCOC(=O)c1ccc(NC(=O)CCCc2nc(-c3ccco3)no2)cc1,-5.73982,1
CCOC(=O)c1ccc(NC(=O)CCOc2ccccc2)cc1,-6.11288,1
CCOC(=O)c1ccc(NC(=O)CCS(=O)(=O)c2cc(-c3cc(C)no3)ccc2C)cc1,-5.51344,1
CCOC(=O)c1ccc(NC(=O)CCS(=O)(=O)c2cc(-c3cc(C)no3)ccc2OC)cc1,-5.32963,1
CCOC(=O)c1ccc(NC(=O)CCS(=O)(=O)c2ccc3c(c2)CCN3C(=O)CC)cc1,-6.45192,1
CCOC(=O)c1ccc(NC(=O)CCS(=O)(=O)c2ccc3c(c2)oc(=O)n3C)cc1,-6.70701,1
CCOC(=O)c1ccc(NC(=O)CCc2c(C)[nH]c3ncnn3c2=O)cc1,-5.26509,1
CCOC(=O)c1ccc(NC(=O)CCc2c(C)nc3ncnn3c2C)cc1,-5.90491,1
CCOC(=O)c1ccc(NC(=O)CCc2c(C)nc3ncnn3c2[O-])cc1,-5.59328,1
CCOC(=O)c1ccc(NC(=O)CCc2ccc(-c3ccccc3)o2)cc1,-3.71483,1
CCOC(=O)c1ccc(NC(=O)CCc2nc(-c3ccc(C)cc3)no2)cc1,-6.63404,1
CCOC(=O)c1ccc(NC(=O)CCc2nc(-c3cccc(C)c3)no2)cc1,-6.32247,1
CCOC(=O)c1ccc(NC(=O)CCc2nc(-c3ccccn3)no2)cc1,-5.81857,1
CCOC(=O)c1ccc(NC(=O)CCn2c(=O)sc3ccccc32)cc1,-5.50102,1
CCOC(=O)c1ccc(NC(=O)CCn2nnc3cc(S(=O)(=O)N(C)C)ccc32)cc1,-1.42857,1
CCOC(=O)c1ccc(NC(=O)CCn2nnc3cc(S(=O)(=O)N(CC)CC)ccc32)cc1,-6.08665,1
CCOC(=O)c1ccc(NC(=O)CN(C)S(=O)(=O)c2cccc3nsnc23)cc1,-4.98646,1
CCOC(=O)c1ccc(NC(=O)CN2C(=O)c3ccccc3S2(=O)=O)cc1,-6.89892,1
CCOC(=O)c1ccc(NC(=O)CN2CCCN(Cc3cccc(F)c3)S2(=O)=O)cc1,-3.84191,1
CCOC(=O)c1ccc(NC(=O)CN2CCN(Cc3ccc(F)cc3Cl)S2(=O)=O)cc1,-0.906796,1
CCOC(=O)c1ccc(NC(=O)COc2cc(C)c3c(C)nn(-c4ccc(CC)cc4)c3n2)cc1,-5.08553,1
CCOC(=O)c1ccc(NC(=O)COc2cc(CSc3ccccc3)[nH+]cc2OC)cc1,-3.18973,1
CCOC(=O)c1ccc(NC(=O)COc2cc(CSc3ccccc3)ncc2OC)cc1,-6.04267,1
CCOC(=O)c1ccc(NC(=O)COc2cc(CSc3ncccn3)[nH+]cc2OC)cc1,-2.87246,1
CCOC(=O)c1ccc(NC(=O)COc2cc(CSc3ncccn3)ncc2OC)cc1,-5.99597,1
CCOC(=O)c1ccc(NC(=O)COc2ccc(-c3nc(CC)no3)cc2)cc1,-5.25464,1
CCOC(=O)c1ccc(NC(=O)COc2ccc(OC)cc2)cc1,-6.19069,1
CCOC(=O)c1ccc(NC(=O)COc2cccc(-c3nc(-c4ccccc4)no3)c2)cc1,-7.4611,1
CCOC(=O)c1ccc(NC(=O)COc2cccc(-c3nc(C)no3)c2)cc1,-6.09014,1
CCOC(=O)c1ccc(NC(=O)COc2ccccc2)cc1,-4.23728,1
CCOC(=O)c1ccc(NC(=O)COc2ccccc2-c2nc(C)no2)cc1,-2.73415,1
CCOC(=O)c1ccc(NC(=O)CSc2n[nH]c(-c3ccncc3)n2)cc1,-5.91612,1
CCOC(=O)c1ccc(NC(=O)CSc2nc(-c3ccc(OC)cc3)ccc2C#N)cc1,-5.29914,1
CCOC(=O)c1ccc(NC(=O)CSc2nc(-c3ccccc3)cc(=O)[n-]2)cc1,-6.43375,1
CCOC(=O)c1ccc(NC(=O)CSc2nc(=O)[n-]nc2C)cc1,-3.68575,1
CCOC(=O)c1ccc(NC(=O)CSc2nc(=O)[nH]nc2C)cc1,-4.66036,1
CCOC(=O)c1ccc(NC(=O)CSc2nc(=O)cc(-c3ccccc3)[nH]2)cc1,-5.12253,1
CCOC(=O)c1ccc(NC(=O)CSc2nc(=O)cc(C)[nH]2)cc1,-4.46203,1
CCOC(=O)c1ccc(NC(=O)CSc2nc(=O)cc(N)n2-c2ccccc2)cc1,-5.01902,1
CCOC(=O)c1ccc(NC(=O)CSc2nc(C)cc(=O)[n-]2)cc1,-3.97081,1
CCOC(=O)c1ccc(NC(=O)CSc2nc(C)cc(=O)[nH]2)cc1,-7.37059,1
CCOC(=O)c1ccc(NC(=O)CSc2nc(C)cc(O)n2)cc1,-2.64404,1
CCOC(=O)c1ccc(NC(=O)CSc2nc(N)cc(=O)[nH]2)cc1,-7.32825,1
CCOC(=O)c1ccc(NC(=O)CSc2nc(O)cc(-c3ccccc3)n2)cc1,-4.20794,1
CCOC(=O)c1ccc(NC(=O)CSc2nc3c(cc2C#N)N2CCC3CC2)cc1,-4.71494,1
CCOC(=O)c1ccc(NC(=O)CSc2nc3c(cnn3-c3ccc(C)cc3)c(=O)[n-]2)cc1,-4.90764,1
CCOC(=O)c1ccc(NC(=O)CSc2nc3c(cnn3-c3ccc(C)cc3)c(=O)[nH]2)cc1,-4.00595,1
CCOC(=O)c1ccc(NC(=O)CSc2nc3cccnc3[nH]2)cc1,-5.16149,1
CCOC(=O)c1ccc(NC(=O)CSc2nc3ncccc3[nH]2)cc1,-6.13861,1
CCOC(=O)c1ccc(NC(=O)CSc2nc3ncccc3o2)cc1,-5.67153,1
CCOC(=O)c1ccc(NC(=O)CSc2ncc3c(n2)-c2ccccc2N(C)S3(=O)=O)cc1,-5.8675,1
CCOC(=O)c1ccc(NC(=O)CSc2nccn2-c2cc(C)ccc2C)cc1,-6.25988,1
CCOC(=O)c1ccc(NC(=O)CSc2nccn2-c2ccc([N+](=O)[O-])cc2)cc1,-6.87029,1
CCOC(=O)c1ccc(NC(=O)CSc2nccn2-c2cccc(Cl)c2)cc1,-5.25039,1
CCOC(=O)c1ccc(NC(=O)CSc2nccn2Cc2ccccc2Cl)cc1,-6.60035,1
CCOC(=O)c1ccc(NC(=O)CSc2nn3c(=O)c(C)nnc3s2)cc1,-5.69955,1
CCOC(=O)c1ccc(NC(=O)CSc2nnc(CNC(=O)c3ccco3)o2)cc1,-6.70152,1
CCOC(=O)c1ccc(NC(=O)C[C@@H](c2ccc(OC)cc2)N2Cc3ccccc3C2=O)cc1,-6.13959,1
CCOC(=O)c1ccc(NC(=O)C[C@@H]2C(=O)N(c3ccc(F)cc3)C(=O)N2Cc2cccs2)cc1,-5.6945,1
CCOC(=O)c1ccc(NC(=O)C[C@@H]2Nc3cccc4cccc(c34)NC2=O)cc1,-6.62795,1
CCOC(=O)c1ccc(NC(=O)C[C@@H]2Nc3ccccc3NC2=O)cc1,-7.07457,1
CCOC(=O)c1ccc(NC(=O)C[C@@H]2Sc3ccc(C(F)(F)F)cc3NC2=O)cc1,-5.69919,1
CCOC(=O)c1ccc(NC(=O)C[C@H](c2ccc(OC)cc2)N2Cc3ccccc3C2=O)cc1,-4.13841,1
CCOC(=O)c1ccc(NC(=O)C[C@H]2C(=O)N(c3ccc(F)cc3)C(=O)N2CCCOC)cc1,-3.70568,1
CCOC(=O)c1ccc(NC(=O)C[C@H]2C(=O)N(c3ccc(F)cc3)C(=O)N2Cc2cccnc2)cc1,-5.06756,1
CCOC(=O)c1ccc(NC(=O)C[C@H]2C(=O)N(c3ccc(F)cc3)C(=O)N2Cc2ccco2)cc1,-5.0786,1
CCOC(=O)c1ccc(NC(=O)C[C@H]2C(=O)N(c3ccc(F)cc3)C(=O)N2Cc2cccs2)cc1,-6.08271,1
CCOC(=O)c1ccc(NC(=O)C[C@H]2C(=O)N(c3cccc(C)c3)C(=O)N2C(C)C)cc1,-4.81948,1
CCOC(=O)c1ccc(NC(=O)C[C@H]2C(=O)N(c3cccc(C)c3)C(=O)N2Cc2ccco2)cc1,-5.7954,1
CCOC(=O)c1ccc(NC(=O)C[C@H]2C(=O)N(c3cccc(OC)c3)C(=O)N2CC(C)C)cc1,-3.11554,1
CCOC(=O)c1ccc(NC(=O)C[C@H]2C(=O)N(c3ccccc3)C(=O)N2CCC(C)C)cc1,-4.71468,1
CCOC(=O)c1ccc(NC(=O)C[C@H]2C(=O)N(c3ccccc3)C(=O)N2CCc2cccs2)cc1,-3.46886,1
CCOC(=O)c1ccc(NC(=O)C[C@H]2C(=O)N(c3ccccc3)C(=O)N2Cc2cccnc2)cc1,-3.25794,1
CCOC(=O)c1ccc(NC(=O)C[C@H]2Nc3cccc4cccc(c34)NC2=O)cc1,-4.98734,1
CCOC(=O)c1ccc(NC(=O)C[C@H]2Nc3ccccc3NC2=O)cc1,-7.23133,1
CCOC(=O)c1ccc(NC(=O)C[C@H]2Sc3ccc(C(F)(F)F)cc3NC2=O)cc1,-4.98722,1
CCOC(=O)c1ccc(NC(=O)Cc2coc3ccc(CC)cc23)cc1,-6.32101,1
CCOC(=O)c1ccc(NC(=O)Cc2csc(NC(=O)c3ccc(Cl)cc3)n2)cc1,-4.4559,1
CCOC(=O)c1ccc(NC(=O)Cc2csc(NC(=O)c3ccc(OC)cc3)n2)cc1,-3.86965,1
CCOC(=O)c1ccc(NC(=O)Cn2c(=O)oc3cc(S(=O)(=O)N4CCCC4)ccc32)cc1,-5.15538,1
CCOC(=O)c1ccc(NC(=O)Cn2c(C(=O)OC)cc3ccsc32)cc1,-4.76176,1
CCOC(=O)c1ccc(NC(=O)Cn2c(C(=O)OC)cc3sccc32)cc1,-6.94763,1
CCOC(=O)c1ccc(NC(=O)Cn2c3ncccc3c(=O)n2-c2ccc(CC)cc2)cc1,-5.64118,1
CCOC(=O)c1ccc(NC(=O)Cn2nc(SC)c(S(C)(=O)=O)c2N)cc1,-6.61639,1
CCOC(=O)c1ccc(NC(=O)Cn2nnc(-c3ccc(C(F)(F)F)cc3)n2)cc1,-6.83313,1
CCOC(=O)c1ccc(NC(=O)Cn2nnc(-c3ccc(C)cc3)n2)cc1,-6.14538,1
CCOC(=O)c1ccc(NC(=O)Cn2nnc(-c3ccc(F)cc3)n2)cc1,-5.91764,1
CCOC(=O)c1ccc(NC(=O)Cn2nnc(-c3ccc(OC)cc3)n2)cc1,-6.16461,1
CCOC(=O)c1ccc(NC(=O)Cn2nnc(-c3cccc(C(F)(F)F)c3)n2)cc1,-6.57785,1
CCOC(=O)c1ccc(NC(=O)Cn2nnc(-c3ccccc3)n2)cc1,-6.56011,1
CCOC(=O)c1ccc(NC(=O)N2CCC3(CC2)Nc2ccccc2-n2cccc23)cc1,-6.95914,1
CCOC(=O)c1ccc(NC(=O)N2CCC[C@@H]2c2cc(C(C)C)on2)cc1,-6.48496,1
CCOC(=O)c1ccc(NC(=O)N2CCC[C@@H]2c2cc(CC)no2)cc1,-6.62203,1
CCOC(=O)c1ccc(NC(=O)N2CCC[C@@H]2c2ccc(C)cc2)cc1,-7.35714,1
CCOC(=O)c1ccc(NC(=O)N2CCC[C@@H]2c2ccc(Cl)cc2)cc1,-6.77949,1
CCOC(=O)c1ccc(NC(=O)N2CCC[C@@H]2c2ccc(F)cc2)cc1,-6.46794,1
CCOC(=O)c1ccc(NC(=O)N2CCC[C@@H]2c2ccc(OC)cc2)cc1,-6.49145,1
CCOC(=O)c1ccc(NC(=O)N2CCC[C@H]2c2cc(C(C)C)on2)cc1,-5.76879,1
CCOC(=O)c1ccc(NC(=O)N2CCC[C@H]2c2cc(CC)no2)cc1,-5.87411,1
CCOC(=O)c1ccc(NC(=O)N2CCC[C@H]2c2ccc(C)cc2)cc1,-6.61749,1
CCOC(=O)c1ccc(NC(=O)N2CCC[C@H]2c2ccc(Cl)cc2)cc1,-6.87519,1
CCOC(=O)c1ccc(NC(=O)N2CCC[C@H]2c2ccc(F)cc2)cc1,-6.52041,1
CCOC(=O)c1ccc(NC(=O)N2CCC[C@H]2c2ccc(OC)cc2)cc1,-6.29602,1
CCOC(=O)c1ccc(NC(=O)N2CCC[C@H]2c2ccnn2CC)cc1,-5.67577,1
CCOC(=O)c1ccc(NC(=O)N2CCOc3ccc(Cl)cc32)cc1,-4.60615,1
CCOC(=O)c1ccc(NC(=O)N2CCn3c(C)ccc3[C@H]2CC)cc1,-6.36666,1
CCOC(=O)c1ccc(NC(=O)NCCn2c(C(F)(F)F)nc3ccccc32)cc1,-6.2187,1
CCOC(=O)c1ccc(NC(=O)NCc2cccn2Cc2ccc(F)cc2)cc1,-6.39924,1
CCOC(=O)c1ccc(NC(=O)NCc2nc(-c3ccc(OCC)cc3)oc2C)cc1,-4.33763,1
CCOC(=O)c1ccc(NC(=O)NCc2noc3ccc(C)cc23)cc1,-6.6842,1
CCOC(=O)c1ccc(NC(=O)Nc2cc3c(cc2N2CCCC2)n(CC)c(=O)n3CC)cc1,-5.7959,1
CCOC(=O)c1ccc(NC(=O)Nc2ccc(OCc3cc(=O)n4cc(C)ccc4n3)cc2)cc1,-5.81961,1
CCOC(=O)c1ccc(NC(=O)Nc2cccc(OCc3cc(=O)n4ccc(C)cc4n3)c2)cc1,-3.99783,1
CCOC(=O)c1ccc(NC(=O)Nc2ccccc2OCc2cc(=O)n3ccccc3n2)cc1,-6.82701,1
CCOC(=O)c1ccc(NC(=O)Nc2nnc(N(CC)c3ccccc3)s2)cc1,-5.33668,1
CCOC(=O)c1ccc(NC(=O)[C@@H](CC(C)C)N2C(=O)c3ccccc3C2=O)cc1,-6.19094,1
CCOC(=O)c1ccc(NC(=O)[C@@H](CC)Sc2nc3cccnc3[nH]2)cc1,-6.27239,1
CCOC(=O)c1ccc(NC(=O)[C@@H](CC)Sc2nc3ncccc3[nH]2)cc1,-5.0087,1
CCOC(=O)c1ccc(NC(=O)[C@@H](Cc2ccccc2)N2C(=O)c3ccccc3C2=O)cc1,-5.70852,1
CCOC(=O)c1ccc(NC(=O)[C@@H]2CC(=O)N(C)/C(=N/c3cccc(Cl)c3)S2)cc1,-4.5033,1
CCOC(=O)c1ccc(NC(=O)[C@@H]2CC(=O)[N+](C)=C(Nc3cccc(C(F)(F)F)c3)S2)cc1,-2.60685,1
CCOC(=O)c1ccc(NC(=O)[C@@H]2CC(=O)[N+](C)=C(Nc3cccc(F)c3)S2)cc1,-0.286477,1
CCOC(=O)c1ccc(NC(=O)[C@@H]2CCC(=O)N2S(=O)(=O)c2ccc(F)cc2)cc1,-4.63473,1
CCOC(=O)c1ccc(NC(=O)[C@@H]2CCCN(c3ccc(=O)n(-c4ccc(C)c(Cl)c4)n3)C2)cc1,-3.90357,1
CCOC(=O)c1ccc(NC(=O)[C@@H]2CCCN(c3ncnc4c3nc3n4CCCCC3)C2)cc1,-5.76568,1
CCOC(=O)c1ccc(NC(=O)[C@@H]2CCCN2C(=O)OCc2ccccc2)cc1,-6.11846,1
CCOC(=O)c1ccc(NC(=O)[C@@H]2CCCN2S(=O)(=O)c2cccc3nsnc23)cc1,-2.71867,1
CCOC(=O)c1ccc(NC(=O)[C@@H]2CN(S(C)(=O)=O)c3ccccc3O2)cc1,-6.67701,1
CCOC(=O)c1ccc(NC(=O)[C@@H]2Cc3ccccc3N2C(C)=O)cc1,-5.16839,1
CCOC(=O)c1ccc(NC(=O)[C@@H]2[N-]S(=O)(=O)c3ccc(C(F)(F)F)cc3N2)cc1,-5.83988,1
CCOC(=O)c1ccc(NC(=O)[C@@H]2[N-]S(=O)(=O)c3ccc(F)cc3N2)cc1,-3.76952,1
CCOC(=O)c1ccc(NC(=O)[C@@]23C[C@H]4C[C@@H](C2)C[C@](n2nnc(C)n2)(C4)C3)cc1,-3.04255,1
CCOC(=O)c1ccc(NC(=O)[C@H](C)CS(=O)(=O)c2ccc3c(c2)NC(=O)[C@@H](C)S3)cc1,-6.58372,1
CCOC(=O)c1ccc(NC(=O)[C@H](CC(C)C)N2C(=O)c3ccccc3C2=O)cc1,-6.7212,1
CCOC(=O)c1ccc(NC(=O)[C@H](CC)Sc2nc3cccnc3[nH]2)cc1,-6.63274,1
CCOC(=O)c1ccc(NC(=O)[C@H](CC)Sc2nc3ncccc3[nH]2)cc1,-6.47044,1
CCOC(=O)c1ccc(NC(=O)[C@H](CC)Sc2nnc3c4ccccc4n(CC)c3n2)cc1,-6.92687,1
CCOC(=O)c1ccc(NC(=O)[C@H]2CC(=O)N(C)/C(=N/c3cccc(Cl)c3)S2)cc1,-5.44548,1
CCOC(=O)c1ccc(NC(=O)[C@H]2CC(=O)[N+](C)=C(Nc3ccc(C(=O)OCC)cc3)S2)cc1,-3.51258,1
CCOC(=O)c1ccc(NC(=O)[C@H]2CC(=O)[N+](C)=C(Nc3cccc(C(F)(F)F)c3)S2)cc1,-1.67932,1
CCOC(=O)c1ccc(NC(=O)[C@H]2CC(=O)[N+](C)=C(Nc3cccc(Cl)c3)S2)cc1,-2.09814,1
CCOC(=O)c1ccc(NC(=O)[C@H]2CC(=O)[N+](C)=C(Nc3cccc(F)c3)S2)cc1,-3.19384,1
CCOC(=O)c1ccc(NC(=O)[C@H]2CCCN2S(=O)(=O)c2cccc3nsnc23)cc1,-4.00746,1
CCOC(=O)c1ccc(NC(=O)[C@H]2CN(S(C)(=O)=O)c3ccccc3O2)cc1,-7.27398,1
CCOC(=O)c1ccc(NC(=O)[C@H]2Cc3ccccc3N2C(C)=O)cc1,-5.33064,1
CCOC(=O)c1ccc(NC(=O)[C@H]2Nc3cc(C(F)(F)F)ccc3S(=O)(=O)N2)cc1,-5.81961,1
CCOC(=O)c1ccc(NC(=O)[C@H]2Nc3cc(F)ccc3S(=O)(=O)N2)cc1,-6.71838,1
CCOC(=O)c1ccc(NC(=O)[C@H]2[N-]S(=O)(=O)c3ccc(C(F)(F)F)cc3N2)cc1,-6.17012,1
CCOC(=O)c1ccc(NC(=O)[C@H]2[N-]S(=O)(=O)c3ccc(F)cc3N2)cc1,-4.44613,1
CCOC(=O)c1ccc(NC(=O)c2[nH]c(C)c(S(=O)(=O)N3CCCC3)c2C)cc1,-6.03652,1
CCOC(=O)c1ccc(NC(=O)c2c(-c3ccccc3)noc2C)cc1,-5.9336,1
CCOC(=O)c1ccc(NC(=O)c2c(C)[nH]c(C(=O)OCC)c2C)cc1,-7.142,1
CCOC(=O)c1ccc(NC(=O)c2c(C)c(C(=O)OCC)n(C)c2C)cc1,-5.93596,1
CCOC(=O)c1ccc(NC(=O)c2c(C)oc3ccc(OCC)cc23)cc1,-6.03431,1
CCOC(=O)c1ccc(NC(=O)c2c[n-]c(=O)n(-c3ccc(OC)cc3)c2=O)cc1,-4.17745,1
CCOC(=O)c1ccc(NC(=O)c2c[n-]c(=O)n(-c3ccc(OCC)cc3)c2=O)cc1,-4.03715,1
CCOC(=O)c1ccc(NC(=O)c2c[n-]c(=O)n(-c3ccccc3)c2=O)cc1,-4.94487,1
CCOC(=O)c1ccc(NC(=O)c2c[nH]c(=O)n(-c3ccc(OC)cc3)c2=O)cc1,-7.14568,1
CCOC(=O)c1ccc(NC(=O)c2c[nH]c(=O)n(-c3ccc(OCC)cc3)c2=O)cc1,-5.47,1
CCOC(=O)c1ccc(NC(=O)c2c[nH]c(=O)n(-c3ccccc3)c2=O)cc1,-6.99545,1
CCOC(=O)c1ccc(NC(=O)c2cc(-c3ccc(Cl)cc3)on2)cc1,-6.94213,1
CCOC(=O)c1ccc(NC(=O)c2cc(-c3ccc(OC)cc3)on2)cc1,-6.86696,1
CCOC(=O)c1ccc(NC(=O)c2cc(-c3cccnc3)on2)cc1,-6.98772,1
CCOC(=O)c1ccc(NC(=O)c2cc(C(=O)OC)cc([N+](=O)[O-])c2)cc1,-6.0846,1
CCOC(=O)c1ccc(NC(=O)c2cc(S(=O)(=O)Nc3ccc(OCC)cc3)n[nH]2)cc1,-4.7747,1
CCOC(=O)c1ccc(NC(=O)c2cc3c([nH]c2=O)C[C@H](c2ccco2)CC3=O)cc1,-3.73018,1
CCOC(=O)c1ccc(NC(=O)c2cc3c(cc2C)OCCCO3)cc1,-6.93731,1
CCOC(=O)c1ccc(NC(=O)c2cc3c(n(-c4ccc(OC)cc4)c2=O)CC(C)(C)CC3=O)cc1,-6.30958,1
CCOC(=O)c1ccc(NC(=O)c2ccc(Cl)c([N+](=O)[O-])c2)cc1,-7.2208,1
CCOC(=O)c1ccc(NC(=O)c2ccc(Cl)cc2)cc1,-6.64336,1
CCOC(=O)c1ccc(NC(=O)c2ccc(Cl)cc2[N+](=O)[O-])cc1,-7.26977,1
CCOC(=O)c1ccc(NC(=O)c2ccc(N)cc2)cc1,-6.70983,1
CCOC(=O)c1ccc(NC(=O)c2ccc(OC)c([N+](=O)[O-])c2)cc1,-6.95521,1
CCOC(=O)c1ccc(NC(=O)c2ccc3c(c2)CCCN3S(=O)(=O)CC)cc1,-5.47166,1
CCOC(=O)c1ccc(NC(=O)c2ccc3c(c2)OCCCO3)cc1,-2.73549,1
CCOC(=O)c1ccc(NC(=O)c2cccc(C)c2)cc1,-6.84334,1
CCOC(=O)c1ccc(NC(=O)c2cccc(S(=O)(=O)N(CC)CC)c2)cc1,-4.54525,1
CCOC(=O)c1ccc(NC(=O)c2ccccc2Br)cc1,-6.97269,1
CCOC(=O)c1ccc(NC(=O)c2ccco2)cc1,-7.63735,1
CCOC(=O)c1ccc(NC(=O)c2cn(C)c3c(=O)n(-c4ccc(Cl)cc4)c(=O)[n-]c23)cc1,-5.60112,1
CCOC(=O)c1ccc(NC(=O)c2cnc3scc(-c4cc(OC)ccc4OC)n3c2=O)cc1,-6.49034,1
CCOC(=O)c1ccc(NC(=O)c2cnc3scc(-c4cccc(OC)c4)n3c2=O)cc1,-6.35915,1
CCOC(=O)c1ccc(NC(=O)c2cnc3scc(C)n3c2=O)cc1,-6.44275,1
CCOC(=O)c1ccc(NC(=O)c2cnn(-c3ccc(Cl)cc3)c2)cc1,-5.78232,1
CCOC(=O)c1ccc(NC(=O)c2nc(-n3cnnc3)ccc2Br)cc1,-5.8153,1
CCOC(=O)c1ccc(NC(=O)c2nc(S(=O)(=O)Cc3ccccc3)ncc2Cl)cc1,-6.9807,1
CCOC(=O)c1ccc(NC(=O)c2nc(SC)ncc2Cl)cc1,-6.97284,1
CCOC(=O)c1ccc(NC(=O)c2nc(SCC)ncc2Cl)cc1,-6.30041,1
CCOC(=O)c1ccc(NC(=O)c2ncoc2-c2ccc(OC)cc2)cc1,-6.21879,1
CCOC(=O)c1ccc(NC(=O)c2ncoc2-c2cccc(C)c2)cc1,-5.98186,1
CCOC(=O)c1ccc(NC(=O)c2noc3c2CCCC3)cc1,-6.05342,1
CCOC(=O)c1ccc(NC(=O)c2oc3ccccc3c2NC(=O)c2csnn2)cc1,-5.61172,1
CCOC(=O)c1ccc(NC(=O)c2oc3ccccc3c2NC(=O)c2snnc2C)cc1,-1.96733,1
CCOC(=O)c1ccc(NC(=O)c2sc(COc3cccc(C)c3)nc2C)cc1,-6.31611,1
CCOC(=O)c1ccc(NC(=O)c2sccc2S(=O)(=O)N(C)c2ccc(C)c(C)c2)cc1,-5.03172,1
CCOC(=O)c1ccc(NC(=O)c2sccc2S(=O)(=O)N(C)c2cccc(C)c2)cc1,-3.66152,1
CCOC(=O)c1ccc(NC(=O)c2sccc2S(=O)(=O)N(C)c2ccccc2)cc1,-2.8794,1
CCOC(=O)c1ccc(NC(=O)n2ncc3ccc(C)cc32)cc1,-7.1746,1
CCOC(=O)c1ccc(NC(=S)N(CCC[NH+]2CCCC2)Cc2ccco2)cc1,-5.26406,1
CCOC(=O)c1ccc(NC(=S)NCCC[NH+]2CCN(c3ccc(F)cc3)CC2)cc1,-4.09182,1
CCOC(=O)c1ccc(NC2=C(Cl)C(=O)O[C@@H]2OC(=O)c2ccccc2C)cc1,-7.62273,1
CCOC(=O)c1ccc(NC2=C(Cl)C(=O)O[C@H]2OC(=O)c2ccccc2C)cc1,-4.46182,1
CCOC(=O)c1ccc(NC2=[N+](C)C(=O)C[C@@H](C(=O)Nc3cccc(Cl)c3)S2)cc1,-3.40335,1
CCOC(=O)c1ccc(NC2=[N+](C)C(=O)C[C@@H](C(=O)Nc3ccccc3Cl)S2)cc1,-4.47263,1
CCOC(=O)c1ccc(NC2=[N+](C)C(=O)C[C@@H](C(=O)Nc3ccccc3F)S2)cc1,-2.11174,1
CCOC(=O)c1ccc(NC2=[N+](C)C(=O)C[C@@H](C(=O)Nc3ccccc3OC)S2)cc1,-3.51394,1
CCOC(=O)c1ccc(NC2=[N+](C)C(=O)C[C@H](C(=O)Nc3ccc(C)c(Cl)c3)S2)cc1,-2.59482,1
CCOC(=O)c1ccc(NC2=[N+](C)C(=O)C[C@H](C(=O)Nc3cccc(Cl)c3)S2)cc1,-4.35483,1
CCOC(=O)c1ccc(NS(=O)(=O)c2c(C)[nH]c(C)c2C(=O)OCC)cc1,-3.90655,1
CCOC(=O)c1ccc(NS(=O)(=O)c2c(C)nc3sc(C)cn3c2=O)cc1,-3.60723,1
CCOC(=O)c1ccc(NS(=O)(=O)c2cc(-c3cnc(C)o3)ccc2C)cc1,-1.11368,1
CCOC(=O)c1ccc(NS(=O)(=O)c2cc(-c3cnc(C4CC4)o3)ccc2C)cc1,-1.97286,1
CCOC(=O)c1ccc(NS(=O)(=O)c2cc(-c3noc(CC)n3)sc2C)cc1,-2.92044,1
CCOC(=O)c1ccc(NS(=O)(=O)c2cc(C(=O)OC)n(C)c2)cc1,-3.45318,1
CCOC(=O)c1ccc(NS(=O)(=O)c2cc(C(=O)OCC)[nH]n2)cc1,-4.87695,1
CCOC(=O)c1ccc(NS(=O)(=O)c2cc3[nH]c4c(c3cc2C)C(=O)CCC4)cc1,-3.97164,1
CCOC(=O)c1ccc(NS(=O)(=O)c2ccc(-c3cc(C(F)(F)F)n[nH]3)s2)cc1,-6.77015,1
CCOC(=O)c1ccc(NS(=O)(=O)c2ccc(-c3cc(C)[nH]n3)s2)cc1,-6.06259,1
CCOC(=O)c1ccc(NS(=O)(=O)c2ccc(-c3cc(C)n[nH]3)s2)cc1,-5.58681,1
CCOC(=O)c1ccc(NS(=O)(=O)c2ccc(-c3ccn[nH]3)s2)cc1,-6.01727,1
CCOC(=O)c1ccc(NS(=O)(=O)c2ccc(CN3C(=O)c4cccnc4C3=O)s2)cc1,-5.94651,1
CCOC(=O)c1ccc(NS(=O)(=O)c2ccc(NC(C)=O)cc2)cc1,-6.39291,1
CCOC(=O)c1ccc(N[C@@H]2SC(=O)N(c3ccc(C)c(C)c3)C2=O)cc1,-6.18145,1
CCOC(=O)c1ccc(N[C@@H]2SC(=O)N(c3cccc(C)c3)C2=O)cc1,-5.43669,1
CCOC(=O)c1ccc(N[C@@H]2SC(=O)N(c3ccccc3)C2=O)cc1,-7.22589,1
CCOC(=O)c1ccc(N[C@@H]2c3ccccc3C(=O)N2C2CCN(C(=O)OCC)CC2)cc1,-2.95947,1
CCOC(=O)c1ccc(N[C@@H]2c3ccccc3C(=O)N2c2ccc(C)cn2)cc1,-6.53983,1
CCOC(=O)c1ccc(N[C@@H]2c3ccccc3C(=O)N2c2ccc(Cl)cn2)cc1,-6.22426,1
CCOC(=O)c1ccc(N[C@@H]2c3ncccc3C(=O)N2c2ccc(OCC)cc2)cc1,-5.35866,1
CCOC(=O)c1ccc(N[C@H]2SC(=O)N(c3ccc(C)c(C)c3)C2=O)cc1,-6.5539,1
CCOC(=O)c1ccc(N[C@H]2SC(=O)N(c3ccccc3)C2=O)cc1,-7.72717,1
CCOC(=O)c1ccc(N[C@H]2c3ccccc3C(=O)N2c2ccc(C)cn2)cc1,-7.19275,1
CCOC(=O)c1ccc(N[C@H]2c3ccccc3C(=O)N2c2ccccn2)cc1,-6.02464,1
CCOC(=O)c1ccc(N[C@H]2c3ncccc3C(=O)N2c2ccc(OCC)cc2)cc1,-7.30428,1
CCOC(=O)c1ccc(Nc2c(-c3ccc(Cl)cc3)nc3cnccn23)cc1,-7.38309,1
CCOC(=O)c1ccc(Nc2c(-c3ccc(OC)cc3)nc3cnccn23)cc1,-7.36073,1
CCOC(=O)c1ccc(Nc2c(-c3ccc(SC)cc3)nc3[nH]cnn23)cc1,-4.61895,1
CCOC(=O)c1ccc(Nc2c(-c3cccc(Cl)c3)nc3cnccn23)cc1,-6.56207,1
CCOC(=O)c1ccc(Nc2c(-c3cccc(O)c3)nc3cnccn23)cc1,-6.53361,1
CCOC(=O)c1ccc(Nc2c(-c3ccccc3)nc3cnccn23)cc1,-7.22875,1
CCOC(=O)c1ccc(Nc2c([N+](=O)[O-])n[n+](-c3ccc(Cl)cc3)n2O)cc1,-6.25602,1
CCOC(=O)c1ccc(Nc2c([N+](=O)[O-])n[n+](-c3ccc(Cl)cc3)n2[O-])cc1,-6.43821,1
CCOC(=O)c1ccc(Nc2nc(C(=O)OCC)nc3onc(C)c23)cc1,-5.67888,1
CCOC(=O)c1ccc(Nc2nc(N)c(C(=O)c3cc(C)c(C)cc3C)s2)cc1,-6.6138,1
CCOC(=O)c1ccc(Nc2nc(N)c(C(=O)c3cc(C)ccc3C)s2)cc1,-7.0358,1
CCOC(=O)c1ccc(Nc2nc(N)c(C(=O)c3ccc(C)cc3C)s2)cc1,-5.60795,1
CCOC(=O)c1ccc(Nc2nc3ccc(Cl)cc3n3cnnc23)cc1,-5.97994,1
CCOC(=O)c1ccc(Nc2nc3ccccc3n3c(C)nnc23)cc1,-5.26884,1
CCOC(=O)c1ccc(Nc2nn3c(=O)c4cc5c(cc4nc3s2)OCO5)cc1,-3.70255,1
CCOC(=O)c1ccc(Nc2nn3c(=O)c4ccc(C(=O)OC)cc4nc3s2)cc1,-4.22619,1
CCOC(=O)c1ccc(Nc2nn3c(=O)c4ccccc4nc3s2)cc1,-6.02291,1
CCOC(=O)c1ccc(OC(=O)c2cn(-c3cccc(OC)c3)c(=O)c3ccccc23)cc1,-3.63573,1
CCOC(=O)c1ccc(OC[C@@H]2c3cc(OC)c(OC)cc3CCN2C(=O)CC(C)C)cc1,-4.95901,1
CCOC(=O)c1ccc(OC[C@@H]2c3cc(OC)c(OC)cc3CCN2C(=S)NC(C)(C)C)cc1,-3.93714,1
CCOC(=O)c1ccc(OCc2nc(-c3ccc(OC)c(OC)c3)no2)cc1,-6.90172,1
CCOC(=O)c1ccc(S(=O)(=O)NCCOc2ccc(-c3ccc(OC)cc3)nn2)cc1,-5.30122,1
CCOC(=O)c1ccc([N-]C(=O)c2nc(SC)ncc2Cl)cc1,-4.16259,1
CCOC(=O)c1ccc([N-]C(=O)c2nc(SCC)ncc2Cl)cc1,-3.94544,1
CCOC(=O)c1ccc([N-]S(=O)(=O)c2c(C)[nH]c(C)c2C(=O)OCC)cc1,-0.824599,1
CCOC(=O)c1ccc([N-]S(=O)(=O)c2c(C)nc3sc(C)cn3c2=O)cc1,-5.98708,1
CCOC(=O)c1ccc([N-]S(=O)(=O)c2cc(-c3c(C)noc3C)ccc2C)cc1,-4.25799,1
CCOC(=O)c1ccc([N-]S(=O)(=O)c2cc(-c3cc(C)no3)ccc2OC)cc1,-4.00501,1
CCOC(=O)c1ccc([N-]S(=O)(=O)c2cc(-c3cnc(C)o3)ccc2C)cc1,-5.5981,1
CCOC(=O)c1ccc([N-]S(=O)(=O)c2cc(-c3noc(CC)n3)ccc2C)cc1,-6.23137,1
CCOC(=O)c1ccc([N-]S(=O)(=O)c2cc(-c3noc(CC)n3)sc2C)cc1,-3.47926,1
CCOC(=O)c1ccc([N-]S(=O)(=O)c2cc(-c3onc(C)c3C)ccc2OC)cc1,-5.90202,1
CCOC(=O)c1ccc([N-]S(=O)(=O)c2cc(C(=O)OCC)[nH]n2)cc1,-7.32247,1
CCOC(=O)c1ccc([N-]S(=O)(=O)c2cc3c(cc2Br)CCN3C(=O)C2CC2)cc1,-1.50864,1
CCOC(=O)c1ccc([N-]S(=O)(=O)c2ccc(-c3cc(C(F)(F)F)[nH]n3)s2)cc1,-6.17824,1
CCOC(=O)c1ccc([N-]S(=O)(=O)c2ccc(-c3cc(C(F)(F)F)n[nH]3)s2)cc1,-5.05009,1
CCOC(=O)c1ccc([N-]S(=O)(=O)c2ccc(-c3cc(C)[nH]n3)s2)cc1,-6.43938,1
CCOC(=O)c1ccc([N-]S(=O)(=O)c2ccc(-c3cc(C)no3)cc2OC)cc1,-4.62196,1
CCOC(=O)c1ccc([N-]S(=O)(=O)c2ccc(-c3cc[nH]n3)s2)cc1,-5.49762,1
CCOC(=O)c1ccc([N-]S(=O)(=O)c2ccc(-c3ccn[nH]3)s2)cc1,-5.93146,1
CCOC(=O)c1ccc2[nH+]cc(C(=O)OCC)c(NCCCOC(=O)C(C)C)c2c1,-4.39351,1
CCOC(=O)c1ccc2[nH+]cc(C(=O)OCC)c(NCCCOC(=O)c3cccs3)c2c1,-4.2885,1
CCOC(=O)c1ccc2[nH]/c(=N\C(=O)c3nn(-c4ccc(Cl)cc4)ccc3=O)sc2c1,-4.98699,1
CCOC(=O)c1ccc2[nH]/c(=N\C(=O)c3nn(-c4ccc(F)cc4)ccc3=O)sc2c1,-4.77109,1
CCOC(=O)c1ccc2[nH]/c(=N\C(=O)c3nn(-c4ccc(OC)cc4)ccc3=O)sc2c1,-4.8678,1
CCOC(=O)c1ccc2[nH]/c(=N\C(=O)c3nn(-c4ccccc4)ccc3=O)sc2c1,-4.94649,1
CCOC(=O)c1ccc2[nH]c(CSCC(=O)Nc3cc(Cl)ccc3OC)cc(=O)c2c1,-2.9911,1
CCOC(=O)c1ccc2[nH]c(CSCC(=O)Nc3ccc(OCC)cc3)cc(=O)c2c1,-2.70008,1
CCOC(=O)c1ccc2[nH]c(CSCC(=O)Nc3ccccc3C)cc(=O)c2c1,-6.268,1
CCOC(=O)c1ccc2[nH]c(CSCC(=O)Nc3ccccc3CC)cc(=O)c2c1,-4.56277,1
CCOC(=O)c1ccc2[nH]c(CSCC(=O)Nc3ccccc3Cl)cc(=O)c2c1,-4.76016,1
CCOC(=O)c1ccc2[nH]c(CSc3nnc(-c4ccccc4)n3C)cc(=O)c2c1,-6.50601,1
CCOC(=O)c1ccc2c(c1)C(=O)N(c1cccc(C)c1)C2=O,-5.67297,1
CCOC(=O)c1ccc2nc(NC(=O)c3nn(-c4ccc(F)cc4)ccc3=O)sc2c1,-5.02783,1
CCOC(=O)c1ccc2nc(NC(=O)c3nn(-c4ccccc4)ccc3=O)sc2c1,-5.21466,1
CCOC(=O)c1ccc2nc([N-]C(=O)c3nn(-c4ccc(Cl)cc4)ccc3=O)sc2c1,-5.93446,1
CCOC(=O)c1ccc2nc([N-]C(=O)c3nn(-c4ccc(F)cc4)ccc3=O)sc2c1,-5.59618,1
CCOC(=O)c1ccc2nc([N-]C(=O)c3nn(-c4ccc(OC)cc4)ccc3=O)sc2c1,-5.29475,1
CCOC(=O)c1ccc2nc([N-]C(=O)c3nn(-c4cccc(Cl)c4)ccc3=O)sc2c1,-5.26456,1
CCOC(=O)c1ccc2nc([N-]C(=O)c3nn(-c4ccccc4)ccc3=O)sc2c1,-6.13368,1
CCOC(=O)c1ccc2ncc(C(=O)OCC)c(NCCCCCO)c2c1,-5.41079,1
CCOC(=O)c1ccc2ncc(C(=O)OCC)c(NCCCOC(=O)c3cccnc3)c2c1,-6.34769,1
CCOC(=O)c1ccc2ncc(C(=O)OCC)c(NCCCOC(=O)c3cccs3)c2c1,-5.09678,1
CCOC(=O)c1ccc2ncc(C(=O)OCC)c(NCCCOC(=O)c3ccncc3)c2c1,-5.64192,1
CCOC(=O)c1cccc(NC(=O)CCS(=O)(=O)c2cc(-c3cc(C)no3)ccc2C)c1,-7.6411,1
CCOC(=O)c1cccc(NC(=O)CCn2nc(C)c(S(=O)(=O)N3CCC(C)CC3)c2C)c1,-4.88086,1
CCOC(=O)c1cccc(NC(=O)CCn2nnc3cc(S(=O)(=O)N4CCCC4)ccc32)c1,-1.98936,1
CCOC(=O)c1cccc(NC(=O)CN2C(=O)C(C)(C)c3cc(C)ccc32)c1,-6.00705,1
CCOC(=O)c1cccc(NC(=O)CN2C(=O)COc3ccc(C(=O)N(CC)CC)cc32)c1,-0.678441,1
CCOC(=O)c1cccc(NC(=O)CSc2nc(=O)[n-]nc2C)c1,-5.93199,1
CCOC(=O)c1cccc(NC(=O)CSc2nc(=O)[nH]nc2C)c1,-5.8284,1
CCOC(=O)c1cccc(NC(=O)C[C@@H](C)S(=O)(=O)c2ccc3c(c2)NC(=O)CS3)c1,-6.59042,1
CCOC(=O)c1cccc(NC(=O)C[C@@H]2C(=O)N(c3ccc(Cl)cc3)C(=O)N2CC(C)C)c1,-5.57627,1
CCOC(=O)c1cccc(NC(=O)C[C@@H]2C(=O)N(c3cccc(OC)c3)C(=O)N2CCC(C)C)c1,-4.90361,1
CCOC(=O)c1cccc(NC(=O)C[C@@H]2C(=O)N(c3ccccc3)C(=O)N2CC(C)C)c1,-5.53596,1
CCOC(=O)c1cccc(NC(=O)C[C@@H]2C(=O)N(c3ccccc3)C(=O)N2Cc2ccco2)c1,-5.29745,1
CCOC(=O)c1cccc(NC(=O)C[C@H](C)S(=O)(=O)c2ccc3c(c2)NC(=O)CS3)c1,-5.6258,1
CCOC(=O)c1cccc(NC(=O)C[C@H]2C(=O)N(c3cccc(OC)c3)C(=O)N2CCOC)c1,-5.52285,1
CCOC(=O)c1cccc(NC(=O)C[C@H]2C(=O)N(c3ccccc3)C(=O)N2Cc2cccs2)c1,-5.50328,1
CCOC(=O)c1cccc(NC(=O)NCc2cccn2Cc2ccccc2)c1,-5.91114,1
CCOC(=O)c1cccc(NC(=O)[C@@H](C)N2C(=O)c3ccccc3C2=O)c1,-6.16632,1
CCOC(=O)c1cccc(NC(=O)[C@H](C(C)C)N2C(=O)c3ccccc3C2=O)c1,-4.65892,1
CCOC(=O)c1cccc(NC(=O)[C@H](C)N2C(=O)c3ccccc3C2=O)c1,-5.70354,1
CCOC(=O)c1cccc(NC(=O)[C@H]2CC[C@H](CNc3c(N4CCCCC4)c(=O)c3=O)CC2)c1,-2.78739,1
CCOC(=O)c1cccc(NC(=O)c2[nH]nc3c2CCc2cc(OC)ccc2-3)c1,-5.35714,1
CCOC(=O)c1cccc(NC(=O)c2c(-c3cccnc3)noc2C)c1,-5.96124,1
CCOC(=O)c1cccc(NC(=O)c2cc3c(s2)-c2ccccc2S(=O)(=O)C3)c1,-4.46211,1
CCOC(=O)c1cccc(NC(=O)c2ccc3c(c2)nnn3C(C)C)c1,-5.39238,1
CCOC(=O)c1cccc(NC(=O)c2ccc3c(c2)nnn3C)c1,-3.04369,1
CCOC(=O)c1cccc(NC(=O)c2ccc3c(c2)nnn3CC)c1,-3.01521,1
CCOC(=O)c1cccc(NC(=O)c2cnc(NCc3ccc4c(c3)OCO4)nc2C)c1,-4.05428,1
CCOC(=O)c1cccc(NC(=O)c2n[nH]c3c2CCc2cc(OC)ccc2-3)c1,-4.83874,1
CCOC(=O)c1cccc(NC(=S)NC(=O)c2ccccc2Cl)c1,-4.12217,1
CCOC(=O)c1cccc(NC2=NS(=O)(=O)C(c3ccc(Cl)cc3)=C2C)c1,-5.6862,1
CCOC(=O)c1cccc(NC2=NS(=O)(=O)C(c3ccccc3)=C2C)c1,-5.50221,1
CCOC(=O)c1cccc(NS(=O)(=O)c2ccc(-c3cc(C(=O)OCC)no3)s2)c1,-1.81589,1
CCOC(=O)c1cccc(Nc2nc(C)nc3oc(C)c(C(=O)OCC)c23)c1,-5.81759,1
CCOC(=O)c1cccc(Nc2nc3ccccc3c3nnc(CC)n23)c1,-7.76699,1
CCOC(=O)c1cccc([N-]S(=O)(=O)c2ccc(-c3cc(C(=O)OCC)no3)s2)c1,-7.5875,1
CCOC(=O)c1ccccc1NC(=O)c1ccc(OC)cc1,-4.29932,1
CCOC(=O)c1ccccc1NC(=O)c1nn(-c2ccc(OC)cc2)c(=O)c2ccccc12,-2.87858,1
CCOC(=O)c1cnc(SC)nc1Nc1ccc(C(=O)[O-])cc1,-5.07919,1
CCOC(=O)c1cnc(SCC(=O)Nc2ccc(F)cc2)nc1N,-5.99643,1
CCOC(=O)c1cnc(SCC(=O)Nc2cccc(C#N)c2)nc1N,-4.97185,1
CCOC(=O)c1cnc(SCC(=O)Nc2cccc(C)c2)nc1N,-4.1757,1
CCOC(=O)c1cnc(SCC(=O)Nc2cccc(Cl)c2)nc1N,-5.67639,1
CCOC(=O)c1cnc(SCC(=O)Nc2cccc(F)c2)nc1N,-4.84115,1
CCOC(=O)c1cnc(SCC(=O)Nc2ccccc2C(F)(F)F)nc1N,-4.40289,1
CCOC(=O)c1cnc(SCC(=O)Nc2ccccc2C)nc1N,-5.53589,1
CCOC(=O)c1cnc(SCC(=O)Nc2ccccc2Cl)nc1N,-5.681,1
CCOC(=O)c1cnc(SCC(=O)Nc2ccccc2F)nc1N,-4.97688,1
CCOC(=O)c1cnc(SCc2ccc(OC)cc2)nc1N,-5.7604,1
CCOC(=O)c1cnc(S[C@@H](CC)C(=O)Nc2ccc(C(=O)OC)cc2)nc1N,-6.7312,1
CCOC(=O)c1cnc(S[C@H](CC)C(=O)Nc2ccc(C(=O)OC)cc2)nc1N,-7.71533,1
CCOC(=O)c1cnc(S[C@H](CC)C(=O)Nc2ccc(OCC)cc2)nc1N,-6.10292,1
CCOC(=O)c1cnc2ccc(OC)cc2c1Nc1ccc(C(C)=O)cc1,-5.53464,1
CCOC(=O)c1cnc2nc(NCc3cccc(Br)c3)nn2c1[O-],-5.18582,1
CCOC(=O)c1cnc2nc(NCc3cccc(OC)c3)nn2c1[O-],-5.38011,1
CCOC(=O)c1cnc2nc(NCc3ccccc3)nn2c1[O-],-5.05612,1
CCOC(=O)c1cnn(-c2ccc(C(=O)NCCCN3CCOCC3)cc2)c1N,-5.04728,1
CCOC(=O)c1cnn(-c2ccc(C(=O)NCCC[NH+]3CCCCC3)cc2)c1N,-5.09316,1
CCOC(=O)c1cnn(-c2ccc(C(=O)NCc3ccc(OC(C)C)cc3)cc2)c1N,-5.8736,1
CCOC(=O)c1cnn2c(C(F)(F)F)cc(-c3ccc(OC)c(OC)c3)nc12,-5.39407,1
CCOC(=O)c1cnn2c(C(F)(F)F)cc(-c3cccs3)nc12,-6.11954,1
CCOC(=O)c1nc(Nc2ccc(Br)cc2)c2c(C)noc2n1,-5.08996,1
CCOC(=O)c1nc(Nc2ccc(C(=O)OC(C)C)cc2)c2ccccc2n1,-3.8823,1
CCOC(=O)c1nc(Nc2ccc(C(=O)OC)cc2)c2ccccc2n1,-7.01751,1
CCOC(=O)c1nc(Nc2ccc(NC(C)=O)cc2)c2c(C)noc2n1,-7.5165,1
CCOC(=O)c1nc(Nc2ccc(OC)cc2)c2c(C)noc2n1,-5.26149,1
CCOC(=O)c1nnc2c(-c3ccc(Br)cc3)c(C)nn2c1C,-4.75229,1
CCOC(=O)c1nnc2c(-c3ccc(Cl)cc3)c(C)nn2c1C,-4.93444,1
CCOC(=O)c1nnn(CC(=O)Nc2cccc(OC)c2)c1C(=O)OCC,-4.84404,1
CCOC(=O)c1noc2ncnc(Nc3ccc(OC)cc3)c12,-4.35196,1
CCOC(=O)c1s/c(=N/S(=O)(=O)c2ccc(C)cc2)[nH]c1C,-4.25286,1
CCOC(=O)c1sc(NC(=O)CCN2C(=O)c3ccccc3C2=O)c(C(=O)OCC)c1C,-4.79345,1
CCOC(=O)c1sc(NC(=O)COc2ccc(CC)cc2)nc1C,-4.50189,1
CCOC(=O)c1sc(NC(=O)c2cc(-c3cccc(O)c3)on2)c(C(=O)OCC)c1C,-4.81514,1
CCOC(=O)c1sc([N-]C(=O)COc2ccc(CC)cc2)nc1C,-0.0588697,1
CCOC(=O)c1sc([N-]C(=O)COc2ccc(Cl)cc2)nc1C,-1.7598,1
CCOC(=O)c1sc([N-]S(=O)(=O)c2ccc(C)cc2)nc1C,-5.76201,1
CCOC(CNC(=O)[C@@H]1CCCN(S(=O)(=O)c2ccc3c(c2)oc(=O)n3C)C1)OCC,-7.03397,1
CCOC(CNC(=O)c1ccc2c(c1)[nH+]c(C)n2-c1ccc(OC)cc1)OCC,-3.25868,1
CCOCCCN1C(=O)c2cc(-c3ccc(OC)cc3)nn2C[C@@]1(C)C(=O)NCc1ccccc1,-4.77636,1
CCOCCCN1C(=O)c2cc(-c3ccc(OC)cc3)nn2C[C@]1(C)C(=O)NCc1ccccc1,-4.14885,1
CCOCCCNC(=O)C1CCN(C(=O)N2C[C@@H](CC)Oc3ccccc32)CC1,-5.04208,1
CCOCCCNC(=O)C1CCN(C(=O)c2cc3sccc3n2Cc2ccc(F)cc2)CC1,-5.86587,1
CCOCCCNC(=O)C1CCN(S(=O)(=O)c2cccs2)CC1,-3.59372,1
CCOCCCNC(=O)C1CCN(c2ccc(-c3cccc(C)c3)nn2)CC1,-6.14097,1
CCOCCCNC(=O)CC1CCN(C(=O)Nc2ccccc2)CC1,-5.65758,1
CCOCCCNC(=O)CCc1cn(-c2ccccc2)nc1-c1ccccc1,-3.33103,1
CCOCCCNC(=O)CN1C(=O)[C@H](CC)Oc2ccccc21,-4.63751,1
CCOCCCNC(=O)CN1C(=O)c2cccc3cccc1c23,-5.40236,1
CCOCCCNC(=O)CN1C(=O)c2ccccc2S1(=O)=O,-6.57599,1
CCOCCCNC(=O)CN1N=C(c2ccc(C)cc2)CCC1=O,-5.06163,1
CCOCCCNC(=O)CN1N=C(c2ccc(OC)cc2)CCC1=O,-6.67123,1
CCOCCCNC(=O)CN1N=C(c2ccccc2)CCC1=O,-5.93457,1
CCOCCCNC(=O)COCc1cc(-c2ccc(F)cc2)on1,-6.43727,1
CCOCCCNC(=O)CSc1nc2nc(C)c(Cc3c(F)cccc3Cl)c(C)n2n1,-7.05424,1
CCOCCCNC(=O)C[C@H]1c2ccccc2CCN1S(=O)(=O)c1ccc(F)cc1,-3.53046,1
CCOCCCNC(=O)Cn1nc(-c2ccccc2)c2ccccc21,-5.23383,1
CCOCCCNC(=O)N1CCN(c2nc3cccnc3s2)CC1,-4.7496,1
CCOCCCNC(=O)Nc1ccc2nc(NC(=O)CC)sc2c1,-2.44149,1
CCOCCCNC(=O)[C@@H]1CC(=O)N(CCc2c[nH]c3ccc(C)cc23)C1,-6.2124,1
CCOCCCNC(=O)[C@@H]1CCN(c2ccc(F)cc2)C1=O,-5.07704,1
CCOCCCNC(=O)[C@@H]1COc2ccc(OC)cc2C1,-4.39427,1
CCOCCCNC(=O)[C@@]1(C)CCC(=O)N1CCc1ccc(C)cc1,-7.13886,1
CCOCCCNC(=O)[C@@]1(C)CCC(=O)N1CCc1ccc(Cl)cc1,-6.27201,1
CCOCCCNC(=O)[C@@]1(C)CCC(=O)N1Cc1ccccc1Cl,-6.46304,1
CCOCCCNC(=O)[C@H]1CCCN(c2ncnc3sc(CC)cc23)C1,-6.07427,1
CCOCCCNC(=O)[C@H]1CC[N@@H+](Cc2nc(-c3cccc(Cl)c3)oc2C)CC1,-5.0851,1
CCOCCCNC(=O)[C@H]1c2c(n(C)c3ccccc23)SCC(=O)N1c1ccc2c(c1)OCO2,-4.79634,1
CCOCCCNC(=O)[C@H]1c2c(n(C)c3ccccc23)SCC(=O)N1c1cccc(OC)c1,-3.96712,1
CCOCCCNC(=O)[C@]1(C)CCC(=O)N1Cc1ccccc1Cl,-3.74823,1
CCOCCCNC(=O)c1c(-c2ccc(Br)cc2)noc1C,-7.03117,1
CCOCCCNC(=O)c1c(-c2ccc(F)cc2)noc1C,-6.4782,1
CCOCCCNC(=O)c1c(-c2ccc(F)cc2F)noc1C,-5.21233,1
CCOCCCNC(=O)c1c(-c2cccc(F)c2)noc1C,-6.66249,1
CCOCCCNC(=O)c1c(-c2ccccc2)noc1C,-5.02259,1
CCOCCCNC(=O)c1c(C)[nH]c(C(=O)OCC)c1C,-3.41037,1
CCOCCCNC(=O)c1c([O-])nc2cc(C)ccn2c1=O,-5.70231,1
CCOCCCNC(=O)c1c[nH]c2ccc(S(=O)(=O)[N-]c3cccc(SC)c3)cc2c1=O,-4.52826,1
CCOCCCNC(=O)c1cc(-c2ccccn2)nc2ccc(C)cc12,-5.36571,1
CCOCCCNC(=O)c1cc(-c2cccnc2)nc2ccc(Br)cc12,-6.50313,1
CCOCCCNC(=O)c1cc(-c2cccnc2)nc2ccc(C)cc12,-6.1647,1
CCOCCCNC(=O)c1cc(-c2cccnc2)nc2ccc(Cl)cc12,-5.9558,1
CCOCCCNC(=O)c1cc(=O)nc2sc(N3CCC[C@@H](C)C3)nn12,-4.46772,1
CCOCCCNC(=O)c1cc(C)nc2ccc(C)cc12,-5.50119,1
CCOCCCNC(=O)c1cc(Sc2ccc(OCC)cc2)nc2ccccc12,-6.36356,1
CCOCCCNC(=O)c1cc(Sc2nnc(C)s2)nc2ccccc12,-6.41295,1
CCOCCCNC(=O)c1cc2c(-c3cccc(OC)c3)nn(C)c2s1,-5.03437,1
CCOCCCNC(=O)c1ccc(-n2ncc(C(=O)OC)c2N)cc1,-4.365,1
CCOCCCNC(=O)c1ccc(CN2CC(=O)N3CCC[C@H]3C2=O)cc1,-4.73809,1
CCOCCCNC(=O)c1ccc(CS(=O)(=O)Cc2ccccc2C)o1,-4.5123,1
CCOCCCNC(=O)c1ccc(C[S@@](=O)Cc2ccc(C)cc2)o1,-5.99627,1
CCOCCCNC(=O)c1ccc(C[S@](=O)Cc2ccc(C)cc2)o1,-7.11435,1
CCOCCCNC(=O)c1ccc(N2CCCC2=O)cc1,-4.27209,1
CCOCCCNC(=O)c1ccc2c(=O)n3nc(Nc4ccccc4OC)sc3nc2c1,-5.61353,1
CCOCCCNC(=O)c1ccc2c(c1)N(CC)C(=O)CS2,-5.96637,1
CCOCCCNC(=O)c1ccc2c(c1)N(CC)CCS2,-6.34258,1
CCOCCCNC(=O)c1ccc2c(c1)N(Cc1cc(C)ccc1C)C(=O)CS2,-7.20302,1
CCOCCCNC(=O)c1ccc2c(c1)N(Cc1ccccc1)C(=O)c1ccccc1[S@]2=O,-5.23196,1
CCOCCCNC(=O)c1ccc2c(c1)[nH+]cn2-c1cccc(C)c1,-2.74244,1
CCOCCCNC(=O)c1ccc2c(c1)[nH+]cn2-c1cccc(Cl)c1,-2.88991,1
CCOCCCNC(=O)c1ccc2c(c1)[nH+]cn2-c1cccc(F)c1,-3.26144,1
CCOCCCNC(=O)c1ccc2c(c1)ncn2-c1cccc(C)c1,-5.17866,1
CCOCCCNC(=O)c1ccc2c(c1)ncn2-c1cccc(Cl)c1,-5.65729,1
CCOCCCNC(=O)c1ccc2c(c1)ncn2-c1cccc(F)c1,-5.07296,1
CCOCCCNC(=O)c1ccc2nc(Cc3ccc(OC)cc3)oc2c1,-5.63428,1
CCOCCCNC(=O)c1ccc2nc(Cc3ccccc3)oc2c1,-5.15185,1
CCOCCCNC(=O)c1ccc2nc(N3CCOCC3)sc2c1,-4.45879,1
CCOCCCNC(=O)c1cccc(-n2c(=S)[nH]c3cc(Cl)ccc3c2=O)c1,-5.4504,1
CCOCCCNC(=O)c1cnc(SC)nc1-c1ccccc1,-6.96477,1
CCOCCCNC(=O)c1cnc2ccc(S(=O)(=O)N(C)c3ccc(F)cc3)cc2c1[O-],-5.424,1
CCOCCCNC(=O)c1cnc2ccc(S(=O)(=O)Nc3ccc(C(C)C)cc3)cc2c1[O-],-5.83594,1
CCOCCCNC(=O)c1cnc2ccc(S(=O)(=O)Nc3cccc(OC)c3)cc2c1[O-],-3.69923,1
CCOCCCNC(=O)c1cnc2sc(N3CCC[C@@H](C)C3)nn2c1=O,-5.97116,1
CCOCCCNC(=O)c1cnc2sc(N3CCC[C@H](C)C3)nn2c1=O,-6.13059,1
CCOCCCNC(=O)c1cnc2scc(-c3ccc(C)cc3)n2c1=O,-5.49453,1
CCOCCCNC(=O)c1cnc2sccn2c1=O,-6.59771,1
CCOCCCNC(=O)c1cnn(-c2ccc(C)cc2)c1-n1cccc1,-5.87656,1
CCOCCCNC(=O)c1cnn2c(C)c(Cc3cc(C)ccc3C)c(C)nc12,-5.52389,1
CCOCCCNC(=O)c1nc(CS(=O)(=O)c2ccc(Cl)cc2)no1,-6.01901,1
CCOCCCNC(=O)c1nc(CS(=O)(=O)c2ccccc2)no1,-6.4095,1
CCOCCCNC(=O)c1nn(-c2ccc(F)cc2)nc1CO,-7.37251,1
CCOCCCNC(=O)c1nnc(C(=O)Nc2ccc(F)cc2)s1,-6.06064,1
CCOCCCNC(=O)c1oc2c(c1C)-c1nn(Cc3ccccc3Cl)cc1CC2,-4.07533,1
CCOCCCNC(=O)c1sc2nc(-c3ccccc3)cn2c1C,-5.36636,1
CCOCCCNC(=O)c1sc2ncccc2c1-n1cccc1,-5.39084,1
CCOCCCNc1nc(NCc2ccc(C)cc2)c2cnn(C)c2n1,-6.17522,1
CCOCCCNc1nc(NCc2ccc(Cl)cc2)c2cnn(C)c2n1,-6.48833,1
CCOCCCNc1nc(Nc2ccc(F)cc2)c2cnn(-c3ccccc3)c2n1,-6.52005,1
CCOCCCNc1nc(Nc2ccccc2)c2cnn(-c3ccccc3)c2n1,-3.93857,1
CCOCCCNc1nc2c(S(=O)(=O)c3ccc(C)c(C)c3)nnn2c2ccccc12,-5.66267,1
CCOCCCNc1ncc2c(n1)C[C@H](c1ccccc1)CC2=O,-5.45068,1
CCOCCCNc1oc(-c2ccc(S(=O)(=O)N3CCc4ccccc4C3)cc2)nc1C#N,-5.22458,1
CCOCCCNc1oc(/C=C/c2cccs2)nc1C#N,-5.7014,1
CCOCCC[N-]c1oc(-c2ccc(S(=O)(=O)N3CCc4ccccc4C3)cc2)nc1C#N,-4.57821,1
CCOCCC[N-]c1oc(/C=C/c2cccs2)nc1C#N,-3.35932,1
CCOCCC[N-]c1sc(S(C)(=O)=O)nc1S(=O)(=O)c1ccc(Cl)cc1,-2.42685,1
CCOCCOC(=O)C1=C(C)NC(=O)N[C@@H]1c1ccc(C)cc1,-5.79252,1
CCOCCOC(=O)C1=C(C)NC(=O)N[C@@H]1c1ccc(OCC)c(OC)c1,-5.09443,1
CCOCCOC(=O)C1=C(C)NC(=O)N[C@@H]1c1cccc(Br)c1,-6.42513,1
CCOCCOC(=O)C1=C(C)NC(=O)N[C@@H]1c1cccc(Cl)c1,-6.52263,1
CCOCCOC(=O)C1=C(C)NC(=O)N[C@@H]1c1cccc(Oc2ccccc2)c1,-6.96378,1
CCOCCOC(=O)C1=C(C)NC(=O)N[C@@H]1c1ccccc1,-6.11046,1
CCOCCOC(=O)C1=C(C)NC(=O)N[C@@H]1c1ccccc1Br,-6.1617,1
CCOCCOC(=O)C1=C(C)NC(=O)N[C@@H]1c1ccccc1OCC,-5.13051,1
CCOCCOC(=O)C1=C(C)NC(=O)N[C@H]1c1cc(Cl)c([O-])c(OC)c1,-3.11153,1
CCOCCOC(=O)C1=C(C)NC(=O)N[C@H]1c1ccc(Br)cc1,-5.43949,1
CCOCCOC(=O)C1=C(C)NC(=O)N[C@H]1c1ccc(F)cc1,-4.21782,1
CCOCCOC(=O)C1=C(C)NC(=O)N[C@H]1c1cccc(O)c1,-5.85799,1
CCOCCOC(=O)C1=C(C)NC(=O)N[C@H]1c1ccccc1OCC,-6.40695,1
CCOCCOC(=O)C1=C(C)NC2=CC(C)(C)CC(O)=C2[C@@H]1c1ccc(OC(C)=O)cc1,1.24327,1
CCOCCOC(=O)C1=C(C)NC2=CC(C)(C)CC(O)=C2[C@H]1c1ccc(OC(C)=O)cc1,2.26204,1
CCOCCOC(=O)C1=C(C)NC2=CC(C)(C)CC([O-])=C2[C@@H]1c1ccc(OC(C)=O)cc1,0.986932,1
CCOCCOC(=O)C1=C(C)NC2=CC(C)(C)CC([O-])=C2[C@H]1c1ccc(O)c(OC)c1,-3.90703,1
CCOCCOC(=O)C1=C(C)NC2=CCCC(O)=C2[C@H]1c1ccc(OC(C)=O)cc1,0.918019,1
CCOCCOC(=O)C1=C(C)NC2=CCCC([O-])=C2[C@H]1c1ccc(OC(C)=O)cc1,-6.45544,1
CCOCCOC(=O)CSc1ncnc2sc3c(c12)CC[C@@H](C)C3,-5.15821,1
CCOCCOC(=O)c1[nH]c2c(c1C)C(=O)C[C@@H](c1ccc(C(C)(C)C)cc1)C2,-5.37302,1
CCOCCOC(=O)c1[nH]c2c(c1C)C(=O)C[C@@H](c1ccc(OC)cc1)C2,-6.36768,1
CCOCCOC(=O)c1[nH]c2c(c1C)C(=O)C[C@@H](c1ccc(OCC)cc1)C2,-5.74855,1
CCOCCOC(=O)c1[nH]c2c(c1C)C(=O)C[C@@H](c1ccccc1Cl)C2,-5.01511,1
CCOCCOC(=O)c1[nH]c2c(c1C)C(=O)C[C@@H](c1cccs1)C2,-5.7398,1
CCOCCOC(=O)c1[nH]c2c(c1C)C(=O)C[C@H](c1cc(OC)c(OC)c(OC)c1)C2,-5.41282,1
CCOCCOC(=O)c1[nH]c2c(c1C)C(=O)C[C@H](c1ccc(C(C)(C)C)cc1)C2,-4.30798,1
CCOCCOC(=O)c1[nH]c2c(c1C)C(=O)C[C@H](c1ccc(OC)cc1)C2,-4.46549,1
CCOCCOC(=O)c1[nH]c2c(c1C)C(=O)C[C@H](c1ccco1)C2,-2.9137,1
CCOCCOC(=O)c1[nH]c2c(c1C)C(=O)C[C@H](c1cccs1)C2,-5.18151,1
CCOCCOC(=O)c1ccc(NC(=O)COc2cc(C)cc(C)c2)cc1,-5.66275,1
CCOCCOC(=O)c1ccc(NC(=O)COc2cc(C)ccc2C(C)C)cc1,-6.40982,1
CCOCCOC(=O)c1ccc(NC(=O)COc2cccc(Br)c2)cc1,-5.23895,1
CCOCCOC(=O)c1ccc(NC(=O)COc2cccc(C)c2)cc1,-5.98661,1
CCOCCOC(=O)c1ccc(NC(=O)c2ccc(OC)c(OC)c2)cc1,-0.683317,1
CCOCCOC(=O)c1ccc(NC(=O)c2ccccc2Br)cc1,-4.31333,1
CCOCCSc1[nH+]cc(CO)n1Cc1ccc(OC)cc1,-4.27724,1
CCOCCc1nn2c(=O)cc(COC(=O)CNC(=O)c3cccc(C)c3)nc2s1,-5.73101,1
CCOCCc1nn2c(=O)cc(COC(=O)CSc3ccccc3)nc2s1,-5.90947,1
CCOCCc1nn2c(=O)cc(COC(=O)c3ccc(NC(=O)c4ccco4)cc3)nc2s1,-5.66177,1
CCOCCc1nn2c(=O)cc(COC(=O)c3ccc4c(c3)OCO4)nc2s1,-5.17021,1
CCOCCc1nn2c(=O)cc(COC(=O)c3cccc(OC)c3)nc2s1,-6.06966,1
CCOCCc1nn2c(=O)cc(COC(=O)c3ccccc3C)nc2s1,-6.24106,1
CCOCCc1nn2c(=O)cc(COC(=O)c3ccccc3NC(=O)C(C)C)nc2s1,-5.08278,1
CCOCCc1nn2c(=O)cc(COC(=O)c3ccccc3NC(=O)c3ccc(F)cc3)nc2s1,-4.9259,1
CCOCCc1nn2c(=O)cc(COC(=O)c3ccccc3NC(=O)c3cccc(C)c3)nc2s1,-5.02838,1
CCOCCc1nn2c(=O)cc(COC(=O)c3ccccc3NC(=O)c3cccs3)nc2s1,-5.45074,1
CCOCCc1nn2c(=O)cc(COC(=O)c3ccccc3NC(C)=O)nc2s1,-4.37046,1
CCOCCc1nn2c(=O)cc(COC(=O)c3ccccc3OC)nc2s1,-6.24038,1
CCOCc1nn2c(=O)c(NC(=O)c3ccccc3Cl)cnc2s1,-5.48768,1
CCOP(=O)(OCC)c1nc(-c2ccc([N+](=O)[O-])cc2)oc1NCc1ccc[nH+]c1,-2.89651,1
CCOP(=O)(OCC)c1nc(-c2ccc([N+](=O)[O-])cc2)oc1[N-]Cc1cccnc1,-2.22253,1
CCOc1c(Cl)cc(CNCCNC(=O)c2nonc2N)cc1OC,-1.18933,1
CCOc1c(Cl)cc(C[NH2+]CCNC(=O)c2nonc2N)cc1OC,-2.01904,1
CCOc1c(Cl)cc(C[NH2+]CCSc2nnnn2C)cc1OC,-3.05453,1
CCOc1cc(-c2[nH]c(C)c(C(C)=O)[n+]2[O-])ccc1OCC(=O)Nc1cccc(C)c1,-3.12152,1
CCOc1cc(-c2noc(CCCC(=O)NC)n2)cc(Br)c1OC,-6.52733,1
CCOc1cc(/C=C/c2ccc3cccc(OC(C)=O)c3n2)ccc1OC(C)=O,3.24014,1
CCOc1cc(C(=O)NCc2ccc3c(c2)CCN3C(=O)CC)cc(OCC)c1OCC,-4.97765,1
CCOc1cc(C(=O)Nc2ccc3nc([N-]S(C)(=O)=O)sc3c2)cc(OCC)c1OCC,-3.90902,1
CCOc1cc(C(=S)N2CCCCC2)ccc1OC(=O)c1ccc([N+](=O)[O-])cc1,-0.864847,1
CCOc1cc(CNC(=O)N[C@@H]2COc3ccc(OC)cc3C2)ccc1OC,-6.14575,1
CCOc1cc(CNCCSc2nnnn2C)cc(Cl)c1OC,-1.84218,1
CCOc1cc(C[NH2+]CCSc2nnnn2C)cc(Cl)c1OC,-2.5757,1
CCOc1cc(OC)cc(-c2ccc3c(NC(=O)CC)n[nH]c3c2)c1,-9.539,1
CCOc1cc([C@@H]2CC(=O)Nc3c2cnn3-c2ccc(F)cc2)ccc1OCC(N)=O,-5.8859,1
CCOc1cc([C@@H]2CC(=O)Nc3c2cnn3-c2cccc(Cl)c2)ccc1OCC(N)=O,-7.77415,1
CCOc1cc([C@@H]2CC(=O)Nc3c2cnn3-c2ccccc2)ccc1OCC(N)=O,-6.37136,1
CCOc1cc([C@@H]2CC(=O)Nc3nc(SC)[n-]c(=O)c32)ccc1OCC(N)=O,-4.60468,1
CCOc1cc([C@@H]2CC(=O)Nc3nc(SC)[nH]c(=O)c32)ccc1OCC(N)=O,-6.65904,1
CCOc1cc([C@@H]2CC(=O)Nc3nc(SCC)[n-]c(=O)c32)ccc1OCC(N)=O,-4.41494,1
CCOc1cc([C@@H]2CC(=O)Nc3nc(SCc4ccccc4F)[n-]c(=O)c32)ccc1OCC(N)=O,-3.28396,1
CCOc1cc([C@@H]2NC(=O)NC(C)=C2C(=O)OCc2ccc(OC)cc2)ccc1O,-5.72631,1
CCOc1cc([C@@H]2SC(NC(C)=O)=NN2C(C)=O)ccc1OC(=O)c1ccc(Cl)cc1,-6.20285,1
CCOc1cc([C@@H]2SC(NC(C)=O)=NN2C(C)=O)ccc1OC(=O)c1ccc(F)cc1,-0.921256,1
CCOc1cc([C@@H]2c3c(-c4ccccc4O)n[nH]c3C(=O)N2CCc2ccc(OC)cc2)ccc1O,-4.56818,1
CCOc1cc([C@H]2/C(=C(/[O-])Nc3ccc(OC)cc3)C(C)=Nc3nc(SC)nn32)ccc1O,-5.47874,1
CCOc1cc([C@H]2CC(=O)N=C3NC(SCc4ccc(C)cc4)=NC([O-])=C32)ccc1OCC(N)=O,-6.34879,1
CCOc1cc([C@H]2CC(=O)N=C3NC(SCc4ccccc4F)=NC([O-])=C32)ccc1OCC(N)=O,-6.79174,1
CCOc1cc([C@H]2CC(=O)Nc3[nH]c(SC)nc(=O)c32)ccc1OCC(N)=O,-6.91711,1
CCOc1cc([C@H]2CC(=O)Nc3c2cnn3-c2ccc(F)cc2)ccc1OCC(N)=O,-8.21767,1
CCOc1cc([C@H]2CC(=O)Nc3nc(SC)[nH]c(=O)c32)ccc1OCC(N)=O,-6.67327,1
CCOc1cc([C@H]2CC(=O)Nc3nc(SC)nc(O)c32)ccc1OCC(N)=O,-4.19719,1
CCOc1cc([C@H]2CC(=O)Nc3nc(SCc4ccc(C)cc4)[n-]c(=O)c32)ccc1OCC(N)=O,-4.77326,1
CCOc1cc([C@H]2CC(=O)Nc3nc(SCc4ccccc4F)[nH]c(=O)c32)ccc1OCC(N)=O,-7.43923,1
CCOc1cc([C@H]2NC(=O)NC(C)=C2C(=O)OCCOC)ccc1O,-6.09397,1
CCOc1cc2c(cc1OCC)[C@H](c1ccc(O)c(OC)c1)NCC2,-4.5984,1
CCOc1cc2c(cc1OCC)[C@H](c1ccc(OC)c(O)c1)NCC2,-5.27598,1
CCOc1ccc(-[n+]2c(SCC(=O)Nc3ccc(C)c(C)c3)nc3[nH]nc(C)c3c2N)cc1,-5.26898,1
CCOc1ccc(-[n+]2c(SCC(=O)Nc3ccccc3OC)nc3[nH]nc(C)c3c2N)cc1,-5.75315,1
CCOc1ccc(-[n+]2c(SCC(=O)Nc3ccccc3OC)nc3n[nH]c(C)c3c2N)cc1,-3.51808,1
CCOc1ccc(-c2c[nH+]c(NCc3ccc(SC)cc3)n2C)cc1,-4.29476,1
CCOc1ccc(-c2cc(-c3nc(-c4ccccc4)no3)n[nH]2)cc1,-5.64588,1
CCOc1ccc(-c2cc(C(=O)N(Cc3ccc(OC)cc3)[C@@H]3CCS(=O)(=O)C3)no2)cc1,-4.23107,1
CCOc1ccc(-c2cc(C(=O)N/N=C/c3c(C)[nH]c4ccccc34)[nH]n2)cc1,-4.35003,1
CCOc1ccc(-c2cc(C(=O)N3CCN(C(=O)c4ccccc4OC)CC3)n[nH]2)cc1,-4.24164,1
CCOc1ccc(-c2cc(C(=O)N3CCN(c4cc(Cl)ccc4C)CC3)n[nH]2)cc1,-4.28224,1
CCOc1ccc(-c2cc(C(=O)NC3CCCCCCC3)n[nH]2)cc1,-5.4397,1
CCOc1ccc(-c2cc(C(=O)NCc3ccc(OC)cc3)no2)cc1,-5.90619,1
CCOc1ccc(-c2cc(C(=O)Nc3ccc(S(=O)(=O)[N-]c4ncccn4)cc3)no2)cc1,-4.52934,1
CCOc1ccc(-c2cc(C(=O)Nc3ccc(S(=O)(=O)[N-]c4nccs4)cc3)no2)cc1,-1.74956,1
CCOc1ccc(-c2cc(C(=O)Nc3cccc(C(C)=O)c3)no2)cc1,-3.38717,1
CCOc1ccc(-c2cc(C(=O)Nc3cccc(C)n3)no2)cc1,-5.5749,1
CCOc1ccc(-c2cc(C(=O)Nc3ccccc3Cl)no2)cc1,-5.86975,1
CCOc1ccc(-c2cc(C(=O)Nc3nc4ccc(S(C)(=O)=O)cc4s3)no2)cc1,-0.865775,1
CCOc1ccc(-c2cc(C(=O)Nc3nnc(C(C)C)s3)no2)cc1,-3.37572,1
CCOc1ccc(-c2cc(C(=O)Nc3nnc(CC(C)C)s3)no2)cc1,0.21063,1
CCOc1ccc(-c2cc(C(=O)Nc3nnc(CC)s3)no2)cc1,-3.28355,1
CCOc1ccc(-c2cc(C(=O)Oc3ccc(Br)cc3)no2)cc1,-3.62399,1
CCOc1ccc(-c2cc(C(=O)[N-]c3nnc(C(C)C)s3)no2)cc1,-6.40903,1
CCOc1ccc(-c2cc(C(=O)[N-]c3nnc(CC)s3)no2)cc1,-5.9358,1
CCOc1ccc(-c2cc(C(=O)[N-]c3nnc(SC)s3)no2)cc1,-6.24203,1
CCOc1ccc(-c2cc(C(=O)[N-]c3nnc(SCC)s3)no2)cc1,-5.15285,1
CCOc1ccc(-c2cc3c(N4CCC(C(=O)N[C@@H](C)c5ccccc5)CC4)nccn3n2)cc1,-3.09581,1
CCOc1ccc(-c2ccc(OCCNC(=O)c3ccc(Br)o3)nn2)cc1,-5.04025,1
CCOc1ccc(-c2ccc(OCCNC(=O)c3ccc(C)c(C)c3)nn2)cc1,-3.16355,1
CCOc1ccc(-c2ccc(OCCNC(=O)c3cccc(OC)c3)nn2)cc1,-2.70161,1
CCOc1ccc(-c2ccc(OCCNC(=O)c3ccccc3Cl)nn2)cc1,-4.94092,1
CCOc1ccc(-c2ccc(OCCNC(=O)c3ccccc3F)nn2)cc1,-5.05187,1
CCOc1ccc(-c2ccc(OCCNC(=O)c3ccccc3I)nn2)cc1,-5.31813,1
CCOc1ccc(-c2ccc(OCCNC(=O)c3ccccc3OCC)nn2)cc1,-3.33064,1
CCOc1ccc(-c2cccc(NS(=O)(=O)c3cc(OC)ccc3OC)c2)nn1,-5.64524,1
CCOc1ccc(-c2cccc(NS(=O)(=O)c3ccc(C)c(C)c3)c2)nn1,-4.87643,1
CCOc1ccc(-c2cccc(NS(=O)(=O)c3ccc(C)cc3)c2)nn1,-3.43603,1
CCOc1ccc(-c2cccc(NS(=O)(=O)c3ccc(CC)cc3)c2)nn1,-2.14888,1
CCOc1ccc(-c2cccc(NS(=O)(=O)c3ccc(OC)cc3OC)c2)nn1,-3.40943,1
CCOc1ccc(-c2cccc(NS(=O)(=O)c3cccc(C)c3)c2)nn1,-5.77712,1
CCOc1ccc(-c2cccc(NS(=O)(=O)c3cccc(F)c3)c2)nn1,-4.48065,1
CCOc1ccc(-c2cccc(NS(=O)(=O)c3ccccc3)c2)nn1,-1.32279,1
CCOc1ccc(-c2cccc([N-]S(=O)(=O)c3cc(C)cc(C)c3)c2)nn1,-3.8028,1
CCOc1ccc(-c2cccc([N-]S(=O)(=O)c3ccc(OC)cc3)c2)nn1,-1.17222,1
CCOc1ccc(-c2nc(-c3cccc(NC(=O)NC(C)C)c3)no2)cc1,-5.46811,1
CCOc1ccc(-c2nc(CN3CCN(S(=O)(=O)c4c(C)cc(C)cc4C)CC3)c(C)o2)cc1,-2.33886,1
CCOc1ccc(-c2nc(CNS(=O)(=O)c3ccccc3)c(C)o2)cc1,-3.14459,1
CCOc1ccc(-c2nc(CSCC(=O)NCc3ccccc3OC)c(C)o2)cc1,-6.42256,1
CCOc1ccc(-c2nc(CSCC(=O)NCc3cccnc3)c(C)o2)cc1,-6.63128,1
CCOc1ccc(-c2nc(CSc3nc(=O)cc(C(F)(F)F)[nH]3)c(C)o2)cc1,-2.44273,1
CCOc1ccc(-c2nc(CSc3nc(=O)cc(C)[nH]3)c(C)o2)cc1,-4.93799,1
CCOc1ccc(-c2nc(CSc3nc(C)c(CCO)c(=O)[n-]3)c(C)o2)cc1,-4.5612,1
CCOc1ccc(-c2nc(CSc3nc(C)c(CCO)c(=O)[nH]3)c(C)o2)cc1,-4.45625,1
CCOc1ccc(-c2nc(Cn3nnc(C(=O)Nc4cc(C)cc(C)c4)c3C)c(C)o2)cc1,-5.15738,1
CCOc1ccc(-c2nc(Cn3nnc(C(=O)Nc4ccccc4)c3C)c(C)o2)cc1,-4.80676,1
CCOc1ccc(-c2nc(NC(=O)Cc3csc(C)n3)sc2C)cc1,-3.58269,1
CCOc1ccc(-c2nc(SCC(=O)NCCCc3ccccc3)n3nc(O)cc3n2)cc1,-5.59032,1
CCOc1ccc(-c2nc(SCC(=O)NCCOC)c(-c3ccccc3)[nH]2)cc1,-6.24054,1
CCOc1ccc(-c2nc(SCC(=O)NCCc3ccc(Cl)cc3)n3nc(O)cc3n2)cc1,-4.71276,1
CCOc1ccc(-c2nc(SCC(=O)Nc3ccc(F)cc3)n3nc(O)cc3n2)cc1,-4.98129,1
CCOc1ccc(-c2nc(SCC(=O)Nc3ccc4c(c3)OCCO4)n3[n-]c(=O)cc3n2)cc1,-4.02171,1
CCOc1ccc(-c2nc3c(c(=O)[nH]2)Cc2cc(Br)cc(OC)c2O3)cc1,-5.06184,1
CCOc1ccc(-c2nc3c(c(=O)[nH]2)Cc2cc(F)ccc2O3)cc1,-6.04125,1
CCOc1ccc(-c2nc3c(c(SC)n2)Cc2ccccc2O3)cc1,-5.51863,1
CCOc1ccc(-c2nc3ccc(OC(C)=O)cc3c(=O)o2)cc1,-5.64661,1
CCOc1ccc(-c2nc3s/c(=C\c4ccc(C(=O)OC)cc4)c(=O)n3n2)cc1,-6.74621,1
CCOc1ccc(-c2nc3s/c(=C\c4ccc(CC)cc4)c(=O)n3n2)cc1,-4.88354,1
CCOc1ccc(-c2nc3s/c(=C\c4ccc(Cl)cc4)c(=O)n3n2)cc1,-3.2947,1
CCOc1ccc(-c2nc3s/c(=C\c4ccc(F)cc4)c(=O)n3n2)cc1,-5.59808,1
CCOc1ccc(-c2nc3s/c(=C\c4cccc(F)c4)c(=O)n3n2)cc1,-4.72011,1
CCOc1ccc(-c2nc3s/c(=C\c4cccc(OC)c4)c(=O)n3n2)cc1,-6.54431,1
CCOc1ccc(-c2nc3s/c(=C\c4ccccc4)c(=O)n3n2)cc1,-6.66944,1
CCOc1ccc(-c2nc3s/c(=C\c4ccccc4Cl)c(=O)n3n2)cc1,-5.08331,1
CCOc1ccc(-c2nc3s/c(=C\c4ccccc4F)c(=O)n3n2)cc1,-5.50671,1
CCOc1ccc(-c2nc3s/c(=C\c4ccccc4[N+](=O)[O-])c(=O)n3n2)cc1,-6.03712,1
CCOc1ccc(-c2nc3s/c(=C\c4cccs4)c(=O)n3n2)cc1,-5.36972,1
CCOc1ccc(-c2nn3c([C@H]4COc5ccccc5O4)nnc3s2)cc1,-5.12521,1
CCOc1ccc(-c2nnc(SCC(=O)N3CCc4ccccc43)o2)cc1,-5.94621,1
CCOc1ccc(-c2nnc(SCC(=O)Nc3cc(C)ccc3OC)o2)cc1,-5.70036,1
CCOc1ccc(-c2nnc(SCC(=O)Nc3ccc(C(C)=O)cc3)o2)cc1,-5.21314,1
CCOc1ccc(-c2nnc(SCC(=O)Nc3ccc(CC)cc3)o2)cc1,-6.00765,1
CCOc1ccc(-c2nnc(SCC(=O)Nc3ccc(F)cc3)o2)cc1,-3.25064,1
CCOc1ccc(-c2nnc(SCC(=O)Nc3cccc(C(C)=O)c3)o2)cc1,-7.19862,1
CCOc1ccc(-c2nnc(SCC(=O)Nc3cccc(OC)c3)o2)cc1,-6.35144,1
CCOc1ccc(-c2nnc(SCc3cc(=O)n4c(C)csc4n3)o2)cc1,-5.34919,1
CCOc1ccc(-c2nnc3ccc(SCC(=O)/N=c4\[nH]nc(C)s4)nn23)cc1,-3.54836,1
CCOc1ccc(-c2nnc3ccc(SCC(=O)[N-]c4nnc(C)s4)nn23)cc1,-2.96508,1
CCOc1ccc(-c2nnc3sc(NC(=O)CCc4ccccc4)nn23)cc1,-5.32981,1
CCOc1ccc(-c2nnc3sc(NC(=O)COc4ccccc4C)nn23)cc1,-4.09641,1
CCOc1ccc(-c2noc(-c3cnc4ccc(F)cc4c3[O-])n2)cc1,-4.59894,1
CCOc1ccc(-c2noc(-c3nnn(-c4ccccc4Cl)c3N)n2)cc1,-5.93176,1
CCOc1ccc(-c2noc(CSc3nnc(-c4cc[nH+]cc4)n3C)n2)cc1,-3.55104,1
CCOc1ccc(-c2noc(CSc3nnc(-c4ccc(Cl)cc4)n3C)n2)cc1,-5.99861,1
CCOc1ccc(-c2noc(CSc3nnc(-c4ccccc4)n3C)n2)cc1,-6.51202,1
CCOc1ccc(-c2noc(CSc3nnc(C)n3-c3ccccc3)n2)cc1,-4.91472,1
CCOc1ccc(-c2nonc2NC(=O)COc2ccc(OC)cc2)cc1,-5.27217,1
CCOc1ccc(-c2nonc2NC(=O)COc2ccccc2Cl)cc1,-5.16818,1
CCOc1ccc(-c2nonc2NC(=O)c2ccc(OC)cc2)cc1C,-6.67716,1
CCOc1ccc(-c2nonc2NC(=O)c2cccc(OC)c2)cc1,-5.275,1
CCOc1ccc(-n2c(=O)[n-]cc(C(=O)Nc3ccc(C(=O)OC)cc3)c2=O)cc1,-3.2911,1
CCOc1ccc(-n2c(=O)[n-]cc(C(=O)Nc3ccc(C(C)=O)cc3)c2=O)cc1,-4.32975,1
CCOc1ccc(-n2c(=O)[n-]cc(C(=O)Nc3ccc(C(N)=O)cc3)c2=O)cc1,-6.56451,1
CCOc1ccc(-n2c(=O)[n-]cc(C(=O)Nc3ccccc3Cl)c2=O)cc1,-2.76792,1
CCOc1ccc(-n2c(=O)[nH]c3c(C(N)=O)nc(-c4ccc(C)cc4)nc32)cc1,-3.47394,1
CCOc1ccc(-n2c(=O)[nH]cc(C(=O)Nc3ccc(C(N)=O)cc3)c2=O)cc1,-7.75732,1
CCOc1ccc(-n2c(=O)[nH]cc(C(=O)Nc3ccc(Cl)cc3)c2=O)cc1,-2.69433,1
CCOc1ccc(-n2c(=O)[nH]cc(C(=O)Nc3cccc(NC(C)=O)c3)c2=O)cc1,-3.15384,1
CCOc1ccc(-n2c(C)c(C(C)=O)c3cc(O)ccc32)cc1,-5.43611,1
CCOc1ccc(-n2c(C)nnc2SCc2nc(-c3ccccc3OCC)no2)cc1,-5.0929,1
CCOc1ccc(-n2c(CSc3ncccn3)nnc2SCC(N)=O)cc1,-7.23077,1
CCOc1ccc(-n2c(CSc3ncccn3)nnc2S[C@@H](C)C(=O)OC)cc1,-5.32721,1
CCOc1ccc(-n2c(CSc3ncccn3)nnc2S[C@@H](CC)C(=O)OC)cc1,-4.08052,1
CCOc1ccc(-n2c(CSc3ncccn3)nnc2S[C@H](C)C(=O)OC)cc1,-4.23416,1
CCOc1ccc(-n2cc(-c3ccccc3)c3c(N(C)C)nc[nH+]c32)cc1,-3.73046,1
CCOc1ccc(-n2cc(-c3ccccc3)c3c(N(C)C)ncnc32)cc1,-2.15005,1
CCOc1ccc(-n2cc(-c3ccccc3)c3c(NCCOCCO)nc[nH+]c32)cc1,-5.55095,1
CCOc1ccc(-n2cc[nH+]c(NCc3ccc(Cl)cc3)c2=O)cc1,-4.34865,1
CCOc1ccc(-n2cc[nH+]c2SCC(=O)NCCc2ccccc2)cc1,-2.6821,1
CCOc1ccc(-n2cc[nH+]c2SCC(=O)NCc2ccc3c(c2)OCO3)cc1,-2.20086,1
CCOc1ccc(-n2ccc(=O)c(C(=O)/N=c3/[nH]nc(CC(C)C)s3)n2)cc1,-3.64765,1
CCOc1ccc(-n2ccc(=O)c(C(=O)Nc3cc(C)ccc3C)n2)cc1,-5.43633,1
CCOc1ccc(-n2ccc(=O)c(C(=O)Nc3ccc(OC)c(Cl)c3)n2)cc1,-4.10315,1
CCOc1ccc(-n2ccc(=O)c(C(=O)Nc3ccc(OC)cc3OC)n2)cc1,-3.4562,1
CCOc1ccc(-n2ccc(=O)c(C(=O)Nc3ccc(S(=O)(=O)N4CCC(C)CC4)cc3)n2)cc1,-4.50009,1
CCOc1ccc(-n2ccc(=O)c(C(=O)Nc3cccnc3)n2)cc1,-5.10352,1
CCOc1ccc(-n2ccc(=O)c(C(=O)Nc3nnc(CC(C)C)s3)n2)cc1,-4.32003,1
CCOc1ccc(-n2ccc(=O)c(C(=O)[N-]c3nc4ccc(Cl)cc4s3)n2)cc1,-3.68871,1
CCOc1ccc(-n2ccc(=O)c(C(=O)[N-]c3nnc(C)s3)n2)cc1,-5.6678,1
CCOc1ccc(-n2ccc(=O)c(C(=O)[N-]c3nnc(CC(C)C)s3)n2)cc1,-4.95115,1
CCOc1ccc(-n2ccn3c(CCCC(=O)Nc4ccc(Cl)cc4)nnc3c2=O)cc1,-4.55301,1
CCOc1ccc(-n2ccn3c(C[C@@H](C)CC(=O)Nc4ccc(F)c(F)c4)nnc3c2=O)cc1,-3.69277,1
CCOc1ccc(-n2ccn3c(C[C@@H](C)CC(=O)Nc4cccc(Cl)c4)nnc3c2=O)cc1,-3.26825,1
CCOc1ccc(-n2ccn3c(C[C@H](C)CC(=O)Nc4cc(OC)cc(OC)c4)nnc3c2=O)cc1,-5.44138,1
CCOc1ccc(-n2ccn3c(C[C@H](C)CC(=O)Nc4ccc(F)c(Cl)c4)nnc3c2=O)cc1,-3.8362,1
CCOc1ccc(-n2ccn3c(SCC(=O)NCc4ccccc4Cl)nnc3c2=O)cc1,-4.36054,1
CCOc1ccc(-n2ccnc(NCCc3ccccc3)c2=O)cc1,-6.38192,1
CCOc1ccc(-n2ccnc(NCc3ccc(C)cc3)c2=O)cc1,-4.96836,1
CCOc1ccc(-n2ccnc(NCc3ccc(Cl)cc3)c2=O)cc1,-6.06926,1
CCOc1ccc(-n2ccnc(NCc3ccc(OC)cc3)c2=O)cc1,-5.26403,1
CCOc1ccc(-n2ccnc(NCc3ccc4c(c3)OCO4)c2=O)cc1,-5.10369,1
CCOc1ccc(-n2ccnc(NCc3ccccc3)c2=O)cc1,-6.21949,1
CCOc1ccc(-n2ccnc(SCc3cccc(Cl)c3)c2=O)cc1,-6.76157,1
CCOc1ccc(-n2ccnc(SCc3cccc([N+](=O)[O-])c3)c2=O)cc1,-6.24968,1
CCOc1ccc(-n2ccnc2SCC(=O)NCCc2ccccc2)cc1,-4.60711,1
CCOc1ccc(-n2ccnc2SCC(=O)Nc2cc(C)on2)cc1,-5.12769,1
CCOc1ccc(-n2nc(C(=O)Nc3cc(OC)c(OC)c(OC)c3)c3ccccc3c2=O)cc1,-5.2219,1
CCOc1ccc(-n2nc(C(=O)Nc3cc(OC)ccc3OC)c3ccccc3c2=O)cc1,-5.70328,1
CCOc1ccc(-n2nc(C(=O)Nc3ccc(OC)c(Cl)c3)c3ccccc3c2=O)cc1,-4.96044,1
CCOc1ccc(-n2nc(C(=O)Nc3ccc(OC)c(OC)c3)c3ccccc3c2=O)cc1,-4.60455,1
CCOc1ccc(-n2nc(CO)c(C(=O)NCCc3ccccc3)n2)cc1,-4.98938,1
CCOc1ccc(-n2nc(CO)c(C(=O)NCc3ccccc3)n2)cc1,-6.67325,1
CCOc1ccc(-n2nc(CO)c(C(=O)NCc3cccnc3)n2)cc1,-4.994,1
CCOc1ccc(-n2nnc(-c3nc(-c4ccccc4C)no3)c2C)cc1,-3.96105,1
CCOc1ccc(-n2nnc(-c3nc(-c4ccccc4Cl)no3)c2N)cc1,-3.80512,1
CCOc1ccc(-n2nnc(-c3nc(-c4ccncc4)no3)c2N)cc1,-5.95597,1
CCOc1ccc(-n2nnc(C(=O)Nc3ccc(Br)cc3)c2C)cc1,-4.11095,1
CCOc1ccc(-n2nnc(C(=O)Nc3ccc(C)c(C)c3)c2C)cc1,-4.91831,1
CCOc1ccc(-n2nnc(C(=O)Nc3ccc(F)c(Cl)c3)c2C)cc1,-5.73655,1
CCOc1ccc(-n2nnc(C(=O)Nc3ccc(F)cc3)c2C)cc1,-5.37762,1
CCOc1ccc(-n2nnc(C(=O)Nc3ccc(S(N)(=O)=O)cc3)c2C)cc1,-3.76537,1
CCOc1ccc(-n2nnc(C(=O)Nc3ccccc3)c2C)cc1,-4.82397,1
CCOc1ccc(-n2nnc(C(=O)OCc3cccc(Cl)c3)c2C)cc1,-4.95861,1
CCOc1ccc(-n2nnc(C(=O)OCc3ccccc3)c2C)cc1,-4.26332,1
CCOc1ccc(-n2nnc(C(=O)OCc3nc(-c4ccc(Cl)cc4)oc3C)c2C)cc1,-5.63408,1
CCOc1ccc(-n2nnc(C(=O)OCc3nc(-c4ccccc4)oc3C)c2C)cc1,-5.89989,1
CCOc1ccc(-n2nnc(C(=O)OCc3nc(-c4ccccc4C)oc3C)c2C)cc1,-5.83282,1
CCOc1ccc(-n2nnc3c(sc4nc(C)cc(COC)c43)c2=O)cc1,-6.18109,1
CCOc1ccc(-n2nnc3c(sc4nc(C)ccc43)c2=O)cc1,-6.62063,1
CCOc1ccc(-n2nnnc2CNC(=O)Cc2ccc(F)cc2)cc1,-5.36712,1
CCOc1ccc(-n2nnnc2CNC(=O)Cc2ccccc2)cc1,-3.38395,1
CCOc1ccc(-n2nnnc2CNC(=O)Nc2ccc(OC)cc2OC)cc1,-4.64832,1
CCOc1ccc(/C=C/c2nc(C#N)c(N3CCN(CC)CC3)o2)cc1,-3.85809,1
CCOc1ccc(/C=N/NC(=O)CN(c2ccc(C)cc2)S(=O)(=O)c2ccccc2)cc1,-0.831488,1
CCOc1ccc(/C=N/NC(=O)CNc2cccc3ccccc23)cc1,-5.55064,1
CCOc1ccc(/C=N/NC(=O)CSc2[nH]c3ccccc3[nH+]2)cc1,-4.70614,1
CCOc1ccc(/C=N/NC(=O)CSc2nc3ccccc3[nH]2)cc1,-6.95008,1
CCOc1ccc(/C=N/NC(=O)c2cc(C)[nH]n2)cc1,-5.34617,1
CCOc1ccc(/C=N/NC(=O)c2cc(C)n[nH]2)cc1,-5.65242,1
CCOc1ccc(/C=N/NC(=O)c2nc(-c3ccccc3)n(-c3ccccc3)n2)cc1,-5.79248,1
CCOc1ccc(/C=N\NC(=O)CN2CCN(Cc3ccccc3)CC2)cc1,-2.73606,1
CCOc1ccc(/C=c2\sc3nnc(-c4cc(OC)c(OC)c(OC)c4)n3c2=O)cc1,-6.61263,1
CCOc1ccc(/C=c2\sc3nnc(-c4ccc(Cl)cc4)n3c2=O)cc1,-6.63866,1
CCOc1ccc(/C=c2\sc3nnc(-c4ccccc4Cl)n3c2=O)cc1,-6.63358,1
CCOc1ccc(Br)cc1C[NH2+]CCSc1nnnn1C,-2.99462,1
CCOc1ccc(C(=O)CSc2nccn(-c3ccc(Br)cc3)c2=O)cc1,-2.851,1
CCOc1ccc(C(=O)CSc2nccn(-c3ccc(C(C)C)cc3)c2=O)cc1,-3.03549,1
CCOc1ccc(C(=O)C[C@]2(O)C(=O)N(CC(N)=O)c3ccccc32)cc1,-5.94902,1
CCOc1ccc(C(=O)N(CCC[NH+](C)C)c2nc3ccc(Cl)cc3s2)cc1,-1.57627,1
CCOc1ccc(C(=O)N(Cc2ccc(C)cc2)c2ccccn2)cc1,-0.95991,1
CCOc1ccc(C(=O)N(Cc2ccc(F)cc2)c2ccccn2)cc1,0.586665,1
CCOc1ccc(C(=O)N(Cc2nc(-c3ccc(OC)cc3)no2)C(C)C)cc1,-5.38376,1
CCOc1ccc(C(=O)N/N=C/c2cc(Br)ccc2OCC)cc1,-5.24172,1
CCOc1ccc(C(=O)N2CCN(S(=O)(=O)c3cc4c(cc3C)NC(=O)[C@H](C)O4)CC2)cc1,-4.24081,1
CCOc1ccc(C(=O)N2CCN(c3ccc(-c4noc(C)n4)cc3)CC2)cc1,-4.13988,1
CCOc1ccc(C(=O)N2N=C(C)C[C@@]2(O)C(F)(F)F)cc1,-5.58968,1
CCOc1ccc(C(=O)N2N=C(C)C[C@]2([O-])C(F)(F)F)cc1,-3.3223,1
CCOc1ccc(C(=O)NCCCCCC(=O)[O-])cc1,-3.22114,1
CCOc1ccc(C(=O)NCCc2csc3nc(-c4ccc(OC)cc4)nn23)cc1,-4.29127,1
CCOc1ccc(C(=O)NCCc2sc(-c3ccccc3)nc2C)cc1,2.25413,1
CCOc1ccc(C(=O)NCCc2sc3nc(-c4ccc(F)cc4)nn3c2C)cc1,-6.25457,1
CCOc1ccc(C(=O)NCCn2c(-c3ccc(F)cc3)nc3cccnc32)cc1,-5.20518,1
CCOc1ccc(C(=O)NC[C@@H](c2ccc(Cl)cc2)N2CCN(C)CC2)cc1,-2.56495,1
CCOc1ccc(C(=O)NC[C@@H](c2ccc(OC)cc2)N2CCCC2)cc1,-2.00861,1
CCOc1ccc(C(=O)NC[C@@H](c2ccc(OC)cc2)N2CCCCC2)cc1,-2.26131,1
CCOc1ccc(C(=O)NC[C@H](c2ccc(OC)cc2)N2CCCC2)cc1,-4.02775,1
CCOc1ccc(C(=O)NC[C@H](c2ccccc2Cl)N2CCCCC2)cc1,-1.62498,1
CCOc1ccc(C(=O)NC[C@H](c2ccco2)N2CCOCC2)cc1,-5.94035,1
CCOc1ccc(C(=O)NC[C@H](c2ccco2)S(=O)(=O)c2cccs2)cc1,-4.77862,1
CCOc1ccc(C(=O)NC[C@H](c2ccco2)[NH+]2CCOCC2)cc1,-3.5804,1
CCOc1ccc(C(=O)NC[C@H](c2cccs2)N2CCOCC2)cc1,-5.38614,1
CCOc1ccc(C(=O)NC[C@H](c2cccs2)S(=O)(=O)c2ccc(F)c(C)c2)cc1,-5.19883,1
CCOc1ccc(C(=O)NCc2cc(=O)n3nc(-c4ccccc4C)sc3n2)cc1,-2.45766,1
CCOc1ccc(C(=O)NCc2csc(-c3ccccc3)n2)cc1,-6.50097,1
CCOc1ccc(C(=O)N[C@@H](C)c2nc(-c3cccc(C)c3)no2)cc1,-6.09099,1
CCOc1ccc(C(=O)N[C@H](C)c2nc(-c3ccccc3Cl)no2)cc1,-3.41517,1
CCOc1ccc(C(=O)Nc2c(C(=O)N3CCN(CC)CC3)oc3ccccc23)cc1,-4.28608,1
CCOc1ccc(C(=O)Nc2c(C(=O)N3CC[NH+](CC)CC3)oc3ccccc23)cc1,-6.23191,1
CCOc1ccc(C(=O)Nc2c3c(nn2-c2ccc(C)cc2C)CS(=O)(=O)C3)cc1,-3.65551,1
CCOc1ccc(C(=O)Nc2c3c(nn2-c2ccc(F)cc2)CS(=O)(=O)C3)cc1,-3.44734,1
CCOc1ccc(C(=O)Nc2cc(C(=O)OCc3cc(=O)n4oc(C)cc4n3)ccc2Cl)cc1,-2.63384,1
CCOc1ccc(C(=O)Nc2cc(OC)c3nc(NC(C)=O)sc3c2)cc1,-1.53674,1
CCOc1ccc(C(=O)Nc2ccc(-c3nc(CC)no3)cc2)cc1,-5.74629,1
CCOc1ccc(C(=O)Nc2ccc(-n3cnnn3)cc2)cc1,-4.83903,1
CCOc1ccc(C(=O)Nc2ccc(-n3nncc3-c3ccc(OC)c(OC)c3)cc2)cc1,-4.51223,1
CCOc1ccc(C(=O)Nc2ccc(C(=O)OC)cc2)cc1Br,-6.4972,1
CCOc1ccc(C(=O)Nc2ccc(C)c(OCc3cc(=O)n4ccc(C)cc4n3)c2)cc1,-4.92682,1
CCOc1ccc(C(=O)Nc2ccc(Nc3nc(N(C)C)cc(C)[nH+]3)cc2)cc1,-2.7519,1
CCOc1ccc(C(=O)Nc2ccc(OC)cc2)cc1Br,-4.86356,1
CCOc1ccc(C(=O)Nc2ccc(OCC)cc2[N+](=O)[O-])cc1,-5.02678,1
CCOc1ccc(C(=O)Nc2ccc3c(c2)CC(=O)N3CC)cc1,-6.24344,1
CCOc1ccc(C(=O)Nc2ccc3c(c2)CCCN3C(=O)CC)cc1,-2.67705,1
CCOc1ccc(C(=O)Nc2ccc3c(c2)c(=O)[n+](C)c2n3CCN2)cc1,-6.39231,1
CCOc1ccc(C(=O)Nc2cccc(OCc3cc(=O)n4c(ncn4C(C)C)[nH+]3)c2)cc1,-1.39525,1
CCOc1ccc(C(=O)Nc2cccc(OCc3cc(=O)n4c(ncn4C(C)C)n3)c2)cc1,-3.25013,1
CCOc1ccc(C(=O)Nc2ccccc2OCc2cc(=O)n3cc(Cl)ccc3n2)cc1,-5.74471,1
CCOc1ccc(C(=O)Nc2nc(-c3ccc(C)cc3)ns2)cc1,-1.67492,1
CCOc1ccc(C(=O)Nc2nc(-c3ccccc3)ns2)cc1,-6.19661,1
CCOc1ccc(C(=O)Nc2nc(-c3cccs3)ns2)cc1,-6.21991,1
CCOc1ccc(C(=O)Nc2nc3c(s2)C[C@H](C)CC3)cc1,-5.22683,1
CCOc1ccc(C(=O)Nc2nc3ccc(OCC)cc3s2)cc1,-5.99327,1
CCOc1ccc(C(=O)Nc2nn3c(-c4ccc(OC)cc4)nnc3s2)cc1,-5.41407,1
CCOc1ccc(C(=O)Nc2nn3c(-c4cccc(F)c4)nnc3s2)cc1,-5.76862,1
CCOc1ccc(C(=O)OCc2cc(=O)n3ccsc3n2)cc1,-6.12734,1
CCOc1ccc(C(=O)Oc2cc(N)n(S(=O)(=O)c3ccc(Cl)cc3)n2)cc1,-3.34884,1
CCOc1ccc(C(=O)Oc2cccc(-n3cnnn3)c2)cc1,-3.49837,1
CCOc1ccc(C(=O)[C@H]2CC(=O)Nc3c2c(C)nn3-c2ccc(CC)cc2)cc1,-3.5817,1
CCOc1ccc(C(=O)[C@H]2CC(=O)Nc3c2c(C)nn3-c2ccc(F)cc2F)cc1,-3.37202,1
CCOc1ccc(C(=O)[C@H]2CC(=O)Nc3c2c(C)nn3-c2cccc(Cl)c2)cc1,-4.78474,1
CCOc1ccc(C(=O)[N-]c2nnc(S(=O)(=O)N3c4ccccc4C[C@H]3C)s2)cc1,-3.64975,1
CCOc1ccc(C(=O)c2sc(Nc3ccc(C)cc3)nc2N)cc1,-4.12706,1
CCOc1ccc(C(=O)c2sc(Nc3ccc(OC)c(Cl)c3)nc2N)cc1,-5.3991,1
CCOc1ccc(C(=O)c2sc(Nc3ccc(OC)cc3)nc2N)cc1,-5.77503,1
CCOc1ccc(C(=O)c2sc(Nc3cccc(C)c3)nc2N)cc1,-6.0399,1
CCOc1ccc(C2=C[C@H](c3cc(OC)ccc3OC)n3ncnc3N2)cc1,-6.92679,1
CCOc1ccc(CC(=O)N2CCC[C@H]2c2cc(C)on2)cc1,-6.98628,1
CCOc1ccc(CC(=O)NCCOc2ccc(-c3ccccc3)nn2)cc1,-3.42266,1
CCOc1ccc(CC(=O)NCCc2csc(-c3ccc(Cl)cc3)n2)cc1,-3.56968,1
CCOc1ccc(CC(=O)NCCc2csc(-c3ccc(F)cc3)n2)cc1,-4.05535,1
CCOc1ccc(CC(=O)NCCc2csc(-c3ccc(OC)cc3)n2)cc1,-3.8475,1
CCOc1ccc(CC(=O)NCCc2csc(-c3ccccc3)n2)cc1,-2.92475,1
CCOc1ccc(CC(=O)NCc2nnnn2-c2ccc(C)c(C)c2)cc1,-6.30837,1
CCOc1ccc(CCNC(=O)CC2CCN(S(=O)(=O)c3ccccc3)CC2)cc1,-5.39129,1
CCOc1ccc(CCNC(=O)CCCN2C(=O)c3cccnc3Sc3ccccc32)cc1,-7.37845,1
CCOc1ccc(CCNC(=O)CNC2=NS(=O)(=O)C(c3ccc(C)c(C)c3)=C2C)cc1,-2.1493,1
CCOc1ccc(CCNC(=O)C[N-]C2=NS(=O)(=O)C(c3ccc(C)c(C)c3)=C2C)cc1,-3.74954,1
CCOc1ccc(CCNC(=O)C[S@@](=O)Cc2nc(-c3ccc(C)cc3)oc2C)cc1,-4.47013,1
CCOc1ccc(CCNC(=O)Cc2ccc(/N=C3\N[C@@H]4CS(=O)(=O)C[C@@H]4S3)cc2)cc1,-2.4967,1
CCOc1ccc(CCNC(=O)Cn2ccc3cc(S(=O)(=O)N4CCC(C)CC4)ccc32)cc1,-3.90629,1
CCOc1ccc(CCNC(=O)[C@H](CC(C)C)N2Cc3ccccc3C2=O)cc1,-3.96156,1
CCOc1ccc(CCNC(=O)[C@H]2CCCN(c3ncnc4c3nc3n4CCCCC3)C2)cc1,-2.55493,1
CCOc1ccc(CCNC(=O)c2c(C)nn(-c3ccc(C)cc3)c2-n2cccc2)cc1,-4.11924,1
CCOc1ccc(CCNC(=O)c2cc(-c3ccc(OC)cc3)n[nH]2)cc1OCC,-3.57683,1
CCOc1ccc(CCNC(=O)c2ccc(C[S@@](=O)c3ccc(Cl)cc3)o2)cc1,-5.02777,1
CCOc1ccc(CCNC(=O)c2ccc(C[S@@](=O)c3ccc(OC)cc3)o2)cc1,-2.59666,1
CCOc1ccc(CCNC(=O)c2ccc(C[S@](=O)c3ccc(C)cc3)o2)cc1,-5.6195,1
CCOc1ccc(CCNC(=O)c2ccc(C[S@](=O)c3ccc(OC)cc3)o2)cc1,-7.5115,1
CCOc1ccc(CCNC(=O)c2ccc(NC3=[NH+][C@@H]4CS(=O)(=O)C[C@@H]4S3)cc2)cc1,-1.43138,1
CCOc1ccc(CCNC(=O)c2ccc3c(c2)N(CC)CCS3)cc1,-5.4224,1
CCOc1ccc(CCNC(=O)c2cccc(-n3c(C)nc4cccnc43)c2)cc1,-6.5164,1
CCOc1ccc(CCNC(=O)c2nn(C)c3c2CS(=O)(=O)c2ccccc2-3)cc1,-0.433952,1
CCOc1ccc(CCNS(=O)(=O)c2ccc(C(=O)[O-])cc2)cc1OCC,-5.04191,1
CCOc1ccc(CN(C(=O)c2nc(SC)ncc2Cl)[C@@H]2CCS(=O)(=O)C2)cc1,-5.22207,1
CCOc1ccc(CN(CC)Cc2cc(=O)n3nc(C4CC4)sc3n2)cc1,-2.83192,1
CCOc1ccc(CN(Cc2ccccc2)Cc2cc(=O)n3ccsc3n2)cc1,-4.37884,1
CCOc1ccc(CN2C(=O)CC[C@]2(C)C(=O)NCCC(C)C)cc1,-6.44693,1
CCOc1ccc(CN2C(=O)c3cc4occc4n3C[C@@]2(C)C(=O)N[C@@H]2CCC[C@@H](C)[C@H]2C)cc1,-5.13329,1
CCOc1ccc(CN2C(=O)c3ccccc3[C@H]2C(=O)NCc2cccnc2)cc1,-5.29315,1
CCOc1ccc(CN2CCN(S(=O)(=O)c3ccc(Cl)cc3)CC2)cc1,-2.85345,1
CCOc1ccc(CNC(=O)C2CCN(S(=O)(=O)c3ccc4c(ccn4C)c3)CC2)cc1,-6.18657,1
CCOc1ccc(CNC(=O)C2CCN(c3ccc(=O)n(-c4ccc(F)cc4)n3)CC2)cc1,-4.14879,1
CCOc1ccc(CNC(=O)CCCn2nc(-n3cccc3)c3c(C)cc(C)nc32)cc1,-3.76872,1
CCOc1ccc(CNC(=O)CCc2c(C)nn(-c3cc(N4CCOCC4)ncn3)c2C)cc1,-2.90035,1
CCOc1ccc(CNC(=O)CCc2ccc3nc(NC(C)=O)sc3c2)cc1,-7.7219,1
CCOc1ccc(CNC(=O)CCn2c(=O)oc3ccccc32)cc1,-7.0435,1
CCOc1ccc(CNC(=O)CCn2nc(C)c(S(=O)(=O)N3CCC(C)CC3)c2C)cc1,-5.53277,1
CCOc1ccc(CNC(=O)CCn2nnc3cc(S(=O)(=O)N(C)C)ccc32)cc1,-2.11132,1
CCOc1ccc(CNC(=O)CN2C[C@@H](C)Sc3ccccc32)cc1,-4.04791,1
CCOc1ccc(CNC(=O)CSCc2nnc(C(=O)Nc3cccc(F)c3)s2)cc1,-4.59978,1
CCOc1ccc(CNC(=O)C[C@@H](C)n2cccn2)cc1,-2.81353,1
CCOc1ccc(CNC(=O)C[C@H](C)n2cccn2)cc1,-4.57919,1
CCOc1ccc(CNC(=O)N[C@H]2COc3ccccc3C2)cc1,-4.30866,1
CCOc1ccc(CNC(=O)[C@@H](C)n2nc(C)c3ccccc32)cc1,-6.96971,1
CCOc1ccc(CNC(=O)[C@@H]2CCN(c3ccc(Cl)cc3)C2=O)cc1,-5.43686,1
CCOc1ccc(CNC(=O)[C@@H]2CCN(c3ccccc3)C2=O)cc1,-5.71078,1
CCOc1ccc(CNC(=O)[C@H]2CCCN(c3[nH+]c4c(C)cc(C)cc4s3)C2)cc1,-0.755207,1
CCOc1ccc(CNC(=O)[C@H]2CCCN(c3nc4ccc(Cl)cc4[nH]3)C2)cc1,-3.31341,1
CCOc1ccc(CNC(=O)[C@H]2Cc3cc(S(=O)(=O)N4CCOCC4)ccc3N2C(C)=O)cc1,-0.505785,1
CCOc1ccc(CNC(=O)c2c(C)nn(-c3ccc(C)cc3)c2-n2cccc2)cc1,-6.54909,1
CCOc1ccc(CNC(=O)c2cc3c(-c4cccc(OC)c4)nn(C)c3s2)cc1,-3.24584,1
CCOc1ccc(CNC(=O)c2cc3c(Cl)ccc4c3n2CCO4)cc1,-4.09381,1
CCOc1ccc(CNC(=O)c2cc3cc4ccc(OC)cc4[nH+]c3s2)cc1,-4.12526,1
CCOc1ccc(CNC(=O)c2cc3cc4ccc(OC)cc4nc3o2)cc1,-6.38044,1
CCOc1ccc(CNC(=O)c2cc3n(n2)CCCN(Cc2ccc(Cl)cc2)C3=O)cc1,-3.29468,1
CCOc1ccc(CNC(=O)c2cc3n(n2)CCCN(Cc2cccc(F)c2)C3=O)cc1,-3.71268,1
CCOc1ccc(CNC(=O)c2cc3n(n2)C[C@@](C)(C(=O)NC2CCCC2)N(CC)C3=O)cc1,-7.36525,1
CCOc1ccc(CNC(=O)c2cc3n(n2)C[C@@](C)(C(=O)NC2CCCCC2)N(C)C3=O)cc1,-6.32823,1
CCOc1ccc(CNC(=O)c2cc3n(n2)C[C@](C)(C(=O)NC2CCCC2)N(CC)C3=O)cc1,-5.30863,1
CCOc1ccc(CNC(=O)c2cc3n(n2)C[C@](C)(C(=O)NC2CCCCC2)N(C)C3=O)cc1,-5.27814,1
CCOc1ccc(CNC(=O)c2cc3n(n2)C[C@](C)(C(=O)NCc2ccc(C)cc2)N(C)C3=O)cc1,-7.5817,1
CCOc1ccc(CNC(=O)c2cc3n(n2)C[C@](C)(C(=O)NCc2ccc(F)cc2)N(C)C3=O)cc1,-7.92601,1
CCOc1ccc(CNC(=O)c2cc3oc4ccccc4c3n2CC)cc1,-6.30363,1
CCOc1ccc(CNC(=O)c2ccc(C[S@@](=O)Cc3ccc(Cl)cc3)o2)cc1,-6.68856,1
CCOc1ccc(CNC(=O)c2ccc(C[S@](=O)Cc3ccc(C)cc3)o2)cc1,-7.78362,1
CCOc1ccc(CNC(=O)c2ccc(C[S@](=O)c3ccc(Cl)cc3)o2)cc1,-3.02484,1
CCOc1ccc(CNC(=O)c2ccc3nc(C(C)C)oc3c2)cc1,-6.88953,1
CCOc1ccc(CNC(=O)c2ccc3nc(N4CCCCC4)sc3c2)cc1,-3.7125,1
CCOc1ccc(CNC(=O)c2cnc3sccn3c2=O)cc1,-6.14846,1
CCOc1ccc(CNC(=O)c2cnn(-c3ccc(Br)cc3)c2)cc1,-4.78046,1
CCOc1ccc(CNC(=O)c2cnn(-c3ccc(F)cc3)c2-n2cccc2)cc1,-4.29013,1
CCOc1ccc(CNC(=O)c2nccn2Cc2ccc(Cl)cc2)cc1,-4.0061,1
CCOc1ccc(CNC(=O)c2nnc(C(=O)Nc3ccc(F)cc3)s2)cc1,-3.4909,1
CCOc1ccc(CNC2=NS(=O)(=O)C(c3ccc(F)cc3)=C2C)cc1,-2.57677,1
CCOc1ccc(CNCc2c(C(=O)[O-])c(C)n(Cc3ccc(F)cc3)c2C)cc1,-7.26818,1
CCOc1ccc(CNCc2c(C(=O)[O-])c(C)n(Cc3ccccc3)c2C)cc1,-6.29065,1
CCOc1ccc(CNS(=O)(=O)c2ccc3c(c2)NC(=O)CCS3)cc1,-5.15302,1
CCOc1ccc(CNc2nc3[nH]c(CC(=O)OC)cc(=O)n3n2)cc1,-2.03599,1
CCOc1ccc(CNc2nc3[nH]c4c(c(=O)n3n2)CCC4)cc1,-4.22185,1
CCOc1ccc(CNc2nc3nc(C)c(Cl)c(C)n3n2)cc1,-5.60517,1
CCOc1ccc(CNc2nc3nc(CC(=O)OC)cc([O-])n3n2)cc1,-6.21748,1
CCOc1ccc(CNc2nc3nc(CC)cc([O-])n3n2)cc1,-4.85857,1
CCOc1ccc(C[N@@H+](CC)Cc2cc(=O)n3nc(C4CC4)sc3n2)cc1,-5.80463,1
CCOc1ccc(C[N@H+]2CCc3nc(Nc4ccc(F)cc4F)ncc3C2)cc1,-3.75751,1
CCOc1ccc(C[N@H+]2CCc3nc(Nc4cccc(OC)c4)ncc3C2)cc1,-4.59429,1
CCOc1ccc(C[NH+]2CCN(C(=O)c3cccc(OC)c3)CC2)cc1,-5.07476,1
CCOc1ccc(C[NH+]2CCN(S(=O)(=O)c3ccc([N+](=O)[O-])cc3)CC2)cc1,-3.86537,1
CCOc1ccc(C[NH2+]Cc2c(C(=O)O)c(C)n(Cc3cccc(F)c3)c2C)cc1,-5.63269,1
CCOc1ccc(Cl)cc1CNCCNC(=O)c1nonc1N,-0.674506,1
CCOc1ccc(Cn2c(CNS(=O)(=O)c3ccc4c(c3)CCCC4)nc3cccnc32)cc1,-4.35647,1
CCOc1ccc(N(C(=O)c2cccnc2)S(=O)(=O)c2ccc3c(c2)oc(=O)n3C)cc1,-3.35992,1
CCOc1ccc(N(C)S(=O)(=O)c2ccc3[nH]cc(C(=O)N[C@@H](C)CC)c(=O)c3c2)cc1,-2.79651,1
CCOc1ccc(N(C)S(=O)(=O)c2ccc3ncc(C(=O)N[C@@H](C)CC)c([O-])c3c2)cc1,0.856777,1
CCOc1ccc(N(CC)C(=O)c2nn(C)c3c2COc2ccccc2-3)cc1,-4.0657,1
CCOc1ccc(N(Cc2nc3[nH]c(C)cc(=O)n3n2)C(=O)c2cccc([N+](=O)[O-])c2)cc1,-3.18305,1
CCOc1ccc(N(Cc2nc3nc(C)cc(C)n3n2)C(=O)c2cccc(C)c2)cc1,-3.83087,1
CCOc1ccc(N/C(NCCc2c(C)nn(C)c2C)=[NH+]/C(=O)c2ccc(C)c(F)c2)cc1,-4.20607,1
CCOc1ccc(N/C(NCCc2c(C)nn(CC)c2C)=[NH+]/C(=O)c2ccc(OC)cc2)cc1,-5.09224,1
CCOc1ccc(N/C(NCCc2c[nH]c3ccccc23)=[NH+]/C(=O)c2cccc(N(C)C)c2)cc1,-1.29222,1
CCOc1ccc(N/C(NCc2c(C)nn(C)c2C)=[NH+]/C(=O)c2ccc(NC(C)=O)cc2)cc1,-0.116131,1
CCOc1ccc(N/C(NCc2c(C)nn(C)c2C)=[NH+]/C(=O)c2ccc(OC)cc2)cc1,-5.57704,1
CCOc1ccc(N/C(NCc2c(C)nn(C)c2C)=[NH+]/C(=O)c2ccc(OCC)c(OCC)c2)cc1,-3.04692,1
CCOc1ccc(N/C(NCc2c(C)nn(C)c2C)=[NH+]\C(=O)c2ccc(NC(C)=O)cc2)cc1,-1.85543,1
CCOc1ccc(N/C(NCc2ccncc2)=[NH+]/C(=O)c2ccc(OC)c(OC)c2)cc1,-4.39344,1
CCOc1ccc(N/C=C2/C(=O)N(c3ccc(OC)cc3)C(=O)c3ccccc32)cc1,-5.9531,1
CCOc1ccc(N2C(=O)CSc3c(c4ccccc4n3C)[C@H]2C(=O)NCCC(C)C)cc1,-4.22122,1
CCOc1ccc(N2C(=O)C[C@@H](Cc3ccc(OC)cc3)C2=O)cc1,-6.43408,1
CCOc1ccc(N2C(=O)C[C@@H](N3CCC(C(N)=O)CC3)C2=O)cc1,-7.38557,1
CCOc1ccc(N2C(=O)C[C@@H](N3CC[NH+](Cc4ccc5c(c4)OCO5)CC3)C2=O)cc1,-5.4701,1
CCOc1ccc(N2C(=O)C[C@@H](NCc3ccc(Cl)cc3)C2=O)cc1,-5.0435,1
CCOc1ccc(N2C(=O)C[C@@H](NCc3ccc(OC(F)(F)F)cc3)C2=O)cc1,-3.36246,1
CCOc1ccc(N2C(=O)C[C@@H](NCc3ccc(OC)cc3)C2=O)cc1,-4.98629,1
CCOc1ccc(N2C(=O)C[C@@H]([N@H+]3CC[C@H](C(N)=O)CC3)C2=O)cc1,-8.30797,1
CCOc1ccc(N2C(=O)C[C@@H]([NH2+]CCc3ccccc3F)C2=O)cc1,-4.04039,1
CCOc1ccc(N2C(=O)C[C@@H]([NH2+]Cc3ccccc3)C2=O)cc1,-3.07053,1
CCOc1ccc(N2C(=O)C[C@H](N(CCc3ccccc3)C(C)=O)C2=O)cc1,-4.49146,1
CCOc1ccc(N2C(=O)C[C@H](N3CCC(C(N)=O)CC3)C2=O)cc1,-6.77002,1
CCOc1ccc(N2C(=O)C[C@H](N3CCC(C)CC3)C2=O)cc1,-3.47081,1
CCOc1ccc(N2C(=O)C[C@H]([N@H+]3CC[C@H](C(=O)OCC)CC3)C2=O)cc1,-5.97641,1
CCOc1ccc(N2C(=O)C[C@H]([N@H+]3CC[C@H](C(N)=O)CC3)C2=O)cc1,-7.74923,1
CCOc1ccc(N2C(=O)C[C@H]([NH+]3CCN(c4cccc(C(F)(F)F)c4)CC3)C2=O)cc1,-3.76188,1
CCOc1ccc(N2C(=O)C[C@H]([NH2+]Cc3ccc(OC(F)(F)F)cc3)C2=O)cc1,-2.74468,1
CCOc1ccc(N2C(=O)C[C@H]([NH2+]Cc3ccc(OC)cc3)C2=O)cc1,-5.27237,1
CCOc1ccc(N2C(=O)N(Cc3ccc(C#N)cc3)c3ccccc3S2(=O)=O)cc1,-2.71623,1
CCOc1ccc(N2C(=O)N(Cc3cccc(C#N)c3)[C@@H]3CS(=O)(=O)C[C@@H]32)cc1,-5.24967,1
CCOc1ccc(N2C(=O)N(Cc3cccc(C(F)(F)F)c3)[C@@H]3CS(=O)(=O)C[C@@H]32)cc1,-4.81659,1
CCOc1ccc(N2C(=O)N(Cc3cccc(Cl)c3)[C@H]3CS(=O)(=O)C[C@H]32)cc1,-5.53896,1
CCOc1ccc(N2C(=O)N(Cc3cccc(OC)c3)[C@@H]3CS(=O)(=O)C[C@@H]32)cc1,-4.95687,1
CCOc1ccc(N2C(=O)N(Cc3cccc([N+](=O)[O-])c3)[C@@H]3CS(=O)(=O)C[C@@H]32)cc1,-5.37632,1
CCOc1ccc(N2C(=O)N(Cc3ccccc3Cl)[C@H]3CS(=O)(=O)C[C@H]32)cc1,-6.01035,1
CCOc1ccc(N2C(=O)c3cc(C(=O)OC)nn3C[C@@]2(C)C(=O)NC2CCCCCC2)cc1,-4.97499,1
CCOc1ccc(N2C(=O)c3cccnc3[C@H]2Nc2ccc(C#N)cc2)cc1,-6.55419,1
CCOc1ccc(N2C(=O)c3cccnc3[C@H]2Nc2ccc(C)c(C)c2)cc1,-4.98547,1
CCOc1ccc(N2C(=O)c3cccnc3[C@H]2Nc2ccc(C)cc2)cc1,-6.18758,1
CCOc1ccc(N2C=C3[C@@H](C2=O)[C@H](c2ccccc2)NC(=O)N3C)cc1,-1.25939,1
CCOc1ccc(N2CC(=O)C(c3nc4ccccc4n3C)=C2N)cc1,-5.99988,1
CCOc1ccc(N2CCn3c(SCC(=O)Nc4ccc(C(C)=O)cc4)nnc32)cc1,-4.87587,1
CCOc1ccc(N2CCn3c(SCC(=O)c4ccc(OC)cc4)nnc32)cc1,-5.1917,1
CCOc1ccc(N2CCn3c(SCc4ccccc4)nnc32)cc1,-3.88233,1
CCOc1ccc(N2C[C@@H](C(=O)Nc3ccc(NC(C)=O)cc3)CC2=O)cc1,-4.512,1
CCOc1ccc(N2C[C@@H](c3nc(-c4ccc(OC)cc4OC)no3)CC2=O)cc1,-4.71088,1
CCOc1ccc(N2C[C@@]([O-])(c3cccc([N+](=O)[O-])c3)[N+]3=C2SCCC3)cc1,-3.48031,1
CCOc1ccc(N2C[C@H](C(=O)NCCc3ccccc3)CC2=O)cc1,-3.56715,1
CCOc1ccc(N2C[C@H](NC(=O)c3ccc4c(c3)OCO4)CC2=O)cc1,-5.8727,1
CCOc1ccc(N2C[C@H](NC(=O)c3cccs3)CC2=O)cc1,-5.37719,1
CCOc1ccc(N2C[C@H](c3nc(-c4ccc(OC)cc4)no3)CC2=O)cc1,-4.70532,1
CCOc1ccc(N2C[C@H](c3nc(-c4cccc(C)c4)no3)CC2=O)cc1,-4.56686,1
CCOc1ccc(N2C[C@H](c3nc(-c4cccc(OC)c4OC)no3)CC2=O)cc1,-4.96079,1
CCOc1ccc(N2C[C@H](c3nc(-c4ccccc4Cl)no3)CC2=O)cc1,-6.23609,1
CCOc1ccc(NC(=O)C2CCN(S(=O)(=O)Cc3ccccc3C)CC2)cc1,-2.40724,1
CCOc1ccc(NC(=O)CCCc2nc(-c3ccc(OC)cc3)no2)cc1,-4.69136,1
CCOc1ccc(NC(=O)CCCc2nc(-c3ccccc3)no2)cc1,-4.60027,1
CCOc1ccc(NC(=O)CCCc2nc(-c3ccco3)no2)cc1,-5.40552,1
CCOc1ccc(NC(=O)CCCc2nc3cccnc3n2CCOC)cc1,-5.41953,1
CCOc1ccc(NC(=O)CCN2CCN(CCO)CC2)cc1,-5.46048,1
CCOc1ccc(NC(=O)CCN2CCN(c3ccccc3)CC2)cc1,-4.15997,1
CCOc1ccc(NC(=O)CCN2CC[NH+](CCO)CC2)cc1,-6.96361,1
CCOc1ccc(NC(=O)CCNS(=O)(=O)c2ccc3c(c2)CCN3C(=O)C2CC2)cc1,4.29545,1
CCOc1ccc(NC(=O)CCS(=O)(=O)c2ccc3c(c2)NC(=O)CO3)cc1,-6.50711,1
CCOc1ccc(NC(=O)CCS(=O)(=O)c2ccc3c(c2)oc(=O)n3C)cc1,-6.80663,1
CCOc1ccc(NC(=O)CC[NH+]2CCN(CCO)CC2)cc1,-6.13077,1
CCOc1ccc(NC(=O)CCc2c(C)nc3ncnn3c2C)cc1,-4.738,1
CCOc1ccc(NC(=O)CCc2c(C)nn3cnnc3c2C)cc1,-4.03108,1
CCOc1ccc(NC(=O)CCc2nc(-c3cccc(C)c3)no2)cc1,-5.90746,1
CCOc1ccc(NC(=O)CCc2nc(-c3ccccc3)no2)cc1,-4.97629,1
CCOc1ccc(NC(=O)CCc2nc(-c3ccccc3Cl)no2)cc1,-5.94203,1
CCOc1ccc(NC(=O)CCc2nc(-c3ccccc3F)no2)cc1,-5.62347,1
CCOc1ccc(NC(=O)CCc2nc(-c3ccccn3)no2)cc1,-5.45386,1
CCOc1ccc(NC(=O)CCc2nc(-c3cccnc3)no2)cc1,-5.07004,1
CCOc1ccc(NC(=O)CCc2nc(-c3cccs3)no2)cc1,-2.50169,1
CCOc1ccc(NC(=O)CCc2nnc(C(=O)Nc3ccc(OC)cc3)s2)cc1,-3.70532,1
CCOc1ccc(NC(=O)CCc2nnc(C(=O)Nc3ccccc3)s2)cc1,-5.21002,1
CCOc1ccc(NC(=O)CCn2c(=S)oc3ccccc32)cc1,-5.92815,1
CCOc1ccc(NC(=O)CN(C)S(=O)(=O)c2ccc3c(c2)C[C@@H](C)N3C(=O)C2CC2)cc1,-2.20865,1
CCOc1ccc(NC(=O)CN2C(=O)C(c3ccc(F)cc3)=NC2(C)C)cc1,-2.8959,1
CCOc1ccc(NC(=O)COCc2cc(-c3cccs3)on2)cc1,-4.16988,1
CCOc1ccc(NC(=O)COc2cc(CSc3nc(C)cs3)[nH+]cc2OC)cc1,-3.51509,1
CCOc1ccc(NC(=O)COc2ccc(-c3nc(CC)no3)cc2)cc1,-5.102,1
CCOc1ccc(NC(=O)CSC2=NC3(CCN(C)CC3)N=C2c2ccc(F)cc2)cc1,-2.45777,1
CCOc1ccc(NC(=O)CSC2=NC3(CCN(C)CC3)N=C2c2ccccc2)cc1,-2.20753,1
CCOc1ccc(NC(=O)CSC2=N[C@]3(CC[N@@H+](C)CC3)N=C2c2ccccc2)cc1,-4.70533,1
CCOc1ccc(NC(=O)CSC2=N[C@]3(CC[N@H+](C)CC3)N=C2c2ccc(F)cc2)cc1,-4.51466,1
CCOc1ccc(NC(=O)CSC2=N[C@]3(CC[N@H+](C)CC3)N=C2c2ccccc2)cc1,-4.46286,1
CCOc1ccc(NC(=O)CSCc2cc(=O)c3cc(Cl)ccc3[nH]2)cc1,-6.86242,1
CCOc1ccc(NC(=O)CSCc2cc(=O)c3cc(OC)ccc3[nH]2)cc1,-6.34456,1
CCOc1ccc(NC(=O)CSc2cc(C)[nH]c(=O)n2)cc1,-4.46599,1
CCOc1ccc(NC(=O)CSc2ccc(-c3ccccn3)nn2)cc1,-5.26786,1
CCOc1ccc(NC(=O)CSc2n[n+]3c(s2)NC(=O)CCC3)cc1,-5.78242,1
CCOc1ccc(NC(=O)CSc2n[nH]c(-c3ccccc3Cl)n2)cc1,-6.02503,1
CCOc1ccc(NC(=O)CSc2nc(=O)[nH]c3c2CCC3)cc1,-6.47033,1
CCOc1ccc(NC(=O)CSc2nc3[n-]nc(C)c3c(N)[n+]2-c2ccc(C)cc2)cc1,-5.2814,1
CCOc1ccc(NC(=O)CSc2nc3[nH]nc(C)c3c(N)[n+]2-c2ccc(C)cc2)cc1,-6.11296,1
CCOc1ccc(NC(=O)CSc2nc3c(c(=O)[n-]2)CN(Cc2ccc(F)cc2)CC3)cc1,-1.8156,1
CCOc1ccc(NC(=O)CSc2nc3c(c(=O)[n-]2)C[N@H+](Cc2ccc(F)cc2)CC3)cc1,-5.48825,1
CCOc1ccc(NC(=O)CSc2nc3c(c(=O)[n-]2)C[N@H+](Cc2ccccc2)CC3)cc1,-5.51022,1
CCOc1ccc(NC(=O)CSc2nc3c(c(=O)[nH]2)C[N@@H+](Cc2ccc(F)cc2)CC3)cc1,-3.33384,1
CCOc1ccc(NC(=O)CSc2nc3c(cnn3-c3ccccc3)c(=O)[n-]2)cc1,-4.0334,1
CCOc1ccc(NC(=O)CSc2nc3c(cnn3-c3ccccc3)c(=O)[nH]2)cc1,-5.33943,1
CCOc1ccc(NC(=O)CSc2nc3c(sc(=S)n3-c3ccccc3)c(=O)[nH]2)cc1,-5.47926,1
CCOc1ccc(NC(=O)CSc2nc3ccccc3c3[n+]2[C@@H](C)C(=O)N3)cc1,-5.32693,1
CCOc1ccc(NC(=O)CSc2nc3ccccc3c3[n+]2[C@H](C)C(=O)N3)cc1,-4.56453,1
CCOc1ccc(NC(=O)CSc2nc3cccnc3[nH]2)cc1,-4.65796,1
CCOc1ccc(NC(=O)CSc2nc3n[nH]c(C)c3c(N)[n+]2-c2ccc(C)cc2)cc1,-6.15568,1
CCOc1ccc(NC(=O)CSc2ncc(-c3ccc(F)cc3)o2)cc1,-4.79301,1
CCOc1ccc(NC(=O)CSc2ncc(S(=O)(=O)c3ccc(Cl)s3)c(N)n2)cc1,-4.54489,1
CCOc1ccc(NC(=O)CSc2ncc(S(=O)(=O)c3cccc(Cl)c3)c(=O)[nH]2)cc1,-2.4433,1
CCOc1ccc(NC(=O)CSc2ncc(S(=O)(=O)c3ccccc3)c(N)n2)cc1,-3.73337,1
CCOc1ccc(NC(=O)CSc2ncc3c(n2)-c2ccccc2N(C)S3(=O)=O)cc1,-5.82471,1
CCOc1ccc(NC(=O)CSc2nccn(-c3ccc(C)cc3)c2=O)cc1,-4.24377,1
CCOc1ccc(NC(=O)CSc2nccn2-c2ccc(OC)cc2)cc1,-4.99341,1
CCOc1ccc(NC(=O)CSc2nccn2Cc2ccco2)cc1,-5.63574,1
CCOc1ccc(NC(=O)CSc2nn3c(=O)c(C)nnc3s2)cc1,-5.06412,1
CCOc1ccc(NC(=O)CSc2nnc(C)n2-n2cccc2)cc1,-5.4407,1
CCOc1ccc(NC(=O)CSc2nnc(CNC(=O)c3ccco3)o2)cc1,-6.57153,1
CCOc1ccc(NC(=O)CSc2nnc(Cc3cccn3C)n2-c2ccc(C)cc2)cc1,-6.86145,1
CCOc1ccc(NC(=O)CSc2nnc(Cc3cccn3C)n2C)cc1,-3.68972,1
CCOc1ccc(NC(=O)CSc2nnc(NC(=O)Nc3ccccc3)s2)cc1,-5.95233,1
CCOc1ccc(NC(=O)CSc2nnc([N-]C(=O)Nc3ccccc3)s2)cc1,-1.14053,1
CCOc1ccc(NC(=O)CSc2nnc3c(C)cc4ccccc4n23)cc1,-6.32418,1
CCOc1ccc(NC(=O)CSc2nnc3n2CCN3c2ccccc2)cc1,-2.10599,1
CCOc1ccc(NC(=O)C[C@@H](c2ccc(OC)cc2)N2Cc3ccccc3C2=O)cc1,-2.72479,1
CCOc1ccc(NC(=O)C[C@@H](c2ccco2)n2cccc2)cc1,-4.81437,1
CCOc1ccc(NC(=O)C[C@@H]2C(=O)N(C)C(=S)N2Cc2ccc(OC)cc2)cc1,-5.847,1
CCOc1ccc(NC(=O)C[C@@H]2C(=O)N(CC)C(=S)N2Cc2ccc(F)cc2)cc1,-3.83591,1
CCOc1ccc(NC(=O)C[C@@H]2C(=O)N(c3ccc(OC)cc3)C(=O)N2C(C)C)cc1,-3.11714,1
CCOc1ccc(NC(=O)C[C@@H]2C(=O)N(c3ccc(OC)cc3)C(=O)N2CCOC)cc1,-4.92024,1
CCOc1ccc(NC(=O)C[C@@H]2C(=O)N(c3cccc(C)c3)C(=O)N2C(C)C)cc1,-5.64484,1
CCOc1ccc(NC(=O)C[C@@H]2C(=O)N(c3cccc(Cl)c3)C(=S)N2CCNC(C)=O)cc1,-5.51088,1
CCOc1ccc(NC(=O)C[C@@H]2C(=O)N(c3ccccc3)C(=O)N2CCc2cccs2)cc1,-2.87036,1
CCOc1ccc(NC(=O)C[C@H](c2ccc(OC)cc2)N2Cc3ccccc3C2=O)cc1,-2.82047,1
CCOc1ccc(NC(=O)C[C@H](c2ccco2)n2cccc2)cc1,-5.82498,1
CCOc1ccc(NC(=O)C[C@H]2C(=O)N(c3ccc(C)cc3)C(=O)N2CCC(C)C)cc1,-5.66799,1
CCOc1ccc(NC(=O)C[C@H]2C(=O)N(c3cccc(C)c3)C(=O)N2C(C)C)cc1,-5.71593,1
CCOc1ccc(NC(=O)C[C@H]2C(=O)N(c3cccc(OC)c3)C(=O)N2Cc2cccs2)cc1,-2.23881,1
CCOc1ccc(NC(=O)C[C@H]2C(=O)N(c3ccccc3)C(=O)N2CCc2cccs2)cc1,-4.85144,1
CCOc1ccc(NC(=O)C[N@H+]2CC[N@H+](CC(=O)Nc3cccc(F)c3)CC2)cc1,-0.998583,1
CCOc1ccc(NC(=O)C[NH+]2CCN(CC(=O)Nc3cccc(F)c3)CC2)cc1,-2.75905,1
CCOc1ccc(NC(=O)Cc2c(C)nc3nc(CC)nn3c2C)cc1,-4.67545,1
CCOc1ccc(NC(=O)Cc2coc3c(C)c(C)ccc23)cc1,-5.19383,1
CCOc1ccc(NC(=O)Cc2csc(NC(=O)NC3CCCC3)n2)cc1,-5.3889,1
CCOc1ccc(NC(=O)Cc2csc(NC(=O)c3ccco3)n2)cc1,-6.30404,1
CCOc1ccc(NC(=O)Cn2nc(SC)c(S(=O)(=O)c3ccccc3)c2N)cc1,-5.68737,1
CCOc1ccc(NC(=O)Cn2nnc(C(=O)NCc3ccc(C)cc3)c2N)cc1,-2.97814,1
CCOc1ccc(NC(=O)N2CC(=O)N(CC(=O)NCCC(C)C)c3ccccc32)cc1,-2.21175,1
CCOc1ccc(NC(=O)N2CC(=O)N(CC(=O)NCCCN3CCCC3=O)c3ccccc32)cc1,-4.17507,1
CCOc1ccc(NC(=O)N2CC(=O)N(CC(=O)NCc3ccc[nH+]c3)c3ccccc32)cc1,-1.02572,1
CCOc1ccc(NC(=O)N2CC(=O)N(CC(=O)NCc3cccc(C)c3)c3ccccc32)cc1,-7.76084,1
CCOc1ccc(NC(=O)N2CC(=O)N(CC(=O)NCc3ccccn3)c3ccccc32)cc1,-3.35264,1
CCOc1ccc(NC(=O)N2CCC(n3c(C)nc4cccnc43)CC2)cc1,-4.7366,1
CCOc1ccc(NC(=O)N2CCC[C@@H]2c2c(C)noc2C)cc1,-5.28249,1
CCOc1ccc(NC(=O)N2CCC[C@@H]2c2ccnn2CC)cc1,-3.93609,1
CCOc1ccc(NC(=O)N2CCC[C@H]2c2cc(C(C)C)on2)cc1,-3.01781,1
CCOc1ccc(NC(=O)N2CCC[C@H]2c2cc(C)no2)cc1,-4.48701,1
CCOc1ccc(NC(=O)N2CCn3c(C)ccc3[C@H]2CC)cc1,-4.75282,1
CCOc1ccc(NC(=O)N2CCn3cccc3[C@@H]2C)cc1,-4.65612,1
CCOc1ccc(NC(=O)N2CCn3cccc3[C@H]2C)cc1,-5.24812,1
CCOc1ccc(NC(=O)N2C[C@@H](CC)Oc3ccc(C)cc32)cc1,-5.00262,1
CCOc1ccc(NC(=O)NC2CCN(c3cc(C)nc4ncnn34)CC2)cc1,-3.05775,1
CCOc1ccc(NC(=O)NCCc2c(C)[nH+]n(CC)c2C)cc1,-2.64709,1
CCOc1ccc(NC(=O)NCCn2c(C(F)(F)F)nc3ccccc32)cc1,-5.51347,1
CCOc1ccc(NC(=O)NC[C@H]2CC[N@H+](Cc3ccccc3F)CC2)cc1,-4.45462,1
CCOc1ccc(NC(=O)NCc2c(-n3cccc3)sc3c2CC[N@H+](C)C3)cc1,-1.47217,1
CCOc1ccc(NC(=O)NCc2c(C)nn(-c3ccccc3)c2-n2cccc2)cc1,-3.35442,1
CCOc1ccc(NC(=O)NCc2noc3ccc(C)cc23)cc1,-5.90087,1
CCOc1ccc(NC(=O)N[C@@H](Cc2ccc(OC)cc2)Cc2ccc3c(c2)OCO3)cc1,-5.47047,1
CCOc1ccc(NC(=O)N[C@H](Cc2ccc(OC)cc2)Cc2ccc3c(c2)OCO3)cc1,-4.20048,1
CCOc1ccc(NC(=O)Nc2cc(C)c3nc(NC(=O)CC)sc3c2)cc1,-4.34445,1
CCOc1ccc(NC(=O)[C@@H](C)Sc2nc3c(c(=O)[n-]2)CCCC3)cc1,-1.64566,1
CCOc1ccc(NC(=O)[C@@H](CC(C)C)NS(=O)(=O)c2ccc3c(c2)oc(=O)n3C)cc1,-6.07872,1
CCOc1ccc(NC(=O)[C@@H](CC)Sc2nc3ncccc3[nH]2)cc1,-5.73916,1
CCOc1ccc(NC(=O)[C@@H](c2ccccc2)N2Cc3ccccc3C2=O)cc1,-3.53149,1
CCOc1ccc(NC(=O)[C@@H]2CCCN(C(=O)c3cccc(C(F)(F)F)c3)C2)cc1,-4.23854,1
CCOc1ccc(NC(=O)[C@@H]2CCCN(S(=O)(=O)c3ccc4[n-]c(=O)oc4c3)C2)cc1,-5.66068,1
CCOc1ccc(NC(=O)[C@@H]2CN(S(C)(=O)=O)c3ccccc3O2)cc1,-2.01014,1
CCOc1ccc(NC(=O)[C@@H]2Cc3cc(S(=O)(=O)N4CCCCC4)ccc3N2C(C)=O)cc1,-1.14283,1
CCOc1ccc(NC(=O)[C@@H]2[N-]S(=O)(=O)c3ccc(F)cc3N2)cc1,-1.38289,1
CCOc1ccc(NC(=O)[C@H](CC(C)C)N2Cc3ccccc3C2=O)cc1,-4.04182,1
CCOc1ccc(NC(=O)[C@H](CC)Sc2nc3cccnc3[nH]2)cc1,-5.19992,1
CCOc1ccc(NC(=O)[C@H](CC)Sc2nc3ncccc3[nH]2)cc1,-4.97843,1
CCOc1ccc(NC(=O)[C@H](Cc2ccccc2)n2cccc2)cc1,-5.73533,1
CCOc1ccc(NC(=O)[C@H](c2ccccc2)N2Cc3ccccc3C2=O)cc1,-5.60341,1
CCOc1ccc(NC(=O)[C@H]2CC(=O)N(CCc3c[nH]c4ccc(Cl)cc34)C2)cc1,-4.75368,1
CCOc1ccc(NC(=O)[C@H]2CC(=O)[N+](CC)=C(Nc3cccc(F)c3)S2)cc1,-2.78533,1
CCOc1ccc(NC(=O)[C@H]2CCCN(C(=O)c3ccc(F)c(F)c3)C2)cc1,-1.50406,1
CCOc1ccc(NC(=O)[C@H]2CCCN(C(=O)c3cccc(Cl)c3)C2)cc1,-4.07846,1
CCOc1ccc(NC(=O)[C@H]2CCCN2C(=O)OCc2ccccc2)cc1,-5.24817,1
CCOc1ccc(NC(=O)[C@H]2CC[C@@H](CNS(=O)(=O)c3cccc4nsnc34)CC2)cc1,-3.90179,1
CCOc1ccc(NC(=O)[C@H]2[N-]S(=O)(=O)c3ccc(F)cc3N2)cc1,-1.66329,1
CCOc1ccc(NC(=O)c2c(-c3ccc(OC)cc3)nc3n2CCS3(=O)=O)cc1,-3.82093,1
CCOc1ccc(NC(=O)c2c[n-]c(=O)n(-c3ccc(C)cc3)c2=O)cc1,-2.15221,1
CCOc1ccc(NC(=O)c2c[n-]c(=O)n(-c3ccccc3)c2=O)cc1,-3.40854,1
CCOc1ccc(NC(=O)c2c[nH]c(=O)n(-c3ccc(C)cc3)c2=O)cc1,-4.2811,1
CCOc1ccc(NC(=O)c2cc(-c3ccc4c(c3)OCCO4)on2)cc1,-2.60777,1
CCOc1ccc(NC(=O)c2cc(-c3ccncc3)n(-c3ccc(F)cc3)n2)cc1,-4.30665,1
CCOc1ccc(NC(=O)c2cc(S(=O)(=O)N3CCC[C@H](C)C3)cn2C)cc1,-3.07042,1
CCOc1ccc(NC(=O)c2cc3c(-c4cccc(OC)c4)nn(C)c3s2)cc1,-5.56386,1
CCOc1ccc(NC(=O)c2cc3cc4cc(OC)ccc4nc3o2)cc1,-5.93821,1
CCOc1ccc(NC(=O)c2ccc(-n3nnc4cccnc43)cc2)cc1,-4.13188,1
CCOc1ccc(NC(=O)c2ccc(OCC)c(Br)c2)cc1,-4.87206,1
CCOc1ccc(NC(=O)c2ccc3c(=O)c(S(=O)(=O)c4ccc(OC)cc4)c([O-])[nH]c3c2)cc1,-4.4334,1
CCOc1ccc(NC(=O)c2ccc3snnc3c2)cc1,-3.69888,1
CCOc1ccc(NC(=O)c2cccc(-c3noc(C4CCC4)n3)c2)cc1,-4.08401,1
CCOc1ccc(NC(=O)c2cccc(-n3cnnc3)n2)cc1,-3.9589,1
CCOc1ccc(NC(=O)c2cnc(N3CC[NH+](CC)CC3)nc2C)cc1,-5.15323,1
CCOc1ccc(NC(=O)c2cnc(SC)nc2-c2ccccc2)cc1,-3.60425,1
CCOc1ccc(NC(=O)c2cncc([N-]S(=O)(=O)c3ccc(C)cc3)c2)cc1,-1.82805,1
CCOc1ccc(NC(=O)c2cnn(-c3ccc(Br)cc3)c2)cc1,-4.56686,1
CCOc1ccc(NC(=O)c2cnn(-c3cccc(F)c3)c2-n2cccc2)cc1,-5.27695,1
CCOc1ccc(NC(=O)c2cnn(-c3ccccc3)c2-n2cccc2)cc1,-5.05788,1
CCOc1ccc(NC(=O)c2cnn3c2NC2=CCCC([O-])=C2[C@@H]3c2ccccc2OC)cc1,-4.24614,1
CCOc1ccc(NC(=O)c2csc3c2CCCC3)cc1,-5.02023,1
CCOc1ccc(NC(=O)c2nc(S(=O)(=O)Cc3ccccc3C)ncc2Cl)cc1,-3.78499,1
CCOc1ccc(NC(=O)c2nc(SC)ncc2Cl)cc1,-5.8026,1
CCOc1ccc(NC(=O)c2nc3ccccc3nc2N2CCOCC2)cc1,-5.45434,1
CCOc1ccc(NC(=O)c2ncoc2-c2cccc(OC)c2)cc1,-2.97934,1
CCOc1ccc(NC(=O)c2nn(-c3ccc(OCC)cc3)c(=O)c3ccccc23)cc1,-5.66149,1
CCOc1ccc(NC(=O)c2nnn(-c3ccc(C)cc3)c2C)cc1,-4.41211,1
CCOc1ccc(NC(=O)c2nnn(-c3ccc(OC)cc3)c2C)cc1,-4.44815,1
CCOc1ccc(NC(=O)c2nnn(-c3cccc(C)c3)c2C)cc1,-5.31462,1
CCOc1ccc(NC(=O)c2nnn(CC(=O)Nc3ccc(OC)cc3)c2N)cc1,-3.57587,1
CCOc1ccc(NC(=O)c2sc(-n3nc(C)c(Cl)c3C)nc2C)cc1,-5.02577,1
CCOc1ccc(NC(=S)N(CCC[NH+]2CCOCC2)C2CCN(C(C)=O)CC2)cc1,-4.34802,1
CCOc1ccc(NC2=NS(=O)(=O)C(c3ccc(OC)cc3)=C2C)cc1,-4.39975,1
CCOc1ccc(NC2=NS(=O)(=O)C(c3cccc(Br)c3)=C2C)cc1,-5.11984,1
CCOc1ccc(NC2=NS(=O)(=O)C(c3ccccc3)=C2C)cc1,-5.90545,1
CCOc1ccc(NC2=[N+](C)C(=O)C[C@@H](C(=O)Nc3cccc(Cl)c3)S2)cc1,-2.4071,1
CCOc1ccc(NS(=O)(=O)c2cc(-c3ccc(=O)[nH]n3)ccc2CC)cc1,-4.61919,1
CCOc1ccc(NS(=O)(=O)c2cc3c(cc2C)N(C)CCO3)cc1,-0.680863,1
CCOc1ccc(Nc2cc(C(=O)NCCCOC)c3ccccc3n2)cc1,-6.67261,1
CCOc1ccc(Nc2cc(C)nc3nc(-c4ccc(OC)cc4)nn23)cc1,-3.57455,1
CCOc1ccc(Nc2cc(C)nc3nc(-c4ccco4)nn23)cc1,-7.14183,1
CCOc1ccc(Nc2cc(NCCO)c([N+](=O)[O-])c3nonc23)cc1,-5.88539,1
CCOc1ccc(Nc2ccc3cc(S(=O)(=O)N4CCOCC4)ccc3n2)cc1,-3.7189,1
CCOc1ccc(Nc2nc(=O)c(Cc3ccccc3Cl)n[nH]2)cc1,-5.25824,1
CCOc1ccc(Nc2nc(N)c(C(=O)c3ccc(Br)cc3)s2)cc1,-5.12348,1
CCOc1ccc(Nc2nc(N3CCCCC3)nc3c2cnn3-c2ccccc2)cc1,-6.02232,1
CCOc1ccc(Nc2nc(N3CCOCC3)nc3c2cnn3-c2ccccc2)cc1,-4.37237,1
CCOc1ccc(Nc2nc(N3CC[NH+](C)CC3)[nH+]c(N)c2[N+](=O)[O-])cc1,-4.17757,1
CCOc1ccc(Nc2nc(NCCCOC)nc3c2cnn3-c2ccccc2)cc1,-3.86296,1
CCOc1ccc(Nc2nc(NCCO)nc3c2cnn3-c2ccccc2)cc1,-5.34055,1
CCOc1ccc(Nc2nc(NCc3ccc[nH+]c3)nc3c2cnn3-c2ccccc2)cc1,-4.07729,1
CCOc1ccc(Nc2nc(NCc3cccnc3)nc3c2cnn3-c2ccccc2)cc1,-6.1174,1
CCOc1ccc(Nc2nc3c(S(=O)(=O)c4cccc(Cl)c4)nnn3c3ccsc23)cc1,-2.56834,1
CCOc1ccc(Nc2ncc(C)c(Nc3ccc(C(=O)NC(=O)CC)cc3)n2)cc1,-8.642,1
CCOc1ccc(Nc2ncc(C)c(Nc3ccc(C(=O)NC(=O)NC)cc3)n2)cc1,-8.405,1
CCOc1ccc(Nc2ncc(C)c(Nc3ccc(C(=O)NC(C)=O)cc3)n2)cc1,-7.438,1
CCOc1ccc(Nc2ncc(C)c(Nc3ccc(C(=O)NC)cc3)n2)cc1,-10.08,1
CCOc1ccc(Nc2ncc(C)c(Nc3ccc(C(=O)NC=O)cc3)n2)cc1,-10.33,1
CCOc1ccc(Nc2ncc(C)c(Nc3ccc(C(N)=O)cc3)n2)cc1,-9.53,1
CCOc1ccc(Nc2ncc(C)c(Nc3ccc4c(NC(=O)CC)n[nH]c4c3)n2)cc1,-10.34,1
CCOc1ccc(Nc2ncc(C)c(Nc3ccc4c(NC(C)=O)n[nH]c4c3)n2)cc1,-10.2,1
CCOc1ccc(Nc2ncc(C)c(Nc3ccc4c(NC=O)n[nH]c4c3)n2)cc1,-10.31,1
CCOc1ccc(Nc2nn(-c3ccc(OC(F)(F)F)cc3)nc2C(C)=O)cc1,-5.50203,1
CCOc1ccc(Nc2nn3c(=O)c4cc5c(cc4nc3s2)OCO5)cc1,-5.2636,1
CCOc1ccc(OCc2nc3ccc(OC)cc3[nH]2)cc1,-7.27325,1
CCOc1ccc(O[C@@H](C)c2nc3cc(Cl)ccc3[nH]2)cc1,-5.64331,1
CCOc1ccc(S(=O)(=O)/N=C(\Nc2ccccn2)c2ccccc2)cc1,-4.69675,1
CCOc1ccc(S(=O)(=O)N2CCN(c3nc(Nc4ccc(OC)cc4)cc(C)[nH+]3)CC2)cc1,-2.35461,1
CCOc1ccc(S(=O)(=O)N2CCS[C@@H]2c2ccc(OC)c(Br)c2)cc1,-3.73781,1
CCOc1ccc(S(=O)(=O)NCCOc2ccc(-c3ccc(C)cc3)nn2)cc1,-5.1246,1
CCOc1ccc(S(=O)(=O)NCCOc2ccc(-c3ccc(OC)cc3)nn2)cc1,-4.07285,1
CCOc1ccc(S(=O)(=O)NCCc2sc(-c3ccc(C)cc3)nc2C)cc1,-3.95103,1
CCOc1ccc(S(=O)(=O)NC[C@@H](c2cccs2)S(=O)(=O)c2ccc(C)cc2)cc1,-4.5301,1
CCOc1ccc(S(=O)(=O)NCc2nc(-c3ccc(OC)cc3)oc2C)cc1,-3.92424,1
CCOc1ccc(S(=O)(=O)Nc2cc(C(=O)[O-])ccc2N2CCN(c3cccc[nH+]3)CC2)cc1,-1.60612,1
CCOc1ccc(S(=O)(=O)Nc2ccc3c(c2)CC(=O)N3CC)cc1,-4.06676,1
CCOc1ccc(S(=O)(=O)Nc2ccc3c(c2)sc(=O)n3CC)cc1,-3.64629,1
CCOc1ccc(S(=O)(=O)Nc2ccc3nc(NC(C)=O)sc3c2)cc1,-0.398479,1
CCOc1ccc(S(=O)(=O)[N-]c2ccc3c(c2)N(S(=O)(=O)c2ccc(C)cc2)CCC3)cc1,-3.47499,1
CCOc1ccc(S(=O)(=O)[N-]c2ccc3c(c2)oc(=O)n3CC)cc1,-4.82087,1
CCOc1ccc(S(=O)(=O)[N-]c2ccc3c(c2)sc(=O)n3CC)cc1,-3.02062,1
CCOc1ccc(S(=O)(=O)[N-]c2ccc3nc(NC(C)=O)sc3c2)cc1,-6.13738,1
CCOc1ccc(S(=O)(=O)c2cnc(SCC(=O)NCc3ccc(OC)cc3)[n-]c2=O)cc1,-5.90774,1
CCOc1ccc(S(=O)(=O)c2cnc(SCC(=O)Nc3cccc(C)c3)[n-]c2=O)cc1,-3.48928,1
CCOc1ccc(Sc2cc(C(=O)NC[C@@H]3CCCO3)c3ccccc3n2)cc1,-4.98439,1
CCOc1ccc([C@@H](CC(=O)NCc2ccco2)N2Cc3ccccc3C2=O)cc1OC,-4.00831,1
CCOc1ccc([C@@H](CC(=O)Nc2ccc(C(=O)OC)cc2)N2Cc3ccccc3C2=O)cc1OC,-5.77807,1
CCOc1ccc([C@@H](CC(=O)[O-])NC(=O)c2ccc(OC)cc2)cc1OC,-5.46049,1
CCOc1ccc([C@@H]2CC(=O)N3CN(Cc4ccccc4)CSC3=C2C#N)cc1,-5.01207,1
CCOc1ccc([C@@H]2CC(=O)Nc3c2cnn3-c2cccc(Cl)c2C)cc1,-5.07735,1
CCOc1ccc([C@@H]2CC(=O)Nc3c2cnn3-c2ccccc2)cc1,-6.91864,1
CCOc1ccc([C@@H]2CC(=O)Nc3n[nH]c(C)c32)cc1,-5.6793,1
CCOc1ccc([C@@H]2CC(=O)[NH+]=C(SCC(=O)Nc3ccc(F)cc3)[C@H]2C#N)cc1,-3.38906,1
CCOc1ccc([C@@H]2CC(=O)[NH+]=C(SCC(=O)Nc3ccccc3Cl)[C@@H]2C#N)cc1,-3.32406,1
CCOc1ccc([C@@H]2CC(=O)[NH+]=C(SCC(=O)Nc3ccccc3[N+](=O)[O-])[C@H]2C#N)cc1,-5.39486,1
CCOc1ccc([C@@H]2CC(=O)[NH+]=C(SCC(=O)OC(C)C)[C@@H]2C#N)cc1,-3.50695,1
CCOc1ccc([C@@H]2CC(=O)c3c([nH]c(C(=O)OCC(C)C)c3C)C2)cc1,-4.39912,1
CCOc1ccc([C@@H]2C[C@H](c3ccc(OC)cc3)Nc3nc(N)nn32)cc1,-5.32752,1
CCOc1ccc([C@@H]2C[C@H](c3cccc(OC)c3)Nc3ncnn32)cc1,-6.81882,1
CCOc1ccc([C@@H]2N(c3ccc(Cl)cc3)C(=O)[C@H]3CCC[N@@H+]32)cc1,-4.40398,1
CCOc1ccc([C@@H]2Nn3c(CC)nnc3S[C@H]2C(=O)Nc2cccc(OC)c2)cc1,-5.21522,1
CCOc1ccc([C@@H]2SCC(=O)Nc3c2c(=O)[nH]n3C2CCCCCC2)cc1,-2.62432,1
CCOc1ccc([C@@H]2SCC(=O)Nc3c2c(C)nn3-c2ccc(OC)cc2)cc1,-4.95204,1
CCOc1ccc([C@@H]2SCC(=O)Nc3c2c(C)nn3-c2nc3ccccc3s2)cc1,-4.88882,1
CCOc1ccc([C@H](CC(=O)[O-])NC(=O)c2ccc([N+](=O)[O-])cc2)cc1OC,-5.65695,1
CCOc1ccc([C@H]2/C(=C(\[O-])OC)C(=O)N[C+](SCC(N)=O)[C@@H]2C#N)cc1,-6.5037,1
CCOc1ccc([C@H]2CC(=O)[NH+]=C(SCC(=O)Nc3ccccc3Cl)[C@H]2C#N)cc1,-6.33713,1
CCOc1ccc([C@H]2CC(=O)[NH+]=C(SCC(=O)OC(C)C)[C@@H]2C#N)cc1,-3.81013,1
CCOc1ccc([C@H]2CC(=O)c3c([nH]c(C(=O)OC(C)C)c3C)C2)cc1,-6.19108,1
CCOc1ccc([C@H]2CC(=O)c3c([nH]c(C(=O)OC)c3C)C2)cc1,-6.14509,1
CCOc1ccc([C@H]2CC(=O)c3c([nH]c(C(=O)OCC(C)C)c3C)C2)cc1,-4.27338,1
CCOc1ccc([C@H]2CC(=O)c3c([nH]c(C(=O)OCCOC(C)C)c3C)C2)cc1,-3.79825,1
CCOc1ccc([C@H]2CC(=O)c3c([nH]c(C(=O)OCCOC)c3C)C2)cc1,-5.13901,1
CCOc1ccc([C@H]2C[C@@H](c3c(F)cccc3Cl)n3ncnc3N2)cc1,-5.88737,1
CCOc1ccc([C@H]2C[C@@H](c3ccc(C(C)C)cc3)n3nc(N)nc3N2)cc1,-6.1373,1
CCOc1ccc([C@H]2C[C@@H](c3ccc(CC)cc3)n3ncnc3N2)cc1,-4.38125,1
CCOc1ccc([C@H]2C[C@@H](c3ccc(OC)cc3)n3nc(N)nc3N2)cc1,-6.11432,1
CCOc1ccc([C@H]2C[C@@H](c3cccc(Br)c3)n3nc(N)nc3N2)cc1,-5.16738,1
CCOc1ccc([C@H]2C[C@@H](c3cccc(Cl)c3)n3ncnc3N2)cc1,-2.37549,1
CCOc1ccc([C@H]2C[C@@H](c3ccccc3C)n3nc(N)nc3N2)cc1,-3.70653,1
CCOc1ccc([C@H]2C[C@@H](c3ccccc3OC)n3nc(N)nc3N2)cc1,-4.86337,1
CCOc1ccc([C@H]2SCC(=O)Nc3c2c(=O)[n-]n3C(C)C)cc1,-3.02063,1
CCOc1ccc([C@]2(O)CSC3=C(C#N)[C@@H](c4cccc(OC)c4OC)CC(=O)N32)cc1,-5.95826,1
CCOc1ccc([N-]S(=O)(=O)c2cc(C(=O)N3CCN(c4ccccn4)CC3)[nH]n2)cc1,-3.68467,1
CCOc1ccc([N-]S(=O)(=O)c2cc(C(=O)Nc3cc(C)ccc3OC)n[nH]2)cc1,-1.78638,1
CCOc1ccc([N-]S(=O)(=O)c2cc(C(=O)Nc3cccc(CC)c3)n[nH]2)cc1,-1.41809,1
CCOc1ccc([N-]S(=O)(=O)c2cc(C(=O)Nc3cccc(F)c3)[nH]n2)cc1,-4.33853,1
CCOc1ccc2[nH+]cc(S(=O)(=O)c3ccc(OC)cc3)c(N(CC)CC)c2c1,-2.70871,1
CCOc1ccc2[nH]/c(=N\C(=O)c3nc(S(C)(=O)=O)ncc3Cl)sc2c1,-3.03337,1
CCOc1ccc2[nH]/c(=N\C(=O)c3nn(-c4ccccc4)ccc3=O)sc2c1,-3.81789,1
CCOc1ccc2[nH]c(SCC(=O)N3CCN(S(=O)(=O)c4ccc(C)cc4)C3)nc2c1,-2.37768,1
CCOc1ccc2[nH]c(SCC(=O)Nc3cccc(C(C)=O)c3)[nH+]c2c1,-3.57117,1
CCOc1ccc2[nH]c(SCC(=O)Nc3ccccc3)[nH+]c2c1,-3.59404,1
CCOc1ccc2[nH]c(SCC(=O)Nc3ccccc3)nc2c1,-3.74718,1
CCOc1ccc2c(c1)c(C(C)=O)c(C)n2-c1ccc(OC)cc1,-4.13156,1
CCOc1ccc2c(c1)cc(C(=O)Nc1ccc(C#N)cc1)n2C,-3.69707,1
CCOc1ccc2c(c1)cc(C(=O)Nc1ccc(F)cc1)n2C,-5.83928,1
CCOc1ccc2nc(N3CCC[C@@H](C(=O)NCCc4cc(OC)ccc4OC)C3)sc2c1,-3.83511,1
CCOc1ccc2nc(N3CCC[C@@H](C(=O)NCCc4ccc(OC)c(OC)c4)C3)sc2c1,-5.4521,1
CCOc1ccc2nc(N3CCC[C@@H](C(=O)NCCc4ccc(OC)cc4OC)C3)sc2c1,-4.78435,1
CCOc1ccc2nc(NC(=O)COc3ccc(OC)cc3)sc2c1,-6.68157,1
CCOc1ccc2nc(NC(=O)c3ccc(C)cc3)sc2c1,-7.02057,1
CCOc1ccc2nc(NC(=O)c3ccc(OC)cc3)sc2c1,-6.53226,1
CCOc1ccc2nc(NC(=O)c3ccc(OCC(C)C)cc3)sc2c1,-2.65149,1
CCOc1ccc2nc(NC(=O)c3cccc(C)c3)sc2c1,-6.62412,1
CCOc1ccc2nc(NC(=O)c3cccc(F)c3)sc2c1,-7.01464,1
CCOc1ccc2nc(NC(=O)c3ccccc3F)sc2c1,-6.97405,1
CCOc1ccc2nc(NC(=O)c3nn(-c4ccc(C)cc4)ccc3=O)sc2c1,-6.87136,1
CCOc1ccc2nc(NC(=O)c3nn(-c4ccc(OC)cc4)ccc3=O)sc2c1,-6.25525,1
CCOc1ccc2nc(Nc3nc(=O)c(CCC(C)C)c(C)[nH]3)nc(C)c2c1,-4.04763,1
CCOc1ccc2nc(S[C@H]3CC(=O)N(c4cccc(OC)c4)C3=O)sc2c1,-5.40514,1
CCOc1ccc2nc([N-]C(=O)c3c(-c4ccc(OC)cc4)nc4n3CCS4(=O)=O)sc2c1,-0.605674,1
CCOc1ccc2nc([N-]C(=O)c3cccc(F)c3)sc2c1,-4.23781,1
CCOc1ccc2nc([N-]C(=O)c3ccccc3F)sc2c1,-3.13021,1
CCOc1ccc2nc([N-]C(=O)c3nc(S(C)(=O)=O)ncc3Cl)sc2c1,-6.1487,1
CCOc1ccc2ncc(C#N)c(NCc3ccc(OC)cc3)c2c1,-5.20581,1
CCOc1ccc2ncc(C#N)c(Nc3ccc(Cl)cc3)c2c1,-5.46762,1
CCOc1ccc2oc(C)c(C(=O)OCCOC)c2c1,-6.65565,1
CCOc1cccc(-c2cc(C(=O)N/N=C/c3ccc(OC)cc3)[nH]n2)c1,-4.69839,1
CCOc1cccc(-c2cc(C(=O)N/N=C/c3cccc(Br)c3)[nH]n2)c1,-3.57673,1
CCOc1cccc(-c2ccc3c(CC(N)=O)n[nH]c3c2)c1,-9.445,1
CCOc1cccc(-c2ccc3c(NC(=O)CO)n[nH]c3c2)c1,-8.603,1
CCOc1cccc(-c2ccc3c(NC(=O)NC)n[nH]c3c2)c1,-10.01,1
CCOc1cccc(-c2ccc3c(NC(C)=O)n[nH]c3c2)c1,-9.21,1
CCOc1cccc(-c2ccc3c(NC(N)=O)n[nH]c3c2)c1,-9.893,1
CCOc1cccc(-c2ccc3c(NC=O)n[nH]c3c2)c1,-8.794,1
CCOc1cccc(-c2ccc3c(NO)n[nH]c3c2)c1,-9.064,1
CCOc1cccc(C(=O)Nc2ccc(-c3nc4ncccc4o3)cc2)c1,-7.01045,1
CCOc1cccc(C(=O)Nc2cccc(OCc3cc(=O)n4oc(C)cc4n3)c2)c1,-6.17056,1
CCOc1cccc([C@@H]2CC(=O)N=C3NC(SCc4cccc(Cl)c4)=NC([O-])=C32)c1,-5.41512,1
CCOc1cccc([C@@H]2CC(=O)Nc3nc(SCc4ccccc4F)[nH]c(=O)c32)c1,-4.76988,1
CCOc1cccc([C@@H]2NC(N)=Nc3nc4ccccc4n32)c1,-7.86872,1
CCOc1cccc([C@H]2NC(=O)NC(C)=C2C(=O)OC[C@H]2CCCO2)c1,-5.28792,1
CCOc1cccc2c1Oc1nc(-c3ccc(C(=O)OC)cc3)nc([S-])c1C2,-5.88135,1
CCOc1cccc2c1Oc1nc(-c3ccccc3)nc(SCC(=O)OC)c1C2,-1.90644,1
CCOc1ccccc1C(=O)N(Cc1ccc(OC)cc1)c1ccccn1,-6.39142,1
CCOc1ccccc1C(=O)N[C@@H](C)c1nc(-c2ccc(OC)cc2)no1,-4.99154,1
CCOc1ccccc1C(=O)Nc1c(C(=O)N2CCN(c3ncccn3)CC2)oc2ccccc12,-0.174973,1
CCOc1ccccc1C(=O)Nc1nn2c(-c3ccc(OC)cc3)nnc2s1,-5.37168,1
CCOc1ccccc1C(=O)Nc1nnc([C@@H]2CC(=O)N(c3ccc(OC)cc3)C2)s1,-6.06617,1
CCOc1ccccc1C(=O)[N-]c1nnc([C@H]2CC(=O)N(c3ccc(OC)cc3)C2)s1,-3.30152,1
CCOc1ccccc1CNCc1c(C(=O)[O-])c(C)n(Cc2ccc(OC)cc2)c1C,-5.19852,1
CCOc1ccccc1C[NH2+]Cc1c(C(=O)O)c(C)n(Cc2ccc(OC)cc2)c1C,-4.04049,1
CCOc1ccccc1NC(=O)CCc1c(C)nn(-c2ccc3nncn3n2)c1C,-1.93603,1
CCOc1ccccc1NC(=O)CCc1nc(-c2ccc(OC)cc2)no1,-5.11818,1
CCOc1ccccc1NC(=O)CN1CCN(S(=O)(=O)c2ccc(OC)cc2)CC1,-4.55612,1
CCOc1ccccc1NC(=O)COc1cc(CSc2ncccn2)[nH+]cc1OC,-3.51119,1
CCOc1ccccc1NC(=O)COc1cc(CSc2nnc(C)s2)[nH+]cc1OC,-3.12015,1
CCOc1ccccc1NC(=O)CSc1nc(-c2ccc(OC)cc2)ccc1C#N,-5.9339,1
CCOc1ccccc1NC(=O)CSc1nnc(CNC(=O)c2ccco2)o1,-5.55651,1
CCOc1ccccc1NC(=O)Cn1nnc(C(=O)NCc2ccc(OC)cc2)c1N,-5.58794,1
CCOc1ccccc1NC(=O)N1CCN(c2ccc(-c3noc(C4CC4)n3)cc2)CC1,-3.32907,1
CCOc1ccccc1NC(=O)Nc1ccc2c(c1)oc(=O)n2C,-5.4992,1
CCOc1ccccc1NC(=O)Nc1ccc2nc(NC(=O)CC)sc2c1,-7.27826,1
CCOc1ccccc1NC(=O)Nc1ccc2nc(NC(C)=O)sc2c1,-7.9825,1
CCOc1ccccc1NC(=O)[C@@H](CCSC)NS(=O)(=O)c1ccc2c(c1)oc(=O)n2C,-6.00666,1
CCOc1ccccc1NC(=O)c1ccc(COc2ccc(OC)cc2)o1,-6.45932,1
CCOc1ccccc1NC(=S)N(CC[NH+]1CCOCC1)C1CCN(C(C)=O)CC1,-4.78776,1
CCOc1ccccc1NCc1cc(=O)n2nc(-c3ccc(OC)cc3)nc2[nH]1,-5.57039,1
CCOc1ccccc1NS(=O)(=O)c1cc(-c2ccc(=O)[nH]n2)ccc1Cl,-4.78325,1
CCOc1ccccc1[C@@H]1/C(=C(\[O-])OCCOC)C(C)=Nc2nnnn21,-6.47155,1
CCOc1ccccc1[C@H]1/C(=C(\[O-])OCCOC)C(C)=Nc2nnnn21,-4.91648,1
CCOc1ccccc1[C@H]1CC(=O)[NH+]=C(SCC(N)=O)[C@H]1C#N,-8.11538,1
CCOc1ccccc1[N-]S(=O)(=O)c1cc(-c2cc(C)no2)ccc1C,-1.6192,1
CCOc1nc(-c2ccc(OC)cc2)ccc1-c1noc(CC)n1,-3.76899,1
CCS(=O)(=O)N(C)c1ccc2sc(C(=O)NC[C@@H]3CCCO3)cc2c1,-3.85214,1
CCS(=O)(=O)N(C)c1ccc2sc(C(=O)NCc3cccnc3)cc2c1,-6.0709,1
CCS(=O)(=O)N1CCC(C(=O)NCCCOC)CC1,-3.94497,1
CCS(=O)(=O)N1CCCc2cc(C(=O)Nc3ccc(C(=O)OC)cc3)ccc21,-6.8382,1
CCS(=O)(=O)N1CCCc2cc(C(=O)Nc3ccc(NC(C)=O)cc3)ccc21,-1.92126,1
CCS(=O)(=O)N1CCCc2cc(NC(=O)Cc3ccc(OC)cc3)ccc21,-5.77609,1
CCS(=O)(=O)N1CCCc2ccc(NC(C)=O)cc21,-5.76633,1
CCS(=O)(=O)N1CCN(Cc2nc(-c3ccc(C(=O)NC)cc3)oc2C)CC1,-7.83226,1
CCS(=O)(=O)N1CCN(c2ccc([N+](=O)[O-])c(NCc3cccnc3)c2)CC1,-4.57579,1
CCS(=O)(=O)N1CC[NH+](Cc2nc(-c3ccc(C(=O)NC)cc3)oc2C)CC1,-6.46842,1
CCS(=O)(=O)N1CCc2c(c(C(=O)NCc3ccc4c(c3)OCO4)nn2C)C1,-5.49775,1
CCS(=O)(=O)N1CCc2cc(C(=O)Nc3cccc(NC(C)=O)c3)ccc21,-3.84089,1
CCS(=O)(=O)c1ccc(-c2cccc(NS(=O)(=O)c3ccc(OC)cc3)c2)nn1,-0.501305,1
CCS(=O)(=O)c1nc(S(=O)(=O)c2ccc(C)cc2)c([N-]CCCOC)s1,-5.54664,1
CCS(=O)(=O)c1ncc(Cl)c(C(=O)NCc2ccc(OC)cc2)n1,-5.90291,1
CCS(=O)(=O)c1ncc(Cl)c(C(=O)NCc2ccc3c(c2)OCO3)n1,-5.80695,1
CCS(=O)(=O)c1ncc(Cl)c(C(=O)Nc2ccc(NC(C)=O)cc2)n1,-7.99904,1
CCS(=O)(=O)c1ncc(Cl)c(C(=O)[N-]c2ccc(NC(C)=O)cc2)n1,-1.55869,1
CCS(=O)(=O)c1ncc(Cl)c(C(=O)[N-]c2nc3ccc(OC)cc3s2)n1,-6.45883,1
CCS(=O)(=O)c1ncc(Cl)c(C(=O)[N-]c2nnc(C)s2)n1,-4.35335,1
CCS(=O)(=O)c1ncc(Cl)c(C(=O)[N-]c2nnc(SC)s2)n1,-4.1633,1
CCSC1=NC([O-])=C2C(=NC(=O)C[C@@H]2C(=O)Nc2ccc(OC)cc2)N1,-3.65523,1
CCSC1=NC([O-])=C2C(=NC(=O)C[C@@H]2c2ccc(OCC(N)=O)c(OC)c2)N1,-4.38765,1
CCSC1=NC([O-])=C2C(=NC(=O)C[C@H]2c2ccc(OCC(N)=O)c(OC)c2)N1,-5.49646,1
CCSC1=NC([O-])=C2C(=NC(=O)C[C@H]2c2cccc(O)c2)N1,-4.42942,1
CCSCCOC(=O)C1=C(C)NC(=O)N[C@H]1c1ccc([N+](=O)[O-])cc1,-4.28268,1
CCSCCOC(=O)C1=C(C)NC(=O)N[C@H]1c1cccc(O)c1,-5.70362,1
CCSc1nc(=O)c2c([nH]1)NC(=O)C[C@@H]2c1ccc(OCC(N)=O)c(OC)c1,-6.28254,1
CCSc1nc(=O)c2c([nH]1)NC(=O)C[C@H]2C(=O)Nc1ccc(OC)cc1,-2.53024,1
CCSc1nc(=O)c2c([nH]1)NC(=O)C[C@H]2c1cccc(O)c1,-5.53727,1
CCSc1nc(O)c2c(n1)NC(=O)C[C@@H]2C(=O)Nc1ccc(OC)cc1,-3.14824,1
CCSc1nc(O)c2c(n1)NC(=O)C[C@@H]2c1ccc(OCC(N)=O)c(OC)c1,-5.56288,1
CCSc1nc2c(c(=O)[n-]1)[C@@H](C(=O)Nc1cccc(OC)c1)CC(=O)N2,-3.22618,1
CCSc1nc2c(c(=O)[n-]1)[C@H](C(=O)Nc1ccc(OC)cc1)CC(=O)N2,-2.51793,1
CCSc1nc2c(c(=O)[n-]1)[C@H](c1ccc(OCC(N)=O)c(OC)c1)CC(=O)N2,-5.69701,1
CCSc1nc2c(c(=O)[nH]1)[C@@H](C(=O)Nc1ccc(OC)cc1)CC(=O)N2,-4.50172,1
CCSc1nc2c(c(=O)[nH]1)[C@@H](c1ccc(OCC(N)=O)c(OC)c1)CC(=O)N2,-5.78128,1
CCSc1nc2c(c(=O)[nH]1)[C@@H](c1ccc([N+](=O)[O-])cc1)C1=C([O-])CC(C)(C)C=C1N2,-2.00715,1
CCSc1nc2c(c(=O)[nH]1)[C@H](C(=O)Nc1ccc(OC)cc1)CC(=O)N2,-5.84381,1
CCSc1nc2c(c(=O)[nH]1)[C@H](c1ccc([N+](=O)[O-])cc1)C1=C([O-])CC(C)(C)C=C1N2,-2.92158,1
CCSc1nc2c(c(=O)[nH]1)[C@H](c1cccc(O)c1)CC(=O)N2,-5.61611,1
CCSc1nc2n(n1)[C@@H](c1ccc(C(=O)[O-])cc1)/C(=C(/[O-])Nc1ccccc1C)C(C)=N2,-4.49104,1
CCSc1nc2n(n1)[C@@H](c1ccc(NC(C)=O)cc1)/C(=C(/[O-])Nc1ccccc1C)C(C)=N2,-2.70944,1
CCSc1nc2n(n1)[C@@H](c1ccc(NC(C)=O)cc1)C(C(=O)Nc1ccccc1C)=C(C)N2,-2.8066,1
CCSc1ncc(Cl)c(C(=O)N(Cc2ccc(OC)cc2)[C@@H]2CCS(=O)(=O)C2)n1,-3.16568,1
CCSc1ncc(Cl)c(C(=O)NCc2ccc(OC)cc2)n1,-6.24765,1
CCSc1ncc(Cl)c(C(=O)Nc2ccc(C(=O)OC)cc2)n1,-5.83796,1
CCSc1ncc(Cl)c(C(=O)Nc2ccc(NC(C)=O)cc2)n1,-8.22469,1
CCSc1ncc(Cl)c(C(=O)Nc2ccc(OC)cc2)n1,-5.11709,1
CCSc1ncc(Cl)c(C(=O)[N-]c2ccc(C(=O)OC)cc2)n1,-4.86625,1
CCSc1ncc(Cl)c(C(=O)[N-]c2nnc(C)s2)n1,-4.51997,1
CCSc1ncc(Cl)c(C(=O)[N-]c2nnc(SC)s2)n1,-2.56271,1
CCSc1nn(CC(=O)Nc2ccc(F)c(F)c2)c(N)c1S(=O)(=O)c1ccc(OC)cc1,-5.28659,1
CCSc1nn(CC(=O)Nc2cccc(F)c2)c(N)c1S(=O)(=O)c1ccc(OC)cc1,-6.36166,1
CCSc1nnc(NC(=O)CCCc2nc(-c3ccc(OC)cc3)no2)s1,-2.79333,1
CCSc1nnc(NC(=O)CSc2nccn2-c2cccc(C)c2)s1,-3.55584,1
CCSc1nnc(NC(=O)c2cccc([N+](=O)[O-])c2)s1,-1.89501,1
CCSc1nnc(NC(=O)c2nn(-c3ccc(OC)cc3)ccc2=O)s1,-3.00352,1
CCSc1nnc([N-]C(=O)CCCc2nc(-c3ccc(OC)cc3)no2)s1,-3.81525,1
CCSc1nnc([N-]C(=O)CSc2nccn2-c2ccc(OC)cc2)s1,-2.45363,1
CCSc1nnc([N-]C(=O)c2cc(-c3ccc(Cl)cc3)on2)s1,-2.8276,1
CCSc1nnc([N-]C(=O)c2cc(-c3ccc(OC)cc3)on2)s1,-5.76035,1
CCSc1nnc([N-]C(=O)c2cccc([N+](=O)[O-])c2)s1,-3.59681,1
CCSc1nnc([N-]C(=O)c2nc(SC(C)C)ncc2Cl)s1,-2.96895,1
CCSc1nnc2c(n1)O[C@@H](c1cc(OC)ccc1OC)Nc1ccccc1-2,-5.0928,1
CCSc1nnc2c(n1)O[C@@H](c1ccc(C(=O)[O-])cc1)N(C(C)=O)c1ccccc1-2,1.19605,1
CCSc1nnc2c(n1)O[C@@H](c1ccc(C(=O)[O-])cc1)Nc1ccc(Br)cc1-2,-3.53276,1
CCSc1nnc2c(n1)O[C@@H](c1ccc(O)c(OC)c1)Nc1ccccc1-2,-6.74258,1
CCSc1nnc2c(n1)O[C@@H](c1ccc(OC)c(O)c1)Nc1ccccc1-2,-6.72385,1
CCSc1nnc2c(n1)O[C@H](c1ccc(C(=O)[O-])cc1)Nc1ccc(Br)cc1-2,-2.36553,1
CCSc1nnc2c(n1)O[C@H](c1ccc(OC)c(O)c1)Nc1ccccc1-2,-5.73404,1
CC[C@@H](C(=O)Nc1nn2c(-c3ccc(OC)cc3)nnc2s1)c1ccccc1,-5.6571,1
CC[C@@H](C)NC(=O)CSc1nc(-c2ccc(OC)cc2)cc(C(F)(F)F)n1,-3.7852,1
CC[C@@H](C)NC(=O)c1cc(-c2ccc(O)cc2)on1,-6.32656,1
CC[C@@H](C)NC(=O)c1cc(-c2ccc([O-])cc2)on1,-2.31674,1
CC[C@@H](C)NC(=O)c1cc(-c2ccc3c(c2)OCO3)on1,-6.44972,1
CC[C@@H](O)c1nc2ccccc2n1CCOc1ccc(OC)cc1,-4.21421,1
CC[C@@H](Oc1ccc(F)cc1)C(=O)Nc1nonc1-c1ccc(OC)cc1,-3.65326,1
CC[C@@H](Oc1ccccc1)C(=O)Nc1nn2c(-c3ccc(OC)cc3)nnc2s1,-4.28265,1
CC[C@@H](SC1=Nc2ccccc2NC(CC(=O)OC)=C1)C(=O)Nc1ccc(OC)cc1,-5.96643,1
CC[C@@H](Sc1nc2c(cnn2-c2ccc(Cl)cc2)c(=O)[nH]1)C(=O)OC,-4.46746,1
CC[C@@H](Sc1nc2c(cnn2-c2ccc(F)cc2)c(=O)[n-]1)C(=O)OC,-4.55081,1
CC[C@@H](Sc1nc2c(cnn2-c2ccccc2)c(=O)[n-]1)C(=O)OC,-4.80269,1
CC[C@@H](Sc1nc2cccnc2[nH]1)C(=O)Nc1ccc(C(C)=O)cc1,-5.92002,1
CC[C@@H](Sc1nc2ncccc2[nH]1)C(=O)Nc1ccc(C(C)=O)cc1,-7.00282,1
CC[C@@H](Sc1nnc(CSc2ncccn2)n1-c1ccc(Cl)cc1)C(=O)OC,-4.12304,1
CC[C@@H]1CN(C(=O)N2CCC(C(=O)NCCCOC)CC2)c2cc(C)ccc2O1,-7.0718,1
CC[C@@H]1CN(C(=O)N2CCC(C(=O)NCCCOC)CC2)c2ccccc2O1,-6.46373,1
CC[C@@H]1Oc2cc(S(=O)(=O)N(C)CC(=O)NCc3ccc(C)cc3)c(C)cc2NC1=O,-5.78195,1
CC[C@@H]1Oc2cc(S(=O)(=O)N(C)CC(=O)NCc3ccccc3)c(C)cc2NC1=O,-4.81855,1
CC[C@@H]1Oc2cc(S(=O)(=O)N(C)CC(=O)Nc3ccc(C)c(C)c3)c(C)cc2NC1=O,-4.92007,1
CC[C@@H]1Oc2cc(S(=O)(=O)N(C)CC(=O)Nc3cccc(Cl)c3)c(C)cc2NC1=O,-4.6118,1
CC[C@@H]1Oc2cc(S(=O)(=O)N3CCC[C@@H](C(=O)NCc4cccnc4)C3)c(C)cc2NC1=O,-5.31003,1
CC[C@@H]1Oc2ccc(S(=O)(=O)N3CCN(C(=O)c4ccc(F)c(F)c4)CC3)cc2NC1=O,-6.89508,1
CC[C@@H]1Oc2ccc(S(=O)(=O)N3CCN(C(=O)c4ccc5c(c4)OCO5)CC3)cc2NC1=O,-5.3604,1
CC[C@@H]1Oc2ccc(S(=O)(=O)N3CCN(C(=O)c4cccc(C)c4)CC3)cc2NC1=O,-7.36554,1
CC[C@@H]1Oc2ccc(S(=O)(=O)N3CCN(C(=O)c4cccc(Cl)c4)CC3)cc2NC1=O,-6.26714,1
CC[C@@H]1Oc2ccc(S(=O)(=O)N3CCN(C(=O)c4ccccc4)CC3)cc2NC1=O,-6.11567,1
CC[C@@H]1Oc2ccccc2N(CC(=O)NCCCOC)C1=O,-4.22725,1
CC[C@@H]1Oc2ccccc2N(CC(=O)NCCOC)C1=O,-4.55459,1
CC[C@H](C(=O)Nc1nn2c(-c3ccc(OC)cc3)nnc2s1)c1ccccc1,-6.47682,1
CC[C@H](C)NC(=O)CCCc1nnc(C(=O)Nc2ccc(OC)cc2)s1,-2.97452,1
CC[C@H](C)NC(=O)Nc1cccc(-c2noc(-c3cncc(Br)c3)n2)c1,-4.69803,1
CC[C@H](C)NC(=O)c1cc(-c2ccc([O-])cc2)on1,-2.88631,1
CC[C@H](C)NC(=O)c1cn(-c2ccc(OC)cc2)nn1,-5.83964,1
CC[C@H](Oc1ccccc1)C(=O)Nc1nn2c(-c3ccc(OC)cc3)nnc2s1,-5.80651,1
CC[C@H](Oc1ccccc1F)C(=O)Nc1nc(-c2ccc(OC)cc2)ns1,-3.02778,1
CC[C@H](SC1=Nc2ccccc2NC(CC(=O)OC)=C1)C(=O)Nc1ccc(OC)cc1,-6.21748,1
CC[C@H](Sc1nc2c(cnn2-c2ccc(Cl)cc2)c(=O)[nH]1)C(=O)OC,-5.59261,1
CC[C@H](Sc1nc2c(cnn2-c2ccc(F)cc2)c(=O)[nH]1)C(=O)OC,-5.85989,1
CC[C@H](Sc1nc2c(cnn2-c2ccccc2)c(=O)[nH]1)C(=O)OC,-6.11014,1
CC[C@H](Sc1nc2cccnc2[nH]1)C(=O)Nc1ccc(Br)cc1,-6.0066,1
CC[C@H](Sc1nc2cccnc2[nH]1)C(=O)Nc1ccc(C(C)=O)cc1,-6.30287,1
CC[C@H](Sc1nc2cccnc2[nH]1)C(=O)Nc1ccc(Cl)cc1,-6.01108,1
CC[C@H](Sc1nc2cccnc2[nH]1)C(=O)Nc1ccc(F)cc1,-5.91067,1
CC[C@H](Sc1nc2ncccc2[nH]1)C(=O)Nc1ccc(C(C)=O)cc1,-6.96693,1
CC[C@H](Sc1nc2ncccc2[nH]1)C(=O)Nc1ccc(Cl)cc1,-6.42097,1
CC[C@H](Sc1nc2ncccc2[nH]1)C(=O)Nc1ccc(F)cc1,-5.80833,1
CC[C@H](Sc1nnc(CSc2ncccn2)n1-c1ccc(F)cc1)C(=O)OC,-3.60838,1
CC[C@H](Sc1nnc2c3ccccc3n(CC)c2n1)C(=O)Nc1ccc([N+](=O)[O-])cc1,-3.13469,1
CC[C@H]1CN(C(=O)N2CCC(C(=O)NCCCOC)CC2)c2ccccc2O1,-7.54498,1
CC[C@H]1Oc2cc(S(=O)(=O)N3CCC[C@@H](C(=O)NCc4ccccn4)C3)c(C)cc2NC1=O,-5.07069,1
CC[C@H]1Oc2ccccc2N(CC(=O)NCCOC)C1=O,-6.08575,1
CC[C@H]1Sc2ccc(S(=O)(=O)CCC(=O)Nc3cc(OC)ccc3OC)cc2NC1=O,-7.12639,1
CC[C@H]1Sc2ccc(S(=O)(=O)CCC(=O)Nc3ccc(F)cc3)cc2NC1=O,-5.78556,1
CC[C@H]1Sc2ccc(S(=O)(=O)CCC(=O)Nc3cccc(Br)c3)cc2NC1=O,-6.58364,1
CC[C@H]1c2cccn2-c2ccccc2CN1C(=O)NCc1cccc(OC)c1,-5.67479,1
CC[N+]1=C(Nc2ccc(C(=O)OC)cc2)S[C@@H](C(=O)Nc2ccccc2)CC1=O,-3.3584,1
CC[N+]1=C(Nc2ccc(C(=O)OC)cc2)S[C@H](C(=O)Nc2ccc(C(=O)[O-])cc2)CC1=O,-1.08749,1
CC[N+]1=C(Nc2ccc(C)c(C)c2)S[C@@H](C(=O)Nc2ccc(OC)cc2)CC1=O,-5.53008,1
CC[N+]1=C(Nc2ccc(OC(F)(F)Cl)cc2)S[C@H](C(=O)Nc2ccccc2)CC1=O,-2.98942,1
CC[N+]1=C(Nc2cccc(F)c2)S[C@@H](C(=O)Nc2ccc(OC)cc2)CC1=O,-5.02133,1
CC[N@@H+](CCCNC(=O)C1CCN(S(=O)(=O)N2CCOCC2)CC1)c1cccc(C)c1,-4.11258,1
CC[N@@H+](Cc1ccc(OC)cc1)Cc1cc(=O)n2c(C)csc2n1,-7.24329,1
CC[N@H+](Cc1ccc(OC)cc1)Cc1cc(=O)n2ccsc2n1,-6.33132,1
CC[N@H+]1CC[C@@H](N(Cc2ccc3c(c2)OCO3)C(=O)Nc2ccc(C)c(C)c2)CC1,-5.46596,1
CC[N@H+]1CC[C@@]2(CC1)N=C(SCC(=O)Nc1ccc(F)c(Cl)c1)C(c1ccc(OC)cc1)=N2,-5.32847,1
CC[N@H+]1CC[C@@]2(CC1)N=C(SCC(=O)Nc1ccc(F)c(F)c1)C(c1ccc(OC)cc1)=N2,-4.41555,1
CC[N@H+]1CC[C@]2(CC1)N=C(SCC(=O)Nc1ccc(F)c(Cl)c1)C(c1ccc(OC)cc1)=N2,-3.57097,1
CC[N@H+]1CC[C@]2(CC1)N=C(SCC(=O)Nc1ccccc1)C(c1ccc(OC)cc1)=N2,-4.39021,1
CC[NH+](CC)CCCNC(=O)CN1N=C(c2ccc(OC)cc2)CCC1=O,-6.21045,1
CC[NH+](CC)CCCNC(=O)c1cc2nc(-c3ccc([N+](=O)[O-])cc3)cc(C(F)(F)F)n2n1,-1.98449,1
CC[NH+](CC)c1ccc(/C=N/NC(=O)Cc2ccc([N+](=O)[O-])cc2)cc1,-3.15839,1
CC[NH+](CC)c1ccc([C@H]2/C(=C(\[O-])Nc3ccc(OC)cc3)C(C)=Nc3ncnn32)cc1,-3.41157,1
CC[NH+](CC)c1ccc([C@H]2NC(=O)NC(C)=C2C(=O)OCCOC)cc1,-5.61012,1
CC[NH+]1CCN(C(=O)CCc2nnc3ccc(N4CCC5(CC4)OCCO5)nn23)CC1,-5.8672,1
CC[NH+]1CCN(C(=O)CN(C)S(=O)(=O)c2cc3c(cc2Cl)NC(=O)CO3)CC1,-5.06861,1
CC[NH+]1CCN(C(=O)c2oc3ccccc3c2NC(=O)c2cccc(OC)c2)CC1,-5.92777,1
CC[NH+]1CCN(CCC(=O)Nc2ccc(OC)cc2)CC1,-5.91336,1
CC[NH+]1CCN(S(=O)(=O)c2ccc(-c3cc(C)no3)s2)CC1,-2.55904,1
CC[NH+]1CCN(c2ccc(N3CCN(S(=O)(=O)c4ccc(OC)cc4)CC3)nn2)CC1,-4.94712,1
CC[NH+]1CCN(c2nc(N)c([N+](=O)[O-])c(Nc3ccc(OC)cc3)n2)CC1,-5.35848,1
CC[NH+]1CCN(c2nc(Nc3ccc(OC)cc3)c([N+](=O)[O-])c(N)[nH+]2)CC1,-2.87679,1
CC[NH+]1CCN(c2nc(Nc3ccc(OC)cc3)c3cnn(-c4ccccc4)c3n2)CC1,-6.36659,1
CC[NH+]1CCN(c2nc(Nc3ccc(OC)cc3)c3cnn(C)c3n2)CC1,-5.35117,1
CC[NH+]1CCN(c2nc3cc(C(=O)OC)ccc3c(=O)n2-c2ccc(F)c(Cl)c2)CC1,-6.42374,1
CC[NH+]1CCN(c2ncc(C(=O)Nc3ccc(OC(F)(F)F)cc3)c(C)n2)CC1,-3.8636,1
CCc1c(C)[nH]c(-n2nc(C)cc2NC(=O)c2ccc(OC)cc2)nc1=O,-3.63312,1
CCc1c(C)nc(-n2nc(C)cc2NC(=O)COc2cccc(OC)c2)[nH]c1=O,-0.224471,1
CCc1c(C)nc(-n2nc(C)cc2NC(=O)c2ccc(OC)cc2)[nH]c1=O,-5.15929,1
CCc1c(C)nc(SCc2nc(-c3ccc(OC)cc3)oc2C)nc1O,-3.52653,1
CCc1c(C)nc2nc(-c3ccccc3)nn2c1Nc1ccc(C(C)=O)cc1,-7.65283,1
CCc1cc(=O)[n-]c(-n2nc(C)cc2NC(=O)COc2ccc(OC)cc2)n1,-2.66285,1
CCc1cc(=O)[n-]c(-n2nc(C)cc2NC(=O)c2cccc([N+](=O)[O-])c2)n1,0.731745,1
CCc1cc(=O)n2nc(NCc3ccc(OC)cc3)nc2[nH]1,-5.57686,1
CCc1cc(=O)nc(-n2nc(C)cc2NC(=O)COc2ccc(OC)cc2)[nH]1,-2.62592,1
CCc1cc(C(=O)N2CCC[C@@H]2c2ccc(C)cc2)no1,-4.3446,1
CCc1cc(C(=O)NCc2ccc(Cl)cc2)no1,-5.31086,1
CCc1cc(C(=O)Nc2c(C)nn(Cc3ccccc3C)c2C)no1,-3.40447,1
CCc1cc(C)cc(OCCOc2ccccc2[C@@H]2SC(NC(C)=O)=NN2C(C)=O)c1,-7.01895,1
CCc1cc([C@@H]2CCCN2C(=O)Nc2ccc(Br)cc2)on1,-3.93605,1
CCc1cc([C@@H]2CCCN2C(=O)Nc2ccc(C)cc2)on1,-4.60551,1
CCc1cc([C@@H]2CCCN2C(=O)Nc2ccccc2)on1,-4.62145,1
CCc1cc([C@@H]2CCCN2C(=O)c2cc(-c3ccc(OC)cc3)no2)on1,-3.45689,1
CCc1cc([C@@H]2CCCN2C(=O)c2cc(-c3cccc(OC)c3)no2)on1,-4.36536,1
CCc1cc([C@H]2CCCN2C(=O)c2cc(-c3cccc(OC)c3)no2)on1,-4.40633,1
CCc1cc([O-])n2nc(NCc3ccc(OC)cc3)nc2n1,-5.72428,1
CCc1cc2c(N3CCC[C@@H](C(=O)NCCCOC)C3)ncnc2s1,-6.97148,1
CCc1cc2c(N3CCC[C@H](C(=O)NCCCOC)C3)ncnc2s1,-5.9126,1
CCc1cc2c3c([nH]c2cc1S(=O)(=O)[N-]c1ccc(C(C)=O)cc1)CCCC3=O,-5.06696,1
CCc1cc2c3c([nH]c2cc1S(=O)(=O)[N-]c1ccc(NC(C)=O)cc1)CCCC3=O,-4.04677,1
CCc1ccc(-[n+]2c(SCC(=O)NCc3ccco3)nc3[n-]nc(C)c3c2N)cc1,-2.6695,1
CCc1ccc(-c2cc(C(=O)N3CCN(c4cccc(OC)c4)CC3)n[nH]2)cc1,-4.63168,1
CCc1ccc(-c2cc(C(=O)NCc3ccc(OC)cc3)[nH]n2)cc1,-5.00249,1
CCc1ccc(-c2cc(C(=O)NCc3ccc(OC)cc3)n[nH]2)cc1,-5.13733,1
CCc1ccc(-c2cc(C)no2)cc1S(=O)(=O)Nc1cc(Cl)ccc1OC,-0.529141,1
CCc1ccc(-c2cc(C)no2)cc1S(=O)(=O)[N-]c1ccc(F)cc1,-1.56728,1
CCc1ccc(-c2cc(C)no2)cc1S(=O)(=O)[N-]c1ccccc1F,-0.991598,1
CCc1ccc(-c2cc3c(SCC(=O)Nc4ccc(C(=O)OC)cc4)nccn3n2)cc1,-6.92292,1
CCc1ccc(-c2ccc(=O)[nH]n2)cc1S(=O)(=O)N1CCC(C)CC1,-5.76916,1
CCc1ccc(-c2ccc(=O)[nH]n2)cc1S(=O)(=O)N1CCN(CC)CC1,-6.24714,1
CCc1ccc(-c2ccc(=O)[nH]n2)cc1S(=O)(=O)Nc1ccc(C(C)C)cc1,-7.07098,1
CCc1ccc(-c2ccc(=O)[nH]n2)cc1S(=O)(=O)Nc1ccc(F)cc1,-5.36307,1
CCc1ccc(-c2ccc(=O)[nH]n2)cc1S(=O)(=O)[N-]c1ccc(F)cc1,-5.68052,1
CCc1ccc(-c2ccc3nnc(SCC(=O)NCc4ccc5c(c4)OCO5)n3n2)cc1,-7.47757,1
CCc1ccc(-c2nc(CSCC(=O)NCCCOC)c(C)o2)cc1,-7.33221,1
CCc1ccc(-c2nc(SCC(=O)NCCOC)c(-c3ccccc3)[nH]2)cc1,-5.85282,1
CCc1ccc(-n2c(=O)c3cccnc3n2CC(=O)NCc2ccc(OC)cc2)cc1,-5.40209,1
CCc1ccc(-n2c(=O)c3cccnc3n2CC(=O)Nc2ccc(C(C)=O)cc2)cc1,-5.39884,1
CCc1ccc(-n2c(C)nnc2SCc2nc(-c3ccc(OC)cc3OC)no2)cc1,-5.75993,1
CCc1ccc(-n2ccc(=O)c(C(=O)Nc3nnc(CC)s3)n2)cc1,-4.32549,1
CCc1ccc(-n2nc(C)c3c2NC(=O)C[C@@H]3C(=O)c2ccc3c(c2)OCO3)cc1,-4.75882,1
CCc1ccc(-n2nc(CO)c(C(=O)NCCCOC)n2)cc1,-7.53202,1
CCc1ccc(-n2nc(CO)c(C(=O)NC[C@H](C)O)n2)cc1,-6.4402,1
CCc1ccc(-n2nc(CO)c(C(=O)NCc3ccc(OC)cc3)n2)cc1,-4.10579,1
CCc1ccc(-n2nnc(-c3nsc(NC(=O)c4cccc(OC)c4)n3)c2C)cc1,-5.27188,1
CCc1ccc(C(=O)N[C@@H](Cc2c[nH]c3ccccc23)C(=O)OCC(=O)c2ccc(OC)cc2)cc1,-5.52292,1
CCc1ccc(C2=C[C@@H](c3ccc(OC)c(OC)c3)n3nnnc3N2)cc1,-6.41649,1
CCc1ccc(CN(C(=O)COc2ccc([N+](=O)[O-])cc2)c2ccccn2)cc1,-4.02649,1
CCc1ccc(CN(C)CCc2ccccn2)cc1,-4.33831,1
CCc1ccc(CNC(=O)c2cc3cc4ccc(OC)cc4nc3s2)cc1,-5.63305,1
CCc1ccc(CNC(=O)c2cnc3sc(N4CCOCC4)nn3c2=O)cc1,-4.68942,1
CCc1ccc(CNCCCSc2nnnn2C)cc1,0.393028,1
CCc1ccc(CNCc2c(C(=O)[O-])c(C)n(Cc3cccc(OC)c3)c2C)cc1,-4.9147,1
CCc1ccc(CNc2nc3[nH]c(C[NH+]4CCOCC4)cc(=O)n3n2)cc1,-3.62902,1
CCc1ccc(COC(=O)c2nnn(-c3ccc(OC)cc3)c2C)cc1,-0.384971,1
CCc1ccc(N(C)S(=O)(=O)c2ccc3ncc(C(=O)NCCCOC)c([O-])c3c2)cc1,-5.1638,1
CCc1ccc(N(C)S(=O)(=O)c2ccsc2C(=O)Nc2ccc(C(=O)OC)cc2)cc1,-0.336008,1
CCc1ccc(N(CC(=O)Nc2cc(Cl)ccc2OC)C2=N[C@@H]3CS(=O)(=O)C[C@@H]3S2)cc1,-3.44231,1
CCc1ccc(N(CC(=O)Nc2cc(Cl)ccc2OC)C2=[NH+][C@@H]3CS(=O)(=O)C[C@@H]3S2)cc1,0.466853,1
CCc1ccc(N2C(=O)C[C@H]([NH2+]CCc3c[nH]c4ccc(OC)cc34)C2=O)cc1,-5.51581,1
CCc1ccc(N2C(=O)N(CC(=O)NCc3ccc(OC)cc3)c3ccccc3S2(=O)=O)cc1,-4.0061,1
CCc1ccc(N2C[C@@H](c3nnc(NC(=O)c4ccc(NC(C)=O)cc4)s3)CC2=O)cc1,-6.56021,1
CCc1ccc(N2C[C@H](c3nc(-c4ccc(OC)cc4)no3)CC2=O)cc1,-4.58987,1
CCc1ccc(N2C[C@H](c3nnc(NC(=O)c4ccc(NC(=O)C(C)C)cc4)s3)CC2=O)cc1,-7.01363,1
CCc1ccc(N2C[C@H](c3nnc([N-]C(=O)CCc4ccc(OC)cc4)s3)CC2=O)cc1,-5.15921,1
CCc1ccc(NC(=O)C2CCN(S(=O)(=O)c3ccc(-c4cc[nH]n4)o3)CC2)cc1,-4.68288,1
CCc1ccc(NC(=O)CCC(=O)N/N=C/c2ccc(OC)cc2)cc1,-4.25985,1
CCc1ccc(NC(=O)CCC(=O)N/N=C/c2ccc([N+](=O)[O-])cc2)cc1,-3.11826,1
CCc1ccc(NC(=O)CCCc2nc(-c3ccco3)no2)cc1,-6.30136,1
CCc1ccc(NC(=O)CCS(=O)(=O)c2ccc3c(c2)CC(=O)N3C)cc1,-6.06588,1
CCc1ccc(NC(=O)CCc2c(C)nc3ncnn3c2C)cc1,-4.6194,1
CCc1ccc(NC(=O)CN(C)S(=O)(=O)c2ccc3c(c2)NC(=O)CO3)cc1,-6.1715,1
CCc1ccc(NC(=O)COc2ccc(-c3nc(CC)no3)cc2)cc1,-5.31158,1
CCc1ccc(NC(=O)COc2cccc(-c3nc(C(C)C)no3)c2)cc1,-3.15427,1
CCc1ccc(NC(=O)CSC2=NN3CCCC(=O)N=C3S2)cc1,-5.98271,1
CCc1ccc(NC(=O)CSc2ccc(-c3ccccn3)nn2)cc1,-6.82236,1
CCc1ccc(NC(=O)CSc2n[n+]3c(s2)NC(=O)CCC3)cc1,-5.72914,1
CCc1ccc(NC(=O)CSc2n[nH]c(-c3ccc(OC)cc3)n2)cc1,-5.28872,1
CCc1ccc(NC(=O)CSc2nc3ncccc3[nH]2)cc1,-5.31801,1
CCc1ccc(NC(=O)CSc2nc3ncccc3o2)cc1,-5.32992,1
CCc1ccc(NC(=O)CSc2nccn(-c3ccc(OC)cc3)c2=O)cc1,-3.35862,1
CCc1ccc(NC(=O)CSc2nccn2-c2ccc([N+](=O)[O-])cc2)cc1,-4.52491,1
CCc1ccc(NC(=O)CSc2nnc(CNC(=O)c3ccc(OC)cc3)o2)cc1,-4.65095,1
CCc1ccc(NC(=O)CSc2nnnn2-c2ccc(C(=O)[O-])cc2)cc1,-5.6243,1
CCc1ccc(NC(=O)CSc2nnnn2-c2ccc(C(N)=O)cc2)cc1,-8.40821,1
CCc1ccc(NC(=O)C[C@@H](C)S(=O)(=O)c2ccc3c(c2)CCN3C(C)=O)cc1,-1.61167,1
CCc1ccc(NC(=O)C[C@@H]2C(=O)N(c3ccc(OC)cc3)C(=O)N2CCC(C)C)cc1,-5.33739,1
CCc1ccc(NC(=O)C[C@@H]2C(=O)N(c3ccc(OC)cc3)C(=O)N2CCOC)cc1,-3.4155,1
CCc1ccc(NC(=O)C[C@@H]2C(=O)N(c3cccc(OC)c3)C(=O)N2C(C)C)cc1,-4.90305,1
CCc1ccc(NC(=O)C[C@H](c2ccc(OC)cc2)n2cccc2)cc1,-6.13947,1
CCc1ccc(NC(=O)Cc2ccc3nc(NC(C)=O)sc3c2)cc1,-2.30273,1
CCc1ccc(NC(=O)Cc2csc(NC(=O)c3ccco3)n2)cc1,-5.60006,1
CCc1ccc(NC(=O)N2CCC[C@H]2c2cc(C)no2)cc1,-4.72613,1
CCc1ccc(NC(=O)N2CCC[C@H]2c2cc(C)on2)cc1,-4.32295,1
CCc1ccc(NC(=O)Nc2ccc3c(c2)oc(=O)n3C)cc1,-7.32055,1
CCc1ccc(NC(=O)[C@@H](CC(C)C)NS(=O)(=O)c2ccc3c(c2)oc(=O)n3C)cc1,-5.80184,1
CCc1ccc(NC(=O)[C@@H]2CC(=O)N(c3ccc(OC)cc3)C2)cc1,-6.23187,1
CCc1ccc(NC(=O)[C@@H]2CC(c3cc(OC)ccc3OC)=NO2)cc1,-3.6398,1
CCc1ccc(NC(=O)[C@@H]2CC(c3ccc(OC)c(OC)c3)=NO2)cc1,-5.29472,1
CCc1ccc(NC(=O)[C@@H]2CC(c3ccc(OC)cc3)=NO2)cc1,-7.16245,1
CCc1ccc(NC(=O)[C@@H]2CC(c3cccc(OC)c3)=NO2)cc1,-5.79502,1
CCc1ccc(NC(=O)[C@@H]2CCCN(c3nc4cccnc4s3)C2)cc1,-6.28636,1
CCc1ccc(NC(=O)[C@H]2CC(=O)N(c3ccc(OC)cc3)C2)cc1,-5.93666,1
CCc1ccc(NC(=O)[C@H]2CC(c3cc(OC)ccc3OC)=NO2)cc1,-5.50434,1
CCc1ccc(NC(=O)[C@H]2CCCN(S(=O)(=O)c3ccc4[n-]c(=O)oc4c3)C2)cc1,-0.976184,1
CCc1ccc(NC(=O)[C@H]2CCCN(S(=O)(=O)c3ccc4[nH]c(=O)oc4c3)C2)cc1,-7.60551,1
CCc1ccc(NC(=O)c2c(C)cc(C)nc2SCC(=O)Nc2nccs2)cc1,-6.33515,1
CCc1ccc(NC(=O)c2ccc(-c3noc(CC)n3)cc2)cc1,-5.02659,1
CCc1ccc(NC(=O)c2cccs2)cc1,-6.27548,1
CCc1ccc(NC(=S)N(CCC[NH+]2CCOCC2)C2CCN(C(C)=O)CC2)cc1,-6.22515,1
CCc1ccc(NS(=O)(=O)c2cc(-c3cc(C)no3)ccc2OC)cc1,-4.67795,1
CCc1ccc(NS(=O)(=O)c2cc(-c3ccc(=O)[nH]n3)ccc2CC)cc1,-5.82602,1
CCc1ccc(NS(=O)(=O)c2cc(-c3noc(C)n3)ccc2C)cc1,-2.5864,1
CCc1ccc(NS(=O)(=O)c2cc(-c3noc(CC)n3)ccc2C)cc1,-4.56887,1
CCc1ccc(NS(=O)(=O)c2ccc(-c3ccno3)cc2OC)cc1,-3.52926,1
CCc1ccc(NS(=O)(=O)c2ccc3[nH]cc(C(=O)NCCOC)c(=O)c3c2)cc1,-5.30437,1
CCc1ccc(NS(=O)(=O)c2ccc3c(c2)oc(=O)n3C)cc1,-7.60011,1
CCc1ccc(N[C@H]2c3ncccc3C(=O)N2c2ccc(OC)cc2)cc1,-3.75395,1
CCc1ccc(Nc2c([N+](=O)[O-])n[n+](-c3ccc4c(c3)OCCO4)n2O)cc1,-5.52218,1
CCc1ccc(Nc2nc(-c3ccc(OC)cc3)no2)cc1,-5.79524,1
CCc1ccc(Nc2nc(=O)c(Cc3ccc(OC)cc3)n[nH]2)cc1,-6.56291,1
CCc1ccc(Nc2ncc3c(n2)C[C@@H](c2ccc(OC)cc2)CC3=O)cc1,-5.86613,1
CCc1ccc(Nc2nn3c(=O)c4ccc(C(=O)OC)cc4nc3s2)cc1,-6.16465,1
CCc1ccc(Nc2nnc(Cc3ccc(OC)cc3)c(=O)[n-]2)cc1,-5.25071,1
CCc1ccc(OCC(=O)NCCc2csc(-c3ccc(OC)cc3)n2)cc1,-4.46271,1
CCc1ccc(OCC(=O)Nc2ccc(Cl)cn2)cc1,-5.35041,1
CCc1ccc(OCC(=O)Nc2ccc3c(c2)NC(=O)CO3)cc1,-7.76272,1
CCc1ccc(OCC(=O)Oc2cccc(-n3cnnn3)c2)cc1,-3.76467,1
CCc1ccc(OCc2nc(-c3ccc(OC)cc3)no2)c(Br)c1,-5.96502,1
CCc1ccc(S(=O)(=O)Nc2cc(C(=O)[O-])ccc2N2CCN(c3ccccn3)CC2)cc1,-4.25927,1
CCc1ccc(S(=O)(=O)Nc2ccc3nc(NC(C)=O)sc3c2)cc1,-7.06466,1
CCc1ccc(S(=O)(=O)Nc2ccc3nc([N-]C(C)=O)sc3c2)cc1,-2.19604,1
CCc1ccc(S(=O)(=O)Nc2cccc(-c3ccc(OC)nn3)c2)cc1,-4.91643,1
CCc1ccc(S(=O)(=O)[N-]c2ccc3c(c2)oc(=O)n3CC)cc1,-5.41639,1
CCc1ccc(S(=O)(=O)[N-]c2ccc3c(c2)sc(=O)n3CC)cc1,-3.16864,1
CCc1ccc(S(=O)(=O)c2nnn3c2nc(NCc2cccc(OC)c2)c2ccccc23)cc1,-5.02955,1
CCc1ccc(S(=O)(=O)c2nnn3c2nc(Nc2ccc(NC(C)=O)cc2)c2sccc23)cc1,-8.07867,1
CCc1ccc([C@@H]2C[C@H](c3cc(OC)ccc3OC)n3nnnc3N2)cc1,-5.52242,1
CCc1ccc([C@@H]2C[C@H](c3cccc(OC)c3)Nc3ncnn32)cc1,-7.03367,1
CCc1ccc([C@@]2(C)SC(NC(C)=O)=NN2C(C)=O)cc1,-2.77439,1
CCc1ccc([C@H]2C3=C(O)C[C@H](c4ccc(OC)cc4)C=C3Nc3nnnn32)cc1,-4.5732,1
CCc1ccc([C@H]2CC(=O)c3c([nH]c(C(=O)OCCOC)c3C)C2)cc1,-5.44031,1
CCc1ccc([C@H]2C[C@@H](c3ccc(OC)cc3)n3ncnc3N2)cc1,-7.16054,1
CCc1ccc([C@]2(C)SC(NC(C)=O)=NN2C(C)=O)cc1,-3.51124,1
CCc1ccc([N-]S(=O)(=O)c2ccc3c(c2)oc(=O)n3C)cc1,-5.65531,1
CCc1ccc2nc(N(CCN(C)C)C(=O)c3ccc(C(C)=O)cc3)sc2c1,-5.13322,1
CCc1ccc2nc(N(CC[NH+](C)C)C(=O)c3ccc(C(C)=O)cc3)sc2c1,-6.6723,1
CCc1ccc2occ(CC(=O)N(Cc3ccc(OC)cc3)[C@@H]3CCS(=O)(=O)C3)c2c1,-3.94057,1
CCc1cccc(-n2nc(C)c3c2NC(=O)C[C@@H]3C(=O)c2ccc(OC)cc2)c1,-4.73307,1
CCc1cccc(-n2nc(C)c3c2NC(=O)C[C@H]3C(=O)c2ccc(OC)cc2)c1,-5.80443,1
CCc1cccc(-n2nnc(-c3nc(-c4ccc(OC)cc4)no3)c2N)c1,-5.78749,1
CCc1cccc(C)c1Nc1c(-c2ccc(C(=O)NC)cc2)nc2cnccn12,-7.75283,1
CCc1cccc(C)c1Nc1c(-c2ccc(O)cc2)nc2cnccn12,-4.71967,1
CCc1cccc(N/C(NCCc2c[nH]c3ccccc23)=[NH+]\C(=O)c2ccc(NC(C)=O)cc2)c1,-2.50608,1
CCc1cccc(N/C(NCCc2c[nH]c3ccccc23)=[NH+]\C(=O)c2ccc(OC)cc2)c1,-3.57873,1
CCc1cccc(NC(=O)CCS(=O)(=O)c2ccc3c(c2)CC(=O)N3C)c1,-7.5938,1
CCc1cccc(NC(=O)CN(C)S(=O)(=O)c2cc3c(cc2C)NC(=O)[C@@H](C)O3)c1,-4.66576,1
CCc1cccc(NC(=O)CN(C)S(=O)(=O)c2cc3c(cc2C)NC(=O)[C@H](C)O3)c1,-3.20448,1
CCc1cccc(NC(=O)CN(C2=N[C@@H]3CS(=O)(=O)C[C@@H]3S2)c2ccc(C)c(C)c2)c1,-3.1063,1
CCc1cccc(NC(=O)C[C@@H](C)S(=O)(=O)c2ccc3c(c2)NC(=O)[C@@H](C)S3)c1,-5.6906,1
CCc1cccc(NC(=O)N[C@@H]2COc3ccc(OC)cc3C2)c1,-6.56002,1
CCc1cccc(NC(=O)c2cn(-c3ccc(OC)cc3)c(=O)c3ccccc23)c1,-6.28941,1
CCc1cccc(NC(=O)c2n[nH]c3c2CCc2cc(OC)ccc2-3)c1,-5.06945,1
CCc1cccc(NS(=O)(=O)c2cc(-c3cnc(C)o3)ccc2OC)c1,-6.45609,1
CCc1cccc(NS(=O)(=O)c2ccc(-c3cc(C)no3)s2)c1,-4.32904,1
CCc1cccc(NS(=O)(=O)c2ccc(-c3ccno3)cc2OC)c1,-2.41378,1
CCc1cccc([N-]S(=O)(=O)c2cc(-c3cc(C)no3)ccc2C)c1,-0.0887103,1
CCc1cccc([N-]S(=O)(=O)c2ccc(-c3cc(C)no3)s2)c1,-5.56552,1
CCc1cccc([N-]S(=O)(=O)c2ccc3c(c2)CCN3C(=O)CCC(=O)N2CCOCC2)c1,-3.56246,1
CCc1ccccc1-n1nnc2c(sc3nc(C)ccc32)c1=O,-6.29282,1
CCc1ccccc1N(Cc1nnc2n1CCCCC2)C(=O)Nc1ccc(OC)cc1,-5.60335,1
CCc1ccccc1N/C(NCCc1c[nH]c2ccccc12)=[NH+]/C(=O)c1ccc(OC)cc1,-4.92672,1
CCc1ccccc1N1C[C@H](c2nnc([N-]C(=O)c3ccc(OC)cc3)s2)CC1=O,-4.26939,1
CCc1ccccc1NC(=O)CCCc1nc(-c2ccc(OC)cc2)no1,-4.03663,1
CCc1ccccc1NC(=O)CCCc1nc(-c2cccs2)no1,-2.69973,1
CCc1ccccc1NC(=O)CCc1nc(-c2ccncc2)no1,-5.03188,1
CCc1ccccc1NC(=O)CSCc1cc(=O)c2cc(OC)ccc2[nH]1,-5.77518,1
CCc1ccccc1NC(=O)CSc1nnc2[nH]c(=O)c(-c3ccc(OC)cc3)nn12,-3.47426,1
CCc1ccccc1NC(=O)Cn1nnc(C(=O)NCc2ccc(OC)cc2)c1N,-3.6015,1
CCc1ccccc1NC(=O)[C@@H](CCSC)NS(=O)(=O)c1ccc2c(c1)oc(=O)n2C,-6.07537,1
CCc1ccccc1NC(=O)[C@H]1CCCN(S(=O)(=O)c2cc3c(cc2C)NC(=O)CO3)C1,-4.28968,1
CCc1ccccc1Nc1nn2c(=O)c3ccc(C(=O)OC)cc3nc2s1,-5.94869,1
CCc1n[nH]/c(=N/C(=O)COc2ccccc2-c2nc(-c3ccc(C)cc3)no2)s1,-3.56953,1
CCc1n[nH]/c(=N/C(=O)CSc2nc3c([nH]c4ccccc43)c(=O)n2-c2ccc(Cl)cc2)s1,-1.61418,1
CCc1n[nH]/c(=N\C(=O)COc2ccccc2-c2nc(-c3cccc(C)c3)no2)s1,-3.48601,1
CCc1n[nH]/c(=N\C(=O)COc2ccccc2-c2nc(-c3ccccc3C)no2)s1,-2.47539,1
CCc1n[nH]c(SCC(=O)c2ccc(Br)cc2)n1,-6.92386,1
CCc1n[nH]c(SCC(=O)c2ccc(Cl)cc2)n1,-6.80407,1
CCc1n[nH]c(SCC(=O)c2ccc(F)cc2)n1,-5.70742,1
CCc1n[nH]c(SCc2noc(CCC(=O)Nc3ccc(Br)c(C)c3)n2)n1,-6.77699,1
CCc1nc(-c2cc(S(=O)(=O)N3CCC(C)CC3)c(C)s2)no1,-2.75425,1
CCc1nc(-c2cc(S(=O)(=O)Nc3ccc(C(C)=O)cc3)c(C)s2)no1,-6.79888,1
CCc1nc(-c2cc(S(=O)(=O)Nc3ccc(C)cc3Br)c(C)s2)no1,-1.70478,1
CCc1nc(-c2cc(S(=O)(=O)Nc3ccc(C)cc3Cl)c(C)s2)no1,-2.21481,1
CCc1nc(-c2cc(S(=O)(=O)Nc3ccccc3Cl)c(C)s2)no1,-0.179148,1
CCc1nc(-c2cc(S(=O)(=O)[N-]c3ccc(C(C)=O)cc3)c(C)s2)no1,-4.64177,1
CCc1nc(-c2cc(S(=O)(=O)[N-]c3ccc(OC(F)(F)F)cc3)c(C)s2)no1,4.69032,1
CCc1nc(-c2cc(S(=O)(=O)[N-]c3ccccc3Cl)c(C)s2)no1,-1.97734,1
CCc1nc(-c2ccc(-c3ccc(OC)cc3)nc2OC)no1,-6.01398,1
CCc1nc(-c2ccc(-c3ccccc3)nc2OC)no1,-5.18788,1
CCc1nc(-c2ccc(C(=O)NCC(=O)Nc3ccccc3C)cc2)no1,-3.42732,1
CCc1nc(-c2ccc(C(=O)Nc3cc(F)ccc3F)cc2)no1,-5.30975,1
CCc1nc(-c2ccc(C(=O)Nc3ccc(Br)cc3F)cc2)no1,-5.33061,1
CCc1nc(-c2ccc(C(=O)Nc3ccc(C#N)cc3)cc2)no1,-1.69418,1
CCc1nc(-c2ccc(C(=O)Nc3ccc(C(C)=O)cc3)cc2)no1,-6.67233,1
CCc1nc(-c2ccc(C(=O)Nc3ccc(C(C)C)cc3)cc2)no1,-5.08171,1
CCc1nc(-c2ccc(C(=O)Nc3ccc(C)cc3)cc2)no1,-5.43215,1
CCc1nc(-c2ccc(C(=O)Nc3ccc(Cl)cc3)cc2)no1,-5.07909,1
CCc1nc(-c2ccc(C(=O)Nc3ccc(F)cc3)cc2)no1,-5.16456,1
CCc1nc(-c2ccc(C(=O)Nc3ccc(F)cc3F)cc2)no1,-5.26318,1
CCc1nc(-c2ccc(C(=O)Nc3ccc(NC(C)=O)cc3)cc2)no1,-3.03728,1
CCc1nc(-c2ccc(C(=O)Nc3cccc(C)c3C)cc2)no1,-5.44642,1
CCc1nc(-c2ccc(C(=O)Nc3ccccc3)cc2)no1,-5.47562,1
CCc1nc(-c2ccc(C(=O)Nc3ccccc3C)cc2)no1,-5.52615,1
CCc1nc(-c2ccc(C(=O)Nc3ccccc3CC)cc2)no1,-5.15564,1
CCc1nc(-c2ccc(C(=O)Nc3ccccc3Cl)cc2)no1,-5.27782,1
CCc1nc(-c2ccc(C)c(S(=O)(=O)N3CCC(C(=O)NC)CC3)c2)no1,-2.70332,1
CCc1nc(-c2ccc(C)c(S(=O)(=O)Nc3ccc(NC(C)=O)cc3)c2)no1,-6.15353,1
CCc1nc(-c2ccc(C)c(S(=O)(=O)Nc3ccc(OC)cc3)c2)no1,-1.73267,1
CCc1nc(-c2ccc(C)c(S(=O)(=O)Nc3ccccc3)c2)no1,-3.28645,1
CCc1nc(-c2ccc(C)c(S(=O)(=O)[N-]c3ccccc3)c2)no1,-2.53891,1
CCc1nc(-c2ccc(N3CCN(C(=O)CNC(=O)c4ccccc4)CC3)cc2)no1,-3.42302,1
CCc1nc(-c2ccc(N3CCN(C(=O)Nc4cc(C)cc(C)c4)CC3)cc2)no1,-3.76576,1
CCc1nc(-c2ccc(N3CCN(C(=O)Nc4cc(OC)ccc4OC)CC3)cc2)no1,-4.57793,1
CCc1nc(-c2ccc(N3CCN(C(=O)c4ccc(C)c(NC(=O)c5ccco5)c4)CC3)cc2)no1,-4.61262,1
CCc1nc(-c2ccc(N3CCN(C(=O)c4ccc(C)c(NC(C)=O)c4)CC3)cc2)no1,-4.71152,1
CCc1nc(-c2cccc(NC(=O)CCc3ccc(OC)cc3)c2)no1,-4.3405,1
CCc1nc(-c2cccc(NC(=O)Cc3ccc(Cl)cc3)c2)no1,-3.45875,1
CCc1nc(-c2cccc(NC(=O)Cc3cccc(OC)c3)c2)no1,-3.95046,1
CCc1nc(-c2cccc(NC(=O)[C@H]3CC(=O)N(c4ccc(C)c(C)c4)C3)c2)no1,-2.82696,1
CCc1nc(-c2cccc(NC(=O)[C@H]3CC(=O)N(c4cccc(Cl)c4)C3)c2)no1,-3.70388,1
CCc1nc(-c2cccc(NC(=O)[C@H]3CC(=O)N(c4ccccc4)C3)c2)no1,-5.03485,1
CCc1nc(-c2cccc(NC(=O)c3ccc(C#N)cc3)c2)no1,-6.80337,1
CCc1nc(-c2cccc(NC(=O)c3ccc(C(F)(F)F)cc3)c2)no1,-3.38979,1
CCc1nc(-c2cccc(NC(=O)c3ccc(Cl)cc3)c2)no1,-3.39736,1
CCc1nc(-c2cccc(NC(=O)c3ccc(OC)cc3)c2)no1,-5.3937,1
CCc1nc(-c2cccc(NC(=O)c3cccc(Cl)c3)c2)no1,-3.6309,1
CCc1nc(-c2cccc(NC(=O)c3cccc(F)c3)c2)no1,-3.26179,1
CCc1nc(-c2cccc(NC(=O)c3ccccc3)c2)no1,-3.48802,1
CCc1nc(-c2cccc(S(=O)(=O)N3CCC(C(=O)Nc4cccc(C)c4C)CC3)c2)no1,-1.25582,1
CCc1nc(-c2cccc(S(=O)(=O)N3CCC(C(=O)Nc4ccccc4F)CC3)c2)no1,-2.91467,1
CCc1nc(SC)ncc1C(=O)Nc1ccc(C(C)=O)cc1,-7.67816,1
CCc1nc(SC)ncc1C(=O)Nc1ccc(NC(C)=O)cc1,-8.0229,1
CCc1nc(SCC(=O)c2ccc(Br)cc2)n[nH]1,-5.38733,1
CCc1nc(SCC(=O)c2ccc(Cl)cc2)n[nH]1,-5.27374,1
CCc1nc2c(Cc3ccc(C(=O)NC)cc3)cccc2c(=O)n1CC,-8.939,1
CCc1nc2c(Cc3ccc(C=O)cc3)cccc2c(=O)n1CC,-8.393,1
CCc1nc2cc(Cc3ccc(C(=O)NC(=O)NC)cc3)ccc2c(=O)n1C,-10.89,1
CCc1nc2cc(Cc3ccc(C(=O)NC)cc3)ccc2c(=O)n1C,-9.385,1
CCc1nc2cc(Cc3ccc(C=O)cc3)ccc2c(=O)n1C,-8.789,1
CCc1nc2cc(Cc3ccc4c(NC(C)=O)n[nH]c4c3)ccc2c(=O)n1C,-6.033,1
CCc1nc2cc(Cc3ccc4c(NC=O)n[nH]c4c3)ccc2c(=O)n1C,-9.729,1
CCc1nc2ccc(Cc3ccc(C(=O)NC(=O)NC)cc3)cc2c(=O)n1C,-8.48,1
CCc1nc2ccc(Cc3ccc(C(=O)NC(C)=O)cc3)cc2c(=O)n1C,-10.71,1
CCc1nc2ccc(Cc3ccc(C(=O)NC)cc3)cc2c(=O)n1C,-9.344,1
CCc1nc2ccc(Cc3ccc(C(=O)NC=O)cc3)cc2c(=O)n1C,-10.61,1
CCc1nc2ccc(Cc3ccc(C=O)cc3)cc2c(=O)n1C,-8.85,1
CCc1nc2ccc(Cc3ccc4c(NC(C)=O)n[nH]c4c3)cc2c(=O)n1C,-6.845,1
CCc1nc2ccc(Cc3ccc4c(NC=O)n[nH]c4c3)cc2c(=O)n1C,-9.852,1
CCc1nc2ccccc2n1C[C@@H](O)COc1ccc(OC)cc1,-5.13928,1
CCc1nn2c(=O)cc(COC(=O)c3ccc(NC(=O)c4ccco4)cc3)nc2s1,-7.44517,1
CCc1nn2c(=O)cc(COC(=O)c3ccc(OC)cc3)nc2s1,-6.3119,1
CCc1nn2c(=O)cc(COc3ccc(NC(=O)c4ccco4)cc3)nc2s1,-8.0145,1
CCc1nn2c(=O)cc(COc3cccc(NC(=O)c4ccc(OC)cc4)c3)nc2s1,-5.58744,1
CCc1nn2c(=O)cc(COc3cccc(NC(=O)c4ccco4)c3)nc2s1,-5.20621,1
CCc1nn2c(=O)cc(COc3cccc(NC(C)=O)c3)nc2s1,-6.5611,1
CCc1nn2c(=O)cc(CSc3nc4ccc(NC(=O)c5ccco5)cc4s3)nc2s1,-6.00115,1
CCc1nn2c(=O)cc(CSc3nnc([N-]C(=O)C(C)C)s3)nc2s1,-1.82484,1
CCc1nnc(-c2cc3ccccc3n2CC(=O)NCCOC)o1,-5.74416,1
CCc1nnc(NC(=O)CCCOc2ccc(Cl)cc2)s1,-3.84041,1
CCc1nnc(NC(=O)CCCOc2ccc(OC)cc2)s1,-3.75769,1
CCc1nnc(NC(=O)CCc2nc(-c3ccc(C)cc3)no2)s1,1.47776,1
CCc1nnc(NC(=O)COc2ccccc2-c2nc(-c3ccc(OC)cc3)no2)s1,-1.29009,1
CCc1nnc(NC(=O)COc2ccccc2-c2nc(-c3ccccc3)no2)s1,-3.43072,1
CCc1nnc(NC(=O)COc2ccccc2-c2nc(-c3ccccc3C)no2)s1,-2.63556,1
CCc1nnc(NC(=O)COc2ccccc2-c2nc(C)no2)s1,-4.24564,1
CCc1nnc(NC(=O)CSc2nccn2-c2ccccc2)s1,-3.50534,1
CCc1nnc(NC(=O)CSc2nnc(-c3ccc([N+](=O)[O-])cc3)o2)s1,-3.65605,1
CCc1nnc(NC(=O)Cc2csc(-c3ccccc3)n2)s1,-2.80571,1
CCc1nnc(NC(=O)c2cc(Cl)ccc2Cl)s1,-4.17186,1
CCc1nnc(NC(=O)c2nn(-c3ccc(Cl)cc3)ccc2=O)s1,-2.34078,1
CCc1nnc(NC(=O)c2nn(-c3ccc(OC)cc3)ccc2=O)s1,-6.03229,1
CCc1nnc(NC(=O)c2nn(-c3cccc(Cl)c3)ccc2=O)s1,-2.22061,1
CCc1nnc(NC(=O)c2nn(-c3ccccc3)ccc2=O)s1,-4.13038,1
CCc1nnc(NC(=O)c2sc(COc3ccc(Cl)c(C)c3)nc2C)s1,-1.93566,1
CCc1nnc(NC(=O)c2sc(COc3cccc(C)c3)nc2C)s1,-2.46597,1
CCc1nnc([N-]C(=O)CCCOc2ccc(Cl)cc2)s1,-1.99019,1
CCc1nnc([N-]C(=O)CCCOc2ccc(OC)cc2)s1,-2.29133,1
CCc1nnc([N-]C(=O)CCCc2nc(-c3ccc(Cl)cc3)no2)s1,-0.706225,1
CCc1nnc([N-]C(=O)CCc2ccc(-c3ccc(C)cc3)o2)s1,-2.12045,1
CCc1nnc([N-]C(=O)COc2ccccc2-c2nc(C)no2)s1,-2.28475,1
CCc1nnc([N-]C(=O)CSc2nc(-c3ccccc3)nc3cc(O)nn23)s1,-1.36223,1
CCc1nnc([N-]C(=O)CSc2nccn2-c2ccccc2)s1,-3.50326,1
CCc1nnc([N-]C(=O)CSc2nnc(-c3ccc([N+](=O)[O-])cc3)o2)s1,-3.11157,1
CCc1nnc([N-]C(=O)Cc2csc(-c3ccccc3)n2)s1,-4.03563,1
CCc1nnc([N-]C(=O)c2cc(-c3ccc(Cl)cc3)on2)s1,-3.76184,1
CCc1nnc([N-]C(=O)c2cc(Cl)ccc2Cl)s1,-2.76066,1
CCc1nnc([N-]C(=O)c2nc(S(=O)(=O)CC)ncc2Cl)s1,-4.29538,1
CCc1nnc([N-]C(=O)c2nc(S(=O)(=O)Cc3ccc(C)cc3)ncc2Cl)s1,-2.94562,1
CCc1nnc([N-]C(=O)c2nc(SCc3ccccc3F)ncc2Cl)s1,-2.94429,1
CCc1nnc([N-]C(=O)c2nn(-c3ccc(C)cc3)ccc2=O)s1,-3.53821,1
CCc1nnc([N-]C(=O)c2nn(-c3cccc(C)c3)ccc2=O)s1,-2.97037,1
CCc1nnc([N-]C(=O)c2nn(-c3cccc(Cl)c3)ccc2=O)s1,-3.42902,1
CCc1nnc([N-]C(=O)c2nn(-c3ccccc3)ccc2=O)s1,-4.74615,1
CCc1nnc2c(Nc3ccc(C(C)=O)cc3)nc3ccccc3n12,-5.58474,1
CCc1nnc2c3ccccc3nc(Nc3ccc(C(=O)[O-])cc3)n12,-5.34828,1
CCc1nnc2n1N[C@@H](c1ccc(OC)c(Cl)c1)[C@H](C(=O)Nc1cccc(OC)c1)S2,-5.96719,1
CCc1nnc2n1N[C@@H](c1ccc(OC)cc1)[C@H](C(=O)Nc1cccc(OC)c1)S2,-5.89251,1
CCc1noc(-c2ccc(N3CCCC3)c([N+](=O)[O-])c2)n1,-4.3045,1
CCc1noc(-c2ccc(N3CCN(C)CC3)c([N+](=O)[O-])c2)n1,-2.8716,1
CCc1noc(-c2ccc(N3CCOCC3)c([N+](=O)[O-])c2)n1,-4.44344,1
CCc1noc(-c2ccc(N3CC[NH+](C)CC3)c([N+](=O)[O-])c2)n1,-4.7061,1
CCc1noc(-c2ccc(NC(=O)[C@@H]3CC(=O)N(c4ccccc4)C3)cc2)n1,-3.59074,1
CCc1noc(-c2ccc(NC(=O)c3ccc(C)cc3)cc2)n1,-5.84238,1
CCc1noc(-c2ccc(NC(=O)c3ccc(F)cc3)cc2)n1,-5.55154,1
CCc1noc(-c2ccc(NC(=O)c3ccc(OC)cc3)cc2)n1,-5.92362,1
CCc1noc(-c2ccc(NC(=O)c3ccccc3)cc2)n1,-5.56,1
CCc1noc(-c2ccc(NC(=O)c3ccncc3)cc2)n1,-5.66605,1
CCc1noc(-c2ccc(NC)c([N+](=O)[O-])c2)n1,-5.04996,1
CCc1noc(-c2ccc(NCc3cccnc3)c([N+](=O)[O-])c2)n1,-6.1694,1
CCc1noc(-c2ccc(OCC(=O)NCc3ccc(Cl)cc3)cc2)n1,-5.76427,1
CCc1noc(-c2ccc(OCC(=O)Nc3ccc(C(C)=O)cc3)cc2)n1,-4.63041,1
CCc1noc(-c2ccc(OCC(=O)Nc3cccc(C)c3C)cc2)n1,-4.87141,1
CCc1noc(-c2ccc(OCC(=O)Nc3cccc(Cl)c3C)cc2)n1,-5.1809,1
CCc1noc(-c2ccc(OCC(=O)Nc3ccccc3Cl)cc2)n1,-5.23611,1
CCc1noc(-c2cccc(NC(=O)COc3ccccc3)c2)n1,-3.68103,1
CCc1noc(-c2cccc(NC(=O)c3ccc(C)cc3)c2)n1,-4.0112,1
CCc1noc(-c2cccc(NC(=O)c3ccc(F)cc3)c2)n1,-5.36233,1
CCc1noc(-c2cccc(NC(=O)c3ccc(OC)cc3)c2)n1,-4.30442,1
CCc1noc(-c2cccc(NC(=O)c3ccccc3)c2)n1,-5.39255,1
CCc1noc(-c2cccc(NC(=O)c3ccccc3Br)c2)n1,-3.472,1
CCc1noc(-c2cccc(NC(=O)c3ccccc3C)c2)n1,-3.67397,1
CCc1noc(-c2cccc(NC(=O)c3ccccc3Cl)c2)n1,-3.71949,1
CCc1noc(-c2cccc(NC(=O)c3ccccc3F)c2)n1,-5.5991,1
CCc1noc(-c2cccc(OCC(=O)NCc3ccc[nH+]c3)c2)n1,-4.01456,1
CCc1noc(-c2cccc(OCC(=O)NCc3cccnc3)c2)n1,-4.19699,1
CCc1noc(-c2cccc(OCC(=O)Nc3ccc(C)cc3)c2)n1,-4.90388,1
CCc1noc(-c2cccc(OCC(=O)Nc3ccc(Cl)cc3)c2)n1,-3.60473,1
CCc1noc(-c2cccc(OCC(=O)Nc3cccc(C)c3)c2)n1,-2.37611,1
CCc1noc(-c2cccc(OCC(=O)Nc3cccc(Cl)c3)c2)n1,-3.93101,1
CCc1noc(-c2cccc(OCC(=O)Nc3ccccc3C(C)C)c2)n1,-1.89084,1
CCc1noc(-c2cccc(OCC(=O)Nc3ccccc3Cl)c2)n1,-4.07952,1
CCc1noc(-c2cccc(OCC(=O)Nc3ccccc3F)c2)n1,-3.23961,1
CCn1c(-c2cccc(/C=C/C(=O)NC(=O)NC)c2)c[nH+]c1Cc1ccccc1,-10.86,1
CCn1c(-c2cccc(/C=C/C(=O)NC(C)=O)c2)c[nH+]c1Cc1ccccc1,-10.98,1
CCn1c(-c2cccc(/C=C/C(=O)NC)c2)c[nH+]c1Cc1ccccc1,-8.675,1
CCn1c(-c2cccc(/C=C/C(=O)NC=O)c2)c[nH+]c1Cc1ccccc1,-10.56,1
CCn1c(=O)[nH]c2cc(-c3noc(-c4ccc(C)c(NC(=O)c5ccco5)c4)n3)ccc21,-7.37033,1
CCn1c(=O)oc2cc(NC(=O)c3cccc(C)c3)ccc21,-7.57335,1
CCn1c(=O)oc2cc(NC(=O)c3cccc(Cl)c3)ccc21,-7.34108,1
CCn1c(=O)oc2cc(NS(=O)(=O)c3ccc(C(C)C)cc3)ccc21,-6.84118,1
CCn1c(=O)oc2cc(NS(=O)(=O)c3ccc(NC(C)=O)cc3)ccc21,-3.82478,1
CCn1c(=O)oc2cc(NS(=O)(=O)c3ccc(OC)cc3)ccc21,-4.53299,1
CCn1c(=O)oc2cc([N-]S(=O)(=O)c3ccc(Br)cc3)ccc21,-5.65252,1
CCn1c(=O)oc2cc([N-]S(=O)(=O)c3ccc(C(C)C)cc3)ccc21,-4.67155,1
CCn1c(=O)oc2cc([N-]S(=O)(=O)c3ccc(CC(C)C)cc3)ccc21,-5.39879,1
CCn1c(=O)oc2cc([N-]S(=O)(=O)c3ccc(Cl)cc3)ccc21,-5.5685,1
CCn1c(=O)oc2cc([N-]S(=O)(=O)c3ccc(NC(C)=O)cc3)ccc21,-4.17004,1
CCn1c(=O)oc2cc([N-]S(=O)(=O)c3ccc(OC)cc3)ccc21,-5.0425,1
CCn1c(=O)sc2cc(NC(=O)c3cc(OC)c(OC)c(OC)c3)ccc21,-6.70329,1
CCn1c(=O)sc2cc(NC(=O)c3cc(OC)cc(OC)c3)ccc21,-6.25458,1
CCn1c(=O)sc2cc(NC(=O)c3cccc(C)c3)ccc21,-6.14067,1
CCn1c(=O)sc2cc([N-]S(=O)(=O)c3ccc(F)cc3)ccc21,-3.23901,1
CCn1c(C(=O)NCc2cccc(OC)c2)cc2cc(S(=O)(=O)N(C)C)ccc21,-4.23449,1
CCn1c(C)nc2cc(Cc3ccc(C(=O)NC(=O)NC)cc3)ccc2c1=O,-8.588,1
CCn1c(C)nc2cc(Cc3ccc(C(=O)NC(C)=O)cc3)ccc2c1=O,-10.28,1
CCn1c(C)nc2cc(Cc3ccc(C(=O)NC)cc3)ccc2c1=O,-9.43,1
CCn1c(C)nc2cc(Cc3ccc(C(=O)NC=O)cc3)ccc2c1=O,-10.31,1
CCn1c(C)nc2cc(Cc3ccc4c(NC(C)=O)n[nH]c4c3)ccc2c1=O,-6.695,1
CCn1c(C)nc2cc(Cc3ccc4c(NC=O)n[nH]c4c3)ccc2c1=O,-9.861,1
CCn1c(CCCNC(=O)COc2ccccc2)[nH+]c2ccccc21,-2.38611,1
CCn1c(CCCNC(=O)COc2ccccc2)nc2ccccc21,-4.37436,1
CCn1c(CCCNC(=O)c2ccco2)nc2ccccc21,-6.15795,1
CCn1c(CCc2ccc(NC(=O)c3ccc(C#N)cc3)cc2)[nH+]c2ccccc21,-5.90941,1
CCn1c(CN2CCCC2)[nH+]c2cc(NC(=O)c3ccco3)ccc21,-5.39265,1
CCn1c(CN2CCN(C(=O)c3ccccc3)CC2)[nH+]c2cc(NC(=O)c3ccco3)ccc21,-2.60659,1
CCn1c(CN2CCN(C(=O)c3ccco3)CC2)[nH+]c2cc(NC(C)=O)ccc21,-2.21105,1
CCn1c(CN2CCN(C(=O)c3ccco3)CC2)nc2cc(NC(C)=O)ccc21,-2.10765,1
CCn1c(CN2CCN(C(C)=O)CC2)[nH+]c2cc(NC(=O)C3CCCCC3)ccc21,-3.28388,1
CCn1c(CN2CCN(C(C)=O)CC2)[nH+]c2cc(NC(=O)COc3ccccc3C)ccc21,-1.09418,1
CCn1c(CN2CCN(C(C)=O)CC2)nc2cc(NC(=O)COc3ccc(C)cc3)ccc21,-3.48223,1
CCn1c(CN2CCN(C(C)=O)CC2)nc2cc(NC(=O)COc3ccccc3C)ccc21,-3.79161,1
CCn1c(CN2CCN(S(C)(=O)=O)CC2)[nH+]c2cc(NC(=O)COc3ccccc3)ccc21,-2.0873,1
CCn1c(CN2CCN(S(C)(=O)=O)CC2)[nH+]c2cc(NC(=O)c3ccco3)ccc21,-4.92179,1
CCn1c(CN2CCN(S(C)(=O)=O)CC2)[nH+]c2cc(NC(C)=O)ccc21,-2.17197,1
CCn1c(CN2CCOCC2)[nH+]c2cc(NC(=O)COc3ccc(C)cc3)ccc21,-2.73289,1
CCn1c(CN2CCOCC2)[nH+]c2cc(NC(=O)COc3ccccc3C)ccc21,-3.20943,1
CCn1c(CN2CCOCC2)nc2cc(NC(=O)COc3ccc(C)cc3)ccc21,-3.02245,1
CCn1c(CN2CCOCC2)nc2cc(NC(=O)COc3ccccc3)ccc21,-3.81136,1
CCn1c(CN2CCOCC2)nc2cc(NC(=O)COc3ccccc3C)ccc21,-3.11764,1
CCn1c(CN2CCOCC2)nc2cc(NC(=O)COc3ccccc3Cl)ccc21,-4.76231,1
CCn1c(CN2CCOCC2)nc2cc(NC(=O)c3cccc(C)c3)ccc21,-4.00038,1
CCn1c(CN2CCOCC2)nc2cc(NC(=O)c3cccc([N+](=O)[O-])c3)ccc21,-3.42799,1
CCn1c(CN2CCOCC2)nc2cc(NC(=O)c3cccs3)ccc21,-3.91816,1
CCn1c(CN2CC[NH+](C)CC2)[nH+]c2cc(NC(C)=O)ccc21,-2.83891,1
CCn1c(CN2CC[NH+](CC)CC2)[nH+]c2cc(NC(=O)c3ccco3)ccc21,-2.45096,1
CCn1c(CN2CC[NH+](CC)CC2)nc2cc(NC(C)=O)ccc21,-4.50626,1
CCn1c(COCc2ccccc2)nc2cc(/C=C/C(=O)NC)ccc21,-9.145,1
CCn1c(COCc2ccccc2)nc2cc(/C=C/C(C)=O)ccc21,-8.54,1
CCn1c(COCc2ccccc2)nc2cc(/C=C/C(N)=O)ccc21,-9.544,1
CCn1c(COCc2ccccc2)nc2cc(/C=C/C=O)ccc21,-8.534,1
CCn1c(COCc2ccccc2)nc2cc(/C=C/O)ccc21,-6.955,1
CCn1c(COc2cccc(OC)c2)nc2ccccc21,-5.57089,1
CCn1c(C[N@H+]2CC[C@H](C)CC2)nc2cc(NC(=O)COc3ccc(OC)cc3)ccc21,-5.59931,1
CCn1c(C[NH+]2CCN(C(=O)c3ccco3)CC2)nc2cc(NC(=O)c3ccco3)ccc21,-3.71356,1
CCn1c(C[NH+]2CCN(C(C)=O)CC2)nc2cc(NC(=O)C3CCCCC3)ccc21,-3.93496,1
CCn1c(C[NH+]2CCN(C(C)=O)CC2)nc2cc(NC(=O)c3ccccc3Cl)ccc21,-3.86083,1
CCn1c(C[NH+]2CCN(C(C)=O)CC2)nc2cc(NC(=O)c3ccco3)ccc21,-3.93616,1
CCn1c(C[NH+]2CCN(S(C)(=O)=O)CC2)nc2cc(NC(=O)C(C)C)ccc21,-1.03859,1
CCn1c(C[NH+]2CCN(S(C)(=O)=O)CC2)nc2cc(NC(=O)c3ccco3)ccc21,-1.86428,1
CCn1c(Cc2ccccc2)c[nH+]c1-c1cccc(/C=C/C(=O)NC(=O)NC)c1,-10.39,1
CCn1c(Cc2ccccc2)c[nH+]c1-c1cccc(/C=C/C(=O)NC(C)=O)c1,-10.98,1
CCn1c(Cc2ccccc2)c[nH+]c1-c1cccc(/C=C/C(=O)NC)c1,-9.645,1
CCn1c(Cc2ccccc2)c[nH+]c1-c1cccc(/C=C/C(=O)NC=O)c1,-10.91,1
CCn1c(Cn2cccn2)[nH+]c2cc(NC(=O)c3cccc(C)c3)ccc21,-2.71836,1
CCn1c(Cn2cccn2)nc2cc(NC(=O)c3ccc(Cl)cc3)ccc21,-5.67404,1
CCn1c(Cn2cccn2)nc2cc(NC(=O)c3cccc(C)c3)ccc21,-4.93422,1
CCn1c(Cn2cccn2)nc2cc(NC(C)=O)ccc21,-4.72994,1
CCn1c(SCC(=O)N/N=C/c2ccc(C(=O)OC)cc2)[nH+]c2ccccc21,-4.05462,1
CCn1c(SCC(=O)N/N=C/c2ccc(C(=O)OC)cc2)nc2ccccc21,-6.86844,1
CCn1c(SCC(=O)N/N=C/c2ccc(C(=O)[O-])cc2)[nH+]c2ccccc21,-2.77164,1
CCn1c(SCC(=O)N/N=C/c2ccc(C(=O)[O-])cc2)nc2ccccc21,-5.80723,1
CCn1c(SCC(=O)N/N=C/c2ccc([N+](=O)[O-])cc2)[nH+]c2ccccc21,-3.51601,1
CCn1c(SCC(=O)N/N=C/c2cccnc2)nnc1-c1ccc(OC)cc1,-5.21173,1
CCn1c(SCC(=O)N/N=C/c2cccnc2)nnc1-c1ccccc1,-4.7571,1
CCn1c(SCC(=O)Nc2ccc(Br)cc2)nnc1-c1cccnc1,-4.37351,1
CCn1c(SCCOc2ccc(OC)cc2)nc2ccccc21,-6.30323,1
CCn1c(SCc2nc(-c3ccc(C)cc3)no2)nnc1-c1ccncc1,-4.19589,1
CCn1c([C@@H]2CC(=O)N(CCOC)C2)nc2ccccc21,-5.9271,1
CCn1c([C@H](C)NC(=O)c2ccco2)[nH+]c2ccccc21,-5.50212,1
CCn1c([C@H](C)NC(=O)c2ccco2)nc2ccccc21,-6.06085,1
CCn1c2ccc(F)cc2c2nnc(SCCN3CCOCC3)nc21,-5.34687,1
CCn1c2ccccc2c2nnc(SCC(=O)/N=c3\[nH]nc(C)s3)nc21,-2.51163,1
CCn1c2ccccc2c2nnc(SCC(=O)NCc3ccco3)nc21,-5.33662,1
CCn1c2ccccc2c2nnc(SCC(=O)Nc3nnc(C)s3)nc21,-3.91676,1
CCn1c2ccccc2c2nnc(SCC(=O)[N-]c3nnc(C)s3)nc21,-3.63111,1
CCn1c2ccccc2c2nnc(SCCN3CCOCC3)nc21,-5.31387,1
CCn1cc([C@@H]2CC(=O)N(c3cccc(OC)c3)C2=O)c2ccccc21,-5.71252,1
CCn1ccc2cc(S(=O)(=O)N3CCC[C@H](C(=O)NCCOC)C3)ccc21,-5.77469,1
CCn1cnc(S(=O)(=O)N2CCC(C(=O)NCc3ccc(OC)cc3)CC2)c1,-5.64012,1
CCn1cnc(S(=O)(=O)N2CCC(C(=O)Nc3nc4ccc(OC)cc4s3)CC2)c1,-5.9522,1
CCn1cnc(S(=O)(=O)N2CCC[C@@H](C(=O)Nc3cccc(C#N)c3)C2)c1,-5.0129,1
CCn1cnc(S(=O)(=O)N2CCC[C@@H](C(=O)Nc3nc4ccc(OC)cc4s3)C2)c1,-5.79263,1
CCn1cnc(S(=O)(=O)N2CCC[C@H](C(=O)NCc3ccc(OC)cc3)C2)c1,-6.36602,1
CCn1cnc(S(=O)(=O)N2CCC[C@H](C(=O)Nc3nc4ccc(OC)cc4s3)C2)c1,-5.58453,1
CCn1cnc2cc(Cc3ccc(C(=O)NC(=O)NC)cc3)ccc2c1=O,-10.79,1
CCn1cnc2cc(Cc3ccc(C(=O)NC)cc3)ccc2c1=O,-9.351,1
CCn1cnc2cc(Cc3ccc4c(NC(C)=O)n[nH]c4c3)ccc2c1=O,-6.963,1
CCn1cnc2cc(Cc3ccc4c(NC=O)n[nH]c4c3)ccc2c1=O,-9.576,1
CCn1cnc2ccc(Cc3ccc(C(=O)NC(=O)NC)cc3)cc2c1=O,-8.588,1
CCn1cnc2ccc(Cc3ccc(C(=O)NC(C)=O)cc3)cc2c1=O,-10.59,1
CCn1cnc2ccc(Cc3ccc(C(=O)NC)cc3)cc2c1=O,-9.743,1
CCn1cnc2ccc(Cc3ccc(C(=O)NC=O)cc3)cc2c1=O,-10.39,1
CCn1cnc2ccc(Cc3ccc4c(NC(C)=O)n[nH]c4c3)cc2c1=O,-6.814,1
CCn1cnc2ccc(Cc3ccc4c(NC=O)n[nH]c4c3)cc2c1=O,-9.616,1
CCn1nc(C)c(CCN/C(Nc2cccc(OC)c2)=[NH+]/C(=O)c2ccc(F)c(F)c2)c1C,-4.2921,1
CCn1nc(C)c(CN/C(Nc2cc(C)cc(C)c2)=[NH+]\C(=O)c2ccc(NC(C)=O)cc2)c1C,-1.7833,1
CCn1nc(C)c(CN/C(Nc2ccc(C(C)C)cc2)=[NH+]/C(=O)c2ccc(OC)cc2)c1C,-5.26604,1
CCn1nc(C)c(CN/C(Nc2ccc(F)cc2)=[NH+]/C(=O)c2ccc3c(c2)OCO3)c1C,-4.38772,1
CCn1nc(C)c(CN/C(Nc2ccc(OC)cc2)=[NH+]/C(=O)c2ccc3c(c2)OCO3)c1C,-4.17336,1
CCn1nc(C)c(CN/C(Nc2ccc3c(c2)OCCO3)=[NH+]\C(=O)c2ccc3c(c2)OCO3)c1C,-4.3026,1
CCn1nc(C)c(CN/C(Nc2ccc3c(c2)OCCO3)=[NH+]\C(=O)c2cccc(F)c2)c1C,-4.25153,1
CCn1nc(C)c(CN/C(Nc2cccc(C)c2)=[NH+]/C(=O)c2ccc(NC(C)=O)cc2)c1C,-5.01619,1
CCn1nc(C)c(CN/C(Nc2cccc(C)c2C)=[NH+]/C(=O)c2ccc(OC)cc2)c1C,-5.3755,1
CCn1nc(C)c(CN/C(Nc2cccc(OC)c2)=[NH+]/C(=O)c2ccc3c(c2)OCO3)c1C,-5.24066,1
CCn1nc(C)c(CN/C(Nc2ccccc2)=[NH+]\C(=O)c2ccc(NC(C)=O)cc2)c1C,-2.31478,1
CCn1nc(C)c2c(-c3ccccc3)cc(O[C@@H](C)C(=O)Nc3cccc(OC)c3)nc21,-4.57025,1
CCn1nnc2cc(-c3noc(-c4ccc(Br)cc4)n3)ccc21,-3.14008,1
CCn1nnc2cc(-c3noc(-c4ccc(C#N)cc4)n3)ccc21,-3.46652,1
CCn1nnc2cc(-c3noc(-c4ccc(C)cc4)n3)ccc21,-3.26577,1
CCn1nnc2cc(-c3noc(-c4ccc(Cl)cc4)n3)ccc21,-3.36301,1
CCn1nnc2cc(-c3noc(-c4cccc(F)c4)n3)ccc21,-3.82346,1
CCn1nnc2cc(-c3noc(-c4ccccc4)n3)ccc21,-3.7287,1
CCn1nnc2cc(-c3noc(-c4ccccc4Br)n3)ccc21,-3.13004,1
CCn1nnc2cc(-c3noc(-c4ccccc4Cl)n3)ccc21,-3.67425,1
CCn1nnc2cc(-c3noc(-c4ccccc4F)n3)ccc21,-3.5773,1
CCn1nnc2cc(-c3noc(COc4ccc(OC)cc4)n3)ccc21,-7.16498,1
CCn1nnc2cc(C(=O)N(C)CC(=O)Nc3cc(C)cc(C)c3)ccc21,-2.766,1
CCn1nnc2cc(C(=O)N(C)CC(=O)Nc3ccc(C(C)C)cc3)ccc21,-2.70236,1
CCn1nnc2cc(C(=O)N(C)CC(=O)Nc3ccc(C)cc3)ccc21,-2.91414,1
CCn1nnc2cc(C(=O)N(C)CC(=O)Nc3ccc(Cl)cc3C)ccc21,-3.76323,1
CCn1nnc2cc(C(=O)N(C)CC(=O)Nc3ccc(Cl)cc3F)ccc21,-4.18842,1
CCn1nnc2cc(C(=O)N(C)CC(=O)Nc3ccc(OC)cc3)ccc21,-3.00838,1
CCn1nnc2cc(C(=O)N(C)CC(=O)Nc3cccc(Cl)c3)ccc21,-2.78697,1
CCn1nnc2cc(C(=O)Nc3ccc(C)cc3Br)ccc21,-3.66695,1
CN(C)C(=O)C[NH+]1CCN(c2ccc(NC(=O)c3ccccc3F)c(C(=O)[O-])c2)CC1,-3.31213,1
CN(C)CCNC(=O)c1nc(CS(=O)(=O)c2ccc(Cl)cc2)no1,-3.16816,1
CN(C)S(=O)(=O)c1ccc(-c2nc(C#N)c(N3CCC(C(N)=O)CC3)o2)cc1,-8.58588,1
CN(C)c1ccc(-c2nc(-c3cccnc3)no2)cc1[N+](=O)[O-],-5.49527,1
CN(C)c1ccc(-c2nc3cnccn3c2Nc2cccc(C(=O)[O-])c2)cc1,-5.9135,1
CN(C)c1ccc(/C=N/NC(=O)CNC(=O)c2ccncc2)cc1,-5.45545,1
CN(C)c1ccc(/C=N/NC(=O)Cc2ccc([N+](=O)[O-])cc2)cc1,-4.50702,1
CN(C)c1cccc(C(=O)N2CCN(S(=O)(=O)c3ccc4c(c3)NC(=O)CO4)CC2)c1,-6.50348,1
CN(C)c1cccc(C(=O)Nc2ccc3nc([N-]S(C)(=O)=O)sc3c2)c1,-4.40616,1
CN(CC(=O)NCc1ccc(Cl)cc1)C(=O)c1ccc2c(c1)nnn2C,-2.60067,1
CN(CC(=O)NCc1ccc(Cl)cc1)S(=O)(=O)c1cc2c(cc1Cl)NC(=O)CO2,-6.32175,1
CN(CC(=O)NCc1ccc(Cl)cc1)S(=O)(=O)c1ccc2c(c1)CCCC(=O)N2,-6.55945,1
CN(CC(=O)NCc1ccc(Cl)cc1)S(=O)(=O)c1ccc2c(c1)NC(=O)CO2,-8.70011,1
CN(CC(=O)NCc1ccc(F)cc1)C(=O)c1ccc2c(c1)nnn2C,-3.06118,1
CN(CC(=O)NCc1ccc(F)cc1)S(=O)(=O)c1ccc2c(c1)NC(=O)CO2,-7.79053,1
CN(CC(=O)NCc1ccccc1)S(=O)(=O)c1ccc2c(c1)CCCC(=O)N2,-5.80913,1
CN(CC(=O)NCc1ccccc1Cl)S(=O)(=O)c1cc2c(cc1Cl)NC(=O)CO2,-7.12714,1
CN(CC(=O)NCc1ccco1)S(=O)(=O)c1cc2c(cc1Cl)NC(=O)CO2,-6.48476,1
CN(CC(=O)NCc1cccs1)S(=O)(=O)c1cc2c(cc1Cl)NC(=O)CO2,-5.53154,1
CN(CC(=O)Nc1ccc(-c2ccno2)cc1)S(=O)(=O)c1cc2c(cc1Cl)NC(=O)CO2,-3.9328,1
CN(CC(=O)Nc1ccc(F)c(Cl)c1)S(=O)(=O)c1ccc2c(c1)NC(=O)CO2,-5.47587,1
CN(CC(=O)Nc1ccc(F)c(F)c1)S(=O)(=O)c1ccc(C(=O)N2CCOCC2)s1,-6.35437,1
CN(CC(=O)Nc1ccc(F)cc1)S(=O)(=O)c1cc2c(cc1Cl)NC(=O)CO2,-1.34601,1
CN(CC(=O)Nc1ccc(F)cc1)S(=O)(=O)c1ccc2[nH]c(=O)ccc2c1,-5.03111,1
CN(CC(=O)Nc1ccc(F)cc1)S(=O)(=O)c1ccc2c(c1)NC(=O)CO2,-7.83553,1
CN(CC(=O)Nc1cccc(-c2ccno2)c1)S(=O)(=O)c1cc2c(cc1Cl)NC(=O)CO2,-4.98357,1
CN(CC(=O)Nc1cccc(Br)c1)C(=O)c1ccc2c(c1)nnn2C,-2.37478,1
CN(CC(=O)Nc1cccc(C#N)c1)C(=O)c1ccc2c(c1)nnn2C,-2.91691,1
CN(CC(=O)Nc1cccc(F)c1)C(=O)c1ccc2c(c1)nnn2C,2.55944,1
CN(Cc1[nH+]c2ccccc2n1CCOc1ccccc1)C(=O)c1ccco1,-3.85183,1
CN(Cc1ccco1)C(=O)COCc1nnc(C(=O)Nc2ccc(F)cc2)s1,-5.03693,1
CN(Cc1ccco1)C(=O)COCc1nnc(C(=O)Nc2cccc(Cl)c2)s1,-5.82015,1
CN(Cc1ccco1)C(=O)COCc1nnc(C(=O)Nc2ccccc2)s1,-5.52855,1
CN(c1ccc2sc(C(=O)NC[C@@H]3CCCO3)cc2c1)S(C)(=O)=O,-5.84277,1
CN(c1ccc2sc(C(=O)NCc3cccnc3)cc2c1)S(=O)(=O)c1ccccc1,-5.63438,1
CN1C(=O)C[C@@H](C(=O)Nc2ccc(C(=O)[O-])cc2)S/C1=N\c1ccccc1,-4.14773,1
CN1C(=O)C[C@H](C(=O)Nc2ccc(C(=O)[O-])cc2)S/C1=N\c1ccccc1,-5.91443,1
CN1C(=O)Cc2cc(S(=O)(=O)CCC(=O)Nc3ccc(F)cc3)ccc21,-6.69695,1
CN1C(=O)Cc2cc(S(=O)(=O)CCC(=O)Nc3ccccc3)ccc21,-6.74509,1
CN1C(=O)N[C@@H](c2cccc([N+](=O)[O-])c2)C2=C1CN(c1cccc(C(=O)[O-])c1)C2=O,-5.41617,1
CN1C(=O)N[C@@H](c2cccc([N+](=O)[O-])c2)C2=C1CN(c1cccc(O)c1)C2=O,-5.79729,1
CN1C(=O)N[C@@H](c2cccc([N+](=O)[O-])c2)[C@@H]2C(=O)N(c3cccc(C(=O)[O-])c3)C=C21,-1.88651,1
CN1C(=O)N[C@H](c2ccc(O)cc2)[C@H]2C(=O)N(c3cccc(Cl)c3)C=C21,-3.24397,1
CN1C(=O)N[C@H](c2cccc([N+](=O)[O-])c2)C2=C1CN(c1cccc(C(=O)[O-])c1)C2=O,-6.34723,1
CN1C(=O)N[C@H](c2cccc([N+](=O)[O-])c2)C2=C1CN(c1cccc(O)c1)C2=O,-6.25889,1
CN1C(=O)N[C@H](c2cccc([N+](=O)[O-])c2)[C@H]2C(=O)N(c3cccc(C(=O)[O-])c3)C=C21,-1.71882,1
CN1C(=O)N[C@H](c2cccc([N+](=O)[O-])c2)[C@H]2C(=O)N(c3cccc(O)c3)C=C21,-4.43999,1
CN1C(=O)c2cc(C(=O)NCCSCc3ccco3)nn2C[C@@]1(C)C(=O)NCc1ccc(F)cc1,-5.0509,1
CN1C(=O)c2cc(C(=O)NCCSCc3ccco3)nn2C[C@]1(C)C(=O)NCc1ccc(F)cc1,-5.65776,1
CN1C(=O)c2cc(C(=O)NCCc3ccco3)nn2C[C@@]1(C)C(=O)NCc1ccc(F)cc1,-5.47857,1
CN1C(=O)c2cc(C(=O)NCCc3ccco3)nn2C[C@@]1(C)C(=O)NCc1ccccc1,-4.94029,1
CN1C(=O)c2cc(C(=O)NCc3cccnc3)nn2C[C@@]1(C)C(=O)NC1CCCC1,-6.52045,1
CN1C(=O)c2cc(C(=O)NCc3ccco3)nn2C[C@@]1(C)C(=O)NC1CCCC1,-6.19352,1
CN1C(=O)c2cc(C(=O)NCc3ccco3)nn2C[C@]1(C)C(=O)NC1CCCC1,-4.17126,1
CN1C(=O)c2ccccc2Sc2cc(-c3noc(CNC(=O)c4ccco4)n3)ccc21,-6.43098,1
CN1CCC(N2C[C@@H](c3ccccc3)C2=O)CC1,-7.048,1
CN1CCN(CCCNC(=O)COCc2nnc(C(=O)Nc3cccc(F)c3)s2)CC1,-3.37547,1
CN1CCN(CCCNS(=O)(=O)c2ccc(-c3cc(C(F)(F)F)on3)s2)CC1,-1.64561,1
CN1CCN(CCNC(=O)c2cc(=O)nc3sc(N4CCCC4)nn23)CC1,-3.14106,1
CN1CCN(Cc2[nH+]c3cc(NC(=O)COc4ccc([N+](=O)[O-])cc4)ccc3n2C)CC1,-2.5789,1
CN1CCN(c2ccc3nnc(CCC(=O)NCc4ccco4)n3n2)CC1,-4.10886,1
CN1CC[NH+](CCCNS(=O)(=O)c2ccc(-c3cc(C(F)(F)F)on3)s2)CC1,-2.75591,1
CN1CC[NH+](CCNC(=O)c2cc(-c3ccccn3)nc3ccccc23)CC1,-2.54634,1
CN1CC[NH+](CCNC(=O)c2cc(=O)nc3sc(N4CCCC4)nn23)CC1,-2.10674,1
CN1CC[NH+]([C@@H](CNC(=O)c2cccc([N+](=O)[O-])c2)c2ccc3c(c2)OCO3)CC1,-4.07424,1
CN1CC[NH+]([C@@H](c2ccc(F)cc2)c2sc3nc(-c4ccco4)nn3c2[O-])CC1,-4.69982,1
CN1CCc2nc(NC(=O)c3ccc(C#N)cc3)sc2C1,-6.75796,1
CN1c2ccccc2-c2nc(SCC(=O)Nc3ccc4c(c3)OCO4)ncc2S1(=O)=O,-4.84564,1
CNC(=O)/C=C/c1ccc(C[N@@H+](C)CCc2cc3ccccc3[nH]2)cc1,-10.04,1
CNC(=O)/C=C/c1ccc2c(c1)nc(COCc1ccccc1)n2C,-9.366,1
CNC(=O)/C=C/c1cccc(-c2[nH+]c(Cc3ccccc3)c(C)n2C)c1,-8.725,1
CNC(=O)/C=C/c1cccc(-c2[nH+]cc(Cc3ccccc3)n2CCc2ccccc2)c1,-9.539,1
CNC(=O)/C=C/c1cccc(-c2[nH]c(Cc3ccccc3)c[nH+]2)c1,-9.039,1
CNC(=O)/C=C/c1cccc(-c2c(C)[nH+]c(Cc3ccccc3)n2C)c1,-8.787,1
CNC(=O)/C=C/c1cccc(-c2c(C)nc(Cc3ccccc3)n2[C@H]2CCC[NH2+]C2)c1,-9.431,1
CNC(=O)/C=C/c1cccc(-c2c[nH+]c(-c3ccccc3)n2CCc2ccccc2)c1,-6.044,1
CNC(=O)/C=C/c1cccc(-c2c[nH+]c(Cc3ccccc3)[nH]2)c1,-8.505,1
CNC(=O)/C=C/c1cccc(-c2c[nH+]c(Cc3ccccc3)n2C)c1,-9.379,1
CNC(=O)/C=C/c1cccc(-c2c[nH+]cn2CCc2ccccc2)c1,-9.441,1
CNC(=O)/C=C/c1cccc(-c2cnc(Cc3ccccc3)n2[C@H]2CCC[N@@H+](C)C2)c1,-8.813,1
CNC(=O)/C=C/c1cccc(-c2cnc(Cc3ccccc3)n2[C@H]2CCC[NH2+]C2)c1,-8.887,1
CNC(=O)/C=C/c1cccc(-c2nc(C)c(-c3ccccc3)n2C)c1,-9.346,1
CNC(=O)/C=C/c1cccc(-c2nc(Cc3ccccc3)c[nH]2)c1,-9.129,1
CNC(=O)/C=C/c1cccc(-c2nc(Cc3ccccc3)cn2C)c1,-8.336,1
CNC(=O)/C=C/c1cccc(-c2nc(Cc3ccccc3)cn2CCN2CCOCC2)c1,-7.067,1
CNC(=O)/C=C/c1cccc(OCCNC(=O)c2ccccc2OC)c1,-8.398,1
CNC(=O)C1CCN(S(=O)(=O)c2c(C)noc2/C=C/c2ccco2)CC1,-2.63624,1
CNC(=O)CCCCC(=O)N/N=C/c1ccc([N+](=O)[O-])cc1,-6.21414,1
CNC(=O)CCCCCNC(=O)Cn1cnc2cnc(Nc3ccccc3)nc21,-9.793,1
CNC(=O)CCCCC[C@@H](NC(=O)[C@@H]1CCC(=O)N1)C(=O)Nc1ccccc1,-8.58,1
CNC(=O)CCc1cn(Cc2ccccc2C)c2ccccc12,-7.09592,1
CNC(=O)CCc1nc(=O)c2c3c(sc2[nH]1)C[C@H](C(C)(C)C)CC3,-5.80095,1
CNC(=O)CN1C(=O)CN(C(=O)NCc2ccccc2)c2ccccc21,-5.08017,1
CNC(=O)COc1ccc(CCNC(=O)Cc2ccccc2)cc1,-9.915,1
CNC(=O)COc1ccc(C[C@H](NC(C)=O)C(=O)Nc2ccc(OC)cc2)cc1,-10.48,1
CNC(=O)COc1ccc(C[C@H](NC=O)C(=O)Nc2ccc(OC)cc2)cc1,-10.16,1
CNC(=O)COc1cccc(-c2nc(-c3ccc(C)cc3)no2)c1,-2.82017,1
CNC(=O)COc1ccccc1-c1nc(-c2ccccc2C)no1,-4.24288,1
CNC(=O)CSc1cn(CC(=O)N2CCC(C)CC2)c2ccccc12,-7.23194,1
CNC(=O)CSc1nc2c(cnn2-c2ccc(Cl)cc2)c(=O)[n-]1,-5.95911,1
CNC(=O)CSc1nc2c(cnn2-c2ccccc2)c(=O)[n-]1,-6.26588,1
CNC(=O)CSc1ncc(CO)n1Cc1ccc(C)cc1,-6.8595,1
CNC(=O)CSc1ncc(CO)n1Cc1ccccc1,-2.60911,1
CNC(=O)Cc1n[nH]c2cc(-c3cncnc3)ccc12,-7.392,1
CNC(=O)Cc1n[nH]c2ccccc12,-9.458,1
CNC(=O)Cn1c(CO)c[nH+]c1SCC(=O)Nc1ccc(NC(C)=O)cc1,-2.39467,1
CNC(=O)Cn1c(CO)c[nH+]c1SCC(=O)Nc1ccc(OC)cc1,-3.3934,1
CNC(=O)Cn1c(CO)cnc1SCC(=O)Nc1ccc(NC(C)=O)cc1,-4.50487,1
CNC(=O)Cn1c(CO)cnc1SCC(=O)Nc1ccc(OC)cc1,-5.1391,1
CNC(=O)Cn1c(CO)cnc1SCC(=O)Nc1cccc(NC(C)=O)c1,-8.53612,1
CNC(=O)Cn1c(CO)cnc1SCc1ccc(C(=O)OC)cc1,-5.47748,1
CNC(=O)Cn1ncc2cc(-c3cn[nH]c3)ccc21,-7.989,1
CNC(=O)NC(=O)/C=C/c1cccc(-c2[nH+]c(Cc3ccccc3)c(C)n2C)c1,-8.965,1
CNC(=O)NC(=O)/C=C/c1cccc(-c2[nH+]cc(Cc3ccccc3)n2CCc2ccccc2)c1,-8.415,1
CNC(=O)NC(=O)/C=C/c1cccc(-c2[nH]c(Cc3ccccc3)c[nH+]2)c1,-8.696,1
CNC(=O)NC(=O)/C=C/c1cccc(-c2c(C)[nH+]c(Cc3ccccc3)n2C)c1,-8.965,1
CNC(=O)NC(=O)/C=C/c1cccc(-c2c(C)nc(Cc3ccccc3)n2[C@H]2CCC[NH2+]C2)c1,-8.193,1
CNC(=O)NC(=O)/C=C/c1cccc(-c2c[nH+]c(-c3ccccc3)n2CCc2ccccc2)c1,-8.187,1
CNC(=O)NC(=O)/C=C/c1cccc(-c2c[nH+]c(Cc3ccccc3)[nH]2)c1,-8.865,1
CNC(=O)NC(=O)/C=C/c1cccc(-c2c[nH+]c(Cc3ccccc3)n2C)c1,-11.18,1
CNC(=O)NC(=O)/C=C/c1cccc(-c2c[nH+]cn2CCc2ccccc2)c1,-10.68,1
CNC(=O)NC(=O)/C=C/c1cccc(-c2cnc(Cc3ccccc3)n2[C@H]2CCC[N@@H+](C)C2)c1,-9.112,1
CNC(=O)NC(=O)/C=C/c1cccc(-c2cnc(Cc3ccccc3)n2[C@H]2CCC[NH2+]C2)c1,-9.602,1
CNC(=O)NC(=O)/C=C/c1cccc(-c2nc(C)c(-c3ccccc3)n2C)c1,-7.792,1
CNC(=O)NC(=O)/C=C/c1cccc(-c2nc(Cc3ccccc3)c[nH]2)c1,-8.82,1
CNC(=O)NC(=O)/C=C/c1cccc(-c2nc(Cc3ccccc3)cn2C)c1,-11.03,1
CNC(=O)NC(=O)/C=C/c1cccc(-c2nc(Cc3ccccc3)cn2CCN2CCOCC2)c1,-11.46,1
CNC(=O)NC(=O)c1ccc(CN(C(=O)c2ccc(C(C)C)cc2)C2CC2)cc1,-8.646,1
CNC(=O)NC(=O)c1ccc(CN2C(=O)c3cccc(F)c3C2=O)cc1,-9.143,1
CNC(=O)NC(=O)c1ccc(CN2C(=O)c3ccccc3C2=O)cc1,-10.53,1
CNC(=O)NC(=O)c1ccc(CN2CC(=O)N(Cc3cccc(Cl)c3)CC2=O)cc1,-10.92,1
CNC(=O)NC(=O)c1ccc(CN2CC(=O)N(Cc3cccc(Cl)c3)[C@@H](C)C2=O)cc1,-11.62,1
CNC(=O)NC(=O)c1ccc(CN2CC(=O)N(Cc3cccc(OC)c3)CC2=O)cc1,-11.81,1
CNC(=O)NC(=O)c1ccc(CN2CC(=O)N(Cc3cccc(OC)c3)[C@@H](C)C2=O)cc1,-11.65,1
CNC(=O)NC(=O)c1ccc(CN2CC(=O)N(Cc3ccccc3)CC2=O)cc1,-10.63,1
CNC(=O)NC(=O)c1ccc(CN2CC(=O)N(Cc3ccccc3)[C@@H](C)C2=O)cc1,-7.341,1
CNC(=O)NC(=O)c1ccc(CN2CC(=O)N(Cc3ccccc3Cl)CC2=O)cc1,-11.75,1
CNC(=O)NC(=O)c1ccc(CN2CC(=O)N(Cc3ccccc3Cl)[C@@H](C)C2=O)cc1,-8.402,1
CNC(=O)NC(=O)c1ccc(CN2CC(=O)N[C@@H](C)C2=O)cc1,-10.49,1
CNC(=O)NC(=O)c1ccc(CN2CC(=O)N[C@@H](Cc3ccccc3)C2=O)cc1,-10.57,1
CNC(=O)NC(=O)c1ccc(CNC(=O)N2CCC(N3C[C@@H](c4ccccc4)C3=O)CC2)cc1,-9.746,1
CNC(=O)NC(=O)c1ccc(CNC(=O)c2ccc(-c3ccc(OC)cc3)[nH]2)cc1,-11.11,1
CNC(=O)NC(=O)c1ccc(CNC(=O)c2ccc(C(C)C)cc2)cc1,-10.62,1
CNC(=O)NC(=O)c1ccc(CNC(=O)c2ccccc2)cc1,-10.45,1
CNC(=O)NC(=O)c1ccc(COc2ccc(/C=C3\NC(=O)CNC3=O)cc2)cc1,-10.77,1
CNC(=O)NC(=O)c1ccc(C[C@H](NC(C)=O)C(=O)Nc2ccc(OC)cc2)cc1,-10.46,1
CNC(=O)NC(=O)c1ccc(C[C@H](NC=O)C(=O)Nc2ccc(OC)cc2)cc1,-10.68,1
CNC(=O)NC(=O)c1ccc(Cc2ccc3c(=O)n(CCc4ccccc4)c(C)nc3c2)cc1,-9.73,1
CNC(=O)NC(=O)c1ccc(Cc2ccc3nc(C)n(C)c(=O)c3c2)cc1,-9.049,1
CNC(=O)NC(=O)c1ccc(Cc2ccc3nc(C)n(CCc4ccccc4)c(=O)c3c2)cc1,-8.221,1
CNC(=O)NC(=O)c1ccc(Cc2ccc3ncn(C)c(=O)c3c2)cc1,-10.89,1
CNC(=O)NC(=O)c1ccc(Cc2cccc3c(=O)n(CCc4ccccc4)c(C)nc23)cc1,-7.945,1
CNC(=O)NC(=O)c1ccc(Cn2c(=O)[nH]c(=O)c3ccccc32)cc1,-7.545,1
CNC(=O)NC(=O)c1ccc(Cn2c(=O)[nH]c(=O)c3ccsc32)cc1,-8.026,1
CNC(=O)NC(=O)c1ccc(Cn2cnc3ccccc32)c(F)c1,-9.571,1
CNC(=O)NC(=O)c1ccc(N[C@@H]2CCN(c3ccc4ncccc4c3)C2=O)cc1,-8.934,1
CNC(=O)NC(=O)c1ccc(Nc2nc(Nc3ccc(OC)cc3)ncc2C)cc1,-7.208,1
CNC(=O)NC(=O)c1ccc2[nH]c(=O)ccc2c1,-10.8,1
CNC(=O)NC(=O)c1ccc2[nH]ccc2c1,-10.34,1
CNC(=O)NC(=O)c1ccc2c(c1)CCC(=O)N2,-8.717,1
CNC(=O)NC(=O)c1cnc(N[C@H]2CC[C@@H]([NH2+]Cc3c[nH]c4cc(C)ccc34)CC2)nc1,-7.408,1
CNC(=O)NC(=O)c1cnc(N[C@H]2CC[C@@H]([NH2+]Cc3cn(C)c4ccccc34)CC2)nc1,-7.775,1
CNC(=O)NCCc1c[nH]c2ccccc12,-10.32,1
CNC(=O)N[C@@H](Cc1ccc(F)cc1)Cc1ccc2c(c1)OCO2,-5.14675,1
CNC(=O)Nc1n[nH]c2cc(-c3cc(OC)cc(OC)c3)ccc12,-10.03,1
CNC(=O)Nc1n[nH]c2cc(-c3cc(OC)ccc3F)ccc12,-10.05,1
CNC(=O)Nc1n[nH]c2cc(-c3ccc(Cl)cc3)ccc12,-9.92,1
CNC(=O)Nc1n[nH]c2cc(-c3ccc(OC)c(OC)c3)ccc12,-10.08,1
CNC(=O)Nc1n[nH]c2cc(-c3ccc(OC)cc3)ccc12,-9.989,1
CNC(=O)Nc1n[nH]c2cc(-c3cccc(C(F)(F)F)c3)ccc12,-9.682,1
CNC(=O)Nc1n[nH]c2cc(-c3cccc(Cl)c3)ccc12,-9.924,1
CNC(=O)Nc1n[nH]c2cc(-c3cccc(OC)c3)ccc12,-9.823,1
CNC(=O)Nc1n[nH]c2cc(-c3ccccc3)ccc12,-10.16,1
CNC(=O)Nc1n[nH]c2cc(-c3ccccc3Cl)ccc12,-10.24,1
CNC(=O)Nc1n[nH]c2cc(-c3ccccc3F)ccc12,-10.14,1
CNC(=O)Nc1n[nH]c2cc(-c3ccccc3OC)ccc12,-10.31,1
CNC(=O)Nc1n[nH]c2cc(-c3ccncc3)ccc12,-9.901,1
CNC(=O)Nc1n[nH]c2cc(-c3ccsc3)ccc12,-9.98,1
CNC(=O)Nc1n[nH]c2ccccc12,-9.886,1
CNC(=O)[C@H]1CCCN(c2nn3cc(-c4ccc(OC)cc4)nc3s2)C1,-7.49748,1
CNC(=O)c1ccc(-c2nc(CN3CCN(C(=O)NCCc4ccccc4)CC3)c(C)o2)cc1,-8.47526,1
CNC(=O)c1ccc(-c2nc(CN3CCN(S(C)(=O)=O)CC3)c(C)o2)cc1,-6.3462,1
CNC(=O)c1ccc(-c2nc(C[NH+]3CCN(S(C)(=O)=O)CC3)c(C)o2)cc1,-7.05605,1
CNC(=O)c1ccc(CN(C(=O)c2ccc(C(C)C)cc2)C2CC2)cc1,-10.02,1
CNC(=O)c1ccc(CN2C(=O)CCn3nccc32)cc1,-8.43217,1
CNC(=O)c1ccc(CN2C(=O)c3cccc(F)c3C2=O)cc1,-9.501,1
CNC(=O)c1ccc(CN2C(=O)c3ccccc3C2=O)cc1,-9.094,1
CNC(=O)c1ccc(CN2CC(=O)N(Cc3cccc(Cl)c3)CC2=O)cc1,-9.743,1
CNC(=O)c1ccc(CN2CC(=O)N(Cc3cccc(Cl)c3)[C@@H](C)C2=O)cc1,-8.755,1
CNC(=O)c1ccc(CN2CC(=O)N(Cc3cccc(OC)c3)CC2=O)cc1,-9.713,1
CNC(=O)c1ccc(CN2CC(=O)N(Cc3cccc(OC)c3)[C@@H](C)C2=O)cc1,-9.993,1
CNC(=O)c1ccc(CN2CC(=O)N(Cc3ccccc3)CC2=O)cc1,-9.748,1
CNC(=O)c1ccc(CN2CC(=O)N(Cc3ccccc3)[C@@H](C)C2=O)cc1,-9.178,1
CNC(=O)c1ccc(CN2CC(=O)N(Cc3ccccc3Cl)CC2=O)cc1,-9.318,1
CNC(=O)c1ccc(CN2CC(=O)N(Cc3ccccc3Cl)[C@@H](C)C2=O)cc1,-9.01,1
CNC(=O)c1ccc(CN2CC(=O)N[C@@H](C)C2=O)cc1,-9.316,1
CNC(=O)c1ccc(CN2CC(=O)N[C@@H](Cc3ccccc3)C2=O)cc1,-9.676,1
CNC(=O)c1ccc(CNC(=O)N2CCC(N3C[C@@H](c4ccccc4)C3=O)CC2)cc1,-10.14,1
CNC(=O)c1ccc(CNC(=O)c2ccc(-c3ccc(OC)cc3)[nH]2)cc1,-8.995,1
CNC(=O)c1ccc(CNC(=O)c2ccc(C(C)C)cc2)cc1,-9.402,1
CNC(=O)c1ccc(CNC(=O)c2ccccc2)cc1,-9.14,1
CNC(=O)c1ccc(COc2ccc(/C=C3\NC(=O)CNC3=O)cc2)cc1,-9.19,1
CNC(=O)c1ccc(CS(=O)(=O)Nc2ccc3[nH]c(=O)c(C)cc3c2)c(OC)c1,-8.559,1
CNC(=O)c1ccc(CS(=O)(=O)Nc2ccc3[nH]c(=O)ccc3c2)c(OC)c1,-8.892,1
CNC(=O)c1ccc(CSc2[nH+]c3ccncc3n2Cc2cccc(C)c2)cc1,-4.92635,1
CNC(=O)c1ccc(CSc2nc3cccnc3n2Cc2ccccc2)cc1,-8.51991,1
CNC(=O)c1ccc(C[C@H](NC=O)C(=O)Nc2ccc(OC)cc2)cc1,-9.837,1
CNC(=O)c1ccc(Cc2ccc3c(=O)n(CCc4ccccc4)c(C)nc3c2)cc1,-10.23,1
CNC(=O)c1ccc(Cc2ccc3nc(C)n(C)c(=O)c3c2)cc1,-9.542,1
CNC(=O)c1ccc(Cc2ccc3nc(C)n(CCc4ccccc4)c(=O)c3c2)cc1,-10.5,1
CNC(=O)c1ccc(Cc2ccc3ncn(C)c(=O)c3c2)cc1,-9.602,1
CNC(=O)c1ccc(Cc2ccc3ncn(CCc4ccccc4)c(=O)c3c2)cc1,-10.29,1
CNC(=O)c1ccc(Cc2cccc3c(=O)n(CCc4ccccc4)c(C)nc23)cc1,-9.635,1
CNC(=O)c1ccc(Cn2c(=O)[nH]c(=O)c3ccccc32)cc1,-8.421,1
CNC(=O)c1ccc(Cn2c(=O)[nH]c(=O)c3ccsc32)cc1,-8.473,1
CNC(=O)c1ccc(Cn2c(=O)n(C)c(=O)c3ccccc32)s1,-9.471,1
CNC(=O)c1ccc(Cn2c(SCc3ccc(F)cc3)nc3cc[nH+]cc32)cc1,-7.43881,1
CNC(=O)c1ccc(Cn2c(SCc3cccc(C)c3)nc3cc[nH+]cc32)cc1,-7.44025,1
CNC(=O)c1ccc(Cn2c(SCc3cccc(F)c3)nc3cccnc32)cc1,-8.31584,1
CNC(=O)c1ccc(Cn2cnc3ccccc32)c(F)c1,-9.616,1
CNC(=O)c1ccc(N[C@@H]2CCN(c3ccc4ncccc4c3)C2=O)cc1,-9.253,1
CNC(=O)c1ccc(Nc2c(-c3ccc(C)cc3)nc3cnccn23)cc1,-7.69615,1
CNC(=O)c1ccc(Nc2c(-c3ccc(OC)c(OC)c3)nc3cnccn23)cc1,-8.13713,1
CNC(=O)c1ccc(Nc2c(-c3ccc(OC)cc3)nc3cnccn23)cc1,-8.53568,1
CNC(=O)c1ccc(Nc2nc(Nc3ccc(OC)cc3)ncc2C)cc1,-9.487,1
CNC(=O)c1ccc([C@@H]2Nc3cc(C(F)(F)F)ccc3S(=O)(=O)N2)cc1,-8.01057,1
CNC(=O)c1ccc([C@@H]2[N-]S(=O)(=O)c3ccc(C(F)(F)F)cc3N2)cc1,-5.83746,1
CNC(=O)c1ccc([C@H]2Nc3cc(C(F)(F)F)ccc3S(=O)(=O)N2)cc1,-8.14334,1
CNC(=O)c1ccc([C@H]2[N-]S(=O)(=O)c3ccc(C(F)(F)F)cc3N2)cc1,-5.96981,1
CNC(=O)c1ccc2c(c1)C[NH2+]CC2,-9.03,1
CNC(=O)c1ccccc1,-9.108,1
CNC(=O)c1cnc(N2CCC(C[NH2+]Cc3c[nH]c4ccccc34)CC2)nc1,-8.595,1
CNC(=O)c1cnc(N[C@H]2CC[C@@H]([NH2+]Cc3c[nH]c4cc(C)ccc34)CC2)nc1,-8.526,1
CNC(=O)c1cnc(N[C@H]2CC[C@@H]([NH2+]Cc3cn(C)c4ccccc34)CC2)nc1,-8.983,1
CNC(=O)c1cnc2ccc(S(=O)(=O)Nc3cccc(OC)c3)cc2c1[O-],-4.66872,1
CNOc1ccc(C[C@H](NC=O)C(=O)Nc2ccc(OC)cc2)cc1,-6.862,1
CNc1nc(Nc2ccc(OC(F)(F)Cl)cc2)nc(OCC(F)(F)F)n1,-3.14129,1
CO/C([O-])=C1/C(=O)N[C+](SCC(N)=O)[C@H](C#N)[C@@H]1c1ccc(C)cc1,-7.946,1
CO/C([O-])=C1/C(C)=Nc2ncnn2[C@@H]1c1ccc([N+](=O)[O-])cc1,-5.4484,1
COC(=O)/C=C1/C=C([O-])N(CC(=O)Nc2ccc(C)c(F)c2)c2cc(C)c(C)cc2N1,-0.946742,1
COC(=O)/C=C1/C=C([O-])N(CC(=O)Nc2ccccc2)c2cc(C)c(C)cc2N1,-1.18125,1
COC(=O)/C=C1/C=C([O-])[N@H+](CC(=O)Nc2ccc(Br)c(C)c2)c2cc(C)c(C)cc2N1,-1.75334,1
COC(=O)/C=C1/C=C([O-])[N@H+](CC(=O)Nc2ccc(Br)cc2)c2cc(C)c(C)cc2N1,-1.80307,1
COC(=O)/C=C1/C=C([O-])[N@H+](CC(=O)Nc2ccc(Cl)cc2)c2cc(C)c(C)cc2N1,-2.31526,1
COC(=O)/C=C1/C=C([O-])[N@H+](CC(=O)Nc2ccc(F)cc2)c2cc(C)c(C)cc2N1,-1.88157,1
COC(=O)/C=C1/C=C([O-])[N@H+](CC(=O)Nc2ccccc2)c2cc(C)c(C)cc2N1,-2.03875,1
COC(=O)/C=C1\C=C([O-])[N@H+](CC(=O)Nc2ccc(F)c(Cl)c2)c2cc(C)c(C)cc2N1,-4.29239,1
COC(=O)/C=C1\C=C([O-])[N@H+](CC(=O)Nc2ccc(F)c(F)c2)c2cc(C)c(C)cc2N1,-3.8854,1
COC(=O)C1=C(C)N(C)[C@@]2(SC(C(C)=O)=NN2c2ccc(OC)cc2)S1,-5.75792,1
COC(=O)C1=C(C)N(C)[C@@]2(SC(C(C)=O)=NN2c2ccccc2)S1,-5.87663,1
COC(=O)C1=C(C)NC(=O)N[C@H]1c1ccc2c(c1)OCO2,-5.68878,1
COC(=O)C1=C(C)NC(=S)N[C@@H]1c1ccc(C(=O)[O-])cc1,-4.45143,1
COC(=O)C1=C(C)NC(=S)N[C@H]1c1cc(OC)ccc1OC,-5.28039,1
COC(=O)C1=C(C)NC(=S)N[C@H]1c1ccc(C(=O)[O-])cc1,-4.95415,1
COC(=O)C1=C(C)NC2=CCCC(O)=C2[C@@H]1c1ccc(OC(C)=O)cc1,0.868703,1
COC(=O)C1=C(C)NC2=CCCC([O-])=C2[C@@H]1c1ccc(C(=O)OC)cc1,-3.11136,1
COC(=O)C1=C(C)NC2=C[C@@H](c3ccc(OC)cc3)CC(O)=C2[C@H]1c1cccc(O)c1,-7.77804,1
COC(=O)C1=C(C)NC2=C[C@@H](c3ccc(OC)cc3)CC(O)=C2[C@H]1c1cccc(OC)c1,-7.58959,1
COC(=O)C1=C(C)NC2=C[C@H](c3cccc(OC)c3)CC([O-])=C2[C@H]1c1cccs1,-4.54199,1
COC(=O)C1=C([O-])NC(SCC(N)=O)=C(C#N)[C@H]1c1ccc(Cl)cc1,-7.59126,1
COC(=O)C1=NN(c2ccc(Br)cc2)[C@]2(S1)SC(C(C)=O)=C(C)N2C,-5.83246,1
COC(=O)C1=NN(c2ccc(C)cc2)[C@]2(S1)SC(C(C)=O)=C(C)N2C,-6.23221,1
COC(=O)C1=NN(c2ccc(Cl)cc2)[C@]2(S1)SC(C(=O)OC)=C(C)N2C,-5.84805,1
COC(=O)C1=NN(c2ccc(OC)cc2)[C@@]2(S1)SC(C(=O)OC)=C(C)N2C,-4.48036,1
COC(=O)C1=NN(c2ccc(OC)cc2)[C@]2(S1)SC(C(=O)OC)=C(C)N2C,-2.95095,1
COC(=O)C1=NN(c2ccc(OC)cc2)[C@]2(S1)SC(C(C)=O)=C(C)N2C,-6.12619,1
COC(=O)C1=NN(c2ccc([N+](=O)[O-])cc2)[C@]2(S1)SC(C(C)=O)=C(C)N2C,-6.23478,1
COC(=O)C1=NN(c2cccc(C)c2)[C@]2(S1)SC(C(C)=O)=C(C)N2C,-6.76588,1
COC(=O)C1=NN(c2ccccc2)[C@]2(S1)SC(C(C)=O)=C(C)N2C,-6.47958,1
COC(=O)C1CCN(S(=O)(=O)c2ccc(C)cc2)CC1,-6.45735,1
COC(=O)C1CCN(S(=O)(=O)c2ccc(Cl)cc2)CC1,-6.5628,1
COC(=O)CC1=CC(SCC(=O)Nc2ccc(OC)cc2)=Nc2ccccc2N1,-5.46602,1
COC(=O)CC1=CC(SCC(=O)Nc2cccc(OC)c2)=Nc2ccccc2N1,-2.98223,1
COC(=O)CC1=CC(S[C@@H](C)C(=O)Nc2ccc(OC)cc2)=Nc2ccccc2N1,-4.9237,1
COC(=O)CC1=CC(S[C@@H](C)C(=O)Nc2cccc(OC)c2)=Nc2ccccc2N1,-2.00756,1
COC(=O)CCC(=O)Nc1cccc(-c2nc(-c3ccc(OC)cc3)no2)c1,-7.50524,1
COC(=O)CCC(=O)Nc1ccccc1-c1nc(-c2cccc(C)c2)no1,-5.06777,1
COC(=O)CCCNc1cc(C)nc2nc(-c3ccc(Cl)cc3)nn12,-7.89892,1
COC(=O)CCCNc1cc(C)nc2nc(-c3ccc(OC)cc3)nn12,-7.20851,1
COC(=O)CCNC(=O)N1Cc2ccccc2-n2cccc2[C@@H]1c1ccc(SC)cc1,-3.25547,1
COC(=O)CN1C(=O)CSc2ccc(S(=O)(=O)Nc3cccc(C(C)=O)c3)cc21,-3.02114,1
COC(=O)CN1C(=O)CSc2ccc(S(=O)(=O)[N-]c3cccc(OC)c3)cc21,-2.24766,1
COC(=O)CN1C(=S)N(c2ccc(OC)cc2)C(=O)[C@H]1CC(=O)Nc1ccc(Cl)cc1,-4.85384,1
COC(=O)CN1C(=S)N(c2ccc(OC)cc2)C(=O)[C@H]1CC(=O)Nc1ccccc1,-4.42664,1
COC(=O)CNC(=O)N1CCCCC[C@@H]1c1ccc(C)cc1,-5.5947,1
COC(=O)CNC(=O)N1CCCCC[C@H]1c1ccc(C)cc1,-5.79833,1
COC(=O)CNC(=O)c1cc(-c2ccccc2)nc2ccccc12,-3.50962,1
COC(=O)CNC(=O)c1nn(-c2cc(OC)cc(OC)c2)c(=O)c2ccccc12,-6.31003,1
COC(=O)CNc1cc(C)nc2nc(-c3ccccc3)nn12,-6.67757,1
COC(=O)COc1ccc([C@@H]2NC(=O)NC(C)=C2C(=O)OC)cc1,-3.3995,1
COC(=O)COc1ccc([C@H]2NC(=O)NC(C)=C2C(=O)OC)cc1,-7.8409,1
COC(=O)CSC1=[NH+]C(=O)C[C@@H](c2ccc(OC)c(OC)c2)[C@H]1C#N,-4.03542,1
COC(=O)CSC1=[NH+]C(=O)C[C@@H](c2ccccc2F)[C@H]1C#N,-5.7433,1
COC(=O)CSC1=[NH+]C(=O)C[C@H](c2ccc(Cl)cc2Cl)[C@@H]1C#N,-5.15097,1
COC(=O)CSC1=[NH+]C(=O)C[C@H](c2cccc(Cl)c2Cl)[C@@H]1C#N,-5.50321,1
COC(=O)CSC1=[NH+]C(=O)C[C@H](c2ccccc2Cl)[C@@H]1C#N,-6.42113,1
COC(=O)CSC1=[NH+]C(=O)C[C@H](c2ccccc2Cl)[C@H]1C#N,-2.5812,1
COC(=O)CSC1=[NH+]C(=O)C[C@H](c2ccccc2F)[C@@H]1C#N,-3.60659,1
COC(=O)CSc1cc(C)nc2c(-c3ccccc3OC)c(C)nn12,-2.58305,1
COC(=O)CSc1nc(-c2ccc(C)cc2)ccc1C#N,-2.64236,1
COC(=O)CSc1nc(-c2ccccc2)ccc1C#N,-3.82878,1
COC(=O)CSc1nc2c(cnn2-c2ccc(Cl)cc2)c(=O)[n-]1,-5.49315,1
COC(=O)CSc1nc2c(cnn2-c2ccc(Cl)cc2)c(=O)[nH]1,-7.14325,1
COC(=O)CSc1nc2c(cnn2-c2ccc(F)cc2)c(=O)[n-]1,-5.05458,1
COC(=O)CSc1nc2c(cnn2-c2ccc(F)cc2)c(=O)[nH]1,-6.64772,1
COC(=O)CSc1nnc(-c2ccc(Br)cc2)o1,-3.21293,1
COC(=O)CSc1nnc(-c2ccc(C)cc2)o1,-6.86612,1
COC(=O)CSc1nnc(-c2ccc(OC)cc2)o1,-6.40548,1
COC(=O)CSc1nnc(-c2ccccc2)o1,-6.54534,1
COC(=O)CSc1nnc(-c2ccncc2)o1,-3.52069,1
COC(=O)CSc1nnc2n1CCN2c1ccc(OC)cc1,-6.3166,1
COC(=O)Cc1c(C)nc2nc(NCc3c(F)cccc3Cl)nn2c1[O-],-5.13836,1
COC(=O)Cc1cc(=O)n2nc(NCc3ccc(OC(C)C)cc3)nc2[nH]1,-0.63405,1
COC(=O)Cc1cc(=O)n2nc(NCc3ccccc3F)nc2[nH]1,-3.93835,1
COC(=O)Cc1cc([O-])n2nc(NCc3ccc(C)cc3)nc2n1,-3.44132,1
COC(=O)Cc1cc([O-])n2nc(NCc3ccc(OC(C)C)cc3)nc2n1,-6.46293,1
COC(=O)Cc1cc([O-])n2nc(NCc3ccccc3F)nc2n1,-6.77324,1
COC(=O)Cc1cc([O-])n2nc(NCc3ccccc3OC)nc2n1,-5.40564,1
COC(=O)Cn1c(=O)oc2cc(S(=O)(=O)NCc3ccc(Cl)cc3)ccc21,-3.26153,1
COC(=O)Cn1c(=O)oc2cc(S(=O)(=O)Nc3cc(Cl)c(OC)cc3OC)ccc21,-2.91688,1
COC(=O)Cn1c(=O)oc2cc(S(=O)(=O)Nc3ccc(F)c(Cl)c3)ccc21,-6.94797,1
COC(=O)Cn1c(=O)oc2cc(S(=O)(=O)Nc3ccc(OC)c(OC)c3)ccc21,-4.30769,1
COC(=O)Cn1c(=O)oc2cc(S(=O)(=O)[N-]c3ccc(F)c(F)c3)ccc21,-1.76226,1
COC(=O)Cn1c(=O)oc2cc(S(=O)(=O)[N-]c3ccc(OC)c(OC)c3)ccc21,-0.381505,1
COC(=O)Cn1c(SCCOc2ccc(OC)cc2)nc2ccccc21,-4.30386,1
COC(=O)Cn1c([C@@H](C)NC(=O)c2ccco2)[nH+]c2ccccc21,-2.72595,1
COC(=O)Cn1c([C@@H](C)NC(=O)c2ccco2)nc2ccccc21,-4.12521,1
COC(=O)Cn1c([C@H](C)NC(=O)c2ccco2)[nH+]c2ccccc21,-4.745,1
COC(=O)Cn1c([C@H](C)NC(=O)c2ccco2)nc2ccccc21,-5.59498,1
COC(=O)Cn1cc(S(=O)(=O)Nc2cccc(C(C)=O)c2)c2cc([N+](=O)[O-])ccc21,-1.6371,1
COC(=O)NCCn1ncc2ccc(-c3cncc(N4CCN(C=O)CC4)c3)cc21,-7.932,1
COC(=O)N[C@@H]1CSC[C@@H]1OC(=O)CCCCCN1C(=O)c2ccccc2C1=O,-8.39671,1
COC(=O)Nc1ccc(S(=O)(=O)N2CCC(C(=O)Nc3ccc(F)cc3)CC2)cc1,-3.82608,1
COC(=O)[C@@H](C)Sc1nc2c(cnn2-c2ccc(Cl)cc2)c(=O)[n-]1,-3.88296,1
COC(=O)[C@@H](C)Sc1nnc(CSc2ncccn2)n1-c1ccc(F)cc1,-4.58423,1
COC(=O)[C@@H](C)Sc1nnc(CSc2ncccn2)n1-c1ccc(OC)cc1,-4.84942,1
COC(=O)[C@@H](C)Sc1nnc2n(-c3cccc(C)c3)c(=O)c3c4c(sc3n12)CCCC4,-5.83025,1
COC(=O)[C@@](NC(=O)c1ccc(OC)cc1)(Nc1sc2c(c1C#N)CC[C@H](C)C2)C(F)(F)F,-5.82258,1
COC(=O)[C@H](C)Sc1nc2c(cnn2-c2ccc(C)cc2)c(=O)[n-]1,-5.02076,1
COC(=O)[C@H](C)Sc1nc2c(cnn2-c2ccc(C)cc2)c(=O)[nH]1,-6.66995,1
COC(=O)[C@H](C)Sc1nc2c(cnn2-c2ccc(Cl)cc2)c(=O)[n-]1,-2.00163,1
COC(=O)[C@H](C)Sc1nc2c(cnn2-c2ccc(Cl)cc2)c(=O)[nH]1,-6.64324,1
COC(=O)[C@H](C)Sc1nnc(CSc2ncccn2)n1-c1ccc(OC)cc1,-5.23589,1
COC(=O)[C@H](C)Sc1nnc(CSc2ncccn2)n1-c1ccccc1,-5.99997,1
COC(=O)[C@H]1C([O-])=C2C(=C[C@@H]1C)NC(C)=C(C(=O)OCc1ccc(OC)cc1)[C@@H]2c1cccs1,-2.62418,1
COC(=O)[C@H]1CC[N@H+]([C@@H](c2ccc(F)cc2)c2sc3nc(-c4ccco4)nn3c2[O-])CC1,-6.24113,1
COC(=O)[C@H]1CC[N@H+]([C@H](c2ccc(F)cc2)c2sc3nc(-c4ccco4)nn3c2[O-])CC1,-3.98362,1
COC(=O)[C@H]1CN(C(=O)c2ccc([N+](=O)[O-])cc2)c2ccccc2O1,-0.262298,1
COC(=O)c1c(C)oc2ccc(OC(=O)c3ccc(OC)cc3)cc12,-4.45394,1
COC(=O)c1c(SCC(=O)Nc2ccc(C(C)=O)cc2)[nH]c2cc(Cl)ccc2c1=O,-5.76001,1
COC(=O)c1c(SCC(=O)Nc2cccc(C(C)=O)c2)[nH]c2ccccc2c1=O,-4.58529,1
COC(=O)c1c(SCC(=O)Nc2cccc(OC)c2)nc2ccc(C)cc2c1[O-],-3.17482,1
COC(=O)c1cc(-c2ccc(S(=O)(=O)Nc3ccc(C(C)=O)cc3)s2)on1,-4.22747,1
COC(=O)c1cc(-c2ccc(S(=O)(=O)Nc3ccc(Cl)cc3)s2)on1,-5.55456,1
COC(=O)c1cc(-c2ccc(S(=O)(=O)Nc3ccc(F)cc3)s2)on1,-5.88677,1
COC(=O)c1cc(-c2ccc(S(=O)(=O)Nc3ccc(OC)cc3)s2)on1,-4.42596,1
COC(=O)c1cc(-c2ccc(S(=O)(=O)[N-]c3ccc(C(C)=O)cc3)s2)on1,-8.37289,1
COC(=O)c1cc(-c2ccc(S(=O)(=O)[N-]c3ccc(Cl)cc3)s2)on1,-0.27115,1
COC(=O)c1cc(-c2ccc(S(=O)(=O)[N-]c3ccc(OC)cc3)s2)on1,-6.73533,1
COC(=O)c1cc(NC(=O)[C@H](CCSC)N2Cc3ccccc3C2=O)cc(C(=O)OC)c1,1.47156,1
COC(=O)c1cc(S(=O)(=O)N2CCC[C@@H]2C(=O)Nc2ccc(OC)cc2)cn1C,-1.89286,1
COC(=O)c1cc(S(=O)(=O)N2CCC[C@@H]2C(=O)Nc2cccc(C(C)=O)c2)cn1C,-4.08108,1
COC(=O)c1cc(S(=O)(=O)NC[C@H]2CC[N@@H+](Cc3ccc(F)cc3)CC2)c[nH]1,-0.454494,1
COC(=O)c1cc(S(=O)(=O)NC[C@H]2CC[N@H+](Cc3ccc(C)cc3)CC2)c[nH]1,-4.57852,1
COC(=O)c1cc(S(=O)(=O)NCc2ccc(Br)cc2)c[nH]1,-5.45486,1
COC(=O)c1cc(S(=O)(=O)NCc2ccc(C)cc2)c[nH]1,-5.39412,1
COC(=O)c1cc(S(=O)(=O)NCc2ccc(Cl)cc2)c[nH]1,-5.46456,1
COC(=O)c1cc(S(=O)(=O)NCc2ccc(F)cc2)c[nH]1,0.63223,1
COC(=O)c1cc(S(=O)(=O)NCc2ccc(OC)cc2)c[nH]1,-5.09342,1
COC(=O)c1cc(S(=O)(=O)NCc2ccc(OC)cc2)cn1C,-7.24392,1
COC(=O)c1cc(S(=O)(=O)Nc2ccc(OC)cc2)c[nH]1,-4.48222,1
COC(=O)c1cc(S(=O)(=O)[N-]c2ccc(C(C)=O)cc2)cn1C,-3.56321,1
COC(=O)c1cc(S(=O)(=O)[N-]c2ccc(Cl)cc2)c[nH]1,-0.94013,1
COC(=O)c1cc2ccsc2n1CC(=O)Nc1ccc(C(C)=O)cc1,-7.3628,1
COC(=O)c1cc2n(n1)C[C@@](C)(C(=O)NC1CCCCC1)N(c1cccc(SC)c1)C2=O,-5.72862,1
COC(=O)c1cc2n(n1)C[C@@](C)(C(=O)NC1CCCCCC1)N(c1cc(C)ccc1C)C2=O,-6.08623,1
COC(=O)c1cc2n(n1)C[C@@](C)(C(=O)NC1CCCCCC1)N(c1cccc(OC)c1)C2=O,-6.14056,1
COC(=O)c1cc2n(n1)C[C@@](C)(C(=O)NC1CCCCCCC1)N(c1cc(OC)cc(OC)c1)C2=O,-5.44801,1
COC(=O)c1ccc(-c2ccc(/C=c3\sc4nc5ccccc5n4c3=O)o2)cc1,-6.88733,1
COC(=O)c1ccc(-c2nc(C(N)=O)c3c(n2)n(-c2ccc(F)cc2)c(=O)n3Cc2ccccc2)cc1,-7.36221,1
COC(=O)c1ccc(-c2nc3c(c(=S)[nH]2)Cc2cccc(OC)c2O3)cc1,-6.16687,1
COC(=O)c1ccc(-c2nc3cnccn3c2Nc2c(C)cccc2C)cc1,-7.11092,1
COC(=O)c1ccc(-c2nc3cnccn3c2Nc2ccc(OC)c(OC)c2)cc1,-7.71274,1
COC(=O)c1ccc(-c2nc3cnccn3c2Nc2ccc(OC)cc2)cc1,-6.47919,1
COC(=O)c1ccc(-c2nc3cnccn3c2Nc2ccccc2C)cc1,-7.50686,1
COC(=O)c1ccc(-n2nnc(-c3nc(-c4ccc(C)cc4)no3)c2C)cc1,-7.12558,1
COC(=O)c1ccc(-n2nnc(-c3nc(-c4ccc(Cl)cc4)no3)c2C)cc1,-6.85573,1
COC(=O)c1ccc(-n2nnc(-c3nc(-c4ccccc4)no3)c2C)cc1,-7.25585,1
COC(=O)c1ccc(-n2nnc(-c3nsc(NC(=O)c4ccccc4OC)n3)c2C)cc1,-1.21364,1
COC(=O)c1ccc(-n2nnc(-c3nsc(NC(=O)c4ccco4)n3)c2C)cc1,-6.63079,1
COC(=O)c1ccc(-n2nnc(-c3nsc([N-]C(=O)c4ccco4)n3)c2C)cc1,-4.74342,1
COC(=O)c1ccc(-n2nnc3c(sc4nc(C)ccc43)c2=O)cc1,-6.83948,1
COC(=O)c1ccc(-n2nnnc2SCC(=O)N2CCCCC2)cc1,-7.39443,1
COC(=O)c1ccc(-n2nnnc2SCC(=O)Nc2c(C)cccc2C)cc1,-8.08539,1
COC(=O)c1ccc(/C=N/NC(=O)CSc2nc3ccccc3[nH]2)cc1,-5.61401,1
COC(=O)c1ccc(/C=N/NC(=O)CSc2nnc(-c3ccccc3)n2-c2ccccc2)cc1,-4.54933,1
COC(=O)c1ccc(/C=N/NC(=O)c2cc(-c3c(OC)ccc4ccccc34)[nH]n2)cc1,-6.79173,1
COC(=O)c1ccc(/C=N/NC(=O)c2cc(-c3cc(OC)ccc3OC)[nH]n2)cc1,-6.12688,1
COC(=O)c1ccc(/C=N/NC(=O)c2cc(-c3ccc(C)s3)[nH]n2)cc1,-6.51075,1
COC(=O)c1ccc(/C=N/NC(=O)c2cc(-c3ccc(C)s3)n[nH]2)cc1,-6.25919,1
COC(=O)c1ccc(/C=N/NC(=O)c2cc(-c3ccc(Cl)cc3)[nH]n2)cc1,-6.52845,1
COC(=O)c1ccc(/C=N/NC(=O)c2cc(-c3ccc(Cl)cc3)n[nH]2)cc1,-6.26154,1
COC(=O)c1ccc(/C=N/NC(=O)c2cc(-c3cccc4ccccc34)[nH]n2)cc1,-6.40716,1
COC(=O)c1ccc(/C=N/NC(=O)c2cc(-c3ccccc3OC)[nH]n2)cc1,-6.56354,1
COC(=O)c1ccc(/C=N/NC(=O)c2cc(-c3ccccc3OC)n[nH]2)cc1,-6.31011,1
COC(=O)c1ccc(/C=N/NC(=O)c2cc(C)[nH]n2)cc1,-6.83468,1
COC(=O)c1ccc(/C=N/NC(=O)c2cc(C)n[nH]2)cc1,-5.18679,1
COC(=O)c1ccc(/C=N/NC(=O)c2ccc(CN3CCOCC3)cc2)cc1,-5.67105,1
COC(=O)c1ccc(/C=N/NC(=O)c2ccc(COc3ccc(C)cc3)cc2)cc1,-6.63565,1
COC(=O)c1ccc(/C=N/NC(=O)c2ccc(C[NH+]3CCOCC3)cc2)cc1,-6.34712,1
COC(=O)c1ccc(/C=N/NC(=O)c2ccc(N(Cc3ccccc3)S(C)(=O)=O)cc2)cc1,-6.01723,1
COC(=O)c1ccc(/C=N/Nc2nnnn2-c2cccc3ccccc23)cc1,-7.09375,1
COC(=O)c1ccc(/C=N/[N-]c2nnnn2-c2cccc3ccccc23)cc1,-2.13,1
COC(=O)c1ccc(/C=N\NC(=O)CN2CC[NH+](Cc3ccccc3)CC2)cc1,-7.58956,1
COC(=O)c1ccc(/C=N\NC(=O)c2cc(C(C)(C)C)[nH]n2)cc1,-6.48513,1
COC(=O)c1ccc(/C=N\NC(=O)c2cc(C(C)(C)C)n[nH]2)cc1,-7.09054,1
COC(=O)c1ccc(/C=c2\sc3nc(-c4ccc(Br)cc4)nn3c2=O)cc1,-6.17547,1
COC(=O)c1ccc(/C=c2\sc3nc(-c4ccc(C)cc4)nn3c2=O)cc1,-6.47939,1
COC(=O)c1ccc(/C=c2\sc3nc(-c4ccc(F)cc4)nn3c2=O)cc1,-6.74141,1
COC(=O)c1ccc(/C=c2\sc3nc(-c4cccc(C)c4)nn3c2=O)cc1,-6.44548,1
COC(=O)c1ccc(/C=c2\sc3nc(-c4ccccc4)nn3c2=O)cc1,-6.95587,1
COC(=O)c1ccc(/C=c2\sc3nc(-c4cccs4)nn3c2=O)cc1,-6.98089,1
COC(=O)c1ccc(/N=C2\S[C@@H](C(=O)Nc3ccccc3F)CC(=O)N2C)cc1,-6.72569,1
COC(=O)c1ccc(/N=C2\S[C@H](C(=O)Nc3ccccc3F)CC(=O)N2C)cc1,-5.9193,1
COC(=O)c1ccc(C(=O)N(CCC[NH+](C)C)c2nc3ccc(F)cc3s2)cc1,-5.87572,1
COC(=O)c1ccc(C(=O)N(CCN(C)C)c2nc3ccc(Br)cc3s2)cc1,-3.61492,1
COC(=O)c1ccc(C(=O)N(CCN(C)C)c2nc3ccc(Cl)cc3s2)cc1,-4.65685,1
COC(=O)c1ccc(C(=O)N(CC[NH+](C)C)c2nc3ccc(Br)cc3s2)cc1,-6.83875,1
COC(=O)c1ccc(C(=O)N(CC[NH+](C)C)c2nc3ccc(Cl)cc3s2)cc1,-6.22899,1
COC(=O)c1ccc(C(=O)N(CC[NH+](C)C)c2nc3ccc(F)cc3s2)cc1,-6.98668,1
COC(=O)c1ccc(C(=O)Nc2ccc(S(=O)(=O)/N=c3\nc(C)cc(C)[nH]3)cc2)cc1,-4.77993,1
COC(=O)c1ccc(C(=O)Nc2ccc(S(=O)(=O)[N-]c3nc(C)cc(C)n3)cc2)cc1,-6.56387,1
COC(=O)c1ccc(C(=O)Nc2nc3ccc(OC)cc3s2)cc1,-6.5602,1
COC(=O)c1ccc(C(=O)[N-]c2nc3ccc(OC)cc3s2)cc1,-5.50014,1
COC(=O)c1ccc(C)c(NC(=O)C2CCN(S(=O)(=O)Cc3ccccc3)CC2)c1,-4.09066,1
COC(=O)c1ccc(C)c(NC(=O)C2CCN(S(=O)(=O)Cc3ccccc3C)CC2)c1,-7.19959,1
COC(=O)c1ccc(CN2C(=O)CCn3nccc32)cc1,-7.33061,1
COC(=O)c1ccc(Cn2c(SCC(=O)N(C)c3ccc(F)cc3)nc3ccccc32)cc1,-7.02236,1
COC(=O)c1ccc(Cn2c(SCC(=O)N(C)c3ccccc3)nc3ccccc32)cc1,-7.06406,1
COC(=O)c1ccc(Cn2c(SCc3ccc(F)cc3)nc3cc[nH+]cc32)cc1,-5.89592,1
COC(=O)c1ccc(Cn2c(SCc3cccc(C)c3)nc3ccncc32)cc1,-2.24233,1
COC(=O)c1ccc(N/C=C2/N=C(c3ccc(C)cc3)OC2=O)cc1,-6.99921,1
COC(=O)c1ccc(N/C=C2/N=C(c3ccc([N+](=O)[O-])cc3)OC2=O)cc1,-6.8492,1
COC(=O)c1ccc(N/C=C2\N=C(c3ccc(Cl)cc3)OC2=O)cc1,-8.22513,1
COC(=O)c1ccc(N2C(=O)C[C@@H](NCc3ccco3)C2=O)cc1,-2.22982,1
COC(=O)c1ccc(N2C(=O)C[C@@H]([NH2+]Cc3ccco3)C2=O)cc1,-6.55229,1
COC(=O)c1ccc(N2C(=O)C[C@H](NCc3ccco3)C2=O)cc1,-6.37816,1
COC(=O)c1ccc(N2C(=O)C[C@H]([NH2+]Cc3ccco3)C2=O)cc1,-6.85761,1
COC(=O)c1ccc(N2C(=O)c3ccc(Oc4ccc([N+](=O)[O-])cc4)cc3C2=O)cc1,-6.25013,1
COC(=O)c1ccc(N2CC(=O)C(c3[nH]c4cc(C)ccc4[nH+]3)=C2N)cc1,-6.00335,1
COC(=O)c1ccc(N2CC(=O)C(c3[nH]c4ccccc4[nH+]3)=C2N)cc1,-4.3202,1
COC(=O)c1ccc(N2CC(=O)C(c3nc4cc(C)ccc4[nH]3)=C2N)cc1,-5.81617,1
COC(=O)c1ccc(N2CC(=O)C(c3nc4ccc(C)cc4[nH]3)=C2N)cc1,-6.06783,1
COC(=O)c1ccc(N2CC(=O)C(c3nc4ccccc4[nH]3)=C2N)cc1,-6.70759,1
COC(=O)c1ccc(N2CC(=O)C(c3nc4ccccc4s3)=C2N)cc1,-6.9132,1
COC(=O)c1ccc(NC(=O)C2CCN(C(=O)c3ccc(F)cc3)CC2)cc1,-5.57654,1
COC(=O)c1ccc(NC(=O)CCCCCN2C(=O)c3ccccc3C2=O)cc1,-7.12919,1
COC(=O)c1ccc(NC(=O)CCCc2nc(-c3ccccc3)no2)cc1,-5.95388,1
COC(=O)c1ccc(NC(=O)CCCn2cc([N+](=O)[O-])cn2)cc1,-5.15943,1
COC(=O)c1ccc(NC(=O)CCS(=O)(=O)c2cccc3nsnc23)cc1,-6.98934,1
COC(=O)c1ccc(NC(=O)CCc2c(C)[nH]c3ncnn3c2=O)cc1,-4.7053,1
COC(=O)c1ccc(NC(=O)CCc2c(C)nc3c(-c4ccccc4)c(C)nn3c2C)cc1,-6.30605,1
COC(=O)c1ccc(NC(=O)CCc2c(C)nc3ncnn3c2[O-])cc1,-5.66631,1
COC(=O)c1ccc(NC(=O)CCc2nnc3ccc(N4CCCC4)nn23)cc1,-6.36785,1
COC(=O)c1ccc(NC(=O)CCn2c(=O)sc3ccccc32)cc1,-5.56302,1
COC(=O)c1ccc(NC(=O)CCn2c(=S)oc3ccccc32)cc1,-6.83525,1
COC(=O)c1ccc(NC(=O)CN(C)S(=O)(=O)c2ccc3c(c2)CCC(=O)N3)cc1,-5.54959,1
COC(=O)c1ccc(NC(=O)CN2CCN(S(=O)(=O)c3ccc(Cl)cc3)CC2)cc1,-1.24148,1
COC(=O)c1ccc(NC(=O)CN2CCN(c3ccccc3OC)CC2)cc1,-6.18991,1
COC(=O)c1ccc(NC(=O)COc2cc(Cl)ccc2Cl)cc1,-7.25351,1
COC(=O)c1ccc(NC(=O)COc2ccccc2)cc1,-7.22277,1
COC(=O)c1ccc(NC(=O)CSC2=NCCS2)cc1,-6.17627,1
COC(=O)c1ccc(NC(=O)CSC2=NS(=O)(=O)c3ccccc3N2Cc2ccccc2)cc1,-5.88766,1
COC(=O)c1ccc(NC(=O)CSc2cc(C)[nH]c(=O)n2)cc1,-6.81524,1
COC(=O)c1ccc(NC(=O)CSc2cc(C)nc(=O)[nH]2)cc1,-6.74,1
COC(=O)c1ccc(NC(=O)CSc2cn(CC(=O)N3C[C@@H](C)O[C@@H](C)C3)c3ccccc23)cc1,-4.53007,1
COC(=O)c1ccc(NC(=O)CSc2n[nH]c(-c3ccccc3)n2)cc1,-5.94027,1
COC(=O)c1ccc(NC(=O)CSc2nc(-c3ccc(OC)cc3)ccc2C#N)cc1,-6.99775,1
COC(=O)c1ccc(NC(=O)CSc2nc(-c3ccccc3)ccc2C#N)cc1,-5.11549,1
COC(=O)c1ccc(NC(=O)CSc2nc(-c3ccccc3)n[nH]2)cc1,-6.45037,1
COC(=O)c1ccc(NC(=O)CSc2nc(=O)c3sc(=S)n(-c4ccc(C)cc4)c3[nH]2)cc1,-4.0574,1
COC(=O)c1ccc(NC(=O)CSc2nc(=O)c3sc(=S)n(-c4ccccc4)c3[nH]2)cc1,-5.44576,1
COC(=O)c1ccc(NC(=O)CSc2nc(=O)c3sc(=S)n(-c4ccccc4C)c3[nH]2)cc1,-4.27911,1
COC(=O)c1ccc(NC(=O)CSc2nc(C)cc(C)c2C(=O)Nc2ccccc2C)cc1,-6.23595,1
COC(=O)c1ccc(NC(=O)CSc2nc(C)cc(C)n2)cc1,-7.26043,1
COC(=O)c1ccc(NC(=O)CSc2nc(CC(C)C)n[nH]2)cc1,-6.15498,1
COC(=O)c1ccc(NC(=O)CSc2nc3c(c(=O)[n-]2)CN(Cc2ccccc2OC)CC3)cc1,-4.24336,1
COC(=O)c1ccc(NC(=O)CSc2nc3c(c(=O)[n-]2)C[N@H+](Cc2ccccc2OC)CC3)cc1,-7.62675,1
COC(=O)c1ccc(NC(=O)CSc2nc3c(c(=O)[nH]2)C[N@H+](Cc2ccccc2OC)CC3)cc1,-5.63371,1
COC(=O)c1ccc(NC(=O)CSc2nc3c(cnn3-c3ccc(Cl)cc3)c(=O)[n-]2)cc1,0.920409,1
COC(=O)c1ccc(NC(=O)CSc2nc3c(cnn3-c3ccc(Cl)cc3)c(=O)[nH]2)cc1,-5.26049,1
COC(=O)c1ccc(NC(=O)CSc2nc3c(cnn3-c3ccccc3)c(=O)[nH]2)cc1,-4.19171,1
COC(=O)c1ccc(NC(=O)CSc2nc3c(cnn3-c3ccccc3OC)c(=O)[n-]2)cc1,-5.29508,1
COC(=O)c1ccc(NC(=O)CSc2nc3c(cnn3-c3ccccc3OC)c(=O)[nH]2)cc1,-6.93178,1
COC(=O)c1ccc(NC(=O)CSc2nc3c(sc(=S)n3-c3ccccc3)c(=O)[nH]2)cc1,-5.59752,1
COC(=O)c1ccc(NC(=O)CSc2nc3cc(OC)ccc3[nH]2)cc1,-5.9157,1
COC(=O)c1ccc(NC(=O)CSc2nc3ccc(OC)cc3[nH]2)cc1,-6.65031,1
COC(=O)c1ccc(NC(=O)CSc2nc3cccnc3[nH]2)cc1,-5.45879,1
COC(=O)c1ccc(NC(=O)CSc2nc3ncccc3[nH]2)cc1,-6.16012,1
COC(=O)c1ccc(NC(=O)CSc2ncc3c(n2)-c2ccccc2N(C)S3(=O)=O)cc1,-6.16185,1
COC(=O)c1ccc(NC(=O)CSc2nn3c(=O)c(C(C)(C)C)nnc3s2)cc1,-6.00211,1
COC(=O)c1ccc(NC(=O)CSc2nn3c(=O)c(C)nnc3s2)cc1,-6.24891,1
COC(=O)c1ccc(NC(=O)CSc2nnc(Cc3cccn3C)n2-c2ccc(F)cc2)cc1,-5.66818,1
COC(=O)c1ccc(NC(=O)CSc2nnc(Cc3cccn3C)n2C)cc1,-1.92332,1
COC(=O)c1ccc(NC(=O)CSc2nnc(NC(=O)Nc3ccc(C)cc3)s2)cc1,-6.88028,1
COC(=O)c1ccc(NC(=O)CSc2nnc(NC(=O)Nc3ccccc3)s2)cc1,-6.682,1
COC(=O)c1ccc(NC(=O)CSc2nnc3n(N)cnn23)cc1,-5.84014,1
COC(=O)c1ccc(NC(=O)CSc2nnnn2-c2ccc(OC(F)(F)F)cc2)cc1,-5.53483,1
COC(=O)c1ccc(NC(=O)C[C@@H]2C(=O)N(C)C(=S)N2Cc2ccc(Cl)cc2)cc1,-6.30082,1
COC(=O)c1ccc(NC(=O)C[C@@H]2C(=O)N(C)C(=S)N2Cc2ccc(OC)cc2)cc1,-7.19915,1
COC(=O)c1ccc(NC(=O)C[C@@H]2C(=O)N(c3ccc(C)cc3)C(=O)N2C2CCCCC2)cc1,-5.10277,1
COC(=O)c1ccc(NC(=O)C[C@@H]2C(=O)N(c3cccc(C)c3)C(=O)N2Cc2ccco2)cc1,-6.28101,1
COC(=O)c1ccc(NC(=O)C[C@@H]2C(=O)N(c3cccc(C)c3)C(=O)N2Cc2cccs2)cc1,-6.31193,1
COC(=O)c1ccc(NC(=O)C[C@@H]2C(=O)N(c3ccccc3)C(=O)N2Cc2ccc(OC)cc2)cc1,-4.2848,1
COC(=O)c1ccc(NC(=O)C[C@@H]2C(=O)N(c3ccccc3)C(=S)N2Cc2ccco2)cc1,-6.9682,1
COC(=O)c1ccc(NC(=O)C[C@H](c2ccco2)n2cccc2)cc1,-6.13211,1
COC(=O)c1ccc(NC(=O)C[C@H]2C(=O)N(c3ccc(C)cc3)C(=O)N2C2CCCCC2)cc1,-4.29876,1
COC(=O)c1ccc(NC(=O)C[C@H]2C(=O)N(c3cccc(C)c3)C(=O)N2Cc2ccco2)cc1,-4.9819,1
COC(=O)c1ccc(NC(=O)C[C@H]2C(=O)N(c3cccc(OC)c3)C(=O)N2C(C)C)cc1,-5.91253,1
COC(=O)c1ccc(NC(=O)C[C@H]2C(=O)N(c3cccc(OC)c3)C(=O)N2Cc2ccco2)cc1,-6.38936,1
COC(=O)c1ccc(NC(=O)C[C@H]2C(=O)N(c3ccccc3)C(=S)N2CCc2ccccc2)cc1,-5.47679,1
COC(=O)c1ccc(NC(=O)C[C@H]2Sc3ccc(C(F)(F)F)cc3NC2=O)cc1,-5.84274,1
COC(=O)c1ccc(NC(=O)C[NH+]2CCN(S(=O)(=O)c3ccc(Br)cc3)CC2)cc1,-3.66781,1
COC(=O)c1ccc(NC(=O)C[NH+]2CCN(S(=O)(=O)c3ccc(Cl)cc3)CC2)cc1,-1.51194,1
COC(=O)c1ccc(NC(=O)C[NH+]2CCN(S(=O)(=O)c3ccc(F)cc3)CC2)cc1,-1.91269,1
COC(=O)c1ccc(NC(=O)Cn2cc([N+](=O)[O-])cn2)cc1,-5.59366,1
COC(=O)c1ccc(NC(=O)Cn2cnc(S(=O)(=O)N3CCOCC3)c2)cc1,-4.41367,1
COC(=O)c1ccc(NC(=O)N2CCC(CN3CCc4ccccc4C3)CC2)cc1,-3.33058,1
COC(=O)c1ccc(NC(=O)N2CCC(C[N@H+]3CCc4ccccc4C3)CC2)cc1,-5.98953,1
COC(=O)c1ccc(NC(=O)N2CCC(n3c(C(F)(F)F)nc4cccnc43)CC2)cc1,-5.0978,1
COC(=O)c1ccc(NC(=O)N2CCC(n3cnc4cccnc43)CC2)cc1,-6.03037,1
COC(=O)c1ccc(NC(=O)N2CCC[C@H]2c2ccc(OC)cc2)cc1,-6.9437,1
COC(=O)c1ccc(NC(=O)N2C[C@@H](C)Sc3ccccc32)cc1,-5.26911,1
COC(=O)c1ccc(NC(=O)N2C[C@H](C)Sc3ccccc32)cc1,-4.97947,1
COC(=O)c1ccc(NC(=O)NCc2cccn2Cc2ccc(F)cc2)cc1,-5.93189,1
COC(=O)c1ccc(NC(=O)NCc2noc3ccc(C)cc23)cc1,-7.21925,1
COC(=O)c1ccc(NC(=O)Nc2ccccc2OCc2cc(=O)n3cc(Cl)ccc3n2)cc1,-5.74529,1
COC(=O)c1ccc(NC(=O)Nc2nc3ccc(S(C)(=O)=O)cc3s2)cc1,-6.81162,1
COC(=O)c1ccc(NC(=O)Nc2nnc(N(CC(C)C)CC(C)C)s2)cc1,-6.49665,1
COC(=O)c1ccc(NC(=O)[C@@H](Cc2ccccc2)N2C(=O)c3ccccc3C2=O)cc1,-7.40202,1
COC(=O)c1ccc(NC(=O)[C@@H]2CC(=O)N(C)/C(=N/c3ccccc3)S2)cc1,-5.85696,1
COC(=O)c1ccc(NC(=O)[C@@H]2CC(=O)[N+](C)=C(Nc3ccccc3)S2)cc1,-2.24163,1
COC(=O)c1ccc(NC(=O)[C@@H]2CCCN2C(=O)OCc2ccccc2)cc1,-5.96666,1
COC(=O)c1ccc(NC(=O)[C@@H]2Nc3cc(F)ccc3S(=O)(=O)N2)cc1,-6.24407,1
COC(=O)c1ccc(NC(=O)[C@@H]2[N-]S(=O)(=O)c3ccc(F)cc3N2)cc1,-2.9922,1
COC(=O)c1ccc(NC(=O)[C@H](C)CS(=O)(=O)c2ccc3c(c2)NC(=O)[C@@H](C)S3)cc1,-7.21778,1
COC(=O)c1ccc(NC(=O)[C@H](CCS(C)(=O)=O)N2Cc3ccccc3C2=O)cc1,-7.13462,1
COC(=O)c1ccc(NC(=O)[C@H](Cc2ccccc2)N2C(=O)c3ccccc3C2=O)cc1,-6.87628,1
COC(=O)c1ccc(NC(=O)[C@H]2CC(=O)N(C)/C(=N/c3ccccc3)S2)cc1,-6.38867,1
COC(=O)c1ccc(NC(=O)[C@H]2Cc3ccccc3CN2S(=O)(=O)c2ccc(F)cc2)cc1,-1.27635,1
COC(=O)c1ccc(NC(=O)[C@H]2Nc3cc(F)ccc3S(=O)(=O)N2)cc1,-7.14052,1
COC(=O)c1ccc(NC(=O)[C@H]2[N-]S(=O)(=O)c3ccc(F)cc3N2)cc1,-4.48866,1
COC(=O)c1ccc(NC(=O)c2c[n-]c(=O)n(-c3ccc(C)c(C)c3)c2=O)cc1,-5.51144,1
COC(=O)c1ccc(NC(=O)c2c[n-]c(=O)n(-c3ccc(C)cc3)c2=O)cc1,-5.28226,1
COC(=O)c1ccc(NC(=O)c2c[nH]c(=O)n(-c3ccc(C)c(C)c3)c2=O)cc1,-7.0872,1
COC(=O)c1ccc(NC(=O)c2c[nH]c(=O)n(-c3ccc(C)cc3)c2=O)cc1,-6.95894,1
COC(=O)c1ccc(NC(=O)c2cc(-c3ccc(C)c(F)c3)on2)cc1,-6.80185,1
COC(=O)c1ccc(NC(=O)c2cc(-c3ccc(C)cc3)on2)cc1,-6.65823,1
COC(=O)c1ccc(NC(=O)c2cc(-c3ccc(OC)cc3)on2)cc1,-6.77668,1
COC(=O)c1ccc(NC(=O)c2cc(-c3ccc4c(c3)OCCO4)on2)cc1,-7.16611,1
COC(=O)c1ccc(NC(=O)c2cc(C(=O)OC)cc([N+](=O)[O-])c2)cc1,-2.43792,1
COC(=O)c1ccc(NC(=O)c2cc3cc(N(C)S(=O)(=O)c4ccccc4)ccc3s2)cc1,-5.85559,1
COC(=O)c1ccc(NC(=O)c2ccc(C)c([N+](=O)[O-])c2)cc1,-7.045,1
COC(=O)c1ccc(NC(=O)c2ccc(Cl)c([N+](=O)[O-])c2)cc1,-6.66977,1
COC(=O)c1ccc(NC(=O)c2ccc(Cl)cc2[N+](=O)[O-])cc1,-7.28249,1
COC(=O)c1ccc(NC(=O)c2ccc3c(c2)C(=O)N(c2cccc(C)c2)C3=O)cc1,-6.17089,1
COC(=O)c1ccc(NC(=O)c2cccn(OCc3cccc(C)c3)c2=O)cc1,-6.24121,1
COC(=O)c1ccc(NC(=O)c2cccn(OCc3cccc(Cl)c3)c2=O)cc1,-6.25573,1
COC(=O)c1ccc(NC(=O)c2cccn(OCc3ccccc3)c2=O)cc1,-6.41905,1
COC(=O)c1ccc(NC(=O)c2n[nH]c3c2CCc2cc(OC)ccc2-3)cc1,-1.45662,1
COC(=O)c1ccc(NC(=O)c2nc(-n3cnnc3)ccc2Br)cc1,-6.90787,1
COC(=O)c1ccc(NC(=O)c2nc(S(=O)(=O)Cc3ccccc3)ncc2Cl)cc1,-5.23975,1
COC(=O)c1ccc(NC(=O)c2nc(SC(C)C)ncc2Cl)cc1,-6.24037,1
COC(=O)c1ccc(NC(=O)c2nc(SC)ncc2Cl)cc1,-5.62683,1
COC(=O)c1ccc(NC(=O)c2nc(SCc3ccccc3F)ncc2Cl)cc1,-7.02064,1
COC(=O)c1ccc(NC(=O)c2nc3ccccc3nc2N2CCCCC2)cc1,-5.88617,1
COC(=O)c1ccc(NC(=O)c2noc3c2COc2ccccc2-3)cc1,-6.76505,1
COC(=O)c1ccc(NC(=O)c2sc(-c3ccccc3)nc2C)cc1,-7.0999,1
COC(=O)c1ccc(NC(=O)c2sc3nc4c(cc3c2N)CCCCCC4)cc1,-6.61386,1
COC(=O)c1ccc(NC2=C(Cl)C(=O)O[C@@H]2OC(=O)c2ccccc2)cc1,-8.30878,1
COC(=O)c1ccc(NC2=C(Cl)C(=O)O[C@@H]2OC(=O)c2ccccc2C)cc1,-6.43746,1
COC(=O)c1ccc(NC2=[N+](C)C(=O)C[C@@H](C(=O)Nc3cccc(Cl)c3)S2)cc1,-4.37074,1
COC(=O)c1ccc(NC2=[N+](C)C(=O)C[C@@H](C(=O)Nc3ccccc3)S2)cc1,-4.03271,1
COC(=O)c1ccc(NC2=[N+](C)C(=O)C[C@@H](C(=O)Nc3ccccc3F)S2)cc1,-2.91036,1
COC(=O)c1ccc(NC2=[N+](C)C(=O)C[C@H](C(=O)Nc3ccccc3)S2)cc1,-5.15929,1
COC(=O)c1ccc(NC2=[N+](C)C(=O)C[C@H](C(=O)Nc3ccccc3F)S2)cc1,-4.94624,1
COC(=O)c1ccc(NS(=O)(=O)c2c[nH]c(C(=O)OC)c2)cc1,-4.42795,1
COC(=O)c1ccc(NS(=O)(=O)c2cc(-c3cc(C)no3)ccc2OC)cc1,-2.63905,1
COC(=O)c1ccc(NS(=O)(=O)c2cc(-c3cnc(C)o3)ccc2C)cc1,-3.63946,1
COC(=O)c1ccc(NS(=O)(=O)c2cc(C(=O)OC)n(C)c2)cc1,-3.06484,1
COC(=O)c1ccc(NS(=O)(=O)c2ccc(CN3C(=O)c4cccnc4C3=O)s2)cc1,-2.52266,1
COC(=O)c1ccc(NS(=O)(=O)c2ccc3c(c2)N(C(C)=O)CCS3)cc1,-1.56032,1
COC(=O)c1ccc(N[C@@H]2OC(=O)c3c2ccc(OC)c3OC)cc1,-7.09239,1
COC(=O)c1ccc(N[C@@H]2SC(=O)N(c3cccc(C)c3)C2=O)cc1,-5.74372,1
COC(=O)c1ccc(N[C@@H]2c3ncccc3C(=O)N2Cc2ccc(F)cc2)cc1,-0.951282,1
COC(=O)c1ccc(N[C@H](CNS(=O)(=O)c2ccc(Cl)cc2)c2ccccc2)cc1,-4.42206,1
COC(=O)c1ccc(N[C@H]2OC(=O)c3c2ccc(OC)c3OC)cc1,-6.52567,1
COC(=O)c1ccc(N[C@H]2SC(=O)N(c3cccc(C)c3)C2=O)cc1,-7.95223,1
COC(=O)c1ccc(N[C@H]2c3ncccc3C(=O)N2Cc2ccc(F)cc2)cc1,-6.62043,1
COC(=O)c1ccc(Nc2c(C(=O)N3CCCC3)cnc3ccc(F)cc23)cc1,-2.14409,1
COC(=O)c1ccc(Nc2c3c(nc4nc(-c5ccccc5)nn24)CCCC3)cc1,-7.41707,1
COC(=O)c1ccc(Nc2nc3ccc(Cl)cc3n3cnnc23)cc1,-6.91355,1
COC(=O)c1ccc(Nc2nnc(-n3nc(C)cc3C)c3ccccc23)cc1,-6.13301,1
COC(=O)c1ccc(Nc2nnc(Cc3ccc(OC)cc3)c(=O)[n-]2)cc1,-5.4227,1
COC(=O)c1ccc(OC[C@H](O)Cn2c[nH+]c3cc(C)c(C)cc32)cc1,-5.88963,1
COC(=O)c1ccc(OC[C@H](O)Cn2cnc3cc(C)c(C)cc32)cc1,-7.88926,1
COC(=O)c1ccc([C@@H]2/C(=C(/[O-])OC)C(C)=Nc3nnnn32)cc1,-6.84611,1
COC(=O)c1ccc([C@@H]2/C(=C(\[O-])OCc3ccccc3)C(C)=Nc3nnnn32)cc1,-8.32315,1
COC(=O)c1ccc([C@@H]2C3=C(O)CC(C)(C)C=C3NC(C)=C2C(=O)OCCOC(C)C)cc1,-5.18771,1
COC(=O)c1ccc([C@@H]2NC(=O)c3n[nH]c(-c4cccc(OC)c4)c32)cc1,-6.44924,1
COC(=O)c1ccc([C@@H]2Nc3ccc(Br)cc3[C@H]3OCC[C@H]32)cc1,-6.50758,1
COC(=O)c1ccc([C@H]2/C(=C(\[O-])OC)C(C)=Nc3nnnn32)cc1,-2.10417,1
COC(=O)c1ccc([C@H]2/C(=C(\[O-])OCc3ccccc3)C(C)=Nc3nnnn32)cc1,-7.31595,1
COC(=O)c1ccc([C@H]2C3=C(O)CC(C)(C)C=C3Nc3ncnn32)cc1,-5.37827,1
COC(=O)c1ccc([C@H]2NC(=O)c3[nH]nc(-c4cccc(OC)c4)c32)cc1,-7.89346,1
COC(=O)c1ccc([C@H]2NC(=O)c3n[nH]c(-c4cccc(OC)c4)c32)cc1,-8.05891,1
COC(=O)c1ccc([C@H]2Nn3c(C)nnc3S[C@H]2C(=O)Nc2cc(C)ccc2C)cc1,-7.6161,1
COC(=O)c1ccc([N+]2=C(N)[C@@H](c3nc4cc(C)ccc4[nH]3)C(=O)C2)cc1,-4.47536,1
COC(=O)c1ccc([N-]C(=O)c2nc(S(=O)(=O)Cc3ccccc3)ncc2Cl)cc1,-4.33917,1
COC(=O)c1ccc([N-]C(=O)c2nc(SC(C)C)ncc2Cl)cc1,-5.03359,1
COC(=O)c1ccc([N-]C(=O)c2nc(SC)ncc2Cl)cc1,-5.32111,1
COC(=O)c1ccc([N-]S(=O)(=O)c2c(C(=O)N3CCOCC3)c(C)n(C)c2C)cc1,-0.493907,1
COC(=O)c1ccc([N-]S(=O)(=O)c2ccc(-c3cc(C)[nH]n3)s2)cc1,-7.25284,1
COC(=O)c1ccc([N-]S(=O)(=O)c2ccc(-c3cc(C)n[nH]3)s2)cc1,-6.33955,1
COC(=O)c1ccc([N-]S(=O)(=O)c2ccc3c(c2)oc(=O)n3C)cc1,-6.15897,1
COC(=O)c1ccc2c(=O)n3nc(Nc4ccc(Br)cc4)sc3nc2c1,-6.3239,1
COC(=O)c1ccc2c(=O)n3nc(Nc4ccc(C(C)C)cc4)sc3nc2c1,-6.1072,1
COC(=O)c1ccc2c(=O)n3nc(Nc4ccc(C)cc4)sc3nc2c1,-6.114,1
COC(=O)c1ccc2c(=O)n3nc(Nc4ccc(Cl)cc4)sc3nc2c1,-5.95554,1
COC(=O)c1ccc2c(=O)n3nc(Nc4ccc(OC)cc4)sc3nc2c1,-5.99387,1
COC(=O)c1ccc2c(=O)n3nc(Nc4cccc(Cl)c4C)sc3nc2c1,-6.33878,1
COC(=O)c1ccc2c(=O)n3nc(Nc4ccccc4Cl)sc3nc2c1,-5.7471,1
COC(=O)c1ccc2c(c1)C(=O)N(c1cccc(C)c1)C2=O,-2.44602,1
COC(=O)c1cccc(N/C(NCCc2c(C)nn(C)c2C)=[NH+]/C(=O)c2cc(C)cc(C)c2)c1,-5.86179,1
COC(=O)c1cccc(N2C(=O)c3ccc(NC(=O)c4ccc(Br)cc4)cc3C2=O)c1,-4.81042,1
COC(=O)c1cccc(NC(=O)[C@@H](C(C)C)N2C(=O)c3ccccc3C2=O)c1,-0.986712,1
COC(=O)c1cccc(NC(=O)[C@H](C(C)C)N2C(=O)c3ccccc3C2=O)c1,-2.2956,1
COC(=O)c1cccc(Nc2c(-c3ccc(F)cc3)nc3cnccn23)c1,-7.4359,1
COC(=O)c1cccc(Nc2nc(N)c(C(=O)c3ccc(OC)c(OC)c3OC)s2)c1,-5.12485,1
COC(=O)c1cccc(Nc2nc(N)c(C(=O)c3ccc(OC)cc3)s2)c1,-6.43778,1
COC(=O)c1cccc(Nc2nc(N)c(C(=O)c3cccc(Br)c3)s2)c1,-2.12496,1
COC(=O)c1cccc(Nc2nc(N)c(C(=O)c3cccc(OC)c3)s2)c1,-6.9372,1
COC(=O)c1cccc(Nc2nn3c(=O)c4cc(Cl)ccc4nc3s2)c1,-5.10269,1
COC(=O)c1cccc(Nc2nn3c(=O)c4ccc(Cl)cc4nc3s2)c1,-6.82828,1
COC(=O)c1cccc([N+]2=C(N)[C@H](c3nc4cc(C)ccc4[nH]3)C(=O)C2)c1,-1.99264,1
COC(=O)c1ccccc1NC(=O)N1CCN(c2ccc(-c3noc(C)n3)cc2)CC1,-4.11992,1
COC(=O)c1ccccc1NC(=O)N1CCN(c2ccc(-c3noc(C4CC4)n3)cc2)CC1,-2.81281,1
COC(=O)c1ccccc1NC(=O)c1cc(-c2ccc([O-])cc2)on1,-3.00287,1
COC(=O)c1cnn(-c2ccc(C(=O)NCc3ccc(C)cc3)cc2)c1N,-6.48096,1
COC(=O)c1cnn(-c2ccc(C(=O)NCc3ccc(F)cc3)cc2)c1N,-5.27333,1
COC(=O)c1cnn(-c2ccc(C(=O)Nc3ccc(Br)cc3)cc2)c1N,-6.14434,1
COC(=O)c1cnn(-c2ccc(C(=O)Nc3ccc(Cl)cc3)cc2)c1N,-6.06989,1
COC(=O)c1cnn(-c2ccc(C(=O)Nc3ccc(F)cc3)cc2)c1N,-5.66274,1
COC(=O)c1cnn2c(C(F)(F)F)cc(-c3ccc(F)cc3)nc12,-6.2747,1
COC(=O)c1nnc2c(-c3ccc(OC)cc3)c(C)nn2c1C,-5.6477,1
COC(=O)c1sc(NC(=O)c2cc(-c3ccc(OC)cc3)on2)nc1C,-5.22648,1
COC(CNC(=O)CCc1c(C)nc2c(-c3ccc(F)cc3)c(C)nn2c1C)OC,-4.91088,1
COC(CNC(=O)CCc1c(C)nc2c(-c3ccccc3)c(C)nn2c1C)OC,-4.5405,1
COCC(=O)/N=c1/[nH]nc(SCc2cc(=O)n3oc(C)cc3n2)s1,-4.36291,1
COCC(=O)NCc1ccc2c(c1)CCN2C(=O)C(C)C,-7.10847,1
COCC(=O)Nc1ccc(C)cc1OCc1cc(=O)n2oc(C)cc2n1,-5.47444,1
COCC(=O)Nc1ccc(Cl)cc1OCc1cc(=O)n2oc(C)cc2n1,-5.47586,1
COCC(=O)Nc1ccc(OC)c(NC(=O)c2ccccc2)c1,-7.63619,1
COCC(=O)Nc1ccc(SCc2cc(=O)n3oc(C)cc3n2)cc1,-9.93869,1
COCC(=O)Nc1ccc2[nH]/c(=N/S(=O)(=O)c3ccc(C)cc3)sc2c1,-7.03436,1
COCC(=O)Nc1cccc(-c2nc(-c3ccc(OC)cc3)no2)c1,-6.10049,1
COCC(=O)Nc1cccc(-c2nc(-c3cccc(C)c3)no2)c1,-7.97476,1
COCC(=O)Nc1nc2[nH]c(C)c(C)c(=O)n2n1,-6.83008,1
COCC(=O)Nc1nc2ccc(OC)cc2s1,-9.41294,1
COCC(=O)Nc1nc2nc(C)c(C)c([O-])n2n1,-7.35103,1
COCC(=O)Nc1nn2c(-c3ccc(OC)cc3)nnc2s1,-6.33545,1
COCC(=O)Nc1nn2c(=O)c(Cc3ccccc3)c(C)nc2[nH]1,-3.17288,1
COCC(=O)Nc1nnc(SCc2cc(=O)n3oc(C)cc3n2)s1,-9.16504,1
COCC(=O)Nc1nnc([C@@H]2CC(=O)N(c3ccc(C)c(Cl)c3)C2)s1,-8.07698,1
COCC(=O)Nc1nnc([C@H]2CC(=O)N(c3ccc(C)c(Cl)c3)C2)s1,-6.95748,1
COCC(=O)Oc1c(S(=O)(=O)c2ccc([N+](=O)[O-])cc2)c(C)nn1-c1ccccc1,-4.81237,1
COCC(=O)[N-]c1nc2ccc(OC)cc2s1,-5.85222,1
COCC(=O)[N-]c1nn2c(=O)c(C)c(C)nc2[nH]1,-4.43681,1
COCC(=O)[N-]c1nnc(SCc2cc(=O)n3oc(C)cc3n2)s1,-7.31512,1
COCC(=O)[N-]c1nnc([C@@H]2CC(=O)N(c3ccc(C)c(Cl)c3)C2)s1,-7.76298,1
COCC(=O)[N-]c1nnc([C@H]2CC(=O)N(c3ccc(C)c(Cl)c3)C2)s1,-7.88717,1
COCC/N=C1\OC(c2cccc(C)c2)=N[C@@H]1S(=O)(=O)c1ccc(C)cc1,-2.34765,1
COCCC/N=C1/OC(c2ccc(C)cc2)=N[C@H]1S(=O)(=O)c1ccccc1,-2.03068,1
COCCC/N=C1\OC(c2ccc(C)cc2)=N[C@H]1S(=O)(=O)c1ccccc1,-3.72363,1
COCCC/N=C1\OC(c2ccc(Cl)cc2)=N[C@H]1S(=O)(=O)c1ccc(F)cc1,-3.73951,1
COCCC/N=C1\OC(c2cccc(C)c2)=N[C@@H]1S(=O)(=O)c1ccc(C)cc1,-3.55314,1
COCCC/N=C1\OC(c2ccccc2)=N[C@@H]1S(=O)(=O)c1ccc(Cl)cc1,-3.29203,1
COCCC/N=C1\OC(c2ccccc2)=N[C@H]1S(=O)(=O)c1ccc(Cl)cc1,-3.22116,1
COCCCN1C(=O)CN(S(=O)(=O)c2ccccc2)C[C@@]1(C)C(=O)NCc1ccc(F)cc1,-3.96723,1
COCCCN1C(=O)c2cc(-c3ccccc3)nn2C[C@]1(C)C(=O)NCc1ccccc1,-4.61913,1
COCCCN1CCc2[nH]c(SCC(=O)Nc3ccc(Br)cc3)nc(=O)c2C1,-3.70036,1
COCCCN1CCc2[nH]c(SCC(=O)Nc3ccc(C)c(Cl)c3)nc(=O)c2C1,-3.9342,1
COCCCN1CCc2[nH]c(SCC(=O)Nc3ccccc3)nc(=O)c2C1,-4.12423,1
COCCCN1CCc2nc(SCC(=O)Nc3ccc(Br)cc3)[nH]c(=O)c2C1,-4.01633,1
COCCCN1CNC(=NS(=O)(=O)c2ccc(C)cc2)NC1,-5.69631,1
COCCCN1CNC(=Nc2nc(C)c3cc(C)ccc3n2)NC1,-4.43024,1
COCCCN1CNC(NS(=O)(=O)c2ccc(C)cc2)=[NH+]C1,-2.64634,1
COCCCNC(=O)C1CCN(S(=O)(=O)Cc2ccc(C)cc2)CC1,-5.19895,1
COCCCNC(=O)C1CCN(S(=O)(=O)Cc2ccc(F)cc2)CC1,-4.25267,1
COCCCNC(=O)C1CCN(S(=O)(=O)c2c(C)noc2/C=C\c2ccc(OC)cc2)CC1,-6.35483,1
COCCCNC(=O)C1CCN(S(=O)(=O)c2ccc(OC)cc2)CC1,-3.05467,1
COCCCNC(=O)C1CCN(S(=O)(=O)c2cccs2)CC1,-4.73218,1
COCCCNC(=O)C1CCN(c2cc(-c3ccc(F)cc3)ncn2)CC1,-6.92714,1
COCCCNC(=O)C1CCN(c2cc(-c3cccc(F)c3)[nH+]cn2)CC1,-0.856649,1
COCCCNC(=O)C1CCN(c2cc(-c3ccccc3)[nH+]cn2)CC1,-4.70405,1
COCCCNC(=O)C1CCN(c2cc(-c3ccccc3)ncn2)CC1,-4.84045,1
COCCCNC(=O)C1CCN(c2ccc(-c3ccc(Br)s3)nn2)CC1,-6.64254,1
COCCCNC(=O)C1CCN(c2ccc(-c3ccc(C)cc3)nn2)CC1,-6.5025,1
COCCCNC(=O)C1CCN(c2ccc(-c3ccc(F)cc3)nn2)CC1,-6.36278,1
COCCCNC(=O)C1CCN(c2ccc(-c3cccc(C)c3)nn2)CC1,-4.95905,1
COCCCNC(=O)C1CCN(c2nc(-c3ccc(OC)cc3)no2)CC1,-4.82582,1
COCCCNC(=O)C1CCN(c2nc3cccnc3s2)CC1,-6.81735,1
COCCCNC(=O)C1CCN(c2ncnc3onc(-c4ccc(C)cc4)c23)CC1,-3.92468,1
COCCCNC(=O)C1c2ccccc2Oc2ccccc21,-6.86279,1
COCCCNC(=O)CC1CCN(C(=O)Nc2ccccc2)CC1,-5.71441,1
COCCCNC(=O)CCC(=O)Nc1ccc2[nH+]c(N3CCOCC3)cc(C)c2c1,-1.5872,1
COCCCNC(=O)CCCN1C(=O)CSc2nc(C)cc(C)c21,-5.73735,1
COCCCNC(=O)CCCc1nc(-c2ccc(C)cc2)no1,-6.13076,1
COCCCNC(=O)CCCc1nc(-c2ccc(Cl)cc2)no1,-5.46482,1
COCCCNC(=O)CCCc1nc(-c2cccc(OC)c2)no1,-4.01933,1
COCCCNC(=O)CCc1c(C)nc2c(-c3ccc(F)cc3)c(C)nn2c1C,-4.78682,1
COCCCNC(=O)CCc1c(C)nc2c(c(C)nn2-c2ccc(C)cc2)c1C,-3.01758,1
COCCCNC(=O)CCc1nnc2ccc(N3CCC(C)CC3)nn12,-5.9933,1
COCCCNC(=O)CCn1nnc2cc(S(=O)(=O)N3CCCC3)ccc21,-3.83653,1
COCCCNC(=O)CN1C(=O)c2ccccc2S1(=O)=O,-7.10701,1
COCCCNC(=O)CN1C(=O)c2cccnc2Oc2ccc(Cl)cc21,-6.17448,1
COCCCNC(=O)CN1CCN(c2ccc(NC(=O)c3ccc(C)cc3)c(C(=O)[O-])c2)CC1,-4.59,1
COCCCNC(=O)CN1N=C(c2ccc(OC)cc2)CCC1=O,-6.98219,1
COCCCNC(=O)COCc1cc(-c2ccc(F)cc2)on1,-6.14602,1
COCCCNC(=O)CS(=O)(=O)Cc1nc(-c2cccc(OC)c2)oc1C,-6.18107,1
COCCCNC(=O)CSCc1nc(-c2ccc(C)cc2)oc1C,-6.48101,1
COCCCNC(=O)CSc1nc(-c2ccc(C)cc2)[nH]c1-c1ccc(OC)cc1,-5.74499,1
COCCCNC(=O)CSc1nc(-c2cccc(OC)c2)[nH]c1-c1ccc(F)cc1,-4.78175,1
COCCCNC(=O)CSc1nc(-c2cccc(OC)c2)[nH]c1-c1ccccc1,-5.40706,1
COCCCNC(=O)CSc1nc2nc(C)c(Cc3ccccc3C)c(C)n2n1,-6.50942,1
COCCCNC(=O)C[C@H](NS(=O)(=O)c1ccc(C)cc1)c1ccco1,-6.00046,1
COCCCNC(=O)C[S@@](=O)Cc1nc(-c2cccc(OC)c2)oc1C,-6.97074,1
COCCCNC(=O)C[S@](=O)Cc1nc(-c2cccc(OC)c2)oc1C,-5.96448,1
COCCCNC(=O)Cc1ccc(NC(=O)N2CCCCc3ccccc32)cc1,-7.05874,1
COCCCNC(=O)Cc1ccc2nc(NC(C)=O)sc2c1,-4.71613,1
COCCCNC(=O)NCCn1c(-c2ccc(F)cc2)nc2ccccc21,-4.29668,1
COCCCNC(=O)NCc1cccn1Cc1cccc(F)c1,-6.26361,1
COCCCNC(=O)Nc1ccc2nc(NC(=O)c3ccccc3)sc2c1,-4.25891,1
COCCCNC(=O)Nc1ncc(-c2cccc(OC)c2)n1CCOC,-1.466,1
COCCCNC(=O)[C@@H]1CCCN(c2cc[nH+]c(-c3ccc(F)cc3)n2)C1,-3.11427,1
COCCCNC(=O)[C@@H]1CCCN(c2ccnc(-c3ccc(F)cc3)n2)C1,-5.20809,1
COCCCNC(=O)[C@@H]1CCCN(c2ncnc3c2nc2n3CCCCC2)C1,-6.23707,1
COCCCNC(=O)[C@@H]1CCCN(c2nn3c(=O)cc(C)nc3s2)C1,-7.15517,1
COCCCNC(=O)[C@@H]1CCN(c2ccc(F)cc2)C1=O,-5.37833,1
COCCCNC(=O)[C@@H]1COc2ccc(OC)cc2C1,-6.01113,1
COCCCNC(=O)[C@@]1(C)Cn2nc(-c3ccccc3)cc2C(=O)N1Cc1cc(OC)ccc1OC,-5.75062,1
COCCCNC(=O)[C@@]1(C)Cn2nc(-c3ccccc3)cc2C(=O)N1Cc1ccc(F)cc1,-5.6445,1
COCCCNC(=O)[C@@]1(C)Cn2nc(-c3ccccc3)cc2C(=O)N1c1cccc(C)c1C,-6.321,1
COCCCNC(=O)[C@H](C)[C@H]1Sc2ccccc2N(Cc2cc(C)ccc2C)C1=O,-6.81869,1
COCCCNC(=O)[C@H]1CCCN(c2cc[nH+]c(-c3ccc(F)cc3)n2)C1,-4.73618,1
COCCCNC(=O)[C@H]1CCCN(c2ccnc(-c3ccc(F)cc3)n2)C1,-7.00608,1
COCCCNC(=O)[C@H]1CCCN(c2nn3c(=O)cc(C)nc3s2)C1,-5.68105,1
COCCCNC(=O)[C@H]1CCN(c2ccc(F)cc2)C1=O,-4.73038,1
COCCCNC(=O)[C@H]1CC[C@@H](CNS(=O)(=O)c2ccc(Cl)cc2)CC1,-5.6982,1
COCCCNC(=O)[C@H]1CC[C@@H](CNS(=O)(=O)c2ccc(NC(C)=O)cc2)CC1,-6.95018,1
COCCCNC(=O)[C@H]1CC[C@@H](CNS(=O)(=O)c2ccc(OC)cc2)CC1,-5.34465,1
COCCCNC(=O)[C@H]1CC[C@H](CNS(=O)(=O)c2ccc(Cl)cc2)CC1,0.262371,1
COCCCNC(=O)[C@H]1CC[C@H](CNS(=O)(=O)c2ccc(NC(C)=O)cc2)CC1,-1.47187,1
COCCCNC(=O)[C@H]1CC[C@H](CNS(=O)(=O)c2ccc(OC)cc2)CC1,-3.53857,1
COCCCNC(=O)[C@H]1CC[N@H+](Cc2cc3ccccc3n2Cc2ccc(C)cc2)CC1,-4.64171,1
COCCCNC(=O)[C@H]1CC[N@H+](Cc2cc3ccccc3n2Cc2ccc(F)cc2)CC1,-5.44097,1
COCCCNC(=O)[C@H]1COc2ccc(OC)cc2C1,-5.55833,1
COCCCNC(=O)c1c(-c2ccc(Br)cc2)noc1C,-7.20444,1
COCCCNC(=O)c1c(-c2ccc(C)cc2)nnc2ccccc12,-6.74057,1
COCCCNC(=O)c1c(-c2ccc(F)cc2F)noc1C,-7.1602,1
COCCCNC(=O)c1c(-c2cccc(F)c2)noc1C,-5.60787,1
COCCCNC(=O)c1c(-c2ccccc2)nnc2ccccc12,-6.71709,1
COCCCNC(=O)c1c(-c2ccccc2)noc1C,-5.59451,1
COCCCNC(=O)c1c(-c2ccncc2)noc1C,-5.42571,1
COCCCNC(=O)c1c(NC(=O)c2cc(-c3ccccc3)on2)sc2c1CCCC2,-5.85344,1
COCCCNC(=O)c1c([O-])nc2cc(C)ccn2c1=O,-5.93182,1
COCCCNC(=O)c1cc(=O)nc2sc(N3CCCCC3)nn12,-6.82364,1
COCCCNC(=O)c1cc(C)nc2c(C)cc(C)cc12,-5.57762,1
COCCCNC(=O)c1cc(Sc2ccc(C)cc2)[nH+]c2ccccc12,-2.13029,1
COCCCNC(=O)c1cc(Sc2ccc(C)cc2)nc2ccccc12,-4.19211,1
COCCCNC(=O)c1cc(Sc2nnc(C)s2)nc2ccccc12,-6.51025,1
COCCCNC(=O)c1cc2c(=O)n3cccc(C)c3nc2s1,-6.21935,1
COCCCNC(=O)c1cc2cc(S(=O)(=O)N(C)C)ccc2n1C,-4.52848,1
COCCCNC(=O)c1ccc(CN2C(=O)CCn3nc(-c4ccccc4)cc32)cc1,-8.3522,1
COCCCNC(=O)c1ccc(CN2CC(=O)N3CCC[C@H]3C2=O)cc1,-4.99077,1
COCCCNC(=O)c1ccc(COc2cccc3c2OC(C)(C)C3)cc1,-7.09605,1
COCCCNC(=O)c1ccc(CS(=O)(=O)c2ccc(Br)cc2)o1,-4.82783,1
COCCCNC(=O)c1ccc(CSc2[nH+]c3ccncc3n2Cc2cccc(C)c2)cc1,-3.50047,1
COCCCNC(=O)c1ccc(CSc2nc3cc[nH+]cc3n2Cc2cccc(F)c2)cc1,-5.98733,1
COCCCNC(=O)c1ccc(CSc2nc3cc[nH+]cc3n2Cc2ccccc2)cc1,-5.46967,1
COCCCNC(=O)c1ccc(CSc2nc3cc[nH+]cc3n2Cc2ccccc2F)cc1,-6.9751,1
COCCCNC(=O)c1ccc(CSc2nc3cccnc3n2Cc2ccc(F)cc2)cc1,-6.63345,1
COCCCNC(=O)c1ccc(CSc2nc3cccnc3n2Cc2cccc(C)c2)cc1,-5.8612,1
COCCCNC(=O)c1ccc(CSc2nc3ccncc3n2Cc2ccc(C)cc2)cc1,-6.76903,1
COCCCNC(=O)c1ccc(CSc2nc3ccncc3n2Cc2ccc(F)cc2)cc1,-6.18205,1
COCCCNC(=O)c1ccc(CSc2nc3ccncc3n2Cc2ccccc2)cc1,-6.61993,1
COCCCNC(=O)c1ccc(CSc2nc3ccncc3n2Cc2ccccc2F)cc1,-6.57997,1
COCCCNC(=O)c1ccc(C[S@@](=O)Cc2ccc(C)cc2)o1,-5.91609,1
COCCCNC(=O)c1ccc(C[S@@](=O)Cc2ccc(Cl)cc2)o1,-5.66311,1
COCCCNC(=O)c1ccc(C[S@](=O)Cc2ccc(C)cc2)o1,-6.96175,1
COCCCNC(=O)c1ccc(C[S@](=O)Cc2ccc(Cl)cc2)o1,-7.23468,1
COCCCNC(=O)c1ccc(Cn2c(SCc3ccc(F)cc3)nc3cccnc32)cc1,-7.76492,1
COCCCNC(=O)c1ccc(Cn2c(SCc3cccc(F)c3)nc3cccnc32)cc1,-7.16349,1
COCCCNC(=O)c1ccc(Cn2c(SCc3ccccc3)nc3cccnc32)cc1,-8.61733,1
COCCCNC(=O)c1ccc(N2CCCC2)c(S(=O)(=O)N2CCCC2)c1,-4.35608,1
COCCCNC(=O)c1ccc(N2CCCC2=O)cc1,-4.74594,1
COCCCNC(=O)c1ccc(NC(=O)N2CCCCc3ccccc32)cc1,-6.72153,1
COCCCNC(=O)c1ccc(NC(=O)c2nsc3ccccc23)cc1,-5.49881,1
COCCCNC(=O)c1ccc2c(=O)n3nc(Nc4cccc(Cl)c4C)sc3nc2c1,-5.34001,1
COCCCNC(=O)c1ccc2c(c1)CCN2S(=O)(=O)c1ccc(Br)cc1,-3.66426,1
COCCCNC(=O)c1ccc2c(c1)CCN2S(C)(=O)=O,-6.24779,1
COCCCNC(=O)c1ccc2c(c1)N(Cc1ccccc1)C(=O)C[S@@]2=O,-6.1477,1
COCCCNC(=O)c1ccc2c(c1)NC(=O)[C@@H]1CCCCN21,-6.07952,1
COCCCNC(=O)c1ccc2c(c1)NC(=O)[C@H]1CCCCN21,-6.63734,1
COCCCNC(=O)c1cccc(-n2c([S-])nc3cc(Cl)ccc3c2=O)c1,-6.75566,1
COCCCNC(=O)c1cccc(Nc2ccc(-c3ccc(C)cc3)nn2)c1,-5.64292,1
COCCCNC(=O)c1cccc(Nc2ccc(-c3cccc(F)c3)nn2)c1,-6.46494,1
COCCCNC(=O)c1cccc(Nc2ccc(-c3ccccc3)nn2)c1,-7.11327,1
COCCCNC(=O)c1ccccc1Cl,-6.39277,1
COCCCNC(=O)c1cnc2sc(C)c(C)n2c1=O,-5.74717,1
COCCCNC(=O)c1cnc2sc(N3CCC[C@@H](C)C3)nn2c1=O,-5.40664,1
COCCCNC(=O)c1cnc2sc(N3CCC[C@H](C)C3)nn2c1=O,-2.98679,1
COCCCNC(=O)c1cnc2sccn2c1=O,-6.37804,1
COCCCNC(=O)c1cnn(-c2ccc(C)c(C)c2)c1C1CCN(C(=O)OC(C)(C)C)CC1,-5.54561,1
COCCCNC(=O)c1cnn(-c2ccc(C)cc2)c1C1CCN(C(=O)OC(C)(C)C)CC1,-5.49511,1
COCCCNC(=O)c1cnn(-c2ccc(F)cc2)c1C1CCN(C(=O)OC(C)(C)C)CC1,-5.48789,1
COCCCNC(=O)c1cnn(-c2ccc([N+](=O)[O-])cc2)c1C1CCN(C(=O)OC(C)(C)C)CC1,-5.43929,1
COCCCNC(=O)c1cnn(-c2ccccc2)c1C1CCN(C(=O)OC(C)(C)C)CC1,-5.85879,1
COCCCNC(=O)c1cnn2c(C)c(Cc3cc(C)ccc3C)c(C)nc12,-6.72616,1
COCCCNC(=O)c1nc(CS(=O)(=O)c2ccc(Cl)cc2)no1,-6.18655,1
COCCCNC(=O)c1nn(-c2ccc(Cl)cc2)nc1CO,-7.37079,1
COCCCNC(=O)c1nn(-c2ccc(F)cc2)nc1CO,-7.15474,1
COCCCNC(=O)c1nnc(C(=O)Nc2ccc(F)cc2)s1,-6.22523,1
COCCCNC(=O)c1nnc(Cc2ccc(F)cc2Cl)o1,-6.5851,1
COCCCNC(=O)c1nnc(Cc2ccc(OC)c(OC)c2)o1,-7.12822,1
COCCCNC(=O)c1nnc(Cc2ccc3c(c2)OCO3)o1,-6.10301,1
COCCCNC(=O)c1noc2c1COc1ccccc1-2,-6.66959,1
COCCCNC(=O)c1sc2ncccc2c1-n1cccc1,-5.58959,1
COCCCNC[C@H]1[C@@H](Oc2ccc(Cl)cc2)C(=O)N1c1ccccc1C,-2.24646,1
COCCCNc1nc(NCc2ccccc2C)c2cnn(C)c2n1,-6.15902,1
COCCCNc1nc(Nc2cc(C)cc(C)c2)c2cnn(-c3ccccc3)c2n1,-3.81877,1
COCCCNc1nc(Nc2ccc(C)c(C)c2)c2cnn(-c3ccccc3)c2n1,-3.72903,1
COCCCNc1nc(Nc2ccc(C)cc2)c2cnn(-c3ccccc3)c2n1,-3.61873,1
COCCCNc1nc(Nc2ccc(F)cc2)c2cnn(-c3ccccc3)c2n1,-6.06655,1
COCCCNc1nc(Nc2ccc(OC)c(Cl)c2)c2cnn(C)c2n1,-5.57648,1
COCCCNc1nc(Nc2ccc(OC)cc2)c2cnn(-c3ccccc3)c2n1,-6.55253,1
COCCCNc1nc(Nc2cccc(Cl)c2)c2cnn(-c3ccccc3)c2n1,-3.72414,1
COCCCNc1nc(Nc2ccccc2)c2cnn(-c3ccccc3)c2n1,-6.46941,1
COCCCNc1nc[nH+]c2c1c(-c1ccccc1)cn2-c1cccc(C)c1,-4.45835,1
COCCCNc1ncnc2c1c(-c1ccccc1)cn2-c1cccc(C)c1,-4.2016,1
COCCCNc1ncnc2c1cnn2-c1cccc(Cl)c1,-6.22344,1
COCCCNc1ncnc2onc(-c3cccc(Cl)c3)c12,-5.64411,1
COCCCNc1oc(-c2ccc(COc3ccccc3C)o2)nc1C#N,-7.019,1
COCCCNc1oc(-c2ccc(S(=O)(=O)N(C)C)cc2)nc1C#N,-5.86019,1
COCCC[N-]c1oc(-c2ccc(S(=O)(=O)N(C)C)cc2)nc1C#N,-3.73054,1
COCCC[N-]c1oc(-c2ccc(S(=O)(=O)N3CCC(C)CC3)cc2)nc1C#N,-3.34907,1
COCCC[N-]c1oc(/C=C/c2ccccc2OC)nc1C#N,-3.53725,1
COCCC[N@@H+]1CCc2[nH]c(SCC(=O)Nc3ccc(C)c(Cl)c3)nc(=O)c2C1,-3.93301,1
COCCC[N@@H+]1CCc2nc(SCC(=O)Nc3ccc(Br)cc3)[n-]c(=O)c2C1,-6.50298,1
COCCC[N@@H+]1C[N-]/C(=N\S(=O)(=O)c2ccc(C)cc2)NC1,-3.46011,1
COCCC[N@H+]1CCc2[nH]c(SCC(=O)Nc3ccc(C)c(Cl)c3)nc(=O)c2C1,-4.67997,1
COCCC[N@H+]1CCc2nc(SCC(=O)Nc3cc(C)cc(C)c3)[n-]c(=O)c2C1,-3.76294,1
COCCC[NH+]1C[N-]C(=NS(=O)(=O)c2ccc(C)cc2)[N-]C1,-5.87311,1
COCCN(C(=S)Nc1cc(Cl)cc(Cl)c1)C1CCN(C(C)=O)CC1,-4.5804,1
COCCN(C(=S)Nc1cc(F)cc(F)c1)C1CCN(C(C)=O)CC1,-3.28968,1
COCCN(C(=S)Nc1ccc(Cl)cc1OC)C1CCN(C(C)=O)CC1,-5.41819,1
COCCN1C(=O)N(c2ccc(OC)cc2)C(=O)[C@@H]1CC(=O)Nc1cccc(F)c1,-2.64375,1
COCCN1C(=O)N(c2ccc(OC)cc2)C(=O)[C@H]1CC(=O)Nc1ccc(Cl)cc1,3.0414,1
COCCN1CCn2c([nH+]c3cc(NC(=O)COc4ccc(C)cc4)ccc32)C1,-4.741,1
COCCN1CCn2c([nH+]c3cc(NC(=O)COc4ccc(Cl)cc4)ccc32)C1,-3.84518,1
COCCN1CCn2c([nH+]c3cc(NC(=O)COc4ccccc4)ccc32)C1,-5.56905,1
COCCN1CCn2c([nH+]c3cc(NC(=O)c4ccco4)ccc32)C1,-5.81715,1
COCCN1CCn2c(nc3cc(NC(=O)COc4ccc(Cl)cc4)ccc32)C1,-5.56095,1
COCCN1CCn2c(nc3cc(NC(=O)COc4ccccc4)ccc32)C1,-6.23347,1
COCCN1CCn2c(nc3cc(NC(=O)c4ccco4)ccc32)C1,-5.42476,1
COCCN1CNC(=Nc2nc(C)c3ccccc3n2)NC1,-3.99315,1
COCCN1CNC(Nc2nc(C)c3ccccc3n2)=[NH+]C1,-5.29659,1
COCCN1Cc2cccc(C(=O)Nc3ccc(C(C)=O)cc3)c2C1=O,-7.67076,1
COCCN1Cc2cccc(C(=O)Nc3ccc(C)c(C)c3)c2C1=O,-6.19654,1
COCCN1Cc2cccc(C(=O)Nc3ccc(C)c(Cl)c3)c2C1=O,-6.82345,1
COCCN1Cc2cccc(C(=O)Nc3ccc(C)c(F)c3)c2C1=O,-6.88475,1
COCCN1Cc2cccc(C(=O)Nc3ccc(F)cc3)c2C1=O,-6.88554,1
COCCNC(=O)C1CCN(C(=O)c2cnn(-c3ccccc3)c2-n2cccc2)CC1,-5.74399,1
COCCNC(=O)C1CCN(S(=O)(=O)c2ccc(C)cc2)CC1,-3.2117,1
COCCNC(=O)C1CCN(S(=O)(=O)c2ccc(F)cc2)CC1,-6.07618,1
COCCNC(=O)C1CCN(S(=O)(=O)c2ccc(OC)cc2)CC1,-4.81464,1
COCCNC(=O)C1CCN(S(=O)(=O)c2ccccc2)CC1,-6.2802,1
COCCNC(=O)C1CCN(c2ccc(-c3ccc(Br)s3)nn2)CC1,-6.35131,1
COCCNC(=O)C1CCN(c2ccc(=O)n(-c3ccc(OC)cc3)n2)CC1,-5.106,1
COCCNC(=O)CC1CCN(C(=O)Nc2cc(OC)c(OC)c(OC)c2)CC1,-5.28318,1
COCCNC(=O)CCCN1C(=O)CSc2nc(C)cc(C)c21,-5.62946,1
COCCNC(=O)CCCN1C(=O)[C@@H](c2ccccc2)Oc2cccnc21,-6.47754,1
COCCNC(=O)CCCc1nc(-c2ccccc2)no1,-3.85405,1
COCCNC(=O)CCCc1nnc(C(=O)Nc2ccc(OC)cc2)s1,-7.55956,1
COCCNC(=O)CCCc1nnc(C(=O)Nc2cccc(F)c2)s1,-5.9598,1
COCCNC(=O)CCc1c(C)nc2c(-c3ccc(F)cc3)c(C)nn2c1C,-4.40398,1
COCCNC(=O)CCc1nc(-c2cc3ccccc3[nH]c2=O)no1,-3.43812,1
COCCNC(=O)CCc1nnc2ccc(N3CCCCC3)nn12,-5.96251,1
COCCNC(=O)CCc1nnc2ccc(NCc3ccco3)nn12,-4.52707,1
COCCNC(=O)CN(c1ccc(C)cc1)S(=O)(=O)c1ccc(OC)cc1,-2.46202,1
COCCNC(=O)CN(c1ccc(Cl)cc1)S(=O)(=O)c1ccc(OC)cc1,-3.46531,1
COCCNC(=O)CN1C(=O)CN(C(=O)Nc2ccc(OC)cc2)c2ccccc21,-3.13006,1
COCCNC(=O)CN1C(=O)CN(C(=O)Nc2ccccc2)c2ccccc21,-4.98884,1
COCCNC(=O)CN1C(=O)COc2ccc(S(=O)(=O)N3CCC(C)CC3)cc21,-5.40166,1
COCCNC(=O)CN1CCN(c2ccc(C(=O)[O-])cc2NC(=O)c2ccc(F)cc2)CC1,-3.64741,1
COCCNC(=O)CN1CCN(c2ccc(NC(=O)c3ccc(OC)cc3)c(C(=O)[O-])c2)CC1,-4.11515,1
COCCNC(=O)CN1c2ccccc2NC2=CC(C)(C)CC(O)=C2[C@H]1c1ccc(OC)cc1,-4.68293,1
COCCNC(=O)CN1c2ccccc2NC2=CCCC([O-])=C2[C@H]1c1ccco1,-0.61301,1
COCCNC(=O)COCc1cc(-c2ccc(F)cc2)on1,-6.05361,1
COCCNC(=O)COCc1nnc(C(=O)Nc2cccc(Cl)c2)s1,-7.03664,1
COCCNC(=O)COc1ccc(-c2noc(-c3ccc(C)cc3)n2)cc1OC,-4.95783,1
COCCNC(=O)CS(=O)(=O)Cc1nc(-c2cccc(OC)c2)oc1C,-6.36909,1
COCCNC(=O)CSCc1nc(-c2ccc(Cl)cc2)no1,-6.20741,1
COCCNC(=O)CSCc1nc2cccnc2n1C1CCCCC1,-6.0957,1
COCCNC(=O)CSc1[nH]c(-c2ccc(C)cc2)nc1-c1ccccc1,-2.92091,1
COCCNC(=O)CSc1cc(C)nc2c(-c3ccccc3OC)c(C)nn12,-4.42931,1
COCCNC(=O)CSc1cn(CC(=O)N2C[C@@H](C)O[C@H](C)C2)c2ccccc12,-5.95729,1
COCCNC(=O)CSc1nc(-c2ccc(C)cc2)[nH]c1-c1ccc(C)cc1,-6.17104,1
COCCNC(=O)CSc1nc(-c2ccc(C)cc2)[nH]c1-c1ccccc1,-7.0396,1
COCCNC(=O)CSc1nc(-c2ccc(OC)cc2)[nH]c1-c1ccc(C)cc1,-6.92648,1
COCCNC(=O)CSc1nc(-c2ccc(OC)cc2)[nH]c1-c1ccc(OC)cc1,-2.94431,1
COCCNC(=O)CSc1nc(-c2ccc(OC)cc2)nc2cc(=O)[n-]n12,-3.59289,1
COCCNC(=O)CSc1nc(-c2ccc(OC)cc2)nc2cc(O)nn12,-4.80849,1
COCCNC(=O)CSc1nc(-c2cccc(Cl)c2)[nH]c1-c1ccccc1,-6.77697,1
COCCNC(=O)CSc1nc(-c2cccc(OC)c2)[nH]c1-c1ccc(C)cc1,-6.81623,1
COCCNC(=O)CSc1nc(-c2cccc(OC)c2)[nH]c1-c1ccccc1,-5.46359,1
COCCNC(=O)CSc1nc(-c2ccccc2)[nH]c1-c1ccc(F)cc1,-6.30506,1
COCCNC(=O)CSc1nc(-c2ccccc2)[nH]c1-c1ccc(OC)cc1,-5.14277,1
COCCNC(=O)CSc1nc(-c2ccccc2)nc2cc(O)nn12,-2.81642,1
COCCNC(=O)CSc1nc(-c2ccccc2C)nc2cc(=O)[n-]n12,-3.64042,1
COCCNC(=O)CSc1nc2c(cnn2-c2ccc(Cl)cc2)c(=O)[n-]1,-5.72201,1
COCCNC(=O)CSc1nc2c(cnn2CCO)c(=O)[n-]1,-5.74625,1
COCCNC(=O)CSc1nc2c(cnn2CCO)c(=O)[nH]1,-5.004,1
COCCNC(=O)CSc1nc2ccccc2nc1Cc1ccccc1,-6.32105,1
COCCNC(=O)C[C@@H](NS(=O)(=O)c1ccc(C)cc1)c1ccco1,-6.04483,1
COCCNC(=O)C[C@@H](c1ccc(C)cc1)N1Cc2ccccc2C1=O,-6.60455,1
COCCNC(=O)C[C@H](c1ccc(C)cc1)N1Cc2ccccc2C1=O,-6.20243,1
COCCNC(=O)C[NH+]1CCN(c2ccc(C(=O)[O-])cc2NC(=O)c2ccc(F)cc2)CC1,-2.5662,1
COCCNC(=O)N1CCc2cc(S(=O)(=O)Nc3ccc(C)cc3)ccc21,-6.49734,1
COCCNC(=O)N1CCc2cc(S(=O)(=O)[N-]c3ccc(C)c(Cl)c3)ccc21,-5.12328,1
COCCNC(=O)NC(Cc1ccc2c(c1)OCO2)Cc1ccc2c(c1)OCO2,-4.98182,1
COCCNC(=O)N[C@@H](Cc1ccccc1)Cc1ccc2c(c1)OCO2,-5.95653,1
COCCNC(=O)N[C@H](Cc1ccccc1)Cc1ccc2c(c1)OCO2,-5.8809,1
COCCNC(=O)[C@@H]1CC(c2ccc(F)cc2)=NO1,-6.70485,1
COCCNC(=O)[C@@H]1CC(c2ccc(OC)cc2)=NO1,-6.94497,1
COCCNC(=O)[C@@H]1CCCN(S(=O)(=O)c2cc3c(cc2C)NC(=O)CO3)C1,-5.72667,1
COCCNC(=O)[C@@H]1CCC[N@@H+](Cc2nc(-c3ccc(OC)c(OC)c3)no2)C1,-6.89212,1
COCCNC(=O)[C@@]1(C)CCC(=O)N1CCc1ccc(C)cc1,-7.11996,1
COCCNC(=O)[C@@]1(C)CCC(=O)N1Cc1cccc(Br)c1,-6.35061,1
COCCNC(=O)[C@@]1(C)CCC(=O)N1Cc1ccccc1Cl,-6.78648,1
COCCNC(=O)[C@@]1(C)CCC(=O)N1Cc1ccccc1F,-6.73213,1
COCCNC(=O)[C@H](C)n1c2ccccc2c2nc(=O)cc(C)n21,-4.22607,1
COCCNC(=O)[C@H]1CC(c2ccc(F)cc2)=NO1,-6.52161,1
COCCNC(=O)[C@H]1CC(c2ccc(OC)cc2)=NO1,-6.23648,1
COCCNC(=O)[C@H]1CC[C@@H](CNS(=O)(=O)c2cccc3nsnc23)CC1,-6.38414,1
COCCNC(=O)[C@H]1CC[C@@H](CNS(=O)(=O)c2ccccc2)CC1,-6.2117,1
COCCNC(=O)[C@H]1CC[C@H](CNS(=O)(=O)c2cccc3nsnc23)CC1,-5.06265,1
COCCNC(=O)[C@H]1Cc2ccccc2N1C(=O)c1ccccc1,-1.67201,1
COCCNC(=O)[C@]1(C)CCC(=O)N1Cc1cccc(Br)c1,-4.28504,1
COCCNC(=O)[C@]1(C)CCC(=O)N1Cc1ccccc1F,-5.27334,1
COCCNC(=O)c1[nH]c2cc(OC)ccc2c1Sc1ccc(C)cc1,-5.65641,1
COCCNC(=O)c1c(-c2ccc(Br)cc2)noc1C,-6.8471,1
COCCNC(=O)c1c(-c2cccc(F)c2)noc1C,-6.0268,1
COCCNC(=O)c1c(NC(=O)c2cc(-c3ccc4c(c3)C[C@@H](C)O4)on2)sc2c1CCCC2,-7.00677,1
COCCNC(=O)c1c(NC(=O)c2nc(SC)ncc2Cl)sc2c1CCCC2,-2.69436,1
COCCNC(=O)c1c[nH]c2ccc(S(=O)(=O)Nc3cccc(SC)c3)cc2c1=O,-6.88795,1
COCCNC(=O)c1c[nH]c2ccc(S(=O)(=O)Nc3ccccc3F)cc2c1=O,-2.08795,1
COCCNC(=O)c1c[nH]c2ccc(S(=O)(=O)[N-]c3ccc(C(C)C)cc3)cc2c1=O,-6.12012,1
COCCNC(=O)c1cc(-c2ccc(F)cc2)on1,-6.73212,1
COCCNC(=O)c1cc(-c2ccc(O)cc2)on1,-7.18699,1
COCCNC(=O)c1cc(-c2ccc(OC)cc2)nc2ccccc12,-5.47946,1
COCCNC(=O)c1cc(-c2ccc([O-])cc2)on1,-2.79857,1
COCCNC(=O)c1cc(=O)nc2sc(N3CCCCC3)nn12,-6.71407,1
COCCNC(=O)c1cc(=O)nc2sc(N3CCC[C@@H](C)C3)nn12,-6.67465,1
COCCNC(=O)c1cc(=O)nc2sc(N3CCC[C@H](C)C3)nn12,-6.73505,1
COCCNC(=O)c1cc(C)nc2c(C)cc(C)cc12,-6.04205,1
COCCNC(=O)c1cc(Sc2nnc(C)s2)nc2ccccc12,-3.43313,1
COCCNC(=O)c1cc2c(=O)n3cccc(C)c3nc2s1,-5.20622,1
COCCNC(=O)c1cc2c(n(-c3ccccc3)c1=O)CCCC2=O,-5.6639,1
COCCNC(=O)c1cc2cc(N(C)S(C)(=O)=O)ccc2s1,-5.21606,1
COCCNC(=O)c1cc2n(n1)C[C@@](C)(C(=O)NC1CCCCC1)N(C)C2=O,-5.30461,1
COCCNC(=O)c1cc2n(n1)C[C@@](C)(C(=O)NCc1ccc(F)cc1)N(C)C2=O,-6.56187,1
COCCNC(=O)c1ccc(-c2nc(COc3ccccc3)c(C)o2)cc1,-5.9448,1
COCCNC(=O)c1ccc(-n2nc(Sc3ccc(Cl)cc3)ccc2=O)cc1,-6.34044,1
COCCNC(=O)c1ccc(COc2cccc3c2OC(C)(C)C3)cc1,-7.48957,1
COCCNC(=O)c1ccc(CS(=O)(=O)Cc2ccc(Cl)cc2)o1,-7.85867,1
COCCNC(=O)c1ccc(CS(=O)(=O)Cc2ccccc2C)o1,-6.04436,1
COCCNC(=O)c1ccc(CS(=O)(=O)Cc2ccccc2Cl)o1,-6.26847,1
COCCNC(=O)c1ccc(CSc2[nH+]c3ccncc3n2Cc2cccc(C)c2)cc1,-4.46852,1
COCCNC(=O)c1ccc(CSc2nc3cc[nH+]cc3n2Cc2ccc(OC)cc2)cc1,-3.9117,1
COCCNC(=O)c1ccc(CSc2nc3cc[nH+]cc3n2Cc2cccc(C)c2)cc1,-4.29702,1
COCCNC(=O)c1ccc(CSc2nc3cc[nH+]cc3n2Cc2ccccc2C)cc1,-5.38776,1
COCCNC(=O)c1ccc(CSc2nc3ccncc3n2Cc2ccc(OC)cc2)cc1,-7.36985,1
COCCNC(=O)c1ccc(C[S@](=O)Cc2ccc(C)cc2)o1,-6.41891,1
COCCNC(=O)c1ccc(Cn2c(SCc3ccc(Cl)cc3)nc3ccncc32)cc1,-5.56997,1
COCCNC(=O)c1ccc(Cn2c(SCc3cccc(C)c3)nc3cc[nH+]cc32)cc1,-5.42097,1
COCCNC(=O)c1ccc(Cn2nc(-n3cccc3)c3c(C)cc(C)nc32)cc1,-7.4415,1
COCCNC(=O)c1ccc(N2CCCC2=O)cc1,-4.44374,1
COCCNC(=O)c1ccc2c(=O)[n-]c3c(-c4cccc(F)c4)nnn3c2c1,-6.10328,1
COCCNC(=O)c1ccc2c(=O)n(-c3ccc(F)cc3)c(SCC(=O)c3ccccc3)nc2c1,-6.61656,1
COCCNC(=O)c1ccc2c(=O)n(-c3ccc(OC)cc3)c(SCc3ccc(C)cc3)nc2c1,-7.36924,1
COCCNC(=O)c1ccc2c(=O)n(-c3cccc(F)c3)c(SCC#N)nc2c1,-4.62339,1
COCCNC(=O)c1ccc2c(=O)n(-c3cccc(F)c3)c(SCC(=O)c3ccccc3)nc2c1,-7.49704,1
COCCNC(=O)c1ccc2c(=O)n(-c3cccc(F)c3)c(SCc3cc(C)ccc3C)nc2c1,-4.54142,1
COCCNC(=O)c1ccc2c(=O)n(-c3cccc(F)c3)c(SCc3ccc(Cl)cc3)nc2c1,-6.16468,1
COCCNC(=O)c1ccc2c(=O)n(-c3cccc(F)c3)c(SCc3ccccc3Cl)nc2c1,-7.41111,1
COCCNC(=O)c1ccc2c(=O)n(-c3cccc(OC)c3)c(SCc3ccc(C)cc3)nc2c1,-5.90395,1
COCCNC(=O)c1ccc2c(c1)CCCN2S(=O)(=O)c1ccccc1,-4.41066,1
COCCNC(=O)c1ccc2c(c1)CCN2S(=O)(=O)c1ccc(Br)cc1,-6.08307,1
COCCNC(=O)c1ccc2c(c1)N(Cc1ccc(C)cc1)CCS2,-6.64816,1
COCCNC(=O)c1ccc2c(c1)N(Cc1ccccc1)C(=O)CO2,-6.62813,1
COCCNC(=O)c1ccc2c(c1)N(Cc1ccccc1)C(=O)C[S@@]2=O,-6.76781,1
COCCNC(=O)c1ccc2c(c1)N(Cc1ccccc1)C(=O)C[S@]2=O,-5.80593,1
COCCNC(=O)c1ccc2c(c1)N(Cc1ccccc1)CCS2,-6.79325,1
COCCNC(=O)c1ccc2nc(Cc3ccc(OC)cc3)oc2c1,-5.95046,1
COCCNC(=O)c1cccc(NC(=O)N2CCSc3ncccc32)c1,-6.52276,1
COCCNC(=O)c1ccccc1NC(=O)c1nsc2ccccc12,-6.72237,1
COCCNC(=O)c1cnc(SC)nc1-c1ccccc1,-6.13666,1
COCCNC(=O)c1cnc2ccc(S(=O)(=O)Nc3cccc(C(F)(F)F)c3)cc2c1[O-],-3.5648,1
COCCNC(=O)c1cnc2scc(-c3ccc(C)cc3)n2c1=O,-7.08531,1
COCCNC(=O)c1cnc2sccn2c1=O,-6.64484,1
COCCNC(=O)c1cnn(-c2ccc(OC)cc2)c1C1CCN(C(=O)OC(C)(C)C)CC1,-6.23156,1
COCCNC(=O)c1cnn2c(C)c(Cc3cccc(Cl)c3)c(C)nc12,-5.86002,1
COCCNC(=O)c1ncn2c1C(=O)N(C1CC1)[C@](C)(C(=O)NCc1ccc(F)cc1)C2,-4.22286,1
COCCNC(=O)c1nnc(C(=O)Nc2ccc(F)cc2)s1,-5.78524,1
COCCNC(=O)c1nnc(Cc2ccc3c(c2)OCO3)o1,-5.65218,1
COCCNC(=O)c1sc2ncnc(N3CCN(C)CC3)c2c1C,-4.95533,1
COCCNCc1ccc(OCc2ccc3c(c2)n(C)c(=O)n3C)c(OC)c1,-4.94146,1
COCCNS(=O)(=O)c1ccc2c(c1)CCN2C(=O)CCC(=O)N1CCCCC1,-5.83325,1
COCCNc1[nH+]cnc2c1cnn2-c1ccc(F)cc1,-2.48679,1
COCCNc1cc(C)nc2c(C)c(-c3ccccc3)nn12,-5.21276,1
COCCNc1ccc(-c2nc(-c3cc(OC)c(OC)c(OC)c3)no2)cc1[N+](=O)[O-],-4.56352,1
COCCNc1n/c(=[NH+]\c2cccc(F)c2)c([N+](=O)[O-])c(N)[nH]1,-5.79989,1
COCCNc1nc(N)c([N+](=O)[O-])c(Nc2cccc(F)c2)n1,-5.68057,1
COCCNc1nc(NCc2cc(OC)ccc2OC)c2cnn(C)c2n1,-6.46704,1
COCCNc1nc(NCc2ccccc2)c2cnn(C)c2n1,-6.61554,1
COCCNc1nc(NCc2ccccc2C)c2cnn(C)c2n1,-6.03525,1
COCCNc1nc(NCc2ccccc2OC)c2cnn(C)c2n1,-6.44276,1
COCCNc1nc(Nc2ccc(OC)c(Cl)c2)c2cnn(C)c2n1,-5.64227,1
COCCNc1nc(Nc2cccc(F)c2)c([N+](=O)[O-])c(N)[nH+]1,-4.6829,1
COCCNc1nc(Nc2cccc(OC)c2)c2cnn(-c3ccccc3)c2n1,-5.83054,1
COCCNc1nc(Nc2ccccc2C)c2cnn(-c3ccccc3)c2n1,-5.42835,1
COCCNc1ncnc2c1cnn2-c1ccc(Cl)cc1,-5.17822,1
COCCNc1ncnc2c1cnn2-c1ccc(F)cc1,-4.91049,1
COCCNc1ncnc2c1cnn2-c1cccc(Cl)c1,-4.47302,1
COCCNc1ncnc2c1sc1nc3c(cc12)COC(C)(C)C3,-5.0902,1
COCCNc1oc(/C=C/c2ccccc2OC)nc1C#N,-6.35367,1
COCCNc1oc(/C=C/c2cccs2)nc1C#N,-5.70824,1
COCCO/C([O-])=C1/C(C)=Nc2nnnn2[C@@H]1c1ccc(O)c(OC)c1,-4.91216,1
COCCO/C([O-])=C1/C(C)=Nc2nnnn2[C@@H]1c1cccc(C)c1,-5.17514,1
COCCO/C([O-])=C1/C(C)=Nc2nnnn2[C@@H]1c1ccccc1,-4.93317,1
COCCO/C([O-])=C1\C(C)=Nc2nnnn2[C@@H]1c1ccc(C)cc1,-6.64116,1
COCCO/C([O-])=C1\C(C)=Nc2nnnn2[C@@H]1c1ccc(Cl)cc1,-6.25815,1
COCCO/C([O-])=C1\C(C)=Nc2nnnn2[C@@H]1c1ccc(OC)c(Br)c1,-5.16156,1
COCCO/C([O-])=C1\C(C)=Nc2nnnn2[C@@H]1c1ccc(OC)c(OC)c1,-5.45809,1
COCCO/C([O-])=C1\C(C)=Nc2nnnn2[C@@H]1c1ccc(OC)cc1OC,-6.56946,1
COCCO/C([O-])=C1\C(C)=Nc2nnnn2[C@@H]1c1cccc(OC)c1OC,-6.8405,1
COCCO/C([O-])=C1\C(C)=Nc2nnnn2[C@H]1c1ccc(OC)c(OC)c1,-5.44802,1
COCCO/C([O-])=C1\C(C)=Nc2nnnn2[C@H]1c1ccccc1,-5.87058,1
COCCOC(=O)C1=C(C)NC(=O)N[C@@H]1c1cc(Br)ccc1OC,-6.26322,1
COCCOC(=O)C1=C(C)NC(=O)N[C@@H]1c1cc(OC)c(OC)c(OC)c1,-5.06509,1
COCCOC(=O)C1=C(C)NC(=O)N[C@@H]1c1cc(OC)ccc1OC,-6.48393,1
COCCOC(=O)C1=C(C)NC(=O)N[C@@H]1c1ccc(F)c(Br)c1,-5.98482,1
COCCOC(=O)C1=C(C)NC(=O)N[C@@H]1c1ccc(N(C)C)cc1,-5.14939,1
COCCOC(=O)C1=C(C)NC(=O)N[C@@H]1c1ccc(OC)c(Br)c1,-6.01201,1
COCCOC(=O)C1=C(C)NC(=O)N[C@@H]1c1ccc(OC)cc1,-5.65303,1
COCCOC(=O)C1=C(C)NC(=O)N[C@@H]1c1ccc([N+](=O)[O-])cc1,-5.72705,1
COCCOC(=O)C1=C(C)NC(=O)N[C@@H]1c1ccc([NH+](C)C)cc1,-4.23247,1
COCCOC(=O)C1=C(C)NC(=O)N[C@@H]1c1cccc(Br)c1,-5.19653,1
COCCOC(=O)C1=C(C)NC(=O)N[C@@H]1c1cccc(Cl)c1,-6.49748,1
COCCOC(=O)C1=C(C)NC(=O)N[C@@H]1c1cccc([N+](=O)[O-])c1,-6.25007,1
COCCOC(=O)C1=C(C)NC(=O)N[C@H]1c1ccc(O)cc1,-6.21068,1
COCCOC(=O)C1=C(C)NC(=O)N[C@H]1c1ccc(OC)c(Br)c1,-5.40253,1
COCCOC(=O)C1=C(C)NC(=O)N[C@H]1c1ccc([N+](=O)[O-])cc1,-3.87732,1
COCCOC(=O)C1=C(C)NC2=CCCC(O)=C2[C@@H]1c1ccccc1I,-4.59173,1
COCCOC(=O)C1=C(C)NC2=CCCC([O-])=C2[C@H]1c1ccc(N(C)C)cc1,-4.39323,1
COCCOC(=O)C1=C(C)NC2=C[C@@H](c3cccs3)CC(O)=C2[C@H]1c1ccc(OC(C)=O)cc1,3.49527,1
COCCOC(=O)C1=C(C)NC2=C[C@H](c3cccc(OC)c3)CC(O)=C2[C@H]1c1cccs1,-4.79979,1
COCCOC(=O)C1=C(C)NC2=C[C@H](c3cccs3)CC([O-])=C2[C@H]1c1ccc2c(c1)OCO2,-4.55765,1
COCCOC(=O)C1=C(C)Nc2nnnn2[C@@H]1c1ccc(C)cc1,-2.51335,1
COCCOC(=O)C1=C(C)Nc2nnnn2[C@@H]1c1cccc(C)c1,-3.05667,1
COCCOC(=O)C1=C(C)Nc2nnnn2[C@@H]1c1cccc(OC)c1OC,-3.64595,1
COCCOC(=O)c1[nH]c2c(c1C)C(=O)C[C@@H](c1cc(OC)ccc1OC)C2,-6.06498,1
COCCOC(=O)c1[nH]c2c(c1C)C(=O)C[C@@H](c1ccccc1Cl)C2,-5.3534,1
COCCOC(=O)c1[nH]c2c(c1C)C(=O)C[C@H](c1ccccc1Cl)C2,-6.09595,1
COCCOC(=O)c1[nH]c2c(c1C)C(=O)C[C@H](c1ccco1)C2,-5.49756,1
COCCOC(=O)c1c(C)oc2ccc(NS(=O)(=O)c3ccc(C)cc3)cc12,-6.69932,1
COCCOC(=O)c1c(C)oc2ccc(NS(=O)(=O)c3cccc([N+](=O)[O-])c3)cc12,-5.94599,1
COCCOC(=O)c1c(C)oc2ccc(OCc3ccc(C(=O)OC)cc3)cc12,-5.13704,1
COCCOC(=O)c1c(C)oc2ccc(OCc3ccc([N+](=O)[O-])cc3)cc12,-5.5156,1
COCCOC(=O)c1cc(C(=O)Nc2ccc(C)cc2)c(=O)[nH]c1C,-5.96255,1
COCCOC(=O)c1cc(C(=O)Nc2ccc(F)cc2)c(=O)[nH]c1C,-6.0112,1
COCCOC(=O)c1cc(C(=O)Nc2ccc(O)cc2)c(=O)[nH]c1C,-3.78744,1
COCCOC(=O)c1cc(C(=O)Nc2ccc(OC)cc2)c(=O)[nH]c1C,-5.69045,1
COCCOC(=O)c1cc(C(=O)Nc2cccc(C(F)(F)F)c2)c(=O)[nH]c1C,-6.3245,1
COCCOC(=O)c1cc(C(=O)Nc2cccc(C)c2)c(=O)[nH]c1C,-6.56597,1
COCCOC(=O)c1cc(C(=O)Nc2cccc(C)c2C)c(=O)[nH]c1C,-6.14694,1
COCCOC(=O)c1cc(C(=O)Nc2cccc(F)c2)c(=O)[nH]c1C,-6.04695,1
COCCOC(=O)c1ccc(NC(=O)COc2ccc(Br)cc2)cc1,-6.63381,1
COCCOC(=O)c1ccc(NC(=O)c2ccccc2Br)cc1,-4.07728,1
COCCOC(=O)c1ccc(NC(=O)c2ccco2)cc1,-4.67628,1
COCCOC(=O)c1ccc(NC(=O)c2cccs2)cc1,-4.27933,1
COCCOC(=O)c1cnn2c(C(F)(F)F)cc(-c3ccc(C)cc3)nc12,-6.55515,1
COCCOC(=O)c1cnn2c(C(F)(F)F)cc(-c3ccc(F)cc3)nc12,-6.66408,1
COCCOC(=O)c1cnn2c(C(F)(F)F)cc(-c3ccc(OC)c(OC)c3)nc12,-6.65985,1
COCCOC(=O)c1cnn2c(C(F)(F)F)cc(-c3cccs3)nc12,-6.01682,1
COCCSc1ncc(CO)n1Cc1ccc(F)cc1,-5.06446,1
COCC[N-]c1oc(-c2ccc(S(=O)(=O)N3CCCC3)cc2)nc1C#N,-3.39113,1
COCC[N-]c1oc(/C=C/c2ccccc2OC)nc1C#N,-4.44462,1
COCC[N-]c1sc(S(=O)(=O)c2ccccc2)nc1S(=O)(=O)c1ccc(C)cc1,-3.92657,1
COCC[N@@H+]1CCn2c(nc3cc(NC(=O)COc4ccc(Cl)cc4)ccc32)C1,-1.9442,1
COCC[N@@H+]1CCn2c(nc3cc(NC(=O)c4ccco4)ccc32)C1,-5.18082,1
COCC[N@H+](Cc1ccc(F)cc1)Cc1cc(=O)n2nc(C3CCCCC3)sc2n1,-4.80783,1
COCC[N@H+]1CCn2c(nc3cc(NC(=O)COc4ccc(Cl)cc4)ccc32)C1,-0.504908,1
COCC[N@H+]1CCn2c(nc3cc(NC(=O)c4ccco4)ccc32)C1,-2.99895,1
COCCc1nn2c(=O)cc(COC(=O)COc3ccc(C)c(C)c3)nc2s1,-6.25355,1
COCCc1nn2c(=O)cc(COC(=O)COc3ccc(C)cc3)nc2s1,-5.72816,1
COCCc1nn2c(=O)cc(COC(=O)COc3ccc(F)cc3)nc2s1,-7.22199,1
COCCc1nn2c(=O)cc(COC(=O)COc3ccccc3C)nc2s1,-6.29764,1
COCCc1nn2c(=O)cc(COC(=O)CSc3ccc(C)cc3)nc2s1,-2.43163,1
COCCc1nn2c(=O)cc(COC(=O)CSc3ccccc3)nc2s1,-6.8505,1
COCCc1nn2c(=O)cc(COC(=O)c3ccc(OC)cc3)nc2s1,-5.86138,1
COCCc1nn2c(=O)cc(COC(=O)c3cccc(Cl)c3)nc2s1,-5.90145,1
COCCc1nn2c(=O)cc(COC(=O)c3cccc(F)c3)nc2s1,-6.59425,1
COCCc1nn2c(=O)cc(COC(=O)c3ccccc3Br)nc2s1,-5.98551,1
COCCn1c(CCC(=O)Nc2ccc(OC)cc2)nc2cccnc21,-5.86586,1
COCCn1c(CNC(=O)c2ccco2)[nH+]c2ccccc21,-4.82995,1
COCCn1c(CNC(=O)c2ccco2)nc2ccccc21,-5.38675,1
COCCn1c(Cc2cccn2C)nnc1SCC(=O)Nc1nnc(C)s1,-3.65613,1
COCCn1c([C@@H]2CC(=O)N(c3ccc(OC)cc3)C2)[nH+]c2ccccc21,-4.13611,1
COC[C@@H](C)NC(=O)C1CCN(S(=O)(=O)Cc2c(F)cccc2Cl)CC1,-3.93628,1
COC[C@@H](C)NC(=O)C1CCN(S(=O)(=O)Cc2ccccc2)CC1,-5.23519,1
COC[C@@H](C)Nc1ncnc2c1c(-c1ccccc1)cn2-c1ccc(OC)cc1,-1.88535,1
COC[C@H](C)NC(=O)C1CCN(S(=O)(=O)Cc2ccccc2C)CC1,-3.49207,1
COCc1c(Br)c(C)nc2sc3c(=O)n(-c4ccc(C(=O)OC)cc4)nnc3c12,-6.01485,1
COCc1c(Br)c(C)nc2sc3c(=O)n(-c4ccc(C(C)=O)cc4)nnc3c12,-6.63647,1
COCc1cc(C)nc(SCC(=O)Nc2ccc(C(C)=O)cc2)c1C#N,-6.59817,1
COCc1cc(C)nc(SCC(=O)Nc2ccc(CC#N)cc2)c1C#N,-7.82639,1
COCc1cc(C)nc(SCC(=O)Nc2ccc(OC)cc2)c1C#N,-5.54348,1
COCc1nn2c(=O)c(NC(=O)c3ccc(OC)cc3)cnc2s1,-6.3671,1
COCc1nnc(NC(=O)CCCc2nc(-c3ccc(Cl)cc3)no2)s1,-2.92579,1
COCc1nnc(NC(=O)C[C@@H](C)c2ccccc2)s1,-7.01854,1
COCc1nnc(NC(=O)C[C@H](C)c2ccccc2)s1,-6.35759,1
COCc1nnc(NC(=O)c2c(-c3ccccc3)noc2C)s1,-4.92983,1
COCc1nnc([N-]C(=O)CCCc2nc(-c3ccc(Cl)cc3)no2)s1,-2.44325,1
COCc1nnc([N-]C(=O)COc2ccccc2-c2nc(-c3ccc(C)cc3)no2)s1,-2.53115,1
COCc1nnc([N-]C(=O)C[C@@H](C)c2ccccc2)s1,-3.66504,1
COCc1nnc([N-]C(=O)C[C@H](C)c2ccccc2)s1,-1.7989,1
COCc1nnc([N-]C(=O)c2c(-c3ccccc3)noc2C)s1,-6.93493,1
COCc1nnc([N-]C(=O)c2cccc(NC(=O)C(C)C)c2)s1,-5.5461,1
COP(=O)(OC)c1nc(-c2ccc([N+](=O)[O-])cc2)oc1NCCc1ccccc1,-4.71423,1
COP(=O)(OC)c1nc(-c2ccc([N+](=O)[O-])cc2)oc1NCc1ccccc1,-5.24473,1
COP(=O)(OC)c1nc(-c2ccccc2)oc1NCc1ccc2c(c1)OCO2,-4.16504,1
COc1c[nH+]c(CSc2nc(C)cs2)cc1OCC(=O)Nc1cc(C)cc(C)c1,-3.25185,1
COc1c[nH+]c(CSc2ncccn2)cc1OCC(=O)Nc1ccc(F)cc1,-3.60679,1
COc1c[nH+]c(CSc2nnc(C)s2)cc1OCC(=O)Nc1ccccc1,-2.2703,1
COc1c[nH+]c(CSc2nnc(C)s2)cc1OCC(=O)Nc1ccccc1C(F)(F)F,-2.79066,1
COc1c[nH+]c(CSc2nnnn2C)cc1OCC(=O)Nc1ccc(Br)cc1,0.580539,1
COc1c[nH+]c(CSc2nnnn2C)cc1OCC(=O)Nc1ccc(C(C)=O)cc1,-1.05127,1
COc1c[nH+]c(CSc2nnnn2C)cc1OCC(=O)Nc1ccc(C(F)(F)F)cc1,0.0434928,1
COc1c[nH+]c(CSc2nnnn2C)cc1OCC(=O)Nc1ccc(Cl)cc1,-0.12161,1
COc1cc(-c2c(C#N)c(N)n3c(nc4ccccc43)c2C#N)ccc1OCCCC#N,-6.35392,1
COc1cc(-c2cc(C)no2)ccc1S(=O)(=O)N1CCN(c2cc(Cl)ccc2C)CC1,-3.40389,1
COc1cc(-c2cc(C)no2)ccc1S(=O)(=O)N1CCN(c2cccc(C(F)(F)F)c2)CC1,-3.57267,1
COc1cc(-c2cc(C)no2)ccc1S(=O)(=O)Nc1ccc(C#N)cc1,-1.90222,1
COc1cc(-c2cc(C)no2)ccc1S(=O)(=O)Nc1ccc(C(C)=O)cc1,-5.01211,1
COc1cc(-c2cc(C)no2)ccc1S(=O)(=O)Nc1cccc(Br)c1,-2.98057,1
COc1cc(-c2cc(C)no2)ccc1S(=O)(=O)Nc1cccc(C(C)=O)c1,-2.16173,1
COc1cc(-c2cc(C)no2)ccc1S(=O)(=O)Nc1cccc(C(F)(F)F)c1,-4.1392,1
COc1cc(-c2cc(C)no2)ccc1S(=O)(=O)Nc1cccc(Cl)c1,-4.45628,1
COc1cc(-c2cc(C)no2)ccc1S(=O)(=O)Nc1cccc(F)c1,-2.63848,1
COc1cc(-c2cc(C)no2)ccc1S(=O)(=O)Nc1cccc(SC)c1,-3.40236,1
COc1cc(-c2cc(C)no2)ccc1S(=O)(=O)[N-]c1ccc(C#N)cc1,-5.28964,1
COc1cc(-c2cc(C)no2)ccc1S(=O)(=O)[N-]c1ccc(C(C)=O)cc1,-6.63273,1
COc1cc(-c2cc(C)no2)ccc1S(=O)(=O)[N-]c1ccc(F)cc1,-1.72675,1
COc1cc(-c2cc(C)no2)ccc1S(=O)(=O)[N-]c1cccc(Br)c1,-1.68682,1
COc1cc(-c2cc(C)no2)ccc1S(=O)(=O)[N-]c1cccc(Cl)c1,-2.8716,1
COc1cc(-c2cc(C)no2)ccc1S(=O)(=O)[N-]c1cccc(F)c1,-1.19756,1
COc1cc(-c2cc(C)no2)ccc1S(=O)(=O)[N-]c1cccc(SC)c1,-2.50621,1
COc1cc(-c2ccno2)ccc1S(=O)(=O)N1CCN(c2cccc(Cl)c2)CC1,-3.97988,1
COc1cc(-c2ccno2)ccc1S(=O)(=O)NCc1ccc(Cl)cc1,-4.96847,1
COc1cc(-c2ccno2)ccc1S(=O)(=O)NCc1ccc(F)cc1,-4.00508,1
COc1cc(-c2ccno2)ccc1S(=O)(=O)Nc1cc(C)cc(C)c1,-0.464433,1
COc1cc(-c2ccno2)ccc1S(=O)(=O)Nc1ccc(C#N)cc1,-2.6777,1
COc1cc(-c2ccno2)ccc1S(=O)(=O)Nc1ccc(C(C)=O)cc1,-4.1924,1
COc1cc(-c2ccno2)ccc1S(=O)(=O)Nc1ccc(Cl)cc1,-2.11199,1
COc1cc(-c2ccno2)ccc1S(=O)(=O)Nc1ccc(F)cc1,-2.0767,1
COc1cc(-c2ccno2)ccc1S(=O)(=O)Nc1ccc(NC(C)=O)cc1,-1.61415,1
COc1cc(-c2ccno2)ccc1S(=O)(=O)Nc1cccc(Br)c1,-1.63824,1
COc1cc(-c2ccno2)ccc1S(=O)(=O)Nc1cccc(Cl)c1,-1.60584,1
COc1cc(-c2ccno2)ccc1S(=O)(=O)Nc1cccc(F)c1,-2.83737,1
COc1cc(-c2ccno2)ccc1S(=O)(=O)Nc1ccccc1,-2.39369,1
COc1cc(-c2ccno2)ccc1S(=O)(=O)[N-]c1ccc(C#N)cc1,-5.60614,1
COc1cc(-c2ccno2)ccc1S(=O)(=O)[N-]c1ccc(C(C)=O)cc1,-3.46539,1
COc1cc(-c2ccno2)ccc1S(=O)(=O)[N-]c1ccc(Cl)cc1,-2.83821,1
COc1cc(-c2ccno2)ccc1S(=O)(=O)[N-]c1ccc(F)cc1,-2.71532,1
COc1cc(-c2ccno2)ccc1S(=O)(=O)[N-]c1cccc(Br)c1,-2.65933,1
COc1cc(-c2ccno2)ccc1S(=O)(=O)[N-]c1cccc(C(F)(F)F)c1,-3.15384,1
COc1cc(-c2ccno2)ccc1S(=O)(=O)[N-]c1cccc(Cl)c1,-3.69742,1
COc1cc(-c2ccno2)ccc1S(=O)(=O)[N-]c1cccc(F)c1,-3.19594,1
COc1cc(-c2ccno2)ccc1S(=O)(=O)[N-]c1cccc(SC)c1,-2.74304,1
COc1cc(-c2ccno2)ccc1S(=O)(=O)[N-]c1ccccc1,-2.91383,1
COc1cc(-c2nc3cnccn3c2Nc2cccc(C(=O)[O-])c2)ccc1O,-6.34797,1
COc1cc(-c2nc3s/c(=C\c4cccc(OC(C)=O)c4)c(=O)n3n2)cc(OC)c1OC,-2.79402,1
COc1cc(-c2nnc(SCC(=O)Nc3cccc(C#N)c3)o2)cc(OC)c1OC,-7.0312,1
COc1cc(-c2nnc(SCC(=O)Nc3cccc(C(C)=O)c3)o2)cc(OC)c1OC,-4.89948,1
COc1cc(/C=C/c2ccc3cccc(O)c3n2)ccc1OC(C)=O,-3.41552,1
COc1cc(/C=C/c2ccc3cccc([O-])c3n2)ccc1OC(C)=O,-2.47784,1
COc1cc(/C=N/NC(=O)COc2ccc(C)cc2)ccc1OC(C)=O,-3.25397,1
COc1cc(/C=N/NC(=O)c2ccc(F)cc2)ccc1OC(C)=O,-3.25312,1
COc1cc(/C=N/NC(=O)c2ccc(NC(C)=O)cc2)cc(OC)c1OC,-7.42596,1
COc1cc(/C=N/NC(=O)c2cccc(Cl)c2)ccc1Oc1ccc([N+](=O)[O-])cn1,-4.23607,1
COc1cc(/C=N/NC(=O)c2cccc(NC(C)=O)c2)cc(OC)c1OC,-4.56039,1
COc1cc(/C=N/NC(=O)c2ccccc2)ccc1OC(C)=O,-3.90085,1
COc1cc(/C=N/NC(=O)c2ccccc2F)ccc1Oc1ccc([N+](=O)[O-])cn1,-3.30518,1
COc1cc(/C=N/NC(=O)c2cccnc2)ccc1OC(C)=O,-3.6257,1
COc1cc(/C=N/NC(=O)c2ccncc2)ccc1OC(C)=O,-3.71697,1
COc1cc(/C=N/NC(=O)c2ccncc2)ccc1OCC#N,-6.50557,1
COc1cc(/C=N/NC(=O)c2cncc(Br)c2)ccc1OC(C)=O,-1.64516,1
COc1cc(/C=N\NC(=O)c2cc(-c3ccccc3)[nH]n2)ccc1OC(C)=O,-6.62087,1
COc1cc(/C=N\NC(=O)c2cc(-c3ccccc3)n[nH]2)ccc1OC(C)=O,-7.68404,1
COc1cc(/C=N\NC(=O)c2ccc(C)nc2)ccc1OC(=O)c1ccco1,-4.71103,1
COc1cc(/C=N\c2c(C)n(C)n(-c3ccccc3)c2=O)ccc1OC(C)=O,-2.92881,1
COc1cc(/C=N\c2c(C)n(C)n(-c3ccccc3)c2=O)ccc1OCC#N,-4.38408,1
COc1cc(/C=c2\sc3nc(-c4ccccc4Br)nn3c2=O)ccc1OC(C)=O,-3.12286,1
COc1cc(/C=c2\sc3nc(-c4cccs4)nn3c2=O)ccc1OC(C)=O,-2.16756,1
COc1cc(/C=c2\sc3nc4cc(C)c(C)cc4n3c2=O)ccc1OCC(=O)[O-],-6.11998,1
COc1cc(/C=c2\sc3nc4ccccc4n3c2=O)ccc1OCC#N,-6.78901,1
COc1cc(/C=c2\sc3nc4ccccc4n3c2=O)ccc1OCC(=O)[O-],-6.07242,1
COc1cc(C(=O)NC(C)=O)ccc1CS(=O)(=O)Nc1ccc2[nH]c(=O)ccc2c1,-10.36,1
COc1cc(C(=O)NC=O)ccc1CS(=O)(=O)Nc1ccc2[nH]c(=O)ccc2c1,-10.47,1
COc1cc(C(=O)NCc2ccc(-c3nn4cnnc4s3)cc2)cc(OC)c1OC,-3.93868,1
COc1cc(C(=O)Nc2cc(-c3nc4ncccc4o3)ccc2C)cc(OC)c1OC,-5.92565,1
COc1cc(C(=O)Nc2cc(-c3nc4ncccc4o3)ccc2Cl)cc(OC)c1OC,-6.41173,1
COc1cc(C(=O)Nc2ccc3c(c2)[nH+]c(CN2CCOCC2)n3C(C)C)cc(OC)c1OC,-2.72874,1
COc1cc(C(=O)Nc2cccc(-c3noc(C4CC4)n3)c2)cc(OC)c1OC,-3.67927,1
COc1cc(C(=O)[C@@H]2CC(=O)Nc3c2c(C)nn3-c2ccc(C)c(C)c2)ccc1[O-],-1.66546,1
COc1cc(C(=O)[C@H]2CC(=O)Nc3c2c(C)nn3-c2ccc(C)c(C)c2)ccc1O,-5.30983,1
COc1cc(CN2CCN(C(=O)c3ccc([N+](=O)[O-])cc3)CC2)cc(OC)c1O,-5.33265,1
COc1cc(CN2CC[NH+](Cc3cccc(F)c3)CC2)cc2c1OCO2,-4.93257,1
COc1cc(CNC(=O)c2nc(-c3cccc(OC)c3)no2)cc(OC)c1,-6.05431,1
COc1cc(CNCCCSc2nnnn2C)cc(OC)c1OC,-0.938839,1
COc1cc(CNCCNC(=O)c2nonc2N)cc(Br)c1OCc1ccc(F)cc1,-1.28541,1
COc1cc(CNCCNC(=O)c2nonc2N)cc(Br)c1OCc1ccccc1,-0.963003,1
COc1cc(CNCCNC(=O)c2nonc2N)cc(Cl)c1OCc1ccc(Cl)cc1,-0.287415,1
COc1cc(CNCCNC(=O)c2nonc2N)ccc1OCc1ccc(C)cc1,-1.59374,1
COc1cc(CNCCNC(=O)c2nonc2N)ccc1OCc1ccc(F)cc1,-2.61436,1
COc1cc(CNCCNC(=O)c2nonc2N)ccc1OCc1ccccc1,-1.74236,1
COc1cc(CNCCNC(=O)c2nonc2N)ccc1OCc1ccccc1C,-1.14848,1
COc1cc(C[NH2+]CCCSc2nnnn2C)cc(OC)c1OC,-2.38355,1
COc1cc(C[NH2+]CCNC(=O)c2nonc2N)cc(Cl)c1OC,-1.98188,1
COc1cc(C[NH2+]CCNC(=O)c2nonc2N)cc(Cl)c1OCc1ccccc1F,-2.66631,1
COc1cc(C[NH2+]CCNC(=O)c2nonc2N)ccc1OCc1ccc(F)cc1,-1.94474,1
COc1cc(C[NH2+]CCNC(=O)c2nonc2N)ccc1OCc1ccccc1,-2.36552,1
COc1cc(C[NH2+]CCO)ccc1OCc1ccc2c(c1)n(C)c(=O)n2C,-7.6803,1
COc1cc(C[NH2+]CCSc2nnnn2C)cc(Cl)c1OC,-2.39726,1
COc1cc(N2CCn3c(nc4ccccc43)C2)ccc1NC(=O)C(C)C,-5.42108,1
COc1cc(N2CCn3c(nc4ccccc43)C2)ccc1NC(=O)COc1cccc(C)c1,-4.98299,1
COc1cc(N2CCn3c(nc4ccccc43)C2)ccc1NC(=O)c1ccccc1OC,-4.70912,1
COc1cc(NC(=O)CCS(=O)(=O)c2ccc3c(c2)NC(=O)[C@@H](C)S3)cc(OC)c1,-6.7287,1
COc1cc(NC(=O)N[C@@H]2COc3ccc(OC)cc3C2)cc(OC)c1,-6.21829,1
COc1cc(NC(=O)[C@@H]2CCCN(S(=O)(=O)c3ccc4[nH]c(=O)ccc4c3)C2)cc(OC)c1,-4.59728,1
COc1cc(NC(=O)c2cc(-c3ccc(O)cc3)on2)cc(OC)c1OC,-6.10828,1
COc1cc(NC(=O)c2cc(-c3ccc([O-])cc3)on2)cc(OC)c1OC,-2.5012,1
COc1cc(NC(=O)c2ccc3c(c2)NC(=O)CO3)cc(OC)c1,-7.78489,1
COc1cc(NC(=O)c2ccc3c(c2)NC(=O)CO3)cc(OC)c1OC,-7.97046,1
COc1cc(NC(=O)c2nnn(CC(=O)Nc3cccc(C)c3)c2N)cc(OC)c1,-5.50751,1
COc1cc(NS(=O)(=O)c2ccc(-c3ccno3)cc2OC)cc(OC)c1,-2.47976,1
COc1cc(OC)cc(-c2ccc3c(CC(N)=O)n[nH]c3c2)c1,-9.485,1
COc1cc(OC)cc(-c2ccc3c(NC(=O)CO)n[nH]c3c2)c1,-9.149,1
COc1cc(OC)cc(-c2ccc3c(NC(C)=O)n[nH]c3c2)c1,-9.407,1
COc1cc(OC)cc(-c2ccc3c(NC(N)=O)n[nH]c3c2)c1,-9.519,1
COc1cc(OC)cc(-c2ccc3c(NC=O)n[nH]c3c2)c1,-8.971,1
COc1cc(OC)cc(-c2ccc3c(NO)n[nH]c3c2)c1,-9.094,1
COc1cc(OC)cc(C(=O)Nc2cc(-c3nc4cccnc4s3)ccc2C)c1,-5.91245,1
COc1cc(OC)cc(C(=O)Nc2ccc(C(C)=O)cc2)c1,-6.69436,1
COc1cc(OC)cc(C(=O)Nc2ccc(NC(C)=O)cc2)c1,-5.41507,1
COc1cc(OC)cc(C(=O)Nc2cccc(-c3nc(C)no3)c2)c1,-3.36894,1
COc1cc([C@@H]2C(C(=O)Nc3ccccc3)=C(C)Nc3nc(CCCO)nn32)cc(OC)c1OC,-1.67069,1
COc1cc([C@@H]2CC(=O)N=C3NC(SCc4ccccc4)=NC([O-])=C32)ccc1OCC(N)=O,-5.17334,1
COc1cc([C@@H]2CC(=O)Nc3[nH]c(SCc4ccccc4C)nc(=O)c32)ccc1OCC(N)=O,-6.15533,1
COc1cc([C@@H]2CC(=O)Nc3c2c(C)nn3-c2nc(C)cc(C)n2)ccc1OCC(N)=O,-5.48651,1
COc1cc([C@@H]2CC(=O)Nc3c2cnn3-c2ccc(C)cc2)ccc1OCC(N)=O,-6.74517,1
COc1cc([C@@H]2CC(=O)Nc3nc(SC)[nH]c(=O)c32)ccc1OCC(N)=O,-6.24417,1
COc1cc([C@@H]2CC(=O)Nc3nc(SC)nc(O)c32)ccc1OCC(N)=O,-5.7631,1
COc1cc([C@@H]2CC(=O)Nc3nc(SCc4ccc(F)cc4)[n-]c(=O)c32)ccc1OCC(N)=O,-5.93984,1
COc1cc([C@@H]2CC(=O)Nc3nc(SCc4ccccc4)[n-]c(=O)c32)ccc1OCC(N)=O,-5.31388,1
COc1cc([C@@H]2SCC(=O)Nc3c2c(C)nn3-c2nc(C)cc(C)n2)ccc1OCC(N)=O,-5.32546,1
COc1cc([C@H](CC(=O)NCc2cccnc2)N2Cc3ccccc3C2=O)cc(OC)c1OC,-6.66637,1
COc1cc([C@H](CC(=O)NCc2ccco2)N2Cc3ccccc3C2=O)cc(OC)c1OC,-5.81643,1
COc1cc([C@H]2/C(=C(\[O-])Nc3ccccc3)C(C)=Nc3nc(CCCO)nn32)cc(OC)c1OC,-4.0559,1
COc1cc([C@H]2C(C(=O)Nc3ccccc3)=C(C)Nc3nc(CCCO)nn32)cc(OC)c1OC,-4.28217,1
COc1cc([C@H]2CC(=O)N=C3NC(SC)=NC([O-])=C32)ccc1OCC(N)=O,-6.16827,1
COc1cc([C@H]2CC(=O)N=C3NC(SCc4ccc(F)cc4)=NC([O-])=C32)ccc1OCC(N)=O,-5.84092,1
COc1cc([C@H]2CC(=O)N=C3NC(SCc4cccc(C)c4)=NC([O-])=C32)ccc1OCC(N)=O,-5.48811,1
COc1cc([C@H]2CC(=O)N=C3NC(SCc4ccccc4)=NC([O-])=C32)ccc1OCC(N)=O,-6.37534,1
COc1cc([C@H]2CC(=O)N=C3NC(SCc4ccccc4C)=NC([O-])=C32)ccc1OCC(N)=O,-6.05164,1
COc1cc([C@H]2CC(=O)N=C3NC(SCc4ccccc4F)=NC([O-])=C32)ccc1OCC(N)=O,-7.10457,1
COc1cc([C@H]2CC(=O)Nc3[nH]c(SCc4ccc(F)cc4)nc(=O)c32)ccc1OCC(N)=O,-4.67279,1
COc1cc([C@H]2CC(=O)Nc3[nH]c(SCc4ccccc4C)nc(=O)c32)ccc1OCC(N)=O,-5.78696,1
COc1cc([C@H]2CC(=O)Nc3c2c(C)nn3-c2nc(C)cc(C)n2)ccc1OCC(N)=O,-6.66327,1
COc1cc([C@H]2CC(=O)Nc3n[nH]c(C)c32)ccc1OCC(N)=O,-7.57639,1
COc1cc([C@H]2CC(=O)Nc3nc(SC)[n-]c(=O)c32)ccc1OCC(N)=O,-5.83342,1
COc1cc([C@H]2CC(=O)Nc3nc(SC)[nH]c(=O)c32)ccc1OCC(N)=O,-6.92248,1
COc1cc([C@H]2CC(=O)Nc3nc(SC)nc(O)c32)ccc1OCC(N)=O,-4.93595,1
COc1cc([C@H]2CC(=O)Nc3nc(SCc4ccc(F)cc4)[n-]c(=O)c32)ccc1OCC(N)=O,-3.54692,1
COc1cc([C@H]2CC(=O)Nc3nc(SCc4ccc(F)cc4)[nH]c(=O)c32)ccc1OCC(N)=O,-6.2404,1
COc1cc([C@H]2CC(=O)Nc3nc(SCc4ccccc4)[nH]c(=O)c32)ccc1OCC(N)=O,-6.79431,1
COc1cc([C@H]2CC(=O)Nc3nc(SCc4ccccc4C)[n-]c(=O)c32)ccc1OCC(N)=O,-5.33815,1
COc1cc([C@H]2CC(=O)Nc3nc(SCc4ccccc4F)[nH]c(=O)c32)ccc1OCC(N)=O,-7.81722,1
COc1cc([C@H]2NC(=O)NC(C)=C2C(=O)OCCC#N)cc(OC)c1OC,-5.54286,1
COc1cc([C@H]2NC(=S)NC(C)=C2C(N)=O)ccc1O,-4.03369,1
COc1cc([C@H]2OC(c3ccc(Br)cc3)=NN2C(C)=O)ccc1OC(C)=O,-0.903163,1
COc1cc([C@H]2OC(c3cccc([N+](=O)[O-])c3)=NN2C(C)=O)ccc1OC(C)=O,-1.07553,1
COc1cc([C@H]2SC(NC(C)=O)=NN2C(C)=O)ccc1OCCOc1ccc(C)cc1,-3.58852,1
COc1cc([C@H]2SCC(=O)Nc3c2c(C)nn3-c2nc(C)cc(C)n2)ccc1OCC(N)=O,-5.78058,1
COc1cc([N-]S(=O)(=O)c2ccc(-c3ccno3)cc2OC)cc(OC)c1,-1.85042,1
COc1cc2c(cc1OC)[C@@H](COc1cc(C)cc(C)c1)N(C(=O)c1ccc3c(c1)OCO3)CC2,-4.48544,1
COc1cc2c(cc1OC)[C@@H](COc1ccc([N+](=O)[O-])cc1)N(C(=O)CC(C)C)CC2,-3.53406,1
COc1cc2c(cc1OC)[C@@H](c1ccc(O)cc1)CC(=O)N2,-6.63865,1
COc1cc2c(cc1OC)[C@H](COc1ccc([N+](=O)[O-])cc1)N(C(=O)CC(C)C)CC2,-4.33114,1
COc1ccc(-[n+]2c(SCC(=O)Nc3cccc(OC)c3)nc3n[nH]c(C)c3c2N)cc1,-4.62158,1
COc1ccc(-[n+]2nc([N+](=O)[O-])c(Nc3ccc(C)c(F)c3)n2O)cc1,-5.0825,1
COc1ccc(-c2[nH+]c3cc(C)ccn3c2NC(=O)CC(C)C)cc1,-4.2292,1
COc1ccc(-c2[nH+]c3cc(C)ccn3c2NC(=O)c2ccc(C)cc2)cc1,-3.02718,1
COc1ccc(-c2[nH+]c3cc(C)ccn3c2NC(=O)c2ccc([N+](=O)[O-])cc2)cc1,0.220382,1
COc1ccc(-c2[nH+]c3cc(C)ccn3c2NC(=O)c2cccc(C)c2)cc1,-3.79498,1
COc1ccc(-c2[nH]c(-c3ccccc3)nc2SCC(=O)NCc2ccco2)cc1,-4.32567,1
COc1ccc(-c2c(C)nn3c(C)c(C(C)=O)nnc23)cc1,-6.08876,1
COc1ccc(-c2cc(-c3nc(-c4cccc(C(F)(F)F)c4)no3)[nH]n2)cc1,-5.21014,1
COc1ccc(-c2cc(-c3nc(-c4cccc(C(F)(F)F)c4)no3)n[nH]2)cc1,-4.63767,1
COc1ccc(-c2cc(-c3nc(-c4ccccn4)no3)n[nH]2)cc1,-5.41424,1
COc1ccc(-c2cc(=O)[n-]c(SCc3nc(-c4cccc(Br)c4)no3)n2)cc1,-4.49883,1
COc1ccc(-c2cc(=O)[n-]c(SCc3nc(-c4cccc(OC)c4)no3)n2)cc1,-4.83619,1
COc1ccc(-c2cc(=O)nc(SCc3nc(-c4ccc(OC)c(OC)c4)no3)[nH]2)cc1,-4.45414,1
COc1ccc(-c2cc(C(=O)N(Cc3ccc(C(C)(C)C)cc3)[C@H]3CCS(=O)(=O)C3)no2)cc1,-5.72156,1
COc1ccc(-c2cc(C(=O)N(Cc3ccco3)[C@@H]3CCS(=O)(=O)C3)no2)cc1,-5.45586,1
COc1ccc(-c2cc(C(=O)N/N=C/c3c[nH]c4ccccc34)n[nH]2)cc1,-3.08203,1
COc1ccc(-c2cc(C(=O)N/N=C\c3ccc(Cl)cc3)[nH]n2)cc1,-3.81312,1
COc1ccc(-c2cc(C(=O)N3CC=C(c4ccccc4)CC3)[nH]n2)cc1,-3.45955,1
COc1ccc(-c2cc(C(=O)N3CC=C(c4ccccc4)CC3)n[nH]2)cc1,-5.12991,1
COc1ccc(-c2cc(C(=O)N3CCC[C@H]3c3cc(C)no3)on2)cc1,-3.32358,1
COc1ccc(-c2cc(C(=O)N3CCN(C(=O)c4ccccc4)CC3)n[nH]2)cc1,-2.5689,1
COc1ccc(-c2cc(C(=O)N3CCN(Cc4ccc5c(c4)OCO5)CC3)n[nH]2)cc1,-4.59447,1
COc1ccc(-c2cc(C(=O)N3CCN(S(=O)(=O)c4ccc(Cl)s4)CC3)n[nH]2)cc1,-3.32438,1
COc1ccc(-c2cc(C(=O)N3CCN(c4cccc(C(F)(F)F)c4)CC3)[nH]n2)cc1,-3.19545,1
COc1ccc(-c2cc(C(=O)N3CCN(c4cccc(OC)c4)CC3)[nH]n2)cc1,-3.4489,1
COc1ccc(-c2cc(C(=O)N3CCN(c4ncccn4)CC3)[nH]n2)cc1,-3.53579,1
COc1ccc(-c2cc(C(=O)N3CC[NH+](c4cc(Cl)ccc4C)CC3)[nH]n2)cc1,-1.76091,1
COc1ccc(-c2cc(C(=O)N3CC[NH+](c4ccc(C)cc4C)CC3)n[nH]2)cc1,-3.93294,1
COc1ccc(-c2cc(C(=O)NC3CCCCCCC3)[nH]n2)cc1,-3.36599,1
COc1ccc(-c2cc(C(=O)NCCCN3CCOCC3)c3ccccc3n2)cc1,-4.98943,1
COc1ccc(-c2cc(C(=O)NCCc3ccc(C)cc3)[nH]n2)cc1,-3.21251,1
COc1ccc(-c2cc(C(=O)NCCc3ccc(OC)c(OC)c3)[nH]n2)cc1,-4.08213,1
COc1ccc(-c2cc(C(=O)NCCc3ccc(OC)c(OC)c3)n[nH]2)cc1,-3.8977,1
COc1ccc(-c2cc(C(=O)NCCc3ccccc3)no2)cc1,-3.84676,1
COc1ccc(-c2cc(C(=O)NCc3cc[nH+]cc3)no2)cc1,-2.68219,1
COc1ccc(-c2cc(C(=O)NCc3ccc(C)cc3)[nH]n2)cc1,-5.6088,1
COc1ccc(-c2cc(C(=O)NCc3ccc(C)cc3)no2)cc1,-5.67801,1
COc1ccc(-c2cc(C(=O)NCc3ccc(Cl)cc3)[nH]n2)cc1,-4.7004,1
COc1ccc(-c2cc(C(=O)NCc3ccc(Cl)cc3)n[nH]2)cc1,-4.58187,1
COc1ccc(-c2cc(C(=O)NCc3ccc(Cl)cc3)no2)cc1,-5.27582,1
COc1ccc(-c2cc(C(=O)NCc3ccc(F)cc3)[nH]n2)cc1,-6.0448,1
COc1ccc(-c2cc(C(=O)NCc3ccc(F)cc3)n[nH]2)cc1,-5.33267,1
COc1ccc(-c2cc(C(=O)NCc3ccc(F)cc3)no2)cc1,-4.73974,1
COc1ccc(-c2cc(C(=O)NCc3cccc(OC)c3)[nH]n2)cc1,-4.94584,1
COc1ccc(-c2cc(C(=O)NCc3cccc(OC)c3)n[nH]2)cc1,-4.89683,1
COc1ccc(-c2cc(C(=O)NCc3ccccc3)no2)cc1,-6.27375,1
COc1ccc(-c2cc(C(=O)NCc3ccncc3)no2)cc1,-6.03879,1
COc1ccc(-c2cc(C(=O)Nc3cc(Br)ccc3O)no2)cc1,-5.90281,1
COc1ccc(-c2cc(C(=O)Nc3cc(Br)ccc3[O-])no2)cc1,-4.00446,1
COc1ccc(-c2cc(C(=O)Nc3cc(C)ccc3O)no2)cc1,-6.31511,1
COc1ccc(-c2cc(C(=O)Nc3cc(Cl)ccc3OC)no2)cc1,-5.91625,1
COc1ccc(-c2cc(C(=O)Nc3ccc(C#N)cc3)no2)cc1,-4.4269,1
COc1ccc(-c2cc(C(=O)Nc3ccc(C)c(C)c3)no2)cc1,-3.52953,1
COc1ccc(-c2cc(C(=O)Nc3ccc(F)c(Cl)c3)no2)cc1,-5.38833,1
COc1ccc(-c2cc(C(=O)Nc3ccc(F)cc3)no2)cc1,-5.93999,1
COc1ccc(-c2cc(C(=O)Nc3ccc(OC)c(Cl)c3)no2)cc1,-5.84257,1
COc1ccc(-c2cc(C(=O)Nc3ccc(S(=O)(=O)/N=c4\[nH]ccs4)cc3)no2)cc1,-4.65946,1
COc1ccc(-c2cc(C(=O)Nc3ccc(S(=O)(=O)/N=c4\nc(C)cc(C)[nH]4)cc3)no2)cc1,3.04691,1
COc1ccc(-c2cc(C(=O)Nc3ccc(S(=O)(=O)Nc4nc(C)cc(C)n4)cc3)no2)cc1,-4.6048,1
COc1ccc(-c2cc(C(=O)Nc3ccc(S(=O)(=O)[N-]c4nccs4)cc3)no2)cc1,-4.92661,1
COc1ccc(-c2cc(C(=O)Nc3cccc(C(C)=O)c3)no2)cc1,-5.77507,1
COc1ccc(-c2cc(C(=O)Nc3cccc(C)n3)no2)cc1,-5.66492,1
COc1ccc(-c2cc(C(=O)Nc3cccc(O)c3)on2)cc1OC,-4.75495,1
COc1ccc(-c2cc(C(=O)Nc3ccccc3OC)no2)cc1,-5.49132,1
COc1ccc(-c2cc(C(=O)Nc3cnn(Cc4ccccc4C)c3)no2)cc1,0.494973,1
COc1ccc(-c2cc(C(=O)Nc3nnc(C)s3)no2)cc1,-3.30483,1
COc1ccc(-c2cc(C(=O)Nc3sc4c(c3C(=O)NC[C@@H]3CCCO3)CCC4)no2)cc1,-4.57166,1
COc1ccc(-c2cc(C(=O)Oc3ccc(C)c(C)c3)no2)cc1,-4.93543,1
COc1ccc(-c2cc(C(=O)[N-]c3nnc(C)s3)no2)cc1,-4.78162,1
COc1ccc(-c2cc(C(=O)[O-])c3c(-c4cccc([N+](=O)[O-])c4)[nH]nc3n2)cc1,-5.63629,1
COc1ccc(-c2cc(C(C)=O)c(C)n2CCC(=O)Nc2ccc(C(C)=O)cc2)cc1,-5.97843,1
COc1ccc(-c2cc(C(C)=O)c(C)n2CCC(=O)Nc2ccc(F)cc2)cc1,-5.68375,1
COc1ccc(-c2cc(C(F)(F)F)nc(SCC(=O)N3CCC(C(N)=O)CC3)n2)cc1OC,-8.46261,1
COc1ccc(-c2cc(C(F)(F)F)nc(SCCC(=O)NC(C)C)n2)cc1,-6.36911,1
COc1ccc(-c2cc(C(F)F)n3ncc(C(=O)N(C)Cc4cnn(C)c4C)c3n2)cc1,-5.79711,1
COc1ccc(-c2cc(C(F)F)n3ncc(C(=O)N4CC[NH+](Cc5ccccc5)CC4)c3n2)cc1,-4.17513,1
COc1ccc(-c2cc(C(F)F)n3ncc(C(=O)N4C[C@@H](C)O[C@@H](C)C4)c3n2)cc1,-1.60459,1
COc1ccc(-c2cc(C(F)F)n3ncc(C(=O)NCc4ccccc4F)c3n2)cc1,-6.14659,1
COc1ccc(-c2cc(C)no2)cc1S(=O)(=O)CCC(=O)Nc1c(C)cccc1C,-5.165,1
COc1ccc(-c2cc(C)no2)cc1S(=O)(=O)N1CCOc2ccc(C)cc21,-2.60527,1
COc1ccc(-c2cc(C)no2)cc1S(=O)(=O)NCc1cccnc1,-3.58127,1
COc1ccc(-c2cc(C)no2)cc1S(=O)(=O)Nc1ccc(C(C)=O)cc1,-2.40683,1
COc1ccc(-c2cc(C)no2)cc1S(=O)(=O)Nc1ccc(C)cc1,-4.62834,1
COc1ccc(-c2cc(C)no2)cc1S(=O)(=O)Nc1ccc(F)cc1,-2.78051,1
COc1ccc(-c2cc(C)no2)cc1S(=O)(=O)Nc1cccc(Br)c1,-0.669093,1
COc1ccc(-c2cc(C)no2)cc1S(=O)(=O)Nc1cccc(C(C)=O)c1,-4.60239,1
COc1ccc(-c2cc(C)no2)cc1S(=O)(=O)Nc1cccc(F)c1,-0.482009,1
COc1ccc(-c2cc(C)no2)cc1S(=O)(=O)[N-]c1ccc(NC(C)=O)cc1,-5.1621,1
COc1ccc(-c2cc(C)no2)cc1S(=O)(=O)[N-]c1cccc(F)c1,-1.33189,1
COc1ccc(-c2cc(O)nc(SCc3nc(-c4cccc(Br)c4)no3)n2)cc1,-3.15595,1
COc1ccc(-c2cc(OCC(=O)Nc3cc(OC)cc(OC)c3)c3ccccc3[nH+]2)cc1,-5.39464,1
COc1ccc(-c2cc(OCCN(C)c3ccc4c(NC(C)=O)n[nH]c4c3)c3ncncc3c2)cn1,-8.773,1
COc1ccc(-c2cc(OCCN(C)c3ccc4c(NC=O)n[nH]c4c3)c3ncncc3c2)cn1,-10.31,1
COc1ccc(-c2cc(OCCN(C)c3ncc(C(=O)NC(C)=O)cn3)c3ncncc3c2)cn1,-9.157,1
COc1ccc(-c2cc(OCCN(C)c3ncc(C(=O)NC=O)cn3)c3ncncc3c2)cn1,-7.525,1
COc1ccc(-c2cc3c(SCC(=O)NC4CCCC4)nccn3n2)cc1,-6.041,1
COc1ccc(-c2cc3n(n2)C[C@@](C)(C(=O)NC2CCCCC2)N(CCCOC(C)C)C3=O)cc1,-3.78942,1
COc1ccc(-c2cc3n(n2)C[C@](C)(C(=O)NCc2ccccc2)N(CCCOC(C)C)C3=O)cc1,-5.12831,1
COc1ccc(-c2cc3nc(C)cc(Nc4ccc(C(N)=O)cc4)n3n2)cc1OC,-8.62162,1
COc1ccc(-c2cc3nccc(-c4cc(Cl)ccc4O)n3n2)cc1,-5.83644,1
COc1ccc(-c2ccc(C#N)c(SCC(=O)Nc3ccc(C)c(C)c3)n2)cc1,-5.42609,1
COc1ccc(-c2ccc(C#N)c(SCC(=O)Nc3ccc(F)cc3)n2)cc1,-7.03403,1
COc1ccc(-c2ccc(C(=O)NCc3ccc(C(=O)NC(C)=O)cc3)[nH]2)cc1,-7.867,1
COc1ccc(-c2ccc(C(=O)NCc3ccc(C(=O)NC=O)cc3)[nH]2)cc1,-10.17,1
COc1ccc(-c2ccc(C(=O)NCc3ccc4c(NC(C)=O)n[nH]c4c3)[nH]2)cc1,-7.73,1
COc1ccc(-c2ccc(C(=O)NCc3ccc4c(NC=O)n[nH]c4c3)[nH]2)cc1,-8.531,1
COc1ccc(-c2ccc(C[NH2+]CCCSc3nnnn3C)o2)cc1Cl,-2.34295,1
COc1ccc(-c2ccc(NS(=O)(=O)c3ccc(C(C)=O)cc3)cc2)nn1,-1.75926,1
COc1ccc(-c2ccc(NS(=O)(=O)c3ccc(C)cc3)cc2)nn1,-2.42333,1
COc1ccc(-c2ccc(NS(=O)(=O)c3ccc(Cl)cc3)cc2)nn1,-2.01142,1
COc1ccc(-c2ccc(NS(=O)(=O)c3ccc(F)cc3)cc2)nn1,-1.24919,1
COc1ccc(-c2ccc(OCCNC(=O)CC3CCCCC3)nn2)cc1,-5.45139,1
COc1ccc(-c2ccc(OCCNC(=O)COc3ccccc3)nn2)cc1,-5.22215,1
COc1ccc(-c2ccc(OCCNC(=O)c3c(F)cccc3F)nn2)cc1,-5.10297,1
COc1ccc(-c2ccc(OCCNC(=O)c3cc(OC)cc(OC)c3)nn2)cc1,-3.96419,1
COc1ccc(-c2ccc(OCCNC(=O)c3ccc(Br)cc3)nn2)cc1,-4.59951,1
COc1ccc(-c2ccc(OCCNC(=O)c3ccc(Br)o3)nn2)cc1,-6.33709,1
COc1ccc(-c2ccc(OCCNC(=O)c3ccc(C)cc3)nn2)cc1,-3.22136,1
COc1ccc(-c2ccc(OCCNC(=O)c3ccc(Cl)cc3)nn2)cc1,-4.95398,1
COc1ccc(-c2ccc(OCCNC(=O)c3ccc(F)c(F)c3)nn2)cc1,-6.06355,1
COc1ccc(-c2ccc(OCCNC(=O)c3ccc(F)cc3)nn2)cc1,-2.77904,1
COc1ccc(-c2ccc(OCCNC(=O)c3cccc(C(F)(F)F)c3)nn2)cc1,-4.48466,1
COc1ccc(-c2ccc(OCCNC(=O)c3cccc(C)c3)nn2)cc1,-4.89966,1
COc1ccc(-c2ccc(OCCNC(=O)c3ccccc3)nn2)cc1,-4.93927,1
COc1ccc(-c2ccc(OCCNS(=O)(=O)c3ccc(C(C)=O)cc3)nn2)cc1,-8.43619,1
COc1ccc(-c2ccc(OCCNS(=O)(=O)c3ccc(Cl)cc3)nn2)cc1,-2.56546,1
COc1ccc(-c2ccc(OCCNS(=O)(=O)c3ccc(OC(F)(F)F)cc3)nn2)cc1,-3.54463,1
COc1ccc(-c2ccc([N-]S(=O)(=O)c3ccc(C(C)=O)cc3)cc2)nn1,-2.21158,1
COc1ccc(-c2ccc([N-]S(=O)(=O)c3ccc(C)cc3)cc2)nn1,-2.75802,1
COc1ccc(-c2ccc([N-]S(=O)(=O)c3ccc(Cl)cc3)cc2)nn1,-2.58097,1
COc1ccc(-c2ccc([N-]S(=O)(=O)c3ccc(F)cc3)cc2)nn1,-2.32631,1
COc1ccc(-c2ccc3c(NC(=O)CO)n[nH]c3c2)cc1,-9.284,1
COc1ccc(-c2ccc3c(NC(=O)CO)n[nH]c3c2)cc1OC,-9.131,1
COc1ccc(-c2ccc3c(NC(C)=O)n[nH]c3c2)cc1,-9.543,1
COc1ccc(-c2ccc3c(NC(C)=O)n[nH]c3c2)cc1OC,-9.406,1
COc1ccc(-c2ccc3c(NC(N)=O)n[nH]c3c2)cc1,-10.1,1
COc1ccc(-c2ccc3c(NC(N)=O)n[nH]c3c2)cc1OC,-10.16,1
COc1ccc(-c2ccc3c(NC=O)n[nH]c3c2)cc1,-9.428,1
COc1ccc(-c2ccc3c(NC=O)n[nH]c3c2)cc1OC,-9.332,1
COc1ccc(-c2ccc3c(NO)n[nH]c3c2)cc1,-8.924,1
COc1ccc(-c2ccc3c(NO)n[nH]c3c2)cc1OC,-8.422,1
COc1ccc(-c2cccc(NS(=O)(=O)c3cc(F)ccc3F)c2)nn1,-6.43841,1
COc1ccc(-c2cccc(NS(=O)(=O)c3cc(F)ccc3OC)c2)nn1,-6.01829,1
COc1ccc(-c2cccc(NS(=O)(=O)c3ccc(C(C)=O)cc3)c2)nn1,-4.15704,1
COc1ccc(-c2cccc(NS(=O)(=O)c3ccc(Cl)cc3)c2)nn1,-2.41271,1
COc1ccc(-c2cccc(NS(=O)(=O)c3ccc(F)cc3)c2)nn1,-6.48267,1
COc1ccc(-c2cccc(NS(=O)(=O)c3ccc(I)cc3)c2)nn1,-3.95092,1
COc1ccc(-c2cccc(NS(=O)(=O)c3ccc(OC(F)(F)F)cc3)c2)nn1,-6.68376,1
COc1ccc(-c2cccc(NS(=O)(=O)c3cccc(C)c3)c2)nn1,-1.74041,1
COc1ccc(-c2cccc([N-]S(=O)(=O)c3cc(F)ccc3F)c2)nn1,-2.67467,1
COc1ccc(-c2cccc([N-]S(=O)(=O)c3ccc(C(C)=O)cc3)c2)nn1,-4.35843,1
COc1ccc(-c2cccc([N-]S(=O)(=O)c3ccc(Cl)cc3)c2)nn1,-3.66832,1
COc1ccc(-c2cccc([N-]S(=O)(=O)c3ccc(F)cc3)c2)nn1,-2.20159,1
COc1ccc(-c2cccc([N-]S(=O)(=O)c3ccc(OC(F)(F)F)cc3)c2)nn1,-1.72354,1
COc1ccc(-c2cccc([N-]S(=O)(=O)c3cccc(C)c3)c2)nn1,-3.72636,1
COc1ccc(-c2cn3cccnc3n2)cc1NC(=O)c1ccc(OC)c(OC)c1,-5.88632,1
COc1ccc(-c2cn3nc(N4CCC[C@H](C(=O)NCCc5ccc(Cl)cc5)C4)sc3n2)cc1,-3.56082,1
COc1ccc(-c2cn3nc(N4CCC[C@H](C(=O)NCCc5ccccc5)C4)sc3n2)cc1,-3.57718,1
COc1ccc(-c2cn3nc(SCC(=O)Nc4ccc(C(C)=O)cc4)ccc3n2)cc1,-4.35195,1
COc1ccc(-c2cn3nc(SCC(=O)Nc4ccc(F)cc4)ccc3n2)cc1,-5.08327,1
COc1ccc(-c2cnc(C)o2)cc1S(=O)(=O)Nc1ccc2c(c1)OCCO2,-1.69613,1
COc1ccc(-c2cnc(C)o2)cc1S(=O)(=O)[N-]c1ccc(OC(F)(F)F)cc1,-5.50503,1
COc1ccc(-c2cnn3c(SCC(=O)NCCCN4CCOCC4)cc(C)nc23)cc1OC,-3.91593,1
COc1ccc(-c2cnnc(-n3nc(C)c4c3NC(=O)C[C@@H]4c3ccc(C(=O)[O-])cc3)n2)cc1,-3.56888,1
COc1ccc(-c2csc(NC(=O)Cc3csc(C)n3)n2)cc1,-5.14748,1
COc1ccc(-c2csc3c2NC(=O)C[C@@H]3c2ccc(C(=O)[O-])cc2)cc1,-4.01413,1
COc1ccc(-c2csc3c2NC(=O)C[C@H]3c2ccc(C(=O)[O-])cc2)cc1,-5.43815,1
COc1ccc(-c2csc3c2NC(=O)C[C@H]3c2ccsc2)cc1,-5.96188,1
COc1ccc(-c2n[nH]c(SCC(=O)Nc3ccc(C(C)=O)cc3)n2)cc1,-6.27368,1
COc1ccc(-c2n[nH]c(SCC(=O)Nc3ccc(Cl)cc3)n2)cc1,-6.59837,1
COc1ccc(-c2n[nH]c(SCC(=O)Nc3ccccc3Cl)n2)cc1,-5.31075,1
COc1ccc(-c2n[nH]c(SCc3cc(=O)c4cc(C(N)=O)ccc4[nH]3)n2)cc1,-7.73904,1
COc1ccc(-c2nc(=S)c3c([nH]2)Oc2c(cccc2OC)C3)cc1,-4.31106,1
COc1ccc(-c2nc(C#N)c(NCCCN3CCOCC3)o2)cc1,-5.50265,1
COc1ccc(-c2nc(CCNC(=O)COc3ccc(Br)cc3)cs2)cc1,-3.90798,1
COc1ccc(-c2nc(CCNC(=O)COc3ccc(C(C)C)cc3)cs2)cc1,-5.26402,1
COc1ccc(-c2nc(CCNC(=O)COc3ccccc3C)cs2)cc1,-4.90136,1
COc1ccc(-c2nc(CCNC(=O)Cc3ccc(F)cc3)cs2)cc1,-5.83621,1
COc1ccc(-c2nc(CCNC(=O)Cc3ccccc3)cs2)cc1,-6.09276,1
COc1ccc(-c2nc(CCNC(=O)[C@H](C)Oc3ccc(Cl)c(C)c3)cs2)cc1,-3.78954,1
COc1ccc(-c2nc(CCNC(=O)c3ccc(Br)cc3)cs2)cc1,-4.95431,1
COc1ccc(-c2nc(CCNC(=O)c3ccc(C(F)(F)F)cc3)cs2)cc1,-5.56801,1
COc1ccc(-c2nc(CCNC(=O)c3ccc(C)cc3)cs2)cc1,-5.51332,1
COc1ccc(-c2nc(CCNC(=O)c3ccc(Cl)cc3)cs2)cc1,-5.16048,1
COc1ccc(-c2nc(CCNC(=O)c3ccc([N+](=O)[O-])cc3)cs2)cc1,-4.86216,1
COc1ccc(-c2nc(CCNC(=O)c3ccccc3)cs2)cc1,-6.08058,1
COc1ccc(-c2nc(CCNC(=O)c3ccccc3OC)cs2)cc1,-5.42219,1
COc1ccc(-c2nc(CNC(=O)COc3ccc(C)c(C)c3)cs2)cc1,-3.70622,1
COc1ccc(-c2nc(CNC(=O)COc3ccc([N+](=O)[O-])cc3)cs2)cc1,-3.59006,1
COc1ccc(-c2nc(CNC(=O)Nc3cccc(C)c3)c(C)o2)cc1,-5.18889,1
COc1ccc(-c2nc(CNC(=O)Nc3cccc(OC)c3)c(C)o2)cc1,-3.96257,1
COc1ccc(-c2nc(CNC(=O)c3ccccc3Br)cs2)cc1,-6.65251,1
COc1ccc(-c2nc(CNC(=O)c3ccccc3Cl)cs2)cc1,-4.63674,1
COc1ccc(-c2nc(CNS(=O)(=O)c3ccc(NC(C)=O)cc3)cs2)cc1,-7.05811,1
COc1ccc(-c2nc(CS(=O)(=O)CC(=O)NCCC(C)C)c(C)o2)cc1,-5.36153,1
COc1ccc(-c2nc(CS(=O)(=O)CC(=O)NCCN(C)C)c(C)o2)cc1,-2.42033,1
COc1ccc(-c2nc(CS(=O)(=O)CC(=O)NCC[NH+](C)C)c(C)o2)cc1,-5.87203,1
COc1ccc(-c2nc(CS(=O)(=O)CC(=O)NCCc3ccc(Cl)cc3)c(C)o2)cc1,-3.61459,1
COc1ccc(-c2nc(CSCC(=O)NCc3cccnc3)c(C)o2)cc1,-5.30258,1
COc1ccc(-c2nc(CSc3nc(-c4cccnc4)cc(=O)[n-]3)c(C)o2)cc1,-5.48304,1
COc1ccc(-c2nc(CSc3nc(=O)c4c([nH]3)CCC4)c(C)o2)cc1,-4.34596,1
COc1ccc(-c2nc(CSc3nc(O)cc(-c4cccnc4)n3)c(C)o2)cc1,-4.23331,1
COc1ccc(-c2nc(C[S@@](=O)CC(=O)NC3CCCCCC3)c(C)o2)cc1,-5.57921,1
COc1ccc(-c2nc(C[S@](=O)CC(=O)NCCc3ccccc3)c(C)o2)cc1,-5.3154,1
COc1ccc(-c2nc(C[S@](=O)CC(=O)NCc3cccnc3)c(C)o2)cc1,-4.97945,1
COc1ccc(-c2nc(N)n(C(=O)c3ccc(C)cc3)n2)cc1,-5.82519,1
COc1ccc(-c2nc(SCC(=O)NCc3ccc(F)cc3)n[nH]2)cc1,-5.51443,1
COc1ccc(-c2nc(SCC(=O)NCc3ccco3)c(-c3ccc(F)cc3)[nH]2)cc1,-5.53517,1
COc1ccc(-c2nc(SCC(=O)Nc3ccc(C(C)=O)cc3)n[nH]2)cc1,-2.20539,1
COc1ccc(-c2nc(SCC(=O)Nc3ccc(Cl)cc3)n[nH]2)cc1,-5.36211,1
COc1ccc(-c2nc(SCC(=O)Nc3ccccc3C(F)(F)F)n3[n-]c(=O)cc3n2)cc1,-2.89964,1
COc1ccc(-c2nc(SCC(=O)Nc3ccccc3Cl)n3[n-]c(=O)cc3n2)cc1,-4.7643,1
COc1ccc(-c2nc(SCC(=O)Nc3ccccc3Cl)n3nc(O)cc3n2)cc1,-4.91055,1
COc1ccc(-c2nc(SCC(=O)Nc3ccccc3Cl)n[nH]2)cc1,-5.97265,1
COc1ccc(-c2nc(SCC(=O)Oc3c(C)cccc3C)n3[n-]c(=O)cc3n2)cc1,-2.93644,1
COc1ccc(-c2nc(SCC(=O)Oc3ccccc3)n3nc(O)cc3n2)cc1,-2.79685,1
COc1ccc(-c2nc(SCC(=O)c3ccccc3)n[nH]2)cc1,-5.46226,1
COc1ccc(-c2nc(SCCOc3ccc(C)cc3OC)n3[n-]c(=O)cc3n2)cc1,-5.55153,1
COc1ccc(-c2nc(SCc3cc(=O)c4cc(C(N)=O)ccc4[nH]3)n[nH]2)cc1,-7.36707,1
COc1ccc(-c2nc(SCc3cc(=O)c4cc(F)ccc4[nH]3)n[nH]2)cc1,-4.16025,1
COc1ccc(-c2nc(SCc3cc(=O)n4nc(C)sc4n3)n[nH]2)cc1,-5.50901,1
COc1ccc(-c2nc3[nH]c(CN4CCOCC4)cc(=O)n3n2)cc1,-3.26742,1
COc1ccc(-c2nc3[nH]c(C[NH+]4CCCCC4)cc(=O)n3n2)cc1,-2.50751,1
COc1ccc(-c2nc3cc(C)ccn3c2NC(=O)c2ccc(F)cc2)cc1,-5.12132,1
COc1ccc(-c2nc3cc(C)ccn3c2NC(=O)c2cccc(OC)c2)cc1,-4.56454,1
COc1ccc(-c2nc3cc(NC(=O)CC(C)C)ccc3o2)cc1,-5.22247,1
COc1ccc(-c2nc3cc(NC(=O)Cc4ccccc4)ccc3o2)cc1,-5.3209,1
COc1ccc(-c2nc3ccccc3o2)cc1NC(=O)COc1ccc(F)cc1,-5.54032,1
COc1ccc(-c2nc3cnccn3c2Nc2ccc(C(N)=O)cc2)cc1,-7.40375,1
COc1ccc(-c2nc3cnccn3c2Nc2cccc(C(=O)[O-])c2)cc1,-6.30849,1
COc1ccc(-c2nc3n(c2C(=O)N[C@@H](C)c2ccccc2)CCS3(=O)=O)cc1,-4.7853,1
COc1ccc(-c2nc3n(c2C(=O)Nc2ccc(F)cc2)CCS3(=O)=O)cc1,-5.24227,1
COc1ccc(-c2nc3n(c2C(=O)Nc2cccc(F)c2)CCS3(=O)=O)cc1,-4.23287,1
COc1ccc(-c2nc3n(c2C(=O)Nc2nc4ccc(F)cc4s2)CCS3(=O)=O)cc1,-0.462033,1
COc1ccc(-c2nc3n(n2)[C@@H](c2cc(OC)ccc2OC)C2=C([O-])CCC=C2N3)cc1,-3.98329,1
COc1ccc(-c2nc3n(n2)[C@@H](c2ccc(OC)c(OC)c2)C2=C([O-])CC(C)(C)C=C2N3)cc1,-3.83073,1
COc1ccc(-c2nc3n(n2)[C@@H](c2ccccc2)C2=C([O-])CC(C)(C)C=C2N3)cc1,-4.70833,1
COc1ccc(-c2nc3n(n2)[C@@H](c2ccncc2)/C(=C(/[O-])Nc2ccccc2OC)C(C)=N3)cc1,-4.59077,1
COc1ccc(-c2nc3n(n2)[C@H](c2ccccc2)C2=C([O-])CC(C)(C)C=C2N3)cc1,-4.77223,1
COc1ccc(-c2nc3nc(C)cc(N4CCN(CCO)CC4)n3n2)cc1,-6.22633,1
COc1ccc(-c2nc3nc(C)cc(N4CCOCC4)n3n2)cc1,-3.24473,1
COc1ccc(-c2nc3nc(C)cc(N4CC[NH+](CCO)CC4)n3n2)cc1,-7.7468,1
COc1ccc(-c2nc3nc(C)cc(NCc4ccccc4)n3n2)cc1,-5.92514,1
COc1ccc(-c2nc3nc(C)cc(Nc4ccccc4)n3n2)cc1,-3.44875,1
COc1ccc(-c2nc3nc(CNc4cc(Cl)ccc4OC)cc([O-])n3n2)cc1,-3.07495,1
COc1ccc(-c2nc3nc(C[NH+]4CCCCC4)cc([O-])n3n2)cc1,-4.96168,1
COc1ccc(-c2nc3ncccn3c2Nc2ccc(C)cc2C)cc1,-5.45113,1
COc1ccc(-c2nc3s/c(=C\c4cc(Br)ccc4OC)c(=O)n3n2)cc1,-5.90988,1
COc1ccc(-c2nc3s/c(=C\c4ccc(-c5ccc(C(C)=O)cc5)o4)c(=O)n3n2)cc1,-6.29365,1
COc1ccc(-c2nc3s/c(=C\c4ccc(-c5ccc(C(C)=O)cc5)o4)c(=O)n3n2)cc1OC,-5.90221,1
COc1ccc(-c2nc3s/c(=C\c4ccc(C)o4)c(=O)n3n2)cc1,-6.34239,1
COc1ccc(-c2nc3s/c(=C\c4ccc(OCC(N)=O)cc4)c(=O)n3n2)cc1,-4.65369,1
COc1ccc(-c2nc3s/c(=C\c4ccccc4Br)c(=O)n3n2)cc1,-6.11665,1
COc1ccc(-c2nc3s/c(=C\c4ccccc4Cl)c(=O)n3n2)cc1,-6.21304,1
COc1ccc(-c2nc3s/c(=C\c4ccco4)c(=O)n3n2)cc1,-7.13376,1
COc1ccc(-c2nc3s/c(=C\c4cccs4)c(=O)n3n2)cc1,-6.78832,1
COc1ccc(-c2nc3s/c(=C\c4ccncc4)c(=O)n3n2)cc1,-6.52679,1
COc1ccc(-c2nc3sc(CCNC(=O)c4ccc(Cl)cc4)c(C)n3n2)cc1,-5.18647,1
COc1ccc(-c2nc3sc(CCNC(=O)c4ccccc4)c(C)n3n2)cc1,-4.98352,1
COc1ccc(-c2nc3scc(CCNC(=O)Cc4ccc(F)cc4)n3n2)cc1,-4.56333,1
COc1ccc(-c2nc3scc(CCNC(=O)c4ccc(Br)cc4)n3n2)cc1,-4.61026,1
COc1ccc(-c2nc3scc(CCNC(=O)c4ccc(Cl)cc4)n3n2)cc1,-4.13426,1
COc1ccc(-c2nc3scc(CCNC(=O)c4ccc(F)c(F)c4)n3n2)cc1,-4.37231,1
COc1ccc(-c2nc3scc(CCNC(=O)c4cccc(Cl)c4)n3n2)cc1,-4.96346,1
COc1ccc(-c2nc3scc(CCNC(=O)c4ccccc4C)n3n2)cc1,-4.87209,1
COc1ccc(-c2nc3scc(CCNC(=O)c4ccco4)n3n2)cc1,-8.26683,1
COc1ccc(-c2nn(-c3ccccc3)cc2/C=N\NC(=O)c2ccncc2)cc1,-4.49077,1
COc1ccc(-c2nn3c(=O)cc(CNC(=O)Nc4ccccc4)nc3s2)cc1,-6.11035,1
COc1ccc(-c2nn3c(=O)cc(C[NH+]4CCN(C(=O)Nc5ccccc5)CC4)nc3s2)cc1,-5.02167,1
COc1ccc(-c2nn3c(SCC(=O)Nc4ccccc4C(F)(F)F)nnc3[n-]c2=O)cc1,-5.27497,1
COc1ccc(-c2nnc(SCC(=O)N(C)CCO)n2-c2ccccc2)cc1,-7.10533,1
COc1ccc(-c2nnc(SCC(=O)N(C)c3ccccc3)o2)cc1,-5.96131,1
COc1ccc(-c2nnc(SCC(=O)N(CCC#N)c3ccccc3)o2)cc1,-3.98213,1
COc1ccc(-c2nnc(SCC(=O)N3CCN(CCO)CC3)n2-c2ccccc2)cc1,-5.54542,1
COc1ccc(-c2nnc(SCC(=O)N3CCOCC3)o2)cc1,-5.22066,1
COc1ccc(-c2nnc(SCC(=O)N3CC[NH+](CCO)CC3)n2-c2ccccc2)cc1,-4.58667,1
COc1ccc(-c2nnc(SCC(=O)N3CCc4ccccc43)o2)cc1,-0.833956,1
COc1ccc(-c2nnc(SCC(=O)Nc3nnc(C)s3)o2)cc1,-4.98403,1
COc1ccc(-c2nnc(SCC(=O)[N-]c3nnc(C)s3)o2)cc1,-6.21891,1
COc1ccc(-c2nnc(SCc3cc(=O)n4c(C)csc4n3)o2)cc1,-6.12725,1
COc1ccc(-c2nnc(SCc3cc(=O)n4ccsc4n3)o2)cc1,-2.63832,1
COc1ccc(-c2nnc(SCc3ccc(Br)cc3)o2)cc1,-6.10313,1
COc1ccc(-c2nnc(SCc3ccc(C#N)cc3)o2)cc1,-6.7604,1
COc1ccc(-c2nnc(SCc3ccc(Cl)cc3)o2)cc1,-6.81189,1
COc1ccc(-c2nnc(SCc3ccc(I)cc3)o2)cc1,-6.1454,1
COc1ccc(-c2nnc3ccc(SCC(=O)[N-]c4nnc(C)s4)nn23)cc1,-4.10219,1
COc1ccc(-c2nnc3sc(NC(=O)C(C)C)nn23)cc1,-6.61557,1
COc1ccc(-c2nnc3sc(NC(=O)COc4cccc(C(F)(F)F)c4)nn23)cc1,-3.77345,1
COc1ccc(-c2nnc3sc(NC(=O)COc4cccc(C)c4)nn23)cc1,-2.86437,1
COc1ccc(-c2nnc3sc(NC(=O)COc4ccccc4)nn23)cc1,-5.07759,1
COc1ccc(-c2nnc3sc(NC(=O)COc4ccccc4C)nn23)cc1,-5.49225,1
COc1ccc(-c2nnc3sc(NC(=O)[C@@H](C)Oc4ccccc4)nn23)cc1,-6.3607,1
COc1ccc(-c2nnc3sc(NC(=O)[C@H](C)Oc4ccccc4)nn23)cc1,-6.01342,1
COc1ccc(-c2nnc3sc(NC(=O)c4ccc(Br)cc4)nn23)cc1,-5.37938,1
COc1ccc(-c2nnc3sc(NC(=O)c4ccc(F)cc4)nn23)cc1,-5.60304,1
COc1ccc(-c2nnc3sc(NC(=O)c4ccccc4C(F)(F)F)nn23)cc1,-5.14596,1
COc1ccc(-c2nnc3sc(NC(=O)c4ccccc4F)nn23)cc1,-5.86536,1
COc1ccc(-c2nnn(CC(=O)N3CCOCC3)n2)cc1,-4.59945,1
COc1ccc(-c2noc(-c3c(SC)nn(CC(=O)Nc4ccc(F)cc4)c3N)n2)cc1,-5.76787,1
COc1ccc(-c2noc(-c3c(SC)nn(CC(=O)Nc4ccc(F)cc4Cl)c3N)n2)cc1,-5.49887,1
COc1ccc(-c2noc(-c3c(SC)nn(CC(=O)Nc4ccc(F)cc4F)c3N)n2)cc1,-5.61664,1
COc1ccc(-c2noc(-c3c(SC)nn(CC(=O)Nc4ccccc4Cl)c3N)n2)cc1,-4.76386,1
COc1ccc(-c2noc(-c3c[nH]c4ccc(F)cc4c3=O)n2)cc1,-6.95293,1
COc1ccc(-c2noc(-c3c[nH]c4ccccc4c3=O)n2)cc1,-7.05525,1
COc1ccc(-c2noc(-c3ccc(OC)cc3)n2)cc1,-4.33891,1
COc1ccc(-c2noc(-c3cccc(NC(=O)COc4ccccc4)c3)n2)cc1,-3.76428,1
COc1ccc(-c2noc(-c3cccc(NC(=O)c4ccc(F)cc4)c3)n2)cc1,-5.3505,1
COc1ccc(-c2noc(-c3cccc(NC(=O)c4cccc(C)c4)c3)n2)cc1,-5.30405,1
COc1ccc(-c2noc(-c3cccc(NC(=O)c4cccc(OC)c4)c3)n2)cc1,-4.99807,1
COc1ccc(-c2noc(-c3cccc(NC(=O)c4ccccc4)c3)n2)cc1,-5.73104,1
COc1ccc(-c2noc(-c3cccc(OCC(=O)Nc4ccc(C(C)=O)cc4)c3)n2)cc1,-3.40032,1
COc1ccc(-c2noc(-c3ccccc3NC(=O)c3ccco3)n2)cc1,-6.13401,1
COc1ccc(-c2noc(-c3ccccc3OCC(=O)NCc3ccc[nH+]c3)n2)cc1,-3.71642,1
COc1ccc(-c2noc(-c3ccccc3OCC(=O)NCc3cccnc3)n2)cc1,-6.47399,1
COc1ccc(-c2noc(-c3cccnc3NCc3ccccc3)n2)cc1,-6.03704,1
COc1ccc(-c2noc(-c3cnc4ccc(F)cc4c3[O-])n2)cc1,-4.7469,1
COc1ccc(-c2noc(-c3nnn(-c4cc(Cl)ccc4C)c3N)n2)cc1,-6.35839,1
COc1ccc(-c2noc(-c3nnn(-c4ccc(F)cc4F)c3N)n2)cc1,-6.44045,1
COc1ccc(-c2noc(-c3nnn(-c4ccc(OC)cc4)c3C)n2)cc1,-3.42839,1
COc1ccc(-c2noc(-c3nnn(-c4cccc(C(F)(F)F)c4)c3N)n2)cc1,-5.61883,1
COc1ccc(-c2noc(-c3nnn(-c4cccc(F)c4)c3N)n2)cc1,-6.02175,1
COc1ccc(-c2noc(-c3nnn(-c4cccc(OC)c4)c3N)n2)cc1,-6.41668,1
COc1ccc(-c2noc(-c3nnn(-c4ccccc4C)c3N)n2)cc1,-6.3539,1
COc1ccc(-c2noc(-c3nnn(CC(=O)Nc4ccccc4)c3N)n2)cc1,-6.06959,1
COc1ccc(-c2noc(C3CCN(S(=O)(=O)c4ccc(Br)cc4)CC3)n2)cc1,-4.25681,1
COc1ccc(-c2noc(C3CCN(S(=O)(=O)c4ccc(Cl)cc4)CC3)n2)cc1,-7.05947,1
COc1ccc(-c2noc(C3CCN(S(=O)(=O)c4cccs4)CC3)n2)c(OC)c1,-3.81122,1
COc1ccc(-c2noc(CC(=O)Nc3cc(Cl)ccc3OC)n2)cc1,-6.37948,1
COc1ccc(-c2noc(CC(=O)Nc3ccc(F)cc3F)n2)cc1,-6.80436,1
COc1ccc(-c2noc(CC(=O)Nc3cccc(SC)c3)n2)cc1,-5.72046,1
COc1ccc(-c2noc(CCC(=O)NC(C)(C)C)n2)cc1,-6.04265,1
COc1ccc(-c2noc(CCC(=O)Nc3ccc(Cl)cc3)n2)cc1,-4.89982,1
COc1ccc(-c2noc(CCC(=O)Nc3ccc(F)cc3Cl)n2)cc1,-7.20726,1
COc1ccc(-c2noc(CCC(=O)Nc3ccc(F)cc3F)n2)cc1,-6.20048,1
COc1ccc(-c2noc(CCC(=O)Nc3cccc(Cl)c3)n2)cc1,-6.92215,1
COc1ccc(-c2noc(CCC(=O)Nc3cccc(OC)c3)n2)cc1,-6.47461,1
COc1ccc(-c2noc(CCC(=O)Nc3cccc(SC)c3)n2)cc1,-5.60048,1
COc1ccc(-c2noc(CCC(=O)Nc3ccccc3)n2)cc1,-4.58354,1
COc1ccc(-c2noc(CCC(=O)Nc3ccccc3F)n2)cc1,-5.76837,1
COc1ccc(-c2noc(CCC(=O)Nc3nncs3)n2)cc1OC,-2.83046,1
COc1ccc(-c2noc(CCC(=O)[N-]c3nnc(C)s3)n2)cc1OC,-2.45888,1
COc1ccc(-c2noc(CCC(=O)[N-]c3nncs3)n2)cc1OC,-2.35301,1
COc1ccc(-c2noc(CCCC(=O)NC(C)(C)C)n2)cc1,-5.73808,1
COc1ccc(-c2noc(CCCC(=O)NCCc3ccccc3)n2)cc1,-6.26883,1
COc1ccc(-c2noc(CCCC(=O)NC[C@H]3CCCO3)n2)cc1,-5.19801,1
COc1ccc(-c2noc(CCCC(=O)NCc3ccco3)n2)cc1,-5.93267,1
COc1ccc(-c2noc(CCCC(=O)Nc3ccc(C(=O)[O-])cc3)n2)cc1,-4.98192,1
COc1ccc(-c2noc(CCCC(=O)Nc3ccc(C(C)=O)cc3)n2)cc1,-3.49833,1
COc1ccc(-c2noc(CCCC(=O)Nc3ccc(F)cc3)n2)cc1,-3.9834,1
COc1ccc(-c2noc(CCCC(=O)Nc3ccc(NC(C)=O)cc3)n2)cc1,-5.54144,1
COc1ccc(-c2noc(CCCC(=O)Nc3cccc(C(=O)[O-])c3)n2)cc1,-3.39986,1
COc1ccc(-c2noc(CCCC(=O)Nc3cccc(F)c3)n2)cc1,-4.5979,1
COc1ccc(-c2noc(CCCC(=O)Nc3cccc(OC)c3)n2)cc1,-4.96242,1
COc1ccc(-c2noc(CCCC(=O)Nc3ccccc3)n2)cc1,-5.442,1
COc1ccc(-c2noc(CCCC(=O)Nc3ccccc3C(F)(F)F)n2)cc1,-2.50086,1
COc1ccc(-c2noc(CCCC(=O)Nc3ccccc3C)n2)cc1,-5.09966,1
COc1ccc(-c2noc(CCCC(=O)Nc3ccccc3Cl)n2)cc1,-5.85291,1
COc1ccc(-c2noc(CCCC(=O)Nc3ccccc3F)n2)cc1,-5.35993,1
COc1ccc(-c2noc(CCCC(=O)Nc3nccs3)n2)cc1,-6.11299,1
COc1ccc(-c2noc(CCCC(=O)Nc3nncs3)n2)cc1,-5.49449,1
COc1ccc(-c2noc(CCCC(=O)[N-]c3nncs3)n2)cc1,-3.03879,1
COc1ccc(-c2noc(CN(C(=O)COc3cc(C)cc(C)c3)C(C)C)n2)cc1,-5.30227,1
COc1ccc(-c2noc(CN(C(=O)COc3ccc(Br)cc3C)C(C)C)n2)cc1,-5.86787,1
COc1ccc(-c2noc(CN(C(=O)COc3ccc(C)cc3C)C(C)C)n2)cc1,-5.16176,1
COc1ccc(-c2noc(CN(C(=O)Cc3ccc(Cl)cc3)C(C)C)n2)cc1,-4.58727,1
COc1ccc(-c2noc(CN(C(=O)NC3CCCCC3)C3CCCCC3)n2)cc1,-5.29081,1
COc1ccc(-c2noc(CN(C(=O)c3cccc([N+](=O)[O-])c3C)C(C)C)n2)cc1,-5.5752,1
COc1ccc(-c2noc(CN(C)S(=O)(=O)c3ccccc3)n2)cc1,-3.35628,1
COc1ccc(-c2noc(CNC(=O)CCc3ccccc3)n2)cc1,-6.58242,1
COc1ccc(-c2noc(CNC(=O)CN(C)S(=O)(=O)c3ccc(C)cc3)n2)cc1,-6.74153,1
COc1ccc(-c2noc(CNC(=O)COc3ccc(Br)c(C)c3)n2)cc1,-6.23517,1
COc1ccc(-c2noc(CNC(=O)COc3ccc(C(C)C)cc3)n2)cc1,-5.96784,1
COc1ccc(-c2noc(CNC(=O)COc3ccc(C)c(C)c3)n2)cc1,-5.823,1
COc1ccc(-c2noc(CNC(=O)COc3ccc(C)cc3)n2)cc1,-6.33514,1
COc1ccc(-c2noc(CNC(=O)COc3ccc(C)cc3Br)n2)cc1,-5.95803,1
COc1ccc(-c2noc(CNC(=O)COc3ccc(C)cc3C)n2)cc1,-6.50264,1
COc1ccc(-c2noc(CNC(=O)COc3ccc(Cl)c(C)c3)n2)cc1,-6.40555,1
COc1ccc(-c2noc(CNC(=O)COc3ccc(Cl)cc3)n2)cc1,-6.16436,1
COc1ccc(-c2noc(CNC(=O)COc3cccc(C)c3)n2)cc1,-5.64437,1
COc1ccc(-c2noc(CNC(=O)Cc3ccc(OC)c(OC)c3)n2)cc1,-7.46262,1
COc1ccc(-c2noc(CNC(=O)[C@@H](C)Oc3ccccc3)n2)cc1,-7.42339,1
COc1ccc(-c2noc(CNC(=O)c3cc(C)ccc3C)n2)cc1,-6.55648,1
COc1ccc(-c2noc(CNC(=O)c3ccc(OC)c(OC)c3)n2)cc1,-5.21422,1
COc1ccc(-c2noc(CNC(=O)c3cccc(Cl)c3)n2)cc1,-6.84399,1
COc1ccc(-c2noc(CNC(=O)c3cccc(F)c3)n2)cc1,-6.23452,1
COc1ccc(-c2noc(CNC(=O)c3cccc(OC)c3)n2)cc1,-6.5813,1
COc1ccc(-c2noc(CNC(=O)c3ccccc3Br)n2)cc1,-5.45324,1
COc1ccc(-c2noc(COc3cc(C)c(Cl)c(C)c3)n2)cc1,-5.97016,1
COc1ccc(-c2noc(COc3cc(C)ccc3C)n2)cc1,-4.42086,1
COc1ccc(-c2noc(COc3ccc(Br)cc3C)n2)cc1,-4.95078,1
COc1ccc(-c2noc(COc3ccc(C(C)C)cc3)n2)cc1,-5.06068,1
COc1ccc(-c2noc(COc3ccc(C)c(C)c3)n2)cc1,-5.32279,1
COc1ccc(-c2noc(COc3ccc(Cl)cc3C)n2)cc1,-5.93002,1
COc1ccc(-c2noc(COc3ccccc3C(=O)Nc3ccccc3)n2)cc1,-4.73757,1
COc1ccc(-c2noc(COc3ccccc3Cl)n2)cc1,-6.25885,1
COc1ccc(-c2noc(CSCC(=O)Nc3ccc(F)c(Cl)c3)n2)cc1,-5.216,1
COc1ccc(-c2noc(CSCC(=O)Nc3ccc(F)cc3)n2)cc1,-5.39483,1
COc1ccc(-c2noc(CSCC(=O)Nc3cccc(Cl)c3C)n2)cc1,-5.48082,1
COc1ccc(-c2noc(CSCC(=O)Nc3ccccc3Cl)n2)cc1,-5.71548,1
COc1ccc(-c2noc(CSCC(=O)Nc3ccccc3OC)n2)cc1,-5.52758,1
COc1ccc(-c2noc(CSc3nc(-c4ccc(F)cc4)cc(=O)[n-]3)n2)cc1,-6.19227,1
COc1ccc(-c2noc(CSc3nc(-c4ccccc4)cc(=O)[n-]3)n2)cc1,-6.42872,1
COc1ccc(-c2noc(CSc3nc(-c4ccccc4)cc(=O)[nH]3)n2)cc1,-5.76239,1
COc1ccc(-c2noc(CSc3nc(=O)cc(-c4ccccc4)[nH]3)n2)cc1,-3.71131,1
COc1ccc(-c2noc(CSc3nnc(-c4ccncc4)n3-c3ccc(F)cc3)n2)cc1,-3.91238,1
COc1ccc(-c2noc(CSc3nnc(C)n3-c3cccc(C)c3)n2)cc1,-6.85065,1
COc1ccc(-c2noc(CSc3nnc(C)n3-c3ccccc3)n2)c(OC)c1,-5.74589,1
COc1ccc(-c2noc(Cc3ccc(Cl)cc3)n2)cc1,-5.74761,1
COc1ccc(-c2noc(N(C)CC(=O)Nc3ccc(OC)c(OC)c3)n2)cc1,-5.33419,1
COc1ccc(-c2noc(N(C)CC(=O)Nc3cccc(Cl)c3)n2)cc1,-5.39223,1
COc1ccc(-c2noc(N3CCC(C(=O)NC4CC4)CC3)n2)cc1OC,-7.4945,1
COc1ccc(-c2noc(N3CCC[C@@H](C(=O)Nc4cc(Cl)c(OC)cc4OC)C3)n2)cc1,-3.43958,1
COc1ccc(-c2noc(N3CCC[C@H](C(=O)Nc4cc(C)c(Cl)cc4OC)C3)n2)cc1,-5.1865,1
COc1ccc(-c2noc(N3CCC[C@H](C(=O)Nc4cc(Cl)ccc4OC)C3)n2)cc1,-6.09237,1
COc1ccc(-c2noc(N3CCC[C@H](C(=O)Nc4ccccc4C#N)C3)n2)cc1,-5.86604,1
COc1ccc(-c2noc([C@@H](C)NC(=O)c3cc(OC)c(OC)c(OC)c3)n2)cc1,-5.05137,1
COc1ccc(-c2noc([C@@H](C)NC(=O)c3cccc(OC)c3)n2)cc1,-7.2879,1
COc1ccc(-c2noc([C@@H](C)NC(=O)c3ccccc3F)n2)cc1,-6.69335,1
COc1ccc(-c2noc([C@@H](C)NC(=O)c3cccnc3)n2)cc1,-5.53018,1
COc1ccc(-c2noc([C@@H](C)NC(=O)c3cccs3)n2)cc1,-4.18072,1
COc1ccc(-c2noc([C@@H](C)NS(=O)(=O)c3ccccc3)n2)cc1,-5.25469,1
COc1ccc(-c2noc([C@@H]3CC(=O)N(c4ccc(C(C)C)cc4)C3)n2)cc1,-5.77912,1
COc1ccc(-c2noc([C@H](C)NC(=O)c3cccc(OC)c3)n2)cc1,-6.5525,1
COc1ccc(-c2noc([C@H](C)NC(=O)c3ccccc3)n2)cc1,-5.22263,1
COc1ccc(-c2noc([C@H](C)NC(=O)c3cccnc3)n2)cc1,-6.87408,1
COc1ccc(-c2noc([C@H](C)NC(C)=O)n2)cc1,-4.21251,1
COc1ccc(-c2noc([C@H](C)NS(=O)(=O)c3ccccc3)n2)cc1,-4.73603,1
COc1ccc(-c2noc([C@H]3CC(=O)N(c4ccc(F)cc4)C3)n2)cc1,-5.34849,1
COc1ccc(-c2noc([C@H]3CC(=O)N(c4ccc5c(c4)OCO5)C3)n2)cc1OC,-4.5363,1
COc1ccc(-c2nonc2NC(=O)CC(C)C)cc1,-5.97767,1
COc1ccc(-c2nonc2NC(=O)COc2ccc(C)c(C)c2)cc1,-6.91672,1
COc1ccc(-c2nonc2NC(=O)COc2ccc(F)cc2)cc1,-4.41487,1
COc1ccc(-c2nonc2NC(=O)Cc2ccc(Cl)cc2)cc1,-6.40992,1
COc1ccc(-c2nonc2NC(=O)c2ccc([N+](=O)[O-])cc2)cc1,-6.09988,1
COc1ccc(-c2nsc(NC(=O)COc3ccc(C)c(C)c3)n2)cc1,-6.77678,1
COc1ccc(-c2nsc(NC(=O)COc3ccccc3)n2)cc1,-4.81239,1
COc1ccc(-c2nsc(NC(=O)Cc3ccc(Cl)cc3)n2)cc1,-3.96767,1
COc1ccc(-c2nsc(NC(=O)Cc3ccccc3)n2)cc1,-5.90589,1
COc1ccc(-c2nsc(NC(=O)[C@@H]3COc4ccccc4O3)n2)cc1,-5.08503,1
COc1ccc(-c2nsc(NC(=O)c3cc(OC)c(OC)c(OC)c3)n2)cc1,-1.63121,1
COc1ccc(-c2nsc(NC(=O)c3ccc(C)cc3)n2)cc1,-6.0571,1
COc1ccc(-c2nsc(NC(=O)c3ccc(Cl)cc3)n2)cc1,-5.95742,1
COc1ccc(-c2nsc(NC(=O)c3oc4ccccc4c3C)n2)cc1,-6.012,1
COc1ccc(-c2ocnc2C(=O)Nc2ccc(OC)cc2OC)cc1,-6.05715,1
COc1ccc(-c2ocnc2C(=O)Nc2cccc(OC)c2)cc1,-5.58787,1
COc1ccc(-c2onc(C)c2C)cc1S(=O)(=O)Nc1ccc(C(C)C)cc1,-2.78286,1
COc1ccc(-c2onc(C)c2C)cc1S(=O)(=O)Nc1ccc(F)cc1,-1.90426,1
COc1ccc(-c2onc(C)c2C)cc1S(=O)(=O)[N-]c1ccc(C(C)=O)cc1,-6.72181,1
COc1ccc(-c2onc(C)c2C)cc1S(=O)(=O)[N-]c1ccc(NC(C)=O)cc1,-5.87579,1
COc1ccc(-n2c(=O)[n-]cc(C(=O)Nc3cc(Cl)ccc3OC)c2=O)cc1,-3.10055,1
COc1ccc(-n2c(=O)[n-]cc(C(=O)Nc3cc(OC)ccc3OC)c2=O)cc1,-2.28305,1
COc1ccc(-n2c(=O)[n-]cc(C(=O)Nc3ccc(C)cc3)c2=O)cc1,-2.90954,1
COc1ccc(-n2c(=O)[n-]cc(C(=O)Nc3ccc(F)c(F)c3)c2=O)cc1,-1.64311,1
COc1ccc(-n2c(=O)[n-]cc(C(=O)Nc3ccccc3F)c2=O)cc1,-3.33002,1
COc1ccc(-n2c(=O)[n-]cc(C(=O)Nc3ccccc3OC)c2=O)cc1,-3.32711,1
COc1ccc(-n2c(=O)[nH]cc(C(=O)Nc3cc(Cl)ccc3OC)c2=O)cc1,-3.85442,1
COc1ccc(-n2c(=O)[nH]cc(C(=O)Nc3cc(OC)ccc3OC)c2=O)cc1,-4.5065,1
COc1ccc(-n2c(=O)[nH]cc(C(=O)Nc3ccc(F)c(F)c3)c2=O)cc1,-4.25671,1
COc1ccc(-n2c(=O)[nH]cc(C(=O)Nc3ccccc3OC)c2=O)cc1,-4.69316,1
COc1ccc(-n2c(C)c(C(C)=O)c3cc(OC)ccc32)cc1,-5.88934,1
COc1ccc(-n2c(CSc3ncccn3)nnc2SCC(N)=O)cc1,-7.52619,1
COc1ccc(-n2c(Cc3cccn3C)nnc2SCC(=O)NC[C@@H]2CCCO2)cc1,-4.67761,1
COc1ccc(-n2cc(-c3ccccc3)c3c(NCC(OC)OC)nc[nH+]c32)cc1,-4.45817,1
COc1ccc(-n2cc(C(=O)NCCc3ccc(OC)c(OC)c3)nn2)cc1,-5.40736,1
COc1ccc(-n2cc(C(=O)NCc3ccc(F)cc3)nn2)cc1,-5.23098,1
COc1ccc(-n2cc(C(=O)Nc3cc(C)cc(C)c3)c3ccccc3c2=O)cc1,-3.29378,1
COc1ccc(-n2cc(C(=O)Nc3ccc(C(C)=O)cc3)c3ccccc3c2=O)cc1,-3.03748,1
COc1ccc(-n2cc(C(=O)OCc3ccco3)c3ccccc3c2=O)cc1,-6.4044,1
COc1ccc(-n2cc(C(=O)Oc3ccc(F)cc3)c3ccccc3c2=O)cc1,-4.2344,1
COc1ccc(-n2cc[nH+]c2SCC(=O)Nc2ccc(Br)cc2)cc1,-2.80014,1
COc1ccc(-n2cc[nH+]c2SCC(=O)Nc2ccccc2)cc1,-3.20921,1
COc1ccc(-n2ccc(=O)c(C(=O)Nc3cc(C)ccc3C)n2)cc1,-2.68049,1
COc1ccc(-n2ccc(=O)c(C(=O)Nc3cc(Cl)ccc3OC)n2)cc1,-5.5424,1
COc1ccc(-n2ccc(=O)c(C(=O)Nc3ccc(OC)cc3OC)n2)cc1,-4.88541,1
COc1ccc(-n2ccc(=O)c(C(=O)Nc3ccccc3Cl)n2)cc1,-3.97502,1
COc1ccc(-n2ccn3c(CCC(=O)NC(C)C)nnc3c2=O)cc1,-4.54803,1
COc1ccc(-n2ccn3c(CCC(=O)NCc4ccc(Cl)cc4)nnc3c2=O)cc1,-2.12017,1
COc1ccc(-n2ccn3c(CCC(=O)NCc4ccc5c(c4)OCO5)nnc3c2=O)cc1,-5.70696,1
COc1ccc(-n2ccn3c(CCC(=O)NCc4ccccc4)nnc3c2=O)cc1,-4.22176,1
COc1ccc(-n2ccn3c(CCC(=O)NCc4ccccn4)nnc3c2=O)cc1,-5.29125,1
COc1ccc(-n2ccn3c(SCC(=O)Nc4cccc(F)c4)nnc3c2=O)cc1,-4.64665,1
COc1ccc(-n2ccnc(NCCc3ccccc3)c2=O)cc1,-6.47949,1
COc1ccc(-n2ccnc(SCC(=O)Nc3cc(Cl)ccc3C)c2=O)cc1,-5.75499,1
COc1ccc(-n2ccnc(SCC(=O)Nc3cc(Cl)ccc3OC)c2=O)cc1,-5.31897,1
COc1ccc(-n2ccnc(SCC(=O)Nc3ccc(Br)cc3)c2=O)cc1,-4.36144,1
COc1ccc(-n2ccnc(SCC(=O)Nc3cccc(Cl)c3)c2=O)cc1,-6.10422,1
COc1ccc(-n2ccnc(SCC(=O)Nc3ccccc3)c2=O)cc1,-5.5886,1
COc1ccc(-n2ccnc(SCC(=O)Nc3ccccc3C(F)(F)F)c2=O)cc1,-5.53336,1
COc1ccc(-n2ccnc(SCC(=O)Nc3ccccc3C)c2=O)cc1,-4.09087,1
COc1ccc(-n2ccnc(SCC(=O)Nc3ccccc3OC)c2=O)cc1,-5.23496,1
COc1ccc(-n2ccnc(SCc3ccc(C)cc3)c2=O)cc1,-6.30816,1
COc1ccc(-n2ccnc(SCc3ccc(F)cc3)c2=O)cc1,-6.71928,1
COc1ccc(-n2ccnc(SCc3cccc(F)c3)c2=O)cc1,-4.58144,1
COc1ccc(-n2ccnc(SCc3cccc([N+](=O)[O-])c3)c2=O)cc1,-6.25911,1
COc1ccc(-n2ccnc(SCc3ccccc3)c2=O)cc1,-6.3231,1
COc1ccc(-n2nc(C(=O)NCC(=O)NCc3ccc(F)cc3)c3ccccc3c2=O)c(OC)c1,-5.564,1
COc1ccc(-n2nc(C(=O)NCC(=O)NCc3cccnc3)c3ccccc3c2=O)c(OC)c1,-5.27837,1
COc1ccc(-n2nc(C(=O)NCC(=O)Nc3cc(OC)ccc3OC)c3ccccc3c2=O)cc1,-4.94903,1
COc1ccc(-n2nc(C(=O)NCC(=O)Nc3ccc(F)cc3)c3ccccc3c2=O)c(OC)c1,-5.21505,1
COc1ccc(-n2nc(C(=O)NCc3cccnc3)cc2-c2cccnc2)cc1,-6.54677,1
COc1ccc(-n2nc(C(=O)Nc3cc(C)ccc3OC)c3ccccc3c2=O)cc1,-4.62015,1
COc1ccc(-n2nc(C(=O)Nc3cc(Cl)ccc3OC)c3ccccc3c2=O)cc1,-6.06256,1
COc1ccc(-n2nc(C(=O)Nc3cc([N+](=O)[O-])ccc3OC)c3ccccc3c2=O)cc1,-5.62225,1
COc1ccc(-n2nc(C(=O)Nc3ccc(C(C)=O)cc3)cc2-c2cccnc2)cc1,-5.81645,1
COc1ccc(-n2nc(C(=O)Nc3cccc(OC)c3)c3ccccc3c2=O)cc1,-5.67768,1
COc1ccc(-n2nc(C(=O)Nc3ccccc3OC)c3ccccc3c2=O)cc1,-2.75097,1
COc1ccc(-n2nc(C)c3c2NC(=O)C[C@@H]3C(=O)c2ccc3c(c2)OCO3)cc1,-4.89697,1
COc1ccc(-n2nc(C)c3c2NC(=O)C[C@H]3C(=O)c2ccc(F)c(OC)c2)cc1,-4.58592,1
COc1ccc(-n2nc(C)c3c2NC(=O)C[C@H]3C(=O)c2ccc3c(c2)OCO3)cc1,-4.913,1
COc1ccc(-n2nc(N3CCC(C(=O)NCc4cccc(F)c4)CC3)ccc2=O)cc1,-6.2399,1
COc1ccc(-n2ncc3c(Nc4ccc(Cl)cc4)ncnc32)cc1,-5.27565,1
COc1ccc(-n2ncc3c2ncn2nc(-c4ccccc4)nc32)cc1,-5.19537,1
COc1ccc(-n2ncc3c2ncn2nc(-c4ccccc4Cl)nc32)cc1,-5.5623,1
COc1ccc(-n2nnc(-c3nc(-c4ccc(C)cc4)no3)c2N)cc1,-4.66756,1
COc1ccc(-n2nnc(-c3nc(-c4ccccc4C)no3)c2N)cc1,-6.36774,1
COc1ccc(-n2nnc(C(=O)Nc3ccc(C(=O)[O-])cc3)c2C)cc1,-4.96076,1
COc1ccc(-n2nnc(C(=O)Nc3ccc(F)c(Cl)c3)c2C)cc1,-4.9538,1
COc1ccc(-n2nnc(C(=O)OCc3cccc(C)c3)c2C)cc1,-5.32425,1
COc1ccc(-n2nnc(C(=O)OCc3cccc(F)c3)c2C)cc1,-6.57296,1
COc1ccc(-n2nnc(C(=O)OCc3cccc(OC)c3)c2C)cc1,-5.79781,1
COc1ccc(-n2nnc(C(=O)OCc3ccccc3)c2C)cc1,-5.96619,1
COc1ccc(-n2nnc(C(=O)OCc3ccccc3Cl)c2C)cc1,-6.31762,1
COc1ccc(-n2nnc(C(=O)OCc3nc(-c4ccc(Cl)cc4)oc3C)c2C)cc1,-6.18721,1
COc1ccc(-n2nnc(C(=O)OCc3nc(-c4ccccc4C)oc3C)c2C)cc1,-5.58179,1
COc1ccc(-n2nnc3c(N4CCN(C(=O)c5ccco5)CC4)nc[nH+]c32)cc1,-3.56772,1
COc1ccc(-n2nnc3c(N4CCN(S(=O)(=O)c5cc(F)ccc5F)CC4)ncnc32)cc1,-3.75331,1
COc1ccc(-n2nnc3c(N4CCN(S(=O)(=O)c5ccc(F)cc5F)CC4)[nH+]cnc32)cc1,-2.21719,1
COc1ccc(-n2nnc3c(sc4nc(C)c(C)cc43)c2=O)cc1,-4.78424,1
COc1ccc(-n2nnnc2C2CCN(S(=O)(=O)c3ccc(NC(C)=O)cc3)CC2)cc1,-1.86446,1
COc1ccc(-n2nnnc2SCc2ccc(C(=O)[O-])cc2)cc1,-5.96037,1
COc1ccc(/C([O-])=C/C=N/c2ccc(S(=O)(=O)[N-]c3onc(C)c3C)cc2)cc1,-3.62886,1
COc1ccc(/C=C(\C#N)c2nn(CCO)c(N)c2C#N)cc1,-6.61795,1
COc1ccc(/C=C/c2ccc3cccc(O)c3[nH+]2)cc1O,-4.24467,1
COc1ccc(/C=C/c2ccc3cccc(O)c3n2)cc1O,-6.38025,1
COc1ccc(/C=C/c2ccc3cccc(OC(C)=O)c3n2)cc1OC(C)=O,-2.16995,1
COc1ccc(/C=C/c2ccc3cccc([O-])c3n2)cc1O,-4.58913,1
COc1ccc(/C=C/c2nc(C#N)c(N3CCC(C(N)=O)CC3)o2)cc1OC,-5.52434,1
COc1ccc(/C=C/c2nn3c(-c4ccco4)nnc3s2)cc1,-5.23402,1
COc1ccc(/C=N/N=C2/NC(=O)C[C@@H](C(=O)Nc3ccc(Cl)c(Cl)c3)S2)cc1,-5.43541,1
COc1ccc(/C=N/N=C2\SCC(=O)N2Cc2ccc(OC)cc2)cc1,-6.09307,1
COc1ccc(/C=N/NC(=O)CCC(=O)Nc2ccc(I)cc2)cc1,-5.38948,1
COc1ccc(/C=N/NC(=O)CCC(=O)Nc2cccc(Cl)c2C)cc1,-5.32285,1
COc1ccc(/C=N/NC(=O)CCC(=O)Nc2ccccc2Br)cc1,-5.35259,1
COc1ccc(/C=N/NC(=O)CCCC(=O)N/N=C/c2ccc(OC)cc2)cc1,-5.84769,1
COc1ccc(/C=N/NC(=O)CNC(=O)c2ccc(F)cc2)cc1,-5.10774,1
COc1ccc(/C=N/NC(=O)CNC(=O)c2ccco2)cc1OC,-5.97916,1
COc1ccc(/C=N/NC(=O)CNc2cccc3ccccc23)cc1,-5.1478,1
COc1ccc(/C=N/NC(=O)COc2ccc(Cl)cc2Cl)cc1,-4.90931,1
COc1ccc(/C=N/NC(=O)COc2ccc(OC)cc2)cc1,-6.18574,1
COc1ccc(/C=N/NC(=O)COc2ccccc2Br)cc1,-5.79685,1
COc1ccc(/C=N/NC(=O)CSCc2ccc(Cl)cc2)cc1,-4.86182,1
COc1ccc(/C=N/NC(=O)CSCc2ccccc2C)cc1,-6.3738,1
COc1ccc(/C=N/NC(=O)CSc2ncccn2)cc1,-5.27651,1
COc1ccc(/C=N/NC(=O)Cc2c(C)n[nH]c2[O-])cc1,-4.26501,1
COc1ccc(/C=N/NC(=O)c2cc(-c3ccc(C)o3)n[nH]2)cc1,-5.10314,1
COc1ccc(/C=N/NC(=O)c2cc(Br)ccc2OCc2ccccc2)cc1,-5.16304,1
COc1ccc(/C=N/NC(=O)c2cc(C)[nH+]c3ccccc23)cc1,-2.44054,1
COc1ccc(/C=N/NC(=O)c2cc(C)[nH]n2)cc1,-5.58502,1
COc1ccc(/C=N/NC(=O)c2cc(C)nc3ccccc23)cc1,-5.37126,1
COc1ccc(/C=N/NC(=O)c2ccncc2)cc1O,-6.47531,1
COc1ccc(/C=N/Nc2nc(Nc3cccc(Br)c3)nc(N3CCOCC3)n2)cc1,-4.91591,1
COc1ccc(/C=N/Nc2nc(OC)nc(N3CCOCC3)n2)cc1,-5.76036,1
COc1ccc(/C=N\NC(=O)/C=C(/[O-])Nc2cccc(Cl)c2)cc1,-5.01583,1
COc1ccc(/C=N\NC(=O)CC(=O)Nc2cccc(Cl)c2)cc1,-6.98007,1
COc1ccc(/C=N\NC(=O)CC(=O)Nc2cccc(Cl)c2)cc1OC,-4.66714,1
COc1ccc(/C=c2\sc3n(c2=O)CN(c2ccccc2)CN=3)cc1,-5.2952,1
COc1ccc(/C=c2\sc3nc(-c4cc(OC)c(OC)c(OC)c4)nn3c2=O)cc1,-5.19138,1
COc1ccc(/C=c2\sc3nc(-c4ccco4)nn3c2=O)cc1,-6.92528,1
COc1ccc(/C=c2\sc3nc(-c4cccs4)nn3c2=O)cc1,-6.56968,1
COc1ccc(/C=c2\sc3nnc(-c4cc(OC)c(OC)c(OC)c4)n3c2=O)cc1,-6.45861,1
COc1ccc(/C=c2\sc3nnc(-c4ccc(Cl)cc4)n3c2=O)cc1,-6.94771,1
COc1ccc(/C=c2\sc3nnc(-c4ccccc4Br)n3c2=O)cc1,-6.61499,1
COc1ccc(/C=c2\sc3nnc(-c4ccccc4Cl)n3c2=O)cc1,-6.89456,1
COc1ccc(/N=C2\C(=O)N(C[N@H+]3CC[C@H](C)CC3)c3ccccc32)cc1,-4.94114,1
COc1ccc(/N=C2\S[C@@H](C(=O)Nc3ccc(C(=O)[O-])cc3)CC(=O)N2Cc2ccccc2)cc1,-4.66745,1
COc1ccc(/N=C2\S[C@@H](C(=O)Nc3ccc(OC)cc3)CC(=O)N2CCc2ccccc2)cc1,-3.85467,1
COc1ccc(/N=C2\S[C@H](C(=O)Nc3ccc(C(=O)[O-])cc3)CC(=O)N2Cc2ccccc2)cc1,-2.30425,1
COc1ccc(/N=C2\S[C@H](C(=O)Nc3ccc(C(=O)[O-])cc3)CC(=O)N2Cc2cccs2)cc1,-4.27006,1
COc1ccc(Br)cc1C(=O)Nc1cccc(-c2nc3ncccc3o2)c1,-4.12749,1
COc1ccc(C(=O)/[NH+]=C(/NCc2c(C)nn(C)c2C)Nc2ccc(OC)c(OC)c2)cc1,-0.911784,1
COc1ccc(C(=O)/[NH+]=C(/NCc2ccncc2)Nc2cccc(C)c2)cc1,-4.62148,1
COc1ccc(C(=O)/[NH+]=C(\NCCc2c[nH]c3ccccc23)Nc2ccc(OC)c(OC)c2)cc1,-3.50136,1
COc1ccc(C(=O)/[NH+]=C(\NCCc2c[nH]c3ccccc23)Nc2cccc(F)c2)cc1,-5.71403,1
COc1ccc(C(=O)/[NH+]=C(\NCc2c(C)nn(C)c2C)Nc2cc(C)ccc2C)cc1,-5.72824,1
COc1ccc(C(=O)/[NH+]=C(\NCc2c(C)nn(C)c2C)Nc2ccc(OC)c(OC)c2)cc1,-4.8156,1
COc1ccc(C(=O)/[NH+]=C(\NCc2ccncc2)Nc2ccc(C)cc2)cc1,-4.93749,1
COc1ccc(C(=O)/[NH+]=C(\NCc2ccncc2)Nc2ccc(OC)c(OC)c2)cc1,-5.2969,1
COc1ccc(C(=O)/[NH+]=C(\NCc2ccncc2)Nc2cccc(C)c2)cc1,-5.24747,1
COc1ccc(C(=O)CN2C(=O)COc3ccccc3C2=O)cc1,-5.37724,1
COc1ccc(C(=O)COC(=O)[C@@H](Cc2c[nH]c3ccccc23)NC(=O)c2ccc(Cl)cc2)cc1,-7.58708,1
COc1ccc(C(=O)COC(=O)[C@@H](Cc2c[nH]c3ccccc23)NC(=O)c2ccco2)cc1,-6.77828,1
COc1ccc(C(=O)COC(=O)[C@H](Cc2c[nH]c3ccccc23)NC(=O)c2ccc(Cl)cc2)cc1,-7.41289,1
COc1ccc(C(=O)COC(=O)[C@H](Cc2c[nH]c3ccccc23)NC(=O)c2ccco2)cc1,-5.67115,1
COc1ccc(C(=O)CSc2ccc(-c3cccs3)nn2)cc1,-5.72829,1
COc1ccc(C(=O)CSc2nc(-c3ccco3)ccc2C#N)cc1,-6.05887,1
COc1ccc(C(=O)CSc2nccn(-c3ccc(F)cc3)c2=O)cc1,-5.96916,1
COc1ccc(C(=O)CSc2nnc3c(=O)n(-c4ccc(Br)cc4)ccn23)cc1,-5.33521,1
COc1ccc(C(=O)CSc2nnc3c(=O)n(-c4ccc(F)c(F)c4)ccn23)cc1,-7.42868,1
COc1ccc(C(=O)CSc2nnc3c(=O)n(-c4ccc(F)cc4)ccn23)cc1,-6.35773,1
COc1ccc(C(=O)CSc2nnc3c(=O)n(-c4ccccc4)ccn23)cc1,-6.51005,1
COc1ccc(C(=O)CSc2nnc3c(=O)n(-c4ccccc4OC)ccn23)cc1,-5.51572,1
COc1ccc(C(=O)CSc2nnc3n2CCN3c2ccc(F)cc2)cc1,-5.94707,1
COc1ccc(C(=O)CSc2nnc3n2CCN3c2ccccc2)cc1,-3.59297,1
COc1ccc(C(=O)C[C@@]2(O)C(=O)N(C(C)C)c3ccccc32)cc1,-6.20349,1
COc1ccc(C(=O)C[C@]2(O)C(=O)N(C)c3ccc(Br)cc32)cc1,-6.80213,1
COc1ccc(C(=O)C[C@]2(O)C(=O)N(CC(N)=O)c3ccccc32)cc1,-5.93717,1
COc1ccc(C(=O)N(C)CCc2noc(-c3ccccc3Cl)n2)cc1,-0.729259,1
COc1ccc(C(=O)N/N=C/c2ccc(OCc3ccc([N+](=O)[O-])cc3)cc2)cc1,-5.51888,1
COc1ccc(C(=O)N/N=C/c2ccc3c(c2)OCO3)cc1,-6.25396,1
COc1ccc(C(=O)N2CCC(c3nc(-c4ccc(F)cc4)no3)CC2)cc1,-4.89204,1
COc1ccc(C(=O)N2CCC(c3nc(-c4ccccc4)no3)CC2)cc1,-5.49949,1
COc1ccc(C(=O)N2CCC3(CC2)N=C(c2cccc(OC)c2)C(=O)N3)cc1,-3.93874,1
COc1ccc(C(=O)N2CCC3(CC2)OCCN3S(=O)(=O)c2c(C)cc(C)cc2C)cc1,-3.09704,1
COc1ccc(C(=O)N2CCN(Cc3ccc(Br)cc3)CC2)cc1,-0.155212,1
COc1ccc(C(=O)N2CCN(c3oc(-c4ccco4)nc3S(=O)(=O)c3ccccc3)CC2)cc1,-3.88362,1
COc1ccc(C(=O)N2CC[NH+](Cc3noc(CCC(=O)N4CCC(C)CC4)n3)CC2)cc1,-2.98646,1
COc1ccc(C(=O)N2N=C(c3ccccc3)C[C@@]2(O)C(F)(F)F)cc1,-5.52303,1
COc1ccc(C(=O)NC(=S)N2CCN(c3ccccc3OC)CC2)cc1,-6.05207,1
COc1ccc(C(=O)NCCOc2ccc(-c3ccccc3)nn2)cc1,-4.72822,1
COc1ccc(C(=O)NCCSc2c(C)[nH]c3ccccc23)cc1,-4.79209,1
COc1ccc(C(=O)NCCc2csc3nc(-c4ccccc4C)nn23)cc1,-5.66742,1
COc1ccc(C(=O)NCCc2sc(-c3cccc(C)c3)nc2C)cc1,-2.05297,1
COc1ccc(C(=O)NCCn2c(CCc3ccccc3)nc3cccnc32)cc1,-4.36308,1
COc1ccc(C(=O)NC[C@@H](c2ccc(Cl)cc2)N2CC[NH+](C)CC2)cc1,-4.45945,1
COc1ccc(C(=O)NC[C@@H](c2ccc3c(c2)OCO3)N2CCOCC2)cc1,-5.75626,1
COc1ccc(C(=O)NC[C@@H](c2ccc3c(c2)OCO3)[NH+]2CCOCC2)cc1,-2.72484,1
COc1ccc(C(=O)NC[C@@H](c2ccccc2OC)N(C)C)cc1,-3.75639,1
COc1ccc(C(=O)NC[C@@H](c2ccco2)[NH+]2CCCC2)cc1,-5.16331,1
COc1ccc(C(=O)NC[C@@H](c2ccco2)[NH+]2CCOCC2)cc1,-4.355,1
COc1ccc(C(=O)NC[C@@H](c2cccs2)N2CCCCC2)cc1,-3.24764,1
COc1ccc(C(=O)NC[C@H](c2ccc(Cl)cc2)N2CCN(C)CC2)cc1,-3.94128,1
COc1ccc(C(=O)NC[C@H](c2ccc3c(c2)OCO3)N2CCOCC2)cc1,-1.10798,1
COc1ccc(C(=O)NC[C@H](c2ccco2)N2CCOCC2)cc1,-5.64372,1
COc1ccc(C(=O)NC[C@H](c2ccco2)S(=O)(=O)c2cccs2)cc1,-3.39751,1
COc1ccc(C(=O)NC[C@H](c2ccco2)[NH+]2CCCC2)cc1,-4.83264,1
COc1ccc(C(=O)NCc2c(-c3ccc(C)cc3)nc3n2CCS3)cc1,-6.48721,1
COc1ccc(C(=O)NCc2cc(=O)n3nc(-c4ccc(C)cc4)sc3n2)cc1,-4.68705,1
COc1ccc(C(=O)NCc2cc(=O)n3nc(-c4ccccc4C)sc3n2)cc1,-5.13536,1
COc1ccc(C(=O)NCc2cc(=O)n3nc(-c4ccccc4Cl)sc3n2)cc1,-5.40047,1
COc1ccc(C(=O)NCc2ccc(-c3nn4cnnc4s3)cc2)cc1,-4.94565,1
COc1ccc(C(=O)NCc2ccc(-c3nn4cnnc4s3)cc2)cc1OC,-5.05747,1
COc1ccc(C(=O)NCc2ccc3c(c2)CCN3C(=O)C(C)C)cc1,-6.79242,1
COc1ccc(C(=O)NCc2ccc3c(c2)CCN3C(=O)c2ccc(F)cc2)cc1,-3.98716,1
COc1ccc(C(=O)NCc2ccc3c(c2)CCN3C(=O)c2ccccc2)cc1,-3.94229,1
COc1ccc(C(=O)NCc2nc(-c3ccc(OC)cc3)no2)cc1,-7.60382,1
COc1ccc(C(=O)NCc2nc(-c3cccc(C)c3)no2)cc1,-6.0625,1
COc1ccc(C(=O)NCc2nc(-c3ccccc3OC)no2)cc1,-6.13872,1
COc1ccc(C(=O)NCc2nnc(SCC(=O)N3CCC(C)CC3)o2)cc1,-4.55901,1
COc1ccc(C(=O)NCc2nnc(SCC(=O)N3CCCCC3)o2)cc1,-5.56016,1
COc1ccc(C(=O)NCc2nnc(SCC(=O)N3CCN(c4ccccc4)CC3)o2)cc1,-4.41581,1
COc1ccc(C(=O)NCc2nnc(SCC(=O)N3CCOCC3)o2)cc1,-6.74423,1
COc1ccc(C(=O)NCc2nnc(SCC(=O)Nc3ccc(Br)cc3)o2)cc1,-7.38399,1
COc1ccc(C(=O)NCc2nnc(SCC(=O)Nc3ccc(C)cc3)o2)cc1,-6.41322,1
COc1ccc(C(=O)NCc2nnc(SCC(=O)Nc3ccc(C)cc3C)o2)cc1,-5.43575,1
COc1ccc(C(=O)NCc2nnc(SCC(=O)Nc3ccc(Cl)cc3)o2)cc1,-7.63753,1
COc1ccc(C(=O)NCc2nnc(SCC(=O)Nc3ccc(F)cc3)o2)cc1,-7.49421,1
COc1ccc(C(=O)NCc2nnc(SCC(=O)Nc3ccccc3)n2C2CCCCC2)cc1,-5.62329,1
COc1ccc(C(=O)NCc2nnc(SCC(=O)Nc3ccccc3)o2)cc1,-7.84077,1
COc1ccc(C(=O)NCc2nnnn2-c2ccc(C)c(C)c2)cc1,-6.65903,1
COc1ccc(C(=O)NCc2nnnn2-c2ccccc2)cc1,-6.96179,1
COc1ccc(C(=O)N[C@@H](C)c2nc(-c3ccc(C(C)(C)C)cc3)no2)cc1,-7.01748,1
COc1ccc(C(=O)N[C@@H](C)c2nc(-c3ccc(OC)c(OC)c3)no2)cc1,-3.96013,1
COc1ccc(C(=O)N[C@@H](C)c2nc(-c3cccc(C)c3)no2)cc1,-4.61178,1
COc1ccc(C(=O)N[C@@H](CC(=O)[O-])c2ccc(OC)cc2)cc1,-5.54447,1
COc1ccc(C(=O)N[C@@]2(C(F)(F)F)C(=O)N=C3C2=C([O-])NC(=O)N3c2ccc(F)cc2)cc1,-4.20898,1
COc1ccc(C(=O)N[C@@]2(C(F)(F)F)C(=O)N=C3C2=C([O-])NC(=O)N3c2ccc(OC)cc2)cc1,-4.11589,1
COc1ccc(C(=O)N[C@@]2(C(F)(F)F)C(=O)Nc3c2c(=O)[nH]c(=O)n3-c2ccc(F)cc2)cc1,-5.515,1
COc1ccc(C(=O)N[C@@]2(C(F)(F)F)C(=O)Nc3c2c(=O)[nH]c(=O)n3-c2ccc(OC)cc2)cc1,-5.39512,1
COc1ccc(C(=O)N[C@H](C)[C@H](c2cccs2)N2CCOCC2)cc1,-5.10731,1
COc1ccc(C(=O)N[C@H](C)c2nc(-c3ccc(C(C)(C)C)cc3)no2)cc1,-6.58861,1
COc1ccc(C(=O)N[C@H](C)c2nc(-c3ccc(OC)c(OC)c3)no2)cc1,-6.14129,1
COc1ccc(C(=O)N[C@H](C)c2nc(-c3ccccc3C)no2)cc1,-6.37318,1
COc1ccc(C(=O)N[C@H](CC(=O)[O-])c2ccc(OC)cc2)cc1,-6.50145,1
COc1ccc(C(=O)N[C@]2(C(F)(F)F)C(=O)Nc3c2c(=O)[nH]c(=O)n3-c2ccc(F)cc2)cc1,-5.11782,1
COc1ccc(C(=O)N[C@]2(C(F)(F)F)C(=O)Nc3c2c(=O)[nH]c(=O)n3-c2ccc(OC)cc2)cc1,-5.18164,1
COc1ccc(C(=O)Nc2c(C(=O)N3CCC(C)CC3)oc3ccccc23)cc1,-5.24083,1
COc1ccc(C(=O)Nc2c(C(=O)N3CCN(C)CC3)oc3ccccc23)cc1,-2.5821,1
COc1ccc(C(=O)Nc2c3c(nn2-c2ccc(F)cc2)CS(=O)(=O)C3)cc1,-5.40149,1
COc1ccc(C(=O)Nc2c3c(nn2-c2ccc(OC)cc2)CS(=O)(=O)C3)cc1,-6.11776,1
COc1ccc(C(=O)Nc2c3c(nn2-c2cccc(C)c2C)CS(=O)(=O)C3)cc1,-5.19843,1
COc1ccc(C(=O)Nc2cc(-c3ccc(F)cc3)no2)cc1,-5.40723,1
COc1ccc(C(=O)Nc2cc(C(=O)[O-])ccc2[N@H+]2CC[C@@H](C)CC2)cc1,-4.0721,1
COc1ccc(C(=O)Nc2cc(C(=O)[O-])ccc2[N@H+]2CC[C@H](C)CC2)cc1,-3.72872,1
COc1ccc(C(=O)Nc2cc(C)c3nc(NC(C)=O)sc3c2)cc1,-8.20467,1
COc1ccc(C(=O)Nc2cc(C)nn2-c2ncnc3c2cnn3-c2ccc(C)cc2C)cc1,-5.52327,1
COc1ccc(C(=O)Nc2cc(C)nn2-c2ncnc3c2cnn3-c2cccc(C)c2C)cc1,-5.67907,1
COc1ccc(C(=O)Nc2cc(C)nn2-c2ncnc3c2cnn3-c2cccc(Cl)c2)cc1,-5.00827,1
COc1ccc(C(=O)Nc2cc(NC(=O)COc3ccccc3)ccc2OC)cc1,-3.93922,1
COc1ccc(C(=O)Nc2cc(NC(=O)c3ccccc3OC)ccc2OC)cc1,-0.345314,1
COc1ccc(C(=O)Nc2cc(NC(=O)c3ccco3)ccc2OC)cc1,-5.81614,1
COc1ccc(C(=O)Nc2cc3nn(-c4ccc(F)cc4)nc3cc2C)cc1,-5.24532,1
COc1ccc(C(=O)Nc2ccc(-c3nc4ncccc4o3)cc2)cc1,-7.08141,1
COc1ccc(C(=O)Nc2ccc(-c3nc4ncccc4o3)cc2C)cc1,-6.62694,1
COc1ccc(C(=O)Nc2ccc(-c3nc4ncccc4o3)cc2C)cc1OC,-6.51434,1
COc1ccc(C(=O)Nc2ccc(-n3cnnn3)cc2)cc1,-5.23091,1
COc1ccc(C(=O)Nc2ccc(C(C)=O)cc2)cc1[N+](=O)[O-],-7.39596,1
COc1ccc(C(=O)Nc2ccc(OCc3cc(=O)n4c(ncn4C(C)C)[nH+]3)cc2)cc1,-3.52535,1
COc1ccc(C(=O)Nc2ccc(OCc3cc(=O)n4c(ncn4C(C)C)n3)cc2)cc1,-5.03746,1
COc1ccc(C(=O)Nc2ccc(OCc3cc([O-])n4ncnc4n3)cc2)cc1,-6.95901,1
COc1ccc(C(=O)Nc2ccc3c(c2)[nH+]c(CCNC(=O)c2ccccc2)n3C)cc1,-0.611332,1
COc1ccc(C(=O)Nc2ccc3c(c2)[nH+]c(CCNC(C)=O)n3C)cc1,-0.900642,1
COc1ccc(C(=O)Nc2ccc3c(c2)sc(=O)n3C)cc1,-5.76393,1
COc1ccc(C(=O)Nc2ccc3nc([N-]S(C)(=O)=O)sc3c2)cc1OC,-4.33215,1
COc1ccc(C(=O)Nc2cccc(-c3nc(C)no3)c2)cc1,-5.0538,1
COc1ccc(C(=O)Nc2cccc(-c3noc(C4CC4)n3)c2)cc1OC,-1.72235,1
COc1ccc(C(=O)Nc2cccc(-n3cnnn3)c2)cc1,-3.63509,1
COc1ccc(C(=O)Nc2cccc(OCc3cc(=O)n4nc(C(C)C)sc4n3)c2)cc1,-4.92803,1
COc1ccc(C(=O)Nc2ccccc2-c2nc(-c3cccc(C)c3)no2)cc1,-6.87528,1
COc1ccc(C(=O)Nc2ccccc2-c2nc(C)no2)cc1,-3.83757,1
COc1ccc(C(=O)Nc2ccccc2OCc2cc(=O)n3ccccc3n2)cc1,-7.31048,1
COc1ccc(C(=O)Nc2ccccc2SCc2cc(=O)n3cc(C)sc3n2)cc1,-5.74773,1
COc1ccc(C(=O)Nc2ccccc2SCc2cc(=O)n3ccsc3n2)cc1,-6.35045,1
COc1ccc(C(=O)Nc2ccccc2SCc2cc(=O)n3nc(C(C)C)sc3n2)cc1,-6.1783,1
COc1ccc(C(=O)Nc2cnc3ccccn3c2=O)cc1,-6.53117,1
COc1ccc(C(=O)Nc2cnc3sc(C)nn3c2=O)cc1,-6.39982,1
COc1ccc(C(=O)Nc2nc(-c3ccc(C)cc3)ns2)cc1,-2.21802,1
COc1ccc(C(=O)Nc2nc(-c3ccc(F)cc3)ns2)cc1,-6.37992,1
COc1ccc(C(=O)Nc2nc(-c3ccc(OC)cc3)ns2)cc1,-6.23176,1
COc1ccc(C(=O)Nc2nc(-c3ccc([N+](=O)[O-])cc3)cs2)cc1,-6.12899,1
COc1ccc(C(=O)Nc2nc(-c3ccc4c(c3)NC(=O)CO4)c(C)s2)cc1OC,-3.08737,1
COc1ccc(C(=O)Nc2nc(-c3ccc4c(c3)NC(=O)[C@@H](C)O4)cs2)cc1OC,-0.261383,1
COc1ccc(C(=O)Nc2nc(-c3ccc4c(c3)NC(=O)[C@H](C)O4)cs2)cc1OC,-1.16358,1
COc1ccc(C(=O)Nc2nc(CC(=O)NCc3cccc(OC)c3)cs2)cc1,-4.7517,1
COc1ccc(C(=O)Nc2nc(CC(=O)N[C@@H](C)c3ccccc3)cs2)cc1,-6.43191,1
COc1ccc(C(=O)Nc2nc(CC(=O)N[C@H](C)c3ccccc3)cs2)cc1,-4.99763,1
COc1ccc(C(=O)Nc2nc(CC(=O)Nc3ccc(C)c(Cl)c3)cs2)cc1,-5.28723,1
COc1ccc(C(=O)Nc2nc(CC(=O)Nc3ccc(Cl)c(Cl)c3)cs2)cc1,-3.09733,1
COc1ccc(C(=O)Nc2nc(CC(=O)Nc3ccc(OC)cc3OC)cs2)cc1,-4.5759,1
COc1ccc(C(=O)Nc2nc(CC(=O)Nc3cccc(Cl)c3)cs2)cc1,-5.90252,1
COc1ccc(C(=O)Nc2nc3[nH]c(C)c(C)c(=O)n3n2)cc1,-4.61158,1
COc1ccc(C(=O)Nc2nc3nc(C)c(C)c([O-])n3n2)cc1,-6.47859,1
COc1ccc(C(=O)Nc2nnc(CC(=O)N/N=C/c3ccccc3OC)s2)cc1,-4.78401,1
COc1ccc(C(=O)Nc2nnc(SCc3cc(=O)c4c(C)cc(C)cc4[nH]3)s2)cc1,-5.29862,1
COc1ccc(C(=O)Nc2nonc2-c2ccc(Br)cc2)cc1,-6.74457,1
COc1ccc(C(=O)Nc2nonc2-c2ccc(C)c(C)c2)cc1,-6.65385,1
COc1ccc(C(=O)Nc2nonc2-c2ccc(C)cc2)cc1,-6.37349,1
COc1ccc(C(=O)Nc2nonc2-c2ccc(OC)c(C)c2)cc1,-6.97955,1
COc1ccc(C(=O)Nc2nonc2-c2ccc(OC)c(OC)c2)cc1,-5.4128,1
COc1ccc(C(=O)Nc2onc3c2C[C@@H](C)CC3)cc1,-5.29144,1
COc1ccc(C(=O)Nn2c(-c3ccc(Br)cc3)nc3ccccc3c2=O)cc1,-5.9547,1
COc1ccc(C(=O)Nn2c(SCC(=O)c3ccc(F)cc3)nc3ccccc3c2=O)cc1,-6.53923,1
COc1ccc(C(=O)Nn2c(SCc3cccc(F)c3)nc3ccccc3c2=O)cc1,-6.35924,1
COc1ccc(C(=O)Nn2c(SCc3cccnc3)nc3ccccc3c2=O)cc1,-6.34036,1
COc1ccc(C(=O)OCc2cc(=O)n3c(C)csc3n2)cc1,-5.39474,1
COc1ccc(C(=O)OCc2cc(=O)n3c4c(sc3n2)CCCC4)cc1,-6.5786,1
COc1ccc(C(=O)OCc2cc(=O)n3ccsc3n2)cc1,-6.76602,1
COc1ccc(C(=O)OCc2cc(=O)n3nc(C)sc3n2)cc1,-6.37725,1
COc1ccc(C(=O)Oc2c(S(=O)(=O)c3ccccc3)c(C)nn2-c2ccccc2)cc1,-5.14386,1
COc1ccc(C(=O)Oc2ccc(/C=N/NC(=O)c3cccc(Br)c3)cc2[N+](=O)[O-])cc1,-3.634,1
COc1ccc(C(=O)Oc2cccc(-n3cnnn3)c2)cc1,-3.94032,1
COc1ccc(C(=O)Oc2cccc([C@H]3SC(NC(C)=O)=NN3C(C)=O)c2)cc1,-0.16783,1
COc1ccc(C(=O)c2cnc3ccc(F)cc3c2N2CCN(c3ccccc3)CC2)cc1,-6.62901,1
COc1ccc(C(=O)c2cnc3ccc(F)cc3c2S(=O)(=O)c2ccc(F)cc2)cc1,-6.66482,1
COc1ccc(C(=O)c2cnc3ccccc3c2S(=O)(=O)c2ccc(Cl)cc2)cc1,-6.5204,1
COc1ccc(C(=O)c2oc3cc(NC(=O)c4ccco4)ccc3c2C)cc1,-7.50578,1
COc1ccc(C(=O)c2oc3ccccc3c2NC(=O)CC(C)C)cc1,-4.65453,1
COc1ccc(C(=O)c2oc3ccccc3c2NC(=O)c2cc(OC)c(OC)c(OC)c2)cc1,-4.83516,1
COc1ccc(C(=O)c2sc(Nc3ccc(F)c(Cl)c3)nc2N)cc1,-6.86471,1
COc1ccc(C(=O)c2sc(Nc3cccc(F)c3)nc2N)cc1,-7.16596,1
COc1ccc(C(=O)n2nc(-c3ccco3)nc2NCc2ccc(C(C)C)cc2)cc1,-4.13224,1
COc1ccc(C)cc1-n1ccnc1SCC(=O)Nc1ccc(C(C)=O)cc1,-6.63651,1
COc1ccc(C)cc1-n1nnc(-c2nc(-c3ccncc3)no2)c1N,-4.61177,1
COc1ccc(C)cc1N/C(NCc1ccncc1)=[NH+]/C(=O)c1ccc(OC)c(OC)c1,-4.60884,1
COc1ccc(C)cc1NC(=O)CCS(=O)(=O)c1ccc2c(c1)NC(=O)CS2,-6.83936,1
COc1ccc(C)cc1NC(=O)CN(C)S(=O)(=O)c1cc2c(cc1C)NC(=O)[C@H](C)O2,-5.94826,1
COc1ccc(C)cc1NC(=O)Cc1ccc2nc(NC(C)=O)sc2c1,-7.34447,1
COc1ccc(C)cc1NS(=O)(=O)c1cc(-c2ccc(=O)[nH]n2)ccc1C,-7.06069,1
COc1ccc(C)cc1[N-]S(=O)(=O)c1ccc(-c2cc(C)no2)s1,-5.1138,1
COc1ccc(C/N=C2\OC(c3ccccc3)=N[C@@H]2S(=O)(=O)c2ccc(F)cc2)cc1,-1.88859,1
COc1ccc(C/N=C2\OC(c3ccccc3)=N[C@H]2S(=O)(=O)c2ccc(F)cc2)cc1,-4.0435,1
COc1ccc(C2=C(C)C(N3CCC(C(=O)NC[C@@H](C)c4ccccc4)CC3)=NS2(=O)=O)cc1,-1.68265,1
COc1ccc(C2=C(C)C(N3CCC(C(=O)NCc4ccccc4)CC3)=NS2(=O)=O)cc1,-4.51595,1
COc1ccc(C2=C(C)C(N3CCC(C(=O)NCc4ccccc4Cl)CC3)=NS2(=O)=O)cc1,-2.56957,1
COc1ccc(C2=C(C)C(N3CCC(C(=O)N[C@@H](C)c4ccccc4)CC3)=NS2(=O)=O)cc1,-4.13867,1
COc1ccc(C2=C(C)C(N3CC[NH+](Cc4ccc5c(c4)OCO5)CC3)=NS2(=O)=O)cc1,-4.11951,1
COc1ccc(C2=C(C)C(Nc3ccc(Br)c(C)c3)=NS2(=O)=O)cc1,-4.40231,1
COc1ccc(C2=C[C@@H](c3c(F)cccc3Cl)n3ncnc3N2)cc1,-5.85833,1
COc1ccc(C2=C[C@@H](c3c(F)cccc3Cl)n3nnnc3N2)cc1,-5.69424,1
COc1ccc(C2=C[C@@H](c3ccc(C)cc3)n3nnnc3N2)cc1,-6.26038,1
COc1ccc(C2=C[C@@H](c3ccc(Cl)cc3)n3nc(CCCO)nc3N2)cc1,-7.36453,1
COc1ccc(C2=C[C@@H](c3ccc(F)cc3)n3ncnc3N2)cc1,-5.75801,1
COc1ccc(C2=C[C@@H](c3ccc(OC)c(OC)c3OC)n3nnnc3N2)cc1,-5.57768,1
COc1ccc(C2=C[C@@H](c3cccc(Br)c3)n3ncnc3N2)cc1,-4.59794,1
COc1ccc(C2=C[C@H](c3c(F)cccc3Cl)n3ncnc3N2)cc1,-6.45987,1
COc1ccc(C2=C[C@H](c3c(F)cccc3Cl)n3nnnc3N2)cc1,-6.92228,1
COc1ccc(C2=C[C@H](c3cc(Br)ccc3OC(F)F)n3ncnc3N2)cc1,-6.45638,1
COc1ccc(C2=C[C@H](c3cc(Cl)ccc3OC(F)F)n3ncnc3N2)cc1,-5.87528,1
COc1ccc(C2=C[C@H](c3ccc(C)cc3)n3nnnc3N2)cc1,-7.33251,1
COc1ccc(C2=C[C@H](c3ccc(Cl)cc3)n3nnnc3N2)cc1,-7.33041,1
COc1ccc(C2=C[C@H](c3ccc(OC)cc3OC)n3ncnc3N2)cc1,-6.59811,1
COc1ccc(C2=C[C@H](c3cccc(Br)c3)n3ncnc3N2)cc1,-6.90122,1
COc1ccc(C2=C[C@H](c3cccc(Br)c3)n3nnnc3N2)cc1,-5.92168,1
COc1ccc(C2=C[C@H](c3cccc(OC)c3OC)n3ncnc3N2)cc1,-6.55875,1
COc1ccc(C2=C[C@H](c3ccccc3)n3nnnc3N2)cc1,-7.61323,1
COc1ccc(C2=C[C@H](c3ccccc3F)n3nnnc3N2)cc1,-7.32875,1
COc1ccc(C2=C[C@H](c3ccccc3OC(F)F)n3ncnc3N2)cc1,-7.52172,1
COc1ccc(C2=NN(C(=O)CCC(=O)[O-])[C@H](c3ccc(Cl)cc3)C2)cc1OC,-3.85568,1
COc1ccc(C2=NN(C(=O)CCC(=O)[O-])[C@H](c3ccc(OC)c(OC)c3)C2)cc1OC,-3.86213,1
COc1ccc(C2=NN(C(=O)CCC(=O)[O-])[C@H](c3cccc([N+](=O)[O-])c3)C2)cc1,-3.85722,1
COc1ccc(C2=NN(C(=O)[C@H](O)c3ccccc3)[C@](O)(C(F)(F)F)C2)cc1,-5.04433,1
COc1ccc(C2=NN(C(=O)[C@H](O)c3ccccc3)[C@]([O-])(C(F)(F)F)C2)cc1,-3.99137,1
COc1ccc(C2=NN(C(C)=O)[C@H](c3ccccc3[N+](=O)[O-])O2)cc1,-5.36775,1
COc1ccc(C2=NN(CC(=O)N[C@@H]3CCCC[C@@H]3C)C(=O)CC2)cc1,-6.03185,1
COc1ccc(C2=NN3[C@H](C2)c2cccc(OC)c2O[C@H]3c2ccc(OC)cc2)cc1,-6.11766,1
COc1ccc(C2=NO[C@@H](C(=O)N3CCOCC3)C2)cc1,-6.34778,1
COc1ccc(C2=NO[C@@H](C(=O)Nc3cc(OC)c(OC)c(OC)c3)C2)cc1,-5.58362,1
COc1ccc(C2=NO[C@@H](C(=O)Nc3ccc(C#N)cc3)C2)cc1,-7.14605,1
COc1ccc(C2=NO[C@@H](C(=O)Nc3ccc(C(C)=O)cc3)C2)cc1,-6.87259,1
COc1ccc(C2=NO[C@@H](C(=O)Nc3ccc(C)cc3)C2)cc1,-6.12981,1
COc1ccc(C2=NO[C@H](C(=O)N3CCC(C)CC3)C2)cc1,-5.3875,1
COc1ccc(C2=NO[C@H](C(=O)NCCc3ccc(OC)c(OC)c3)C2)cc1,-5.17652,1
COc1ccc(C2=NO[C@H](C(=O)Nc3cc(OC)c(OC)c(OC)c3)C2)cc1,-5.3535,1
COc1ccc(C2=NO[C@H](C(=O)Nc3ccc(C#N)cc3)C2)cc1,-7.33523,1
COc1ccc(C2=NO[C@H](C(=O)Nc3ccc(C(C)=O)cc3)C2)cc1,-6.2971,1
COc1ccc(C2=NO[C@H](C(=O)Nc3ccc(C)cc3)C2)cc1,-6.88824,1
COc1ccc(C2=NO[C@H](C(=O)Nc3ccc(OC(F)(F)F)cc3)C2)cc1,-5.41034,1
COc1ccc(C2=NO[C@H](C(=O)Nc3ccc(OC(F)(F)F)cc3)C2)cc1OC,-5.17755,1
COc1ccc(C2=N[C@]3(CC[N@@H+](Cc4cccc(F)c4)CC3)NC2=O)cc1,-5.45608,1
COc1ccc(C2=N[C@]3(CC[N@H+](C)CC3)N=C2SCC(=O)Nc2cc(F)ccc2F)cc1,-4.2251,1
COc1ccc(C2=Nc3ccccc3N(CC(=O)Nc3ccccc3F)C(O)=C2)cc1,-3.23458,1
COc1ccc(C2=Nn3c(nnc3-c3ccc(Cl)cc3)SC2)cc1,-5.90264,1
COc1ccc(C2CC(=O)C(=CNCCN3CCN(C(C)=O)CC3)C(=O)C2)cc1,-5.98772,1
COc1ccc(C2CC(=O)N(c3cccc(OC)c3)C(=O)C2)cc1,-6.91775,1
COc1ccc(CC(=O)N(Cc2nc(-c3ccc(C)cc3)no2)C(C)C)cc1,-6.52636,1
COc1ccc(CC(=O)N(Cc2nc3[nH]c(C)cc(=O)n3n2)c2ccc(F)cc2)cc1,-5.49314,1
COc1ccc(CC(=O)N(Cc2nc3[nH]c(C)cc(=O)n3n2)c2cccc(C)c2)cc1,-4.29739,1
COc1ccc(CC(=O)N(Cc2nc3nc(C)cc([O-])n3n2)c2cccc(C)c2)cc1,-3.84009,1
COc1ccc(CC(=O)N2CCN(S(=O)(=O)c3ccc4c(c3)NC(=O)[C@H](C)O4)CC2)cc1,-5.25511,1
COc1ccc(CC(=O)N2N=C(CCC(C)C)C[C@]2([O-])C(F)(F)F)cc1,-4.17044,1
COc1ccc(CC(=O)NCCn2c(CCc3ccccc3)nc3cccnc32)cc1,-2.44601,1
COc1ccc(CC(=O)NC[C@@H](c2ccc3c(c2)OCO3)[NH+]2CCN(c3ccc(F)cc3)CC2)cc1,0.106869,1
COc1ccc(CC(=O)NC[C@H](c2ccc3c(c2)OCO3)N2CCN(c3ccccc3)CC2)cc1,-3.45198,1
COc1ccc(CC(=O)NCc2csc(-c3ccc(C)cc3)n2)cc1,-5.43208,1
COc1ccc(CC(=O)NCc2nc(-c3ccc(Cl)cc3)no2)cc1,-5.25641,1
COc1ccc(CC(=O)Nc2c(C(=O)N3CCC([NH+]4CCCCC4)CC3)oc3ccccc23)cc1,-6.37265,1
COc1ccc(CC(=O)Nc2c(C(=O)N3CCN(C)CC3)oc3ccccc23)cc1,-4.04101,1
COc1ccc(CC(=O)Nc2cc(N3CCCS3(=O)=O)ccc2C)cc1,-5.98445,1
COc1ccc(CC(=O)Nc2ccc3c(c2)N(S(=O)(=O)c2ccccc2)CCC3)cc1,-4.16288,1
COc1ccc(CC(=O)Nc2nc(-c3ccc(C)cc3)ns2)cc1,-4.56223,1
COc1ccc(CC(=O)Nc2nc3c(s2)CCCC3)cc1,-6.66666,1
COc1ccc(CC(=O)Nc2nonc2-c2ccc(Br)cc2)cc1,-4.65882,1
COc1ccc(CC(=O)Nc2nonc2-c2ccc(C)c(C)c2)cc1,-6.51091,1
COc1ccc(CC(=O)Nc2nonc2-c2ccc(OCC(C)C)cc2)cc1,-6.06262,1
COc1ccc(CC(=O)Nn2c(-c3ccccc3)nc3ccccc3c2=O)cc1,-5.73136,1
COc1ccc(CC(=O)Oc2c(S(=O)(=O)c3ccc(C)cc3)c(C)nn2-c2ccccc2)cc1,-6.50885,1
COc1ccc(CC/N=C2\OC(c3ccccc3)=N[C@@H]2S(=O)(=O)c2ccc(F)cc2)cc1,-2.39631,1
COc1ccc(CC/N=C2\OC(c3ccccc3)=N[C@@H]2S(=O)(=O)c2ccccc2)cc1,-3.19184,1
COc1ccc(CCC(=O)N2CCN(c3ccc(-c4noc(C)n4)cc3)CC2)cc1,-4.02138,1
COc1ccc(CCC(=O)NCCc2csc(-c3cccc(C)c3)n2)cc1,-4.90695,1
COc1ccc(CCC(=O)NCc2ccc3c(c2)CCN3C(C)=O)cc1,-4.54718,1
COc1ccc(CCC(=O)Nc2c(C(=O)N3CCN(c4cccc[nH+]4)CC3)oc3ccccc23)cc1,-7.02308,1
COc1ccc(CCC(=O)Nc2nnc([C@@H]3CC(=O)N(c4ccccc4C)C3)s2)cc1,-6.26897,1
COc1ccc(CCC(=O)Nc2nnc([C@H]3CC(=O)N(c4cc(C)cc(C)c4)C3)s2)cc1,-4.07439,1
COc1ccc(CCC(=O)Nc2nnc([C@H]3CC(=O)N(c4ccc(C)c(C)c4)C3)s2)cc1,-6.89597,1
COc1ccc(CCC(=O)Nc2nnc([C@H]3CC(=O)N(c4ccc(C)cc4)C3)s2)cc1,-4.90803,1
COc1ccc(CCC(=O)Nc2nnc([C@H]3CC(=O)N(c4ccccc4C)C3)s2)cc1,-3.93202,1
COc1ccc(CCC(=O)[N-]c2nnc([C@@H]3CC(=O)N(c4ccc(C)cc4)C3)s2)cc1,-6.6345,1
COc1ccc(CCC(=O)[N-]c2nnc([C@@H]3CC(=O)N(c4ccccc4)C3)s2)cc1,-2.80887,1
COc1ccc(CCC(=O)[N-]c2nnc([C@H]3CC(=O)N(c4cc(C)cc(C)c4)C3)s2)cc1,-3.76741,1
COc1ccc(CCN(C)[C@H]2CC(=O)N(c3ccccc3)C2=O)cc1OC,-3.936,1
COc1ccc(CCN2C(=O)[C@@H](Oc3ccccc3C)[C@H]2c2ccc3c(c2)OCO3)cc1,-5.311,1
COc1ccc(CCN2C(=O)[C@H](Oc3ccccc3)[C@H]2c2ccc3c(c2)OCO3)cc1,-5.24797,1
COc1ccc(CCN2C(=O)[C@H](Oc3ccccc3C)[C@H]2c2ccc3c(c2)OCO3)cc1,-6.51069,1
COc1ccc(CCN2C(=O)c3[nH]nc(-c4ccccc4O)c3[C@H]2c2ccc(C)cc2)cc1,-5.10983,1
COc1ccc(CCN2C(=O)c3[nH]nc(-c4ccccc4O)c3[C@H]2c2ccccc2F)cc1,-5.15564,1
COc1ccc(CCN2C(=O)c3cc4ccccc4n3C[C@]2(C)C(=O)NCc2ccccc2)c(OC)c1,-4.38503,1
COc1ccc(CCN2C(=S)N(c3ccccc3)C(=O)[C@H]2CC(=O)Nc2ccc(Cl)cc2)cc1,-5.19104,1
COc1ccc(CCN2CNC(NS(=O)(=O)c3ccc(NC(C)=O)cc3)=[NH+]C2)cc1OC,-4.37958,1
COc1ccc(CCNC(=O)CCCSc2nc(-c3ccco3)cc(C(F)(F)F)n2)cc1,-6.81697,1
COc1ccc(CCNC(=O)CN(c2cc(C(F)(F)F)ccc2Cl)S(C)(=O)=O)cc1,-4.51303,1
COc1ccc(CCNC(=O)Cc2csc(NC(=O)C(C)(C)C)n2)cc1,-3.23778,1
COc1ccc(CCNC(=O)c2cc(-c3cccc(O)c3)on2)cc1OC,-6.7371,1
COc1ccc(CCNC(=O)c2ccc3c(c2)OCO3)cc1,-5.57221,1
COc1ccc(CCNCc2ccc3c(c2)OCO3)cc1OC,-2.39615,1
COc1ccc(CCN[C@@H]2CC(=O)N(c3ccc(Br)cc3)C2=O)cc1,-3.13151,1
COc1ccc(CCN[C@H]2CC(=O)N(c3ccc(Br)cc3)C2=O)cc1,-5.02324,1
COc1ccc(CCNc2ncnc3c2cnn3-c2ccc(C)c(Cl)c2)cc1,-4.4423,1
COc1ccc(CCNc2oc(-c3ccc(F)cc3)nc2S(=O)(=O)c2ccccc2)cc1,-5.33648,1
COc1ccc(CCNc2oc(-c3ccc(S(=O)(=O)N4CCCC4)cc3)nc2C#N)cc1,-6.16778,1
COc1ccc(CCNc2oc(-c3ccc(S(=O)(=O)N4CCOCC4)cc3)nc2C#N)cc1,-5.20036,1
COc1ccc(CCNc2oc(-c3ccccc3)nc2P(=O)(OC)OC)cc1,-5.69268,1
COc1ccc(CCNc2oc(COc3cccc(C)c3)nc2C#N)cc1,-6.32459,1
COc1ccc(CC[N-]c2oc(-c3ccc(S(=O)(=O)N(C)C)cc3)nc2C#N)cc1,-2.75277,1
COc1ccc(CC[N-]c2oc(-c3ccc(S(=O)(=O)N4CCOCC4)cc3)nc2C#N)cc1,-3.14205,1
COc1ccc(CC[N-]c2oc(COc3ccc(C)cc3)nc2C#N)cc1,-3.93954,1
COc1ccc(CC[N-]c2oc(COc3ccc(F)cc3)nc2C#N)cc1,-4.57004,1
COc1ccc(CC[N-]c2oc(COc3ccccc3)nc2C#N)cc1,-3.0243,1
COc1ccc(CC[NH2+]Cc2c(C(=O)[O-])c(C)n(Cc3cccc(C)c3)c2C)c(OC)c1,-6.7472,1
COc1ccc(CC[NH2+]Cc2ccc3c(c2)OCO3)cc1OC,-4.59454,1
COc1ccc(CC[NH2+][C@H]2CC(=O)N(c3ccc(Br)cc3)C2=O)cc1,-4.51435,1
COc1ccc(CC[NH2+][C@H]2CC(=O)N(c3ccc(OC(F)(F)Cl)cc3)C2=O)cc1,-1.81463,1
COc1ccc(CC[NH2+][C@H]2CC(=O)N(c3ccccc3)C2=O)cc1,-6.05875,1
COc1ccc(CN(C(=O)COc2ccc([N+](=O)[O-])cc2)c2ccccn2)cc1OC,-0.637896,1
COc1ccc(CN(C(=O)Nc2ccc(Br)cc2)C2CCN(C(C)=O)CC2)cc1,-4.82641,1
COc1ccc(CN(C(=O)Nc2ccc(Cl)cc2)C2CCN(C(C)=O)CC2)cc1,-5.43254,1
COc1ccc(CN(C(=O)Nc2cccc(Br)c2)C2CCN(C(C)=O)CC2)cc1,-6.64729,1
COc1ccc(CN(C(=O)c2ccc(Br)cc2)[C@@H]2CCS(=O)(=O)C2)cc1,-1.72567,1
COc1ccc(CN(C(=O)c2ccc([N+](=O)[O-])cc2)c2ccccn2)cc1,-2.80934,1
COc1ccc(CN(C(=O)c2cccs2)c2cccc[nH+]2)cc1,-5.31298,1
COc1ccc(CN(C(=O)c2nc(SC)ncc2Cl)[C@@H]2CCS(=O)(=O)C2)cc1,-5.6652,1
COc1ccc(CN(C(C)=O)[C@@H]2CC(=O)N(c3ccc(F)cc3)C2=O)cc1,-5.84052,1
COc1ccc(CN(C)S(=O)(=O)c2nnc(NC(=O)c3ccc(OC)c(OC)c3)s2)cc1,-5.51975,1
COc1ccc(CN(Cc2ccccc2)Cc2cc(=O)n3nc(C(C)(C)C)sc3n2)cc1,-6.80833,1
COc1ccc(CN(Cc2ccco2)C(=O)COc2ccc(Cl)cc2C)cc1,-3.80759,1
COc1ccc(CN(Cc2ccco2)C(=O)COc2ccc(OC)cc2)cc1,-6.76009,1
COc1ccc(CN2C(=O)CC[C@@]2(C)C(=O)NCCC(C)C)cc1,-6.57781,1
COc1ccc(CN2C(=O)N(c3ccc(Cl)cc3)C(=O)[C@H]2CC(=O)Nc2ccccc2)cc1,-7.04072,1
COc1ccc(CN2C(=O)N(c3ccc(F)cc3)C(=O)[C@@H]2CC(=O)Nc2ccc(OC)cc2)cc1,-5.53758,1
COc1ccc(CN2C(=O)N(c3ccc(OC)cc3)C(=O)[C@H]2CC(=O)Nc2ccccc2)cc1,-5.61014,1
COc1ccc(CN2C(=O)N(c3ccccc3)C(=O)[C@H]2CC(=O)Nc2ccc(F)cc2)cc1,-6.89667,1
COc1ccc(CN2C(=O)c3cc(C(C)C)nn3C[C@@]2(C)C(=O)NC2CCCCCCC2)cc1,-5.67608,1
COc1ccc(CN2C(=O)c3cc4ccsc4n3C[C@@]2(C)C(=O)NCc2ccc(F)cc2)cc1,-6.49423,1
COc1ccc(CN2C(=O)c3cc4ccsc4n3C[C@@]2(C)C(=O)NCc2ccccc2)cc1,-6.45935,1
COc1ccc(CN2C(=O)c3cccnc3[C@@H]2Nc2ccc(NC(C)=O)cc2)cc1,-6.44164,1
COc1ccc(CN2CCCN(CC(=O)Nc3ccc(C(C)C)cc3)S2(=O)=O)cc1,-3.47441,1
COc1ccc(CN2CC[NH+](Cc3cc(OC)ccc3OC)CC2)cc1,-5.70224,1
COc1ccc(CN2CNC(=NS(=O)(=O)c3ccc(C)cc3)NC2)cc1,-4.70609,1
COc1ccc(CN2C[C@@H](C(=O)NCCC[NH+]3CCCC3)CC2=O)cc1,-4.6476,1
COc1ccc(CN2C[C@H](C(=O)NCCC[NH+]3CCCC3)CC2=O)cc1,-6.77156,1
COc1ccc(CN2C[C@H](C(=O)NCCC[NH+]3CCN(C)CC3)CC2=O)cc1,-5.38459,1
COc1ccc(CN2C[C@H](C(=O)NCCC[NH+]3CCOCC3)CC2=O)cc1,-5.86287,1
COc1ccc(CNC(=O)C2CCN(C(=O)c3cc4sccc4n3C)CC2)cc1,-3.7763,1
COc1ccc(CNC(=O)C2CCN(S(=O)(=O)c3ccc(-c4cc[nH]n4)o3)CC2)cc1,-5.96252,1
COc1ccc(CNC(=O)C2CCN(S(=O)(=O)c3ccc(-c4ccn[nH]4)o3)CC2)cc1,-3.31727,1
COc1ccc(CNC(=O)CC2CCN(S(=O)(=O)c3ccc(NC(C)=O)cc3)CC2)cc1OC,-6.74751,1
COc1ccc(CNC(=O)CCC(=O)N2CCOc3ccccc32)cc1,-1.2313,1
COc1ccc(CNC(=O)CCC(=O)N2CCSc3ccccc32)cc1,-0.46934,1
COc1ccc(CNC(=O)CCC(=O)N2C[C@@H](C)Sc3ccccc32)cc1,-1.40421,1
COc1ccc(CNC(=O)CCC(=O)N2C[C@H](C)Sc3ccccc32)cc1,-2.64503,1
COc1ccc(CNC(=O)CCCN2C(=O)CCn3nc(-c4cn(C)c5ccccc45)cc32)cc1,-6.69042,1
COc1ccc(CNC(=O)CCCN2C(=O)CSc3c2c(C)nn3-c2ccccc2)cc1,-6.68204,1
COc1ccc(CNC(=O)CCCN2C(=O)c3cccnc3Oc3ccc(C)cc32)cc1,-4.06825,1
COc1ccc(CNC(=O)CCCNS(=O)(=O)c2ccc3c(c2)CCCC(=O)N3)cc1,-7.16362,1
COc1ccc(CNC(=O)CCCc2nc3cccnc3n2Cc2ccc(F)cc2)cc1,-6.24617,1
COc1ccc(CNC(=O)CCNS(=O)(=O)c2ccc3c(c2)CCCC(=O)N3)cc1,-5.2491,1
COc1ccc(CNC(=O)CCNS(=O)(=O)c2ccc3c(c2)C[C@H](C)N3C(C)=O)cc1,-3.97129,1
COc1ccc(CNC(=O)CCc2c(C)nn(-c3ccc4nncn4n3)c2C)cc1,-3.52989,1
COc1ccc(CNC(=O)CCc2ccc3nc(NC(C)=O)sc3c2)cc1,-3.51903,1
COc1ccc(CNC(=O)CCc2cn(C)c3ccccc23)cc1,-5.27933,1
COc1ccc(CNC(=O)CCc2nc(CS(=O)(=O)c3ccc(C)cc3)no2)cc1,-5.06818,1
COc1ccc(CNC(=O)CCc2nnc(C(=O)Nc3cccc(Cl)c3)s2)cc1,-2.87335,1
COc1ccc(CNC(=O)CCc2nnc3ccc(NCc4ccc(F)cc4)nn23)cc1,-4.24186,1
COc1ccc(CNC(=O)CCc2nnc3ccc(NCc4ccccc4)nn23)cc1,-4.8245,1
COc1ccc(CNC(=O)CCn2nc(C)c(S(=O)(=O)N3CCC(C)CC3)c2C)cc1,-5.2101,1
COc1ccc(CNC(=O)CCn2nnc3cc(S(=O)(=O)N(C)C)ccc32)cc1,-3.57771,1
COc1ccc(CNC(=O)CN(C)S(=O)(=O)c2ccc3c(c2)NC(=O)CO3)cc1,-7.45606,1
COc1ccc(CNC(=O)CN(C)c2nn3c(=O)cc(C)nc3s2)cc1,-4.11611,1
COc1ccc(CNC(=O)CN(c2ccc(C(C)C)cc2)S(=O)(=O)c2c(C)n[nH]c2C)cc1,-2.91184,1
COc1ccc(CNC(=O)CN2C(=O)CCn3nc(C)cc32)cc1,-5.44762,1
COc1ccc(CNC(=O)CN2C(=O)CSc3ncccc32)cc1,-6.63538,1
COc1ccc(CNC(=O)CN2N=C(c3ccc(Cl)cc3)CCC2=O)cc1,-6.51106,1
COc1ccc(CNC(=O)CN2N=C(c3ccccc3F)c3cc(Cl)ccc3S2(=O)=O)cc1,-8.14632,1
COc1ccc(CNC(=O)COCc2nnc(C(=O)Nc3cccc(Cl)c3)s2)cc1,-4.54387,1
COc1ccc(CNC(=O)COc2ccc(OC)cc2)cc1,-6.37761,1
COc1ccc(CNC(=O)COc2cccc3c2OC(C)(C)C3)cc1,-6.80146,1
COc1ccc(CNC(=O)CSCc2nnc(C(=O)Nc3ccc(OC)cc3)s2)cc1,-4.86973,1
COc1ccc(CNC(=O)CSc2n[nH]c(-c3ccccc3)n2)cc1,-7.15433,1
COc1ccc(CNC(=O)CSc2nc(-c3ccccc3)n[nH]2)cc1,-5.59033,1
COc1ccc(CNC(=O)CSc2nc(=O)c3c([nH]2)CC[N@H+](Cc2ccc(Cl)cc2)C3)cc1,-3.44959,1
COc1ccc(CNC(=O)CSc2nc3c(c(=O)[nH]2)C[N@@H+](Cc2ccc(Cl)cc2)CC3)cc1,-4.04029,1
COc1ccc(CNC(=O)CSc2ncc(S(=O)(=O)c3cccs3)c(N)n2)cc1,-7.26977,1
COc1ccc(CNC(=O)C[C@@H](C)n2cccn2)cc1,-5.85469,1
COc1ccc(CNC(=O)C[C@@H](c2ccc(F)cc2)N2Cc3ccccc3C2=O)cc1,-4.97451,1
COc1ccc(CNC(=O)C[C@H](C)n2cccn2)cc1,-2.7328,1
COc1ccc(CNC(=O)C[C@H](c2cccc(F)c2)n2cccc2)cc1,-5.2842,1
COc1ccc(CNC(=O)Cc2csc(NC(=O)Nc3ccccc3)n2)cc1,-6.627,1
COc1ccc(CNC(=O)Cc2csc(NC(=O)c3ccco3)n2)cc1,-4.64949,1
COc1ccc(CNC(=O)Cc2csc(NC(C)=O)n2)cc1,-6.35514,1
COc1ccc(CNC(=O)Cn2c(C(=O)c3ccc(Cl)cc3)nc3ccccc32)cc1,-2.54526,1
COc1ccc(CNC(=O)Cn2c3ncccc3c(=O)n2-c2ccc(C)cc2)cc1,-6.79568,1
COc1ccc(CNC(=O)Cn2cc3c(n2)-c2c(oc(C(=O)N4CCOCC4)c2C)CC3)cc1,-5.37546,1
COc1ccc(CNC(=O)N[C@H]2COc3ccc(OC)cc3C2)cc1,-6.10382,1
COc1ccc(CNC(=O)[C@@H](C)N2C(=O)CCn3nc(C)cc32)cc1,-7.45325,1
COc1ccc(CNC(=O)[C@@H](C)Oc2cc(C(F)(F)F)c3c(C)nn(C)c3n2)cc1,-5.67832,1
COc1ccc(CNC(=O)[C@@H](C)n2nc(C)c3ccccc32)cc1,-6.4366,1
COc1ccc(CNC(=O)[C@@H](CCSC)NS(=O)(=O)c2ccc3c(c2)oc(=O)n3C)cc1,-6.62256,1
COc1ccc(CNC(=O)[C@@H]2CCCN(S(=O)(=O)c3cn(C(C)C)cn3)C2)cc1,-4.51463,1
COc1ccc(CNC(=O)[C@@H]2CCN(c3ccc(F)cc3)C2=O)cc1,-5.47204,1
COc1ccc(CNC(=O)[C@@H]2CCN(c3ccc(F)cc3)C2=O)cc1OC,-4.35032,1
COc1ccc(CNC(=O)[C@@H]2CCN(c3ccccc3)C2=O)cc1,-6.36789,1
COc1ccc(CNC(=O)[C@@H]2Cc3ccccc3N2C(C)=O)cc1,-4.10859,1
COc1ccc(CNC(=O)[C@@H]2[C@@H]3C=C[C@@]4(CN(Cc5cccnc5)C(=O)[C@@H]24)O3)cc1,-6.11631,1
COc1ccc(CNC(=O)[C@H](C)N2C(=O)CCn3nc(C)cc32)cc1,-5.89879,1
COc1ccc(CNC(=O)[C@H](C)n2nc(C)c3ccccc32)cc1,-6.59597,1
COc1ccc(CNC(=O)[C@H]2CC(c3cc(OC)c(OC)c(OC)c3)=NO2)cc1,-6.10001,1
COc1ccc(CNC(=O)[C@H]2CCCN(S(=O)(=O)c3c(C)noc3/C=C/c3ccco3)C2)cc1,-3.80249,1
COc1ccc(CNC(=O)[C@H]2CCCN(S(=O)(=O)c3cc(-c4noc(C)n4)ccc3C)C2)cc1,-3.42587,1
COc1ccc(CNC(=O)[C@H]2CCCN(S(=O)(=O)c3cn(C(C)C)cn3)C2)cc1,-6.02387,1
COc1ccc(CNC(=O)[C@H]2CCCN(S(=O)(=O)c3cn(C)cn3)C2)cc1,-5.59119,1
COc1ccc(CNC(=O)[C@H]2CCCN(c3ccnc(-c4ccccc4)n3)C2)cc1,-7.62184,1
COc1ccc(CNC(=O)[C@H]2CCCN(c3nc4ccccc4[nH]3)C2)cc1,-4.21605,1
COc1ccc(CNC(=O)[C@H]2CCN(c3ccc(Cl)cc3)C2=O)cc1,-4.48618,1
COc1ccc(CNC(=O)[C@H]2CCN(c3ccc(F)cc3)C2=O)cc1,-6.89609,1
COc1ccc(CNC(=O)[C@H]2Cc3ccccc3CN2S(=O)(=O)c2ccccc2)cc1,-0.889712,1
COc1ccc(CNC(=O)c2[nH]c(C)c(S(=O)(=O)N3CCOCC3)c2C)cc1,-6.4252,1
COc1ccc(CNC(=O)c2[nH]nnc2Nc2ccc(Cl)cc2)cc1,-1.11952,1
COc1ccc(CNC(=O)c2[nH]nnc2Nc2ccc(OC)cc2)cc1,-2.37571,1
COc1ccc(CNC(=O)c2[nH]nnc2Nc2ccccc2)cc1,-5.27711,1
COc1ccc(CNC(=O)c2c(-c3ccc(Br)s3)noc2C)cc1,-7.62563,1
COc1ccc(CNC(=O)c2c(-c3ccccc3F)noc2C)cc1,-7.42933,1
COc1ccc(CNC(=O)c2c(C)nn(-c3ccc(C)cc3)c2-n2cccc2)cc1,-6.21229,1
COc1ccc(CNC(=O)c2cc(-c3ccc(Cl)cc3)[nH]n2)cc1,-6.32763,1
COc1ccc(CNC(=O)c2cc(-c3ccc(Cl)cc3)n[nH]2)cc1,-4.75873,1
COc1ccc(CNC(=O)c2cc(-c3ccc(Cl)cc3)on2)cc1,-6.77014,1
COc1ccc(CNC(=O)c2cc(-c3ccc(F)cc3)[nH]n2)cc1,-4.42542,1
COc1ccc(CNC(=O)c2cc(-c3ccc(F)cc3)n[nH]2)cc1,-3.68922,1
COc1ccc(CNC(=O)c2cc(-c3ccc(OC)cc3)on2)cc1,-4.62132,1
COc1ccc(CNC(=O)c2cc(-c3cccc(O)c3)on2)cc1,-6.84737,1
COc1ccc(CNC(=O)c2cc(-c3cccc(OC)c3)[nH]n2)cc1,-5.98647,1
COc1ccc(CNC(=O)c2cc(-c3cccc(OC)c3)n[nH]2)cc1,-5.67104,1
COc1ccc(CNC(=O)c2cc(-c3ccccc3)n[nH]2)cc1,-4.14976,1
COc1ccc(CNC(=O)c2cc(-c3cccnc3)on2)cc1,-6.65438,1
COc1ccc(CNC(=O)c2cc(=O)nc3sc(N4CCC[C@@H](C)C4)nn23)cc1,-5.42949,1
COc1ccc(CNC(=O)c2cc(=O)nc3sc(N4CCC[C@H](C)C4)nn23)cc1,-6.87275,1
COc1ccc(CNC(=O)c2cc(C)nc3ccc(Br)cc23)cc1,-3.8271,1
COc1ccc(CNC(=O)c2cc3c(C)nn(-c4ccccc4)c3s2)cc1,-5.18805,1
COc1ccc(CNC(=O)c2cc3c([n-]c2=O)C[C@H](c2ccco2)CC3=O)cc1,-2.51094,1
COc1ccc(CNC(=O)c2cc3c([nH]c2=O)C[C@@H](c2ccco2)CC3=O)cc1,-4.67449,1
COc1ccc(CNC(=O)c2cc3c([nH]c2=O)C[C@H](c2ccccc2)CC3=O)cc1,-4.90705,1
COc1ccc(CNC(=O)c2cc3c([nH]c2=O)C[C@H](c2ccco2)CC3=O)cc1,-6.0847,1
COc1ccc(CNC(=O)c2cc3cc(C)ccc3[nH]2)cc1,-7.14785,1
COc1ccc(CNC(=O)c2cc3cc4cc(OC)ccc4[nH+]c3s2)c(OC)c1,-3.28238,1
COc1ccc(CNC(=O)c2cc3cc4cc(OC)ccc4nc3s2)c(OC)c1,-5.36973,1
COc1ccc(CNC(=O)c2cc3cc4ccc(C)cc4[nH+]c3s2)cc1,-5.13483,1
COc1ccc(CNC(=O)c2cc3cc4ccc(C)cc4nc3s2)cc1,-6.71756,1
COc1ccc(CNC(=O)c2cc3cc4ccc(OC)cc4nc3s2)c(OC)c1,-6.62073,1
COc1ccc(CNC(=O)c2cc3n(n2)C[C@@](C)(C(=O)NC2CCCC2)N(C)C3=O)cc1,-7.01529,1
COc1ccc(CNC(=O)c2cc3n(n2)C[C@](C)(C(=O)NC2CCCC2)N(C)C3=O)cc1,-5.66552,1
COc1ccc(CNC(=O)c2ccc(CNS(=O)(=O)c3ccc(Br)cc3)cc2)cc1,-5.72176,1
COc1ccc(CNC(=O)c2ccc(CNS(=O)(=O)c3ccc(F)cc3)cc2)cc1,-5.32947,1
COc1ccc(CNC(=O)c2ccc(CS(=O)(=O)c3ccccc3OC)o2)cc1,-6.39707,1
COc1ccc(CNC(=O)c2ccc(C[S@@](=O)Cc3ccc(C)cc3)o2)cc1,-7.77148,1
COc1ccc(CNC(=O)c2ccc(C[S@@](=O)c3ccc(Br)cc3)o2)cc1,-5.74256,1
COc1ccc(CNC(=O)c2ccc(C[S@@](=O)c3ccc(OC)cc3)o2)cc1,-6.69363,1
COc1ccc(CNC(=O)c2ccc(C[S@@](=O)c3ccccc3)o2)cc1,-5.794,1
COc1ccc(CNC(=O)c2ccc(C[S@](=O)c3ccc(Br)cc3)o2)cc1,-6.11778,1
COc1ccc(CNC(=O)c2ccc(C[S@](=O)c3ccc(OC)cc3)o2)cc1,-5.1749,1
COc1ccc(CNC(=O)c2ccc(C[S@](=O)c3ccccc3)o2)cc1,-7.15859,1
COc1ccc(CNC(=O)c2ccc(NC(=O)N3CCSc4ncccc43)cc2)cc1,-4.7335,1
COc1ccc(CNC(=O)c2ccc3c(=O)c(S(=O)(=O)c4ccccc4)c([O-])[nH]c3c2)cc1,-6.14071,1
COc1ccc(CNC(=O)c2ccc3c(c2)N(Cc2cc(C)ccc2C)C(=O)CS3)cc1,-7.11338,1
COc1ccc(CNC(=O)c2ccc3c(c2)N(Cc2ccccc2)C(=O)CO3)cc1,-6.55055,1
COc1ccc(CNC(=O)c2ccc3c(c2)nc2n3CCCCC2)cc1,-5.64825,1
COc1ccc(CNC(=O)c2ccc3c(c2)nnn3C)cc1,-6.17628,1
COc1ccc(CNC(=O)c2ccc3nc(C(C)C)oc3c2)cc1,-6.36298,1
COc1ccc(CNC(=O)c2ccc3nc(Cc4ccccc4)oc3c2)cc1,-6.97468,1
COc1ccc(CNC(=O)c2ccc3nc(N4CCOCC4)sc3c2)cc1,-6.64204,1
COc1ccc(CNC(=O)c2cccc(-n3c[nH+]c4cccnc43)c2C)cc1,-2.26675,1
COc1ccc(CNC(=O)c2cccc(-n3cnc4cccnc43)c2C)cc1,-4.30097,1
COc1ccc(CNC(=O)c2cccc(N3C(=O)N[C@H]4C[C@]3(C)Oc3ccccc34)c2)cc1,-5.25138,1
COc1ccc(CNC(=O)c2cccc(N3CCCC3=O)c2)cc1,-7.73249,1
COc1ccc(CNC(=O)c2cccc(NC(=O)N3CCSc4ncccc43)c2)cc1,-5.35759,1
COc1ccc(CNC(=O)c2cccc(Nc3cc(-c4cccc(F)c4)ncn3)c2)cc1,-6.80474,1
COc1ccc(CNC(=O)c2cnc(N3CCN(C)CC3)nc2C)cc1,-5.51562,1
COc1ccc(CNC(=O)c2cnc(N3CC[NH+](C)CC3)nc2C)cc1,-4.25863,1
COc1ccc(CNC(=O)c2cnc(NCc3ccccc3F)nc2C)cc1,-7.91325,1
COc1ccc(CNC(=O)c2cnc3c(C)cccn3c2=O)cc1,-7.32753,1
COc1ccc(CNC(=O)c2cnc3sc(C)c(C)n3c2=O)cc1,-7.2419,1
COc1ccc(CNC(=O)c2cnc3sc(N4CCOCC4)nn3c2=O)cc1,-6.36974,1
COc1ccc(CNC(=O)c2cnn(-c3ccc(F)cc3)c2)c(OC)c1,-4.54961,1
COc1ccc(CNC(=O)c2cnn(-c3ccccc3)c2)c(OC)c1,-3.8826,1
COc1ccc(CNC(=O)c2cnn(-c3ccccc3)c2)cc1,-7.08879,1
COc1ccc(CNC(=O)c2cnn(-c3ccccc3)c2-n2cccc2)cc1,-6.04504,1
COc1ccc(CNC(=O)c2cnn3c4c(cnc23)C(=O)CC(C)(C)C4)cc1,-6.40873,1
COc1ccc(CNC(=O)c2n[n-]nc2Nc2ccc(Cl)cc2)cc1,-5.08135,1
COc1ccc(CNC(=O)c2n[n-]nc2Nc2ccccc2)cc1,-4.9779,1
COc1ccc(CNC(=O)c2n[nH]nc2Nc2ccc(Cl)cc2)cc1,-5.73944,1
COc1ccc(CNC(=O)c2n[nH]nc2Nc2ccc(OC)cc2)cc1,-3.83604,1
COc1ccc(CNC(=O)c2n[nH]nc2Nc2ccccc2)cc1,-5.46561,1
COc1ccc(CNC(=O)c2nc(-c3cn(-c4ccccc4Cl)nc3C)no2)cc1,-6.19111,1
COc1ccc(CNC(=O)c2nc(S(=O)(=O)Cc3ccc(C)cc3)ncc2Cl)cc1,-7.43686,1
COc1ccc(CNC(=O)c2nc(S(C)(=O)=O)ncc2Cl)cc1,-6.75104,1
COc1ccc(CNC(=O)c2nc(SCc3ccc(C)cc3)ncc2Cl)cc1,-2.99549,1
COc1ccc(CNC(=O)c2nc(SCc3ccc(F)cc3)ncc2Cl)cc1,-6.3922,1
COc1ccc(CNC(=O)c2ncn3c2C(=O)N(C2CC2)[C@@](C)(C(=O)NCc2ccccc2)C3)cc1,-2.66203,1
COc1ccc(CNC(=O)c2ncn3c2C(=O)N(C2CC2)[C@](C)(C(=O)NCc2ccccc2)C3)cc1,0.116376,1
COc1ccc(CNC(=O)c2ncoc2-c2cccc(Cl)c2)cc1,-6.62227,1
COc1ccc(CNC(=O)c2nn(-c3ccc(C)c(C)c3)nc2CO)cc1,-6.91596,1
COc1ccc(CNC(=O)c2nn(-c3ccc(Cl)cc3)nc2CO)cc1,-5.66238,1
COc1ccc(CNC(=O)c2nn[nH]c2Nc2ccc(OC)cc2)cc1,-5.69432,1
COc1ccc(CNC(=O)c2nn[nH]c2Nc2ccccc2)cc1,-5.28574,1
COc1ccc(CNC(=O)c2nnc(C(=O)Nc3ccc(F)cc3)s2)cc1,-6.98346,1
COc1ccc(CNC(=O)c2sc3nc(-c4ccc(F)cc4)cn3c2C)cc1,-5.11069,1
COc1ccc(CNC(=O)c2sc3nc(-c4cccc([N+](=O)[O-])c4)cn3c2C)cc1,-3.49637,1
COc1ccc(CNC(=O)c2sc3nc(-c4ccccc4)cn3c2C)cc1,-6.46118,1
COc1ccc(CNC2=NS(=O)(=O)C(c3ccc(F)cc3)=C2C)cc1,-4.5266,1
COc1ccc(CNCc2c(C(=O)[O-])c(C)n(Cc3ccc(F)cc3Cl)c2C)cc1,-4.71679,1
COc1ccc(CNCc2c(C(=O)[O-])c(C)n(Cc3cccc(Cl)c3)c2C)cc1,-5.17077,1
COc1ccc(CNCc2c(C(=O)[O-])c(C)n(Cc3cccc(OC)c3)c2C)cc1,-7.36983,1
COc1ccc(CNCc2c(C(=O)[O-])c(C)n(Cc3ccccc3)c2C)cc1,-3.63876,1
COc1ccc(CNCc2c(C(=O)[O-])c(C)n(Cc3ccccc3C)c2C)cc1,-3.42544,1
COc1ccc(CNS(=O)(=O)c2cc(-c3noc(C)n3)ccc2C)cc1,-3.6283,1
COc1ccc(CNS(=O)(=O)c2ccc(-c3cc(C(F)(F)F)on3)s2)cc1,-5.01579,1
COc1ccc(CNS(=O)(=O)c2ccc(-c3ccno3)cc2OC)cc1,-5.22284,1
COc1ccc(CNS(=O)(=O)c2ccc(-c3nnc(C4CC4)o3)s2)cc1,-3.43454,1
COc1ccc(CNS(=O)(=O)c2ccc(F)c(C(=O)Nc3ccc(C)c(C)c3)c2)cc1,-0.238624,1
COc1ccc(CNS(=O)(=O)c2ccc(F)c(C(=O)Nc3ccc(C)cc3)c2)cc1,-5.80937,1
COc1ccc(CNS(=O)(=O)c2ccc(N3C(=O)[C@H](C)CS3(=O)=O)cc2)cc1,-5.4617,1
COc1ccc(CNc2nc(-c3ccccc3)nn2C(=O)CCc2ccccc2)cc1,-6.85236,1
COc1ccc(CNc2nc(-c3ccccc3)nn2C(=O)COc2ccccc2)cc1,-6.62385,1
COc1ccc(CNc2nc(-c3ccccc3)nn2C(=O)c2ccccc2)cc1,-7.07659,1
COc1ccc(CNc2nc(-c3cccnc3)nn2C(=O)COc2ccccc2)cc1,-7.41593,1
COc1ccc(CNc2nc(-c3cccnc3)nn2C(=O)Cc2ccc(OC)cc2)cc1,-5.25493,1
COc1ccc(CNc2nc(-c3cccnc3)nn2C(=O)c2ccccc2)cc1,-6.81417,1
COc1ccc(CNc2nc(-c3ccco3)nn2C(=O)c2cc(OC)c(OC)c(OC)c2)cc1,-4.69874,1
COc1ccc(CNc2nc(-c3ccco3)nn2C(=O)c2cccs2)cc1,-3.73389,1
COc1ccc(CNc2nc3[nH]c(C)c(Cc4ccccc4)c(=O)n3n2)cc1,-6.51341,1
COc1ccc(CNc2nc3[nH]c(C)cc(=O)n3n2)cc1,-5.94946,1
COc1ccc(CNc2nc3[nH]c(CN4CCOCC4)cc(=O)n3n2)cc1,-4.26027,1
COc1ccc(CNc2nc3[nH]c(CNc4ccc(F)cc4)cc(=O)n3n2)cc1,-5.26408,1
COc1ccc(CNc2nc3[nH]c(CNc4cccc(C(F)(F)F)c4)cc(=O)n3n2)cc1,-5.64296,1
COc1ccc(CNc2nc3[nH]c(CNc4cccc(C)c4C)cc(=O)n3n2)cc1,-3.82751,1
COc1ccc(CNc2nc3[nH]c(CNc4cccc(OC)c4)cc(=O)n3n2)cc1,-6.13132,1
COc1ccc(CNc2nc3nc(C)cc([O-])n3n2)cc1,-6.25867,1
COc1ccc(CNc2nc3nc(CNc4ccc(C)cc4C)cc([O-])n3n2)cc1,-5.12695,1
COc1ccc(CNc2nc3nc(CNc4cccc(C)c4)cc([O-])n3n2)cc1,-4.11029,1
COc1ccc(CNc2nc3nc(CNc4cccc(C)c4C)cc([O-])n3n2)cc1,-5.77992,1
COc1ccc(CNc2nc3nc(CNc4cccc(OC)c4)cc([O-])n3n2)cc1,-4.54333,1
COc1ccc(CNc2nccn(-c3ccc(C)c(Cl)c3)c2=O)cc1,-7.59732,1
COc1ccc(CNc2nccn(-c3ccc(C)cc3)c2=O)cc1,-7.51863,1
COc1ccc(CNc2ncnc3c2nnn3C)cc1,-5.74703,1
COc1ccc(CNc2ncnc3onc(-c4ccc(C)cc4)c23)cc1,-6.7973,1
COc1ccc(CNc2oc(-c3ccc(C)cc3)nc2P(=O)(OC)OC)cc1,-4.48534,1
COc1ccc(COC(=O)C2=C(C)NC(=O)N[C@@H]2c2ccc(OC)c(OC)c2)cc1,-4.25341,1
COc1ccc(COC(=O)C2=C(C)NC(=O)N[C@H]2c2cc(Br)c([O-])c(OC)c2)cc1,-3.02751,1
COc1ccc(COC(=O)C2=C(C)NC(=O)N[C@H]2c2ccc(O)c(OC)c2)cc1,-5.90478,1
COc1ccc(COC(=O)C2=C(C)NC(=O)N[C@H]2c2ccc(OC)c(OC)c2)cc1,-5.56907,1
COc1ccc(COC(=O)C2=C(C)NC(=O)N[C@H]2c2ccc(OC)cc2)cc1,-4.11573,1
COc1ccc(COC(=O)C2=C(C)NC3=CCCC(O)=C3[C@H]2c2ccc(OC(C)=O)c(OC)c2)cc1,-3.81523,1
COc1ccc(CSc2nc3cc[nH+]cc3n2Cc2cccc(OC)c2)cc1,-5.59585,1
COc1ccc(CSc2nc3ccncc3n2Cc2cccc(OC)c2)cc1,-6.26416,1
COc1ccc(CSc2nccn3nc(-c4ccccc4)cc23)cc1,-6.60833,1
COc1ccc(C[C@@H](Cc2ccc3c(c2)OCO3)NC(=O)NCCc2ccccc2)cc1,-5.46298,1
COc1ccc(C[C@@H](Cc2ccc3c(c2)OCO3)NC(=O)Nc2ccc3c(c2)OCO3)cc1,-4.58541,1
COc1ccc(C[C@@H](Cc2ccc3c(c2)OCO3)NC(=O)Nc2cccc(F)c2)cc1,-6.12589,1
COc1ccc(C[C@@H](Cc2ccc3c(c2)OCO3)NC(=O)c2ccc(OC)c(OC)c2)cc1,-4.42208,1
COc1ccc(C[C@H](Cc2ccc3c(c2)OCO3)NC(=O)NCCc2ccccc2)cc1,-3.05129,1
COc1ccc(C[C@H](Cc2ccc3c(c2)OCO3)NC(=O)Nc2ccc3c(c2)OCO3)cc1,-6.69585,1
COc1ccc(C[C@H](Cc2ccc3c(c2)OCO3)NC(=O)Nc2cccc(C)c2)cc1,-6.6269,1
COc1ccc(C[C@H](Cc2ccc3c(c2)OCO3)NC(=O)c2cccc(F)c2)cc1,-5.82655,1
COc1ccc(C[C@H]2C(=O)Nc3ccc(Br)cc32)cc1,-6.65777,1
COc1ccc(C[N-]S(=O)(=O)c2ccc(-c3cc(C(F)(F)F)on3)s2)cc1,0.323522,1
COc1ccc(C[N-]S(=O)(=O)c2ccc(-c3nnc(C4CC4)o3)s2)cc1,-0.772865,1
COc1ccc(C[N-]c2sc(S(C)(=O)=O)nc2S(=O)(=O)c2ccc(C)cc2)cc1,-6.44675,1
COc1ccc(C[N-]c2sc(S(C)(=O)=O)nc2S(=O)(=O)c2ccc(Cl)cc2)cc1,-4.61464,1
COc1ccc(C[N@@H+]2COc3ccc(Br)cc3C2)cc1,-4.81413,1
COc1ccc(C[N@@H+]2COc3ccc(F)cc3C2)cc1,-4.95287,1
COc1ccc(C[N@H+]2COc3ccc(Br)cc3C2)cc1,-5.01026,1
COc1ccc(C[N@H+]2COc3ccc(F)cc3C2)cc1,-4.95123,1
COc1ccc(C[NH+]2CCN(C(=O)c3ccc([N+](=O)[O-])cc3)CC2)cc1,-5.13778,1
COc1ccc(C[NH2+]CCCSc2nnnn2C)cc1,-3.81065,1
COc1ccc(C[NH2+]Cc2c(C(=O)O)c(C)n(Cc3cccc(Cl)c3)c2C)cc1,-4.73196,1
COc1ccc(C[NH2+]Cc2c(C(=O)[O-])c(C)n(Cc3cccc(OC)c3)c2C)cc1,-8.75986,1
COc1ccc(C[NH2+]Cc2c(C(=O)[O-])c(C)n(Cc3ccccc3)c2C)cc1,-6.18357,1
COc1ccc(C[NH2+]Cc2c(C(=O)[O-])c(C)n(Cc3ccccc3C)c2C)cc1,-8.13043,1
COc1ccc(Cc2nc(-c3ccc(N4CCCC4)cc3)no2)cc1,-6.89182,1
COc1ccc(Cc2nc(-c3ccc(OC)cc3)no2)cc1,-7.73383,1
COc1ccc(Cc2nc(-c3ccc4c(c3)nnn4C3CCCC3)no2)cc1,-6.39785,1
COc1ccc(Cc2nc3c4cnn(-c5ccc(OC)cc5)c4ncn3n2)cc1,-5.37656,1
COc1ccc(Cc2nc3c4cnn(-c5cccc(Br)c5)c4ncn3n2)cc1,-5.16307,1
COc1ccc(Cc2nc3c4cnn(-c5cccc(F)c5)c4ncn3n2)cc1,-5.2786,1
COc1ccc(Cc2nc3ccc(C(=O)NCCCOC(C)C)cc3o2)cc1,-4.49405,1
COc1ccc(Cc2nc3ccc(C(=O)NCc4ccc(F)cc4)cc3o2)cc1,-6.21109,1
COc1ccc(Cc2nc3ccc(C(=O)NCc4cccc(C)c4)cc3o2)cc1,-6.54251,1
COc1ccc(Cc2nc3ccc(C(=O)NCc4cccc(F)c4)cc3o2)cc1,-6.13217,1
COc1ccc(Cc2nn3c(SCC(=O)Nc4ccc(C)c(Cl)c4)nnc3[n-]c2=O)cc1,-8.50713,1
COc1ccc(Cc2nn3c(SCC(=O)Nc4ccc(C)c(Cl)c4)nnc3[nH]c2=O)cc1,-4.57735,1
COc1ccc(Cc2nn3c(SCC(=O)Nc4ccc(Cl)cc4)nnc3[nH]c2=O)cc1,-3.34555,1
COc1ccc(Cc2nn3c(SCC(=O)Nc4ccccc4)nnc3[nH]c2=O)cc1,-3.79078,1
COc1ccc(Cc2nnc(Nc3ccc(C)cc3)[n-]c2=O)cc1,-6.44148,1
COc1ccc(Cc2nnc3n2N=C(c2ccc([N+](=O)[O-])cc2)CS3)cc1OC,-5.03713,1
COc1ccc(Cc2nnc3sc(-c4ccc(OC)cc4)nn23)cc1,-7.55679,1
COc1ccc(Cc2nnc3sc(-c4ccccc4)nn23)cc1,-5.18099,1
COc1ccc(Cc2nnc3sc(-c4ccncc4)nn23)cc1,-5.56382,1
COc1ccc(Cc2nnc3sc(/C=C/c4cccc(C)c4)nn23)cc1,-5.64229,1
COc1ccc(Cl)cc1NC(=O)CCc1ccc2nc(NC(C)=O)sc2c1,-7.16728,1
COc1ccc(Cl)cc1NC(=O)Cc1csc(NC(=O)c2ccco2)n1,-4.53224,1
COc1ccc(Cl)cc1NC(=O)c1cc(-c2cccc(O)c2)on1,-6.02648,1
COc1ccc(Cl)cc1NC(=S)N(CCCN1CCOCC1)Cc1ccco1,-2.87754,1
COc1ccc(Cl)cc1S(=O)(=O)N1CCN(CC(=O)Nc2ccc(C(N)=O)cc2)CC1,-6.44918,1
COc1ccc(Cl)cc1S(=O)(=O)Nc1cc(C(=O)[O-])ccc1N1CCN(CCC#N)CC1,-5.09258,1
COc1ccc(Cl)cc1[N-]S(=O)(=O)c1cc(-c2ccc(=O)[nH]n2)ccc1C,-5.92898,1
COc1ccc(Cl)cc1[N-]S(=O)(=O)c1ccc(-c2cc(C)no2)s1,-4.64826,1
COc1ccc(Cn2c(C)c(CNCc3cccc(Cl)c3)c(C(=O)[O-])c2C)cc1,-5.73416,1
COc1ccc(Cn2c(C)c(CNCc3cccc(OC)c3OC)c(C(=O)[O-])c2C)cc1,-5.93799,1
COc1ccc(Cn2c(C)c(C[NH2+]CCc3ccc(Cl)cc3)c(C(=O)[O-])c2C)cc1,-7.38953,1
COc1ccc(Cn2c(CCC(=O)Nc3ccc(CC#N)cc3)nc3cccnc32)cc1,-7.28987,1
COc1ccc(Cn2c(CNS(=O)(=O)c3ccc(CC(C)C)cc3)nc3cccnc32)cc1,-5.62506,1
COc1ccc(Cn2c(CO)c[nH+]c2SCC(=O)NCc2ccc(F)cc2)cc1,-5.62593,1
COc1ccc(Cn2c(CO)c[nH+]c2SCC(=O)NCc2ccco2)cc1,-4.66653,1
COc1ccc(Cn2c(CO)c[nH+]c2SCC(=O)Nc2cccc(NC(C)=O)c2)cc1,-6.29644,1
COc1ccc(Cn2c(CO)c[nH+]c2SCc2ccc(C)cc2)cc1,-5.81833,1
COc1ccc(Cn2c(CO)cnc2SCC(=O)NCc2ccco2)cc1,-5.56654,1
COc1ccc(Cn2c(CO)cnc2SCC(=O)Nc2ccc(OC)c(OC)c2)cc1,-6.81174,1
COc1ccc(Cn2c(CO)cnc2SCC(=O)Nc2cccc(NC(C)=O)c2)cc1,-4.77382,1
COc1ccc(Cn2c(CO)cnc2SCC(=O)Nc2cccc(OC)c2)cc1,-5.66838,1
COc1ccc(Cn2c(CO)cnc2SCc2ccc(C)cc2)cc1,-7.05768,1
COc1ccc(Cn2ccnc2SCC(=O)Nc2ccc3c(c2)OCO3)cc1,-7.19739,1
COc1ccc(Cn2nnc(C(=O)Nc3ccc(Br)cc3)c2N)cc1,-5.39375,1
COc1ccc(F)c(-c2ccc3c(CC(N)=O)n[nH]c3c2)c1,-9.819,1
COc1ccc(F)c(-c2ccc3c(NC(=O)CO)n[nH]c3c2)c1,-9.162,1
COc1ccc(F)c(-c2ccc3c(NC(N)=O)n[nH]c3c2)c1,-10.2,1
COc1ccc(F)c(-c2ccc3c(NC=O)n[nH]c3c2)c1,-9.468,1
COc1ccc(F)c(-c2ccc3c(NO)n[nH]c3c2)c1,-7.59,1
COc1ccc(N(CC(=O)Nc2cc(Cl)ccc2OC)C2=[NH+][C@@H]3CS(=O)(=O)C[C@@H]3S2)cc1,1.17963,1
COc1ccc(N(CC(=O)Nc2ccc(C)c(F)c2)S(=O)(=O)c2c(C)[n-]c(=O)[nH]c2=O)cc1,-1.34206,1
COc1ccc(N(CC(=O)Nc2ccc(Cl)cc2)S(=O)(=O)c2c(C)nn(C)c2C)cc1,-1.12751,1
COc1ccc(N(CC(=O)Nc2cccc(F)c2)S(=O)(=O)c2c(C)[n-]c(=O)[nH]c2=O)cc1,-0.713509,1
COc1ccc(N(CC(=O)Nc2cccc(OC)c2)C2=N[C@@H]3CS(=O)(=O)C[C@@H]3S2)cc1,-3.33164,1
COc1ccc(N/C(=N\S(=O)(=O)c2ccccc2)Nc2nc(C)cc(C)n2)cc1,-3.2461,1
COc1ccc(N/C(NCc2c(C)nn(C)c2C)=[NH+]\C(=O)c2ccc(NC(C)=O)cc2)cc1,-4.75287,1
COc1ccc(N/C([O-])=C2/C(C)=Nc3nc(SC)nn3[C@H]2c2ccc(Br)cc2)cc1,-6.53133,1
COc1ccc(N/C([O-])=C2/C(C)=Nc3ncnn3[C@@H]2c2ccc(Cl)cc2)cc1,-3.92785,1
COc1ccc(N/C([O-])=C2/C(C)=Nc3ncnn3[C@H]2c2ccc(Cl)cc2)cc1,-6.95219,1
COc1ccc(N/C([O-])=C2/C(C)=Nc3ncnn3[C@H]2c2ccc(NC(C)=O)cc2)cc1,-6.71294,1
COc1ccc(N/C([O-])=C2/C(C)=Nc3ncnn3[C@H]2c2ccccc2)cc1,-7.09251,1
COc1ccc(N/C([O-])=C2/C(C)=Nc3ncnn3[C@H]2c2ccncc2)cc1,-5.07851,1
COc1ccc(N2C(=O)CN(S(C)(=O)=O)C[C@@]2(C)C(=O)NC2CCCC2)cc1,-5.92056,1
COc1ccc(N2C(=O)C[C@@H](Cc3ccc(Br)cc3)C2=O)cc1,-4.47745,1
COc1ccc(N2C(=O)C[C@@H](Cc3ccccc3)C2=O)cc1,-6.71019,1
COc1ccc(N2C(=O)C[C@@H](N3CCC(C(=O)[O-])CC3)C2=O)cc1,-4.23721,1
COc1ccc(N2C(=O)C[C@@H](N3CCC(O)CC3)C2=O)cc1,-4.75923,1
COc1ccc(N2C(=O)C[C@@H](N3CCN(C/C=C\c4ccccc4)CC3)C2=O)cc1,-2.98513,1
COc1ccc(N2C(=O)C[C@@H](N3CCN(c4ccc(O)cc4)CC3)C2=O)cc1,-6.31189,1
COc1ccc(N2C(=O)C[C@@H](N3CC[NH+](Cc4ccc5c(c4)OCO5)CC3)C2=O)cc1,-4.84615,1
COc1ccc(N2C(=O)C[C@@H](NCCc3ccc(S(N)(=O)=O)cc3)C2=O)cc1,-2.60323,1
COc1ccc(N2C(=O)C[C@@H](NCc3ccco3)C2=O)cc1,-5.34604,1
COc1ccc(N2C(=O)C[C@@H](Nc3ccc(Cl)cc3)C2=O)cc1,-6.37243,1
COc1ccc(N2C(=O)C[C@@H]([N@H+]3CC[C@@H](C(=O)[O-])CC3)C2=O)cc1,-4.231,1
COc1ccc(N2C(=O)C[C@@H]([N@H+]3CC[C@H](C(N)=O)CC3)C2=O)cc1,-8.1061,1
COc1ccc(N2C(=O)C[C@@H]([NH+]3CCN(C/C=C\c4ccccc4)CC3)C2=O)cc1,-0.992856,1
COc1ccc(N2C(=O)C[C@@H]([NH+]3CCN(c4cccc(C(F)(F)F)c4)CC3)C2=O)cc1,-2.4505,1
COc1ccc(N2C(=O)C[C@@H]([NH+]3CCN(c4cccc(OC)c4)CC3)C2=O)cc1,-5.32937,1
COc1ccc(N2C(=O)C[C@@H]([NH2+]Cc3ccco3)C2=O)cc1,-5.60036,1
COc1ccc(N2C(=O)C[C@H](Cc3ccccc3)C2=O)cc1,-5.15713,1
COc1ccc(N2C(=O)C[C@H](N(CCc3ccc(OC)c(OC)c3)C(C)=O)C2=O)cc1,-2.74365,1
COc1ccc(N2C(=O)C[C@H](N(CCc3ccccc3)C(C)=O)C2=O)cc1,-4.75115,1
COc1ccc(N2C(=O)C[C@H](N3CCC(C(=O)[O-])CC3)C2=O)cc1,-4.8248,1
COc1ccc(N2C(=O)C[C@H](N3CCC(C(N)=O)CC3)C2=O)cc1,-6.18737,1
COc1ccc(N2C(=O)C[C@H](N3CCC(O)CC3)C2=O)cc1,-6.88123,1
COc1ccc(N2C(=O)C[C@H](N3CCN(Cc4ccccc4)CC3)C2=O)cc1,-3.63357,1
COc1ccc(N2C(=O)C[C@H](N3CCN(c4ccc(Cl)cc4)CC3)C2=O)cc1,-4.76044,1
COc1ccc(N2C(=O)C[C@H](N3CCN(c4cccc(C(F)(F)F)c4)CC3)C2=O)cc1,-2.9485,1
COc1ccc(N2C(=O)C[C@H](NCCc3ccc(F)cc3)C2=O)cc1,-3.79112,1
COc1ccc(N2C(=O)C[C@H](NCCc3ccc(OC)c(OC)c3)C2=O)cc1,-3.7138,1
COc1ccc(N2C(=O)C[C@H](NCc3ccc(S(N)(=O)=O)cc3)C2=O)cc1,-5.12838,1
COc1ccc(N2C(=O)C[C@H](NCc3ccco3)C2=O)cc1,-3.82287,1
COc1ccc(N2C(=O)C[C@H](SCC(=O)Nc3cccc(F)c3)C2=O)cc1,-5.75761,1
COc1ccc(N2C(=O)C[C@H]([N@H+]3CC[C@@H](C(=O)[O-])CC3)C2=O)cc1,-4.31083,1
COc1ccc(N2C(=O)C[C@H]([N@H+]3CC[C@H](C(N)=O)CC3)C2=O)cc1,-7.70824,1
COc1ccc(N2C(=O)C[C@H]([NH+]3CCN(Cc4ccc5c(c4)OCO5)CC3)C2=O)cc1,-4.00552,1
COc1ccc(N2C(=O)C[C@H]([NH+]3CCN(Cc4ccccc4)CC3)C2=O)cc1,-0.947615,1
COc1ccc(N2C(=O)C[C@H]([NH+]3CCN(c4cccc(C(F)(F)F)c4)CC3)C2=O)cc1,-2.35021,1
COc1ccc(N2C(=O)C[C@H]([NH+]3CCN(c4cccc(OC)c4)CC3)C2=O)cc1,-2.77357,1
COc1ccc(N2C(=O)C[C@H]([NH2+]Cc3ccco3)C2=O)cc1,-5.32409,1
COc1ccc(N2C(=O)N(Cc3cccc(Cl)c3)c3ccccc3S2(=O)=O)cc1,-5.22505,1
COc1ccc(N2C(=O)N[C@@](NC(=O)c3cccnc3)(C(F)(F)F)C2=O)cc1,-4.40402,1
COc1ccc(N2C(=O)N[C@H]3C[C@]2(C)Oc2ccc(Cl)cc23)cc1,-4.3894,1
COc1ccc(N2C(=O)[C@@H](CC(=O)Nc3ccc(Cl)cc3)N(Cc3cccc(OC)c3)C2=O)cc1,-4.67979,1
COc1ccc(N2C(=O)[C@@H](CC(=O)Nc3cccc(F)c3)N(C3CCCC3)C2=O)cc1,-5.46847,1
COc1ccc(N2C(=O)[C@@H](CC(=O)Nc3ccccc3)N(C(C)C)C2=O)cc1,-3.64931,1
COc1ccc(N2C(=O)[C@H](CC(=O)Nc3ccc(Cl)cc3)N(Cc3cccc(OC)c3)C2=O)cc1,-3.18996,1
COc1ccc(N2C(=O)[N-][C@](NC(=O)c3cccnc3)(C(F)(F)F)C2=O)cc1,-5.32047,1
COc1ccc(N2C(=O)c3ccc(C(=O)OCC(=O)c4ccc([N+](=O)[O-])cc4)cc3C2=O)cc1,-3.03636,1
COc1ccc(N2C(=O)c3ccc(OC)c(OC)c3C2=O)cc1,-6.14691,1
COc1ccc(N2C(=O)c3cccnc3[C@H]2Nc2cc(C)ccc2OC)cc1,-5.86905,1
COc1ccc(N2C(=O)c3cccnc3[C@H]2Nc2cc(F)ccc2C)cc1,-5.47354,1
COc1ccc(N2C(=O)c3cccnc3[C@H]2Nc2ccc(C#N)cc2)cc1,-5.76936,1
COc1ccc(N2C(=O)c3cccnc3[C@H]2Nc2ccc(CC#N)cc2)cc1,-7.03823,1
COc1ccc(N2C(=O)c3cccnc3[C@H]2Nc2ccc(F)cc2C)cc1,-6.13178,1
COc1ccc(N2C(=O)c3cccnc3[C@H]2Nc2cccc(Cl)c2)cc1,-6.09834,1
COc1ccc(N2C(=O)c3cccnc3[C@H]2Nc2ccccc2C)cc1,-6.12235,1
COc1ccc(N2CCn3c(SCC(=O)Nc4cccc(C)c4C)nnc32)cc1,-2.3372,1
COc1ccc(N2CCn3c(SCC(C)=O)nnc32)cc1,-4.45951,1
COc1ccc(N2CCn3c(SCc4ccccc4C)nnc32)cc1,-4.76504,1
COc1ccc(N2C[C@@H](C(=O)NCc3nnnn3-c3ccccc3)CC2=O)cc1,-7.01531,1
COc1ccc(N2C[C@@H](C(=O)Nc3ccc(Cl)c(Cl)c3)CC2=O)cc1,-5.17152,1
COc1ccc(N2C[C@@H](C(=O)Nc3ccc(Cl)cc3)CC2=O)cc1,-4.9834,1
COc1ccc(N2C[C@@H](C(=O)Nc3cccc(OC)c3)CC2=O)cc1,-3.81426,1
COc1ccc(N2C[C@@H](NC(=O)c3cccs3)CC2=O)cc1,-5.73235,1
COc1ccc(N2C[C@@H](c3[nH+]c4ccccc4n3C(C)C)CC2=O)cc1,-3.44345,1
COc1ccc(N2C[C@@H](c3[nH+]c4ccccc4n3CC(=O)NC(C)C)CC2=O)cc1,-3.72839,1
COc1ccc(N2C[C@@H](c3[nH+]c4ccccc4n3CCOc3cccc(OC)c3)CC2=O)cc1,-3.61443,1
COc1ccc(N2C[C@@H](c3[nH]c4ccccc4[nH+]3)CC2=O)cc1,-3.19968,1
COc1ccc(N2C[C@@H](c3n[nH]/c(=N/C(=O)c4cccc(Br)c4)s3)CC2=O)cc1,-2.83561,1
COc1ccc(N2C[C@@H](c3n[nH]/c(=N/C(=O)c4ccccc4Br)s3)CC2=O)cc1,-2.58064,1
COc1ccc(N2C[C@@H](c3n[nH]/c(=N/C(=O)c4ccccc4Cl)s3)CC2=O)cc1,-2.42945,1
COc1ccc(N2C[C@@H](c3n[nH]/c(=N/C(=O)c4ccccc4F)s3)CC2=O)cc1,-1.35942,1
COc1ccc(N2C[C@@H](c3nc(-c4cc(OC)c(OC)c(OC)c4)no3)CC2=O)cc1,-4.98217,1
COc1ccc(N2C[C@@H](c3nc(-c4ccc(Br)cc4)no3)CC2=O)cc1,-4.75207,1
COc1ccc(N2C[C@@H](c3nc(-c4ccc(C)cc4)no3)CC2=O)c(OC)c1,-4.87659,1
COc1ccc(N2C[C@@H](c3nc(-c4ccc(N(C)C)cc4)no3)CC2=O)cc1,-3.94615,1
COc1ccc(N2C[C@@H](c3nc(-c4ccc(OC)c(OC)c4)no3)CC2=O)cc1,-4.85833,1
COc1ccc(N2C[C@@H](c3nc(-c4ccc5c(c4)OCO5)no3)CC2=O)cc1,-4.67815,1
COc1ccc(N2C[C@@H](c3nc(-c4cccc(C(F)(F)F)c4)no3)CC2=O)c(OC)c1,-2.1732,1
COc1ccc(N2C[C@@H](c3nc(-c4cccc(OC)c4OC)no3)CC2=O)cc1,-5.0679,1
COc1ccc(N2C[C@@H](c3nc(-c4ccccc4C)no3)CC2=O)cc1,-4.74807,1
COc1ccc(N2C[C@@H](c3nc(-c4ccccc4F)no3)CC2=O)cc1,-5.30247,1
COc1ccc(N2C[C@@H](c3nc(-c4cccnc4)no3)CC2=O)cc1Cl,-5.4707,1
COc1ccc(N2C[C@@H](c3nc(-c4ccncc4)no3)CC2=O)c(OC)c1,-5.8847,1
COc1ccc(N2C[C@@H](c3nc(-c4ccncc4)no3)CC2=O)cc1OC,-6.00878,1
COc1ccc(N2C[C@@H](c3nc4ccccc4n3CCOc3ccccc3)CC2=O)cc1,-3.3968,1
COc1ccc(N2C[C@@H](c3nnc(NC(=O)c4cccc(Br)c4)s3)CC2=O)cc1,-4.28398,1
COc1ccc(N2C[C@@H](c3nnc(NC(=O)c4cccc(NC(=O)C(C)C)c4)s3)CC2=O)cc1,-1.71052,1
COc1ccc(N2C[C@@H](c3nnc(NC(=O)c4ccccc4)s3)CC2=O)cc1,-5.89542,1
COc1ccc(N2C[C@@H](c3nnc(NC(=O)c4ccccc4Br)s3)CC2=O)cc1,-3.9876,1
COc1ccc(N2C[C@@H](c3nnc(NC(=O)c4ccccc4F)s3)CC2=O)cc1,-4.02787,1
COc1ccc(N2C[C@@H](c3nnc([N-]C(=O)CCSc4ccccc4)s3)CC2=O)cc1,-2.99588,1
COc1ccc(N2C[C@@H](c3nnc([N-]C(=O)CCc4ccccc4)s3)CC2=O)cc1,-3.48607,1
COc1ccc(N2C[C@@H](c3nnc([N-]C(=O)c4cccc(Br)c4)s3)CC2=O)cc1,-2.10407,1
COc1ccc(N2C[C@@H](c3nnc([N-]C(=O)c4ccccc4)s3)CC2=O)cc1,-2.38604,1
COc1ccc(N2C[C@@H](c3nnc([N-]C(=O)c4ccccc4Br)s3)CC2=O)cc1,-2.71746,1
COc1ccc(N2C[C@@H](c3nnc([N-]C(=O)c4ccccc4Cl)s3)CC2=O)cc1,-3.34031,1
COc1ccc(N2C[C@@H](c3nnc([N-]C(=O)c4ccccc4F)s3)CC2=O)cc1,-2.44041,1
COc1ccc(N2C[C@H](C(=O)NCCS(=O)(=O)N3CCN(c4ccccc4)CC3)CC2=O)cc1,-6.39764,1
COc1ccc(N2C[C@H](C(=O)NCc3nnnn3-c3ccccc3)CC2=O)cc1,-7.85949,1
COc1ccc(N2C[C@H](C(=O)Nc3ccc(-c4nc(C)no4)cc3)CC2=O)cc1,-5.26536,1
COc1ccc(N2C[C@H](C(=O)Nc3ccc(Br)c(Cl)c3)CC2=O)cc1,-5.07093,1
COc1ccc(N2C[C@H](C(=O)Nc3ccc(Cl)c(Cl)c3)CC2=O)cc1,-6.4126,1
COc1ccc(N2C[C@H](C(=O)Nc3ccc(Cl)cc3)CC2=O)cc1,-6.01652,1
COc1ccc(N2C[C@H](C(=O)Nc3ccc(NC(C)=O)cc3)CC2=O)cc1,-5.50252,1
COc1ccc(N2C[C@H](C(=O)Nc3cccc(OC)c3)CC2=O)cc1,-6.4176,1
COc1ccc(N2C[C@H](NC(=O)c3ccc(S(=O)(=O)N4CCCCC4)cc3)CC2=O)cc1,-4.647,1
COc1ccc(N2C[C@H](NC(=O)c3ccc4c(c3)OCO4)CC2=O)cc1,-5.90635,1
COc1ccc(N2C[C@H](NC(=O)c3cccs3)CC2=O)cc1,-6.05108,1
COc1ccc(N2C[C@H](c3[nH+]c4ccccc4n3C(C)C)CC2=O)cc1,-5.57781,1
COc1ccc(N2C[C@H](c3[nH]c4ccccc4[nH+]3)CC2=O)cc1,-5.24854,1
COc1ccc(N2C[C@H](c3n[nH]/c(=N/C(=O)c4cccc(Br)c4)s3)CC2=O)cc1,-3.70415,1
COc1ccc(N2C[C@H](c3nc(-c4ccc(Br)cc4)no3)CC2=O)cc1,-6.53831,1
COc1ccc(N2C[C@H](c3nc(-c4ccc(C)cc4)no3)CC2=O)cc1,-6.09336,1
COc1ccc(N2C[C@H](c3nc(-c4cccc(C(F)(F)F)c4)no3)CC2=O)c(OC)c1,-5.28543,1
COc1ccc(N2C[C@H](c3nc(-c4cccc(C)c4)no3)CC2=O)c(OC)c1,-5.66624,1
COc1ccc(N2C[C@H](c3nc(-c4cccc(OC)c4OC)no3)CC2=O)cc1,-4.26644,1
COc1ccc(N2C[C@H](c3nc(-c4ccccn4)no3)CC2=O)cc1,-6.51316,1
COc1ccc(N2C[C@H](c3nc(-c4ccncc4)no3)CC2=O)c(OC)c1,-4.45974,1
COc1ccc(N2C[C@H](c3nc4ccccc4[nH]3)CC2=O)cc1,-5.75235,1
COc1ccc(N2C[C@H](c3nnc(NC(=O)CCSc4ccccc4)s3)CC2=O)cc1,-6.30025,1
COc1ccc(N2C[C@H](c3nnc(NC(=O)CSCc4ccccc4)s3)CC2=O)cc1,-5.31349,1
COc1ccc(N2C[C@H](c3nnc(NC(=O)CSc4ccccc4)s3)CC2=O)cc1,-7.86089,1
COc1ccc(N2C[C@H](c3nnc(NC(=O)c4ccccc4Cl)s3)CC2=O)cc1,-5.34659,1
COc1ccc(N2C[C@H](c3nnc([N-]C(=O)CCSc4ccccc4)s3)CC2=O)cc1,-3.82363,1
COc1ccc(N2C[C@H](c3nnc([N-]C(=O)CCc4ccccc4)s3)CC2=O)cc1,-2.99119,1
COc1ccc(N2C[C@H](c3nnc([N-]C(=O)CSCc4ccccc4)s3)CC2=O)cc1,-5.52654,1
COc1ccc(N2C[C@H](c3nnc([N-]C(=O)c4ccccc4)s3)CC2=O)cc1,-4.0842,1
COc1ccc(N2C[C@H](c3nnc([N-]C(=O)c4ccccc4Br)s3)CC2=O)cc1,-5.84257,1
COc1ccc(N2C[C@H](c3nnc([N-]C(=O)c4ccccc4Cl)s3)CC2=O)cc1,-7.13842,1
COc1ccc(N2C[C@H](c3nnc([N-]C(=O)c4ccccc4F)s3)CC2=O)cc1,-5.62747,1
COc1ccc(NC(=O)C2=C(C)NC(=O)N[C@@H]2c2ccc(C)cc2)cc1,-5.86288,1
COc1ccc(NC(=O)C2=C(C)NC(=S)N[C@H]2c2cc(OC)ccc2OC)c(OC)c1,-4.88152,1
COc1ccc(NC(=O)C2=C(C)NC(=S)N[C@H]2c2cccc(OC)c2OC)c(OC)c1,-4.29381,1
COc1ccc(NC(=O)C2=C(C)NC(=S)N[C@H]2c2ccccc2OC)c(OC)c1,-4.98429,1
COc1ccc(NC(=O)C2=C(C)Nc3nc(SC)nn3[C@H]2c2ccc(Br)cc2)cc1,-1.78025,1
COc1ccc(NC(=O)C2=C(C)Nc3ncnn3[C@@H]2c2ccc(C)cc2)cc1,-1.09885,1
COc1ccc(NC(=O)C2=C(C)Nc3ncnn3[C@@H]2c2ccc(N(C)C)cc2)cc1,-3.85398,1
COc1ccc(NC(=O)C2=C(C)Nc3ncnn3[C@@H]2c2ccccc2)cc1,-2.24602,1
COc1ccc(NC(=O)C2=C(C)Nc3ncnn3[C@H]2c2ccncc2)cc1,-4.18504,1
COc1ccc(NC(=O)C2CCN(S(=O)(=O)Cc3c(F)cccc3Cl)CC2)cc1,-3.91317,1
COc1ccc(NC(=O)C2CCN(S(=O)(=O)Cc3cccc(Cl)c3)CC2)cc1,-3.02995,1
COc1ccc(NC(=O)C2CCN(S(=O)(=O)Cc3ccccc3Cl)CC2)c(OC)c1,-2.88991,1
COc1ccc(NC(=O)C2CCN(S(=O)(=O)c3ccc(-c4cc[nH]n4)o3)CC2)cc1,-4.79043,1
COc1ccc(NC(=O)C2CCN(c3ccc(-c4ccc(F)cc4)nn3)CC2)cc1,-4.30275,1
COc1ccc(NC(=O)CCCOc2ccc(Cl)cc2Cl)cc1,-5.67301,1
COc1ccc(NC(=O)CCCc2[nH+]c3cccnc3n2CCC(C)C)cc1,-4.39275,1
COc1ccc(NC(=O)CCCc2nc(-c3ccccc3)no2)cc1,-4.4795,1
COc1ccc(NC(=O)CCCc2nc(-c3ccccc3OC)no2)cc1,-4.80248,1
COc1ccc(NC(=O)CCCc2nc(-c3cccnc3)no2)cc1,-3.8982,1
COc1ccc(NC(=O)CCCc2nc(-c3ccco3)no2)cc1,-4.48556,1
COc1ccc(NC(=O)CCCc2nc(-c3ccncc3)no2)cc1,-4.93697,1
COc1ccc(NC(=O)CCCc2nc3cccnc3n2CCC(C)C)cc1,-5.45878,1
COc1ccc(NC(=O)CCCc2nc3cccnc3n2Cc2ccc(F)cc2)cc1,-6.12064,1
COc1ccc(NC(=O)CCCn2cc([N+](=O)[O-])cn2)cc1,-4.48694,1
COc1ccc(NC(=O)CCN2C(=O)c3ccccc3C2=O)cc1,-4.42861,1
COc1ccc(NC(=O)CCN2CCN(C/C=C/c3ccccc3)CC2)cc1,-2.39242,1
COc1ccc(NC(=O)CCN2CC[NH+](C)CC2)cc1,-4.27094,1
COc1ccc(NC(=O)CCNS(=O)(=O)c2ccc3c(c2)CCCC(=O)N3)cc1,-2.96648,1
COc1ccc(NC(=O)CCNS(=O)(=O)c2ccc3c(c2)C[C@@H](C)N3C(C)=O)c(OC)c1,-0.0475061,1
COc1ccc(NC(=O)CCS(=O)(=O)c2cc3c(cc2Cl)NC(=O)CO3)cc1,-5.81587,1
COc1ccc(NC(=O)CCS(=O)(=O)c2ccc3c(c2)NC(=O)CS3)cc1Cl,-7.30975,1
COc1ccc(NC(=O)CCS(=O)(=O)c2ccc3c(c2)NC(=O)[C@@H](C)S3)cc1Cl,-6.80536,1
COc1ccc(NC(=O)CC[NH+]2CCCC2)cc1,-5.08325,1
COc1ccc(NC(=O)CC[NH+]2CCN(Cc3ccccc3)CC2)cc1,-2.96507,1
COc1ccc(NC(=O)CCc2c(C)nc3ncnn3c2C)cc1,-4.15367,1
COc1ccc(NC(=O)CCc2c(C)nn3cnnc3c2C)cc1,-1.67897,1
COc1ccc(NC(=O)CCc2nc(-c3ccc(C)cc3)no2)cc1,-5.49024,1
COc1ccc(NC(=O)CCc2nc(-c3cccc(C)c3)no2)cc1,-6.77483,1
COc1ccc(NC(=O)CCc2nc(-c3ccccc3F)no2)cc1,-6.73345,1
COc1ccc(NC(=O)CCc2nc(-c3ccccc3OC)no2)cc1,-5.13075,1
COc1ccc(NC(=O)CCc2nc(-c3ccco3)no2)cc1,-4.97589,1
COc1ccc(NC(=O)CCc2nc(CS(=O)(=O)c3ccc(Cl)cc3)no2)cc1,-3.4481,1
COc1ccc(NC(=O)CCc2nc(CS(=O)(=O)c3ccc(F)cc3)no2)cc1,-6.25404,1
COc1ccc(NC(=O)CCc2nc3sc4c(c3c(=O)[nH]2)CCCCC4)cc1,-5.22853,1
COc1ccc(NC(=O)CCc2nc3sc4c(c3c(=O)[nH]2)CC[C@H](C(C)(C)C)C4)cc1,-5.44834,1
COc1ccc(NC(=O)CCn2c(=O)sc3ccccc32)cc1,-7.13556,1
COc1ccc(NC(=O)CN(c2cccc(C)c2C)S(=O)(=O)c2ccccc2)cc1,-3.83465,1
COc1ccc(NC(=O)CN2C(=O)C(C)(C)c3cc(C)ccc32)cc1,-5.48987,1
COc1ccc(NC(=O)CN2C(=O)C(c3ccccc3)=N[C@]23CC[C@H](C)CC3)cc1,-4.14656,1
COc1ccc(NC(=O)CN2C(=O)COc3ccc(S(=O)(=O)N4CCOCC4)cc32)cc1,-3.86713,1
COc1ccc(NC(=O)CN2C(=O)COc3ccc(S(=O)(=O)NC(C)C)cc32)cc1,-4.25258,1
COc1ccc(NC(=O)CN2C(=O)c3ccccc3S2(=O)=O)cc1,-6.29211,1
COc1ccc(NC(=O)CN2CCN(CC(=O)Nc3cc(OC)cc(OC)c3)CC2)cc1,-4.27078,1
COc1ccc(NC(=O)CN2CCN(Cc3ccc(F)cc3Cl)S2(=O)=O)cc1,-4.57772,1
COc1ccc(NC(=O)CN2CCN(S(=O)(=O)c3cccc([N+](=O)[O-])c3)CC2)cc1,-3.49393,1
COc1ccc(NC(=O)CN2c3ccc(F)cc3-c3ccccc3S2(=O)=O)cc1,-3.78847,1
COc1ccc(NC(=O)COC(=O)CSc2[nH+]c3ccccc3n2Cc2ccccc2)cc1,-4.87923,1
COc1ccc(NC(=O)COC(=O)CSc2nc3ccccc3n2Cc2ccccc2)cc1,-4.75393,1
COc1ccc(NC(=O)COC(=O)[C@@H](CCSC)NC(=O)c2ccccc2)cc1,-4.67696,1
COc1ccc(NC(=O)COCc2cc(-c3ccc(F)cc3)on2)cc1,-4.28349,1
COc1ccc(NC(=O)COCc2cc(-c3ccc4c(c3)OCO4)on2)cc1,-5.01611,1
COc1ccc(NC(=O)COCc2cc(-c3cccs3)on2)cc1,-3.42343,1
COc1ccc(NC(=O)COc2cc(CSc3nnc(C)s3)[nH+]cc2OC)c(OC)c1,-2.03061,1
COc1ccc(NC(=O)COc2cc(CSc3nnc(C)s3)ncc2OC)c(OC)c1,-4.48772,1
COc1ccc(NC(=O)COc2cc(CSc3nnnn3C)ncc2OC)cc1,-3.71184,1
COc1ccc(NC(=O)COc2cc(Cl)ccc2Cl)cc1,-5.32251,1
COc1ccc(NC(=O)COc2ccc(OC)cc2)cc1,-6.26486,1
COc1ccc(NC(=O)COc2ccccc2-c2nc(C)no2)cc1,-6.53432,1
COc1ccc(NC(=O)COc2ccccc2-c2nnc(-c3ccccc3)o2)cc1,-3.48084,1
COc1ccc(NC(=O)CSC2=NC(C)(C)N=C2c2ccc(F)cc2)cc1,-3.31582,1
COc1ccc(NC(=O)CSC2=NC3(CCCC3)N=C2c2ccc(F)cc2)cc1,-4.78233,1
COc1ccc(NC(=O)CSC2=NC3(CCN(C)CC3)N=C2c2ccc(F)cc2)cc1,-2.30943,1
COc1ccc(NC(=O)CSC2=[NH+]C(=O)C[C@H](c3ccc(OC)c(OC)c3)[C@H]2C#N)cc1,-4.457,1
COc1ccc(NC(=O)CSC2=[NH+]C(=O)C[C@H](c3cccc([N+](=O)[O-])c3)[C@@H]2C#N)cc1,-5.47541,1
COc1ccc(NC(=O)CSCc2cc(=O)c3ccc(C)cc3[nH]2)cc1,-5.54088,1
COc1ccc(NC(=O)CSCc2cc(=O)c3ccccc3[nH]2)cc1,-5.7723,1
COc1ccc(NC(=O)CSCc2cc(=O)n3nc(C)sc3n2)cc1,-4.49387,1
COc1ccc(NC(=O)CSCc2nc(-c3ccc(Cl)cc3)no2)cc1,-2.46847,1
COc1ccc(NC(=O)CSCc2nc(-c3cccc(F)c3)no2)cc1,-5.78608,1
COc1ccc(NC(=O)CSc2[n-]nc(C)c2[N+](=O)[O-])cc1,-4.17619,1
COc1ccc(NC(=O)CSc2[nH+]c3ccccc3n2CC(=O)NCc2ccc(F)cc2)cc1,-0.65471,1
COc1ccc(NC(=O)CSc2[nH+]cc(CO)n2CC(=O)NC(C)C)cc1,-2.49246,1
COc1ccc(NC(=O)CSc2[nH+]cc(CO)n2CC(=O)NC2CC2)cc1,-4.54779,1
COc1ccc(NC(=O)CSc2[nH+]cc(CO)n2CC(=O)NC2CCCC2)cc1,-3.25277,1
COc1ccc(NC(=O)CSc2[nH+]cc(CO)n2CC(=O)NCc2ccc(C)cc2)cc1,-2.46233,1
COc1ccc(NC(=O)CSc2[nH]c3ccc(C)cc3[nH+]2)cc1,-3.28178,1
COc1ccc(NC(=O)CSc2cc(C)[nH]c(=O)n2)cc1,-4.85202,1
COc1ccc(NC(=O)CSc2cc(C)c3ccccc3n2)cc1,-5.53987,1
COc1ccc(NC(=O)CSc2cc(C)nc(=O)[nH]2)cc1,-4.76277,1
COc1ccc(NC(=O)CSc2ccc(-c3ccccn3)nn2)cc1,-4.17804,1
COc1ccc(NC(=O)CSc2ccc3ccccc3n2)cc1,-6.88056,1
COc1ccc(NC(=O)CSc2ccc3nc(-c4ccccc4)cn3n2)cc1,-4.5622,1
COc1ccc(NC(=O)CSc2n[nH]c(C)c2[N+](=O)[O-])cc1,-5.63092,1
COc1ccc(NC(=O)CSc2nc(-c3ccc(C(C)(C)C)cc3)nc3cc(=O)[n-]n23)cc1,-4.34335,1
COc1ccc(NC(=O)CSc2nc(-c3ccc(Cl)cc3)nc3cc(O)nn23)cc1,-6.63605,1
COc1ccc(NC(=O)CSc2nc(-c3ccc(F)cc3)nc3cc(O)nn23)cc1,-6.31075,1
COc1ccc(NC(=O)CSc2nc(-c3ccc(OC)cc3)cc(=O)[n-]2)cc1,-5.46315,1
COc1ccc(NC(=O)CSc2nc(-c3ccc(OC)cc3)cc(=O)[nH]2)cc1,-5.17869,1
COc1ccc(NC(=O)CSc2nc(-c3ccc(OC)cc3)nc3cc(=O)[n-]n23)cc1,-4.92192,1
COc1ccc(NC(=O)CSc2nc(-c3ccc(OC)cc3)nc3cc(O)nn23)cc1,-3.88322,1
COc1ccc(NC(=O)CSc2nc(-c3ccccc3)cc(=O)[n-]2)cc1,-6.35814,1
COc1ccc(NC(=O)CSc2nc(-c3ccccc3)nc3cc(=O)[n-]n23)cc1,-5.72127,1
COc1ccc(NC(=O)CSc2nc(-c3ccccc3OC)nc3cc(=O)[n-]n23)cc1,-5.02298,1
COc1ccc(NC(=O)CSc2nc(-c3ccccc3OC)nc3cc(O)nn23)cc1,-3.56362,1
COc1ccc(NC(=O)CSc2nc(-c3cccs3)nc3cc(O)nn23)cc1,-4.85883,1
COc1ccc(NC(=O)CSc2nc(=O)[nH]c3c2CCC3)cc1,-5.29296,1
COc1ccc(NC(=O)CSc2nc(=O)c(S(=O)(=O)c3ccc(Cl)cc3)c[nH]2)cc1,-4.68353,1
COc1ccc(NC(=O)CSc2nc(=O)c(S(=O)(=O)c3cccc(Cl)c3)c[nH]2)cc1,-0.908561,1
COc1ccc(NC(=O)CSc2nc(=O)c3c([nH]2)CCC3)cc1,-3.90066,1
COc1ccc(NC(=O)CSc2nc(=O)c3c([nH]2)CCCC3)cc1,-4.66714,1
COc1ccc(NC(=O)CSc2nc(=O)c3c([nH]2)CC[N@@H+](Cc2ccc(F)cc2)C3)cc1,-3.79097,1
COc1ccc(NC(=O)CSc2nc(=O)c3c([nH]2)CC[N@@H+](Cc2ccccc2)C3)cc1,-3.41269,1
COc1ccc(NC(=O)CSc2nc(C)cc(C)c2C#N)cc1,-5.74991,1
COc1ccc(NC(=O)CSc2nc(C)cc(C)c2C(=O)Nc2ccc(OC)cc2)cc1,-5.52299,1
COc1ccc(NC(=O)CSc2nc(C)cc3c2C(=O)OC3)cc1,-5.41715,1
COc1ccc(NC(=O)CSc2nc(O)c3c(n2)CCC3)cc1,-3.45729,1
COc1ccc(NC(=O)CSc2nc(O)cc(-c3ccc(OC)cc3)n2)cc1,-3.23667,1
COc1ccc(NC(=O)CSc2nc(O)cc(-c3ccccc3)n2)cc1,-4.34461,1
COc1ccc(NC(=O)CSc2nc3c(c(=O)[n-]2)CN(Cc2ccc(F)cc2)CC3)cc1,-2.14164,1
COc1ccc(NC(=O)CSc2nc3c(c(=O)[n-]2)C[N@@H+](Cc2ccc(F)cc2)CC3)cc1,-4.16044,1
COc1ccc(NC(=O)CSc2nc3c(c(=O)[n-]2)C[N@H+](Cc2ccc(F)cc2)CC3)cc1,-3.29955,1
COc1ccc(NC(=O)CSc2nc3c(c(=O)[nH]2)CCC3)cc1,-5.50333,1
COc1ccc(NC(=O)CSc2nc3c(c(=O)[nH]2)CCCC3)cc1,-4.75196,1
COc1ccc(NC(=O)CSc2nc3c(cc2C#N)CCC3)cc1,-5.60508,1
COc1ccc(NC(=O)CSc2nc3c(cnn3-c3ccc(Cl)cc3)c(=O)[nH]2)cc1,-5.29618,1
COc1ccc(NC(=O)CSc2nc3c(cnn3-c3ccccc3OC)c(=O)[n-]2)cc1OC,-3.64537,1
COc1ccc(NC(=O)CSc2nc3c(cnn3-c3ccccc3OC)c(=O)[nH]2)cc1,-3.87193,1
COc1ccc(NC(=O)CSc2nc3ccc(C)cc3[nH]2)cc1,-5.89599,1
COc1ccc(NC(=O)CSc2nc3ccc(NS(C)(=O)=O)cc3s2)cc1,-3.88517,1
COc1ccc(NC(=O)CSc2nc3ccc([N-]S(C)(=O)=O)cc3s2)cc1,-3.5346,1
COc1ccc(NC(=O)CSc2nc3ccccc3c3[n+]2[C@H](C)C(=O)N3)cc1,-4.54479,1
COc1ccc(NC(=O)CSc2nc3ccccc3c3nc(CCn4nc(C)cc4C)nn23)cc1,-5.0515,1
COc1ccc(NC(=O)CSc2nc3ccccc3n2CC(=O)NCc2ccccc2Cl)cc1,-4.11086,1
COc1ccc(NC(=O)CSc2nc3cccnc3[nH]2)cc1,-4.47989,1
COc1ccc(NC(=O)CSc2nc3ncccc3[nH]2)cc1,-5.69045,1
COc1ccc(NC(=O)CSc2nc3ncccc3o2)cc1,-5.67943,1
COc1ccc(NC(=O)CSc2ncc(-c3ccc(F)cc3)o2)c(OC)c1,-5.57235,1
COc1ccc(NC(=O)CSc2ncc(-c3cccc(Cl)c3)o2)cc1,-6.22351,1
COc1ccc(NC(=O)CSc2ncc(-c3ccccc3)o2)c(OC)c1,-4.50553,1
COc1ccc(NC(=O)CSc2ncc(CO)n2CC(=O)NC2CC2)cc1,-5.77217,1
COc1ccc(NC(=O)CSc2ncc(CO)n2CC(=O)NC2CCCC2)cc1,-6.499,1
COc1ccc(NC(=O)CSc2ncc(S(=O)(=O)c3ccc(C(C)(C)C)cc3)c(=O)[nH]2)cc1,-3.2924,1
COc1ccc(NC(=O)CSc2ncc(S(=O)(=O)c3ccc(Cl)cc3)c(=O)[n-]2)cc1,-5.47439,1
COc1ccc(NC(=O)CSc2ncc(S(=O)(=O)c3ccc(Cl)cc3)c(=O)[nH]2)cc1,-4.00801,1
COc1ccc(NC(=O)CSc2ncc(S(=O)(=O)c3ccc(Cl)s3)c(N)n2)cc1,-6.38514,1
COc1ccc(NC(=O)CSc2ncc(S(=O)(=O)c3ccc(F)c(C)c3)c(=O)[nH]2)cc1,-4.23433,1
COc1ccc(NC(=O)CSc2ncc(S(=O)(=O)c3cccc(Cl)c3)c(=O)[n-]2)cc1,-4.85652,1
COc1ccc(NC(=O)CSc2ncc(S(=O)(=O)c3cccc(Cl)c3)c(=O)[nH]2)cc1,-1.3448,1
COc1ccc(NC(=O)CSc2ncc(S(=O)(=O)c3ccccc3)c(N)n2)cc1,-6.21177,1
COc1ccc(NC(=O)CSc2ncc(S(=O)(=O)c3cccs3)c(N)n2)cc1,-7.32918,1
COc1ccc(NC(=O)CSc2nccn(-c3ccc(C)cc3)c2=O)cc1,-4.78405,1
COc1ccc(NC(=O)CSc2nccn(-c3cccc(F)c3)c2=O)cc1,-4.525,1
COc1ccc(NC(=O)CSc2nccn2-c2ccc(Cl)cc2)cc1,-5.83207,1
COc1ccc(NC(=O)CSc2nccn2-c2ccc(F)cc2)cc1,-5.44844,1
COc1ccc(NC(=O)CSc2nccn2-c2ccc([N+](=O)[O-])cc2)cc1,-5.66848,1
COc1ccc(NC(=O)CSc2nccn2-c2cccc(Cl)c2)c(OC)c1,-5.21848,1
COc1ccc(NC(=O)CSc2nnc(-c3cc[nH+]cc3)n2-n2cccc2)cc1,-2.43834,1
COc1ccc(NC(=O)CSc2nnc(-c3ccc(C)cc3)o2)cc1,-5.64587,1
COc1ccc(NC(=O)CSc2nnc(-c3cccc([N+](=O)[O-])c3)n2-c2ccccc2)cc1,-4.35131,1
COc1ccc(NC(=O)CSc2nnc(-c3ccccc3F)o2)cc1,-5.80048,1
COc1ccc(NC(=O)CSc2nnc(-c3cccs3)o2)cc1,-6.31657,1
COc1ccc(NC(=O)CSc2nnc(CNC(=O)c3ccco3)o2)c(OC)c1,-7.68539,1
COc1ccc(NC(=O)CSc2nnc(Cc3cccn3C)n2-c2ccc(F)cc2)cc1,-4.06898,1
COc1ccc(NC(=O)CSc2nnc(Cc3cccn3C)n2C)cc1,-4.94634,1
COc1ccc(NC(=O)CSc2nnc(N)s2)cc1,-4.59552,1
COc1ccc(NC(=O)CSc2nnc3c(=O)n(-c4ccccc4OC)ccn23)cc1,-6.4436,1
COc1ccc(NC(=O)CSc2nnc3c(C)cc4ccccc4n23)cc1,-3.73792,1
COc1ccc(NC(=O)C[C@@H](C)S(=O)(=O)c2ccc3c(c2)NC(=O)CO3)cc1Cl,-7.52021,1
COc1ccc(NC(=O)C[C@@H](C)S(=O)(=O)c2ccc3c(c2)NC(=O)[C@@H](C)S3)cc1,-5.58817,1
COc1ccc(NC(=O)C[C@@H](C)n2nc(C)cc2C)cc1,-5.25422,1
COc1ccc(NC(=O)C[C@@H](c2ccc(F)cc2)N2Cc3ccccc3C2=O)cc1,-5.27777,1
COc1ccc(NC(=O)C[C@@H](c2ccc(OC)cc2)n2cccc2)cc1,-5.67336,1
COc1ccc(NC(=O)C[C@@H](c2cccc(F)c2)n2cccc2)cc1,-5.49446,1
COc1ccc(NC(=O)C[C@@H](c2ccco2)n2cccc2)cc1,-5.8018,1
COc1ccc(NC(=O)C[C@@H]2C(=O)N(C)C(=S)N2CCN2CCOCC2)cc1,-4.26814,1
COc1ccc(NC(=O)C[C@@H]2C(=O)N(c3ccc(F)cc3)C(=O)N2CC(C)C)cc1,-4.29771,1
COc1ccc(NC(=O)C[C@@H]2C(=O)N(c3ccc(F)cc3)C(=O)N2Cc2ccc3c(c2)OCO3)cc1,-5.19371,1
COc1ccc(NC(=O)C[C@@H]2C(=O)N(c3cccc(C)c3)C(=O)N2Cc2ccc(F)cc2)cc1,-2.95592,1
COc1ccc(NC(=O)C[C@@H]2C(=O)N(c3cccc(Cl)c3)C(=S)N2CCNC(C)=O)cc1,-2.39001,1
COc1ccc(NC(=O)C[C@@H]2SC(Nc3ccc(S(N)(=O)=O)cc3)=NC2=O)cc1,-5.50795,1
COc1ccc(NC(=O)C[C@H](C)S(=O)(=O)c2ccc3c(c2)NC(=O)CO3)cc1Cl,-6.38332,1
COc1ccc(NC(=O)C[C@H](C)n2nc(C)cc2C)cc1,-6.09884,1
COc1ccc(NC(=O)C[C@H](c2ccc(F)cc2)N2Cc3ccccc3C2=O)cc1,-5.5532,1
COc1ccc(NC(=O)C[C@H](c2cccs2)n2cccc2)cc1,-5.7674,1
COc1ccc(NC(=O)C[C@H]2C(=O)N(c3cccc(C)c3)C(=O)N2Cc2cccnc2)cc1,-4.4334,1
COc1ccc(NC(=O)C[C@H]2C(=O)N(c3cccc(C)c3)C(=O)N2Cc2cccs2)cc1,-4.49934,1
COc1ccc(NC(=O)C[C@H]2C(=O)N(c3ccccc3)C(=O)N2Cc2ccc(C)cc2)cc1,-6.13818,1
COc1ccc(NC(=O)C[C@H]2C(=O)N(c3ccccc3)C(=O)N2Cc2ccc3c(c2)OCO3)cc1,-4.69426,1
COc1ccc(NC(=O)C[C@H]2C(=O)N(c3ccccc3)C(=O)N2Cc2cccc(OC)c2)cc1,-4.84718,1
COc1ccc(NC(=O)C[C@H]2C(=O)N(c3ccccc3)C(=O)N2Cc2ccco2)cc1,-5.46836,1
COc1ccc(NC(=O)C[C@H]2C(=O)N(c3ccccc3)C(=O)N2Cc2cccs2)cc1,-5.41443,1
COc1ccc(NC(=O)C[C@H]2Nc3cc(C)c(C)cc3NC2=O)cc1,-5.0636,1
COc1ccc(NC(=O)C[C@H]2Nc3ccccc3NC2=O)cc1,-4.41115,1
COc1ccc(NC(=O)C[NH+]2CCN(CC(=O)Nc3cccc(F)c3)CC2)cc1,-4.37807,1
COc1ccc(NC(=O)Cc2ccc(NC(=O)N3CCSc4ncccc43)cc2)cc1,-2.31066,1
COc1ccc(NC(=O)Cc2coc3cc(C)cc(C)c23)cc1,-5.06842,1
COc1ccc(NC(=O)Cc2csc(NC(=O)C(C)(C)C)n2)cc1,-5.74338,1
COc1ccc(NC(=O)Cc2csc(NC(=O)C3CC3)n2)cc1Cl,-7.51131,1
COc1ccc(NC(=O)Cc2csc(NC(=O)Nc3ccccc3)n2)cc1C,-5.30002,1
COc1ccc(NC(=O)Cc2csc(NC(=O)c3ccc(OC)c(OC)c3)n2)cc1,-4.87629,1
COc1ccc(NC(=O)Cc2csc(NC(=O)c3ccc(OC)cc3)n2)cc1,-4.61157,1
COc1ccc(NC(=O)Cc2csc(NC(=O)c3ccco3)n2)cc1,-6.025,1
COc1ccc(NC(=O)Cc2csc(NC(C)=O)n2)c(OC)c1,-7.86956,1
COc1ccc(NC(=O)Cn2c(=O)oc3cc(S(=O)(=O)N4CCCCCC4)ccc32)cc1,-4.36787,1
COc1ccc(NC(=O)Cn2c(SCc3cccc(F)c3)nc3cccnc32)cc1,-5.29118,1
COc1ccc(NC(=O)Cn2c3c(c(=O)n2-c2ccccc2)Cc2ccccc2O3)cc1,-2.66984,1
COc1ccc(NC(=O)Cn2cc(S(=O)(=O)Cc3ccc(C)cc3)c3ccccc32)cc1,-6.6827,1
COc1ccc(NC(=O)Cn2cc([N+](=O)[O-])cn2)cc1,-6.11113,1
COc1ccc(NC(=O)Cn2ccn(S(=O)(=O)c3ccc(C)cc3)c2=O)cc1,-6.88648,1
COc1ccc(NC(=O)Cn2cnc(S(=O)(=O)N3CCC(C)CC3)c2)cc1,-3.59272,1
COc1ccc(NC(=O)Cn2cnc(S(=O)(=O)N3CCOCC3)c2)cc1,-5.04974,1
COc1ccc(NC(=O)Cn2nc(SC)c(-c3nc(-c4cccc(C)c4)no3)c2N)cc1,-3.50514,1
COc1ccc(NC(=O)Cn2nc(SC)c(S(=O)(=O)c3ccccc3)c2N)cc1,-5.27024,1
COc1ccc(NC(=O)Cn2nc3c(Oc4ccccc4C)nc4ccccc4n3c2=O)cc1,-5.37272,1
COc1ccc(NC(=O)Cn2nnc(C(=O)NCc3ccc(Cl)cc3)c2N)cc1OC,-5.53339,1
COc1ccc(NC(=O)Cn2nnc(C(=O)NCc3ccc(F)cc3)c2N)cc1,-5.90535,1
COc1ccc(NC(=O)Cn2nnc(C(=O)NCc3ccccc3OC)c2N)cc1,-5.12053,1
COc1ccc(NC(=O)Cn2nnc(C(=O)NCc3cccs3)c2N)cc1,-5.15514,1
COc1ccc(NC(=O)Cn2nnc(C(=O)Nc3cc(C)ccc3OC)c2N)cc1,-4.7746,1
COc1ccc(NC(=O)Cn2nnc(C(=O)Nc3ccc(C)cc3C)c2N)cc1,-2.87582,1
COc1ccc(NC(=O)N(Cc2nnc3n2CCCCC3)c2ccc(C)cc2C)cc1,-5.03519,1
COc1ccc(NC(=O)N(Cc2nnc3n2CCCCC3)c2ccc(OC)c(Cl)c2)cc1,-4.8688,1
COc1ccc(NC(=O)N2CCC(n3cnc4cccnc43)CC2)cc1,-4.97805,1
COc1ccc(NC(=O)N2CCCN(C(=O)c3nonc3N)CC2)cc1,-5.98502,1
COc1ccc(NC(=O)N2CCOc3ccc(Cl)cc32)cc1,-2.74901,1
COc1ccc(NC(=O)N2CCn3cccc3[C@@H]2C)cc1,-4.85622,1
COc1ccc(NC(=O)N2C[C@@H](C)Oc3ccc(C)cc32)cc1,-5.73626,1
COc1ccc(NC(=O)N2C[C@@H](C)Sc3ccccc32)cc1,-4.2375,1
COc1ccc(NC(=O)N2C[C@H](C)Oc3ccc(C)cc32)cc1,-3.64177,1
COc1ccc(NC(=O)NCc2ccc3c(c2)CCN3C(=O)c2ccccc2)cc1,-2.05975,1
COc1ccc(NC(=O)NCc2noc3ccc(C)cc23)cc1,-5.30547,1
COc1ccc(NC(=O)N[C@@H](Cc2ccccc2)Cc2ccc3c(c2)OCO3)cc1,-4.45482,1
COc1ccc(NC(=O)N[C@H](Cc2ccccc2)Cc2ccc3c(c2)OCO3)cc1,-5.02493,1
COc1ccc(NC(=O)N[C@H]2COc3ccc(OC)cc3C2)cc1,-7.09361,1
COc1ccc(NC(=O)Nc2ccc3c(c2)OCO3)cc1,-3.74302,1
COc1ccc(NC(=O)Nc2nc3ccc(S(C)(=O)=O)cc3s2)cc1,-5.63078,1
COc1ccc(NC(=O)Nc2nnc(N3CCCCC3)s2)cc1,-4.87617,1
COc1ccc(NC(=O)[C@@H](C)n2c(C)c3cnn(-c4ccccc4)c(=O)c3c2C)cc1,-5.49708,1
COc1ccc(NC(=O)[C@@H](CCS(C)(=O)=O)N2Cc3ccccc3C2=O)cc1,-5.00448,1
COc1ccc(NC(=O)[C@@H](Cc2ccccc2)[N-]S(=O)(=O)c2cccs2)cc1,0.606198,1
COc1ccc(NC(=O)[C@@H]([N-]S(=O)(=O)c2cccc3nsnc23)c2ccccc2)cc1,0.509385,1
COc1ccc(NC(=O)[C@@H](c2cc3c(cc2[N+](=O)[O-])OCO3)N2CCOCC2)cc1,-5.55806,1
COc1ccc(NC(=O)[C@@H]2CC(=O)N(C)/C(=N/c3ccc(F)cc3)S2)cc1,-5.61506,1
COc1ccc(NC(=O)[C@@H]2CC(=O)N(c3ccc(C)cc3)C2)cc1,-4.08579,1
COc1ccc(NC(=O)[C@@H]2CC(=O)N/C(=N\N=C\c3ccccc3)S2)cc1,-0.768898,1
COc1ccc(NC(=O)[C@@H]2CC(=O)N/C(=N\c3ccccc3)S2)cc1,-3.33224,1
COc1ccc(NC(=O)[C@@H]2CC(=O)N=C(N)S2)cc1,-4.03621,1
COc1ccc(NC(=O)[C@@H]2CC(=O)N=C3NC(SCc4ccccc4C)=NC([O-])=C32)cc1,-3.09358,1
COc1ccc(NC(=O)[C@@H]2CC(=O)N=C3NC(SCc4ccccc4F)=NC([O-])=C32)cc1,-3.39222,1
COc1ccc(NC(=O)[C@@H]2CC(=O)Nc3[nH]c(SCc4ccc(C)cc4)nc(=O)c32)cc1,-4.06614,1
COc1ccc(NC(=O)[C@@H]2CC(=O)Nc3[nH]c(SCc4ccccc4C)nc(=O)c32)cc1,-4.12482,1
COc1ccc(NC(=O)[C@@H]2CC(=O)[N+](C)=C(Nc3ccc(C)c(Cl)c3)S2)cc1,-0.840628,1
COc1ccc(NC(=O)[C@@H]2CC(c3cc(OC)ccc3OC)=NO2)cc1,-4.70706,1
COc1ccc(NC(=O)[C@@H]2CC(c3ccc(OC)cc3)=NO2)cc1,-6.07355,1
COc1ccc(NC(=O)[C@@H]2CCCN(S(=O)(=O)c3c(C)noc3/C=C/c3ccccc3F)C2)cc1,-2.92069,1
COc1ccc(NC(=O)[C@@H]2CCCN(S(=O)(=O)c3ccc4[nH]c(=O)oc4c3)C2)cc1,-6.75526,1
COc1ccc(NC(=O)[C@@H]2CCCN2C(=O)OCc2ccccc2)cc1,-5.29508,1
COc1ccc(NC(=O)[C@@H]2CCCN2S(=O)(=O)c2ccc(F)cc2)cc1,-4.64464,1
COc1ccc(NC(=O)[C@@H]2Nc3cc(C(F)(F)F)ccc3S(=O)(=O)N2)cc1,-2.51273,1
COc1ccc(NC(=O)[C@@H]2O[C@@H]3OC(C)(C)O[C@@H]3[C@@H]3OC(C)(C)O[C@H]32)cc1,-5.11475,1
COc1ccc(NC(=O)[C@H](CC(C)C)NS(=O)(=O)c2ccc3c(c2)oc(=O)n3C)cc1,-3.96829,1
COc1ccc(NC(=O)[C@H](CCS(C)(=O)=O)N2Cc3ccccc3C2=O)cc1,-5.56397,1
COc1ccc(NC(=O)[C@H](Cc2ccc(OCC(C)=O)cc2)NC(C)=O)cc1,-10.29,1
COc1ccc(NC(=O)[C@H](Cc2ccc(OCC(C)=O)cc2)NC=O)cc1,-10.22,1
COc1ccc(NC(=O)[C@H](Cc2ccc(OCC(N)=O)cc2)NC(C)=O)cc1,-9.826,1
COc1ccc(NC(=O)[C@H](Cc2ccc(OCC(N)=O)cc2)NC=O)cc1,-9.667,1
COc1ccc(NC(=O)[C@H](Cc2ccc(OCC=O)cc2)NC(C)=O)cc1,-9.512,1
COc1ccc(NC(=O)[C@H](Cc2ccc(OCC=O)cc2)NC=O)cc1,-9.482,1
COc1ccc(NC(=O)[C@H](Cc2ccc(OCO)cc2)NC(C)=O)cc1,-9.153,1
COc1ccc(NC(=O)[C@H](Cc2ccc(OCO)cc2)NC=O)cc1,-9.138,1
COc1ccc(NC(=O)[C@H](Cc2ccc(ONO)cc2)NC(C)=O)cc1,-7.101,1
COc1ccc(NC(=O)[C@H](Cc2ccc(ONO)cc2)NC=O)cc1,-6.887,1
COc1ccc(NC(=O)[C@H](Cc2ccc3c(NC(C)=O)n[nH]c3c2)NC=O)cc1,-10.4,1
COc1ccc(NC(=O)[C@H](Cc2ccc3c(NC=O)n[nH]c3c2)NC=O)cc1,-10.29,1
COc1ccc(NC(=O)[C@H](Cc2ccccc2)[N-]S(=O)(=O)c2cccs2)cc1,-1.90535,1
COc1ccc(NC(=O)[C@H](Cc2ccccc2)n2cccc2)cc1,-5.22167,1
COc1ccc(NC(=O)[C@H]2CC(=O)N(C)/C(=N/c3ccc(F)cc3)S2)cc1,-6.3851,1
COc1ccc(NC(=O)[C@H]2CC(=O)N(C)/C(=N/c3cccc(F)c3)S2)cc1,-6.14691,1
COc1ccc(NC(=O)[C@H]2CC(=O)N(CCc3c[nH]c4ccc(F)cc34)C2)cc1,-5.88004,1
COc1ccc(NC(=O)[C@H]2CC(=O)N/C(=N\N=C\c3ccccc3)S2)cc1,-4.62522,1
COc1ccc(NC(=O)[C@H]2CC(=O)N/C(=N\c3ccccc3)S2)cc1,-5.67465,1
COc1ccc(NC(=O)[C@H]2CC(=O)N=C(N)S2)cc1,-5.97141,1
COc1ccc(NC(=O)[C@H]2CC(=O)N=C3NC(SCc4ccc(C)cc4)=NC([O-])=C32)cc1,-3.1568,1
COc1ccc(NC(=O)[C@H]2CC(=O)N=C3NC(SCc4ccc(Cl)cc4)=NC([O-])=C32)cc1,-3.03668,1
COc1ccc(NC(=O)[C@H]2CC(=O)N=C3NC(SCc4ccc(F)cc4)=NC([O-])=C32)cc1,-3.85041,1
COc1ccc(NC(=O)[C@H]2CC(=O)N=C3NC(SCc4ccccc4C)=NC([O-])=C32)c(OC)c1,-1.30389,1
COc1ccc(NC(=O)[C@H]2CC(=O)N=C3NC(SCc4ccccc4C)=NC([O-])=C32)cc1,-4.19439,1
COc1ccc(NC(=O)[C@H]2CC(=O)N=C3NC(SCc4ccccc4F)=NC([O-])=C32)cc1,-4.01901,1
COc1ccc(NC(=O)[C@H]2CC(=O)Nc3nc(SCc4ccc(C)cc4)[n-]c(=O)c32)cc1,-1.9362,1
COc1ccc(NC(=O)[C@H]2CC(=O)[NH+]=C(Nc3ccccc3)S2)cc1,-3.00589,1
COc1ccc(NC(=O)[C@H]2CC(c3cc(OC)ccc3OC)=NO2)cc1,-6.78095,1
COc1ccc(NC(=O)[C@H]2CC(c3ccc(OC)cc3)=NO2)cc1,-4.35909,1
COc1ccc(NC(=O)[C@H]2CCCN(S(=O)(=O)c3c(C)noc3/C=C/c3ccccc3F)C2)cc1,-3.52929,1
COc1ccc(NC(=O)[C@H]2CCCN(S(=O)(=O)c3ccc4[nH]c(=O)ccc4c3)C2)cc1Cl,-4.746,1
COc1ccc(NC(=O)[C@H]2CCCN(S(=O)(=O)c3ccc4c(c3)CCCN4C(C)=O)C2)cc1,-2.52826,1
COc1ccc(NC(=O)[C@H]2CCCN(S(=O)(=O)c3cn(C)cn3)C2)cc1,-3.43761,1
COc1ccc(NC(=O)[C@H]2CCCN(c3ncnc4c3nc3n4CCCCC3)C2)cc1,-6.50639,1
COc1ccc(NC(=O)[C@H]2CCCN2C(=O)OCc2ccccc2)cc1,-5.52379,1
COc1ccc(NC(=O)[C@H]2CCCN2S(=O)(=O)c2ccc(F)cc2)cc1,-3.09073,1
COc1ccc(NC(=O)[C@H]2CC[C@@H](CNS(=O)(=O)c3ccc(Br)s3)CC2)cc1,-5.84419,1
COc1ccc(NC(=O)[C@H]2Nc3cc(C(F)(F)F)ccc3S(=O)(=O)N2)cc1,-3.64647,1
COc1ccc(NC(=O)[C@H]2Sc3nnc(-c4ccccc4)n3NC23CCCCC3)cc1,-5.15712,1
COc1ccc(NC(=O)[C@H]2Sc3nnc(COc4ccccc4)n3N[C@@H]2c2ccccc2)cc1,-5.05433,1
COc1ccc(NC(=O)[N-]c2nnc(SCC(=O)Nc3ccc4c(c3)OCO4)s2)cc1,-2.2728,1
COc1ccc(NC(=O)c2c(-c3c(F)cccc3Cl)noc2C)cc1,-3.24212,1
COc1ccc(NC(=O)c2c(-c3ccc(F)cc3F)noc2C)cc1,-3.98585,1
COc1ccc(NC(=O)c2c(-c3cccc(Br)c3)noc2C)cc1,-3.99298,1
COc1ccc(NC(=O)c2c[n-]c(=O)n(-c3cccc(OC)c3)c2=O)cc1,-3.00634,1
COc1ccc(NC(=O)c2c[n-]c(=O)n(-c3ccccc3)c2=O)cc1,-4.487,1
COc1ccc(NC(=O)c2cc(-c3ccc(O)cc3)on2)cc1OC,-5.82774,1
COc1ccc(NC(=O)c2cc(-c3ccc([O-])cc3)on2)cc1OC,-2.9139,1
COc1ccc(NC(=O)c2cc(-c3ccccc3O)on2)cc1,-5.40603,1
COc1ccc(NC(=O)c2cc(C[NH+]3CCCC3)on2)cc1,-3.87427,1
COc1ccc(NC(=O)c2cc(S(=O)(=O)NCc3ccccc3OC)ccc2F)cc1,-3.34603,1
COc1ccc(NC(=O)c2cc3cc4cc(OC)ccc4nc3o2)cc1,-3.52637,1
COc1ccc(NC(=O)c2cc3cc4ccc(C)cc4nc3o2)cc1,-5.09779,1
COc1ccc(NC(=O)c2cc3n(n2)[C@@H](C(F)(F)F)C[C@@H](c2ccco2)N3)cc1,-0.925937,1
COc1ccc(NC(=O)c2ccc(Cl)c([N+](=O)[O-])c2)cc1,-5.09917,1
COc1ccc(NC(=O)c2ccc3c(c2)NC(=O)CO3)cc1,-4.96193,1
COc1ccc(NC(=O)c2ccc3snnc3c2)cc1,-3.66247,1
COc1ccc(NC(=O)c2cccc(-c3noc(C4CCC4)n3)c2)cc1,-4.47771,1
COc1ccc(NC(=O)c2cccc(-n3cnnc3)n2)cc1,-4.83386,1
COc1ccc(NC(=O)c2cccc(N3C(=O)N[C@H]4C[C@]3(C)Oc3c(OC)cccc34)c2)cc1,-4.0979,1
COc1ccc(NC(=O)c2cccc(N3C(=O)N[C@H]4C[C@]3(C)Oc3ccccc34)c2)cc1,-4.59758,1
COc1ccc(NC(=O)c2ccccc2-c2nc(-c3ccc(F)cc3)no2)cc1,-3.30725,1
COc1ccc(NC(=O)c2ccccc2-c2nc(-c3ccccc3)no2)cc1,-6.00332,1
COc1ccc(NC(=O)c2ccccc2NC(=O)c2ccc(C)cc2)cc1,-6.14056,1
COc1ccc(NC(=O)c2cccn(OCc3cccc([N+](=O)[O-])c3)c2=O)cc1,-2.69015,1
COc1ccc(NC(=O)c2cccnc2N2CCOCC2)cc1,-3.32623,1
COc1ccc(NC(=O)c2ccco2)cc1NC(=O)COc1ccc(C)c(C)c1,-3.89114,1
COc1ccc(NC(=O)c2ccco2)cc1NC(=O)COc1ccc(C)cc1,-6.48202,1
COc1ccc(NC(=O)c2ccco2)cc1NC(=O)COc1cccc(C)c1,-5.96047,1
COc1ccc(NC(=O)c2ccco2)cc1NC(=O)COc1ccccc1,-6.10356,1
COc1ccc(NC(=O)c2ccco2)cc1NC(=O)c1ccc(C(C)C)cc1,-5.90566,1
COc1ccc(NC(=O)c2cccs2)cc1,-5.98458,1
COc1ccc(NC(=O)c2ccnc(Nc3cc(C)cc(C)c3)c2)cc1,-4.02039,1
COc1ccc(NC(=O)c2ccnc(Nc3ccc(OC)cc3)c2)cc1,-4.07077,1
COc1ccc(NC(=O)c2cnc(N3CCCC3)nc2C)cc1,-5.11273,1
COc1ccc(NC(=O)c2cnc(N3CCOCC3)nc2C)cc1,-5.23193,1
COc1ccc(NC(=O)c2cnc3ccccn3c2=O)cc1,-7.05595,1
COc1ccc(NC(=O)c2cnc3nc(C)ccc3c2[O-])cc1,-5.59091,1
COc1ccc(NC(=O)c2cnc3scc(-c4ccccc4Cl)n3c2=O)cc1,-5.10127,1
COc1ccc(NC(=O)c2cncc(NS(=O)(=O)c3ccc(C)cc3)c2)cc1,0.0113011,1
COc1ccc(NC(=O)c2cnn(-c3cccc(C)c3)c2-n2cccc2)cc1,-3.24907,1
COc1ccc(NC(=O)c2nc(-c3ccccc3)n(-c3ccc(F)cc3)n2)cc1,-4.03026,1
COc1ccc(NC(=O)c2nc(S(=O)(=O)Cc3ccc(C)cc3)ncc2Cl)cc1,-3.53724,1
COc1ccc(NC(=O)c2nc(SC(C)C)ncc2Cl)cc1,-4.82462,1
COc1ccc(NC(=O)c2nc(SC)ncc2Cl)c(OC)c1,-4.55894,1
COc1ccc(NC(=O)c2nc(SC)ncc2Cl)cc1,-4.45161,1
COc1ccc(NC(=O)c2ncoc2-c2ccc(OC)cc2)cc1,-6.97008,1
COc1ccc(NC(=O)c2ncoc2-c2cccc(C)c2)c(OC)c1,-4.48855,1
COc1ccc(NC(=O)c2ncoc2-c2cccs2)cc1,-5.19903,1
COc1ccc(NC(=O)c2nn(-c3ccc(F)cc3)ccc2=O)c(OC)c1,-3.40302,1
COc1ccc(NC(=O)c2nn(-c3cccc(C)c3)ccc2=O)c(OC)c1,-3.47093,1
COc1ccc(NC(=O)c2nn(-c3cccc(Cl)c3)ccc2=O)cc1,-3.12559,1
COc1ccc(NC(=O)c2nn(-c3ccccc3)ccc2=O)cc1,-2.04416,1
COc1ccc(NC(=O)c2nnc(C(=O)NCCC[NH+]3CCCC3)s2)cc1,2.82455,1
COc1ccc(NC(=O)c2nnc(C(=O)NCC[NH+]3CCN(C)CC3)s2)cc1,-2.94758,1
COc1ccc(NC(=O)c2nnc(C(=O)NCc3cc(OC)ccc3OC)s2)cc1,-4.54451,1
COc1ccc(NC(=O)c2nnc(C(=O)NCc3ccc(C)cc3)s2)cc1,-5.2625,1
COc1ccc(NC(=O)c2nnc(C(=O)NCc3ccc(F)cc3)s2)cc1,-5.10245,1
COc1ccc(NC(=O)c2nnc(CCC(=O)NCC[NH+]3CCCCC3)s2)cc1,-4.58979,1
COc1ccc(NC(=O)c2nnc(CCC(=O)NCc3ccc4c(c3)OCO4)s2)cc1,-5.82334,1
COc1ccc(NC(=O)c2nnc(CCC(=O)NCc3ccccn3)s2)cc1,-4.71043,1
COc1ccc(NC(=O)c2nnc(CCCC(=O)N3CCCCCC3)s2)cc1,-4.20604,1
COc1ccc(NC(=O)c2nnc(CCCC(=O)NC(C)C)s2)cc1,-4.31811,1
COc1ccc(NC(=O)c2nnc(CCCC(=O)NCC[NH+]3CCOCC3)s2)cc1,-4.08458,1
COc1ccc(NC(=O)c2nnc(CCCC(=O)NCCc3c[nH]c4ccc(C)cc34)s2)cc1,-2.93813,1
COc1ccc(NC(=O)c2nnc(CCCC(=O)NCc3ccccc3)s2)cc1,-4.92807,1
COc1ccc(NC(=O)c2nnc(CCCC(=O)NCc3ccccc3Cl)s2)cc1,-3.3042,1
COc1ccc(NC(=O)c2nnc(CCCC(=O)NCc3cn[nH]c3C)s2)cc1,-3.55129,1
COc1ccc(NC(=O)c2nnc(COCC(=O)NCc3c[nH]nc3C)s2)cc1,-5.39674,1
COc1ccc(NC(=O)c2nnc(COCC(=O)NCc3ccc4c(c3)OCO4)s2)cc1,-4.17137,1
COc1ccc(NC(=O)c2nnc(COCC(=O)NCc3cccc(OC)c3)s2)cc1,-3.81341,1
COc1ccc(NC(=O)c2nnc(COCC(=O)NCc3cccnc3)s2)cc1,-5.57502,1
COc1ccc(NC(=O)c2nnc(COCC(=O)N[C@@H](C)Cc3ccco3)s2)cc1,-5.50888,1
COc1ccc(NC(=O)c2nnc(CSCC(=O)N3CCN(c4cccc[nH+]4)CC3)s2)cc1,-2.65859,1
COc1ccc(NC(=O)c2nnc(CSCC(=O)NCC[NH+](C)C)s2)cc1,-5.76694,1
COc1ccc(NC(=O)c2nnc(CSCC(=O)NCCc3ccc(C)cc3)s2)cc1,-2.62895,1
COc1ccc(NC(=O)c2nnc(CSCC(=O)NCCc3ccc(Cl)cc3)s2)cc1,-6.23751,1
COc1ccc(NC(=O)c2nnc(CSCC(=O)NCCc3ccccc3)s2)cc1,-2.40058,1
COc1ccc(NC(=O)c2nnc(CSCC(=O)N[C@H](c3cccs3)C(C)C)s2)cc1,-5.91607,1
COc1ccc(NC(=O)c2nnn(-c3cccc(C)c3)c2C)cc1,-4.24364,1
COc1ccc(NC(=O)c2oc3ccccc3c2NC(=O)C(C)C)cc1,-2.12576,1
COc1ccc(NC(=O)c2sc(-n3nc(C)cc3C)nc2C)cc1,-4.64232,1
COc1ccc(NC(=O)c2sc3nc4c(cc3c2N)CCC4)cc1,-5.40642,1
COc1ccc(NC(=O)c2scc3c2CCCC3)cc1,-5.11905,1
COc1ccc(NC(=O)c2sccc2S(=O)(=O)N(C)c2ccc(C)c(C)c2)cc1,-3.94016,1
COc1ccc(NC(=S)N(CCCN2CCOCC2)Cc2cn(C)c3ccccc23)cc1,-2.84278,1
COc1ccc(NC(=S)N(CCC[NH+]2CCOCC2)C2CCN(C(C)=O)CC2)cc1,-5.42315,1
COc1ccc(NC(=S)N2CCn3cccc3[C@@H]2c2ccccc2F)cc1,-4.39547,1
COc1ccc(NC(=S)NCCc2c[nH]c3ccccc23)cc1,-3.8404,1
COc1ccc(NC(=S)NC[C@@H](c2cccnc2)N2CCOCC2)cc1,-3.94835,1
COc1ccc(NC2=C[C@@H](c3ccc(OC)cc3)CC(O)=C2)cc1,-6.33694,1
COc1ccc(NC2=NC(=O)C[C@@H](C(=O)Nc3ccc(Cl)cc3)S2)cc1,-5.73545,1
COc1ccc(NC2=[N+](Cc3cccs3)C(=O)C[C@@H](C(=O)Nc3ccc(C(=O)[O-])cc3)S2)cc1,-1.79202,1
COc1ccc(NC2=[N+](Cc3cccs3)C(=O)C[C@H](C(=O)Nc3ccc(C(=O)[O-])cc3)S2)cc1,-2.05379,1
COc1ccc(NS(=O)(=O)c2cc(-c3cnc(C4CC4)o3)ccc2C)cc1,-2.55536,1
COc1ccc(NS(=O)(=O)c2cc(-c3noc(C)n3)ccc2C)cc1,-0.122961,1
COc1ccc(NS(=O)(=O)c2cc(-c3noc(C)n3)sc2C)cc1,-2.50098,1
COc1ccc(NS(=O)(=O)c2cc(CN3C(=O)c4cccnc4C3=O)ccc2OC)cc1,-1.55353,1
COc1ccc(NS(=O)(=O)c2cc3[nH]c(=O)c(=O)[nH]c3cc2C)cc1,-6.65539,1
COc1ccc(NS(=O)(=O)c2ccc(-c3cc(C)no3)cc2OC)c(OC)c1,-2.40352,1
COc1ccc(NS(=O)(=O)c2ccc(-c3cc(C)no3)s2)c(OC)c1,-4.4388,1
COc1ccc(NS(=O)(=O)c2ccc(-c3ccno3)cc2OC)cc1,-3.45317,1
COc1ccc(NS(=O)(=O)c2ccc(-c3onc(C)c3C)o2)cc1Cl,-1.25438,1
COc1ccc(NS(=O)(=O)c2ccc3c(c2)CCN3C(=O)CCC(=O)N2CCOCC2)cc1,-4.48028,1
COc1ccc(NS(=O)(=O)c2ccc3c(c2)oc(=O)n3C)cc1,-7.43691,1
COc1ccc(Nc2[nH]nnc2C(=O)NCc2ccccc2)cc1,-6.27422,1
COc1ccc(Nc2[nH]nnc2C(=O)Nc2cc(OC)cc(OC)c2)cc1,-6.37414,1
COc1ccc(Nc2[nH]nnc2C(=O)Nc2ccc(C)c(Cl)c2)cc1,-6.5486,1
COc1ccc(Nc2[nH]nnc2C(=O)Nc2cccc(C)c2)cc1,-6.30798,1
COc1ccc(Nc2c(-c3ccc(F)cc3)nc3cnccn23)cc1,-6.88755,1
COc1ccc(Nc2c(-c3ccc(N(C)C)cc3)nc3cnccn23)cc1,-6.53552,1
COc1ccc(Nc2c(-c3ccc(N(C)C)cc3)nc3ncccn23)cc1,-6.70347,1
COc1ccc(Nc2c(-c3ccc(O)cc3)nc3cnccn23)cc1OC,-5.96828,1
COc1ccc(Nc2cc(C)[nH+]c(N3CCN(C(=O)Nc4ccc(F)cc4)CC3)n2)cc1,-3.1972,1
COc1ccc(Nc2cc(C)nc(N3CCN(C(=O)C(C)C)CC3)[nH+]2)cc1,-3.70919,1
COc1ccc(Nc2cc(C)nc(N3CCN(C(=O)C(C)C)CC3)n2)cc1,-0.791244,1
COc1ccc(Nc2cc(C)nc(N3CCN(C(=O)c4ccc(OC)c(OC)c4)CC3)[nH+]2)cc1,-4.16824,1
COc1ccc(Nc2cc(C)nc(N3CCN(C(=O)c4ccc(OC)c(OC)c4)CC3)n2)cc1,-4.64585,1
COc1ccc(Nc2cc(C)nc(N3CCN(C(=O)c4ccc(OC)cc4)CC3)[nH+]2)cc1,-2.87284,1
COc1ccc(Nc2cc(C)nc(N3CCN(C(=O)c4cccc(C)c4)CC3)[nH+]2)cc1,-1.44438,1
COc1ccc(Nc2cc(C)nc3c(C)c(-c4ccccc4)nn23)cc1,-6.63694,1
COc1ccc(Nc2cc(C)nc3cc(-c4ccccc4OC)nn23)cc1,-6.36801,1
COc1ccc(Nc2cc(C)nc3nc(-c4ccc(C)cc4)nn23)cc1,-7.32218,1
COc1ccc(Nc2cc(C)nc3nc(-c4ccc(Cl)cc4)nn23)cc1,-7.09041,1
COc1ccc(Nc2cc(C)nc3nc(-c4cccc(C)c4)nn23)cc1,-7.01049,1
COc1ccc(Nc2cc(C)nc3nc(-c4ccccc4)nn23)cc1,-7.35928,1
COc1ccc(Nc2cc(C)nc3nc(Cc4ccccc4)nn23)cc1,-5.19167,1
COc1ccc(Nc2cc(N3CCOCC3)c3nonc3c2[N+](=O)[O-])cc1,-5.40484,1
COc1ccc(Nc2cc(NCCCO)c([N+](=O)[O-])c3nonc23)cc1,-6.17745,1
COc1ccc(Nc2n[n-]nc2C(=O)Nc2cc(OC)cc(OC)c2)cc1,-1.61361,1
COc1ccc(Nc2n[nH]nc2C(=O)NCc2ccccc2)cc1,-5.62517,1
COc1ccc(Nc2n[nH]nc2C(=O)Nc2cc(OC)cc(OC)c2)cc1,-5.43245,1
COc1ccc(Nc2n[nH]nc2C(=O)Nc2ccc(C)cc2Cl)cc1,-2.38573,1
COc1ccc(Nc2n[nH]nc2C(=O)Nc2cccc(C)c2)cc1,-6.53975,1
COc1ccc(Nc2nc(-c3ccc(OC)cc3)no2)cc1,-7.22137,1
COc1ccc(Nc2nc(-c3cccc(OC)c3)no2)cc1,-6.46302,1
COc1ccc(Nc2nc(=O)c(Cc3ccccc3Cl)n[nH]2)cc1,-5.43401,1
COc1ccc(Nc2nc(C)c3c(n2)C[C@H](c2ccco2)CC3=O)cc1,-5.11973,1
COc1ccc(Nc2nc(N3CCCC3)[nH+]c(N)c2[N+](=O)[O-])cc1,-5.59396,1
COc1ccc(Nc2nc(N3CCCC3)nc(N)c2[N+](=O)[O-])cc1,-6.39494,1
COc1ccc(Nc2nc(N3CC[NH+](CCO)CC3)nc3c2cnn3C)cc1,-5.59634,1
COc1ccc(Nc2nc(NCCc3ccccc3)nc3c2cnn3C)cc1,-7.00157,1
COc1ccc(Nc2nc(NC[C@@H]3CCCO3)nc3c2cnn3-c2ccccc2)cc1,-5.50089,1
COc1ccc(Nc2nc(NCc3ccc(C)cc3)nc3c2cnn3C)cc1,-6.34655,1
COc1ccc(Nc2nc(NCc3ccc[nH+]c3)nc3c2cnn3-c2ccccc2)cc1,-2.59092,1
COc1ccc(Nc2nc(NCc3ccccc3Cl)nc3c2cnn3C)cc1,-6.44248,1
COc1ccc(Nc2nc(NCc3cccnc3)nc3c2cnn3-c2ccccc2)cc1,-4.97176,1
COc1ccc(Nc2nc3c(S(=O)(=O)c4cc(C)ccc4C)nnn3c3ccccc23)cc1,-4.97284,1
COc1ccc(Nc2nc3c(S(=O)(=O)c4ccc(C(C)C)cc4)nnn3c3ccccc23)cc1,-4.26065,1
COc1ccc(Nc2nc3c(S(=O)(=O)c4ccc(C)c(C)c4)nnn3c3ccccc23)cc1,-5.4065,1
COc1ccc(Nc2nc3c(S(=O)(=O)c4ccc(C)cc4)nnn3c3ccsc23)cc1,-5.55767,1
COc1ccc(Nc2nc3c(S(=O)(=O)c4cccc(Cl)c4)nnn3c3ccsc23)cc1,-5.58134,1
COc1ccc(Nc2ncc(C)c(Nc3ccc(C(=O)NC(C)=O)cc3)n2)cc1,-7.683,1
COc1ccc(Nc2ncc(C)c(Nc3ccc(C(=O)NC=O)cc3)n2)cc1,-10.39,1
COc1ccc(Nc2ncc(C)c(Nc3ccc(C(N)=O)cc3)n2)cc1,-9.738,1
COc1ccc(Nc2ncc(C)c(Nc3ccc4c(NC(C)=O)n[nH]c4c3)n2)cc1,-10.48,1
COc1ccc(Nc2ncc(C)c(Nc3ccc4c(NC=O)n[nH]c4c3)n2)cc1,-6.602,1
COc1ccc(Nc2ncc3c(n2)CC[N@@H+](Cc2ccc(F)c(F)c2)C3)cc1,-5.13389,1
COc1ccc(Nc2ncc3c(n2)CC[N@@H+](Cc2cccc(F)c2)C3)cc1,-5.52801,1
COc1ccc(Nc2ncnc3c2cnn3-c2ccc(C)c(C)c2)cc1,-5.83379,1
COc1ccc(Nc2ncnc3c2cnn3-c2ccc(C)cc2)cc1,-5.51244,1
COc1ccc(Nc2ncnc3c2cnn3-c2ccccc2)cc1,-5.55797,1
COc1ccc(Nc2ncnc3sc(C(=O)[O-])c(C)c23)cc1,-4.78973,1
COc1ccc(Nc2nn3c(=O)c4cc(C)ccc4nc3s2)cc1,-5.1096,1
COc1ccc(Nc2nn3c(=O)c4cc5c(cc4nc3s2)OCO5)cc1,-6.12783,1
COc1ccc(Nc2nn[nH]c2C(=O)NCc2ccccc2)cc1,-6.26455,1
COc1ccc(Nc2nnc(-c3ccc(C)c(S(N)(=O)=O)c3)c3ccccc23)cc1,-6.36979,1
COc1ccc(Nc2oc(-c3ccc(OC)cc3)nc2C#N)cc1,-5.89592,1
COc1ccc(OC(=O)c2cc(-c3ccc(Cl)cc3)on2)cc1,-3.89208,1
COc1ccc(OC(=O)c2cc(-c3ccc(OC)cc3)on2)cc1,-3.87026,1
COc1ccc(OC(=O)c2cc(-c3cccs3)on2)cc1,-3.934,1
COc1ccc(OC(=O)c2cc3c(C)nn(-c4ccccc4)c3s2)cc1,-4.22322,1
COc1ccc(OC)c(-c2cc(C(=O)N/N=C/c3ccncc3)[nH]n2)c1,-4.60633,1
COc1ccc(OC)c(-c2cc(C(=O)N/N=C/c3ccncc3)n[nH]2)c1,-5.52661,1
COc1ccc(OC)c(-c2nc(C(N)=O)c3[nH]c(=O)n(-c4ccccc4)c3n2)c1,-6.67266,1
COc1ccc(OC)c(-n2nnc(-c3nc(-c4ccncc4)no3)c2N)c1,-5.34335,1
COc1ccc(OC)c(C2=NO[C@@H](C(=O)Nc3ccc(C(C)=O)cc3)C2)c1,-7.03566,1
COc1ccc(OC)c(C2=NO[C@@H](C(=O)Nc3ccc(OC(F)(F)F)cc3)C2)c1,-5.20757,1
COc1ccc(OC)c(C2=NO[C@H](C(=O)Nc3ccc(C(C)=O)cc3)C2)c1,-6.99135,1
COc1ccc(OC)c(CN2CCN(Cc3ccc(C(F)(F)F)cc3)CC2)c1,-3.99454,1
COc1ccc(OC)c(CN2CCN(S(=O)(=O)c3ccccc3)CC2)c1,-4.28702,1
COc1ccc(OC)c(CNC(=O)CCc2ccc3nc(NC(C)=O)sc3c2)c1,-2.6806,1
COc1ccc(OC)c(CNC(=O)Cc2ccc3nc(NC(C)=O)sc3c2)c1,-5.39958,1
COc1ccc(OC)c(CNc2nc(NCCO)nc3c2cnn3C)c1,-6.00248,1
COc1ccc(OC)c(C[N@H+]2CC[N@@H+](Cc3ccc(C(F)(F)F)cc3)CC2)c1,-5.22487,1
COc1ccc(OC)c(C[NH2+]Cc2c(C(=O)[O-])c(C)n(Cc3cccc(F)c3)c2C)c1,-5.21025,1
COc1ccc(OC)c(NC(=O)CCc2nnc3ccc(N4CCC5(CC4)OCCO5)nn23)c1,-4.99495,1
COc1ccc(OC)c(NC(=O)COc2cc(CSc3nnc(C)s3)[nH+]cc2OC)c1,-2.31777,1
COc1ccc(OC)c(NC(=O)COc2cc(CSc3nnc(C)s3)ncc2OC)c1,-4.80356,1
COc1ccc(OC)c(NC(=O)COc2cccc(-c3nc(-c4ccc(C)cc4)no3)c2)c1,-7.3668,1
COc1ccc(OC)c(NC(=O)CSc2nc3[nH]nc(C)c3c(N)[n+]2-c2cccc(Cl)c2)c1,-3.10471,1
COc1ccc(OC)c(NC(=O)CSc2ncc(CO)n2Cc2ccc(Cl)cc2)c1,-0.813846,1
COc1ccc(OC)c(NC(=O)CSc2nnc(CNC(=O)c3c(F)cccc3Cl)o2)c1,-1.76686,1
COc1ccc(OC)c(NC(=O)CSc2nnc(CNC(=O)c3ccco3)o2)c1,-5.31263,1
COc1ccc(OC)c(NC(=O)Cc2csc(NC(=O)c3ccco3)n2)c1,-5.71488,1
COc1ccc(OC)c(NC(=O)N2CCC[C@H]2c2cc(C)on2)c1,-3.13613,1
COc1ccc(OC)c(NC(=O)N2CCN(c3ccc(-c4noc(C)n4)cc3)CC2)c1,-4.18119,1
COc1ccc(OC)c(NS(=O)(=O)c2ccc(-c3cc(C)no3)s2)c1,-4.63839,1
COc1ccc(OC)c(S(=O)(=O)Nc2ccc3nc(NC(C)=O)sc3c2)c1,-8.52833,1
COc1ccc(OC)c(S(=O)(=O)Nc2ccc3nc([N-]C(C)=O)sc3c2)c1,0.686797,1
COc1ccc(OC)c(S(=O)(=O)Nc2cccc(-c3ccc(OC)nn3)c2)c1,-5.7705,1
COc1ccc(OC)c(S(=O)(=O)[N-]c2ccc3c(c2)CCCN3C(=O)c2ccco2)c1,-2.39227,1
COc1ccc(OC)c(S(=O)(=O)[N-]c2cccc(-c3ccc(OC)nn3)c2)c1,-4.27911,1
COc1ccc(OC)c([C@@H]2C(C(=O)Nc3ccccc3OC)=C(C)Nc3nc(CCCO)nn32)c1,-4.76975,1
COc1ccc(OC)c([C@@H]2NC(=O)NC(C)=C2C(=O)OCCOc2ccccc2)c1,-5.38633,1
COc1ccc(OC)c([C@H]2/C(=C(\[O-])Nc3ccccc3OC)C(C)=Nc3nc(CCCO)nn32)c1,-5.16368,1
COc1ccc(OC)c([C@H]2C(C(=O)OC3CCCCC3)=C(C)Nc3ncnn32)c1,-3.16998,1
COc1ccc(OC)c([C@H]2C=C(c3ccc(Br)cc3)Nc3ncnn32)c1,-4.58743,1
COc1ccc(OC)c([C@H]2C=C(c3ccc(Br)cc3)Nc3nnnn32)c1,-4.7812,1
COc1ccc(OC)c([C@H]2C=C(c3ccc(C(C)C)cc3)Nc3nnnn32)c1,-5.21518,1
COc1ccc(OC)c([C@H]2C=C(c3ccc(Cl)cc3)Nc3nnnn32)c1,-5.23754,1
COc1ccc(OC)c([C@H]2C=C(c3ccc(I)cc3)Nc3nnnn32)c1,-4.42822,1
COc1ccc(OC)c([N-]S(=O)(=O)c2cc(-c3cc(C)no3)ccc2C)c1,-2.30303,1
COc1ccc(OC)c([N-]S(=O)(=O)c2ccc(-c3cc(C)no3)s2)c1,-4.28287,1
COc1ccc(OC)c2[nH]c(=O)c(CCNS(=O)(=O)c3ccc(NC(C)=O)cc3)cc12,-8.17467,1
COc1ccc(OC2CCN(S(=O)(=O)c3ccc(C(C)=O)cc3)CC2)cc1,-5.3838,1
COc1ccc(OCC(=O)N(Cc2ccc(Br)o2)[C@H]2CCS(=O)(=O)C2)cc1,-5.23127,1
COc1ccc(OCC(=O)N(Cc2ccc(Cl)cc2)c2ccccn2)cc1,-4.47332,1
COc1ccc(OCC(=O)N(Cc2cccc(F)c2)Cc2ccco2)cc1,-6.22438,1
COc1ccc(OCC(=O)N(Cc2ccco2)Cc2cccs2)cc1,-5.13297,1
COc1ccc(OCC(=O)N(Cc2ccco2)[C@H]2CCS(=O)(=O)C2)cc1,-5.24569,1
COc1ccc(OCC(=O)N(Cc2cccs2)[C@H]2CCS(=O)(=O)C2)cc1,-2.05483,1
COc1ccc(OCC(=O)N(Cc2cccs2)c2ccccn2)cc1,-6.00916,1
COc1ccc(OCC(=O)N(Cc2nc(-c3ccc(C)cc3)no2)C(C)C)cc1,-6.68721,1
COc1ccc(OCC(=O)N/N=C/c2ccc(Br)s2)cc1,-5.28599,1
COc1ccc(OCC(=O)N/N=C/c2ccc(C(C)C)cc2)cc1,-4.61966,1
COc1ccc(OCC(=O)N/N=C/c2ccc(C)cc2)cc1,-3.62011,1
COc1ccc(OCC(=O)N/N=C/c2ccc(I)cc2)cc1,-5.48993,1
COc1ccc(OCC(=O)N/N=C/c2ccccc2[N+](=O)[O-])cc1,-4.88031,1
COc1ccc(OCC(=O)N2CCN(C(=O)c3cccc(OC)c3)CC2)cc1,-1.44986,1
COc1ccc(OCC(=O)N2CCN(S(=O)(=O)c3ccc(OC)cc3)CC2)cc1,-4.15895,1
COc1ccc(OCC(=O)NCCc2ccccc2)cc1,-4.54938,1
COc1ccc(OCC(=O)NCCc2csc(-c3ccc(C)cc3)n2)cc1,-6.2819,1
COc1ccc(OCC(=O)NCCc2csc(-c3ccccc3)n2)cc1,-4.92904,1
COc1ccc(OCC(=O)NC[C@@H](c2ccco2)[NH+]2CCOCC2)cc1,-3.56287,1
COc1ccc(OCC(=O)NC[C@H](c2ccc(C)cc2)[NH+]2CCCCC2)cc1,-5.16514,1
COc1ccc(OCC(=O)NC[C@H](c2ccc(C)cc2)[NH+]2CCOCC2)cc1,-5.03948,1
COc1ccc(OCC(=O)NC[C@H](c2ccc(Cl)cc2)N2CCOCC2)cc1,-5.78836,1
COc1ccc(OCC(=O)NC[C@H](c2ccc(Cl)cc2)[NH+]2CCCCC2)cc1,-5.97689,1
COc1ccc(OCC(=O)NC[C@H](c2ccccc2Cl)[NH+]2CCCC2)cc1,-5.96611,1
COc1ccc(OCC(=O)NC[C@H](c2ccco2)N2CCOCC2)cc1,-5.96461,1
COc1ccc(OCC(=O)NC[C@H](c2ccco2)[NH+]2CCOCC2)cc1,-5.35856,1
COc1ccc(OCC(=O)NC[C@H](c2cccs2)[NH+]2CCCCCC2)cc1,-5.37668,1
COc1ccc(OCC(=O)NCc2cc[nH+]cc2)cc1,-3.19662,1
COc1ccc(OCC(=O)NCc2ccc3c(c2)CCN3C(=O)c2ccc(F)cc2)cc1,-3.29886,1
COc1ccc(OCC(=O)NCc2ccc3c(c2)OCO3)cc1,-6.90294,1
COc1ccc(OCC(=O)NCc2ccccc2)cc1,-6.22468,1
COc1ccc(OCC(=O)NCc2csc(-c3ccc(C)cc3)n2)cc1,-6.29457,1
COc1ccc(OCC(=O)NCc2csc(C)n2)cc1,-4.9304,1
COc1ccc(OCC(=O)NCc2nc(-c3ccc(C)cc3)no2)cc1,-6.0392,1
COc1ccc(OCC(=O)NCc2nc3ccccc3[nH]2)cc1,-6.83991,1
COc1ccc(OCC(=O)NCc2nnnn2-c2ccc(C)c(C)c2)cc1,-6.89401,1
COc1ccc(OCC(=O)NCc2nnnn2-c2ccc(Cl)cc2)cc1,-5.88534,1
COc1ccc(OCC(=O)Nc2c(C(=O)Nc3ccccc3F)oc3ccccc23)cc1,-2.56063,1
COc1ccc(OCC(=O)Nc2cc(-c3ccc(C)cc3)no2)cc1,-5.88809,1
COc1ccc(OCC(=O)Nc2cc(-c3ccccc3)no2)cc1,-6.11696,1
COc1ccc(OCC(=O)Nc2ccc(Br)cc2)cc1,-5.93328,1
COc1ccc(OCC(=O)Nc2ccc(C(=O)OCCC(C)C)cc2)cc1,-5.83494,1
COc1ccc(OCC(=O)Nc2ccc(F)cc2)cc1,-6.66907,1
COc1ccc(OCC(=O)Nc2ccc(NC(C)=O)cc2)cc1,-5.34064,1
COc1ccc(OCC(=O)Nc2ccc(OCc3cc(=O)n4ccc(C)cc4n3)cc2)cc1,-6.88584,1
COc1ccc(OCC(=O)Nc2ccc(S(=O)(=O)N3CCc4ccccc43)cc2)cc1,-4.98114,1
COc1ccc(OCC(=O)Nc2ccc3[nH+]c(N4CCCC4)cc(C)c3c2)cc1,-5.17255,1
COc1ccc(OCC(=O)Nc2ccc3c(c2)[nH+]c(CN2CCCCCC2)n3C)cc1,-2.25514,1
COc1ccc(OCC(=O)Nc2ccc3c(c2)[nH+]c2n3CCN(C3CCCCC3)C2)cc1,-5.8037,1
COc1ccc(OCC(=O)Nc2ccc3c(c2)nc(CN2CCN(C(C)=O)CC2)n3C)cc1,-5.09231,1
COc1ccc(OCC(=O)Nc2ccc3c(c2)nc(CN2CCN(C)CC2)n3C(C)C)cc1,-4.09141,1
COc1ccc(OCC(=O)Nc2ccc3c(c2)nc(CN2CCN(C)CC2)n3C)cc1,-1.38178,1
COc1ccc(OCC(=O)Nc2ccc3c(c2)nc(C[NH+]2CCN(C(C)=O)CC2)n3C)cc1,-4.16643,1
COc1ccc(OCC(=O)Nc2ccc3c(c2)nc(C[NH+]2CCN(C)CC2)n3C(C)C)cc1,-5.01502,1
COc1ccc(OCC(=O)Nc2nc(-c3ccc(F)cc3)ns2)cc1,-5.09688,1
COc1ccc(OCC(=O)Nc2nc3c(s2)C[C@@H](C)CC3)cc1,-6.43549,1
COc1ccc(OCC(=O)Nc2nc3c(s2)C[C@H](C)CC3)cc1,-5.35546,1
COc1ccc(OCC(=O)Nc2nc3ccc(OC)cc3s2)cc1,-3.39774,1
COc1ccc(OCC(=O)Nc2nn3c(-c4ccc(C)c(F)c4)nnc3s2)cc1,-6.4349,1
COc1ccc(OCC(=O)Nc2nn3c(-c4ccc(OC)cc4)nnc3s2)cc1,-4.93941,1
COc1ccc(OCC(=O)Nc2nn3c(-c4ccccc4OC)nnc3s2)cc1,-5.248,1
COc1ccc(OCC(=O)Nc2nonc2-c2ccc(C)cc2)cc1,-3.69613,1
COc1ccc(OCC(=O)Nc2nonc2-c2ccc(OCC(C)C)cc2)cc1,-5.53698,1
COc1ccc(OCC(=O)Nc2onc3c2CCCC3)cc1,-6.95364,1
COc1ccc(OCC(=O)OCc2cc(=O)n3nc(C4CC4)sc3n2)cc1,-5.8035,1
COc1ccc(OCC(=O)Oc2ccc(-n3cnnn3)cc2)cc1,-2.70723,1
COc1ccc(OCC(=O)Oc2cccc(-n3cnnn3)c2)cc1,-2.97468,1
COc1ccc(OCC(=O)[N-]c2nc3ccc(OC)cc3s2)cc1,-4.24431,1
COc1ccc(OCC(=O)[N-]c2nnc(S(=O)(=O)N3CCc4ccccc43)s2)cc1,-3.50855,1
COc1ccc(OCCCC(=O)Nc2nnc(C)s2)cc1,-4.35377,1
COc1ccc(OCCCC(=O)[N-]c2nnc(C)s2)cc1,-3.58668,1
COc1ccc(OCCCn2c([C@H](C)NC(=O)c3ccco3)nc3ccccc32)cc1,-4.26363,1
COc1ccc(OCCOc2ccc(C)cc2)c([C@H]2SC(NC(C)=O)=NN2C(C)=O)c1,-1.9137,1
COc1ccc(OCCSc2nc(=O)c3ccccc3[nH]2)cc1,-4.86743,1
COc1ccc(OCCSc2nc3ccccc3n2CC(=O)N2CCOCC2)cc1,-5.09536,1
COc1ccc(OCCn2c(=O)oc3ccc(C)cc32)cc1,-6.35694,1
COc1ccc(OCCn2c(=O)oc3ccccc32)cc1,-6.45022,1
COc1ccc(OCCn2c(C)nc3ccccc32)cc1,-6.5086,1
COc1ccc(OCCn2c(CCNC(=O)C3CCCCC3)nc3ccccc32)cc1,-5.24998,1
COc1ccc(OCCn2c(CCNC(=O)c3ccco3)[nH+]c3ccccc32)cc1,-4.96152,1
COc1ccc(OCCn2c([C@H]3CC(=O)N(c4ccccc4C)C3)[nH+]c3ccccc32)cc1,-2.86627,1
COc1ccc(OCCn2c([C@H]3CC(=O)N(c4ccccc4C)C3)nc3ccccc32)cc1,-4.05387,1
COc1ccc(OC[C@@H]2c3cc(OC)c(OC)cc3CCN2C(=S)NCc2ccccc2)cc1,-2.25199,1
COc1ccc(OCc2[nH+]c3ccccc3n2CC(C)C)cc1,-4.26983,1
COc1ccc(OCc2[nH+]c3ccccc3n2Cc2ccc(C)cc2)cc1,-3.78913,1
COc1ccc(OCc2[nH]c3ccc(F)cc3[nH+]2)cc1,-4.16343,1
COc1ccc(OCc2ccc(-c3nc(C#N)c(N4CCC(C(N)=O)CC4)o3)o2)cc1,-8.78049,1
COc1ccc(OCc2ccc(-c3nc(C#N)c(N4CCN(C(=O)c5ccc(C)cc5)CC4)o3)o2)cc1,-3.5395,1
COc1ccc(OCc2ccc(-c3nc(C#N)c(NCCN4CCOCC4)o3)o2)cc1,-4.38727,1
COc1ccc(OCc2nc(-c3ccc(C)cc3)no2)cc1,-6.33854,1
COc1ccc(OCc2nc(-c3ccc(Cl)cc3)no2)cc1,-6.71561,1
COc1ccc(OCc2nc(-c3cccc(C)c3)no2)cc1,-6.54031,1
COc1ccc(OCc2nc(-c3cccnc3)no2)cc1,-6.57865,1
COc1ccc(OCc2nc(-c3ccncc3)no2)cc1,-6.57208,1
COc1ccc(OCc2nc3cc(Cl)ccc3[nH]2)cc1,-6.72375,1
COc1ccc(OCc2nc3cc(F)ccc3[nH]2)cc1,-6.43846,1
COc1ccc(OCc2nc3ccc(Cl)cc3[nH]2)cc1,-6.40242,1
COc1ccc(OCc2nc3ccc(F)cc3[nH]2)cc1,-6.8171,1
COc1ccc(OCc2nc3ccccc3n2Cc2ccc(C)cc2)cc1,-5.04634,1
COc1ccc(OCc2nn3c(-c4ccc(F)cc4)nnc3s2)cc1,-5.84369,1
COc1ccc(OCc2nn3c(-c4ccccc4Cl)nnc3s2)cc1,-4.79731,1
COc1ccc(OCc2nn3c(Cn4nnc5ccccc54)nnc3s2)cc1,-5.88673,1
COc1ccc(OCc2nn3c([C@@H]4COc5ccccc5O4)nnc3s2)cc1,-6.71595,1
COc1ccc(OCc2nn3c([C@H]4COc5ccccc5O4)nnc3s2)cc1,-6.04906,1
COc1ccc(OCc2nnc(-c3ccccc3)o2)cc1,-7.18375,1
COc1ccc(O[C@@H](C)C(=O)NCc2nc(-c3cccc(C)c3)no2)cc1,-6.02391,1
COc1ccc(O[C@@H]2C(=O)N(Cc3ccc4c(c3)OCO4)[C@@H]2c2ccc(F)cc2)cc1,-4.88787,1
COc1ccc(O[C@@H]2C(=O)N(Cc3ccc4c(c3)OCO4)[C@@H]2c2ccc3c(c2)OCO3)cc1,-5.95135,1
COc1ccc(O[C@H]2C(=O)N(CCc3ccc(F)cc3)[C@@H]2c2ccc3c(c2)OCO3)cc1,-6.49316,1
COc1ccc(O[C@H]2O[C@H]3CO[C@@H](c4ccccc4)O[C@@H]3[C@@H](O)[C@@H]2NC(C)=O)cc1,-2.86901,1
COc1ccc(S(=O)(=O)CCC(=O)Nc2nc3c(s2)C[N@@H+](Cc2ccccc2)CC3)cc1,-5.34886,1
COc1ccc(S(=O)(=O)Cc2ccc(C(=O)NCC(OC)OC)o2)cc1,-5.18291,1
COc1ccc(S(=O)(=O)N(C)Cc2nc(-c3cccc(C)c3)no2)cc1,-4.5081,1
COc1ccc(S(=O)(=O)N(C)c2ccc3sc(C(=O)NCc4cccnc4)cc3c2)cc1,-5.82197,1
COc1ccc(S(=O)(=O)N(Cc2nc(-c3ccccc3)no2)C2CCCCC2)cc1,-4.9545,1
COc1ccc(S(=O)(=O)N2CCC(C(=O)Nc3ccc(C(F)(F)F)cc3)CC2)cc1,-2.57653,1
COc1ccc(S(=O)(=O)N2CCC(C(=O)Nc3ccc(NC(C)=O)cc3)CC2)cc1,-2.89693,1
COc1ccc(S(=O)(=O)N2CCC(C(=O)Nc3cccc(C(C)=O)c3)CC2)cc1,-5.84341,1
COc1ccc(S(=O)(=O)N2CCC(C[N@H+]3CC[C@@H](C)CC3)CC2)cc1,-3.42991,1
COc1ccc(S(=O)(=O)N2CCN(C(=O)COc3cccc(C)c3)CC2)cc1,-4.61706,1
COc1ccc(S(=O)(=O)N2CCN(C/C=C/c3ccccc3)CC2)cc1,-3.42423,1
COc1ccc(S(=O)(=O)N2CCN(CC(=O)Nc3cccc(F)c3)CC2)cc1,-3.89813,1
COc1ccc(S(=O)(=O)N2CCN(Cc3cccc([N+](=O)[O-])c3)CC2)cc1,-4.79987,1
COc1ccc(S(=O)(=O)N2CCN(Cc3nc(-c4ccccc4OC)oc3C)CC2)cc1,-5.0636,1
COc1ccc(S(=O)(=O)N2CCN(c3cc(N4CCCC4)nc(C)n3)CC2)cc1,-4.8817,1
COc1ccc(S(=O)(=O)N2CCN(c3nc(C)cc(N(C)C)n3)CC2)cc1,-3.27381,1
COc1ccc(S(=O)(=O)N2CCOC23CCN(C(=O)c2ccc([N+](=O)[O-])cc2)CC3)cc1,-1.57218,1
COc1ccc(S(=O)(=O)N2CC[NH+](CC(=O)Nc3ccc(F)cc3F)CC2)cc1,-2.09738,1
COc1ccc(S(=O)(=O)N2C[C@@H](C(=O)Nc3cccc(SC)c3)Oc3ccccc32)cc1,-2.30317,1
COc1ccc(S(=O)(=O)N2C[C@H](C(=O)NCc3ccccc3OC)Oc3cc(C)ccc32)cc1,-2.98028,1
COc1ccc(S(=O)(=O)N2Cc3ccccc3C[C@H]2C(=O)NCc2ccccc2)cc1OC,-1.89201,1
COc1ccc(S(=O)(=O)NCCOc2ccc(-c3ccccc3)nn2)cc1,-3.7807,1
COc1ccc(S(=O)(=O)NCCc2cc3c(OC)ccc(OC)c3[nH]c2=O)cc1,-4.11819,1
COc1ccc(S(=O)(=O)NCCc2nnc3ccc(SCc4ccc(F)cc4)nn23)cc1,-5.71118,1
COc1ccc(S(=O)(=O)NCCc2nnc3ccc(SCc4ccccc4)nn23)cc1,-5.2901,1
COc1ccc(S(=O)(=O)NCCc2nnc3ccc(SCc4ccccc4C)nn23)cc1,-5.15432,1
COc1ccc(S(=O)(=O)NCCc2nnc3ccc(SCc4ccccc4Cl)nn23)cc1,-5.20315,1
COc1ccc(S(=O)(=O)NCCc2nnc3ccc(SCc4cccnc4)nn23)cc1,-4.44515,1
COc1ccc(S(=O)(=O)NCCc2sc(-c3ccc(C)cc3)nc2C)cc1,-2.92138,1
COc1ccc(S(=O)(=O)NC[C@@H](c2ccco2)S(=O)(=O)c2ccc(Cl)cc2)cc1,-5.57165,1
COc1ccc(S(=O)(=O)NC[C@H](c2ccco2)S(=O)(=O)c2ccc(Cl)cc2)cc1,-3.45762,1
COc1ccc(S(=O)(=O)NCc2ccc(C(=O)NCc3ccc(Cl)cc3)cc2)cc1,-6.09881,1
COc1ccc(S(=O)(=O)NCc2cccn2Cc2cc(C)ccc2C)cc1,-5.3887,1
COc1ccc(S(=O)(=O)NCc2cn3c(C)csc3n2)cc1,-5.68883,1
COc1ccc(S(=O)(=O)NCc2nc(-c3ccc(OC)c(OC)c3)no2)cc1,-0.810038,1
COc1ccc(S(=O)(=O)Nc2cc(C(=O)[O-])ccc2N2CCC[C@@H](C)C2)cc1,-0.725812,1
COc1ccc(S(=O)(=O)Nc2cc(C(=O)[O-])ccc2N2CCN(CCC#N)CC2)cc1,-5.46252,1
COc1ccc(S(=O)(=O)Nc2cc(C(=O)[O-])ccc2N2CC[NH+](CC(=O)NC(C)C)CC2)cc1,-3.44752,1
COc1ccc(S(=O)(=O)Nc2cc(OC)c(Cl)cc2OC)cc1,-4.50849,1
COc1ccc(S(=O)(=O)Nc2ccc(-c3ccc(OC)nn3)cc2)cc1,-1.92489,1
COc1ccc(S(=O)(=O)Nc2ccc(NC(C)=O)cc2)cc1-c1noc(C(C)(C)C)n1,-3.45499,1
COc1ccc(S(=O)(=O)Nc2ccc(Nc3cc(N4CCOCC4)nc(C)n3)cc2)cc1,-5.03231,1
COc1ccc(S(=O)(=O)Nc2ccc3c(c2)CCCN3C(=O)c2ccco2)cc1,-5.36351,1
COc1ccc(S(=O)(=O)Nc2ccc3c(c2)CCCN3C(=O)c2cccs2)cc1,1.34885,1
COc1ccc(S(=O)(=O)Nc2ccc3c(c2)N(C(=O)c2ccco2)CCC3)c(OC)c1,-4.18483,1
COc1ccc(S(=O)(=O)Nc2ccc3c(c2)N(S(C)(=O)=O)CCC3)cc1,-3.97492,1
COc1ccc(S(=O)(=O)Nc2cccc(-c3ccc(OC)nn3)c2)cc1,-4.32753,1
COc1ccc(S(=O)(=O)Nc2cncc(C(=O)Nc3ccc(F)cc3)c2)cc1,-1.27359,1
COc1ccc(S(=O)(=O)[C@@H](CNC(=O)c2ccc(C(F)(F)F)cc2)c2ccco2)cc1,-5.97366,1
COc1ccc(S(=O)(=O)[C@H](CNC(=O)c2cc(OC)c(OC)c(OC)c2)c2ccco2)cc1,-5.01929,1
COc1ccc(S(=O)(=O)[C@H](CNC(=O)c2ccc(C(F)(F)F)cc2)c2ccco2)cc1,-5.11721,1
COc1ccc(S(=O)(=O)[C@H](CNC(=O)c2cccs2)c2ccco2)cc1,-4.92369,1
COc1ccc(S(=O)(=O)[N-]c2ccc(-c3ccc(OC)nn3)cc2)cc1,-4.05851,1
COc1ccc(S(=O)(=O)[N-]c2ccc(NC(C)=O)cc2)cc1-c1noc(C(C)(C)C)n1,-6.18402,1
COc1ccc(S(=O)(=O)[N-]c2ccc3c(c2)N(C(=O)c2ccco2)CCC3)cc1,-2.20994,1
COc1ccc(S(=O)(=O)[N-]c2ccc3c(c2)N(S(C)(=O)=O)CCC3)cc1,-1.33673,1
COc1ccc(S(=O)(=O)[N-]c2cccc(-c3ccc(OC)nn3)c2)cc1,-3.68183,1
COc1ccc(S(=O)(=O)c2cnc(SCC(=O)NCc3ccccc3)[nH]c2=O)cc1,-3.17417,1
COc1ccc(S(=O)(=O)c2cnc(SCC(=O)Nc3cccc(Cl)c3)[n-]c2=O)cc1,-4.74242,1
COc1ccc(S(=O)(=O)c2cnc(SCC(=O)Nc3ccccc3F)[n-]c2=O)cc1,-7.32718,1
COc1ccc([C@@H](CC(=O)NCc2ccco2)N2Cc3ccccc3C2=O)cc1,-5.5066,1
COc1ccc([C@@H](CC(=O)Nc2cc(OC)cc(OC)c2)N2Cc3ccccc3C2=O)cc1,-6.66108,1
COc1ccc([C@@H](CC(=O)Nc2ccc(C(C)=O)cc2)N2Cc3ccccc3C2=O)cc1,-7.14962,1
COc1ccc([C@@H](CC(=O)Nc2ccc(F)cc2)n2cccc2)cc1,-6.50466,1
COc1ccc([C@@H](CC(=O)Nc2ccc([N+](=O)[O-])cc2)N2Cc3ccccc3C2=O)cc1,-6.93759,1
COc1ccc([C@@H](CC(=O)Nc2cccc([N+](=O)[O-])c2)N2Cc3ccccc3C2=O)cc1,-6.29416,1
COc1ccc([C@@H](CC(=O)Nc2ccccc2)n2cccc2)cc1,-5.79265,1
COc1ccc([C@@H](CNC(=O)COc2ccc([N+](=O)[O-])cc2)[NH+]2CCCC2)cc1,-5.71547,1
COc1ccc([C@@H](CNC(=O)c2ccc(OC(C)C)cc2)N2CCCCCC2)cc1,-2.73596,1
COc1ccc([C@@H](CNC(=O)c2ccc(OC(C)C)cc2)N2CCOCC2)cc1,-5.24639,1
COc1ccc([C@@H](CNC(=O)c2ccc(OC(C)C)cc2)[NH+]2CCOCC2)cc1,-3.34273,1
COc1ccc([C@@H](CNC(=O)c2ccc(OCC(C)C)cc2)[NH+]2CCOCC2)cc1,-4.18922,1
COc1ccc([C@@H]2/C(=C(/[O-])Nc3ccccc3)C(C)=Nc3nc(CCCO)nn32)cc1,-6.38641,1
COc1ccc([C@@H]2C(C(=O)Nc3ccccc3)=C(C)Nc3nc(CCCO)nn32)cc1,-2.07906,1
COc1ccc([C@@H]2C/C(=C3/C(=O)NC(=O)N(c4cccc(Cl)c4)C3=O)NN2)cc1O,-5.75924,1
COc1ccc([C@@H]2C/C(=C3/C(=O)NC(=O)N(c4ccccc4OC)C3=O)NN2)cc1O,-6.42067,1
COc1ccc([C@@H]2C=C(Nc3ccc(Cl)cc3)C=C([O-])C2)cc1,-7.15219,1
COc1ccc([C@@H]2C=C(Nc3ccc(F)cc3)C=C(O)C2)cc1,-6.89424,1
COc1ccc([C@@H]2C=C(c3c([O-])n(-c4ccccc4OC)c(=O)[nH]c3=O)NN2C(C)=O)cc1,-4.97294,1
COc1ccc([C@@H]2C=C(c3ccc(-c4ccccc4)cc3)Nc3nnnn32)cc1,-6.53434,1
COc1ccc([C@@H]2C=C(c3ccc(Br)cc3)Nc3nc(CCCO)nn32)cc1,-4.55094,1
COc1ccc([C@@H]2C=C(c3ccc(C)cc3)Nc3nc(CCCO)nn32)cc1,-7.9693,1
COc1ccc([C@@H]2C=C(c3ccccc3)Nc3nc(CCCO)nn32)cc1,-7.9176,1
COc1ccc([C@@H]2C=C3NC(=O)C[C@H](c4ccc(O)c(OC)c4)C3=C(O)C2)cc1,-8.2901,1
COc1ccc([C@@H]2C=C3NC(=O)C[C@H](c4ccc(O)cc4)C3=C(O)C2)cc1,-8.47092,1
COc1ccc([C@@H]2CC(=O)C(/C=N/CC[NH+]3CCN(C(C)=O)CC3)=C(O)C2)cc1,-5.95223,1
COc1ccc([C@@H]2CC(=O)C(/C=[NH+]/CCN3CCN(C(C)=O)CC3)=C(O)C2)cc1,-2.56639,1
COc1ccc([C@@H]2CC(=O)C3=C(C2)NC(=O)C[C@H]3c2ccccc2F)cc1,-4.51414,1
COc1ccc([C@@H]2CC(=O)N=C3NC(SCc4ccc(C)cc4)=NC([O-])=C32)cc1O,-6.0067,1
COc1ccc([C@@H]2CC(=O)N=C3NC(SCc4cccc(C)c4)=NC([O-])=C32)cc1O,-3.57643,1
COc1ccc([C@@H]2CC(=O)N=C3NC(SCc4ccccc4C)=NC([O-])=C32)cc1O,-4.86216,1
COc1ccc([C@@H]2CC(=O)Nc3[nH]c(SCc4cccc(C)c4)nc(=O)c32)cc1O,-5.10036,1
COc1ccc([C@@H]2CC(=O)Nc3c2cnn3-c2ccc(Cl)cc2)cc1,-6.25627,1
COc1ccc([C@@H]2CC(=O)Nc3c2cnn3-c2ccc(F)cc2)cc1,-6.41117,1
COc1ccc([C@@H]2CC(=O)Nc3c2cnn3-c2ccc(F)cc2)cc1O,-5.26803,1
COc1ccc([C@@H]2CC(=O)Nc3c2cnn3-c2cccc(Cl)c2)cc1,-6.1333,1
COc1ccc([C@@H]2CC(=O)Nc3nc(SCc4ccccc4C)[nH]c(=O)c32)cc1O,-5.42451,1
COc1ccc([C@@H]2CC(=O)c3c(C)nc(N4CCN(C)CC4)nc3C2)cc1,-2.72047,1
COc1ccc([C@@H]2CC(=O)c3c(C)nc(N4CC[NH+](C)CC4)nc3C2)cc1,-5.71275,1
COc1ccc([C@@H]2CC(=O)c3c([nH]c(C(=O)OCC(C)C)c3C)C2)cc1,-5.80596,1
COc1ccc([C@@H]2CC(=O)c3cc(C(=O)NCc4ccc(C)cc4)c(=O)[n-]c3C2)cc1,-2.62799,1
COc1ccc([C@@H]2CC(=O)c3cc(C(=O)NCc4ccc(Cl)cc4)c(=O)[nH]c3C2)cc1,-6.15193,1
COc1ccc([C@@H]2CC(=O)c3cc(C(=O)NCc4ccc(F)cc4)c(=O)[nH]c3C2)cc1,-6.29178,1
COc1ccc([C@@H]2CC(=O)c3cnc(N4CC[NH+](CCO)CC4)nc3C2)cc1,-6.77803,1
COc1ccc([C@@H]2CC(=O)c3cnc(Nc4cccc(C)c4)nc3C2)cc1,-4.88102,1
COc1ccc([C@@H]2CC(c3ccc(OC)c(OC)c3)=NN2C(=O)CCC(=O)[O-])cc1,-3.80772,1
COc1ccc([C@@H]2CCCN2C(=O)Nc2ccc(OC)cc2OC)cc1,-5.29016,1
COc1ccc([C@@H]2C[C@H](c3ccc(C)c(C)c3)Nc3nnnn32)cc1,-6.80305,1
COc1ccc([C@@H]2C[C@H](c3ccc(Cl)cc3)Nc3nnnn32)cc1,-7.06052,1
COc1ccc([C@@H]2C[C@H](c3ccc(I)cc3)Nc3ncnn32)cc1,-6.5026,1
COc1ccc([C@@H]2C[C@H](c3ccc(I)cc3)Nc3nnnn32)cc1,-6.43261,1
COc1ccc([C@@H]2C[C@H](c3cccc(OC)c3)Nc3ncnn32)cc1,-7.14468,1
COc1ccc([C@@H]2C[C@H](c3ccccc3OC(F)F)n3ncnc3N2)cc1,-7.069,1
COc1ccc([C@@H]2Oc3c(OC)cccc3[C@H]3CC(c4cccnc4)=NN32)cc1,-6.96145,1
COc1ccc([C@@H]2[C@@H](C(C)=O)C(C)=Nc3ncnn32)cc1,-6.38433,1
COc1ccc([C@@H]2[C@H](C(=O)NCCCN3CCOCC3)CCC(=O)N2c2ccc(OC)cc2)cc1,-3.77839,1
COc1ccc([C@@H]2[C@H](C(=O)NCCC[NH+]3CCCCCC3)CCC(=O)N2c2ccc(OC)cc2)cc1,-4.92684,1
COc1ccc([C@@H]2[C@H](C(=O)NCCC[NH+]3CCOCC3)CCC(=O)N2c2ccc(OC)cc2)cc1,-4.50831,1
COc1ccc([C@@]2(C)SC(NC(C)=O)=NN2C(C)=O)cc1,-6.28475,1
COc1ccc([C@@]2(O)CSC3=C(C#N)[C@@H](c4ccccc4F)CC(=O)N32)cc1,-7.35471,1
COc1ccc([C@H](CC(=O)NCc2ccco2)N2Cc3ccccc3C2=O)cc1,-4.02568,1
COc1ccc([C@H](CC(=O)Nc2cc(C)ccc2OC)n2cccc2)cc1,-4.79072,1
COc1ccc([C@H](CC(=O)Nc2ccc(C(C)=O)cc2)N2Cc3ccccc3C2=O)cc1,-6.58941,1
COc1ccc([C@H](CNC(=O)c2ccc(Br)cc2)N2CCOCC2)cc1,-4.88017,1
COc1ccc([C@H](CNC(=O)c2cccc(OC)c2)N2CCCC2)cc1,-2.59563,1
COc1ccc([C@H](CNC(=O)c2ccccc2)N2CCOCC2)cc1,-4.98112,1
COc1ccc([C@H]2/C(=C(\[O-])Nc3ccccc3)C(C)=Nc3nc(CCCO)nn32)cc1,-6.20098,1
COc1ccc([C@H]2C(C(=O)Nc3ccccc3)=C(C)Nc3nc(CCCO)nn32)cc1OC,-4.12652,1
COc1ccc([C@H]2C/C(=C3/C(=O)NC(=O)N(c4ccccc4OC)C3=O)NN2)cc1O,-5.68509,1
COc1ccc([C@H]2C=C(c3ccc(Br)cc3)Nc3nc(CCCO)nn32)cc1,-6.15754,1
COc1ccc([C@H]2C=C(c3ccc(Br)cc3)Nc3nnnn32)cc1OC,-4.0155,1
COc1ccc([C@H]2C=C(c3ccc(Cl)cc3)Nc3nc([N-]C(=O)CCCC(=O)[O-])nn32)cc1,-4.79299,1
COc1ccc([C@H]2C=C(c3ccccc3)Nc3nc(NC(=O)CCCC(=O)[O-])nn32)cc1,-2.39473,1
COc1ccc([C@H]2C=C(c3ccccc3)Nc3nc([N-]C(=O)CCCC(=O)[O-])nn32)cc1,-2.94905,1
COc1ccc([C@H]2C=C3NC(=O)C[C@H](c4ccc(O)cc4)C3=C([O-])C2)cc1,-5.43729,1
COc1ccc([C@H]2C=C3Nc4nnnn4[C@H](c4cc(OC)c(OC)c(OC)c4)C3=C(O)C2)cc1,-5.84793,1
COc1ccc([C@H]2C=C3Nc4nnnn4[C@H](c4cccc(OC)c4)C3=C(O)C2)cc1,-6.4948,1
COc1ccc([C@H]2C=C3Nc4nnnn4[C@H](c4cccc(OC)c4)C3=C([O-])C2)cc1,-6.46898,1
COc1ccc([C@H]2CC(=O)C(/C=N/CCN3CCN(C(C)=O)CC3)=C(O)C2)cc1,-4.773,1
COc1ccc([C@H]2CC(=O)C(/C=N/CC[NH+]3CCN(C(C)=O)CC3)=C(O)C2)cc1,-5.89507,1
COc1ccc([C@H]2CC(=O)C(/C=[NH+]/CCN3CCN(C(C)=O)CC3)=C(O)C2)cc1,-3.06899,1
COc1ccc([C@H]2CC(=O)N=C3NC(SCc4ccc(C)cc4)=NC([O-])=C32)cc1O,-3.44974,1
COc1ccc([C@H]2CC(=O)N=C3NC(SCc4cccc(C)c4)=NC([O-])=C32)cc1O,-4.911,1
COc1ccc([C@H]2CC(=O)NC3=C2C(=O)C[C@H](c2ccc(OC)c(OC)c2)C3)cc1,-4.42888,1
COc1ccc([C@H]2CC(=O)Nc3[nH]nc(-c4ccccc4)c32)cc1,-5.88307,1
COc1ccc([C@H]2CC(=O)[NH+]=C(SCC(=O)Nc3ccc(Br)cc3)[C@@H]2C#N)cc1,-4.71537,1
COc1ccc([C@H]2CC(=O)[NH+]=C(SCC(=O)Nc3ccccc3)[C@@H]2C#N)cc1,-5.60839,1
COc1ccc([C@H]2CC(=O)[NH+]=C(SCC(=O)OCc3ccccc3)[C@H]2C#N)cc1,-6.27054,1
COc1ccc([C@H]2CC(=O)c3c(C)nc(Nc4ccccc4)nc3C2)cc1,-5.51612,1
COc1ccc([C@H]2CC(=O)c3cnc(NC(=O)c4cc(OC)cc(OC)c4)nc3C2)cc1,-1.92978,1
COc1ccc([C@H]2CC(=O)c3cnc(NC(=O)c4cccc(Cl)c4)nc3C2)cc1,-5.88361,1
COc1ccc([C@H]2CCCN2C(=O)Nc2ccc3c(c2)OCO3)cc1,-5.86088,1
COc1ccc([C@H]2C[C@@H](c3c(Cl)cccc3Cl)n3nc(N)nc3N2)cc1,-5.41022,1
COc1ccc([C@H]2C[C@@H](c3cccc(Br)c3)n3nc(N)nc3N2)cc1,-5.1278,1
COc1ccc([C@H]2C[C@@H](c3ccccc3C)n3nc(N)nc3N2)cc1,-6.40736,1
COc1ccc([C@H]2C[C@@H](c3ccccc3Cl)n3nc(N)nc3N2)cc1,-6.1601,1
COc1ccc([C@H]2C[C@@H](c3ccccc3Cl)n3ncnc3N2)cc1,-6.53148,1
COc1ccc([C@H]2C[C@@H](c3ccccc3OC)n3nc(N)nc3N2)cc1,-6.28408,1
COc1ccc([C@H]2C[C@H](c3ccccc3OC(F)F)n3ncnc3N2)cc1,-5.58747,1
COc1ccc([C@H]2NC(=O)c3[nH]nc(-c4ccco4)c32)cc1,-7.33314,1
COc1ccc([C@H]2Nc3ccc(C)cc3[C@H]3OCCC[C@@H]23)cc1,-6.89845,1
COc1ccc([C@H]2SCC(=O)N2c2ccc(OC)cc2)cc1,-7.36936,1
COc1ccc([C@]2(C)OC(c3cccc([N+](=O)[O-])c3)=NN2C(C)=O)cc1,-6.33309,1
COc1ccc([N+](=O)[O-])cc1NC(=O)CCN1CCC(C(N)=O)CC1,-5.46967,1
COc1ccc([N+](=O)[O-])cc1NC(=O)CC[N@H+]1CC[C@H](C(N)=O)CC1,-5.53065,1
COc1ccc([N-]S(=O)(=O)c2c(C)nc3sccn3c2=O)cc1,-0.992127,1
COc1ccc([N-]S(=O)(=O)c2cc3[nH]c(=O)c(=O)[nH]c3cc2C)cc1,-4.64382,1
COc1ccc([N-]S(=O)(=O)c2ccc(-c3cc(C)no3)s2)c(OC)c1,-4.26531,1
COc1ccc([N-]S(=O)(=O)c2ccc3c(c2)oc(=O)n3C)cc1,-5.06748,1
COc1ccc([S@@](=O)Cc2ccc(C(=O)NCc3cccc(F)c3)o2)cc1,-6.13769,1
COc1ccc([S@](=O)Cc2ccc(C(=O)NCc3cccc(Cl)c3)o2)cc1,-4.67313,1
COc1ccc([S@](=O)Cc2ccc(C(=O)NCc3ccccc3C)o2)cc1,-5.82527,1
COc1ccc2[nH]/c(=N\C(=O)c3nc(SC)ncc3Cl)sc2c1,-1.86382,1
COc1ccc2[nH]/c(=N\S(=O)(=O)c3ccc(C)cc3)sc2c1,-4.48689,1
COc1ccc2[nH]c(COc3ccc(C)cc3)[nH+]c2c1,-4.28519,1
COc1ccc2[nH]c(COc3ccc(C)cc3)nc2c1,-6.72754,1
COc1ccc2[nH]c(COc3ccc(Cl)cc3)[nH+]c2c1,-4.68638,1
COc1ccc2[nH]c(COc3ccc(Cl)cc3)nc2c1,-6.65168,1
COc1ccc2[nH]c(COc3ccc(F)cc3)[nH+]c2c1,-4.70315,1
COc1ccc2[nH]c(COc3ccc(F)cc3)nc2c1,-6.19441,1
COc1ccc2[nH]c(SCC(=O)N3CCN(S(=O)(=O)c4ccc(C)cc4)C3)nc2c1,-3.72188,1
COc1ccc2[nH]c(SCC(=O)Nc3ccc(C#N)cc3)[nH+]c2c1,-4.99327,1
COc1ccc2[nH]c(SCC(=O)Nc3ccc(C#N)cc3)nc2c1,-6.16081,1
COc1ccc2[nH]c(SCC(=O)Nc3ccc(Cl)cc3)nc2c1,-3.67765,1
COc1ccc2[nH]c(SCC(=O)Nc3ccc(NC(C)=O)cc3)[nH+]c2c1,-1.3397,1
COc1ccc2[nH]c(SCC(=O)Nc3ccc([N+](=O)[O-])cc3)[nH+]c2c1,-3.56007,1
COc1ccc2[nH]c(SCC(=O)Nc3ccc([N+](=O)[O-])cc3)nc2c1,-5.99721,1
COc1ccc2[nH]cc(CCN/C(=N\c3nc(C)cc(C)n3)NC(C)=O)c2c1,-1.73627,1
COc1ccc2[nH]cc(CCN3C[C@@H](C(=O)Nc4cc(F)cc(F)c4)CC3=O)c2c1,-7.0445,1
COc1ccc2[nH]cc(CCN3C[C@@H](C(=O)Nc4ccc(Br)cc4)CC3=O)c2c1,-5.31332,1
COc1ccc2[nH]cc(CCN3C[C@@H](C(=O)Nc4ccc(Cl)cc4)CC3=O)c2c1,-5.05029,1
COc1ccc2[nH]cc(CCN3C[C@H](C(=O)Nc4cc(F)cc(F)c4)CC3=O)c2c1,-6.21179,1
COc1ccc2[nH]cc(CCN3C[C@H](C(=O)Nc4ccc(Br)cc4)CC3=O)c2c1,-5.92364,1
COc1ccc2[nH]cc(CCN3C[C@H](C(=O)Nc4ccccc4)CC3=O)c2c1,-5.84121,1
COc1ccc2[nH]cc(CCN[C@@H]3CC(=O)N(c4ccc(Br)cc4)C3=O)c2c1,-3.70039,1
COc1ccc2[nH]cc(CCN[C@H]3CC(=O)N(c4cccc(F)c4)C3=O)c2c1,-5.74069,1
COc1ccc2c(c1)/C(=c1/sc3n(c1=O)CN(c1cccc(C(=O)[O-])c1)CN=3)C(=O)N2,-2.97877,1
COc1ccc2c(c1)CCc1c(C(=O)NC[C@H]3CC[N@@H+](Cc4ccc(C)cc4)CC3)n[nH]c1-2,-3.46402,1
COc1ccc2c(c1)CCc1c(C(=O)Nc3cc(C)ccc3OC)n[nH]c1-2,-5.11856,1
COc1ccc2c(c1)CCc1c(C(=O)Nc3cc(Cl)ccc3C)n[nH]c1-2,-5.39235,1
COc1ccc2c(c1)CCc1c(C(=O)Nc3cc(Cl)ccc3OC)n[nH]c1-2,-5.50862,1
COc1ccc2c(c1)CCc1c(C(=O)Nc3cc([N+](=O)[O-])ccc3OC)n[nH]c1-2,-5.43626,1
COc1ccc2c(c1)CCc1c(C(=O)Nc3ccc(C(C)=O)cc3)n[nH]c1-2,-6.09432,1
COc1ccc2c(c1)CCc1c(C(=O)Nc3ccc(C(C)=O)cc3)noc1-2,-6.91281,1
COc1ccc2c(c1)CCc1c(C(=O)Nc3cccc(C#N)c3)n[nH]c1-2,-5.99741,1
COc1ccc2c(c1)CCc1c(C(=O)Nc3cccc(C)c3)n[nH]c1-2,-5.0601,1
COc1ccc2c(c1)CCc1c(C(=O)Nc3cccc(Cl)c3)noc1-2,-5.1711,1
COc1ccc2c(c1)CCc1c(C(=O)Nc3cccc(F)c3)n[nH]c1-2,-5.60606,1
COc1ccc2c(c1)CCc1c(C(=O)Nc3cccc(O)c3)noc1-2,-5.11492,1
COc1ccc2c(c1)CCc1c(C(=O)Nc3cccc(SC)c3)n[nH]c1-2,-5.48906,1
COc1ccc2c(c1)CCc1c-2n[nH]c1C(=O)NC[C@H]1CC[N@H+](Cc2cccc(F)c2)CC1,-4.26388,1
COc1ccc2c(c1)CCc1c-2n[nH]c1C(=O)Nc1cc(Cl)ccc1C,-5.8589,1
COc1ccc2c(c1)CCc1c-2n[nH]c1C(=O)Nc1cc(Cl)ccc1OC,-5.46625,1
COc1ccc2c(c1)CCc1c-2n[nH]c1C(=O)Nc1cc([N+](=O)[O-])ccc1OC,-5.70446,1
COc1ccc2c(c1)CCc1c-2n[nH]c1C(=O)Nc1ccc(C(C)=O)cc1,-6.11292,1
COc1ccc2c(c1)CCc1c-2n[nH]c1C(=O)Nc1cccc(C#N)c1,-5.92721,1
COc1ccc2c(c1)CCc1c-2n[nH]c1C(=O)Nc1cccc(C)c1,-3.04481,1
COc1ccc2c(c1)CCc1c-2n[nH]c1C(=O)Nc1cccc(F)c1,-5.31067,1
COc1ccc2c(c1)C[C@@H](C(=O)NCCCOC(C)C)CO2,-3.4033,1
COc1ccc2c(c1)C[C@@H](C(=O)NCc1ccccc1)CO2,-7.39194,1
COc1ccc2c(c1)C[C@@H](C(=O)Nc1cccc(Cl)c1)CO2,-6.97266,1
COc1ccc2c(c1)C[C@@H](C(=O)Nc1cccc(F)c1)CO2,-5.14738,1
COc1ccc2c(c1)C[C@@H](NC(=O)NCCCN1CCCC1=O)CO2,-6.65731,1
COc1ccc2c(c1)C[C@@H](NC(=O)NCCCN1CCOCC1)CO2,-7.21802,1
COc1ccc2c(c1)C[C@@H](NC(=O)NCCC[NH+]1CCOCC1)CO2,-6.72046,1
COc1ccc2c(c1)C[C@@H](NC(=O)NCCc1ccc(C)cc1)CO2,-5.07673,1
COc1ccc2c(c1)C[C@H](C(=O)NCCC(C)C)CO2,-5.90145,1
COc1ccc2c(c1)C[C@H](C(=O)NCCCOC(C)C)CO2,-3.39129,1
COc1ccc2c(c1)C[C@H](C(=O)NCc1ccc(Cl)cc1)CO2,-4.9609,1
COc1ccc2c(c1)C[C@H](C(=O)NCc1cccc(Cl)c1)CO2,-2.67221,1
COc1ccc2c(c1)C[C@H](C(=O)NCc1cccc(F)c1)CO2,-5.67589,1
COc1ccc2c(c1)C[C@H](C(=O)NCc1ccccc1)CO2,-5.42589,1
COc1ccc2c(c1)C[C@H](C(=O)Nc1cccc(C(C)=O)c1)CO2,-5.96123,1
COc1ccc2c(c1)C[C@H](NC(=O)NCCCN1CCC([NH+]3CCCCC3)CC1)CO2,-2.61778,1
COc1ccc2c(c1)C[C@H](NC(=O)NCCCN1CCCC1=O)CO2,-6.71695,1
COc1ccc2c(c1)C[C@H](NC(=O)NCCCN1CCOCC1)CO2,-4.70153,1
COc1ccc2c(c1)C[C@H](NC(=O)NCCC[NH+]1CCCC1)CO2,-5.14299,1
COc1ccc2c(c1)C[C@H](NC(=O)NCCc1ccccc1)CO2,-6.59494,1
COc1ccc2c(c1)C[C@H](NC(=O)Nc1ccc(F)c(F)c1)CO2,-6.74858,1
COc1ccc2c(c1)C[C@H](NC(=O)Nc1cccc(C(C)=O)c1)CO2,-6.24356,1
COc1ccc2c(c1)C[C@H](NS(=O)(=O)c1ccc(C)cc1)CO2,-5.26215,1
COc1ccc2c(c1)C[C@H](NS(=O)(=O)c1ccc(CC(C)C)cc1)CO2,-6.11684,1
COc1ccc2c(c1)cc(C(=O)Nc1ccc(F)cc1)n2C,2.05879,1
COc1ccc2c(c1)cc(C(=O)Nc1ccccc1OC)n2C,-2.72507,1
COc1ccc2cc3cc(C(=O)NCc4ccc(C)cc4)oc3nc2c1,-6.47964,1
COc1ccc2cc3cc(C(=O)NCc4ccc(F)cc4)oc3nc2c1,-5.95284,1
COc1ccc2cc3cc(C(=O)NCc4ccc(F)cc4)sc3[nH+]c2c1,-4.77039,1
COc1ccc2cc3cc(C(=O)NCc4ccc(F)cc4)sc3nc2c1,-4.79743,1
COc1ccc2cc3cc(C(=O)NCc4ccc[nH+]c4)sc3nc2c1,-4.02673,1
COc1ccc2cc3cc(C(=O)NCc4cccnc4)sc3[nH+]c2c1,-5.43394,1
COc1ccc2cc3cc(C(=O)NCc4cccnc4)sc3nc2c1,-6.69477,1
COc1ccc2cc3n(c2c1)C[C@@](C)(C(=O)NC1CCCCCC1)N(CCN1CCCCCC1)C3=O,-2.60139,1
COc1ccc2cc3n(c2c1)C[C@](C)(C(=O)NC1CCCCC1)N(CCCc1ccccc1)C3=O,-5.38873,1
COc1ccc2cc3n(c2c1)C[C@](C)(C(=O)NC1CCCCC1)N(c1ccc2c(c1)OCCO2)C3=O,-5.15529,1
COc1ccc2cc3n(c2c1)C[C@](C)(C(=O)NC1CCCCCC1)N(Cc1ccccc1)C3=O,-5.46185,1
COc1ccc2nc(COc3ccc(C)cc3)[nH]c2c1,-6.64929,1
COc1ccc2nc(COc3ccc(Cl)cc3)[nH]c2c1,-6.68533,1
COc1ccc2nc(COc3ccc(F)cc3)[nH]c2c1,-6.77761,1
COc1ccc2nc(N3CCC(C(=O)NCCc4ccccc4)CC3)sc2c1,-3.28023,1
COc1ccc2nc(NC(=O)COc3cccc(C)c3)sc2c1,-5.67036,1
COc1ccc2nc(NC(=O)COc3ccccc3)sc2c1,-5.98739,1
COc1ccc2nc(NC(=O)Cc3ccccc3)sc2c1,-6.80589,1
COc1ccc2nc(NC(=O)[C@@H]3CC(=O)N(CCc4c[nH]c5ccc(C)cc45)C3)sc2c1,-5.43088,1
COc1ccc2nc(NC(=O)[C@H]3CC(=O)N(CCc4c[nH]c5ccc(Cl)cc45)C3)sc2c1,-5.9358,1
COc1ccc2nc(NC(=O)[C@H]3CC(=O)N(CCc4c[nH]c5ccc(F)cc45)C3)sc2c1,-6.40694,1
COc1ccc2nc(NC(=O)[C@H]3CCCN(S(=O)(=O)c4cn(C(C)C)cn4)C3)sc2c1,-6.06113,1
COc1ccc2nc(NC(=O)c3c(-c4ccc(Cl)cc4)nc4n3CCS4(=O)=O)sc2c1,-5.389,1
COc1ccc2nc(NC(=O)c3c(-c4ccc(F)cc4)nc4n3CCS4(=O)=O)sc2c1,-5.41672,1
COc1ccc2nc(NC(=O)c3ccc(C(C)(C)C)cc3)sc2c1,-7.20145,1
COc1ccc2nc(NC(=O)c3ccc(F)cc3)sc2c1,-7.12689,1
COc1ccc2nc(NC(=O)c3ccc([N+](=O)[O-])cc3)sc2c1,-6.94428,1
COc1ccc2nc(NC(=O)c3cccc(F)c3)sc2c1,-7.19986,1
COc1ccc2nc(NC(=O)c3ccccc3F)sc2c1,-7.13561,1
COc1ccc2nc(NC(=O)c3nc(SC)ncc3Cl)sc2c1,-4.76688,1
COc1ccc2nc(SCC(=O)N3CCN(S(=O)(=O)c4ccc(C)cc4)C3)[nH]c2c1,-2.95691,1
COc1ccc2nc(SCC(=O)Nc3ccc(C#N)cc3)[nH]c2c1,-6.22677,1
COc1ccc2nc(SCC(=O)Nc3ccc(Cl)cc3)[nH]c2c1,-6.61464,1
COc1ccc2nc(SCC(=O)Nc3ccc(NC(C)=O)cc3)[nH]c2c1,-7.61081,1
COc1ccc2nc([N-]C(=O)COc3cccc(C)c3)sc2c1,-4.02795,1
COc1ccc2nc([N-]C(=O)COc3ccccc3)sc2c1,-5.74743,1
COc1ccc2nc([N-]C(=O)c3c(-c4ccc(Cl)cc4)nc4n3CCS4(=O)=O)sc2c1,-3.80371,1
COc1ccc2nc([N-]C(=O)c3ccc([N+](=O)[O-])cc3)sc2c1,-4.98652,1
COc1ccc2nc([N-]C(=O)c3cccc(F)c3)sc2c1,-4.4684,1
COc1ccc2nc([N-]S(=O)(=O)c3ccc(C)cc3)sc2c1,-6.62386,1
COc1ccc2nc3oc(C(=O)Nc4ccc(C)c(C)c4)cc3cc2c1,-6.14143,1
COc1ccc2nc3oc(C(=O)Nc4cccc(Cl)c4)cc3cc2c1,-5.81114,1
COc1ccc2nc3oc(C(=O)Nc4cccc(F)c4)cc3cc2c1,-6.72985,1
COc1ccc2nc3sc(C(=O)NCc4ccccc4OC)cc3cc2c1,-6.18449,1
COc1ccc2ncc(C#N)c(Nc3ccc(Br)cc3)c2c1,-5.81399,1
COc1ccc2ncc(C#N)c(Nc3ccc(F)cc3)c2c1,-6.29348,1
COc1ccc2ncc(C#N)c(Nc3cccc(Cl)c3)c2c1,-5.71766,1
COc1ccc2ncc(C#N)c(Nc3ccccc3)c2c1,-5.37854,1
COc1ccc2oc(C)c(C(=O)Nc3ccc(C(C)=O)cc3)c2c1,-6.13231,1
COc1ccc2oc(C)c(C(=O)Nc3ccccc3OC)c2c1,-6.61435,1
COc1cccc(-c2cc(=O)[nH]c(SCc3nc(-c4cccc(C)c4)no3)n2)c1,-3.82172,1
COc1cccc(-c2cc(=O)[nH]c(SCc3nc(-c4cccc(F)c4)no3)n2)c1,-4.22762,1
COc1cccc(-c2cc(=O)nc(SCc3nc(-c4ccc(C)c(C)c4)no3)[nH]2)c1,-4.32558,1
COc1cccc(-c2cc(=O)nc(SCc3nc(-c4cccc(F)c4)no3)[nH]2)c1,-4.2923,1
COc1cccc(-c2cc(C(=O)N3CC=C(c4ccccc4)CC3)n[nH]2)c1,-5.80986,1
COc1cccc(-c2cc(C(=O)N3CCC[C@@H]3c3cc(C)no3)on2)c1,-5.75477,1
COc1cccc(-c2cc(C(=O)N3CCN(S(=O)(=O)c4ccc(Cl)s4)CC3)[nH]n2)c1,-5.69413,1
COc1cccc(-c2cc(C(=O)N3CCN(S(=O)(=O)c4ccc(OC)c(OC)c4)CC3)[nH]n2)c1,-2.10115,1
COc1cccc(-c2cc(C(=O)NCCCN3CCOCC3)c3ccccc3n2)c1,-5.36455,1
COc1cccc(-c2cc(C(=O)NCCC[NH+]3CCOCC3)c3ccccc3n2)c1,-5.90155,1
COc1cccc(-c2cc(C(=O)NCCc3ccc(Cl)cc3)[nH]n2)c1,-6.38743,1
COc1cccc(-c2cc(C(=O)NCCc3ccc(Cl)cc3)n[nH]2)c1,-6.39394,1
COc1cccc(-c2cc(C(=O)NCc3ccc(C)cc3)n[nH]2)c1,-6.71076,1
COc1cccc(-c2cc(C(=O)NCc3ccc(Cl)cc3)n[nH]2)c1,-7.71971,1
COc1cccc(-c2cc(C(=O)NCc3ccccc3OC)[nH]n2)c1,-4.19827,1
COc1cccc(-c2cc(C(=O)N[C@H]3CCCc4ccccc43)n[nH]2)c1,-6.82967,1
COc1cccc(-c2cc(C(=O)Nc3c(C)nn(Cc4ccccc4)c3C)no2)c1,-0.607867,1
COc1cccc(-c2cc(C(=O)Nc3cc(Cl)ccc3O)no2)c1,-6.05829,1
COc1cccc(-c2cc(C(=O)Nc3cc(Cl)ccc3[O-])no2)c1,-3.87581,1
COc1cccc(-c2cc(C(F)(F)F)nc(-n3nc(C)c(Cl)c3C)n2)c1,-5.87868,1
COc1cccc(-c2ccc3c(CC(N)=O)n[nH]c3c2)c1,-8.824,1
COc1cccc(-c2ccc3c(NC(=O)CO)n[nH]c3c2)c1,-9.247,1
COc1cccc(-c2ccc3c(NC(C)=O)n[nH]c3c2)c1,-9.471,1
COc1cccc(-c2ccc3c(NC(N)=O)n[nH]c3c2)c1,-10.12,1
COc1cccc(-c2ccc3c(NC=O)n[nH]c3c2)c1,-9.359,1
COc1cccc(-c2ccc3c(NO)n[nH]c3c2)c1,-9.189,1
COc1cccc(-c2cnnc(-n3nc(C)c4c3NC(=O)C[C@@H]4c3ccc(SC)cc3)n2)c1,-5.91831,1
COc1cccc(-c2n[nH]c(SCc3cc(=O)n4nc(C(C)C)sc4n3)n2)c1,-2.14571,1
COc1cccc(-c2nc(C(N)=O)c3[nH]c(=O)n(-c4ccccc4)c3n2)c1[O-],-3.77374,1
COc1cccc(-c2nc(C(N)=O)c3c(n2)n(-c2ccc(F)cc2)c(=O)n3C)c1,-7.08967,1
COc1cccc(-c2nc(CS(=O)(=O)CC(=O)NCCCc3ccccc3)c(C)o2)c1,-5.8234,1
COc1cccc(-c2nc(CS(=O)(=O)CC(=O)NCCN(C)C)c(C)o2)c1,-2.25318,1
COc1cccc(-c2nc(CS(=O)(=O)CC(=O)Nc3ccc(Br)c(C)c3)c(C)o2)c1,-4.54834,1
COc1cccc(-c2nc(CS(=O)(=O)CC(=O)Nc3ccc(Cl)cc3)c(C)o2)c1,-6.91788,1
COc1cccc(-c2nc(CS(=O)(=O)CC(=O)Nc3cccc(C(F)(F)F)c3)c(C)o2)c1,-5.82446,1
COc1cccc(-c2nc(CS(=O)(=O)CC(=O)Nc3ccccc3Br)c(C)o2)c1,-6.0008,1
COc1cccc(-c2nc(S(=O)(=O)c3ccc(Cl)cc3)c(N3CCCCC3)o2)c1,-5.71409,1
COc1cccc(-c2nc(SCC(=O)Nc3ccc(F)cc3)n3[n-]c(=O)cc3n2)c1,-5.85025,1
COc1cccc(-c2nc(SCC(=O)Nc3ccccc3OC)n3[n-]c(=O)cc3n2)c1,-6.34605,1
COc1cccc(-c2nc(SCCOc3cccc(C)c3)n3nc(O)cc3n2)c1,-6.95725,1
COc1cccc(-c2nc(SCc3cc(=O)c4cc(F)ccc4[nH]3)n[nH]2)c1,-5.71043,1
COc1cccc(-c2nc(SCc3cc(=O)n4nc(C(C)C)sc4n3)n[nH]2)c1,-3.51422,1
COc1cccc(-c2nc([S-])c3c(n2)Oc2ccc(F)cc2C3)c1,-5.98829,1
COc1cccc(-c2nc3c(c(SCc4ccncc4)n2)Cc2c(CO)cnc(C)c2O3)c1,-4.65852,1
COc1cccc(-c2nn3c(-c4ccncc4)nnc3s2)c1,-4.45199,1
COc1cccc(-c2nn3c(Cn4nnc5ccccc54)nnc3s2)c1,-6.63324,1
COc1cccc(-c2nnc(SCC(=O)N3CCC[C@H](C)C3)o2)c1,-4.94814,1
COc1cccc(-c2nnc(SCC(=O)N3CCOCC3)o2)c1,-5.03137,1
COc1cccc(-c2nnc(SCC(=O)N3CCc4ccccc43)o2)c1,-4.74199,1
COc1cccc(-c2nnc(SCC(=O)Nc3cccc(C)c3)o2)c1,-6.9214,1
COc1cccc(-c2nnc3n2N=C(c2ccc([N+](=O)[O-])cc2)CS3)c1,-5.78849,1
COc1cccc(-c2noc(C(=O)NCc3ccncc3)n2)c1,-5.41743,1
COc1cccc(-c2noc(CCC(=O)NC[C@@H]3CCCO3)n2)c1,-4.83762,1
COc1cccc(-c2noc(CCC(=O)Nc3cccc(Cl)c3)n2)c1,-6.49162,1
COc1cccc(-c2noc(CCCC(=O)Nc3ccccc3Cl)n2)c1,-5.35719,1
COc1cccc(-c2noc(COc3ccc(Br)cc3)n2)c1,-6.3543,1
COc1cccc(-c2noc(COc3ccc(C(C)C)cc3)n2)c1,-5.59264,1
COc1cccc(-c2noc(COc3ccc(Cl)cc3)n2)c1,-6.44337,1
COc1cccc(-c2noc(Nc3ccc(F)cc3)n2)c1,-6.27601,1
COc1cccc(-c2noc([C@H]3CC(=O)N(c4cccc(Cl)c4)C3)n2)c1OC,-5.61732,1
COc1cccc(-c2ocnc2C(=O)Nc2ccc(OC)cc2OC)c1,-3.26051,1
COc1cccc(-n2c(=O)[n-]cc(C(=O)Nc3cccc(C(C)=O)c3)c2=O)c1,-4.21472,1
COc1cccc(-n2c(=S)sc3c(=O)[nH]c(SCC(=O)Nc4cccc(C(C)=O)c4)nc32)c1,-5.20359,1
COc1cccc(-n2c(CN3CC[NH+](C4CCCC4)CC3)nc3ccc([N+](=O)[O-])cc3c2=O)c1,-3.29046,1
COc1cccc(-n2c(C[NH+]3CCN(C(=O)c4ccco4)CC3)nc3ccc([N+](=O)[O-])cc3c2=O)c1,-4.0472,1
COc1cccc(-n2c(C[NH+]3CCN(C)CC3)nc3ccc([N+](=O)[O-])cc3c2=O)c1,-4.2695,1
COc1cccc(-n2c(C[NH+]3CCN(c4cccc[nH+]4)CC3)nc3ccc([N+](=O)[O-])cc3c2=O)c1,-0.174601,1
COc1cccc(-n2c(C[NH+]3CCN(c4ccccn4)CC3)nc3ccc([N+](=O)[O-])cc3c2=O)c1,-3.58215,1
COc1cccc(-n2c(SCC(=O)/N=c3/[nH]nc(C)s3)nc3c([nH]c4ccccc43)c2=O)c1,-1.42696,1
COc1cccc(-n2cc(C(=O)OCc3ccc4c(c3)OCO4)c3ccccc3c2=O)c1,-6.82725,1
COc1cccc(-n2cc(C(=O)Oc3cccc(C)c3)c3ccccc3c2=O)c1,-5.4448,1
COc1cccc(-n2ccn3c(SCC(=O)N4CCN(c5ccccc5F)CC4)nnc3c2=O)c1,-6.96227,1
COc1cccc(-n2ccn3c(SCC(=O)NC4CCCCC4)nnc3c2=O)c1,-5.07347,1
COc1cccc(-n2ccn3c(SCC(=O)NCc4ccco4)nnc3c2=O)c1,-5.92644,1
COc1cccc(-n2ccn3c(SCC(=O)Nc4ccc(F)cc4)nnc3c2=O)c1,-3.26611,1
COc1cccc(-n2ccn3c(S[C@@H](C)C(=O)Nc4ccc5c(c4)OCCO5)nnc3c2=O)c1,-4.85851,1
COc1cccc(-n2ccnc(SCC(=O)Nc3ccccc3OC)c2=O)c1,-6.35019,1
COc1cccc(-n2ccnc2SCC(=O)Nc2ccc(OC)cc2OC)c1,-4.46645,1
COc1cccc(-n2ccnc2SCC(=O)Nc2cccc(C)c2C)c1,-4.85542,1
COc1cccc(-n2nnc3c(N4CCN(S(=O)(=O)c5cc(F)ccc5F)CC4)ncnc32)c1,-3.32233,1
COc1cccc(/C=C/c2nc3ccccc3c(=O)n2-c2ccc(NC(C)=O)cc2)c1OC,-3.82695,1
COc1cccc(/C=N/N(CCO)C2=NS(=O)(=O)c3ccccc32)c1,-6.3521,1
COc1cccc(/C=N/NC(=O)CNc2ccc(F)cc2)c1,-6.45232,1
COc1cccc(/C=N/NC(=O)c2cc(-c3c(OC)ccc4ccccc34)[nH]n2)c1,-4.48937,1
COc1cccc(/C=N/NC(=O)c2ccc(NC(=O)c3ccc(F)cc3)cc2)c1,-4.49355,1
COc1cccc(/C=c2\sc3nc(-c4ccc(Cl)cc4)nn3c2=O)c1,-6.28276,1
COc1cccc(/C=c2\sc3nc(-c4ccc(F)cc4)nn3c2=O)c1,-6.79696,1
COc1cccc(/C=c2\sc3nc(-c4cccc(Cl)c4)nn3c2=O)c1,-6.38331,1
COc1cccc(/N=C2\S[C@@H](C(=O)Nc3ccc(Br)cc3)CC(=O)N2C)c1,-5.62994,1
COc1cccc(/N=C2\S[C@@H](C(=O)Nc3ccc(C(=O)[O-])cc3)CC(=O)N2C)c1,-2.14821,1
COc1cccc(/N=C2\S[C@H](C(=O)Nc3ccc(Br)cc3)CC(=O)N2C)c1,-4.34579,1
COc1cccc(C(=O)/[NH+]=C(\NCCc2c[nH]c3ccc(OC)cc23)Nc2nc(C)cc(C)n2)c1,-4.60859,1
COc1cccc(C(=O)/[NH+]=C(\NCCc2c[nH]c3ccccc23)Nc2ccc(C)cc2)c1,-3.57063,1
COc1cccc(C(=O)N(Cc2cc(OC)c(OC)c(OC)c2)c2ccccn2)c1,-4.39598,1
COc1cccc(C(=O)N2CCN(c3ccc(-c4noc(C)n4)cc3)CC2)c1,-4.46209,1
COc1cccc(C(=O)N2N=C(c3cccc(Br)c3)C[C@@]2(O)C(F)(F)F)c1,-5.73727,1
COc1cccc(C(=O)N2N=C(c3cccc(Br)c3)C[C@]2([O-])C(F)(F)F)c1,-4.02619,1
COc1cccc(C(=O)NCC(=O)OCc2cc(=O)n3nc(CC(C)C)sc3n2)c1,-5.11518,1
COc1cccc(C(=O)NCCn2c(-c3ccc(F)cc3)nc3cccnc32)c1,-3.8725,1
COc1cccc(C(=O)NC[C@@H](c2ccc3c(c2)OCO3)N2CCN(C)CC2)c1,-1.4051,1
COc1cccc(C(=O)NC[C@@H](c2ccc3c(c2)OCO3)[NH+]2CCN(C)CC2)c1,-3.73382,1
COc1cccc(C(=O)NC[C@@H](c2ccc3c(c2)OCO3)[NH+]2CCOCC2)c1,-3.0976,1
COc1cccc(C(=O)NC[C@@H](c2cccs2)S(=O)(=O)c2ccc(F)c(C)c2)c1,-4.93947,1
COc1cccc(C(=O)NCc2nc(-c3ccc(C(C)(C)C)cc3)no2)c1,-5.01187,1
COc1cccc(C(=O)NCc2nc(-c3ccc(C)cc3)no2)c1,-5.42669,1
COc1cccc(C(=O)NCc2nc(-c3ccccc3)no2)c1,-4.27909,1
COc1cccc(C(=O)NCc2nnnn2-c2ccc(C)c(C)c2)c1,-5.92088,1
COc1cccc(C(=O)N[C@@H](C)c2nc(-c3ccc(C(C)(C)C)cc3)no2)c1,-6.11775,1
COc1cccc(C(=O)N[C@H](C)c2nc(-c3ccc(C(C)(C)C)cc3)no2)c1,-6.1957,1
COc1cccc(C(=O)N[C@H](C)c2nc(-c3ccc(C)cc3)no2)c1,-6.65072,1
COc1cccc(C(=O)N[C@H](c2ccc(Cl)cc2)c2nnc(-c3ccccc3)o2)c1,-5.6775,1
COc1cccc(C(=O)Nc2c(C(=O)N3CCN(c4ncccn4)CC3)oc3ccccc23)c1,-6.18199,1
COc1cccc(C(=O)Nc2c3c(nn2-c2ccc(C)cc2C)CS(=O)(=O)C3)c1,-6.47675,1
COc1cccc(C(=O)Nc2cc(C)ccc2OCc2cc(=O)n3cc(C)sc3n2)c1,-4.73181,1
COc1cccc(C(=O)Nc2cc(C)nn2-c2nc(=O)cc(C)[nH]2)c1,-3.27739,1
COc1cccc(C(=O)Nc2cc(C)nn2-c2nc(C)cc(=O)[nH]2)c1,-5.84711,1
COc1cccc(C(=O)Nc2ccc(-c3ccc(S(C)(=O)=O)nn3)cc2)c1,-4.24865,1
COc1cccc(C(=O)Nc2ccc(Nc3nc(N4CCCC4)cc(C)[nH+]3)cc2)c1,-3.99948,1
COc1cccc(C(=O)Nc2ccc3c(c2)N(C(=O)c2ccco2)CCC3)c1,-2.50515,1
COc1cccc(C(=O)Nc2cccc(-c3nc4ncccc4o3)c2C)c1,-4.93231,1
COc1cccc(C(=O)Nc2cccc(C(=O)OCc3cc(=O)n4nc(C5CC5)sc4n3)c2)c1,-6.33338,1
COc1cccc(C(=O)Nc2nc(-c3nnn(-c4ccc(C(C)C)cc4)c3C)ns2)c1,-3.57548,1
COc1cccc(C(=O)Nc2nnc(Cc3[nH]c4ccccc4[nH+]3)s2)c1,-1.84312,1
COc1cccc(C(=O)Nc2nnc(S(=O)(=O)N(C)c3ccc(C)cc3)s2)c1,-1.59755,1
COc1cccc(C(=O)Nc2nnc(S(=O)(=O)N(C)c3ccccc3)s2)c1,-2.63486,1
COc1cccc(C(=O)Nc2nonc2-c2ccc(OC(C)C)cc2)c1,-6.51789,1
COc1cccc(C(=O)Oc2c(S(=O)(=O)c3ccc(C)cc3)c(C)nn2-c2ccccc2)c1,-5.14582,1
COc1cccc(C(=O)[N-]C(=S)Nc2cccc(-c3nc4ncccc4o3)c2)c1,-5.49915,1
COc1cccc(C(=O)[N-]c2nnc(Cc3nc4ccccc4[nH]3)s2)c1,-5.79518,1
COc1cccc(C(=O)c2oc3ccc(NC(=O)c4ccco4)cc3c2C)c1,-7.33331,1
COc1cccc(C/N=c2/c(-c3ccccc3)c([O-])c2=O)c1,-6.64101,1
COc1cccc(C2=C[C@@H](c3cc(Cl)ccc3OC(F)F)n3ncnc3N2)c1,-5.88934,1
COc1cccc(C2=C[C@@H](c3ccc(Br)cc3)n3nnnc3N2)c1,-6.76584,1
COc1cccc(C2=C[C@@H](c3ccc(C)cc3)n3nnnc3N2)c1,-6.67789,1
COc1cccc(C2=C[C@@H](c3ccc(Cl)cc3)n3nnnc3N2)c1,-6.58233,1
COc1cccc(C2=C[C@@H](c3ccc(OC(F)F)cc3)n3nnnc3N2)c1,-6.58819,1
COc1cccc(C2=C[C@@H](c3ccc(OC)c(OC)c3OC)n3ncnc3N2)c1,-7.04712,1
COc1cccc(C2=C[C@@H](c3ccc(OC)cc3OC)n3ncnc3N2)c1,-7.04274,1
COc1cccc(C2=C[C@H](c3cc(OC)ccc3OC)n3ncnc3N2)c1,-5.13292,1
COc1cccc(C2=C[C@H](c3ccc(Br)cc3)n3nnnc3N2)c1,-6.59347,1
COc1cccc(C2=NN(C(=O)c3ccc(N(C)C)cc3)[C@]([O-])(C(F)(F)F)C2)c1,-5.47992,1
COc1cccc(C2=NO[C@@H](C(=O)Nc3ccc(C#N)cc3)C2)c1,-6.93802,1
COc1cccc(C2=NO[C@@H](C(=O)Nc3ccc(C)cc3)C2)c1,-6.34001,1
COc1cccc(C2=NO[C@@H](C(=O)Nc3ccc(OC(F)(F)F)cc3)C2)c1,-5.4854,1
COc1cccc(C2=NO[C@H](C(=O)Nc3ccc(C#N)cc3)C2)c1,-7.39607,1
COc1cccc(C2=NO[C@H](C(=O)Nc3ccc(C)cc3)C2)c1,-6.30571,1
COc1cccc(C2=NO[C@H](C(=O)Nc3ccc(OC(F)(F)F)cc3)C2)c1,-4.05016,1
COc1cccc(C2=NO[C@H](C(=O)Nc3cccc(C(C)=O)c3)C2)c1OC,-6.87551,1
COc1cccc(C2=NO[C@H](C(=O)Nc3cccc(C(F)(F)F)c3)C2)c1,-4.36188,1
COc1cccc(C2=NO[C@H](C(=O)Nc3cccc(O)c3)C2)c1OC,-7.02234,1
COc1cccc(CC(=O)N2CCN(S(=O)(=O)c3ccc4c(c3)NC(=O)[C@@H](C)O4)CC2)c1,-6.37686,1
COc1cccc(CC(=O)N2CCN(S(=O)(=O)c3ccc4c(c3)NC(=O)[C@H](C)O4)CC2)c1,-6.51828,1
COc1cccc(CC(=O)NCc2ccc3c(c2)CCN3C(=O)c2cccc(C)c2)c1,-4.60456,1
COc1cccc(CCNC(=O)c2cnc3sc(N4CCCC4)nn3c2=O)c1,-4.61777,1
COc1cccc(CN(C(=O)COc2ccc(Cl)cc2Cl)[C@@H]2CCS(=O)(=O)C2)c1,-5.11069,1
COc1cccc(CN(C(=O)c2ccc(OC(C)C)cc2)[C@@H]2CCS(=O)(=O)C2)c1,-5.22228,1
COc1cccc(CN2C(=O)CN(Cc3ccc(C(=O)NC(C)=O)cc3)C(=O)[C@@H]2C)c1,-10.02,1
COc1cccc(CN2C(=O)CN(Cc3ccc(C(=O)NC=O)cc3)C(=O)[C@@H]2C)c1,-10.96,1
COc1cccc(CN2C(=O)CN(Cc3ccc(C=O)cc3)C(=O)[C@@H]2C)c1,-9.297,1
COc1cccc(CN2C(=O)CN(Cc3ccc4c(NC(C)=O)n[nH]c4c3)C(=O)[C@@H]2C)c1,-10.32,1
COc1cccc(CN2C(=O)CN(Cc3ccc4c(NC=O)n[nH]c4c3)C(=O)[C@@H]2C)c1,-7.457,1
COc1cccc(CN2C(=O)N(c3ccc(C(C)=O)cc3)S(=O)(=O)c3ccccc32)c1,-4.15338,1
COc1cccc(CN2C(=O)N(c3ccc(C)cc3)S(=O)(=O)c3ccccc32)c1,-5.23036,1
COc1cccc(CN2C(=O)N(c3ccc(F)cc3)C(=O)[C@@H]2CC(=O)Nc2ccccc2)c1,-7.90625,1
COc1cccc(CN2C(=O)N(c3cccc(OC)c3)C(=O)[C@H]2CC(=O)Nc2ccccc2)c1,-5.14634,1
COc1cccc(CN2C(=O)N(c3ccccc3C)S(=O)(=O)c3ccccc32)c1,-4.95942,1
COc1cccc(CN2CC(=O)N(Cc3ccc(C(=O)NC(C)=O)cc3)CC2=O)c1,-11.36,1
COc1cccc(CN2CC(=O)N(Cc3ccc(C(=O)NC=O)cc3)CC2=O)c1,-11.01,1
COc1cccc(CN2CC(=O)N(Cc3ccc(C=O)cc3)CC2=O)c1,-9.824,1
COc1cccc(CN2CC(=O)N(Cc3ccc4c(NC(C)=O)n[nH]c4c3)CC2=O)c1,-10.83,1
COc1cccc(CN2CC(=O)N(Cc3ccc4c(NC=O)n[nH]c4c3)CC2=O)c1,-9.493,1
COc1cccc(CN2CCN(C(=O)c3cccc(Cl)c3)CC2)c1,-0.955939,1
COc1cccc(CN2CCN(C(=O)c3cccc(OC)c3)CC2)c1,-5.00216,1
COc1cccc(CNC(=O)C2CCN(S(=O)(=O)c3ccc(-c4cc[nH]n4)o3)CC2)c1,-4.76026,1
COc1cccc(CNC(=O)C2CCN(S(=O)(=O)c3ccc(-c4ccn[nH]4)o3)CC2)c1,-4.99471,1
COc1cccc(CNC(=O)C2CCN(S(=O)(=O)c3ccc4c(c3)NC(=O)CS4)CC2)c1,-7.81464,1
COc1cccc(CNC(=O)C2CCN(S(=O)(=O)c3cccc4nonc34)CC2)c1,-4.72602,1
COc1cccc(CNC(=O)C2CCN(c3cc(C(=O)Nc4cccc(OC)c4)ccn3)CC2)c1,-0.246993,1
COc1cccc(CNC(=O)CC2CCN(S(=O)(=O)c3ccccc3)CC2)c1,-2.77806,1
COc1cccc(CNC(=O)CCC(=O)N2CCOc3ccc(Cl)cc32)c1,-3.06059,1
COc1cccc(CNC(=O)CCc2nnc3ccc(N4CCOCC4)nn23)c1,-5.71775,1
COc1cccc(CNC(=O)CCc2nnc3ccc(NCc4ccco4)nn23)c1,-5.9166,1
COc1cccc(CNC(=O)CN(Cc2ccccc2)S(=O)(=O)c2ccc3nc(C)sc3c2)c1,-4.12527,1
COc1cccc(CNC(=O)CSc2nc3c(sc(=S)n3-c3ccc(C)cc3)c(=O)[nH]2)c1,-4.68927,1
COc1cccc(CNC(=O)Cc2csc(NC(=O)Nc3ccc(Cl)cc3)n2)c1,-3.42534,1
COc1cccc(CNC(=O)Cc2csc(NC(=O)c3cc(OC)cc(OC)c3)n2)c1,-7.35239,1
COc1cccc(CNC(=O)Cc2csc(NC(=O)c3ccco3)n2)c1,-7.94859,1
COc1cccc(CNC(=O)[C@@H](C)N2C(=O)CCn3nc(C)cc32)c1,-6.39506,1
COc1cccc(CNC(=O)[C@@H](CCSC)NS(=O)(=O)c2ccc3c(c2)oc(=O)n3C)c1,-7.68351,1
COc1cccc(CNC(=O)[C@@H](NS(=O)(=O)c2ccc3c(c2)oc(=O)n3C)C(C)C)c1,-7.00622,1
COc1cccc(CNC(=O)[C@@H]2CCCN(S(=O)(=O)c3ccc4[nH]c(=O)ccc4c3)C2)c1,-5.76,1
COc1cccc(CNC(=O)[C@H](Cc2ccccc2)NS(=O)(=O)c2ccc3c(c2)oc(=O)n3C)c1,-6.03639,1
COc1cccc(CNC(=O)[C@H]2CCCN(c3nc4cccnc4s3)C2)c1OC,-6.17099,1
COc1cccc(CNC(=O)[C@H]2COc3ccc(OC)cc3C2)c1,-6.42554,1
COc1cccc(CNC(=O)[C@H]2Cc3cc(S(=O)(=O)N4CCCCC4)ccc3N2C(C)=O)c1,-6.23795,1
COc1cccc(CNC(=O)c2c(C)oc3ncnc(N4CCOCC4)c23)c1,-4.6573,1
COc1cccc(CNC(=O)c2c(N3CCCC3=O)c3cc(F)ccc3n2C)c1,-6.80185,1
COc1cccc(CNC(=O)c2cc(-c3ccc(F)cc3)[nH]n2)c1,-7.00899,1
COc1cccc(CNC(=O)c2cc(-c3ccc(F)cc3)n[nH]2)c1,-5.40319,1
COc1cccc(CNC(=O)c2cc(-c3cccc(OC)c3)[nH]n2)c1,-7.42669,1
COc1cccc(CNC(=O)c2cc(-c3cccc(OC)c3)n[nH]2)c1,-5.71858,1
COc1cccc(CNC(=O)c2cc(-c3ccccc3)n[nH]2)c1,-6.33192,1
COc1cccc(CNC(=O)c2cc(-c3cccnc3)n(-c3ccc(F)cc3)n2)c1,-6.38082,1
COc1cccc(CNC(=O)c2cc3cc(S(=O)(=O)N(C)C)ccc3n2C)c1,-4.79709,1
COc1cccc(CNC(=O)c2cc3cc(S(=O)(=O)N(C)C)ccc3n2Cc2ccccc2)c1,-2.63893,1
COc1cccc(CNC(=O)c2cc3cc4ccc(OC)cc4nc3o2)c1,-6.86532,1
COc1cccc(CNC(=O)c2cc3cc4ccc(OC)cc4nc3s2)c1,-6.68993,1
COc1cccc(CNC(=O)c2cc3n(n2)CCCN(Cc2cccc(C)c2)C3=O)c1,-5.67083,1
COc1cccc(CNC(=O)c2cc3n(n2)C[C@](C)(C(=O)NCCC(C)C)N(C)C3=O)c1,-6.39555,1
COc1cccc(CNC(=O)c2ccc(C[S@@](=O)c3ccc(Cl)cc3)o2)c1,-5.35109,1
COc1cccc(CNC(=O)c2ccc(C[S@@](=O)c3ccccc3Cl)o2)c1,-5.64806,1
COc1cccc(CNC(=O)c2ccc(C[S@](=O)c3ccc(Cl)cc3)o2)c1,-4.18974,1
COc1cccc(CNC(=O)c2ccc(C[S@](=O)c3ccccc3Cl)o2)c1,-6.33461,1
COc1cccc(CNC(=O)c2ccc(N3CCOCC3)c(NC(=O)Nc3ccc(F)cc3F)c2)c1,-2.13241,1
COc1cccc(CNC(=O)c2ccc(N3CCOCC3)c(NC(=O)Nc3ccccc3F)c2)c1,-2.39367,1
COc1cccc(CNC(=O)c2ccc(N3CCOCC3)c(NC(=O)Nc3ccccc3OC)c2)c1,0.693379,1
COc1cccc(CNC(=O)c2ccc3c(=O)[n-]c4c(-c5cccc(F)c5)nnn4c3c2)c1,-6.10614,1
COc1cccc(CNC(=O)c2ccc3c(c2)[nH+]c2n3CC[C@@H](C)C2)c1,-5.37886,1
COc1cccc(CNC(=O)c2ccc3c(c2)nc2n3CC[C@@H](C)C2)c1,-6.13472,1
COc1cccc(CNC(=O)c2cccc(NC(=O)N3CCSc4ncccc43)c2)c1,-5.0614,1
COc1cccc(CNC(=O)c2cccc(Nc3cc(-c4cccc(F)c4)ncn3)c2)c1,-6.47636,1
COc1cccc(CNC(=O)c2cnc3c(-c4cccc(C)c4)c(C)nn3c2C)c1,-5.70222,1
COc1cccc(CNC(=O)c2cnc3sc(N4CCCCC4)nn3c2=O)c1,-5.50197,1
COc1cccc(CNC(=O)c2cnc3scc(C)n3c2=O)c1,-5.09038,1
COc1cccc(CNC(=O)c2cnn(-c3ccc(C)cc3)c2-n2cccc2)c1,-4.96206,1
COc1cccc(CNC(=O)c2cnn(-c3ccc(F)cc3)c2-n2cccc2)c1,-4.8399,1
COc1cccc(CNC(=O)c2cnn3c(C)c(Cc4cccc(Cl)c4)c(C)nc23)c1,-5.87602,1
COc1cccc(CNC(=O)c2cnn3c(C)c(Cc4ccccc4C)c(C)nc23)c1,-5.47545,1
COc1cccc(CNC(=O)c2ncoc2-c2cccs2)c1,-5.95332,1
COc1cccc(CNC(=O)c2nnn(CC(=O)Nc3ccc(Cl)cc3)c2N)c1,-4.09438,1
COc1cccc(CNCCNC(=O)c2nonc2N)c1OCc1ccc(Cl)cc1,-2.87591,1
COc1cccc(CNCCNC(=O)c2nonc2N)c1OCc1ccccc1,-1.55864,1
COc1cccc(CNCc2c(C(=O)[O-])c(C)n(Cc3cccc(Cl)c3)c2C)c1,-3.75779,1
COc1cccc(CNc2[nH+]ccn(-c3ccc(C(C)C)cc3)c2=O)c1,-3.92405,1
COc1cccc(CNc2[nH+]ccn(-c3ccc(C)c(C)c3)c2=O)c1,-4.81374,1
COc1cccc(CNc2[nH+]ccn(-c3ccc(C)c(F)c3)c2=O)c1,-3.43263,1
COc1cccc(CNc2[nH+]ccn(-c3ccc(C)cc3)c2=O)c1,-4.06474,1
COc1cccc(CNc2c(C#N)cnc3cc(OC)ccc23)c1,-7.08051,1
COc1cccc(CNc2nc3c(S(=O)(=O)c4cc(C)ccc4C)nnn3c3ccsc23)c1,-4.95323,1
COc1cccc(CNc2nc3c(S(=O)(=O)c4ccccc4)nnn3c3ccsc23)c1,-4.8233,1
COc1cccc(CNc2nccn(-c3ccc(C(C)C)cc3)c2=O)c1,-6.29266,1
COc1cccc(CNc2ncnc3c(-c4ccc(C)cc4)noc23)c1,-5.66943,1
COc1cccc(COC(=O)c2nnn(-c3ccc(F)cc3)c2C)c1,-6.53759,1
COc1cccc(COC(=O)c2nnn(-c3cccc(Cl)c3)c2C)c1,-5.9584,1
COc1cccc(CSc2nc3cc(C(=O)NC(C)C)ccc3c(=O)n2-c2cccc(F)c2)c1,-5.38079,1
COc1cccc(CSc2nc3ccncc3n2Cc2ccc(C(=O)NC[C@H]3CCCO3)cc2)c1,-5.31679,1
COc1cccc(CSc2nccn3nc(-c4ccccc4)cc23)c1,-5.53203,1
COc1cccc(C[N@H+]2CCc3[nH]c(SCC(=O)Nc4ccc5c(c4)OCCO5)nc(=O)c3C2)c1,-5.86461,1
COc1cccc(C[NH2+]CCSc2nnnn2-c2ccccc2)c1,-3.94194,1
COc1cccc(C[NH2+]CCSc2nnnn2C)c1OCc1ccc(F)cc1,-3.17984,1
COc1cccc(C[NH2+]CCSc2nnnn2C)c1OCc1ccccc1,-2.6634,1
COc1cccc(Cn2c(C)c(C[NH2+]Cc3ccc(OC)cc3OC)c(C(=O)O)c2C)c1,-2.80676,1
COc1cccc(Cn2c(C)c(C[NH2+]Cc3ccc(OC)cc3OC)c(C(=O)[O-])c2C)c1,-5.66104,1
COc1cccc(Cn2c(CNC(=O)c3cccc(C)c3)nc3cccnc32)c1,-6.17187,1
COc1cccc(Cn2c(CNC(=O)c3cccc(OC)c3)nc3cccnc32)c1,-5.82361,1
COc1cccc(Cn2c(CNC(C)=O)nc3cccnc32)c1,-4.54392,1
COc1cccc(Cn2nnc(C(=O)Nc3cc(Cl)ccc3C)c2N)c1,-5.15614,1
COc1cccc(N2C(=O)C[C@H](N3CCN(C/C=C/c4ccccc4)CC3)C2=O)c1,-3.81016,1
COc1cccc(N2C(=O)[C@H](CC(=O)Nc3ccc(F)cc3)N(Cc3ccc4c(c3)OCO4)C2=O)c1,-5.218,1
COc1cccc(N2C(=O)c3cccnc3[C@H]2Nc2ccc(Cl)cc2)c1,-5.69491,1
COc1cccc(N2CCN(C(=O)c3ccc(C[S@](=O)Cc4ccc(Cl)cc4)o3)CC2)c1,-6.15111,1
COc1cccc(N2CCN(C(=O)c3oc4ccccc4c3NC(=O)COc3ccccc3)CC2)c1,-5.63003,1
COc1cccc(N2CCN(C(=O)c3oc4ccccc4c3NC(=O)c3ccco3)CC2)c1,-0.627699,1
COc1cccc(N2CCN(S(=O)(=O)c3ccc(-c4cc(C)no4)cc3OC)CC2)c1,-5.48225,1
COc1cccc(N2CCN(S(=O)(=O)c3ccc(-c4nnc(C)o4)s3)CC2)c1,-4.76111,1
COc1cccc(N2CCN([C@H]3CC(=O)N(c4cccc(Cl)c4)C3=O)CC2)c1,-5.72125,1
COc1cccc(N2CCN(c3ccc4nnc(CCC(=O)N5CCCC5)n4n3)CC2)c1,-5.16843,1
COc1cccc(N2CC[NH+]([C@@H]3CC(=O)N(c4cccc(Cl)c4)C3=O)CC2)c1,-2.97018,1
COc1cccc(N2CC[NH+]([C@H]3CC(=O)N(c4cccc(Cl)c4)C3=O)CC2)c1,-5.17014,1
COc1cccc(N2C[C@@H](NC(=O)c3ccc(S(=O)(=O)N4CCCCC4)cc3)CC2=O)c1,-2.53261,1
COc1cccc(N2C[C@@H](NC(=O)c3ccc(S(=O)(=O)N4CCOCC4)cc3)CC2=O)c1,-1.74255,1
COc1cccc(N2C[C@@H](c3[nH+]c4ccccc4n3CCOc3ccccc3)CC2=O)c1,-4.48879,1
COc1cccc(N2C[C@@H](c3nc4ccc(C)cc4[nH]3)CC2=O)c1,-5.23257,1
COc1cccc(NC(=O)C2CCN(c3cc(-c4cccc(F)c4)ncn3)CC2)c1,-3.99957,1
COc1cccc(NC(=O)CCCCCN2C(=O)c3cccc([N+](=O)[O-])c3C2=O)c1,-4.03966,1
COc1cccc(NC(=O)CCCc2nc(-c3cccc(C)c3)no2)c1,-3.89676,1
COc1cccc(NC(=O)CCNS(=O)(=O)c2ccc3c(c2)CCN3C(C)=O)c1,-2.52908,1
COc1cccc(NC(=O)CCS(=O)(=O)c2cc3c(cc2Cl)NC(=O)CO3)c1,-4.11399,1
COc1cccc(NC(=O)CCc2c(C)nc3cc(-c4cccc(F)c4)nn3c2C)c1,-4.63404,1
COc1cccc(NC(=O)CCc2nc(CSc3nc4cc(C)ccc4o3)no2)c1,-5.72321,1
COc1cccc(NC(=O)CN(C)C(=O)c2ccc3c(c2)nnn3C)c1,-2.70494,1
COc1cccc(NC(=O)CN(C)S(=O)(=O)c2ccc(-c3ccc(=O)[nH]n3)s2)c1,-6.63,1
COc1cccc(NC(=O)CN(c2ccc(OC)cc2OC)S(=O)(=O)c2ccccc2)c1,-2.12124,1
COc1cccc(NC(=O)CN2C(=O)COc3ccc(C(=O)N4CCCCC4)cc32)c1,-4.48398,1
COc1cccc(NC(=O)CN2C(=O)c3cccnc3Sc3ccccc32)c1,-6.85352,1
COc1cccc(NC(=O)CN2CCN(S(=O)(=O)c3cc(Cl)ccc3OC)CC2)c1,-4.61126,1
COc1cccc(NC(=O)COCc2cc(-c3ccc4c(c3)OCO4)on2)c1,-4.14301,1
COc1cccc(NC(=O)COc2cccc(-c3nc(-c4ccccc4)no3)c2)c1,-4.77145,1
COc1cccc(NC(=O)COc2cccc(-c3nc(C(C)C)no3)c2)c1,-4.67172,1
COc1cccc(NC(=O)CSC2=C(C#N)[C@@H](c3cccs3)C3=C([O-])CCC=C3N2)c1,-5.96479,1
COc1cccc(NC(=O)CSC2=[NH+]C(=O)C[C@@H](c3cccc([N+](=O)[O-])c3)[C@@H]2C#N)c1,-5.25297,1
COc1cccc(NC(=O)CSC2=[NH+]C(=O)C[C@H](c3cccc([N+](=O)[O-])c3)[C@H]2C#N)c1,-5.0792,1
COc1cccc(NC(=O)CSCc2cc(=O)n3ccsc3n2)c1,-6.09862,1
COc1cccc(NC(=O)CSc2[nH+]cc(CO)n2Cc2ccc(F)cc2)c1,-2.78511,1
COc1cccc(NC(=O)CSc2ccc3nc(-c4ccccc4)cn3n2)c1,-5.74487,1
COc1cccc(NC(=O)CSc2nc(-c3ccccc3C)nc3cc(=O)[n-]n23)c1,-4.26804,1
COc1cccc(NC(=O)CSc2nc(-c3ccccc3Cl)nc3cc(=O)[n-]n23)c1,-2.95354,1
COc1cccc(NC(=O)CSc2nc(-c3ccccc3Cl)nc3cc(O)nn23)c1,-6.28497,1
COc1cccc(NC(=O)CSc2nc(=O)c(S(=O)(=O)c3cccc(Cl)c3)c[nH]2)c1,-3.68742,1
COc1cccc(NC(=O)CSc2nc(=O)c3c([nH]2)CCCC3)c1,-4.31738,1
COc1cccc(NC(=O)CSc2nc(=O)c3c([nH]2)CC[N@H+](Cc2ccc(F)cc2)C3)c1,-4.47968,1
COc1cccc(NC(=O)CSc2nc(=O)c3c([nH]2)CC[N@H+](Cc2ccccc2OC)C3)c1,-3.12357,1
COc1cccc(NC(=O)CSc2nc3c(c(=O)[n-]2)CCCC3)c1,-3.68455,1
COc1cccc(NC(=O)CSc2nc3c(c(=O)[n-]2)C[N@@H+](Cc2ccccc2OC)CC3)c1,-5.06188,1
COc1cccc(NC(=O)CSc2nc3c(c(=O)[nH]2)CCCC3)c1,-4.12462,1
COc1cccc(NC(=O)CSc2nc3c(c(=O)[nH]2)C[N@@H+](Cc2ccccc2OC)CC3)c1,-3.86354,1
COc1cccc(NC(=O)CSc2nc3c(cnn3-c3ccccc3OC)c(=O)[n-]2)c1,-3.76933,1
COc1cccc(NC(=O)CSc2nc3c(cnn3-c3ccccc3OC)c(=O)[nH]2)c1,-5.1549,1
COc1cccc(NC(=O)CSc2nc3cccnc3[nH]2)c1,-5.37964,1
COc1cccc(NC(=O)CSc2nc3ncccc3[nH]2)c1,-5.70044,1
COc1cccc(NC(=O)CSc2ncc(CO)n2Cc2ccccc2)c1,-7.38478,1
COc1cccc(NC(=O)CSc2ncc(S(=O)(=O)c3cccc(C(F)(F)F)c3)c(=O)[nH]2)c1,-2.27709,1
COc1cccc(NC(=O)CSc2ncc(S(=O)(=O)c3cccc(Cl)c3)c(=O)[nH]2)c1,-3.58261,1
COc1cccc(NC(=O)CSc2ncc3c(n2)-c2cc(Cl)ccc2N(C)S3(=O)=O)c1,-6.21135,1
COc1cccc(NC(=O)CSc2nnc(-c3cccc(C)c3)n2-c2ccccc2)c1,-5.49994,1
COc1cccc(NC(=O)CSc2nnc(-c3cccs3)n2-n2cccc2)c1,-5.82348,1
COc1cccc(NC(=O)CSc2nnc(CNC(=O)c3c(F)cccc3Cl)o2)c1,-3.31386,1
COc1cccc(NC(=O)C[C@H](C)S(=O)(=O)c2ccc3c(c2)NC(=O)[C@@H](C)S3)c1,-6.44447,1
COc1cccc(NC(=O)Cc2c(C)nc3nc(-c4ccccc4C)nn3c2C)c1,-4.53553,1
COc1cccc(NC(=O)Cc2c(C)nc3nc(-c4ccccc4Cl)nn3c2C)c1,-4.17906,1
COc1cccc(NC(=O)Cc2csc(-n3nc(C)cc3C)n2)c1,-5.33705,1
COc1cccc(NC(=O)Cc2csc(COc3cccc(C)c3)n2)c1,-5.20649,1
COc1cccc(NC(=O)Cn2cc(S(=O)(=O)Cc3cccc(Cl)c3)c3ccccc32)c1,-4.5248,1
COc1cccc(NC(=O)Cn2cnc(S(=O)(=O)N3CCCCC3)c2)c1,-4.70015,1
COc1cccc(NC(=O)Cn2nc(SC)c(S(C)(=O)=O)c2N)c1,-5.83246,1
COc1cccc(NC(=O)N2CC=C(c3c[nH]c4ccccc34)CC2)c1,-4.86568,1
COc1cccc(NC(=O)N[C@H]2COc3ccc(OC)cc3C2)c1,-6.90396,1
COc1cccc(NC(=O)Nc2cc(C)c3nc(NC(C)=O)sc3c2)c1,-7.75815,1
COc1cccc(NC(=O)Nc2ccccc2OCc2cc(=O)n3ccc(C)cc3n2)c1,-4.89224,1
COc1cccc(NC(=O)[C@@H](C)Oc2cc(C)c3c(C)nn(-c4ccccc4)c3n2)c1,-4.56374,1
COc1cccc(NC(=O)[C@@H](C)Sc2nc3ccccc3c3[n+]2[C@H](C(C)C)C(=O)N3)c1,-7.21448,1
COc1cccc(NC(=O)[C@@H]2CC(=O)N=C3NC(SCCc4ccccc4)=NC([O-])=C32)c1,-0.913716,1
COc1cccc(NC(=O)[C@@H]2CC(=O)N=C3NC(SCc4ccccc4F)=NC([O-])=C32)c1,-3.18632,1
COc1cccc(NC(=O)[C@@H]2CCCN(S(=O)(=O)c3cn(C)cn3)C2)c1,-3.76127,1
COc1cccc(NC(=O)[C@@H]2CCCN(c3nnc(-n4cccc4)s3)C2)c1,-0.968817,1
COc1cccc(NC(=O)[C@H]2CC(=O)Nc3nc(SCc4cccc(C)c4)[nH]c(=O)c32)c1,-4.3191,1
COc1cccc(NC(=O)[C@H]2CCCN(S(=O)(=O)c3c(C)noc3/C=C/c3ccco3)C2)c1,-4.56837,1
COc1cccc(NC(=O)c2[nH]nc3c2CCc2cc(OC)ccc2-3)c1,-3.28451,1
COc1cccc(NC(=O)c2c(-c3cccc(OC)c3)nc3n2CCS3(=O)=O)c1,-4.1529,1
COc1cccc(NC(=O)c2cc(S(=O)(=O)N3CCC(C)CC3)cn2C)c1,-3.63654,1
COc1cccc(NC(=O)c2cc3cc4cc(OC)ccc4nc3o2)c1,-6.13432,1
COc1cccc(NC(=O)c2ccc3c(c2)NC(=O)CO3)c1,-8.09855,1
COc1cccc(NC(=O)c2cccc(N3C(=O)N[C@@H]4C[C@@]3(C)Oc3ccccc34)c2)c1,-5.48816,1
COc1cccc(NC(=O)c2cccn(OCc3cccc(Cl)c3)c2=O)c1,-5.60197,1
COc1cccc(NC(=O)c2ccnc(N3CCC(C(=O)NCc4cccc(Cl)c4)CC3)c2)c1,-3.58839,1
COc1cccc(NC(=O)c2cnc3scc(-c4ccc(C)cc4)n3c2=O)c1,-5.76859,1
COc1cccc(NC(=O)c2cnc3scc(-c4ccc(F)cc4)n3c2=O)c1,-5.35723,1
COc1cccc(NC(=O)c2n[nH]c3c2CCc2cc(OC)ccc2-3)c1,-4.95984,1
COc1cccc(NC(=O)c2nn(-c3ccc(Cl)cc3)c(=O)c3ccccc23)c1,-4.05567,1
COc1cccc(NC(=O)c2nn(-c3ccc(OC)cc3OC)c(=O)c3ccccc23)c1,-4.43651,1
COc1cccc(NC(=O)c2oc3ccccc3c2NC(=O)c2ccc3c(c2)OCO3)c1,-4.40067,1
COc1cccc(NC(=S)N(CCC[NH+]2CCOCC2)Cc2ccco2)c1,-5.23493,1
COc1cccc(NC(=S)Nc2ccc(CN3CCOCC3)cc2)c1,-4.83362,1
COc1cccc(NC(=S)Nc2ccc(C[NH+]3CCOCC3)cc2)c1,-3.37493,1
COc1cccc(NC2=NS(=O)(=O)C(c3cccc(Br)c3)=C2C)c1,-5.50409,1
COc1cccc(NC2=[N+](C)C(=O)C[C@@H](C(=O)Nc3ccc(C(=O)[O-])cc3)S2)c1,-0.52106,1
COc1cccc(NC2=[N+](C)C(=O)C[C@@H](C(=O)Nc3ccc(OC(F)(F)Cl)cc3)S2)c1,-2.56921,1
COc1cccc(NCc2cc(=O)n3nc(NCc4ccc(C)cc4)nc3[nH]2)c1,-5.61885,1
COc1cccc(NCc2cc([O-])n3nc(NCc4ccc(Cl)cc4)nc3n2)c1,-6.83541,1
COc1cccc(NS(=O)(=O)c2ccc(-c3cc(C)no3)cc2OC)c1,-4.16421,1
COc1cccc(NS(=O)(=O)c2ccc(-c3ccno3)cc2OC)c1,-4.03803,1
COc1cccc(NS(=O)(=O)c2ccc(N3C(=O)CCS3(=O)=O)cc2C)c1,-5.80871,1
COc1cccc(NS(=O)(=O)c2ccc3c(c2)CCN3C(=O)CCC(=O)N2CCCCC2)c1,-0.262053,1
COc1cccc(N[C@H]2c3ncccc3C(=O)N2Cc2ccco2)c1,-5.43262,1
COc1cccc(Nc2c(C#N)cnc3cc(OC)ccc23)c1,-7.08875,1
COc1cccc(Nc2c(C#N)cnc3ccc(C)cc23)c1,-7.4426,1
COc1cccc(Nc2c(C#N)cnc3ccc(Cl)cc23)c1,-5.92143,1
COc1cccc(Nc2c(C#N)cnc3ccc(OC)cc23)c1,-6.10029,1
COc1cccc(Nc2c([N+](=O)[O-])n[n+](-c3ccccc3)n2[O-])c1,-5.33692,1
COc1cccc(Nc2nc(N(C)C)nc3c2cnn3-c2ccccc2)c1,-5.95792,1
COc1cccc(Nc2nc(N3CC[NH+](CCO)CC3)nc3c2cnn3-c2ccccc2)c1,-6.20127,1
COc1cccc(Nc2nc(NCCO)nc3c2cnn3C)c1,-3.47397,1
COc1cccc(Nc2nc(NCC[NH+]3CCOCC3)nc3c2cnn3-c2ccccc2)c1,-3.7422,1
COc1cccc(Nc2ncc3c(n2)CC[N@@H+](Cc2ccc(F)c(F)c2)C3)c1,-6.53397,1
COc1cccc(Nc2ncnc3onc(-c4cccc(OC)c4)c23)c1,-3.70985,1
COc1cccc(OC(=O)CSc2nnc(-c3ccc4c(c3)OCO4)o2)c1,-5.71326,1
COc1cccc(OC(=O)CSc2nnc(-c3cccc(C)c3)o2)c1,-6.02499,1
COc1cccc(OCC(=O)NCc2nnnn2-c2ccc(F)cc2)c1,-0.0362545,1
COc1cccc(OCCSc2[nH+]c3ccccc3n2CC(=O)OC(C)C)c1,-4.57514,1
COc1cccc(OCCSc2[nH]c3ccc(C)cc3[nH+]2)c1,-2.52984,1
COc1cccc(OCCSc2nc3ccccc3n2CC(=O)OC(C)C)c1,-4.97297,1
COc1cccc(OCc2nc(-c3cccc(OC)c3)no2)c1,-4.94616,1
COc1cccc(OCc2nc(-c3ccccc3)no2)c1,-6.10143,1
COc1cccc([C@@H]2/C(=C(/[O-])Nc3cccnc3)C(C)=Nc3nc(SCc4ccccc4)nn32)c1,-3.96049,1
COc1cccc([C@@H]2C(C#N)=C(N)Oc3cc(N)ccc32)c1,-6.3644,1
COc1cccc([C@@H]2C(C#N)=C(N)Oc3cc(O)ccc32)c1,-5.95124,1
COc1cccc([C@@H]2CC(=O)NC(SC)=C2C#N)c1,-5.99344,1
COc1cccc([C@@H]2CC(=O)Nc3c2c(=O)nc2c(C)cccn32)c1,-5.56293,1
COc1cccc([C@@H]2CC(=O)[NH+]=C(SCC(=O)Nc3ccc(Br)cc3)[C@H]2C#N)c1,-5.34372,1
COc1cccc([C@@H]2CC(=O)[NH+]=C(SCC(N)=O)[C@@H]2C#N)c1,-6.84094,1
COc1cccc([C@@H]2C[C@H](C(F)(F)F)n3ncc(C(=O)NCCCn4cc[nH+]c4)c3N2)c1,-7.1306,1
COc1cccc([C@@H]2C[C@H](C(F)(F)F)n3ncc(C(=O)NCCCn4ccnc4)c3N2)c1,-4.60606,1
COc1cccc([C@@H]2C[C@H](C(F)(F)F)n3ncc(C(=O)NC[C@@H]4CCCO4)c3N2)c1,-6.52595,1
COc1cccc([C@@H]2C[C@H](C(F)(F)F)n3ncc(C(=O)NCc4ccc(F)cc4)c3N2)c1,-6.40852,1
COc1cccc([C@@H]2C[C@H](C(F)(F)F)n3ncc(C(=O)NCc4ccco4)c3N2)c1,-7.47916,1
COc1cccc([C@@H]2C[C@H](c3ccc(OC(F)F)cc3)n3ncnc3N2)c1,-5.70961,1
COc1cccc([C@@H]2NC(=O)NC(C)=C2C(=O)Nc2cccc(C)c2C)c1,-6.70165,1
COc1cccc([C@@H]2NC(N)=Nc3nc4ccccc4n32)c1,-7.8396,1
COc1cccc([C@H](c2sc3nc(-c4ccco4)nn3c2[O-])N2CCN(c3ccccc3)CC2)c1,-2.76821,1
COc1cccc([C@H]2C(C(=O)OC(C)C)=C(C)Nc3ncnn32)c1,-4.39329,1
COc1cccc([C@H]2C=C(c3ccc(Br)cc3)Nc3nnnn32)c1,-5.98429,1
COc1cccc([C@H]2C[C@@H](c3c(F)cccc3Cl)n3nc(N)nc3N2)c1,-6.65499,1
COc1cccc([C@H]2C[C@@H](c3ccc(C(C)C)cc3)n3ncnc3N2)c1,-6.78338,1
COc1cccc([C@H]2C[C@@H](c3ccc(C)cc3)n3nc(N)nc3N2)c1,-6.90918,1
COc1cccc([C@H]2C[C@@H](c3ccc(C)cc3)n3ncnc3N2)c1,-7.01642,1
COc1cccc([C@H]2C[C@@H](c3ccc(Cl)cc3)n3nc(N)nc3N2)c1,-6.30272,1
COc1cccc([C@H]2C[C@@H](c3ccc(F)cc3)n3nc(N)nc3N2)c1,-5.87326,1
COc1cccc([C@H]2C[C@@H](c3ccc(OC)c(OC)c3OC)n3nnnc3N2)c1,-6.93865,1
COc1cccc([C@H]2C[C@@H](c3cccc(C)c3)n3nc(N)nc3N2)c1,-5.89468,1
COc1cccc([C@H]2C[C@@H](c3cccc(Cl)c3)n3nc(N)nc3N2)c1,-5.99462,1
COc1cccc([C@H]2C[C@@H](c3cccc(OC)c3OC(F)F)n3nnnc3N2)c1,-6.20994,1
COc1cccc([C@H]2C[C@@H](c3cccc(OC)c3OC)n3nnnc3N2)c1,-6.54019,1
COc1cccc([C@H]2C[C@H](C(F)(F)F)n3ncc(C(=O)[O-])c3N2)c1,-4.94147,1
COc1cccc([C@]2(O)CSC3=C(C#N)[C@@H](c4cccc(Cl)c4)CC(=O)N32)c1,-5.42917,1
COc1cccc([N-]S(=O)(=O)c2ccc(-c3cc(C)no3)cc2OC)c1,-1.45151,1
COc1cccc2c1Oc1nc(-c3ccc(C(=O)[O-])cc3)[nH]c(=S)c1C2,-3.89772,1
COc1ccccc1-c1cc(C(=O)N/N=C/c2cccc(O)c2)[nH]n1,-5.10495,1
COc1ccccc1-c1cc2nc(C)c(CCC(=O)NCc3cccnc3)c(C)n2n1,-2.9217,1
COc1ccccc1-c1ccc2c(NC(=O)CO)n[nH]c2c1,-9.737,1
COc1ccccc1-c1ccc2c(NC(N)=O)n[nH]c2c1,-10.78,1
COc1ccccc1-c1ccc2c(NO)n[nH]c2c1,-9.417,1
COc1ccccc1-c1nc2s/c(=C\c3ccc(OC(C)=O)cc3)c(=O)n2n1,-6.73498,1
COc1ccccc1-c1nnc2sc(NC(=O)COc3ccc(F)cc3)nn12,-4.00325,1
COc1ccccc1-n1c(CNC(=O)c2cccc(F)c2)nnc1SCC(=O)Nc1nccs1,-5.61396,1
COc1ccccc1-n1c(CNC(=O)c2ccccc2)nnc1SCC(=O)Nc1nccs1,-7.25883,1
COc1ccccc1-n1c(CNC(=O)c2ccccc2F)nnc1SCC(=O)Nc1nccs1,-6.29331,1
COc1ccccc1-n1c(CNC(=O)c2ccco2)nnc1SCC(=O)Nc1nccs1,-4.39824,1
COc1ccccc1/C=N/NC(=O)c1cccc(NC(C)=O)c1,-6.0412,1
COc1ccccc1C(=O)Nc1c2c(nn1-c1ccc([N+](=O)[O-])cc1)CS(=O)(=O)C2,-4.46004,1
COc1ccccc1C(=O)Nc1ccc(S(=O)(=O)Nc2ncccn2)cc1,-1.21589,1
COc1ccccc1C(=O)Nc1ccc2c(c1)[nH+]c(CN1CCOCC1)n2C,-1.73643,1
COc1ccccc1C(=O)Nc1cccc(-c2nc3ncccc3o2)c1,-5.82692,1
COc1ccccc1C1=NO[C@@H](C(=O)Nc2cccc(C(C)=O)c2)C1,-7.34235,1
COc1ccccc1C1=NO[C@H](C(=O)Nc2cccc(C(C)=O)c2)C1,-7.40317,1
COc1ccccc1CCNC(=O)Cc1csc(NC(C)=O)n1,-7.33353,1
COc1ccccc1CNC(=O)CN(C)S(=O)(=O)c1cc2c(cc1Cl)NC(=O)CO2,-6.00855,1
COc1ccccc1CNC(=O)[C@H]1CC[C@@H](CNS(=O)(=O)c2ccc(NC(C)=O)cc2)CC1,-8.08861,1
COc1ccccc1CNc1nc(N2CCN(CCO)CC2)nc2c1cnn2C,-5.70351,1
COc1ccccc1CNc1nc(NCCO)nc2c1cnn2C,-6.71375,1
COc1ccccc1C[N@@H+]1CCc2[nH]c(SCC(=O)Nc3ccc4c(c3)OCCO4)nc(=O)c2C1,-3.57241,1
COc1ccccc1N/C([O-])=C1/C(C)=Nc2nc(CCCO)nn2[C@H]1c1ccccc1,-6.32205,1
COc1ccccc1N/C([O-])=C1/C(C)=Nc2ncnn2[C@@H]1c1ccc(NC(C)=O)cc1,-4.48304,1
COc1ccccc1N/C([O-])=C1/C(C)=Nc2ncnn2[C@H]1c1ccc(C(=O)[O-])cc1,-4.3301,1
COc1ccccc1N/C([O-])=C1/C(C)=Nc2ncnn2[C@H]1c1ccc(NC(C)=O)cc1,-7.61379,1
COc1ccccc1N/C([O-])=C1\C(C)=Nc2nc(CCCO)nn2[C@@H]1c1ccccc1,-6.54854,1
COc1ccccc1N/C([O-])=C1\C(C)=Nc2nc(CCCO)nn2[C@@H]1c1ccccc1OC,-6.92177,1
COc1ccccc1NC(=O)C1=C(C)Nc2ncnn2[C@H]1c1ccc(C(=O)[O-])cc1,-4.1598,1
COc1ccccc1NC(=O)C1=C(C)Nc2ncnn2[C@H]1c1ccc(NC(C)=O)cc1,-3.17942,1
COc1ccccc1NC(=O)CCCc1nc(-c2cccs2)no1,-2.79714,1
COc1ccccc1NC(=O)CCc1c(C)nn(-c2ccc3nncn3n2)c1C,-2.80619,1
COc1ccccc1NC(=O)CCc1ccc2nc(NC(C)=O)sc2c1,-7.55561,1
COc1ccccc1NC(=O)CN(C)S(=O)(=O)c1cc2c(cc1Cl)NC(=O)CO2,-6.00931,1
COc1ccccc1NC(=O)COc1cc(CSc2nnc(C)s2)[nH+]cc1OC,-1.80167,1
COc1ccccc1NC(=O)COc1cc(CSc2nnc(C)s2)ncc1OC,-5.43166,1
COc1ccccc1NC(=O)CSc1nc(=O)c2c([nH]1)CC[N@@H+](Cc1ccc3c(c1)OCO3)C2,-3.20447,1
COc1ccccc1NC(=O)CSc1nc2ccc(NC(=O)C(C)C)cc2s1,-7.20052,1
COc1ccccc1NC(=O)CSc1nnc(CNC(=O)c2ccco2)o1,-6.76973,1
COc1ccccc1NC(=O)[C@@H](CCSC)NS(=O)(=O)c1ccc2c(c1)oc(=O)n2C,-5.7369,1
COc1ccccc1NC(=O)[C@H](CCSC)NS(=O)(=O)c1ccc2c(c1)oc(=O)n2C,-5.74513,1
COc1ccccc1N[C@@H](C)C(=O)N/N=C/c1ccc([N+](=O)[O-])cc1,-4.83811,1
COc1ccccc1N[C@@H](C)C(=O)N/N=C/c1ccncc1,-5.57124,1
COc1ccccc1Nc1nn2c(=O)c3ccc(C(=O)NC4CC4)cc3nc2s1,-6.67704,1
COc1ccccc1[C@@H]1CC(c2ccc(C)cc2)=NN1C(=O)CCC(=O)[O-],-3.81427,1
COc1ccccc1[C@@H]1NC(=O)NC(C)=C1C(=O)OCCC#N,-6.7433,1
COc1ccccc1[C@H]1C=C(c2ccc(OC(F)F)cc2)Nc2nnnn21,-6.38722,1
COc1ccccc1[C@H]1C=C2NC(C)=C(C(=O)OC[C@H]3CCCO3)[C@H](c3ccc(F)cc3)C2=C([O-])C1,-5.18676,1
COc1ccccc1[C@H]1NC(=O)NC(C)=C1C(=O)OCCC#N,-7.79847,1
COc1ccccc1[N-]S(=O)(=O)c1cc(-c2ccc(=O)[nH]n2)ccc1Cl,-6.31223,1
COc1cnc(CSc2ncccn2)cc1OCC(=O)Nc1ccc(F)cc1,-5.84883,1
COc1cnc(CSc2nnc(C)s2)cc1OCC(=O)Nc1cc(C)ccc1C,-4.30535,1
COc1cnc(CSc2nnc(C)s2)cc1OCC(=O)Nc1ccc(C)cc1C,-5.49699,1
COc1cnc(CSc2nnc(C)s2)cc1OCC(=O)Nc1ccccc1,-5.56869,1
COc1cnc(CSc2nnc(C)s2)cc1OCC(=O)Nc1ccccc1C(F)(F)F,-4.51268,1
COc1cnc(CSc2nnnn2C)cc1OCC(=O)Nc1ccc(Br)cc1,-3.78853,1
COc1cnc(CSc2nnnn2C)cc1OCC(=O)Nc1ccc(C(C)=O)cc1,-2.84285,1
COc1cnc(CSc2nnnn2C)cc1OCC(=O)Nc1ccc(C(F)(F)F)cc1,-4.1401,1
COc1cnc(CSc2nnnn2C)cc1OCC(=O)Nc1ccc(Cl)cc1,-3.92442,1
COc1cnc(CSc2nnnn2C)cc1OCC(=O)Nc1ccc(NC(C)=O)cc1,-2.14277,1
CS(=O)(=O)/N=c1\[nH]c2ccc(NC(=O)c3ccc(C#N)cc3)cc2s1,-5.85238,1
CS(=O)(=O)/N=c1\[nH]c2ccc(NC(=O)c3cccc(Br)c3)cc2s1,-2.89575,1
CS(=O)(=O)/N=c1\[nH]c2ccc(NC(=O)c3cccc(Cl)c3)cc2s1,-3.52217,1
CS(=O)(=O)/N=c1\[nH]c2ccc(NC(=O)c3cccc(F)c3)cc2s1,-3.9817,1
CS(=O)(=O)/N=c1\[nH]c2ccc(NC(=O)c3ccccc3F)cc2s1,-4.14495,1
CS(=O)(=O)N1CCc2cc(C(=O)NCc3ccccn3)ccc21,-5.72283,1
CS(=O)(=O)Nc1ccc(C2=NN(C(=O)CCC(=O)[O-])[C@H](c3ccc(F)cc3)C2)cc1,-5.05159,1
CS(=O)(=O)Nc1ccc(C2=NN(C(=O)CCCC(=O)[O-])[C@H](c3ccc(F)cc3)C2)cc1,-6.36231,1
CS(=O)(=O)Nc1ccc(C2=NN(C(=O)CCCC(=O)[O-])[C@H](c3ccccc3)C2)cc1,-6.34604,1
CS(=O)(=O)Nc1cccc(C2=NN(C(=O)CCCC(=O)[O-])[C@@H](c3ccc(F)cc3)C2)c1,-4.01774,1
CS(=O)(=O)Nc1cccc(C2=NN(C(=O)CCCC(=O)[O-])[C@H](c3ccc(F)cc3)C2)c1,-5.67876,1
CS(=O)(=O)[N-]c1ccc(C2=NN(C(=O)CCC(=O)[O-])[C@@H](c3ccc(F)cc3)C2)cc1,-1.4405,1
CS(=O)(=O)[N-]c1ccc(C2=NN(C(=O)CCC(=O)[O-])[C@@H](c3cccc(F)c3)C2)cc1,-1.82759,1
CS(=O)(=O)[N-]c1ccc(C2=NN(C(=O)CCC(=O)[O-])[C@H](c3ccc(F)cc3)C2)cc1,-1.97173,1
CS(=O)(=O)[N-]c1ccc(C2=NN(C(=O)CCC(=O)[O-])[C@H](c3cccc(F)c3)C2)cc1,-1.29677,1
CS(=O)(=O)[N-]c1ccc(C2=NN(C(=O)CCCC(=O)[O-])[C@@H](c3ccc(F)cc3)C2)cc1,-3.62589,1
CS(=O)(=O)[N-]c1ccc(C2=NN(C(=O)CCCC(=O)[O-])[C@@H](c3ccccc3)C2)cc1,-2.88662,1
CS(=O)(=O)[N-]c1ccc(C2=NN(C(=O)CCCC(=O)[O-])[C@H](c3ccc(F)cc3)C2)cc1,-3.759,1
CS(=O)(=O)[N-]c1ccc(C2=NN(C(=O)CCCC(=O)[O-])[C@H](c3ccccc3)C2)cc1,-5.34179,1
CS(=O)(=O)[N-]c1ccc2nc(SCC(=O)Nc3ccc(Cl)cc3)sc2c1,-6.76624,1
CS(=O)(=O)[N-]c1ccc2nc(SCC(=O)Nc3ccc(F)cc3)sc2c1,-5.88875,1
CS(=O)(=O)[N-]c1cccc(C2=NN(C(=O)CCCC(=O)[O-])[C@@H](c3ccc(F)cc3)C2)c1,-3.37752,1
CS(=O)(=O)[N-]c1cccc(C2=NN(C(=O)CCCC(=O)[O-])[C@H](c3ccc(F)cc3)C2)c1,-3.7874,1
CS(=O)(=O)[N-]c1nc2ccc(NC(=O)c3ccc(C#N)cc3)cc2s1,-6.07825,1
CS(=O)(=O)[N-]c1nc2ccc(NC(=O)c3cccc(Br)c3)cc2s1,-4.59088,1
CS(=O)(=O)c1ccc(-c2cccc(NC(=O)CCCc3ccccc3)c2)nn1,-3.82811,1
CS(=O)(=O)c1ccc2nc([N-]C(=O)c3cccn(OCc4cccc(Cl)c4)c3=O)sc2c1,-1.85007,1
CS(=O)(=O)c1nc(S(=O)(=O)c2ccc(Cl)cc2)c([N-]Cc2cccnc2)s1,-4.28053,1
CSCCOC(=O)C1=C(C)NC(=O)N[C@@H]1c1cccc(O)c1,-4.86769,1
CSCCOC(=O)C1=C(C)NC(=O)N[C@H]1c1cc2c(cc1Br)OCO2,-6.26001,1
CSCCOC(=O)C1=C(C)NC(=O)N[C@H]1c1cccc(O)c1,-5.91734,1
CSCC[C@@H](C(=O)Nc1ccc([N+](=O)[O-])cc1)N1C(=O)c2ccccc2C1=O,-3.20281,1
CSCC[C@@H](NS(=O)(=O)c1ccc2c(c1)oc(=O)n2C)C(=O)NCCc1ccc(C)cc1,-6.54603,1
CSCC[C@@H](NS(=O)(=O)c1ccc2c(c1)oc(=O)n2C)C(=O)NCc1ccc(C)cc1,-6.31819,1
CSCC[C@@H](NS(=O)(=O)c1ccc2c(c1)oc(=O)n2C)C(=O)NCc1ccc(Cl)cc1,-8.23322,1
CSCC[C@@H](NS(=O)(=O)c1ccc2c(c1)oc(=O)n2C)C(=O)NCc1ccc(F)cc1,-6.43044,1
CSCC[C@@H](NS(=O)(=O)c1ccc2c(c1)oc(=O)n2C)C(=O)Nc1ccc(C)cc1,-5.12076,1
CSCC[C@H](C(=O)Nc1ccc([N+](=O)[O-])cc1)N1C(=O)c2ccccc2C1=O,-3.72998,1
CSCC[C@H](NC(=O)c1ccccc1)C(=O)OCC(=O)Nc1ccc(C(C)=O)cc1,-5.92062,1
CSCC[C@H](NS(=O)(=O)c1ccc2c(c1)oc(=O)n2C)C(=O)NCCc1ccc(C)cc1,-5.90339,1
CSCC[C@H](NS(=O)(=O)c1ccc2c(c1)oc(=O)n2C)C(=O)NCc1ccc(F)cc1,-6.36648,1
CSCC[C@H](NS(=O)(=O)c1ccc2c(c1)oc(=O)n2C)C(=O)Nc1ccccc1C,-5.77463,1
CSc1ccc(-c2nc3cnccn3c2Nc2cccc(C(N)=O)c2)cc1,-8.73223,1
CSc1ccc(CCNC(=O)[C@@H]2CCCN(S(=O)(=O)c3ccc4[nH]c(=O)oc4c3)C2)cc1,-8.32951,1
CSc1ccc(C[NH2+]CCCSc2nnnn2C)cc1,-2.88925,1
CSc1ccc(NC(=O)C2CCN(c3cnccn3)CC2)cc1,-6.02679,1
CSc1cccc(NC(=O)CCc2c(C)nn3cnnc3c2C)c1,-4.05017,1
CSc1cccc(NC(=O)CSc2nnc(-c3cccnc3)o2)c1,-5.47724,1
CSc1cccc(NC(=O)Cc2ccc3nc(NC(C)=O)sc3c2)c1,-6.10489,1
CSc1n[nH]/c(=N\C(=O)c2nn(-c3ccc(F)cc3)ccc2=O)s1,-2.88802,1
CSc1nc(=O)c2c([nH]1)NC(=O)C[C@H]2c1cccc(O)c1,-5.93817,1
CSc1nc(NCCOC(=O)CC(C)C)c(C#N)c(-c2ccc(C)cc2)n1,-4.85699,1
CSc1nc(O)c2c(n1)NC(=O)C[C@H]2c1cccc(O)c1,-3.85433,1
CSc1nc2c(c(=O)[nH]1)[C@H](c1cccc(O)c1)CC(=O)N2,-6.4728,1
CSc1ncc(C(=O)Nc2ccc(C(C)=O)cc2)c(-c2ccccc2)n1,-7.33119,1
CSc1ncc(C(=O)Nc2ccc(C(C)=O)cc2)c(C)n1,-7.48869,1
CSc1ncc(C(=O)Nc2ccc(NC(C)=O)cc2)c(-c2ccccc2)n1,-3.13968,1
CSc1ncc(C(=O)Nc2ccc(NC(C)=O)cc2)c(C)n1,-8.21668,1
CSc1nn(CC(=O)NCc2ccc3c(c2)OCO3)c(N)c1-c1nc(-c2ccc(Cl)cc2)no1,-4.79057,1
CSc1nn(CC(=O)NCc2ccccc2Cl)c(N)c1-c1nc(-c2ccc3c(c2)OCO3)no1,-4.1821,1
CSc1nn(CC(=O)Nc2ccc(C(C)=O)cc2)c(N)c1S(=O)(=O)c1ccc(F)cc1,-7.83672,1
CSc1nn(CC(=O)Nc2ccc(C(C)=O)cc2)c(N)c1S(=O)(=O)c1ccccc1,-7.92885,1
CSc1nn(CC(=O)Nc2cccc(C(C)=O)c2)c(N)c1S(=O)(=O)c1ccc(Cl)cc1,-8.60525,1
CSc1nn(CC(=O)Nc2ccccc2F)c(N)c1-c1nc(-c2ccc3c(c2)OCO3)no1,-5.57227,1
CSc1nnc(NC(=O)CCCc2nc(-c3ccccc3)no2)s1,-2.86668,1
CSc1nnc(NC(=O)c2nn(-c3ccc(Cl)cc3)ccc2=O)s1,-1.77361,1
CSc1nnc(NC(=O)c2nn(-c3ccc(F)cc3)ccc2=O)s1,-1.84383,1
CSc1nnc(NC(=O)c2nn(-c3cccc(Cl)c3)ccc2=O)s1,-1.90928,1
CSc1nnc(NC(=O)c2nn(-c3ccccc3)ccc2=O)s1,-2.02154,1
CSc1nnc([N-]C(=O)CCCc2nc(-c3ccccc3)no2)s1,-2.62741,1
CSc1nnc2c(n1)O[C@@H](c1ccc(C(=O)[O-])cc1)Nc1ccc(Br)cc1-2,-3.62405,1
CSc1nnc2c(n1)O[C@@H](c1ccc(OCC(=O)[O-])cc1)Nc1ccccc1-2,-5.89717,1
CSc1nnc2c(n1)O[C@H](c1ccc(O)cc1)Nc1ccc(Br)cc1-2,-4.63863,1
CSc1nnc2c(n1)O[C@H](c1ccc(OCC(=O)[O-])cc1)Nc1ccccc1-2,-2.34248,1
C[C@@H](C(=O)Nc1ccc(C#N)cc1)n1cc([N+](=O)[O-])cn1,-6.40083,1
C[C@@H](C(=O)Nc1ccc(CC#N)cc1)n1cc([N+](=O)[O-])cn1,-7.76942,1
C[C@@H](CC(=O)NCc1ccc(Cl)cc1)n1cccn1,-3.32925,1
C[C@@H](CC(=O)Nc1ccc(-c2ccno2)cc1)S(=O)(=O)c1ccc2c(c1)CCN2C(=O)C1CC1,-4.05428,1
C[C@@H](CC(=O)Nc1ccc(F)c(Cl)c1)S(=O)(=O)c1ccc2c(c1)NC(=O)CO2,-7.79806,1
C[C@@H](CC(=O)Nc1cccc(Cl)c1)S(=O)(=O)c1ccc2c(c1)NC(=O)CO2,-8.07046,1
C[C@@H](CC(=O)Nc1cccc(F)c1)S(=O)(=O)c1ccc2c(c1)NC(=O)CS2,-8.32794,1
C[C@@H](CCc1ccco1)NC(=O)CCc1nnc2ccc(NCc3ccc(Cl)cc3)nn12,-7.6016,1
C[C@@H](CCc1ccco1)NC(=O)CCc1nnc2ccc(NCc3ccc(F)cc3)nn12,-7.08879,1
C[C@@H](CCc1ccco1)NC(=O)CCc1nnc2ccc(NCc3ccc[nH+]c3)nn12,-5.07054,1
C[C@@H](CCc1ccco1)NC(=O)CCc1nnc2ccc(NCc3cccnc3)nn12,-6.82793,1
C[C@@H](CCc1ccco1)NC(=O)CCc1nnc2ccc(NCc3ccco3)nn12,-6.14875,1
C[C@@H](CNC(=O)CCc1nnc2ccc(N3CCC4(CC3)OCCO4)nn12)c1ccccc1,-5.4994,1
C[C@@H](Cc1ccco1)NC(=O)COCc1nnc(C(=O)Nc2cccc(Cl)c2)s1,-2.07119,1
C[C@@H](NC(=O)Cc1cccs1)c1ccc(O)cc1,-7.02829,1
C[C@@H](NC(=O)c1cc(-c2ccc(O)cc2)on1)c1ccccc1,-5.46877,1
C[C@@H](NC(=O)c1cc(-c2ccc([O-])cc2)on1)c1ccccc1,-2.55195,1
C[C@@H](NC(=O)c1cccnc1)c1ccc(O)cc1,-7.50188,1
C[C@@H](NC(=O)c1cccnc1)c1ccccc1,-5.31889,1
C[C@@H](Nc1cccc2ccccc12)C(=O)N/N=C/c1ccc([N+](=O)[O-])cc1,-4.84124,1
C[C@@H](O)CNC(=O)c1nn(-c2ccc(Cl)cc2)nc1CO,-6.94791,1
C[C@@H](Oc1ccc(Cl)cc1Cl)C(=O)Nc1ccc2c(c1)OCCO2,-5.12572,1
C[C@@H](Oc1ccc(F)cc1)C(=O)Nc1ccc2c(c1)NC(=O)CO2,-7.39223,1
C[C@@H](Sc1nc(O)c2c(n1)CCCC2)C(=O)Nc1ccc(Oc2ccccc2)cc1,-3.78901,1
C[C@@H]([N-]c1n[nH]c(=O)[n-]c1=O)C(=O)N/N=C/c1ccc(C(F)(F)F)cc1,-5.12288,1
C[C@@H]([N-]c1n[nH]c(=O)[n-]c1=O)C(=O)N/N=C/c1ccc(Cl)cc1,-6.18887,1
C[C@@H]([N-]c1n[nH]c(=O)[n-]c1=O)C(=O)N/N=C/c1ccccc1,-8.86383,1
C[C@@H](c1nnc(SCC(=O)Nc2ccc3c(c2)OCO3)n1C)N1C(=O)COc2ccccc21,-6.54223,1
C[C@@H]1CC(=O)Nc2cc(S(=O)(=O)NCc3cccnc3)ccc2S1,-5.71896,1
C[C@@H]1CCCN(S(=O)(=O)c2ccc(-c3nc(C#N)c(NCc4cccnc4)o3)cc2)C1,-5.76843,1
C[C@@H]1CCCN(c2cc(NCCCO)c([N+](=O)[O-])c3nonc23)C1,-5.6377,1
C[C@@H]1CCC[N@H+](CCCNS(=O)(=O)c2ccc(-c3cc(C(F)(F)F)on3)s2)C1,-1.52005,1
C[C@@H]1CCc2c(sc3nc(CCC(=O)NC4CC4)[nH]c(=O)c23)C1,-6.75903,1
C[C@@H]1CCc2nc(NC(=O)COc3ccc([N+](=O)[O-])cc3)sc2C1,-4.71993,1
C[C@@H]1CN(C(=O)N2CCC(C(=O)NCc3cccnc3)CC2)c2cc(Cl)ccc2O1,-5.74706,1
C[C@@H]1Cc2ccccc2N1S(=O)(=O)c1nnc(NC(=O)c2ccco2)s1,-1.69425,1
C[C@@H]1Cc2nc(SCC(=O)N3CCOCC3)n(-c3ccccc3)c(=O)c2S1,-4.26633,1
C[C@@H]1NC(=O)CN(Cc2ccc(C(=O)NC=O)cc2)C1=O,-10.11,1
C[C@@H]1Oc2ccc(-c3csc(NC(=O)c4ccc(Br)cc4)n3)cc2NC1=O,-6.08695,1
C[C@@H]1Oc2ccc(-c3csc(NC(=O)c4ccc(F)cc4)n3)cc2NC1=O,-5.64988,1
C[C@@H]1Oc2ccc(-c3csc(NC(=O)c4cccnc4)n3)cc2NC1=O,-5.96058,1
C[C@@H]1Oc2ccc(S(=O)(=O)N3CCN(C(=O)Cc4ccc(Cl)cc4)CC3)cc2NC1=O,-8.29945,1
C[C@@H]1Oc2ccc(S(=O)(=O)N3CCN(C(=O)c4cccc(Cl)c4)CC3)cc2NC1=O,-5.98556,1
C[C@@H]1Sc2ccc(S(=O)(=O)CCC(=O)Nc3ccccc3Cl)cc2NC1=O,-7.03656,1
C[C@@H]1Sc2ccc(S(=O)(=O)CCC(=O)Nc3ccccc3F)cc2NC1=O,-5.9742,1
C[C@@]1(C(=O)NC2CCCCC2)Cn2nc(-c3ccco3)cc2C(=O)N1c1ccc(F)cc1F,-5.04174,1
C[C@@]1(C(=O)NC2CCCCCC2)Cn2c(nc3ccccc32)C(=O)N1Cc1ccc2c(c1)OCO2,-4.57929,1
C[C@@]1(C(=O)NC2CCCCCCC2)Cn2c(cc3occc32)C(=O)N1CCN1CCOCC1,-4.28482,1
C[C@@]1(C(=O)NC2CCCCCCC2)Cn2nc(-c3ccco3)cc2C(=O)N1c1ccc(F)cc1,-4.81321,1
C[C@H](C(=O)Nc1ccc(C#N)cc1)n1cc([N+](=O)[O-])cn1,-7.1168,1
C[C@H](C(=O)Nc1ccc(CC#N)cc1)n1cc([N+](=O)[O-])cn1,-8.00432,1
C[C@H](CC(=O)Nc1ccc(-c2ccno2)cc1)S(=O)(=O)c1ccc2c(c1)CCN2C(=O)C1CC1,-4.06693,1
C[C@H](CC(=O)Nc1ccc(F)c(Cl)c1)S(=O)(=O)c1ccc2c(c1)NC(=O)CO2,-7.7996,1
C[C@H](CC(=O)Nc1ccc(F)cc1F)S(=O)(=O)c1ccc2c(c1)CCN2C(=O)C1CC1,-4.24463,1
C[C@H](CC(=O)Nc1cccc(C(F)(F)F)c1)S(=O)(=O)c1ccc2c(c1)NC(=O)CS2,-6.95652,1
C[C@H](CC(=O)Nc1cccc(Cl)c1)S(=O)(=O)c1ccc2c(c1)NC(=O)CO2,-8.16006,1
C[C@H](CC(=O)Nc1cccc(F)c1)S(=O)(=O)c1ccc2c(c1)NC(=O)CS2,-8.20709,1
C[C@H](CCc1ccco1)NC(=O)CCc1nnc2ccc(NCc3ccc(Cl)cc3)nn12,-7.40436,1
C[C@H](CCc1ccco1)NC(=O)CCc1nnc2ccc(NCc3ccc(F)cc3)nn12,-7.75631,1
C[C@H](CCc1ccco1)NC(=O)CCc1nnc2ccc(NCc3ccc[nH+]c3)nn12,-4.74226,1
C[C@H](CCc1ccco1)NC(=O)CCc1nnc2ccc(NCc3cccnc3)nn12,-7.066,1
C[C@H](CCc1ccco1)NC(=O)CCc1nnc2ccc(NCc3ccco3)nn12,-6.33188,1
C[C@H](CNC(=O)CCc1nnc2ccc(N3CCOCC3)nn12)c1ccccc1,-4.40286,1
C[C@H](CS(=O)(=O)c1ccc2c(c1)NC(=O)[C@@H](C)S2)C(=O)Nc1ccc(Cl)cc1,-7.84331,1
C[C@H](Cc1ccco1)NC(=O)CCCc1nnc(C(=O)Nc2ccccc2)s1,-3.85179,1
C[C@H](Cc1ccco1)NC(=O)CN1C(=O)C(C)(C)c2cc(S(=O)(=O)N3CCCC3)ccc21,-4.26332,1
C[C@H](NC(=O)c1cc(-c2ccc(O)cc2)on1)c1ccccc1,-6.22134,1
C[C@H](NC(=O)c1cc(-c2ccc([O-])cc2)on1)c1ccccc1,-1.69003,1
C[C@H](NC(=O)c1ccccc1)C(=O)N/N=C/c1ccc([N+](=O)[O-])cc1,-4.34285,1
C[C@H](NC(=O)c1cccnc1)c1ccccc1,-6.43595,1
C[C@H](NC(=O)c1ccco1)c1nc2ccccc2n1CCCOc1ccccc1,-6.34718,1
C[C@H](NC(=O)c1ccncc1)c1nc(-c2ccc(Cl)cc2)no1,-6.14643,1
C[C@H](NC(=O)c1ccncc1)c1nc(-c2ccccc2)no1,-6.39011,1
C[C@H](Nc1ccc(Br)cc1)C(=O)N/N=C/c1ccc([N+](=O)[O-])cc1,-3.73194,1
C[C@H](Nc1ccc(Cl)cc1)C(=O)N/N=C/c1ccc([N+](=O)[O-])cc1,-4.64399,1
C[C@H](Nc1cccc2ccccc12)C(=O)N/N=C/c1ccc([N+](=O)[O-])cc1,-5.6904,1
C[C@H](Nc1cccc2ccccc12)C(=O)N/N=C/c1ccncc1,-6.16364,1
C[C@H](Nc1n[nH]c(=O)nc1O)C(=O)N/N=C/c1ccc(Cl)cc1,-2.10868,1
C[C@H](Nc1n[nH]c(=O)nc1O)C(=O)N/N=C/c1ccccc1,-4.44787,1
C[C@H](O)CCC(=O)NCCc1nc2ccccc2n1Cc1ccccc1,-6.79654,1
C[C@H](O)CNC(=O)c1nn(-c2ccc(Cl)cc2)nc1CO,-6.80212,1
C[C@H](O)CNc1nc(Nc2ccc(Cl)cc2)c2cnn(-c3ccccc3)c2n1,-5.88621,1
C[C@H](O)CNc1nc(Nc2ccc(F)cc2)c2cnn(-c3ccccc3)c2n1,-5.88779,1
C[C@H](Oc1ccc(F)cc1)C(=O)Nc1ccc2c(c1)NC(=O)CO2,-5.42799,1
C[C@H](Sc1nnc(-c2ccncc2)o1)C(=O)Nc1ccc(Cl)cc1,-6.5728,1
C[C@H](Sc1nnc(-c2ccncc2)o1)C(=O)Nc1ccc(F)cc1,-5.69961,1
C[C@H](Sc1nnc(-c2ccncc2)o1)C(=O)Nc1ccccc1,-5.7057,1
C[C@H]([N-]c1n[nH]c(=O)[n-]c1=O)C(=O)N/N=C/c1ccc(Br)cc1,-8.50877,1
C[C@H]([N-]c1n[nH]c(=O)[n-]c1=O)C(=O)N/N=C/c1ccc(C(F)(F)F)cc1,-8.46812,1
C[C@H]([N-]c1n[nH]c(=O)[n-]c1=O)C(=O)N/N=C/c1ccc(Cl)cc1,-8.7239,1
C[C@H]([N-]c1n[nH]c(=O)[n-]c1=O)C(=O)N/N=C/c1ccccc1,-9.0004,1
C[C@H](c1nnc(SCC(=O)Nc2ccc3c(c2)OCO3)n1C)N1C(=O)COc2ccccc21,-6.19725,1
C[C@H]1C(=O)N(Cc2ccc(C(=O)NC=O)cc2)CC(=O)N1Cc1cccc(Cl)c1,-10.99,1
C[C@H]1C(=O)N(Cc2ccc(C(=O)NC=O)cc2)CC(=O)N1Cc1ccccc1,-11.04,1
C[C@H]1C(=O)N(Cc2ccc(C(=O)NC=O)cc2)CC(=O)N1Cc1ccccc1Cl,-11.18,1
C[C@H]1C(=O)N(Cc2ccc(C=O)cc2)CC(=O)N1Cc1cccc(Cl)c1,-9.785,1
C[C@H]1C(=O)N(Cc2ccc(C=O)cc2)CC(=O)N1Cc1ccccc1Cl,-9.589,1
C[C@H]1C(=O)N(Cc2ccc3c(NC=O)n[nH]c3c2)CC(=O)N1Cc1cccc(Cl)c1,-10.13,1
C[C@H]1C(=O)N(Cc2ccc3c(NC=O)n[nH]c3c2)CC(=O)N1Cc1ccccc1,-7.412,1
C[C@H]1C(=O)N(Cc2ccc3c(NC=O)n[nH]c3c2)CC(=O)N1Cc1ccccc1Cl,-9.621,1
C[C@H]1CC(=O)Nc2cc(S(=O)(=O)NCc3cccnc3)ccc2S1,-3.73765,1
C[C@H]1CCCN(C(=O)C2CCN(S(=O)(=O)c3ccc4c(c3)NC(=O)[C@@H](C)S4)CC2)C1,-3.90762,1
C[C@H]1CCCN(c2cc(NCCCO)c([N+](=O)[O-])c3nonc23)C1,-5.59967,1
C[C@H]1CCCN(c2nn3c(C(=O)NCCN4CCN(C)CC4)cc(=O)nc3s2)C1,-1.77201,1
C[C@H]1CCC[N@@H+](CCCNS(=O)(=O)c2ccc(-c3cc(C(F)(F)F)on3)s2)C1,-2.98935,1
C[C@H]1CC[N@@H+](CCCNS(=O)(=O)c2ccc(-c3cc(C(F)(F)F)on3)s2)CC1,-3.34103,1
C[C@H]1CSc2ccc(S(=O)(=O)NCC3CCN(Cc4ccc(Cl)cc4)CC3)cc2NC1=O,-1.47126,1
C[C@H]1Cc2ccccc2N1S(=O)(=O)c1nnc(NC(=O)c2ccco2)s1,-3.43605,1
C[C@H]1Oc2cc(S(=O)(=O)N3CCN(C(=O)c4ccc(C#N)cc4)CC3)c(Cl)cc2NC1=O,-3.68767,1
C[C@H]1Oc2ccc(-c3csc(NC(=O)c4ccc(Br)cc4)n3)cc2NC1=O,-5.64055,1
C[C@H]1Oc2ccc(-c3csc(NC(=O)c4cccnc4)n3)cc2N(C)C1=O,-4.38652,1
C[C@H]1Oc2ccc(-c3csc(NC(=O)c4cccnc4)n3)cc2NC1=O,-5.80777,1
C[C@H]1Oc2ccc(S(=O)(=O)N3CCN(C(=O)COc4ccc(Cl)cc4)CC3)cc2NC1=O,-6.59303,1
C[C@H]1Oc2ccc(S(=O)(=O)N3CCN(C(=O)COc4ccc(F)cc4)CC3)cc2NC1=O,-5.28089,1
C[C@H]1Oc2ccc(S(=O)(=O)N3CCN(C(=O)c4ccc(C(F)(F)F)cc4)CC3)cc2NC1=O,-5.8267,1
C[C@H]1Oc2ccc(S(=O)(=O)N3CCN(C(=O)c4ccc(Cl)cc4)CC3)cc2NC1=O,-6.74004,1
C[C@H]1Oc2ccc(S(=O)(=O)N3CCN(C(=O)c4ccc(F)c(Cl)c4)CC3)cc2NC1=O,-6.53065,1
C[C@H]1Oc2ccc(S(=O)(=O)N3CCN(C(=O)c4ccc5c(c4)OCO5)CC3)cc2NC1=O,-6.20585,1
C[C@H]1Oc2ccc(S(=O)(=O)N3CCN(C(=O)c4cccc(Br)c4)CC3)cc2NC1=O,-6.46796,1
C[C@H]1Oc2ccc(S(=O)(=O)N3CCN(C(=O)c4cccc(Cl)c4)CC3)cc2NC1=O,-6.98502,1
C[C@H]1Sc2ccc(S(=O)(=O)CCC(=O)Nc3cccc(F)c3)cc2NC1=O,-7.32125,1
C[C@H]1Sc2ccc(S(=O)(=O)CCC(=O)Nc3ccccc3Cl)cc2NC1=O,-7.28371,1
C[C@H]1Sc2ccc(S(=O)(=O)CCC(=O)Nc3ccccc3F)cc2NC1=O,-6.72985,1
C[C@]1(C(=O)NC2CCCCCCC2)Cn2c(cc3ccccc32)C(=O)N1CCCN1CCOCC1,-4.23171,1
C[C@]1(C(=O)NCc2ccc(Cl)cc2)CN(S(C)(=O)=O)CC(=O)N1CCc1ccco1,-4.21677,1
C[N@@H+](CCc1cc2ccccc2[nH]1)Cc1ccc(/C=C/C(N)=O)cc1,-9.827,1
C[N@@H+](CCc1cc2ccccc2[nH]1)Cc1ccc(/C=C/C=O)cc1,-8.94,1
C[N@@H+](CCc1ccccn1)Cc1ccc(Cl)cc1,-5.91951,1
C[N@@H+]1CCC[C@H](n2c(-c3cccc(/C=C/C(=O)NC=O)c3)cnc2Cc2ccccc2)C1,-10.37,1
C[N@@H+]1CCc2nc(NC(=O)c3ccc(C#N)cc3)sc2C1,-6.25376,1
C[N@@H+]1CCc2nc([N-]C(=O)c3ccc(C#N)cc3)sc2C1,-4.29296,1
C[N@H+](CCc1ccccn1)Cc1ccc(Cl)cc1,-5.40291,1
C[N@H+]1CCc2nc(NC(=O)c3ccc(C#N)cc3)sc2C1,-6.30887,1
C[N@H+]1CCc2nc([N-]C(=O)c3ccc(C#N)cc3)sc2C1,-4.85452,1
C[NH+]1CCN(C2(CNC(=O)COc3ccc([N+](=O)[O-])cc3)CCCCC2)CC1,-1.67576,1
C[NH+]1CCN([C@@H](c2cccs2)c2sc3nc(-c4ccco4)nn3c2O)CC1,-5.01646,1
C[NH+]1CCN([C@H](c2ccccc2)c2sc3nc(-c4ccco4)nn3c2[O-])CC1,-3.05877,1
C[NH+]1CCN(c2ccc(-c3nc(-c4ccco4)no3)cc2[N+](=O)[O-])CC1,-5.51855,1
Cc1[nH+]c(Cc2ccccc2)n(C)c1-c1cccc(/C=C/C(=O)NC=O)c1,-10.65,1
Cc1[nH+]n(C)c(C)c1CNC(=O)c1cc2n(n1)[C@H](C(F)(F)F)C[C@H](c1ccc3c(c1)OCO3)N2,-3.00795,1
Cc1[nH][nH]c(=O)c1CCC(=O)N/N=C/c1ccc(Cl)cc1,-5.3639,1
Cc1[nH][nH]c(=O)c1CCC(=O)N/N=C/c1ccccc1,-6.5223,1
Cc1[nH][nH]c(=O)c1CCC(=O)N/N=C/c1ccncc1,-6.18798,1
Cc1[nH]c(SCc2nc(-c3cccc(Cl)c3)no2)nc(=O)c1CCO,-4.86051,1
Cc1[nH]c(SCc2nc(-c3ccccc3)no2)nc(=O)c1CCO,-4.55937,1
Cc1[nH]c2nc(NCc3ccccc3)nn2c(=O)c1CCO,-4.14523,1
Cc1[nH]nc(O)c1CC(=O)N/N=C/c1ccc(Cl)cc1,-6.34542,1
Cc1[nH]nc(O)c1CC(=O)N/N=C/c1ccncc1,-5.64407,1
Cc1[nH]nc2c1[C@@H](c1ccc(OCC(N)=O)cc1)CC(=O)N2,-9.01585,1
Cc1[nH]nc2c1[C@H](c1ccc(OCC(N)=O)cc1)CC(=O)N2,-9.05958,1
Cc1[nH]ncc1CNC(=O)COCc1nnc(C(=O)Nc2ccc(F)cc2)s1,-4.77851,1
Cc1[nH]ncc1CNC(=O)COCc1nnc(C(=O)Nc2cccc(F)c2)s1,-4.31395,1
Cc1[nH]ncc1CNC(=O)COCc1nnc(C(=O)Nc2ccccc2)s1,-4.2429,1
Cc1c(-c2nc(-c3ccc4c(c3)OCO4)no2)nnn1-c1ccc(Cl)cc1,-4.51226,1
Cc1c(-c2nsc(NC(=O)c3ccco3)n2)nnn1-c1cccc(F)c1,-5.09127,1
Cc1c(-c2nsc([N-]C(=O)c3ccco3)n2)nnn1-c1ccc(Cl)cc1,-3.10379,1
Cc1c(-c2nsc([N-]C(=O)c3ccco3)n2)nnn1-c1cccc(F)c1,-2.34452,1
Cc1c(Br)c([N+](=O)[O-])nn1CC(=O)Nc1ccc(C#N)cc1,-6.45498,1
Cc1c(Br)c([N+](=O)[O-])nn1CC(=O)Nc1ccc(CC#N)cc1,-8.02959,1
Cc1c(C(=O)N(Cc2ccco2)[C@@H]2CCS(=O)(=O)C2)oc2ccccc12,-3.36751,1
Cc1c(C(=O)N/N=C/c2cccc(F)c2)nnn1-c1nonc1N,-3.25791,1
Cc1c(C(=O)N/N=C/c2cccc(I)c2)nnn1-c1nonc1N,-3.03255,1
Cc1c(C(=O)N2CCC(C(N)=O)CC2)sc2nc(-c3cccc([N+](=O)[O-])c3)cn12,-7.48172,1
Cc1c(C(=O)N2CCCCC2)c(S(=O)(=O)[N-]c2ccc(C#N)cc2)c(C)n1C,-7.68144,1
Cc1c(C(=O)NCc2ccc[nH+]c2)sc2nc(-c3cccc([N+](=O)[O-])c3)cn12,-1.28281,1
Cc1c(C(=O)NCc2cccnc2)sc2nc(-c3cccc([N+](=O)[O-])c3)cn12,-3.31347,1
Cc1c(C(=O)Nc2ccc(C(=O)[O-])cc2)nnn1-c1cccc(C(F)(F)F)c1,-4.81,1
Cc1c(C(=O)Nc2ccc(C(=O)[O-])cc2)nnn1-c1ccccc1,-5.02199,1
Cc1c(C(=O)Nc2ccc3c(c2)NC(=O)CO3)oc2ccc(Br)cc12,-2.29747,1
Cc1c(C(=O)Nc2ccc3c(c2)NC(=O)CO3)oc2ccc(F)cc12,-4.58629,1
Cc1c(C(=O)OC[C@H]2CCCO2)[nH]c2c1C(=O)C[C@H](c1ccc(F)cc1)C2,-5.14339,1
Cc1c(C(=O)[O-])sc2ncnc(Nc3ccccc3)c12,-4.0986,1
Cc1c(C(=O)c2ccccc2)oc2ccc(NC(=O)c3ccco3)cc12,-7.65159,1
Cc1c(Cc2ccccc2)[nH+]c(-c2cccc(/C=C/C=O)c2)n1C,-8.865,1
Cc1c(Cl)c(C)c([N+](=O)[O-])c(O)c1/C=N/c1ccc(C(=O)[O-])cc1,-2.64948,1
Cc1c(Cl)c(C)c([N+](=O)[O-])c([O-])c1/C=[NH+]/c1ccc(C(=O)[O-])cc1,-2.33006,1
Cc1c(NC(=O)c2cc(-c3ccc(O)cc3)on2)c(=O)n(-c2ccccc2)n1C,-5.52841,1
Cc1c(NC(=O)c2cc(-c3ccc([O-])cc3)on2)c(=O)n(-c2ccccc2)n1C,-2.49673,1
Cc1c(NC(=O)c2cccc(F)c2)cccc1-c1nc2ncccc2o1,-2.60556,1
Cc1c(NC(=O)c2cccnc2)cccc1-c1nc2ncccc2o1,-6.58685,1
Cc1cc(-c2ccc(C)c(S(=O)(=O)CCC(=O)Nc3cccc(-c4ccno4)c3)c2)on1,-5.12131,1
Cc1cc(-c2ccc(C)c(S(=O)(=O)N3CCOc4ccc(Cl)cc43)c2)on1,-2.02562,1
Cc1cc(-c2ccc(C)c(S(=O)(=O)Nc3ccc(Br)cc3F)c2)on1,-0.562577,1
Cc1cc(-c2ccc(C)c(S(=O)(=O)Nc3ccc(F)cc3C)c2)on1,-2.13517,1
Cc1cc(-c2ccc(C)c(S(=O)(=O)Nc3ccc(F)cc3Cl)c2)on1,-2.52597,1
Cc1cc(-c2ccc(C)c(S(=O)(=O)Nc3ccc4c(c3)OCCO4)c2)on1,-2.85608,1
Cc1cc(-c2ccc(C)c(S(=O)(=O)Nc3cccc(Br)c3)c2)on1,0.682545,1
Cc1cc(-c2ccc(C)c(S(=O)(=O)[N-]c3ccc(F)cc3C)c2)on1,-1.64268,1
Cc1cc(-c2ccc(S(=O)(=O)N3CCC([NH+]4CCCCC4)CC3)s2)on1,-4.50534,1
Cc1cc(-c2ccc(S(=O)(=O)N3CCCCC3)s2)on1,-5.02184,1
Cc1cc(-c2ccc(S(=O)(=O)N3CCN(C)CC3)s2)on1,-4.42141,1
Cc1cc(-c2ccc(S(=O)(=O)N3CCOCC3)s2)on1,-4.96739,1
Cc1cc(-c2ccc(S(=O)(=O)N3CC[NH+](C)CC3)s2)on1,-3.23783,1
Cc1cc(-c2ccc(S(=O)(=O)Nc3ccc(F)cc3C)s2)on1,-1.38158,1
Cc1cc(-c2ccc(S(=O)(=O)[N-]c3ccc(C)c(C)c3)s2)[nH]n1,-5.51,1
Cc1cc(-c2ccc(S(=O)(=O)[N-]c3ccc(C)c(C)c3)s2)n[nH]1,-5.3281,1
Cc1cc(-c2ccc(S(=O)(=O)[N-]c3ccc(F)cc3C)s2)on1,-4.99978,1
Cc1cc(-c2noc(COc3ccc(C#N)cc3)n2)c2ccccc2n1,-7.64563,1
Cc1cc(=O)[nH]c(SCC(=O)Nc2ccc(S(N)(=O)=O)cc2)n1,-5.6416,1
Cc1cc(C(=O)N2CCC[C@@H]2c2ccc(Cl)cc2)no1,-3.97618,1
Cc1cc(C(=O)N2CCC[C@H]2c2ccc(Cl)cc2)no1,-3.38645,1
Cc1cc(C(=O)Nc2c(C)nn(Cc3ccccc3C)c2C)no1,-3.75763,1
Cc1cc(C(=O)Nc2ccc(Br)cn2)ccc1[N+](=O)[O-],-3.12072,1
Cc1cc(C(=O)Nc2ccc(Cl)cn2)ccc1[N+](=O)[O-],-5.35854,1
Cc1cc(C)c(C#N)c(SCC(=O)Nc2ccc(CC#N)cc2)n1,-7.50886,1
Cc1cc(C)c(C#N)c(SCC(=O)Nc2ccc([N+](=O)[O-])cc2)n1,-4.85499,1
Cc1cc(C)c2[nH+]c(N3CCC(C(=O)NCCCN4CCOCC4)CC3)sc2c1,-0.827426,1
Cc1cc(C)c2c(-n3cccc3)nn(CC(=O)NCc3ccco3)c2n1,-4.86998,1
Cc1cc(C)c2c(N)c(C(=O)Nc3cccc(C(=O)[O-])c3)sc2n1,-3.17232,1
Cc1cc(C)c2c(n1)SCCN2C(=O)NCC(=O)NCc1ccc(OC(C)C)cc1,-4.4154,1
Cc1cc(C)c2nc(C)cc(C(=O)NCCCOC(C)C)c2c1,-3.91029,1
Cc1cc(C)c2nc(N3CCC(C(=O)NCCCN4CCOCC4)CC3)sc2c1,-2.2459,1
Cc1cc(C)cc(-n2c(SCC(=O)Nc3nnc(C)s3)nc3c([nH]c4ccccc43)c2=O)c1,-2.75901,1
Cc1cc(C)cc(-n2ccnc2SCC(=O)/N=c2\[nH]nc(C)s2)c1,-3.66416,1
Cc1cc(C)cc(-n2ccnc2SCC(=O)Nc2cc(C)on2)c1,-3.25585,1
Cc1cc(C)cc(-n2ccnc2SCC(=O)Nc2nnc(C)s2)c1,-4.21094,1
Cc1cc(C)cc(-n2ccnc2SCC(=O)[N-]c2nnc(C)s2)c1,-3.56232,1
Cc1cc(C)cc(N(C)S(=O)(=O)c2nnc([N-]C(=O)COc3ccccc3)s2)c1,-3.57753,1
Cc1cc(C)cc(N2C[C@@H](c3nc(-c4ccncc4)no3)CC2=O)c1,-6.06589,1
Cc1cc(C)cc(NC(=O)COCc2cc(-c3ccc4c(c3)OCO4)on2)c1,-5.78138,1
Cc1cc(C)cc(NC(=O)COCc2cc(-c3ccco3)on2)c1,-5.04328,1
Cc1cc(C)cc(NC(=O)COc2cccc(-c3nc(C)no3)c2)c1,-3.12669,1
Cc1cc(C)cc(NC(=O)C[C@H](C)S(=O)(=O)c2ccc3c(c2)CCN3C(=O)C2CC2)c1,-6.03716,1
Cc1cc(C)cc(NC(=O)N2CCN(c3ccc(-c4noc(C)n4)cc3)CC2)c1,-4.00853,1
Cc1cc(C)cc(NC(=O)[C@@H](CC(C)C)NS(=O)(=O)c2ccc3c(c2)oc(=O)n3C)c1,-2.36525,1
Cc1cc(C)cc(NC(=O)c2cc3c([nH]c2=O)C[C@H](c2ccco2)CC3=O)c1,-4.91554,1
Cc1cc(C)cc(Nc2nc(NC[C@H]3CCCO3)nc3c2cnn3-c2ccccc2)c1,-4.191,1
Cc1cc(C)cc(OCC(=O)Nc2cc(-c3nc4ncccc4o3)ccc2C)c1,-6.03923,1
Cc1cc(C)cc([N-]S(=O)(=O)c2cc(-c3cc(C)no3)ccc2C)c1,-1.43198,1
Cc1cc(C)cc([N-]S(=O)(=O)c2ccc(-c3nnc(C4CC4)o3)s2)c1,-4.62338,1
Cc1cc(C)cc([N-]S(=O)(=O)c2ccc(CN3C(=O)c4cccnc4C3=O)s2)c1,-3.90983,1
Cc1cc(C)n2ncc(C(=O)Nc3ccc(OC(F)(F)F)cc3)c2n1,-5.11613,1
Cc1cc(C)nc(SCc2nnc(SCC(N)=O)n2-c2ccc(F)cc2)n1,-6.37519,1
Cc1cc(Cl)ccc1NC(=O)CCc1nc(CSc2nnc(-c3ccco3)o2)no1,-3.88889,1
Cc1cc(Cl)ccc1NCC(=O)N/N=C/c1ccncc1,-5.57257,1
Cc1cc(Cl)ccc1NS(=O)(=O)c1ccc(-c2cc[nH]n2)s1,-4.89845,1
Cc1cc(Cl)ccc1NS(=O)(=O)c1ccc(-c2nnc(C3CCC3)o2)s1,-2.21144,1
Cc1cc(Cl)ccc1Nc1nc(N2CCN(CCO)CC2)nc2c1cnn2C,-6.49129,1
Cc1cc(Cl)ccc1OCC(=O)N(Cc1ccco1)Cc1ccco1,-5.55087,1
Cc1cc(Cl)ccc1OCC(=O)N/N=C/c1ccc([N+](=O)[O-])cc1,-4.4649,1
Cc1cc(Cl)ccc1[N-]S(=O)(=O)c1ccc(-c2ccn[nH]2)s1,-6.88354,1
Cc1cc(F)ccc1NC(=O)CCc1nc(CSc2nnc(-c3ccco3)o2)no1,-4.5566,1
Cc1cc(F)ccc1NC(=O)c1ccc(-c2noc(C3CC3)n2)cc1,-4.4146,1
Cc1cc(F)ccc1NS(=O)(=O)c1cc(-c2cnc(C3CC3)o2)ccc1C,-2.70749,1
Cc1cc(F)ccc1NS(=O)(=O)c1ccc(-c2ccn[nH]2)s1,-7.2635,1
Cc1cc(F)ccc1NS(=O)(=O)c1ccc(-c2nnc(C3CC3)o2)s1,-3.32609,1
Cc1cc(F)ccc1[N-]S(=O)(=O)c1ccc(-c2ccn[nH]2)s1,-6.50634,1
Cc1cc(F)ccc1[N-]S(=O)(=O)c1ccc(-c2nnc(C3CC3)o2)s1,-3.6357,1
Cc1cc(I)ccc1NCC(=O)N/N=C/c1ccncc1,-4.88628,1
Cc1cc(N2CCN(CCO)CC2)n2nc(-c3ccccc3)nc2n1,-7.57747,1
Cc1cc(N2CCN(CCO)CC2)n2nc(C(F)(F)F)c(-c3ccc(Cl)cc3)c2n1,-5.2192,1
Cc1cc(N2CCN(c3cccc(C(F)(F)F)c3)CC2)n2nc(-c3cccnc3)nc2n1,-5.59888,1
Cc1cc(N2CC[NH+](CCO)CC2)n2nc(-c3ccccc3)nc2n1,-7.58828,1
Cc1cc(NC(=O)CCc2nc(CSc3n[nH]c(-c4ccc(Cl)cc4)n3)no2)no1,-4.02445,1
Cc1cc(NC(=O)CCc2nc(CSc3n[nH]c(-c4ccc(F)cc4)n3)no2)no1,-3.97611,1
Cc1cc(NC(=O)CCc2nc(CSc3n[nH]c(-c4ccccc4)n3)no2)no1,-5.8242,1
Cc1cc(NC(=O)CCc2nc(CSc3n[nH]c(-c4ccccc4Cl)n3)no2)no1,-6.39094,1
Cc1cc(NC(=O)CCc2nc(CSc3nc(-c4ccc(Cl)cc4)n[nH]3)no2)no1,-4.14208,1
Cc1cc(NC(=O)CCc2nc(CSc3nc(-c4cccc(F)c4)n[nH]3)no2)no1,-4.78755,1
Cc1cc(NC(=O)CCc2nc(CSc3nc(-c4ccccc4)n[nH]3)no2)no1,-3.81059,1
Cc1cc(NC(=O)CCc2nc(CSc3nc4ccccc4s3)no2)no1,-6.003,1
Cc1cc(NC(=O)CCc2nc(CSc3nnc(-c4ccccc4C)o3)no2)no1,-4.09187,1
Cc1cc(NC(=O)CSc2nccn2-c2ccc(Cl)cc2)no1,-4.9768,1
Cc1cc(NC(=O)c2ccco2)cc(-c2nc3ncccc3o2)c1O,-4.35555,1
Cc1cc(NC(=O)c2ccco2)cc(-c2nc3ncccc3o2)c1[O-],-3.35331,1
Cc1cc(NC(=O)c2cccs2)cc(-c2nc3ncccc3o2)c1[O-],-2.25034,1
Cc1cc(NS(=O)(=O)c2ccc(-c3nnc(C4CC4)o3)s2)ccc1Br,-3.37738,1
Cc1cc(Nc2ccc(OC(F)(F)F)cc2)n2nc(-c3ccco3)nc2n1,-1.863,1
Cc1cc(O)ccc1NC(=O)c1cccc(-n2cnnc2)n1,-5.10919,1
Cc1cc(OCC(=O)NCc2ccc(-c3nn4cnnc4s3)cc2)cc(C)c1Cl,-3.80799,1
Cc1cc(OCc2nc(-c3cccnc3)no2)ccc1Br,-5.50922,1
Cc1cc(OCc2nc(-c3ccncc3)no2)ccc1Br,-5.2865,1
Cc1cc(OCc2nc(C)c(C(=O)Nc3nncs3)s2)ccc1Cl,-1.56967,1
Cc1cc(OCc2nc(C)c(C(=O)[N-]c3nncs3)s2)ccc1Cl,-4.59512,1
Cc1cc(O[C@@H](C)C(=O)Nc2ccc3c(c2)NC(=O)CO3)cc(C)c1Cl,-7.8403,1
Cc1cc(S(=O)(=O)[N-]c2ccc3c(c2)CCCN3C(=O)c2ccco2)ccc1F,-1.0125,1
Cc1cc([C@@H]2CCCN2C(=O)Nc2cc(Cl)ccc2C)no1,-4.38364,1
Cc1cc([C@@H]2CCCN2C(=O)Nc2ccc(Br)cc2)on1,-4.85107,1
Cc1cc([C@@H]2CCCN2C(=O)Nc2ccc(Cl)cc2)no1,-4.0844,1
Cc1cc([C@@H]2CCCN2C(=O)Nc2ccc(Cl)cc2)on1,-4.62543,1
Cc1cc([C@@H]2CCCN2C(=O)Nc2ccc([N+](=O)[O-])cc2)no1,-4.21448,1
Cc1cc([C@@H]2CCCN2C(=O)Nc2ccccc2)on1,-4.31775,1
Cc1cc([C@@H]2CCCN2C(=O)c2cc(-c3ccc(Cl)cc3)on2)on1,-4.36054,1
Cc1cc([N+](=O)[O-])nn1CC(=O)Nc1sc2c(c1C(N)=O)CCCC2,-4.56938,1
Cc1cc2[nH+]cn(C[C@@H](O)COc3ccc(C(=O)[O-])cc3)c2cc1C,-2.36836,1
Cc1cc2[nH+]cn(C[C@H](O)COc3ccc(C(=O)[O-])cc3)c2cc1C,-4.07546,1
Cc1cc2[nH]c(=O)c(=O)[nH]c2cc1S(=O)(=O)Nc1ccc(Cl)cc1,-6.62769,1
Cc1cc2[nH]c(=O)c(=O)[nH]c2cc1S(=O)(=O)[N-]c1ccc(Cl)cc1,-6.38625,1
Cc1cc2[nH]c(=O)c(=O)[nH]c2cc1S(=O)(=O)[N-]c1ccc(F)cc1,-4.62005,1
Cc1cc2c(cc1S(=O)(=O)N(C)CC(=O)NCc1ccc3c(c1)OCO3)OCC(=O)N2,-2.85156,1
Cc1cc2c(cc1S(=O)(=O)N(C)CC(=O)NCc1ccc[nH+]c1)O[C@@H](C)C(=O)N2,-0.63813,1
Cc1cc2c(cc1S(=O)(=O)N(C)CC(=O)NCc1cccc[nH+]1)O[C@@H](C)C(=O)N2,-1.6338,1
Cc1cc2c(cc1S(=O)(=O)N(C)CC(=O)NCc1ccccc1Cl)OCC(=O)N2,-5.04914,1
Cc1cc2c(cc1S(=O)(=O)N(C)CC(=O)NCc1ccccn1)O[C@H](C)C(=O)N2,-4.74658,1
Cc1cc2c(cc1S(=O)(=O)N(C)CC(=O)Nc1cccc(C(F)(F)F)c1)O[C@H](C)C(=O)N2,-5.25403,1
Cc1cc2c(cc1S(=O)(=O)N(C)CC(=O)Nc1cccc(Cl)c1)OCC(=O)N2,-3.95682,1
Cc1cc2c(cc1S(=O)(=O)N1CCC(C(=O)NCCC3=CCCCC3)CC1)OCC(=O)N2,-4.52249,1
Cc1cc2c3c([nH]c2cc1S(=O)(=O)[N-]c1ccc(C#N)cc1)CCCC3=O,-5.64066,1
Cc1cc2cc(CCNS(=O)(=O)c3ccc([N+](=O)[O-])cc3)c(=O)[nH]c2cc1C,-4.11164,1
Cc1cc2cc(NS(=O)(=O)Cc3ccc4c(NC=O)n[nH]c4c3)ccc2[nH]c1=O,-9.93,1
Cc1cc2nc(COc3ccc(NC(=O)C(C)C)cc3)cc(=O)n2o1,-7.15806,1
Cc1cc2nc(COc3ccc(NC(=O)c4ccccc4)cc3)cc(=O)n2o1,-5.69796,1
Cc1cc2nc(CSc3nc4ccc(NC(=O)C5CC5)cc4s3)cc(=O)n2o1,-7.00373,1
Cc1cc2nc(CSc3nc4ccc(NC(=O)c5cccs5)cc4s3)cc(=O)n2o1,-4.85477,1
Cc1cc2ncn(C[C@@H](O)COc3ccc(C(=O)[O-])cc3)c2cc1C,-5.91929,1
Cc1cc2ncn(C[C@H](O)COc3ccc(C(=O)[O-])cc3)c2cc1C,-5.03088,1
Cc1cc2nn(-c3ccccc3)nc2cc1NC(=O)c1ccc2c(c1)OCCO2,-5.14773,1
Cc1ccc(-c2[nH+]c3cnccn3c2Nc2cccc(C(=O)[O-])c2)cc1,-4.09777,1
Cc1ccc(-c2[nH+]nc(Nc3ccc(O)cc3)c3ccccc23)cc1S(=O)(=O)NCCO,-1.87863,1
Cc1ccc(-c2cc(C(=O)NCc3cccnc3)c3ccccc3n2)cc1C,-6.39909,1
Cc1ccc(-c2cc(C(=O)NCc3ccncc3)no2)cc1,-6.24644,1
Cc1ccc(-c2cc(C(=O)NCc3ccncc3)no2)cc1C,-5.08785,1
Cc1ccc(-c2cc(C(=O)Nc3ccc(C(N)=O)cc3)no2)cc1F,-7.55634,1
Cc1ccc(-c2cc(C(=O)Nc3ccc(S(=O)(=O)[N-]c4ncccn4)cc3)no2)cc1C,-2.90479,1
Cc1ccc(-c2cc(C(=O)Nc3cccc(O)c3)no2)cc1,-5.39581,1
Cc1ccc(-c2cc(C(=O)Nc3sc4c(c3C(=O)NC[C@@H]3CCCO3)CCC4)no2)cc1F,-7.20413,1
Cc1ccc(-c2cn3nc(N4CCC[C@@H](C(=O)NCc5ccccn5)C4)sc3n2)cc1,-4.98368,1
Cc1ccc(-c2cn3nc(N4CCC[C@@H](C(=O)NCc5ccco5)C4)sc3[nH+]2)cc1,-3.99625,1
Cc1ccc(-c2cn3nc(N4CCC[C@@H](C(=O)NCc5ccco5)C4)sc3n2)cc1,-5.36662,1
Cc1ccc(-c2csc3ncc(C(=O)NCc4ccncc4)c(=O)n23)cc1,-6.8626,1
Cc1ccc(-c2n[nH]c(SCc3noc(CCC(=O)Nc4cc(C)on4)n3)n2)cc1,-5.10361,1
Cc1ccc(-c2nc(-c3ccc4c(c3)[nH]c(=O)n4C)no2)cc1NC(=O)c1ccco1,-7.06856,1
Cc1ccc(-c2nc(CSc3nc(-c4cccnc4)cc(=O)[n-]3)c(C)o2)cc1,-4.5078,1
Cc1ccc(-c2nc(CSc3nc(O)cc(-c4cccnc4)n3)c(C)o2)cc1,-3.93104,1
Cc1ccc(-c2nc(S(=O)(=O)c3ccc(F)cc3)c(NCCCn3ccnc3)o2)cc1,-5.59727,1
Cc1ccc(-c2nc(S(=O)(=O)c3ccc(F)cc3)c(SCC(=O)NC[C@H]3CCCO3)o2)cc1,-5.66083,1
Cc1ccc(-c2nc(S(=O)(=O)c3ccccc3)c(SCC(=O)NC[C@H]3CCCO3)o2)cc1,-5.24073,1
Cc1ccc(-c2nc(SCCOc3ccc(C(C)(C)C)cc3)n3[n-]c(=O)cc3n2)cc1,-5.40106,1
Cc1ccc(-c2nc(SCc3noc(CCC(=O)Nc4nccs4)n3)n[nH]2)cc1,-4.14406,1
Cc1ccc(-c2nc3[nH]c(CN4CCOCC4)cc(=O)n3n2)cc1,-3.11976,1
Cc1ccc(-c2nc3cnccn3c2Nc2ccc(C(=O)NCc3ccco3)cc2)cc1,-6.49532,1
Cc1ccc(-c2nc3cnccn3c2Nc2cccc(C(=O)[O-])c2)cc1,-6.30859,1
Cc1ccc(-c2nc3nc(C)cc(N4CCN(CCO)CC4)n3n2)cc1,-7.10726,1
Cc1ccc(-c2nc3nc(C)cc(N4CC[NH+](CCO)CC4)n3n2)cc1,-7.52506,1
Cc1ccc(-c2nc3nc(CN4CCOCC4)cc([O-])n3n2)cc1,-5.28158,1
Cc1ccc(-c2nc3ncccc3o2)cc1NC(=O)c1ccccc1F,-6.5321,1
Cc1ccc(-c2nc3ncccc3o2)cc1NC(=S)NC(=O)c1cccc(Cl)c1,-2.73305,1
Cc1ccc(-c2nc3ncccc3o2)cc1NC(=S)NC(=O)c1cccc(F)c1,-3.4167,1
Cc1ccc(-c2nc3ncccc3o2)cc1NC(=S)NC(=O)c1ccccc1,0.674539,1
Cc1ccc(-c2nnc(SCC(=O)N/N=C/c3ccc(C(=O)[O-])cc3)n2-c2ccccc2)cc1,-7.26867,1
Cc1ccc(-c2nnc(SCC(=O)N3CCOCC3)o2)cc1C,-5.28848,1
Cc1ccc(-c2nnc(SCC(=O)[O-])o2)cc1,-5.54011,1
Cc1ccc(-c2nnc3sc(NC(=O)COc4ccccc4)nn23)cc1,-3.31427,1
Cc1ccc(-c2nnc3sc(NC(=O)COc4ccccc4)nn23)cc1F,-2.63213,1
Cc1ccc(-c2noc(-c3ccccc3OCC(=O)NCc3cccnc3)n2)cc1,-7.57824,1
Cc1ccc(-c2noc(-c3ccccc3OCC(=O)Nc3nncs3)n2)cc1,-3.34958,1
Cc1ccc(-c2noc(-c3ccccc3OCC(=O)[N-]c3nncs3)n2)cc1,-4.23389,1
Cc1ccc(-c2noc(CCC(=O)Nc3cccnc3)n2)cc1,-5.84196,1
Cc1ccc(-c2noc(CCC(=O)Nc3nnc(C)s3)n2)cc1,-4.58585,1
Cc1ccc(-c2noc(CCC(=O)Nc3nncs3)n2)cc1,-4.79635,1
Cc1ccc(-c2noc(CCC(=O)[N-]c3nnc(C)s3)n2)cc1,-1.96542,1
Cc1ccc(-c2noc(CCC(=O)[N-]c3nncs3)n2)cc1,-2.891,1
Cc1ccc(-c2noc(CCCC(=O)NCc3ccco3)n2)cc1,-5.46361,1
Cc1ccc(-c2noc(CCCC(=O)Nc3cccnc3)n2)cc1,-4.63451,1
Cc1ccc(-c2noc(CNC(=O)c3ccco3)n2)cc1,-7.02783,1
Cc1ccc(-c2noc(CSc3nc(=O)cc(-c4ccncc4)[nH]3)n2)cc1C,-3.3429,1
Cc1ccc(-c2noc([C@@H]3CC(=O)N(c4ccc5c(c4)OCO5)C3)n2)cc1,-4.80748,1
Cc1ccc(-c2noc([C@H](C)NC(=O)c3ccncc3)n2)cc1,-6.12029,1
Cc1ccc(-c2noc([C@H]3CC(=O)N(c4ccc5c(c4)OCO5)C3)n2)cc1,-5.84644,1
Cc1ccc(-c2noc3ncnc(NCc4cccnc4)c23)cc1,-6.16337,1
Cc1ccc(-c2nsc(NC(=O)c3ccc(OC(C)C)cc3)n2)cc1,-2.39793,1
Cc1ccc(-n2c(=O)[n-]cc(C(=O)Nc3ccc(C(N)=O)cc3)c2=O)cc1,-6.70938,1
Cc1ccc(-n2c(=O)[n-]cc(C(=O)Nc3ccc(C(N)=O)cc3)c2=O)cc1C,-6.81918,1
Cc1ccc(-n2cc(-c3ccccc3)c3c(NCCOCCO)nc[nH+]c32)cc1Cl,-6.1147,1
Cc1ccc(-n2cc(-c3ccccc3)c3c(NCCOCCO)ncnc32)cc1,-4.32792,1
Cc1ccc(-n2cc[nH+]c(NCc3ccc4c(c3)OCO4)c2=O)cc1,-3.59274,1
Cc1ccc(-n2ccnc(NCc3ccc4c(c3)OCO4)c2=O)cc1,-5.56764,1
Cc1ccc(-n2ccnc(SCc3ccc([N+](=O)[O-])cc3)c2=O)cc1,-5.1135,1
Cc1ccc(-n2nc(C)c3c2NC(=O)CS[C@@H]3c2ccc3c(c2)OCO3)cc1Cl,-4.87747,1
Cc1ccc(-n2nc(C)c3c2NC(=O)C[C@H]3C(=O)c2ccc3c(c2)OCO3)cc1C,-5.21144,1
Cc1ccc(-n2nc(CO)c(C(=O)NCCO)n2)cc1C,-6.10629,1
Cc1ccc(-n2nc(CO)c(C(=O)NC[C@H](C)O)n2)cc1,-3.37337,1
Cc1ccc(-n2nc(CO)c(C(=O)NCc3cccnc3)n2)cc1,-6.79828,1
Cc1ccc(-n2nc3cc(C)c(NC(=O)c4ccc5c(c4)OCCO5)cc3n2)cc1,-4.50401,1
Cc1ccc(-n2nc3cc(C)c(NC(=O)c4ccco4)cc3n2)cc1,-5.61096,1
Cc1ccc(-n2nc3ccc(NC(=O)c4cc5ccccc5o4)cc3n2)cc1,-4.88153,1
Cc1ccc(-n2ncc(C(=O)NCc3cccnc3)c2-n2cccc2)cc1,-6.24667,1
Cc1ccc(-n2ncc3c(=O)[n-]c(SCC(=O)NCc4ccco4)nc32)cc1,-3.07786,1
Cc1ccc(-n2ncc3c(=O)[n-]c(SCC(=O)NCc4ccco4)nc32)cc1C,-2.29531,1
Cc1ccc(-n2ncc3c(=O)[nH]c(SCC(=O)NCc4ccco4)nc32)cc1,-3.77423,1
Cc1ccc(-n2ncc3c(NCCCN4CCOCC4)ncnc32)cc1Cl,-5.75136,1
Cc1ccc(-n2ncc3c(NCCCO)[nH+]cnc32)cc1C,-2.54953,1
Cc1ccc(-n2ncc3c(NCCCO)ncnc32)cc1C,-5.7139,1
Cc1ccc(-n2ncc3c(NCCOCCO)[nH+]cnc32)cc1,-3.90936,1
Cc1ccc(-n2ncc3c(NCCOCCO)[nH+]cnc32)cc1C,-3.44008,1
Cc1ccc(-n2ncc3c(NCCOCCO)ncnc32)cc1,-7.00824,1
Cc1ccc(-n2ncc3c(NCCOCCO)ncnc32)cc1C,-6.63425,1
Cc1ccc(-n2ncc3c(NCCOCCO)ncnc32)cc1Cl,-6.12765,1
Cc1ccc(-n2nnc(-c3nc(-c4ccc5c(c4)OCO5)no3)c2N)cc1,-5.60873,1
Cc1ccc(-n2nnc(-c3nc(-c4ccc5c(c4)OCO5)no3)c2N)cc1C,-5.00191,1
Cc1ccc(-n2nnc(-c3nsc(NC(=O)c4ccco4)n3)c2C)cc1Cl,-5.16241,1
Cc1ccc(/C=N/NC(=O)CCc2c(C)n[nH]c2[O-])cc1,-0.637887,1
Cc1ccc(/C=N/NC(=O)CNC(=O)c2ccco2)cc1,-4.28521,1
Cc1ccc(/C=N/NC(=O)Cc2c(C)n[nH]c2[O-])cc1,-5.38058,1
Cc1ccc(/C=N/NC(=O)c2cc(C)[nH]n2)cc1,-5.67956,1
Cc1ccc(/C=N/NC(=O)c2cc(C)n[nH]2)cc1,-5.3016,1
Cc1ccc(/C=N/NC(=O)c2ccc(CN3CCOCC3)cc2)cc1,-4.61746,1
Cc1ccc(/C=N/NC(=O)c2ccc(O)cc2)o1,-6.35201,1
Cc1ccc(/C=N/NC(=O)c2ccc([O-])cc2)o1,-3.06586,1
Cc1ccc(/C=N\NC(=O)CCc2n[nH]c(=O)[n-]c2=O)cc1,-9.22939,1
Cc1ccc(/C=N\NC(=O)CCc2n[nH]c(=O)[nH]c2=O)cc1,-6.66857,1
Cc1ccc(/C=c2\sc3nc(-c4ccco4)nn3c2=O)cc1,-5.67862,1
Cc1ccc(C(=O)N/N=C\c2ccco2)cc1,-4.4017,1
Cc1ccc(C(=O)N2CCN(Cc3ccc4c(c3)OCO4)CC2)cc1[N+](=O)[O-],-5.33221,1
Cc1ccc(C(=O)N2CCN(c3ccc(-c4noc(C)n4)cc3)CC2)cc1,-4.46404,1
Cc1ccc(C(=O)NCCc2ccccc2)cc1/N=C1/N[C@@H]2CS(=O)(=O)C[C@@H]2S1,-1.10728,1
Cc1ccc(C(=O)NCc2ccc(-c3nn4cnnc4s3)cc2)cc1,-5.23673,1
Cc1ccc(C(=O)NCc2nc(-c3ccc4c(c3)[nH]c(=O)n4C)no2)cc1,-7.29657,1
Cc1ccc(C(=O)Nc2c3c(nn2-c2ccc([N+](=O)[O-])cc2)CS(=O)(=O)C3)cc1C,-4.67882,1
Cc1ccc(C(=O)Nc2cc(C(=O)[O-])ccc2N2CCN(CC(=O)NC(C)(C)C)CC2)cc1,-1.98532,1
Cc1ccc(C(=O)Nc2ccc(-c3nc4ncccc4o3)cc2)cc1,-7.19743,1
Cc1ccc(C(=O)Nc2ccc(-c3noc(C)n3)cc2)cc1,-5.25617,1
Cc1ccc(C(=O)Nc2cccc(-c3noc(C)n3)c2)cc1,-3.78051,1
Cc1ccc(C(=O)Nc2cccc(C(=O)N/N=C/c3ccc(C#N)cc3)c2)cc1,-6.32286,1
Cc1ccc(C(=O)Nc2cccc(C(=O)N/N=C/c3ccc([N+](=O)[O-])s3)c2)cc1,-7.6976,1
Cc1ccc(C(=O)Nc2nc(-c3ccc4c(c3)NC(=O)[C@H](C)O4)c(C)s2)cc1,-6.19506,1
Cc1ccc(C(=O)Nc2nc(-c3ccc4c(c3)NC(=O)[C@H](C)O4)cs2)cc1,-6.8841,1
Cc1ccc(C)c(C[N@H+]2CC[C@H](CNS(=O)(=O)c3ccc(-c4ccc(=O)[nH]n4)s3)CC2)c1,-4.45566,1
Cc1ccc(C)c(Cn2c(C)c(C[NH2+]CCCOC(C)C)c(C(=O)[O-])c2C)c1,-5.10844,1
Cc1ccc(C)c(Cn2c(CCNC(=O)CCCO)nc3ccccc32)c1,-6.82125,1
Cc1ccc(C)c(N/C(NCc2c(C)nn(C)c2C)=[NH+]\C(=O)c2ccc3c(c2)OCO3)c1,-5.54777,1
Cc1ccc(C)c(NC(=O)CCc2nc(CSc3nnc(-c4ccco4)o3)no2)c1,-2.92065,1
Cc1ccc(C)c(NC(=O)CCc2nnc3ccc(NCc4cccnc4)nn23)c1,-4.80435,1
Cc1ccc(C)c(NC(=O)CSc2nccn2-c2ccc([N+](=O)[O-])cc2)c1,-5.50216,1
Cc1ccc(C)c(NC(=O)N2CCC[C@H]2c2cc(C)on2)c1,-3.69425,1
Cc1ccc(C)c(NC(=S)N(CCCN2CCOCC2)Cc2cn(C)c3ccccc23)c1,-4.25714,1
Cc1ccc(C)c(OCc2nc(-c3ccncc3)no2)c1,-5.48631,1
Cc1ccc(C)c([N-]S(=O)(=O)c2ccc(-c3ccn[nH]3)s2)c1,-5.57437,1
Cc1ccc(C)c([NH+]2CCN(CCCNC(=O)[C@H]3CCCN(c4nc5cccnc5s4)C3)CC2)c1,-2.84259,1
Cc1ccc(C2=N/C(=C/Nc3ccc(C(=O)[O-])cc3)C(=O)O2)cc1,-5.82554,1
Cc1ccc(C2=N[C@@H](S(=O)(=O)c3ccc(C)cc3)/C(=N/Cc3cccnc3)O2)cc1,-4.1194,1
Cc1ccc(C2=N[C@H](S(=O)(=O)c3ccc(F)cc3)/C(=N/Cc3ccc4c(c3)OCO4)O2)cc1,-3.33246,1
Cc1ccc(C2=N[C@H](S(=O)(=O)c3ccccc3)/C(=N/CCN3CCOCC3)O2)cc1,-2.01962,1
Cc1ccc(C2=N[C@H](S(=O)(=O)c3ccccc3)/C(=N/Cc3ccc4c(c3)OCO4)O2)cc1,-3.18803,1
Cc1ccc(C2=N[C@H](S(=O)(=O)c3ccccc3)/C(=N\CCN3CCOCC3)O2)cc1,-2.75446,1
Cc1ccc(CC(=O)N2CCN(S(=O)(=O)c3ccc4c(c3)NC(=O)CO4)CC2)cc1,-8.003,1
Cc1ccc(CCC(=O)Nc2ccc(Cl)cc2)o1,-4.95358,1
Cc1ccc(CCC(=O)Nc2ccc(F)cc2)o1,-5.25203,1
Cc1ccc(CCNc2nc3ccccc3c3nc(-c4cccnc4)nn23)cc1,-4.88994,1
Cc1ccc(CNC(=O)C2CCN(S(=O)(=O)c3ccc4c(c3)NC(=O)CS4)CC2)cc1,-1.90696,1
Cc1ccc(CNC(=O)C2CCN(c3cnccn3)CC2)cc1,-5.89884,1
Cc1ccc(CNC(=O)CCc2c(C)nn(-c3ccc4nncn4n3)c2C)cc1,-2.13506,1
Cc1ccc(CNC(=O)CCc2nnc3ccc(N4CCC5(CC4)OCCO5)nn23)cc1,-3.77839,1
Cc1ccc(CNC(=O)CN(C)C(=O)c2ccc3c(c2)nnn3C)cc1,-2.91098,1
Cc1ccc(CNC(=O)CN(C)S(=O)(=O)c2cc3c(cc2C)NC(=O)CO3)cc1,-4.58337,1
Cc1ccc(CNC(=O)CN(C)S(=O)(=O)c2ccc3c(c2)NC(=O)CO3)cc1,-5.37237,1
Cc1ccc(CNC(=O)Cn2cc3c(n2)-c2c(oc(C(=O)N4CCOCC4)c2C)CC3)cc1,-2.71626,1
Cc1ccc(CNC(=O)[C@@H](CC(C)C)NS(=O)(=O)c2ccc3c(c2)oc(=O)n3C)cc1,-7.51565,1
Cc1ccc(CNC(=O)[C@H](CC(C)C)NS(=O)(=O)c2ccc3c(c2)oc(=O)n3C)cc1,-6.43031,1
Cc1ccc(CNC(=O)c2cc3c([nH]c2=O)C[C@@H](c2ccco2)CC3=O)cc1,-4.88051,1
Cc1ccc(CNC(=O)c2cc3c([nH]c2=O)C[C@H](c2ccco2)CC3=O)cc1,-4.77028,1
Cc1ccc(CNC(=O)c2ccc(NC(=O)N3CCCCc4ccccc43)cc2)o1,-4.34675,1
Cc1ccc(CNC(=O)c2ccc3nc(C(C)C)oc3c2)cc1,-5.24446,1
Cc1ccc(CNC(=O)c2ncn3c2C(=O)N(C2CC2)[C@@](C)(C(=O)NCc2ccccc2)C3)o1,-6.35119,1
Cc1ccc(CNc2nc3[nH]c(CN4CCOCC4)cc(=O)n3n2)cc1,-3.62927,1
Cc1ccc(CNc2nccn(-c3ccc4c(c3)OCO4)c2=O)cc1,-6.88997,1
Cc1ccc(CS(=O)(=O)N2CCC(C(=O)NCc3cccnc3)CC2)cc1,-5.02522,1
Cc1ccc(CS(=O)(=O)c2ncc(Cl)c(C(=O)Nc3ccc(OC(F)F)cc3)n2)cc1,-2.31975,1
Cc1ccc(CS(=O)(=O)c2ncc(Cl)c(C(=O)[N-]c3nnc(C)s3)n2)cc1,-2.5072,1
Cc1ccc(CSC2=NC([O-])=C3C(=NC(=O)C[C@H]3c3cccc(O)c3)N2)cc1,-6.53942,1
Cc1ccc(CSc2nc(=O)c3c([nH]2)NC(=O)C[C@H]3c2cccc(O)c2)cc1,-5.2043,1
Cc1ccc(CSc2nc3c(c(=O)[n-]2)[C@H](c2cccc(O)c2)CC(=O)N3)cc1,-4.25686,1
Cc1ccc(CSc2nc3c(c(=O)[nH]2)[C@@H](c2cccc(O)c2)CC(=O)N3)cc1,-5.74597,1
Cc1ccc(CSc2nc3c(c(=O)[nH]2)[C@H](c2cccc(O)c2)CC(=O)N3)cc1,-5.83913,1
Cc1ccc(C[N@@H+](C)CCc2ccccn2)cc1,-6.13805,1
Cc1ccc(Cc2c(C)nn(-c3nc(C)c(C(=O)N4CCN(CCO)CC4)s3)c2C)cc1,-6.36156,1
Cc1ccc(Cc2c(C)nn(-c3nc(C)c(C(=O)N4CC[NH+](CCO)CC4)s3)c2C)cc1,1.22644,1
Cc1ccc(Cl)cc1NC(=O)CCS(=O)(=O)c1cc2c(cc1Cl)NC(=O)CO2,-7.57131,1
Cc1ccc(Cl)cc1NC(=O)Cc1csc(NC(=O)c2ccco2)n1,-6.2286,1
Cc1ccc(Cl)cc1NC(=O)N1CCN(c2ccc(-c3noc(C4CC4)n3)cc2)CC1,-4.17049,1
Cc1ccc(Cl)cc1NC(=O)c1ccc(-c2noc(C3CC3)n2)cc1,-3.12356,1
Cc1ccc(Cn2c(CCCC(=O)Nc3cccnc3)nc3cccnc32)cc1,-5.31123,1
Cc1ccc(Cn2c(CCNC(=O)CCCO)[nH+]c3ccccc32)cc1,-3.40012,1
Cc1ccc(Cn2c(CCNC(=O)CC[C@@H](C)O)nc3ccccc32)cc1,-3.98636,1
Cc1ccc(Cn2c(CCNC(=O)CC[C@H](C)O)nc3ccccc32)cc1,-3.83065,1
Cc1ccc(Cn2c(CCNC(=O)c3ccco3)[nH+]c3ccccc32)cc1,-4.98885,1
Cc1ccc(Cn2c(CCNC(=O)c3ccco3)nc3ccccc32)cc1,-5.45483,1
Cc1ccc(Cn2c(CO)c[nH+]c2SCC(=O)Nc2ccc(C(N)=O)cc2)cc1,-6.47104,1
Cc1ccc(Cn2c(CO)cnc2SCC(=O)Nc2ccc3c(c2)OCCO3)cc1,-5.8963,1
Cc1ccc(Cn2cc[nH+]c2SCC(=O)NCc2ccc3c(c2)OCO3)cc1,-5.10625,1
Cc1ccc(Cn2cc[nH+]c2SCC(=O)Nc2nnc(C)s2)cc1,-0.375794,1
Cc1ccc(Cn2cc[nH+]c2SCC(=O)[N-]c2nnc(C)s2)cc1,-1.05487,1
Cc1ccc(Cn2ccnc2SCC(=O)/N=c2/[nH]nc(C)s2)cc1,-1.91511,1
Cc1ccc(Cn2ccnc2SCC(=O)Nc2nccs2)cc1,-6.09964,1
Cc1ccc(Cn2ccnc2SCC(=O)Nc2nnc(C)s2)cc1,-3.00108,1
Cc1ccc(Cn2ccnc2SCC(=O)[N-]c2nnc(C)s2)cc1,-3.61708,1
Cc1ccc(N/C(NCCc2c[nH]c3ccccc23)=[NH+]/C(=O)c2ccc3c(c2)OCO3)cc1,-5.07909,1
Cc1ccc(N2C(=O)CS[C@@H]2c2ccc(OC(F)F)cc2)cc1,-6.62278,1
Cc1ccc(N2C(=O)C[C@@H](N3CCN(CCO)CC3)C2=O)cc1,-5.58909,1
Cc1ccc(N2C(=O)C[C@@H](Sc3nnc(C)s3)C2=O)cc1,-4.19753,1
Cc1ccc(N2C(=O)C[C@@H]([NH+]3CCN(CCO)CC3)C2=O)cc1,-5.70625,1
Cc1ccc(N2C(=O)C[C@H](Sc3nnc(C)s3)C2=O)cc1,-3.34195,1
Cc1ccc(N2C(=O)C[C@H]([NH+]3CCN(CCO)CC3)C2=O)cc1,-6.56527,1
Cc1ccc(N2C(=O)c3ccc(Oc4cccc([N+](=O)[O-])c4)cc3C2=O)cc1,-4.54899,1
Cc1ccc(N2C(=O)c3ccc(S(=O)(=O)c4ccc(C(=O)[O-])cc4)cc3C2=O)cc1C,-5.76754,1
Cc1ccc(N2C[C@@H](C(=O)Nc3nccs3)CC2=O)cc1,-5.44073,1
Cc1ccc(N2C[C@@H](c3nc(-c4cccnc4)no3)CC2=O)cc1C,-6.37095,1
Cc1ccc(N2C[C@@H](c3nc(-c4cccnc4)no3)CC2=O)cc1F,-6.02054,1
Cc1ccc(N2C[C@@H](c3nc(-c4ccncc4)no3)CC2=O)cc1C,-5.86433,1
Cc1ccc(N2C[C@H](C(=O)Nc3nccs3)CC2=O)cc1,-6.66462,1
Cc1ccc(N2C[C@H](c3nc(-c4ccc(N5CCOCC5)cc4)no3)CC2=O)cc1C,-4.69788,1
Cc1ccc(N2C[C@H](c3nc(-c4cccnc4)no3)CC2=O)cc1C,-6.71816,1
Cc1ccc(N2C[C@H](c3nc(-c4cccnc4)no3)CC2=O)cc1F,-6.71448,1
Cc1ccc(N2C[C@H](c3nnc(NC(=O)c4cccc(NC(=O)C(C)C)c4)s3)CC2=O)cc1,-4.62521,1
Cc1ccc(N2C[C@H](c3nnc(NC(=O)c4ccco4)s3)CC2=O)cc1C,-6.4255,1
Cc1ccc(N2C[C@H](c3nnc([N-]C(=O)c4ccco4)s3)CC2=O)cc1C,-3.73828,1
Cc1ccc(NC(=O)C2CCN(S(=O)(=O)c3ccc4c(c3)CCCC(=O)N4)CC2)c(Cl)c1,-7.25023,1
Cc1ccc(NC(=O)C2CCN(S(=O)(=O)c3ccc4c(c3)CCCC(=O)N4)CC2)cc1[NH+](C)C,-3.51801,1
Cc1ccc(NC(=O)CCCc2nc(-c3ccco3)no2)cc1,-4.95146,1
Cc1ccc(NC(=O)CCCc2nc(-c3ccco3)no2)cc1C,-3.17133,1
Cc1ccc(NC(=O)CCS(=O)(=O)c2cc3c(cc2C)NC(=O)CO3)cc1C,-5.70638,1
Cc1ccc(NC(=O)CCS(=O)(=O)c2cc3c(cc2Cl)NC(=O)CO3)c(C)c1,-3.9215,1
Cc1ccc(NC(=O)CCS(=O)(=O)c2ccc3c(c2)CC(=O)N3C)cc1C,-5.52901,1
Cc1ccc(NC(=O)CCS(=O)(=O)c2ccc3c(c2)CCN3C(=O)C2CC2)c(C)c1,-5.54261,1
Cc1ccc(NC(=O)CCS(=O)(=O)c2ccc3c(c2)NC(=O)CS3)cc1Cl,-7.1166,1
Cc1ccc(NC(=O)CCS(=O)(=O)c2ccc3c(c2)NC(=O)[C@@H](C)S3)cc1C,-6.74479,1
Cc1ccc(NC(=O)CCc2c(C)nn3cnnc3c2C)cc1,-2.84219,1
Cc1ccc(NC(=O)CCc2ccc(C)o2)cc1,-5.5782,1
Cc1ccc(NC(=O)CCc2nc(-c3ccccn3)no2)cc1,-5.35895,1
Cc1ccc(NC(=O)CCc2nc(-c3cccnc3)no2)cc1C,-4.8702,1
Cc1ccc(NC(=O)CCc2nc(-c3ccco3)no2)cc1,-3.84836,1
Cc1ccc(NC(=O)CCc2nc(CSc3n[nH]c(C)n3)no2)c(C)c1,-6.60504,1
Cc1ccc(NC(=O)CCc2nc(CSc3nnc(-c4ccco4)o3)no2)c(C)c1,-4.68509,1
Cc1ccc(NC(=O)CCc2nc(CSc3nnc(-c4ccco4)o3)no2)cc1,-3.74605,1
Cc1ccc(NC(=O)CCc2nc(CSc3nnc(-c4ccco4)o3)no2)cc1Cl,-5.51978,1
Cc1ccc(NC(=O)CCc2nnc3ccc(N4CCC5(CC4)OCCO5)nn23)cc1C,-4.89476,1
Cc1ccc(NC(=O)CN(C)S(=O)(=O)c2cc3c(cc2C)NC(=O)[C@H](C)O3)cc1F,-5.11839,1
Cc1ccc(NC(=O)CN(C)S(=O)(=O)c2ccc3c(c2)NC(=O)CO3)cc1C,-7.16433,1
Cc1ccc(NC(=O)COCc2cc(-c3ccco3)on2)cc1,-5.59117,1
Cc1ccc(NC(=O)COCc2cc(-c3ccco3)on2)cc1C,-5.9824,1
Cc1ccc(NC(=O)CSc2nc3cccnc3[nH]2)cc1,-5.02421,1
Cc1ccc(NC(=O)CSc2nccn2-c2ccc([N+](=O)[O-])cc2)cc1Cl,-3.81995,1
Cc1ccc(NC(=O)CSc2nnc(N)s2)cc1,-3.24706,1
Cc1ccc(NC(=O)C[C@@H](C)S(=O)(=O)c2ccc3c(c2)NC(=O)CO3)cc1C,-7.81485,1
Cc1ccc(NC(=O)C[C@H](C)S(=O)(=O)c2ccc3c(c2)NC(=O)CO3)cc1C,-7.02325,1
Cc1ccc(NC(=O)C[C@H](C)S(=O)(=O)c2ccc3c(c2)NC(=O)CO3)cc1Cl,-7.06506,1
Cc1ccc(NC(=O)C[C@H]2SC(Nc3ccc(S(N)(=O)=O)cc3)=NC2=O)cc1,-4.47451,1
Cc1ccc(NC(=O)Cc2csc(NC(=O)C3CC3)n2)cc1,-7.44931,1
Cc1ccc(NC(=O)Cc2csc(NC(=O)C3CC3)n2)cc1Cl,-7.48917,1
Cc1ccc(NC(=O)Cc2csc(NC(=O)c3ccco3)n2)cc1,-6.59963,1
Cc1ccc(NC(=O)N2CC(=O)N(CC(=O)NCc3ccc(OC(C)C)cc3)c3ccccc32)cc1,-7.57106,1
Cc1ccc(NC(=O)N2CCC[C@H]2c2cc(C)no2)cc1,-4.57516,1
Cc1ccc(NC(=O)N2CCC[C@H]2c2cc(C)on2)cc1,-4.05595,1
Cc1ccc(NC(=O)Nc2nnc(SCC(=O)Nc3ccc(C(N)=O)cc3)s2)cc1,-4.91977,1
Cc1ccc(NC(=O)[C@@H]2CCCN(S(=O)(=O)c3cc(-c4noc(C)n4)ccc3Cl)C2)c(C)c1,-4.33554,1
Cc1ccc(NC(=O)[C@@H]2CCCN(S(=O)(=O)c3ccc4c(c3)CCCC(=O)N4)C2)cc1,-5.71382,1
Cc1ccc(NC(=O)[C@@H]2CCCN(S(=O)(=O)c3ccc4c(c3)oc(=O)n4C)C2)cc1C,-6.617,1
Cc1ccc(NC(=O)[C@@H]2CCCN(S(=O)(=O)c3ccc4c(c3)oc(=O)n4C)C2)cc1Cl,-5.49929,1
Cc1ccc(NC(=O)[C@H]2CCCN(S(=O)(=O)c3c(C)noc3/C=C/c3cccs3)C2)nc1,-4.8007,1
Cc1ccc(NC(=O)[C@H]2CCCN(S(=O)(=O)c3ccc4c(c3)CCCC(=O)N4)C2)cc1,-4.61741,1
Cc1ccc(NC(=O)[C@H]2CCCN(S(=O)(=O)c3ccc4c(c3)CCCC(=O)N4)C2)cc1C,-3.71433,1
Cc1ccc(NC(=O)[C@H]2CCCN(c3nc4cccnc4s3)C2)cc1,-5.48747,1
Cc1ccc(NC(=O)[C@H]2CCCN(c3nc4cccnc4s3)C2)cc1C,-3.89782,1
Cc1ccc(NC(=O)c2cc(-c3cccnc3)on2)cc1[NH+](C)C,-3.42723,1
Cc1ccc(NC(=O)c2cc3c([nH]c2=O)C[C@@H](c2ccco2)CC3=O)cc1C,-4.25443,1
Cc1ccc(NC(=O)c2cc3c([nH]c2=O)C[C@H](c2ccco2)CC3=O)cc1C,-4.55111,1
Cc1ccc(NC(=O)c2ccc(-c3noc(C4CC4)n3)cc2)c(C)c1,-3.81274,1
Cc1ccc(NC(=O)c2ccc(-c3noc(C4CCCC4)n3)cc2)cc1,-3.08479,1
Cc1ccc(NC(=O)c2cccc(-n3cnnc3)n2)c(O)c1,-3.87991,1
Cc1ccc(NC(=O)c2cccs2)cc1,-6.77233,1
Cc1ccc(NC(=O)c2cnn3c2NC2=CC(C)(C)CC(O)=C2[C@@H]3c2ccc(C(=O)[O-])cc2)cc1,-5.66289,1
Cc1ccc(NC(=O)c2cnn3c2NC2=CC(C)(C)CC([O-])=C2[C@@H]3c2ccc(C(=O)[O-])cc2)cc1,-5.18885,1
Cc1ccc(NC(=O)c2nnc(CCCC(=O)NCCCN3CCOCC3)s2)cc1,-5.31431,1
Cc1ccc(NC(=O)c2nnc(COCC(=O)N(C)Cc3ccco3)s2)cc1,-3.91674,1
Cc1ccc(NC(=O)c2nnc(CSCC(=O)NCCC[NH+]3CCN(C)CC3)s2)cc1,-4.25021,1
Cc1ccc(NC(=S)N(CCCN2CCN(C)CC2)Cc2ccco2)cc1Cl,-1.70187,1
Cc1ccc(NC(=S)N(CCCN2CCOCC2)Cc2ccco2)cc1Cl,-3.19158,1
Cc1ccc(NC(=S)NCc2ccc3c(c2)OCO3)cc1,-6.0258,1
Cc1ccc(NCC(=O)N/N=C/c2ccc(-c3ccc([N+](=O)[O-])cc3)o2)cc1,-4.80832,1
Cc1ccc(NCN2C(=O)c3ccc([N+](=O)[O-])cc3C2=O)cc1,-4.84518,1
Cc1ccc(NS(=O)(=O)c2cc(-c3ccno3)oc2C)cc1C,-0.202001,1
Cc1ccc(NS(=O)(=O)c2cc(-c3ccno3)oc2C)cc1F,-1.47967,1
Cc1ccc(NS(=O)(=O)c2cc(-c3noc(C)n3)sc2C)cc1,-2.89699,1
Cc1ccc(NS(=O)(=O)c2cc3[nH]c(=O)c(=O)[nH]c3cc2C)cc1,-5.58695,1
Cc1ccc(NS(=O)(=O)c2ccc(-c3nnc(C4CC4)o3)s2)cc1,-3.16119,1
Cc1ccc(NS(=O)(=O)c2ccc(-c3nnc(C4CC4)o3)s2)cc1C,-4.50982,1
Cc1ccc(NS(=O)(=O)c2ccc(-c3nnc(C4CC4)o3)s2)cc1Cl,-3.75825,1
Cc1ccc(NS(=O)(=O)c2ccc(-c3nnc(C4CCC4)o3)s2)c(C)c1,-4.14151,1
Cc1ccc(NS(=O)(=O)c2ccc3c(c2)oc(=O)n3C)cc1,-7.40072,1
Cc1ccc(Nc2nc(N3CCN(CCO)CC3)nc3c2cnn3-c2ccccc2)cc1,-4.88894,1
Cc1ccc(Nc2nc(N3CC[NH+](CCO)CC3)nc3c2cnn3-c2ccccc2)cc1,-6.35056,1
Cc1ccc(Nc2nc(NCCCO)nc3c2cnn3C)c(C)c1,-6.46341,1
Cc1ccc(Nc2nc(NCCCO)nc3c2cnn3C)cc1C,-7.62101,1
Cc1ccc(Nc2nc(NCCN3CCOCC3)nc3c2cnn3C)cc1Cl,-3.46479,1
Cc1ccc(Nc2nc(NCCO)nc3c2cnn3C)cc1Cl,-4.76724,1
Cc1ccc(Nc2nc(NC[C@H]3CCCO3)nc3c2cnn3-c2ccccc2)cc1,-6.20324,1
Cc1ccc(Nc2ncnc3sc(C(=O)[O-])c(C)c23)cc1,-4.2616,1
Cc1ccc(Nc2nn3c(=O)c4cc5c(cc4nc3s2)OCO5)cc1,-6.2518,1
Cc1ccc(OCC(=O)N/N=C/c2ccc(C(=O)[O-])cc2)cc1C,-4.31687,1
Cc1ccc(OCC(=O)N2CCN(CCc3ccccn3)CC2)cc1,-4.54147,1
Cc1ccc(OCC(=O)NCc2ccc(-c3nn4cnnc4s3)cc2)cc1,-3.92772,1
Cc1ccc(OCC(=O)Nc2ccc(CC#N)cc2)cc1C,-6.7749,1
Cc1ccc(OCC(=O)Nc2ccc3c(c2)NC(=O)CO3)cc1,-7.68361,1
Cc1ccc(OCC(=O)Nc2cccc(-c3nc(C)no3)c2)cc1,-4.84049,1
Cc1ccc(OCC(=O)Nc2nonc2-c2ccc(OC(C)C)cc2)cc1,-4.76382,1
Cc1ccc(OCCSc2[nH+]c3ccccc3n2CCC(=O)[O-])cc1,-3.70864,1
Cc1ccc(OCCn2c(CCNC(=O)c3ccco3)[nH+]c3ccccc32)cc1,-4.23457,1
Cc1ccc(OCc2ccc(-c3nc(C#N)c(NC[C@@H]4CCCO4)o3)o2)cc1,-7.77726,1
Cc1ccc(OCc2ccc(-c3nc(C#N)c([N-]CC[NH+]4CCOCC4)o3)o2)cc1,-2.89124,1
Cc1ccc(OCc2ccc(-c3nc(C#N)c([N-]C[C@H]4CCCO4)o3)o2)cc1,-6.174,1
Cc1ccc(OCc2ccc(C(=O)N/N=C/c3ccc([N+](=O)[O-])cc3)cc2)cc1,-5.95928,1
Cc1ccc(OCc2ccc(C(=O)N/N=C\c3ccc(C(=O)[O-])cc3)cc2)cc1,-7.87541,1
Cc1ccc(OCc2nc(-c3ccncc3)no2)c(C)c1,-6.21768,1
Cc1ccc(OCc2nc(-c3ccncc3)no2)cc1C,-5.72099,1
Cc1ccc(O[C@H](C)c2nc(-c3ccncc3)no2)cc1,-4.92788,1
Cc1ccc(S(=O)(=O)/N=C2/[N-]C[N@@H+](CCCN3CCOCC3)CN2)cc1,-2.70257,1
Cc1ccc(S(=O)(=O)N(C)c2ccc3sc(C(=O)NCc4ccco4)cc3c2)cc1,-5.18713,1
Cc1ccc(S(=O)(=O)N2CCC[C@@H](C(=O)[O-])C2)cc1,-4.08671,1
Cc1ccc(S(=O)(=O)N2CCN(C(=O)CSc3nc4cc([N+](=O)[O-])ccc4[n-]3)C2)cc1,-1.25426,1
Cc1ccc(S(=O)(=O)N2CCN(C(=O)CSc3nc4ccc([N+](=O)[O-])cc4[nH]3)C2)cc1,-1.92861,1
Cc1ccc(S(=O)(=O)N2CCOC23CCN(C(=O)c2ccc([N+](=O)[O-])cc2)CC3)cc1,-1.12373,1
Cc1ccc(S(=O)(=O)Nc2cc(C(=O)[O-])ccc2N2CCN(c3ccccn3)CC2)cc1,-3.23891,1
Cc1ccc(S(=O)(=O)Nc2cc(C(=O)[O-])ccc2N2CCN(c3ccccn3)CC2)cc1C,-3.90031,1
Cc1ccc(S(=O)(=O)Nc2cc(C(=O)[O-])ccc2N2CC[NH+](CC(=O)NC(C)C)CC2)cc1,-3.86546,1
Cc1ccc(S(=O)(=O)Nc2ccc3c(c2)oc(=O)n3C)cc1,-6.76785,1
Cc1ccc(S(=O)(=O)[C@@H](CNS(=O)(=O)c2ccc([N+](=O)[O-])cc2)c2ccco2)cc1,-4.21572,1
Cc1ccc(S(=O)(=O)[C@@H]2N=C(c3ccccc3)O/C2=N\Cc2ccc3c(c2)OCO3)cc1,-3.68494,1
Cc1ccc(S(=O)(=O)[C@@H]2N=C(c3ccco3)O/C2=N\Cc2cccnc2)cc1,-3.83501,1
Cc1ccc(S(=O)(=O)[C@H]2N=C(c3ccc(F)cc3)O/C2=N\CCN2CCOCC2)cc1,-2.41654,1
Cc1ccc(S(=O)(=O)[C@H]2N=C(c3ccccc3)O/C2=N\CCN2CCOCC2)cc1,-2.47169,1
Cc1ccc(S(=O)(=O)[C@H]2N=C(c3ccccc3)O/C2=N\Cc2ccc3c(c2)OCO3)cc1,-4.18901,1
Cc1ccc(S(=O)(=O)[N-]c2ccc3c(c2)oc(=O)n3C)cc1,-5.16686,1
Cc1ccc(S(=O)(=O)c2cnc(SCC(=O)Nc3ccc4c(c3)OCCO4)[n-]c2=O)cc1,-4.79915,1
Cc1ccc(S(=O)(=O)c2nc(-c3ccccc3)oc2NCc2ccc3c(c2)OCO3)cc1,-6.21339,1
Cc1ccc(S(=O)(=O)c2nc(-c3ccccc3)oc2[N-]CCCn2ccnc2)cc1,-5.22568,1
Cc1ccc(S(=O)(=O)c2nc(-c3cccs3)oc2[N-]CCCn2ccnc2)cc1,-4.93714,1
Cc1ccc(Sc2cc(NCCCO)c([N+](=O)[O-])c3nonc23)cc1,-5.79047,1
Cc1ccc([C@@H]2C=C(c3ccc(Cl)cc3)Nc3nc(NC(=O)CCCC(=O)[O-])nn32)cc1,-4.79262,1
Cc1ccc([C@@H]2CC(c3ccc(NS(C)(=O)=O)cc3)=NN2C(=O)CCCC(=O)[O-])cc1,-3.96358,1
Cc1ccc([C@@H]2CC(c3ccc([N-]S(C)(=O)=O)cc3)=NN2C(=O)CCCC(=O)[O-])cc1,-4.76434,1
Cc1ccc([C@H](CNC(=O)c2ccco2)[NH+]2CCCCCC2)cc1,-4.43176,1
Cc1ccc([N-]S(=O)(=O)c2cc(-c3ccno3)oc2C)cc1C,-0.843916,1
Cc1ccc([N-]S(=O)(=O)c2cc(-c3ccno3)oc2C)cc1Cl,-2.37895,1
Cc1ccc([N-]S(=O)(=O)c2cc(-c3ccno3)oc2C)cc1F,-3.4999,1
Cc1ccc([N-]S(=O)(=O)c2cc3[nH]c(=O)c(=O)[nH]c3cc2C)cc1,-3.93978,1
Cc1ccc([N-]S(=O)(=O)c2ccc(-c3cc(C(F)(F)F)n[nH]3)s2)cc1F,-5.82161,1
Cc1ccc([N-]S(=O)(=O)c2ccc(-c3ccn[nH]3)s2)c(Br)c1,-6.50725,1
Cc1ccc([N-]S(=O)(=O)c2ccc(-c3nnc(C4CC4)o3)s2)cc1,-4.52459,1
Cc1ccc([N-]S(=O)(=O)c2ccc(-c3nnc(C4CC4)o3)s2)cc1C,-4.02366,1
Cc1ccc([N-]S(=O)(=O)c2ccc3c(c2)oc(=O)n3C)cc1,-5.75109,1
Cc1ccc2[nH+]c(C3=C(N)N(c4ccc(C(=O)[O-])cc4)CC3=O)[nH]c2c1,-4.14905,1
Cc1ccc2[nH+]c(C3=C(N)N(c4ccc(C(N)=O)cc4)CC3=O)[nH]c2c1,-8.33624,1
Cc1ccc2[nH+]c(C3=C(N)N(c4cccc(C(=O)[O-])c4)CC3=O)[nH]c2c1,-3.53845,1
Cc1ccc2[nH]c(C3=C(N)N(c4ccc(C(=O)[O-])cc4)CC3=O)nc2c1,-5.21916,1
Cc1ccc2[nH]c(C3=C(N)N(c4ccc(C(N)=O)cc4)CC3=O)nc2c1,-8.65446,1
Cc1ccc2[nH]c(C3=C(N)N(c4cccc(C(=O)[O-])c4)CC3=O)nc2c1,-3.03203,1
Cc1ccc2[nH]c(SCC(=O)Nc3ccc([N+](=O)[O-])cc3)nc2c1,-3.4671,1
Cc1ccc2[nH]c([C@@H]3C(=O)C[N+](c4ccc(C(=O)[O-])cc4)=C3N)nc2c1,-3.15829,1
Cc1ccc2[nH]c([C@@H]3C(=O)C[N+](c4ccc(C(N)=O)cc4)=C3N)nc2c1,-5.95935,1
Cc1ccc2[nH]c([C@@H]3C(=O)C[N+](c4cccc(C(=O)[O-])c4)=C3N)nc2c1,-2.65441,1
Cc1ccc2[nH]c([C@@H]3C(=O)C[N+](c4cccc(O)c4)=C3N)nc2c1,-3.95571,1
Cc1ccc2[nH]c([C@H]3C(=O)C[N+](c4ccc(C(=O)[O-])cc4)=C3N)nc2c1,-3.54806,1
Cc1ccc2[nH]c([C@H]3C(=O)C[N+](c4ccc(C(N)=O)cc4)=C3N)nc2c1,-6.07958,1
Cc1ccc2[nH]c([C@H]3C(=O)C[N+](c4cccc(C(=O)[O-])c4)=C3N)nc2c1,-2.5235,1
Cc1ccc2[nH]c([C@H]3C(=O)C[N+](c4cccc(O)c4)=C3N)nc2c1,-4.52187,1
Cc1ccc2[nH]cc(CCN3C[C@H](C(=O)Nc4nnc(C)s4)CC3=O)c2c1,-4.47398,1
Cc1ccc2[nH]cc(CCN3C[C@H](C(=O)[N-]c4nnc(C)s4)CC3=O)c2c1,-2.99061,1
Cc1ccc2c(C[NH2+][C@H]3CC[C@@H](Nc4ncc(C(=O)NC=O)cn4)CC3)c[nH]c2c1,-8.686,1
Cc1ccc2c(c1)C(C)(C)C(=O)N2CC(=O)Nc1cccc(C#N)c1,-7.4507,1
Cc1ccc2c(n1)sc1c(=O)n(-c3ccc(Br)cc3)nnc12,-5.64291,1
Cc1ccc2c(n1)sc1c(=O)n(-c3ccc(Cl)cc3)nnc12,-5.82689,1
Cc1ccc2c(n1)sc1c(=O)n(-c3ccccc3)nnc12,-5.75271,1
Cc1ccc2c(n1)sc1c(=O)n(-c3ccccc3Br)nnc12,-5.70335,1
Cc1ccc2c(n1)sc1c(=O)n(-c3ccccc3C)nnc12,-6.01053,1
Cc1ccc2c(n1)sc1c(=O)n(-c3ccccc3Cl)nnc12,-6.09798,1
Cc1ccc2c(n1)sc1c(=O)n(-c3ccccc3F)nnc12,-5.97916,1
Cc1ccc2nc(C3=C(N)N(c4ccc(C(=O)[O-])cc4)CC3=O)[nH]c2c1,-4.38543,1
Cc1ccc2nc(C3=C(N)N(c4ccc(C(N)=O)cc4)CC3=O)[nH]c2c1,-7.75502,1
Cc1ccc2nc(C3=C(N)N(c4cccc(O)c4)CC3=O)[nH]c2c1,-6.51799,1
Cc1ccc2nc([C@H]3C(=O)C[N+](c4cccc(O)c4)=C3N)[nH]c2c1,-4.09403,1
Cc1ccc2nc([N-]C(=O)COc3ccc(F)cc3)sc2c1,-2.97767,1
Cc1ccc2nc([N-]C(=O)COc3ccccc3)sc2c1,-3.77644,1
Cc1ccc2oc(C(=O)Nc3ccc4c(c3)NC(=O)CO4)c(C)c2c1,-6.05256,1
Cc1ccc2oc(SCc3noc(CCC(=O)Nc4cc(C)on4)n3)nc2c1,-5.25432,1
Cc1ccc2oc(SCc3noc(CCC(=O)Nc4nnc(C)s4)n3)nc2c1,-5.10426,1
Cc1ccc2oc(SCc3noc(CCC(=O)Nc4nncs4)n3)nc2c1,-3.05757,1
Cc1ccc2oc(SCc3noc(CCC(=O)[N-]c4nncs4)n3)nc2c1,-2.51642,1
Cc1cccc(-c2ccc(N3CCC(C(=O)NC(C)C)CC3)nn2)c1,-5.16855,1
Cc1cccc(-c2n[nH]c(SCc3noc(CCC(=O)Nc4cc(C)on4)n3)n2)c1,-4.70896,1
Cc1cccc(-c2nc(SCc3noc(CCC(=O)Nc4cc(C)on4)n3)n[nH]2)c1,-4.12104,1
Cc1cccc(-c2nc(SCc3noc(CCC(=O)Nc4nccs4)n3)n[nH]2)c1,-6.21115,1
Cc1cccc(-c2nc3nc(C)cc(N4CCN(CCO)CC4)n3n2)c1,-6.95315,1
Cc1cccc(-c2nc3nc(CN4CCOCC4)cc([O-])n3n2)c1,-5.34312,1
Cc1cccc(-c2nc3nc(C[N@H+]4CC[N@@H+](CCO)CC4)cc([O-])n3n2)c1,-5.46006,1
Cc1cccc(-c2nc3nc(C[N@H+]4CC[N@H+](CCO)CC4)cc([O-])n3n2)c1,-5.04069,1
Cc1cccc(-c2nc3nc(C[NH+]4CCN(CCO)CC4)cc([O-])n3n2)c1,-7.50502,1
Cc1cccc(-c2nnc(SCc3noc(CCC(=O)Nc4cc(C)on4)n3)o2)c1,-4.64165,1
Cc1cccc(-c2nnc3sc(NC(=O)C(C)C)nn23)c1,-5.43767,1
Cc1cccc(-c2noc(-c3ccccc3OCC(=O)N3CCOCC3)n2)c1,-4.28587,1
Cc1cccc(-c2noc(-c3ccccc3OCC(=O)NCc3cccnc3)n2)c1,-5.66077,1
Cc1cccc(-c2noc(CCC(=O)Nc3cccnc3)n2)c1,-5.92756,1
Cc1cccc(-c2noc(CCC(=O)Nc3ccncc3)n2)c1,-6.03415,1
Cc1cccc(-c2noc(CNC(=O)c3cccnc3)n2)c1,-6.35532,1
Cc1cccc(-c2noc(CNC(=O)c3ccncc3)n2)c1,-5.81117,1
Cc1cccc(-c2noc(CSc3nc(=O)c(CCO)c(C)[nH]3)n2)c1,-5.25121,1
Cc1cccc(-c2noc(CSc3nc(C)c(CCO)c(=O)[n-]3)n2)c1,-4.25152,1
Cc1cccc(-c2noc(CSc3nc(C)c(CCO)c(=O)[nH]3)n2)c1,-4.13763,1
Cc1cccc(-c2noc([C@H](C)NC(=O)c3ccncc3)n2)c1,-6.21281,1
Cc1cccc(-n2c(Cc3cc(=O)[nH]c(=O)[n-]3)nnc2SCC(=O)c2ccc(Cl)cc2)c1,-4.02816,1
Cc1cccc(-n2nc(C)c3c2NC(=O)C[C@H]3C(=O)c2ccc3c(c2)OCO3)c1,-5.03181,1
Cc1cccc(C(=O)N2CCN(S(=O)(=O)c3cc4c(cc3Cl)NC(=O)[C@H](C)O4)CC2)c1,-5.19444,1
Cc1cccc(C(=O)N2CCN(c3ccc(-c4noc(C)n4)cc3)CC2)c1,-4.41658,1
Cc1cccc(C(=O)N2CCc3cc(CNS(=O)(=O)c4ccc5c(c4)CC(=O)N5C)ccc32)c1,-3.66372,1
Cc1cccc(C(=O)NC[C@H](c2ccc3c(c2)OCO3)[NH+]2CCN(c3ccccc3)CC2)c1,-4.63123,1
Cc1cccc(C(=O)NC[C@H](c2ccc3c(c2)OCO3)[NH+]2CCN(c3ccccc3F)CC2)c1,-4.74624,1
Cc1cccc(C(=O)Nc2c3c(nn2-c2ccc([N+](=O)[O-])cc2)CS(=O)(=O)C3)c1,-4.65181,1
Cc1cccc(C(=O)Nc2ccc(-c3nc4ncccc4o3)cc2)c1,-7.10239,1
Cc1cccc(C(=O)Nc2ccc3nc([N-]S(C)(=O)=O)sc3c2)c1,-5.3341,1
Cc1cccc(C(=O)Nc2ccccc2C(=O)OCc2cc(=O)n3oc(C)cc3n2)c1,-4.92123,1
Cc1cccc(C)c1NC(=O)CCc1nc(CSc2nc3ccccc3o2)no1,-4.93949,1
Cc1cccc(C)c1NC(=S)N(CCCN1CCOCC1)Cc1cn(C)c2ccccc12,-4.48961,1
Cc1cccc(C)c1OCC(=O)N/N=C/c1ccccc1OC(=O)c1ccc([N+](=O)[O-])cc1,-4.9026,1
Cc1cccc(C)c1OCCCn1c(CN(C)C(=O)c2ccco2)[nH+]c2ccccc21,-2.33877,1
Cc1cccc(C2=N[C@@H](S(=O)(=O)c3ccc(F)cc3)/C(=N\Cc3ccc4c(c3)OCO4)O2)c1,-3.47852,1
Cc1cccc(C2=N[C@H](S(=O)(=O)c3ccc(F)cc3)/C(=N/Cc3ccc4c(c3)OCO4)O2)c1,-3.33656,1
Cc1cccc(CNS(=O)(=O)c2ccc(-c3nnc(C4CC4)o3)s2)c1,-3.52811,1
Cc1cccc(COn2cccc(C(=O)Nc3nnc(C)s3)c2=O)c1,-3.99613,1
Cc1cccc(COn2cccc(C(=O)[N-]c3nnc(C)s3)c2=O)c1,-4.11117,1
Cc1cccc(CSC2=NC([O-])=C3C(=NC(=O)C[C@H]3c3cccc(O)c3)N2)c1,-5.64323,1
Cc1cccc(CSc2nc(=O)c3c([nH]2)NC(=O)C[C@H]3c2cccc(O)c2)c1,-4.93443,1
Cc1cccc(CSc2nc3c(c(=O)[n-]2)[C@H](c2cccc(O)c2)CC(=O)N3)c1,-4.23696,1
Cc1cccc(CSc2nc3c(c(=O)[nH]2)[C@H](c2cccc(O)c2)CC(=O)N3)c1,-6.88422,1
Cc1cccc(CSc2nc3c(cnn3CCO)c(=O)[n-]2)c1,-6.59876,1
Cc1cccc(CSc2nc3c(cnn3CCO)c(=O)[nH]2)c1,-6.85801,1
Cc1cccc(CSc2nc3cc[nH+]cc3n2Cc2ccc(C(=O)[O-])cc2)c1,-5.3539,1
Cc1cccc(CSc2nc3ccncc3n2Cc2ccc(C(=O)[O-])cc2)c1,-5.45882,1
Cc1cccc(C[C@@H]2S/C(=N/N=C/c3ccco3)NC2=O)c1,-5.05785,1
Cc1cccc(C[N-]S(=O)(=O)c2ccc(-c3nnc(C4CC4)o3)s2)c1,-2.11322,1
Cc1cccc(Cn2c(CCNC(=O)CC[C@@H](C)O)nc3ccccc32)c1,-6.24185,1
Cc1cccc(Cn2c(CCNC(=O)CC[C@H](C)O)nc3ccccc32)c1,-3.05256,1
Cc1cccc(Cn2c(CCNC(=O)c3ccco3)[nH+]c3ccccc32)c1,-4.62288,1
Cc1cccc(Cn2c(CCNC(=O)c3ccco3)nc3ccccc32)c1,-5.52459,1
Cc1cccc(N2C(=O)S[C@@H](Nc3ccc(C(=O)[O-])cc3)C2=O)c1,-5.85699,1
Cc1cccc(N2C(=O)S[C@H](Nc3ccc(C(=O)[O-])cc3)C2=O)c1,-6.83627,1
Cc1cccc(N2C(=O)c3ccc(C(=O)Nc4cccc(C(=O)[O-])c4)cc3C2=O)c1,-4.55889,1
Cc1cccc(NC(=O)CCS(=O)(=O)c2cc3c(cc2Cl)NC(=O)CO3)c1,-5.55303,1
Cc1cccc(NC(=O)CCS(=O)(=O)c2ccc3c(c2)NC(=O)CS3)c1,-6.87765,1
Cc1cccc(NC(=O)CCc2c(C)nc3nc(CN)nn3c2C)c1,-4.54669,1
Cc1cccc(NC(=O)CCc2nc(CSc3nc4ccccc4s3)no2)c1,-4.40808,1
Cc1cccc(NC(=O)CN(C)C(=O)c2ccc3c(c2)nnn3C)c1,-2.4231,1
Cc1cccc(NC(=O)CN(C)S(=O)(=O)c2cc3c(cc2C)NC(=O)[C@@H](C)O3)c1,-4.9222,1
Cc1cccc(NC(=O)CSC2=[NH+]C(=O)C[C@H](c3cccc([N+](=O)[O-])c3)[C@@H]2C#N)c1,-3.38893,1
Cc1cccc(NC(=O)CSc2nc3c([nH]c4ccccc43)c(=O)n2-c2ccc([N+](=O)[O-])cc2)c1,-4.50708,1
Cc1cccc(NC(=O)Cc2csc(NC(=O)C3CC3)n2)c1,-7.39576,1
Cc1cccc(NC(=O)N2CCC[C@H]2C(=O)[O-])c1,-4.42414,1
Cc1cccc(NC(=O)c2cc(-c3ccc4c(c3)OCCO4)on2)c1,-5.20534,1
Cc1cccc(NC(=O)c2cc3c([nH]c2=O)C[C@H](c2ccco2)CC3=O)c1,-4.67182,1
Cc1cccc(NC(=O)c2cnn3c2NC2=CC(C)(C)CC([O-])=C2[C@@H]3c2ccc(C(=O)[O-])cc2)c1,-5.04651,1
Cc1cccc(NS(=O)(=O)c2ccc(-c3nnc(C4CC4)o3)s2)c1,-3.52973,1
Cc1cccc(Nc2nc(NCCCO)nc3c2cnn3-c2ccccc2)c1,-5.88986,1
Cc1cccc(Nc2nc(NCCO)nc3c2cnn3-c2ccccc2)c1,-6.32266,1
Cc1cccc(Nc2nc(NC[C@H]3CCCO3)nc3c2cnn3-c2ccccc2)c1,-3.01756,1
Cc1cccc(OCC(=O)N2CCN(S(=O)(=O)c3ccc4c(c3)NC(=O)[C@@H](C)O4)CC2)c1,-7.29183,1
Cc1cccc(OCC(=O)Nc2c(C(=O)N3CCN(c4ncccn4)CC3)oc3ccccc23)c1,-3.18595,1
Cc1cccc(OCC(=O)Nc2ccc(-c3nc4ncccc4o3)cc2C)c1,-6.31387,1
Cc1cccc(OCC(=O)Nc2ccc3c(c2)N(C(=O)c2ccco2)CCC3)c1,-4.80922,1
Cc1cccc(OCC(=O)Nc2ccc3c(c2)[nH+]c(CN2CCOCC2)n3C)c1,-2.4399,1
Cc1cccc(OCC(=O)Nc2ccc3c(c2)nc(CN2CCOCC2)n3C)c1,-4.31319,1
Cc1cccc(OCCNc2cc(N3CCN(CCO)CC3)ccc2[N+](=O)[O-])c1,-8.63075,1
Cc1cccc(OCCn2c(CCNC(=O)c3ccco3)[nH+]c3ccccc32)c1,-5.01125,1
Cc1cccc(OCCn2c(CCNC(=O)c3ccco3)nc3ccccc32)c1,-4.78712,1
Cc1cccc(OCCn2c(CN(C)C(=O)c3ccco3)nc3ccccc32)c1,-4.48099,1
Cc1cccc(OCc2nc(-c3ccncc3)no2)c1C,-5.50016,1
Cc1cccc(OCc2nc(C)c(C(=O)Nc3nnc(C)s3)s2)c1,-3.39386,1
Cc1cccc(OCc2nc(C)c(C(=O)[N-]c3nnc(C)s3)s2)c1,-4.42729,1
Cc1cccc(OCc2nnc3sc(-c4ccncc4)nn23)c1,-5.37768,1
Cc1cccc([N-]S(=O)(=O)c2ccc(-c3cnc(C4CC4)o3)cc2)c1,-5.13644,1
Cc1cccc([N-]S(=O)(=O)c2ccc(-c3nnc(C4CC4)o3)s2)c1,-4.67904,1
Cc1ccccc1-c1nnc(SCc2noc(CCC(=O)Nc3nccs3)n2)o1,-5.3581,1
Cc1ccccc1-c1noc(-c2ccccc2OCC(=O)NCc2cccnc2)n1,-5.84723,1
Cc1ccccc1C(=O)N1CCN(c2ccc([N+](=O)[O-])c(NCc3ccco3)c2)CC1,-5.65155,1
Cc1ccccc1C(=O)Nc1c2c(nn1-c1ccc([N+](=O)[O-])cc1)CS(=O)(=O)C2,-4.58205,1
Cc1ccccc1C(=O)Nc1ccc2c(c1)[nH+]c(CN1CCOCC1)n2C,-4.09962,1
Cc1ccccc1C(=O)Nc1ccc2c(c1)nc(CN1CCOCC1)n2C,-3.8626,1
Cc1ccccc1C(=O)Nc1ccc2c(c1)nc(C[NH+]1CCN(C(=O)c3ccco3)CC1)n2C,-2.8352,1
Cc1ccccc1C(=O)Nc1ccc2nc(SCC(=O)[O-])sc2c1,-5.14172,1
Cc1ccccc1C(=O)Nc1ccc2nc([N-]S(C)(=O)=O)sc2c1,-3.79815,1
Cc1ccccc1C(=O)Nc1cccc(C(=O)N/N=C/c2ccc([N+](=O)[O-])s2)c1,-3.15579,1
Cc1ccccc1C(=O)O[C@@H]1OC(=O)C(Cl)=C1Nc1ccc(C(=O)[O-])cc1,-5.09931,1
Cc1ccccc1C(=O)O[C@H]1OC(=O)C(Cl)=C1Nc1ccc(C(=O)[O-])cc1,-6.53869,1
Cc1ccccc1CN1C(=O)c2ccccc2S(=O)(=O)c2ccc(C(=O)OC[C@H]3CCCO3)cc21,-4.36378,1
Cc1ccccc1CNc1nc(N2CCN(CCO)CC2)nc2c1cnn2C,-4.44531,1
Cc1ccccc1CS(=O)(=O)N1CCC(C(=O)N2CCC(C(N)=O)CC2)CC1,-7.27247,1
Cc1ccccc1CSC1=NC([O-])=C2C(=NC(=O)C[C@H]2c2cccc(O)c2)N1,-4.90076,1
Cc1ccccc1CSc1nc(=O)c2c([nH]1)NC(=O)C[C@H]2c1cccc(O)c1,-4.95423,1
Cc1ccccc1CSc1nc2c(c(=O)[n-]1)[C@H](c1cccc(O)c1)CC(=O)N2,-5.21992,1
Cc1ccccc1CSc1nc2c(c(=O)[nH]1)[C@H](c1cccc(O)c1)CC(=O)N2,-5.97331,1
Cc1ccccc1C[N@H+]1CC[C@H](CNS(=O)(=O)c2ccc(-c3ccc(=O)[nH]n3)s2)CC1,-1.68477,1
Cc1ccccc1N1C(=O)c2cc(-c3ccco3)nn2C[C@@]1(C)C(=O)NC1CCCCC1,-5.35751,1
Cc1ccccc1N1C[C@H](c2nnc(NC(=O)CCCOc3ccccc3)s2)CC1=O,-4.66355,1
Cc1ccccc1NC(=O)CCCc1nc(-c2cccs2)no1,-2.84078,1
Cc1ccccc1NC(=O)CCCc1nc(-c2ccncc2)no1,-4.19772,1
Cc1ccccc1NC(=O)CCS(=O)(=O)c1ccc2c(c1)NC(=O)[C@@H](C)S2,-6.99003,1
Cc1ccccc1NC(=O)CCc1nc(-c2ccncc2)no1,-5.54663,1
Cc1ccccc1NC(=O)CCc1nnc2ccc(NCc3cccnc3)nn12,-6.63097,1
Cc1ccccc1NC(=O)C[C@H](C)S(=O)(=O)c1cc2c(cc1C)NC(=O)CO2,-5.33681,1
Cc1ccccc1NC(=O)[C@H]1CCCN(S(=O)(=O)c2cc3c(cc2C)NC(=O)CO3)C1,-4.07974,1
Cc1ccccc1NC(=O)c1nnc(CCCC(=O)NCc2ccccn2)s1,-4.45425,1
Cc1ccccc1Nc1nc(N2CC[NH+](CCO)CC2)nc2c1cnn2C,-4.824,1
Cc1ccccc1Nc1nc(NC[C@H]2CCCO2)nc2c1cnn2-c1ccccc1,-5.353,1
Cc1ccccc1Nc1nn2c(=O)c3ccc(C(=O)NC4CC4)cc3nc2s1,-7.29645,1
Cc1ccccc1OCC(=O)Nc1nonc1-c1ccc(OC(C)C)cc1,-4.87322,1
Cc1ccccc1OCCn1c(CCNC(=O)c2ccco2)nc2ccccc21,-2.78028,1
Cc1ccccc1OCc1ccc(-c2nc(C#N)c([N-]C[C@H]3CCCO3)o2)o1,-5.28406,1
Cc1ccccc1OCc1nn2c(-c3ccncc3)nnc2s1,-5.48472,1
Cc1ccccc1S(=O)(=O)Nc1cc(C(=O)[O-])ccc1N1CCN(Cc2ccccc2F)CC1,1.87247,1
Cc1ccccc1[NH+]1CCN(CC(=O)Nc2ccc(OC(F)(F)F)cc2)CC1,-3.7789,1
Cc1cccn2c(=O)c(C(=O)NCCO)c([O-])nc12,-5.94085,1
Cc1cccn2c(=O)c(C(=O)NC[C@@H](C)O)c([O-])nc12,-6.5691,1
Cc1cccn2c(=O)c(C(=O)NC[C@H](C)O)c([O-])nc12,-6.02806,1
Cc1cccn2c(=O)c(C(=O)NCc3ccc(OC(C)C)cc3)cnc12,-3.47676,1
Cc1ccn2c(=O)c(C(=O)NCCCO)c([O-])nc2c1,-5.07179,1
Cc1ccn2c(=O)c(C(=O)NCCCOC(C)C)c([O-])nc2c1,-4.06685,1
Cc1ccn2c(NC(=O)c3ccc([N+](=O)[O-])cc3)c(-c3ccc(F)cc3)nc2c1,-4.15909,1
Cc1ccn2c(NC(=O)c3ccc([N+](=O)[O-])cc3)c(-c3ccccc3)nc2c1,-4.29517,1
Cc1ccn2c(Nc3ccc4c(c3)OCCO4)c(-c3ccc(N(C)C)cc3)[nH+]c2c1,-6.13129,1
Cc1ccn2c(Nc3ccc4c(c3)OCCO4)c(-c3ccc(O)cc3)[nH+]c2c1,-5.05302,1
Cc1cn2c(=O)cc(COc3cc(NC(=O)c4ccco4)ccc3C)nc2s1,-5.5899,1
Cc1cn2c(=O)cc(COc3ccc(NC(=O)C(C)C)cc3)nc2s1,-6.56518,1
Cc1cn2c(=O)cc(COc3ccc(NC(=O)CC(C)C)cc3)nc2s1,-5.65134,1
Cc1csc(NC(=O)C2CCN(S(=O)(=O)c3cccc(-c4noc(C)n4)c3)CC2)n1,-2.69501,1
Cc1csc2nc(COc3cccc(NC(=O)c4cccs4)c3)cc(=O)n12,-5.38283,1
Cc1csc2nc(CSc3nc4ccc(NC(=O)c5ccco5)cc4s3)cc(=O)n12,-7.05102,1
Cc1n[n-]c(=O)nc1SCC(=O)Nc1cccc(C(=O)OC(C)C)c1,-5.87629,1
Cc1n[n-]c(SCC(=O)Nc2ccc(OC(F)(F)F)cc2)c1[N+](=O)[O-],-2.32553,1
Cc1n[nH]/c(=N/C(=O)CSc2nnc(CNC(=O)c3cccs3)n2-c2ccc(F)cc2)s1,-2.90389,1
Cc1n[nH]/c(=N\C(=O)CSc2ccc3nnc(-c4ccc(Cl)cc4)n3n2)s1,-3.98844,1
Cc1n[nH]/c(=N\C(=O)CSc2nc3c([nH]c4ccccc43)c(=O)n2-c2ccc(F)cc2)s1,-1.4776,1
Cc1n[nH]/c(=N\C(=O)CSc2nnc(-c3ccc(Cl)cc3)o2)s1,-4.35748,1
Cc1n[nH]/c(=N\C(=O)CSc2nnc(CNC(=O)c3ccccc3)n2-c2ccc(F)cc2)s1,-1.79985,1
Cc1n[nH]/c(=N\C(=O)CSc2nnc(CNC(=O)c3ccccc3)n2-c2ccccc2)s1,-4.94524,1
Cc1n[nH]/c(=N\C(=O)CSc2nnc(Cc3cccn3C)n2-c2ccc(F)cc2)s1,-3.61834,1
Cc1n[nH]/c(=N\C(=O)CSc2nnc(Cc3cccn3C)n2-c2ccccc2)s1,-4.21473,1
Cc1n[nH]/c(=N\C(=O)c2nn(-c3ccc(Cl)cc3)ccc2=O)s1,-3.52016,1
Cc1n[nH]/c(=N\C(=O)c2nn(-c3ccc(F)cc3)ccc2=O)s1,-3.49289,1
Cc1n[nH]/c(=N\C(=O)c2nn(-c3cccc(Cl)c3)ccc2=O)s1,-3.45886,1
Cc1n[nH]/c(=N\C(=O)c2nn(-c3ccccc3)ccc2=O)s1,-3.67509,1
Cc1n[nH]c(=O)nc1SCC(=O)Nc1cccc(C(=O)OC(C)C)c1,-2.18947,1
Cc1n[nH]c(SCC(=O)Nc2ccc(C(=O)[O-])cc2)n1,-4.9346,1
Cc1n[nH]c(SCC(=O)Nc2nc(-c3ccccc3)cs2)n1,-5.03771,1
Cc1n[nH]c(SCc2noc(CCC(=O)Nc3ccc(Br)c(C)c3)n2)n1,-6.85861,1
Cc1n[nH]c([O-])c1CC(=O)N/N=C/c1ccc(Cl)cc1,-5.87355,1
Cc1n[nH]c([O-])c1CC(=O)N/N=C/c1ccc([N+](=O)[O-])cc1,-6.0816,1
Cc1n[nH]c([O-])c1CC(=O)N/N=C/c1ccncc1,-5.72458,1
Cc1n[nH]c([O-])c1CCC(=O)N/N=C/c1ccc(N(C)C)cc1,-2.00326,1
Cc1n[nH]c([O-])c1CCC(=O)N/N=C/c1ccccc1,-2.47122,1
Cc1n[nH]c([O-])c1CCC(=O)N/N=C/c1ccncc1,-4.28857,1
Cc1n[nH]c2c1[C@@H](c1ccc(OCC(N)=O)cc1)CC(=O)N2,-7.82025,1
Cc1n[nH]c2c1[C@H](c1ccc(OCC(N)=O)cc1)CC(=O)N2,-7.64045,1
Cc1n[nH]cc1CNC(=O)COCc1nnc(C(=O)Nc2ccc(F)cc2)s1,-5.39496,1
Cc1n[nH]cc1CNC(=O)COCc1nnc(C(=O)Nc2ccccc2)s1,-4.00884,1
Cc1nc(-c2cc(NC(=O)Cc3ccc(Cl)cc3)c(C)s2)no1,-4.56922,1
Cc1nc(-c2cc(NC(=O)c3cccc(Br)c3)c(C)s2)no1,-4.31678,1
Cc1nc(-c2cc(NC(=O)c3cccc(Cl)c3)c(C)s2)no1,-4.14266,1
Cc1nc(-c2cc(S(=O)(=O)Nc3ccc(C#N)cc3)c(C)s2)no1,-5.99195,1
Cc1nc(-c2cc(S(=O)(=O)Nc3ccc(Cl)cc3)c(C)s2)no1,-2.24909,1
Cc1nc(-c2cc(S(=O)(=O)[N-]c3ccc(C#N)cc3)c(C)s2)no1,-3.09243,1
Cc1nc(-c2cc(S(=O)(=O)[N-]c3ccc(Cl)cc3)c(C)s2)no1,-0.25724,1
Cc1nc(-c2cc(S(=O)(=O)[N-]c3ccccc3)c(C)s2)no1,-1.01292,1
Cc1nc(-c2ccc(C(=O)N3CCN(c4cccc(Cl)c4)CC3)cc2)no1,-3.05903,1
Cc1nc(-c2ccc(C(=O)Nc3ccc(F)cc3F)cc2)no1,-4.84427,1
Cc1nc(-c2ccc(C)c(S(=O)(=O)NCc3ccc(F)cc3)c2)no1,-2.22552,1
Cc1nc(-c2ccc(C)c(S(=O)(=O)NCc3ccccc3)c2)no1,-1.77858,1
Cc1nc(-c2ccc(Cl)c(S(=O)(=O)N3CCC[C@@H](C(=O)Nc4ccc(F)cc4)C3)c2)no1,-3.98573,1
Cc1nc(-c2ccc(Cl)cc2)sc1CCNC(=O)c1ccco1,-4.40844,1
Cc1nc(-c2ccc(F)cc2)sc1CCNC(=O)COc1ccccc1,-3.2555,1
Cc1nc(-c2ccc(F)cc2)sc1CCNC(=O)c1ccco1,-4.8661,1
Cc1nc(-c2ccc(F)cc2)sc1CCNS(=O)(=O)c1ccc2c(c1)OCCO2,-4.48152,1
Cc1nc(-c2ccc(N3CCN(C(=O)Nc4ccc(C)c(C)c4)CC3)cc2)no1,-3.32678,1
Cc1nc(-c2ccc(N3CCN(C(=O)c4ccc(Br)cc4)CC3)cc2)no1,-3.7879,1
Cc1nc(-c2ccc(N3CCN(C(=O)c4ccc(Cl)cc4)CC3)cc2)no1,-4.4168,1
Cc1nc(-c2ccc(N3CCN(C(=O)c4ccc(F)c(Cl)c4)CC3)cc2)no1,-4.2657,1
Cc1nc(-c2ccc(N3CCN(C(=O)c4cccc(Br)c4)CC3)cc2)no1,-4.20904,1
Cc1nc(-c2ccc(N3CCN(C(=O)c4cccc(Cl)c4)CC3)cc2)no1,-4.32952,1
Cc1nc(-c2ccc(N3CCN(C(=O)c4cccc(N(C)C)c4)CC3)cc2)no1,-4.46183,1
Cc1nc(-c2ccc(NC(=O)c3ccc(Br)cc3)cc2)no1,-5.08616,1
Cc1nc(-c2ccc(NC(=O)c3ccc(C(F)(F)F)cc3)cc2)no1,-5.06111,1
Cc1nc(-c2ccc(NC(=O)c3ccc(Cl)cc3)cc2)no1,-5.2162,1
Cc1nc(-c2ccc(NC(=O)c3ccc(F)cc3)cc2)no1,-5.08392,1
Cc1nc(-c2ccc(S(=O)(=O)NCc3ccc(Cl)cc3)cc2)co1,-6.89387,1
Cc1nc(-c2ccc(S(=O)(=O)NCc3ccccc3)cc2)co1,-6.55103,1
Cc1nc(-c2cccc(/C=C/C(=O)NC=O)c2)n(C)c1-c1ccccc1,-7.97,1
Cc1nc(-c2cccc(C(=O)Nc3ccc(Br)c(C)c3)c2)no1,-4.58857,1
Cc1nc(-c2cccc(C(=O)Nc3ccc(C)c(C)c3)c2)no1,-4.734,1
Cc1nc(-c2cccc(C(=O)Nc3ccc(C)c(F)c3)c2)no1,-4.52725,1
Cc1nc(-c2cccc(NC(=O)c3ccc(Br)cc3)c2)no1,-4.7252,1
Cc1nc(-c2cccc(NC(=O)c3ccc(C#N)cc3)c2)no1,-4.65247,1
Cc1nc(-c2cccc(NC(=O)c3ccc(C(C)(C)C)cc3)c2)no1,-4.79757,1
Cc1nc(-c2cccc(NC(=O)c3ccccc3)c2)no1,-4.09037,1
Cc1nc(-c2cccc(S(=O)(=O)N3CCC(C(=O)NCc4ccc5c(c4)OCO5)CC3)c2)no1,-7.30102,1
Cc1nc(-c2ccccc2)sc1CCNC(=O)c1ccco1,-5.05186,1
Cc1nc(-n2nc(C)c(Cc3ccc(Cl)cc3)c2C)sc1C(=O)N1CCN(CCO)CC1,-5.87948,1
Cc1nc(-n2nc(C)c(Cc3ccc(Cl)cc3)c2C)sc1C(=O)N1CC[NH+](CCO)CC1,-4.16678,1
Cc1nc(-n2nc(C)c(Cc3ccc(Cl)cc3)c2C)sc1C(=O)NCCO,-5.9588,1
Cc1nc(-n2nc(C)c(Cc3ccccc3)c2C)sc1C(=O)N1CCN(CCO)CC1,-5.86776,1
Cc1nc(-n2nc(C)c(Cc3ccccc3)c2C)sc1C(=O)N1CC[NH+](CCO)CC1,-3.17539,1
Cc1nc(-n2nc(C)c(Cc3ccccc3)c2C)sc1C(=O)NCCO,-6.56759,1
Cc1nc(-n2nc(C)c(Cc3ccccc3Cl)c2C)sc1C(=O)N1CCN(CCO)CC1,-6.00802,1
Cc1nc(-n2nc(C)c(Cc3ccccc3Cl)c2C)sc1C(=O)N1CC[NH+](CCO)CC1,-5.4215,1
Cc1nc(CC(=O)Nc2nc(-c3ccc(OC(C)C)cc3)cs2)cs1,-3.48929,1
Cc1nc(CNC(=O)COc2ccc(Cl)cc2)cs1,-2.73266,1
Cc1nc(Cc2ccccc2)n([C@H]2CCC[NH2+]C2)c1-c1cccc(/C=C/C(=O)NC=O)c1,-9.104,1
Cc1nc(Cc2ccccc2)n([C@H]2CCC[NH2+]C2)c1-c1cccc(/C=C/C=O)c1,-7.966,1
Cc1nc(N2CC[NH+](C)CC2)cc(N2CCN(S(=O)(=O)c3ccc([N+](=O)[O-])cc3)CC2)[nH+]1,-2.02183,1
Cc1nc(N2CC[NH+](CCO)CC2)nc2c1C(=O)C[C@H](c1ccco1)C2,-5.51841,1
Cc1nc(NCc2ccc3c(c2)OCO3)ncc1C(=O)Nc1ccc(Br)cc1,-1.70817,1
Cc1nc(NCc2ccc3c(c2)OCO3)ncc1C(=O)Nc1ccc(Cl)cc1,-2.70379,1
Cc1nc(NCc2ccc3c(c2)OCO3)ncc1C(=O)Nc1cccc(Cl)c1,-5.25005,1
Cc1nc(NCc2ccc3c(c2)OCO3)ncc1C(=O)Nc1ccccc1,-4.78432,1
Cc1nc(Nc2ccc(F)cc2)nc2c1C(=O)C[C@@H](c1ccco1)C2,-5.96249,1
Cc1nc(Nc2ccccc2)nc2c1C(=O)C[C@@H](c1ccco1)C2,-5.11142,1
Cc1nc(SCC(=O)Nc2ccc(C(=O)[O-])cc2)n[nH]1,-4.91777,1
Cc1nc(SCc2nc(-c3cccc(Cl)c3)no2)[n-]c(=O)c1CCO,-4.84703,1
Cc1nc(SCc2nc(-c3cccc(Cl)c3)no2)[nH]c(=O)c1CCO,-5.79341,1
Cc1nc(SCc2nc(-c3cccc(Cl)c3)no2)nc(O)c1CCO,-1.92142,1
Cc1nc(SCc2nc(-c3ccccc3)no2)[n-]c(=O)c1CCO,-4.37256,1
Cc1nc(SCc2noc(CCC(=O)Nc3cc(F)cc(F)c3)n2)n[nH]1,-6.09121,1
Cc1nc(SCc2noc(CCC(=O)Nc3ccc(C)c(Cl)c3)n2)n[nH]1,-6.3093,1
Cc1nc(SCc2noc(CCC(=O)Nc3ccc(F)cc3)n2)n[nH]1,-6.51917,1
Cc1nc2c(Cc3ccc(C=O)cc3)cccc2c(=O)n1CCc1ccccc1,-9.068,1
Cc1nc2cc(Cc3ccc(C(=O)NC=O)cc3)ccc2c(=O)n1CCc1ccccc1,-11.45,1
Cc1nc2cc(Cc3ccc(C=O)cc3)ccc2c(=O)n1CCc1ccccc1,-9.704,1
Cc1nc2ccc(Cc3ccc(C(=O)NC=O)cc3)cc2c(=O)n1C,-10.65,1
Cc1nc2ccc(Cc3ccc(C=O)cc3)cc2c(=O)n1CCc1ccccc1,-9.595,1
Cc1nc2ccc(Cc3ccc4c(NC=O)n[nH]c4c3)cc2c(=O)n1C,-9.765,1
Cc1nc2ccc(Cc3ccc4c(NC=O)n[nH]c4c3)cc2c(=O)n1CCc1ccccc1,-10.62,1
Cc1nc2nc(-c3ccc(Cl)cc3)nn2c(C)c1CC(=O)N1CCOCC1,-4.77901,1
Cc1nc2nc(-c3ccccc3Cl)nn2c(C)c1CC(=O)N1CCN(CCO)CC1,-5.07556,1
Cc1nc2nc(-c3ccccc3Cl)nn2c(C)c1CC(=O)N1CC[NH+](CCO)CC1,-4.95217,1
Cc1nc2nc(NCc3ccccc3)nn2c([O-])c1CCO,-4.94028,1
Cc1nc2nc(SCC(=O)[O-])nn2c(C)c1Cc1c(F)cccc1Cl,-4.48297,1
Cc1ncc(-c2ccc(C)c(S(=O)(=O)Nc3ccc4c(c3)OCCO4)c2)o1,-5.2293,1
Cc1nn(-c2cc(N3CCOCC3)ccc2[N+](=O)[O-])c(=O)c2ccccc12,-4.39894,1
Cc1nn(-c2ccc(Br)cc2)c2c1[C@@H](C(=O)c1ccc3c(c1)OCO3)CC(=O)N2,-5.64648,1
Cc1nn(-c2ccc(Br)cc2)c2c1[C@H](C(=O)c1ccc(O)cc1)CC(=O)N2,-6.33455,1
Cc1nn(-c2ccc(Br)cc2)c2c1[C@H](C(=O)c1ccc([O-])cc1)CC(=O)N2,-1.6839,1
Cc1nn(-c2ccc(Br)cc2)c2c1[C@H](C(=O)c1ccc3c(c1)OCO3)CC(=O)N2,-6.50795,1
Cc1nn(-c2ccc(F)cc2)c2c1[C@@H](C(=O)c1ccc3c(c1)OCO3)CC(=O)N2,-5.57406,1
Cc1nn(-c2ccc3nncn3n2)c(C)c1CCC(=O)NCCc1ccco1,-3.66906,1
Cc1nn(-c2ccc3nncn3n2)c(C)c1CCC(=O)NCc1ccc(Cl)cc1,-2.51577,1
Cc1nn(-c2ccc3nncn3n2)c(C)c1CCC(=O)NCc1ccc(F)cc1,-2.3544,1
Cc1nn(-c2ccc3nncn3n2)c(C)c1CCC(=O)Nc1ccc(F)cc1,-2.26804,1
Cc1nn(-c2ccc3nncn3n2)c(C)c1CCC(=O)Nc1ccccc1,-2.74363,1
Cc1nn(-c2ccccc2)c(OC(=O)c2c(F)cccc2F)c1S(=O)(=O)c1ccc([N+](=O)[O-])cc1,-4.40706,1
Cc1nn(-c2ccccc2)c(OC(=O)c2cccc(F)c2)c1S(=O)(=O)c1ccc([N+](=O)[O-])cc1,-2.47965,1
Cc1nn(-c2ccccc2Cl)cc1-c1noc(C(=O)NCc2cccnc2)n1,-5.93725,1
Cc1nn(-c2nncc(-c3ccc(F)cc3)n2)c2c1[C@@H](c1ccc(C(=O)[O-])cc1)CC(=O)N2,-4.81639,1
Cc1nn(-c2nncc(-c3ccccc3)n2)c2c1[C@H](c1ccc(OCC(N)=O)cc1)CC(=O)N2,-8.61215,1
Cc1nn(C)c(C)c1CNC(=O)c1cc2n(n1)[C@H](C(F)(F)F)C[C@H](c1ccc3c(c1)OCO3)N2,-5.78191,1
Cc1nn(CCC(=O)Nc2cccc(-c3ccno3)c2)c(C)c1S(=O)(=O)N1CCCCC1,-3.12438,1
Cc1nn(CCCC(=O)Nc2ccc(C#N)cc2)c(C)c1[N+](=O)[O-],-6.42177,1
Cc1nn(CCCC(=O)Nc2ccc(CC#N)cc2)c(C)c1[N+](=O)[O-],-7.41535,1
Cc1nn2c(=O)cc(COC(=O)c3ccc(NC(=O)c4ccco4)cc3)nc2s1,-7.05241,1
Cc1nn2c(=O)cc(COC(=O)c3cccc(NC(=O)c4ccco4)c3)nc2s1,-5.60959,1
Cc1nn2c(=O)cc(COc3cccc(NC(=O)c4ccc5c(c4)OCO5)c3)nc2s1,-4.69653,1
Cc1nn2c(=O)cc(CSc3nc4ccc(NC(=O)c5ccco5)cc4s3)nc2s1,-7.12153,1
Cc1nn2c(SCC(=O)Nc3ccc(F)cc3)nnc2[nH]c1=O,-3.28958,1
Cc1nn2c(SCC(=O)Nc3cccc(C(F)(F)F)c3)nnc2[n-]c1=O,-4.62987,1
Cc1nn2c(SCC(=O)Nc3cccc(F)c3)nnc2[n-]c1=O,-4.69096,1
Cc1nn2cnnc2c(C)c1CCC(=O)Nc1ccc(C(C)C)cc1,-4.34352,1
Cc1nn2cnnc2c(C)c1CCC(=O)Nc1ccc(Cl)cc1,-5.20847,1
Cc1nn2cnnc2c(C)c1CCC(=O)Nc1ccc(F)cc1,-5.04857,1
Cc1nnc(-c2cc3ccccc3n2Cc2ccc(F)cc2)o1,-4.20508,1
Cc1nnc(-c2ccc(S(=O)(=O)N3CCN(c4ccc(Cl)cc4)CC3)s2)o1,-5.20192,1
Cc1nnc(-c2ccc(S(=O)(=O)N3CCN(c4cccc(Cl)c4)CC3)s2)o1,-5.48871,1
Cc1nnc(N2CCC(C(=O)N3CCC4(CC3)OCCO4)CC2)c2nn(-c3ccccc3)c(C)c12,-4.18099,1
Cc1nnc(N2CCC[C@@H](C(=O)NCCN3CCOCC3)C2)c2nn(-c3ccc(Cl)cc3)c(C)c12,-2.52403,1
Cc1nnc(NC(=O)CCCc2nc(-c3ccc(Cl)cc3)no2)s1,-4.15165,1
Cc1nnc(NC(=O)CCCc2nc(-c3ccccc3)no2)s1,-4.9165,1
Cc1nnc(NC(=O)CSc2ccc(-c3sc(-c4ccccc4)nc3C)nn2)s1,-4.08126,1
Cc1nnc(NC(=O)CSc2ccc3nnc(-c4ccc(Cl)cc4)n3n2)s1,-3.3776,1
Cc1nnc(NC(=O)CSc2ccc3nnc(-c4cccc(F)c4)n3n2)s1,-3.34798,1
Cc1nnc(NC(=O)CSc2nc(-c3ccccc3)nc3cc(O)nn23)s1,-3.27702,1
Cc1nnc(NC(=O)CSc2nc3c([nH]c4ccccc43)c(=O)n2-c2ccc(Cl)cc2)s1,-2.17667,1
Cc1nnc(NC(=O)CSc2nc3c(cnn3-c3ccc(F)cc3)c(=O)[n-]2)s1,-1.68211,1
Cc1nnc(NC(=O)CSc2nnc(-c3ccc(Cl)cc3)o2)s1,-3.64442,1
Cc1nnc(NC(=O)CSc2nnc(CNC(=O)c3ccco3)n2-c2ccc(F)cc2)s1,-2.63705,1
Cc1nnc(NC(=O)CSc2nnc3ccc(-c4cccnc4)nn23)s1,-4.19485,1
Cc1nnc(NC(=O)[C@@H]2CC(=O)N(CCc3c[nH]c4ccc(Cl)cc34)C2)s1,-4.95375,1
Cc1nnc(NC(=O)[C@H]2CC(=O)N(CCc3c[nH]c4ccc(Cl)cc34)C2)s1,-3.09017,1
Cc1nnc(NC(=O)c2cc(-c3ccc(Cl)cc3)on2)s1,-1.01335,1
Cc1nnc(NC(=O)c2cc(-c3ccccc3)on2)s1,-1.0728,1
Cc1nnc(NC(=O)c2nn(-c3ccc(Cl)cc3)ccc2=O)s1,-2.00855,1
Cc1nnc(NC(=O)c2nn(-c3ccc(F)cc3)ccc2=O)s1,-1.74467,1
Cc1nnc(NC(=O)c2nn(-c3cccc(Cl)c3)ccc2=O)s1,-1.92412,1
Cc1nnc(NC(=O)c2nn(-c3ccccc3)ccc2=O)s1,-2.23911,1
Cc1nnc(NC(=O)c2sc(COc3ccc(Cl)c(C)c3)nc2C)s1,-2.47718,1
Cc1nnc(SCC(=O)Nc2nc(-c3ccc(Br)cc3)cs2)nc1[O-],-1.31764,1
Cc1nnc(SCC(=O)Nc2nc(-c3ccccc3)cs2)nc1[O-],-0.327017,1
Cc1nnc(SCc2nc(-c3cccs3)no2)n1-c1ccc(Cl)cc1,-3.19745,1
Cc1nnc(SCc2nc(-c3cccs3)no2)n1-c1ccc(F)cc1,-2.8708,1
Cc1nnc([N-]C(=O)CCCc2nc(-c3ccc(Cl)cc3)no2)s1,-1.96375,1
Cc1nnc([N-]C(=O)CCCc2nc(-c3ccccc3)no2)s1,-2.28611,1
Cc1nnc([N-]C(=O)CSc2ccc3nnc(-c4cccc(F)c4)n3n2)s1,-4.07234,1
Cc1nnc([N-]C(=O)CSc2nc(-c3ccccc3)nc3cc(=O)[n-]n23)s1,-3.59561,1
Cc1nnc([N-]C(=O)CSc2nc(-c3ccccc3)nc3cc(O)nn23)s1,-2.53368,1
Cc1nnc([N-]C(=O)CSc2nc3c(cnn3-c3ccc(F)cc3)c(=O)[n-]2)s1,-1.42817,1
Cc1nnc([N-]C(=O)CSc2nc3c(cnn3-c3ccc(F)cc3)c(=O)[nH]2)s1,-2.90897,1
Cc1nnc([N-]C(=O)CSc2nnc(-c3ccc(Cl)cc3)o2)s1,-3.36291,1
Cc1nnc([N-]C(=O)CSc2nnc(CNC(=O)c3ccccc3)n2-c2ccccc2)s1,-3.11634,1
Cc1nnc([N-]C(=O)CSc2nnc(CNC(=O)c3ccco3)n2-c2ccc(F)cc2)s1,-3.49169,1
Cc1nnc([N-]C(=O)CSc2nnc(CNC(=O)c3cccs3)n2-c2ccc(F)cc2)s1,-4.86838,1
Cc1nnc([N-]C(=O)CSc2nnc(Cc3cccn3C)n2-c2ccc(F)cc2)s1,-2.25012,1
Cc1nnc([N-]C(=O)CSc2nnc(Cc3cccn3C)n2CCc2ccccc2)s1,-2.27096,1
Cc1nnc([N-]C(=O)CSc2nnc3ccc(-c4cccnc4)nn23)s1,-3.39047,1
Cc1nnc([N-]C(=O)[C@@H]2CC(=O)N(CCc3c[nH]c4ccc(Cl)cc34)C2)s1,-2.83386,1
Cc1nnc([N-]C(=O)[C@H]2CC(=O)N(CCc3c[nH]c4ccc(Cl)cc34)C2)s1,-3.12216,1
Cc1nnc([N-]C(=O)c2cc(-c3ccc(Cl)cc3)on2)s1,-4.52075,1
Cc1nnc([N-]C(=O)c2cc(-c3ccccc3)on2)s1,-4.51597,1
Cc1nnc([N-]C(=O)c2nc(S(=O)(=O)Cc3ccccc3)ncc2Cl)s1,-3.70445,1
Cc1nnc([N-]C(=O)c2nc(S(C)(=O)=O)ncc2Cl)s1,-4.55836,1
Cc1nnc([N-]C(=O)c2nn(-c3ccc(Cl)cc3)ccc2=O)s1,-3.95628,1
Cc1nnc([N-]C(=O)c2nn(-c3ccc(F)cc3)ccc2=O)s1,-4.47672,1
Cc1nnc([N-]C(=O)c2nn(-c3cccc(Cl)c3)ccc2=O)s1,-4.72074,1
Cc1nnc([N-]C(=O)c2nn(-c3ccccc3)ccc2=O)s1,-4.71621,1
Cc1nnc([N-]C(=O)c2sc(COc3ccc(Cl)c(C)c3)nc2C)s1,-5.0205,1
Cc1nnc2c(Nc3ccc(C(=O)[O-])cc3)nc3ccccc3n12,-5.46149,1
Cc1nnc2c(Nc3cccc(O)c3)nc3ccc(C(=O)c4ccccc4)cc3n12,-5.56603,1
Cc1noc(-c2ccc(N3CCOCC3)c([N+](=O)[O-])c2)n1,-4.68074,1
Cc1noc(-c2ccc(NC(=O)[C@H]3CC(=O)N(Cc4ccccc4)C3)cc2)n1,-4.40411,1
Cc1noc(-c2ccc(NCc3ccc[nH+]c3)c([N+](=O)[O-])c2)n1,-2.75867,1
Cc1noc(-c2ccc(NCc3cccnc3)c([N+](=O)[O-])c2)n1,-4.60097,1
Cc1noc(-c2cccc(NC(=O)[C@@H]3CC(=O)N(c4ccccc4C)C3)c2)n1,-4.6485,1
Cc1noc(-c2cccc(NC(=O)[C@H]3CC(=O)N(c4ccccc4C)C3)c2)n1,-4.50387,1
Cc1noc(-c2cccc(NC(=O)c3ccccc3Cl)c2)n1,-5.09455,1
Cc1noc(-c2cccc(OCC(=O)NCc3ccccc3)c2)n1,-5.41605,1
Cc1noc(-c2cccc(OCC(=O)NCc3ccco3)c2)n1,-5.51358,1
Cc1noc(-c2cccc(OCC(=O)Nc3ccc(C(N)=O)cc3)c2)n1,-7.71831,1
Cc1noc(-c2cccc(OCC(=O)Nc3cccc(C)c3C)c2)n1,-4.3721,1
Cc1noc(-c2cccc(OCC(=O)Nc3ccccc3)c2)n1,-4.96217,1
Cc1noc(-c2cccc(OCC(=O)Nc3ccccc3C(F)(F)F)c2)n1,-5.10357,1
Cc1noc(-c2cccc(OCC(=O)Nc3ccccc3C)c2)n1,-3.87465,1
Cc1noc(-c2ccccc2OCC(=O)/N=c2\[nH]nc(C(C)C)s2)n1,-0.838146,1
Cc1noc(-c2ccccc2OCC(=O)NCc2cccnc2)n1,-6.58127,1
Cc1noc(-c2ccccc2OCC(=O)Nc2ccc(C(N)=O)cc2)n1,-8.0217,1
Cc1noc(-c2ccccc2OCC(=O)Nc2ccc(C)c(C)c2)n1,-3.83036,1
Cc1noc(/C=C/c2ccccc2F)c1S(=O)(=O)N1CCC[C@H](C(=O)Nc2nccs2)C1,-5.46196,1
Cc1noc(/C=C/c2ccco2)c1S(=O)(=O)N1CCC(C(=O)NC2CCCCCC2)CC1,-2.07665,1
Cc1noc(/C=C/c2ccco2)c1S(=O)(=O)N1CCC[C@@H](C(=O)NC(C)C)C1,-4.08216,1
Cc1noc(/C=C/c2ccco2)c1S(=O)(=O)N1CCC[C@@H](C(=O)NCc2ccccn2)C1,-4.19782,1
Cc1noc(/C=C/c2cccs2)c1S(=O)(=O)N1CCC[C@@H](C(=O)Nc2ccccn2)C1,-2.22506,1
Cc1noc(/C=C/c2cccs2)c1S(=O)(=O)N1CCC[C@@H](C(=O)Nc2nccs2)C1,-5.64931,1
Cc1oc(-c2ccc(Cl)cc2)nc1CSCC(=O)NCc1cccnc1,-4.86275,1
Cc1oc(-c2ccc(OC(C)C)cc2)nc1Cn1nnc(C(=O)Nc2ccc(F)cc2F)c1C,-4.69871,1
Cc1oc(-c2cccc(Cl)c2)nc1C[N@H+]1CC[C@@H](C(=O)NCCCN2CCOCC2)CC1,-5.65626,1
Cc1oc(-c2ccno2)cc1S(=O)(=O)NCc1ccc(Cl)cc1,-3.93574,1
Cc1oc(-c2ccno2)cc1S(=O)(=O)NCc1ccccc1,-3.64236,1
Cc1oc(-c2ccno2)cc1S(=O)(=O)Nc1ccc(F)c(Cl)c1,-1.20152,1
Cc1oc(-c2ccno2)cc1S(=O)(=O)[N-]c1ccc(F)c(Cl)c1,-2.46047,1
Cc1onc(-c2ccc(Br)s2)c1C(=O)NCCCN1CCOCC1,-3.9521,1
Cc1onc(-c2ccc(Br)s2)c1C(=O)NCCC[NH+]1CCOCC1,-4.25682,1
Cc1onc(-c2ccc(Br)s2)c1C(=O)NCc1cccnc1,-5.68129,1
Cc1onc(-c2ccccc2Cl)c1C(=O)NCC(=O)[O-],-4.92061,1
Cc1onc(-c2cccnc2)c1C(=O)Nc1cccc(Cl)c1,-5.91541,1
Cc1onc(-c2ccncc2)c1C(=O)NCCCOC(C)C,-5.02763,1
Cc1sc(-c2noc(C3CC3)n2)cc1S(=O)(=O)[N-]c1ccc(C#N)cc1,-2.32793,1
Cc1sc(-c2noc(C3CC3)n2)cc1S(=O)(=O)[N-]c1ccc(F)cc1,-0.110622,1
Cc1sc(NC(=O)c2ccccc2)nc1-c1ccc2c(c1)NC(=O)[C@H](C)O2,-6.60092,1
Cc1sc(NC(=O)c2ccco2)nc1-c1ccc2c(c1)NC(=O)[C@@H](C)O2,-6.4181,1
Cc1sc([N-]C(=O)c2ccco2)nc1-c1ccc2c(c1)NC(=O)[C@@H](C)O2,-3.74547,1
Cc1sc([N-]C(=O)c2ccco2)nc1-c1ccc2c(c1)NC(=O)[C@H](C)O2,-5.04251,1
Clc1ccc(-c2cc(-c3nc(-c4ccccn4)no3)[nH]n2)cc1,-4.56887,1
Clc1ccc(-c2cc(-c3nc(-c4ccccn4)no3)n[nH]2)cc1,-4.19348,1
Clc1ccc(-c2noc3ncnc(NCc4cccnc4)c23)cc1,-6.41351,1
Clc1ccc(-n2ncc3c(NCCCN4CCOCC4)ncnc32)cc1,-3.57686,1
Clc1ccc(-n2ncc3c(NCCC[NH+]4CCOCC4)ncnc32)cc1,-3.48184,1
Cn1c(-c2cccc(/C=C/C(=O)NC=O)c2)c[nH+]c1Cc1ccccc1,-10.68,1
Cn1c(=O)c2ccccc2n(Cc2ccc(C=O)s2)c1=O,-7.98,1
Cn1c(=O)oc2cc(NC(=O)Nc3ccc(Cl)cc3)ccc21,-4.29076,1
Cn1c(=O)oc2cc(NC(=O)Nc3ccc(F)cc3)ccc21,-7.23089,1
Cn1c(=O)oc2cc(NC(=O)Nc3ccccc3)ccc21,-7.35508,1
Cn1c(=O)oc2cc(S(=O)(=O)CCC(=O)NCCc3ccc(Cl)cc3)ccc21,-6.70488,1
Cn1c(=O)oc2cc(S(=O)(=O)CCC(=O)NCCc3ccccc3)ccc21,-8.47889,1
Cn1c(=O)oc2cc(S(=O)(=O)CCC(=O)NCc3ccccc3)ccc21,-5.93513,1
Cn1c(=O)oc2cc(S(=O)(=O)CCC(=O)Nc3ccc(Cl)cc3)ccc21,-6.57313,1
Cn1c(=O)oc2cc(S(=O)(=O)N3CCC[C@@H](C(=O)Nc4ccc(F)c(Cl)c4)C3)ccc21,-6.43525,1
Cn1c(=O)oc2cc(S(=O)(=O)N3CCC[C@H](C(=O)Nc4ccc(F)c(Cl)c4)C3)ccc21,-5.62847,1
Cn1c(=O)oc2cc(S(=O)(=O)NCc3ccc4c(c3)CCN4C(=O)c3ccc(Cl)cc3)ccc21,-1.8678,1
Cn1c(=O)oc2cc(S(=O)(=O)Nc3ccc(F)cc3)ccc21,-7.27774,1
Cn1c(=O)oc2cc(S(=O)(=O)Nc3ccc(OC(F)(F)F)cc3)ccc21,-6.96881,1
Cn1c(=O)oc2cc(S(=O)(=O)[N-]c3ccc(F)cc3)ccc21,-6.02911,1
Cn1c(=O)oc2cc(S(=O)(=O)[N-]c3ccc(OC(F)(F)F)cc3)ccc21,-4.07445,1
Cn1c(=O)oc2cc([N-]S(=O)(=O)c3ccc(Br)cc3)ccc21,-5.68786,1
Cn1c(=O)oc2cc([N-]S(=O)(=O)c3ccc(Cl)cc3)ccc21,-5.09064,1
Cn1c(=O)oc2cc([N-]S(=O)(=O)c3ccc(F)cc3)ccc21,-4.98064,1
Cn1c(=O)oc2cc([N-]S(=O)(=O)c3ccccc3)ccc21,-5.20013,1
Cn1c(C2=C(N)N(c3ccc(C(=O)[O-])cc3)CC2=O)nc2ccccc21,-4.81007,1
Cn1c(CCNC(=O)c2ccco2)[nH+]c2cc(NC(=O)c3ccccc3Cl)ccc21,-5.3104,1
Cn1c(CCNC(=O)c2ccco2)nc2cc(NC(=O)COc3ccccc3)ccc21,-4.28396,1
Cn1c(CCc2ccc(NC(=O)c3ccc(C#N)cc3)cc2)[nH+]c2ccccc21,-6.51779,1
Cn1c(CN2CCN(C(=O)c3ccc(Cl)cc3)CC2)nc2cc(NC(=O)c3ccco3)ccc21,-3.3506,1
Cn1c(CN2CCN(S(=O)(=O)c3ccccc3)CC2)[nH+]c2cc(NC(=O)c3ccco3)ccc21,-3.68603,1
Cn1c(CN2CCOCC2)[nH+]c2cc(NC(=O)COc3ccccc3)ccc21,-4.19776,1
Cn1c(CN2CCOCC2)[nH+]c2cc(NC(=O)COc3ccccc3Cl)ccc21,-4.76679,1
Cn1c(CN2CCOCC2)[nH+]c2cc(NC(=O)c3ccc(Cl)cc3)ccc21,-4.57933,1
Cn1c(CN2CCOCC2)[nH+]c2cc(NC(=O)c3ccc(F)cc3)ccc21,-4.54254,1
Cn1c(CN2CCOCC2)[nH+]c2cc(NC(=O)c3ccc([N+](=O)[O-])cc3)ccc21,-4.6634,1
Cn1c(CN2CCOCC2)[nH+]c2cc(NC(=O)c3cccc([N+](=O)[O-])c3)ccc21,-3.3749,1
Cn1c(CN2CCOCC2)[nH+]c2cc(NC(=O)c3ccccc3)ccc21,-4.55169,1
Cn1c(CN2CCOCC2)[nH+]c2cc(NC(=O)c3cccs3)ccc21,-2.8654,1
Cn1c(CN2CCOCC2)nc2cc(NC(=O)COc3ccccc3)ccc21,-4.54696,1
Cn1c(CN2CCOCC2)nc2cc(NC(=O)c3ccc(Cl)cc3)ccc21,-3.96079,1
Cn1c(CN2CCOCC2)nc2cc(NC(=O)c3ccc(F)cc3)ccc21,-4.13138,1
Cn1c(CN2CCOCC2)nc2cc(NC(=O)c3cccs3)ccc21,-3.95228,1
Cn1c(CN2CC[NH+](C)CC2)nc2cc(NC(=O)COc3ccc([N+](=O)[O-])cc3)ccc21,-3.07481,1
Cn1c(COCc2ccccc2)nc2cc(/C=C/C(N)=O)ccc21,-9.55,1
Cn1c(COCc2ccccc2)nc2cc(/C=C/C=O)ccc21,-8.471,1
Cn1c(COCc2ccccc2)nc2cc(/C=C/O)ccc21,-7.089,1
Cn1c(C[N@H+]2CC[C@H](C)CC2)nc2cc(NC(=O)c3ccc([N+](=O)[O-])cc3)ccc21,-4.14413,1
Cn1c(C[NH+]2CCN(C(=O)c3ccco3)CC2)nc2cc(NC(=O)c3cccs3)ccc21,-4.77482,1
Cn1c(SCC(=O)Nc2ccc(C(=O)[O-])cc2)nnc1-c1cc[nH+]cc1,-1.90961,1
Cn1c(SCC(=O)Nc2ccc(C(=O)[O-])cc2)nnc1-c1ccncc1,-5.18079,1
Cn1c(SCC(=O)Nc2ccc(OC(F)(F)F)cc2)nnc1-c1cccnc1,-4.58071,1
Cn1c(SCc2cc(=O)c3cc(C(N)=O)ccc3[nH]2)nnc1-c1ccco1,-8.47272,1
Cn1c(SCc2cc(=O)c3cc(Cl)ccc3[nH]2)nnc1-c1ccco1,-4.80837,1
Cn1c2ccccc2c2nnc(SCC(=O)Nc3ccc(OC(F)(F)Cl)cc3)nc21,-2.33349,1
Cn1c2ccccc2c2nnc(SCC(=O)Nc3ccc(S(N)(=O)=O)cc3)nc21,-4.44527,1
Cn1cc(-c2cc3n(n2)CCC(=O)N3CCCC(=O)NCc2ccc3c(c2)OCO3)c2ccccc21,-8.68379,1
Cn1cc(-c2cc3n(n2)CCCN3C(=O)CCC(=O)NCCN2CCOCC2)c2ccccc21,-5.57978,1
Cn1cc(C(=O)Nc2ccc(C(N)=O)cc2)c2[n-]c(=O)n(-c3ccc(Cl)cc3)c(=O)c21,-7.95266,1
Cn1cc(C2=CCN(CC(=O)Nc3ccc(F)c(Cl)c3)CC2)cn1,-5.42522,1
Cn1cc(C2=CCN(CC(=O)Nc3ccc(F)cc3Cl)CC2)cn1,-6.42898,1
Cn1cc(C2=CC[N@@H+](CC(=O)Nc3ccc(F)c(Cl)c3)CC2)cn1,-4.12511,1
Cn1cc(C2=CC[N@@H+](CC(=O)Nc3ccc(F)cc3Cl)CC2)cn1,-7.13655,1
Cn1cc(C2=CC[N@H+](CC(=O)Nc3ccc(F)c(Cl)c3)CC2)cn1,-5.41118,1
Cn1cc(C2=CC[N@H+](CC(=O)Nc3ccc(F)cc3Cl)CC2)cn1,-6.39987,1
Cn1cc(CN(CCCN2CCOCC2)C(=S)Nc2cccc(Cl)c2)c2ccccc21,-4.13859,1
Cn1cc(C[NH2+][C@H]2CC[C@@H](Nc3ccc4c(NC=O)n[nH]c4c3)CC2)c2ccccc21,-9.354,1
Cn1cc(C[NH2+][C@H]2CC[C@@H](Nc3ncc(C(=O)NC=O)cn3)CC2)c2ccccc21,-10.46,1
Cn1cc(Cc2ccccc2)nc1-c1cccc(/C=C/C(=O)NC=O)c1,-10.33,1
Cn1cc(Cc2ccccc2)nc1-c1cccc(/C=C/C(N)=O)c1,-9.064,1
Cn1cccc1-c1cc2n(n1)CCC(=O)N2CCCC(=O)NCCCN1CCOCC1,-4.4393,1
Cn1cccc1Cc1nnc(SCC(=O)Nc2cccc([N+](=O)[O-])c2)n1-c1ccc(F)cc1,-4.7023,1
Cn1cnc(S(=O)(=O)N2CCC(C(=O)Nc3cccc(C#N)c3)CC2)c1,-4.46357,1
Cn1cnc2ccc(Cc3ccc(C(=O)NC=O)cc3)cc2c1=O,-10.54,1
Cn1cnc2ccc(Cc3ccc4c(NC=O)n[nH]c4c3)cc2c1=O,-9.869,1
Cn1cnnc1SCC(=O)Nc1ccc(Cl)cc1,-2.95878,1
Cn1nc(C(=O)NCc2ccc3c(c2)OCO3)c2c1CCN(C(=O)c1cccc(Cl)c1)C2,-1.08492,1
Cn1nc(C(=O)NCc2ccc3c(c2)OCO3)c2c1CCN(S(=O)(=O)c1cccc(Cl)c1)C2,-6.37867,1
Cn1nc(C(=O)NCc2ccc3c(c2)OCO3)c2c1CCN(S(=O)(=O)c1ccccc1)C2,-7.19446,1
Cn1ncc2c(NCc3ccccc3)nc(NCCCO)nc21,-6.87779,1
Cn1ncc2c(NCc3ccccc3Cl)nc(N3CCN(CCO)CC3)nc21,-5.94315,1
Cn1ncc2c(Nc3ccc(Cl)cc3)nc(NCCO)nc21,-5.70222,1
Cn1ncc2c(Nc3cccc(Cl)c3)nc(NCCN3CCOCC3)nc21,-3.26925,1
Cn1ncc2c(Nc3cccc(Cl)c3)nc(NCCO)nc21,-5.88862,1
Cn1ncc2c(Nc3ccccc3)nc(NCCN3CCOCC3)nc21,-3.60326,1
Cn1ncc2c(Nc3ccccc3)nc(NCC[NH+]3CCOCC3)nc21,-3.72106,1
Cn1nnc2cc(C(=O)NCc3ccc(F)cc3)ccc21,-3.37942,1
Cn1nnc2cc(C(=O)NCc3ccc4c(c3)OCO4)ccc21,-7.03449,1
Cn1nnc2cc(C(=O)Nc3ccc(Cl)cc3)ccc21,-3.39884,1
Cn1nnc2cc(C(=O)Nc3ccc(S(N)(=O)=O)cc3)ccc21,-2.76577,1
Cn1nnnc1SCC(=O)Nc1ccc(Br)cc1,-3.7128,1
Cn1nnnc1SCCCNCc1cc(Br)ccc1OCc1ccccc1,-3.33944,1
Cn1nnnc1SCCCNCc1ccc(F)cc1,0.394697,1
Cn1nnnc1SCCCNCc1cccc(OCc2ccc(F)cc2)c1,-0.331844,1
Cn1nnnc1SCCCNCc1ccccc1OCc1ccccc1Cl,-1.31258,1
Cn1nnnc1SCCC[NH2+]Cc1cc(Br)ccc1OCc1ccccc1,-5.60362,1
Cn1nnnc1SCCC[NH2+]Cc1ccc(-c2ccc(Br)cc2)o1,-2.75045,1
Cn1nnnc1SCCC[NH2+]Cc1ccc(-c2ccc(Cl)cc2)o1,-2.78936,1
Cn1nnnc1SCCC[NH2+]Cc1ccc(-c2ccc(F)cc2)o1,-2.80398,1
Cn1nnnc1SCCC[NH2+]Cc1ccc(Br)cc1,-2.7485,1
Cn1nnnc1SCCC[NH2+]Cc1ccc(Cl)cc1,-1.54934,1
Cn1nnnc1SCCC[NH2+]Cc1ccc(F)cc1,-1.52905,1
Cn1nnnc1SCCC[NH2+]Cc1cccc(OCc2ccccc2)c1,-2.77114,1
Cn1nnnc1SCCC[NH2+]Cc1cccc(OCc2ccccc2F)c1,-2.86788,1
Cn1nnnc1SCCC[NH2+]Cc1ccccc1OCc1ccccc1Cl,-4.12539,1
Cn1nnnc1SCCNCc1cc(Br)ccc1OCc1ccccc1F,-0.571247,1
Cn1nnnc1SCC[NH2+]Cc1cc(Br)ccc1OCc1ccc(Cl)cc1,-3.00977,1
FC(F)(F)COc1nc(Nc2ccc(OC(F)(F)Cl)cc2)nc(OCC(F)(F)F)n1,-3.73526,1
Fc1ccc(-c2ccc(C[NH2+]Cc3ccc4c(c3)OCO4)o2)cc1,-5.89545,1
Fc1ccc(NC(=S)N2CC[NH+](Cc3ccc4c(c3)OCO4)CC2)cc1Cl,-4.31078,1
N#C/C(=C\c1ccc(F)cc1)c1nn(CCO)c(N)c1C#N,-6.55881,1
N#CCCCN1C(=O)[C@@](O)(CC(=O)c2ccccc2)c2ccccc21,-5.23395,1
N#CCCN(C(=O)CSc1nnc(-c2ccc([N+](=O)[O-])cc2)o1)c1ccccc1,-3.00295,1
N#CCCN1CCN(c2ccc(C(=O)[O-])cc2NS(=O)(=O)c2cc(F)ccc2F)CC1,-7.03073,1
N#CCCN1CCN(c2ccc(C(=O)[O-])cc2NS(=O)(=O)c2ccc(F)cc2)CC1,-4.70439,1
N#CCCN1CCN(c2ccc(C(=O)[O-])cc2[N-]S(=O)(=O)c2cc(F)ccc2F)CC1,-4.25774,1
N#CCCN1CCN(c2ccc(NC(=O)c3cccc(Cl)c3)c(C(=O)[O-])c2)CC1,-5.25335,1
N#CCOc1ccc(/C=N/NC(=O)CSCc2ccc(Cl)cc2)cc1,-7.7892,1
N#CCc1ccc(NC(=O)[C@@H]2CCCN(S(=O)(=O)c3cccs3)C2)cc1,-7.04336,1
N#CCc1ccc(NC(=O)[C@H]2CCCN(S(=O)(=O)c3cccs3)C2)cc1,-5.55094,1
N#C[C@@H]1C(SCC(=O)OCc2ccccc2)=[NH+]C(=O)C[C@@H]1c1ccc(O)cc1,-6.63777,1
N#C[C@H]1C(SCC(=O)OCc2ccccc2)=[NH+]C(=O)C[C@H]1c1ccc(O)cc1,-6.17906,1
N#Cc1c(C(F)(F)F)cc(-c2cccs2)nc1SCC(=O)[O-],-4.93244,1
N#Cc1c(NC(=O)c2cc(-c3ccc(O)cc3)on2)sc2c1CCC2,-6.4814,1
N#Cc1c(NC(=O)c2cc(-c3ccc([O-])cc3)on2)sc2c1CCC2,-2.85645,1
N#Cc1cc2c(nc1SCC(=O)Nc1ccc(OC(F)(F)F)cc1)C1CCN2CC1,-4.70515,1
N#Cc1ccc(-c2ccco2)nc1SCC(=O)c1ccc(F)cc1,-5.8848,1
N#Cc1ccc(/C=N/NC(=O)c2cccc(NC(=O)c3ccc(F)cc3)c2)cc1,-6.34595,1
N#Cc1ccc(/C=c2\sc3nc4ccccc4n3c2=O)cc1,-7.77408,1
N#Cc1ccc(C(=O)N2CCC(c3nc(-c4ccc(Cl)cc4)no3)CC2)cc1,-4.69633,1
N#Cc1ccc(C(=O)Nc2nc3c(s2)CN(Cc2ccccc2)CC3)cc1,-5.66409,1
N#Cc1ccc(C(=O)Nc2nc3c(s2)C[N@@H+](Cc2ccccc2)CC3)cc1,-5.10591,1
N#Cc1ccc(C(=O)Nc2nc3c(s2)C[N@H+](Cc2ccccc2)CC3)cc1,-5.34034,1
N#Cc1ccc(C(=O)[N-]c2nc3c(s2)C[N@@H+](Cc2ccccc2)CC3)cc1,-3.8171,1
N#Cc1ccc(C(=O)[N-]c2nc3c(s2)C[N@H+](Cc2ccccc2)CC3)cc1,-4.92172,1
N#Cc1ccc(CN2C(=O)c3ccccc3S(=O)(=O)c3ccc(C(=O)OCc4ccco4)cc32)cc1,-3.70732,1
N#Cc1ccc(NC(=O)CCCn2cc([N+](=O)[O-])cn2)cc1,-5.56735,1
N#Cc1ccc(NC(=O)Cn2cnc(S(=O)(=O)N3CCOCC3)c2)cc1,-6.02335,1
N#Cc1ccc(NC(=O)[C@@H]2CCC(=O)N2S(=O)(=O)c2ccccc2)cc1,-5.33377,1
N#Cc1ccc(NC(=O)[C@H]2CCC(=O)N2S(=O)(=O)c2ccccc2)cc1,-5.33662,1
N#Cc1ccc(NC(=O)c2ccccc2-c2nc(-c3ccccc3)no2)cc1,-5.59174,1
N#Cc1ccc(NC(=O)c2sc3nc4c(cc3c2N)CCCCCC4)cc1,-5.64784,1
N#Cc1ccc(NS(=O)(=O)c2cc(C(=O)N3CCCCC3)cs2)cc1,-4.75753,1
N#Cc1ccc(OC(=O)c2cc(-c3ccc(Cl)cc3)on2)cc1,-5.79165,1
N#Cc1ccc(OCc2nc(-c3ccncc3)no2)cc1,-7.43973,1
N#Cc1ccc(S(=O)(=O)N2CCC(Oc3ccc(-n4cnnn4)cc3)CC2)cc1,-3.82842,1
N#Cc1cccc(NC(=O)C2CCN(C(=O)c3ccc(-c4noc(C5CC5)n4)cc3)CC2)c1,-3.54544,1
N#Cc1cccc(NC(=O)CSc2[nH]c(-c3ccccc3)nc2S(=O)(=O)c2ccccc2)c1,-4.10032,1
N#Cc1cccc(NC(=O)CSc2nnc(-c3ccc4c(c3)OCO4)o2)c1,-6.51147,1
N#Cc1cccc(NC(=O)Cn2cnc(S(=O)(=O)N3CCCC3)c2)c1,-5.52589,1
N#Cc1cccc(NC(=O)c2cccc(-c3noc(C4CCC4)n3)c2)c1,-3.8164,1
N#Cc1cccc(NC(=O)c2sc3nc4c(cc3c2N)N2CCC4CC2)c1,-3.55937,1
N#Cc1nc(-c2ccc(COc3ccc(Cl)cc3)o2)oc1N1CCN(C(=O)c2ccco2)CC1,-5.37201,1
N#Cc1nc(-c2ccc(S(=O)(=O)N3CCCC3)cc2)oc1NCCCn1ccnc1,-5.33402,1
N#Cc1nc(-c2ccc(S(=O)(=O)N3CCOCC3)cc2)oc1NCCCn1ccnc1,-6.41573,1
N#Cc1nc(-c2ccc(S(=O)(=O)N3CCOCC3)cc2)oc1[N-]CCC[NH+]1CCOCC1,-1.71608,1
N#Cc1nc(-c2ccc(S(=O)(=O)N3CCc4ccccc4C3)cc2)oc1[N-]Cc1ccco1,-3.66305,1
NC(=O)/C=C/c1cccc(-c2c[nH+]c(Cc3ccccc3)[nH]2)c1,-9.203,1
NC(=O)C1CCN(C(=O)C2CCN(C(=O)c3cnn(-c4ccccc4)c3-n3cccc3)CC2)CC1,-6.18535,1
NC(=O)C1CCN(C(=O)C2CCN(S(=O)(=O)Cc3ccc(Cl)cc3)CC2)CC1,-5.57619,1
NC(=O)C1CCN(C(=O)COCc2cc(-c3cccs3)on2)CC1,-7.35051,1
NC(=O)C1CCN(C(=O)[C@H]2CCCN(S(=O)(=O)c3cccs3)C2)CC1,-6.01844,1
NC(=O)C1CCN([C@@H]2CC(=O)N(c3ccc(I)cc3)C2=O)CC1,-6.7012,1
NC(=O)C1CCN([C@H]2CC(=O)N(c3ccc(Br)cc3)C2=O)CC1,-7.63475,1
NC(=O)C1CCN([C@H]2CC(=O)N(c3ccc(Cl)cc3)C2=O)CC1,-7.77615,1
NC(=O)C1CCN([C@H]2CC(=O)N(c3ccc(F)cc3)C2=O)CC1,-7.73441,1
NC(=O)C1CCN([C@H]2CC(=O)N(c3ccc(I)cc3)C2=O)CC1,-7.36866,1
NC(=O)C1CCN([C@H]2CC(=O)N(c3ccc(OC(F)(F)Cl)cc3)C2=O)CC1,-7.19437,1
NC(=O)CCCCCNC(=O)Cn1cnc2cnc(Nc3ccccc3)nc21,-9.488,1
NC(=O)CCCCC[C@@H](NC(=O)[C@@H]1CCC(=O)N1)C(=O)Nc1ccccc1,-10.21,1
NC(=O)COc1ccc(CCNC(=O)Cc2ccccc2)cc1,-9.851,1
NC(=O)COc1ccc([C@@H]2CC(=O)N=C3NC(SCc4cccc(Cl)c4)=NC([O-])=C32)cc1,-7.1749,1
NC(=O)COc1ccc([C@@H]2CC(=O)N=C3NC(SCc4ccccc4)=NC([O-])=C32)cc1,-7.9919,1
NC(=O)COc1ccc([C@@H]2CC(=O)N=C3NC(SCc4ccccc4Cl)=NC([O-])=C32)cc1,-7.03614,1
NC(=O)COc1ccc([C@@H]2CC(=O)Nc3[nH]c(SCc4ccccc4)nc(=O)c32)cc1,-9.26149,1
NC(=O)COc1ccc([C@@H]2CC(=O)Nc3nc(SCc4ccccc4)[n-]c(=O)c32)cc1,-5.59289,1
NC(=O)COc1ccc([C@@H]2CC(=O)Nc3nc(SCc4ccccc4)[nH]c(=O)c32)cc1,-10.076,1
NC(=O)COc1ccc([C@@H]2CC(=O)Nc3nc(SCc4ccccc4Cl)[n-]c(=O)c32)cc1,-5.46244,1
NC(=O)COc1ccc([C@H]2CC(=O)N=C3NC(SCc4cccc(Cl)c4)=NC([O-])=C32)cc1,-8.61205,1
NC(=O)COc1ccc([C@H]2CC(=O)N=C3NC(SCc4ccccc4)=NC([O-])=C32)cc1,-9.72347,1
NC(=O)COc1ccc([C@H]2CC(=O)N=C3NC(SCc4ccccc4Cl)=NC([O-])=C32)cc1,-9.27977,1
NC(=O)COc1ccc([C@H]2CC(=O)Nc3[nH]c(SCc4cccc(Cl)c4)nc(=O)c32)cc1,-6.901,1
NC(=O)COc1ccc([C@H]2CC(=O)Nc3[nH]c(SCc4ccccc4)nc(=O)c32)cc1,-8.78984,1
NC(=O)COc1ccc([C@H]2CC(=O)Nc3[nH]c(SCc4ccccc4Cl)nc(=O)c32)cc1,-7.33177,1
NC(=O)COc1ccc([C@H]2CC(=O)Nc3nc(SCc4cccc(Cl)c4)[n-]c(=O)c32)cc1,-5.71439,1
NC(=O)COc1ccc([C@H]2CC(=O)Nc3nc(SCc4cccc(Cl)c4)[nH]c(=O)c32)cc1,-8.4988,1
NC(=O)COc1ccc([C@H]2CC(=O)Nc3nc(SCc4ccccc4)[n-]c(=O)c32)cc1,-7.76698,1
NC(=O)COc1ccc([C@H]2CC(=O)Nc3nc(SCc4ccccc4)[nH]c(=O)c32)cc1,-9.94654,1
NC(=O)COc1ccc([C@H]2CC(=O)Nc3nc(SCc4ccccc4Cl)[n-]c(=O)c32)cc1,-7.85167,1
NC(=O)COc1ccc([C@H]2CC(=O)Nc3nc(SCc4ccccc4Cl)[nH]c(=O)c32)cc1,-8.27522,1
NC(=O)CSc1nc2ccc(NC(=O)COc3ccccc3Cl)cc2s1,-6.84673,1
NC(=O)CSc1nc2ccc(NC(=O)COc3ccccc3F)cc2s1,-6.68241,1
NC(=O)CSc1nc2ccc(NC(=O)c3ccc(Cl)cc3)cc2s1,-7.77079,1
NC(=O)CSc1nc2ccc(NC(=O)c3ccc(F)cc3)cc2s1,-7.57148,1
NC(=O)CSc1nc2ccc(NC(=O)c3cccc(F)c3)cc2s1,-7.02333,1
NC(=O)CSc1nc2ccccc2c2[n+]1[C@@H](CCC(=O)NCc1cccs1)C(=O)N2,-7.79911,1
NC(=O)CSc1nnc(CSc2ncccn2)n1-c1ccc(Cl)cc1,-4.70479,1
NC(=O)Cc1n[nH]c2cc(-c3cccc(Cl)c3)ccc12,-9.507,1
NC(=O)Cn1ncc2cc(-c3cn[nH]c3)ccc21,-10.23,1
NC(=O)NC(=O)c1ccccc1,-10.27,1
NC(=O)Nc1n[nH]c2cc(-c3ccc(Cl)cc3)ccc12,-10.15,1
NC(=O)Nc1n[nH]c2cc(-c3cccc(C(F)(F)F)c3)ccc12,-9.994,1
NC(=O)Nc1n[nH]c2cc(-c3cccc(Cl)c3)ccc12,-9.946,1
NC(=O)Nc1n[nH]c2cc(-c3ccccc3)ccc12,-10.22,1
NC(=O)Nc1n[nH]c2cc(-c3ccccc3Cl)ccc12,-10.6,1
NC(=O)Nc1n[nH]c2cc(-c3ccccc3F)ccc12,-10.34,1
NC(=O)Nc1n[nH]c2cc(-c3ccncc3)ccc12,-10.29,1
NC(=O)Nc1n[nH]c2cc(-c3ccsc3)ccc12,-10.34,1
NC(=O)Nc1n[nH]c2ccccc12,-10.49,1
NC(=O)[C@@H]1CCCNC1=O,-8.558,1
NC(=O)[C@H]1CC[N@H+]([C@@H](c2ccc(Cl)cc2)c2sc3nc(-c4ccco4)nn3c2[O-])CC1,-4.54823,1
NC(=O)[C@H]1CC[N@H+]([C@@H]2CC(=O)N(c3ccc(Br)cc3)C2=O)CC1,-8.23622,1
NC(=O)[C@H]1CC[N@H+]([C@@H]2CC(=O)N(c3ccc(OC(F)(F)Cl)cc3)C2=O)CC1,-6.20757,1
NC(=O)[C@H]1CC[N@H+]([C@@H]2CC(=O)N(c3cccc(Cl)c3)C2=O)CC1,-8.06945,1
NC(=O)[C@H]1CC[N@H+]([C@H](c2ccccc2F)c2sc3nc(-c4ccco4)nn3c2[O-])CC1,-5.70968,1
NC(=O)[C@H]1CC[N@H+]([C@H]2CC(=O)N(c3ccc(Br)cc3)C2=O)CC1,-7.58349,1
NC(=O)[C@H]1CC[N@H+]([C@H]2CC(=O)N(c3ccc(Cl)cc3)C2=O)CC1,-7.96962,1
NC(=O)[C@H]1CC[N@H+]([C@H]2CC(=O)N(c3ccc(F)cc3)C2=O)CC1,-7.84623,1
NC(=O)[C@H]1CC[N@H+]([C@H]2CC(=O)N(c3ccc(I)cc3)C2=O)CC1,-7.39318,1
NC(=O)[C@H]1CC[N@H+]([C@H]2CC(=O)N(c3ccc(OC(F)(F)Cl)cc3)C2=O)CC1,-7.59852,1
NC(=O)[C@H]1CC[N@H+]([C@H]2CC(=O)N(c3cccc(Cl)c3)C2=O)CC1,-7.48248,1
NC(=O)c1cc2ccccc2o1,-10.26,1
NC(=O)c1ccc(-n2nnnc2SCC(=O)N2CCCCC2)cc1,-8.42559,1
NC(=O)c1ccc(-n2nnnc2SCc2ccc(C(=O)[O-])cc2)cc1,-7.2402,1
NC(=O)c1ccc(-n2nnnc2SCc2ccccc2)cc1,-8.45284,1
NC(=O)c1ccc(Cc2ccc3ncn(CCc4ccccc4)c(=O)c3c2)cc1,-10.2,1
NC(=O)c1ccc(N2CC(=O)C(c3nc4ccccc4s3)=C2N)cc1,-8.35154,1
NC(=O)c1ccc(NC(=O)CCCc2nc(-c3ccc(Cl)cc3)no2)cc1,-8.37407,1
NC(=O)c1ccc(NC(=O)CCCc2nc(-c3ccccc3)no2)cc1,-7.28256,1
NC(=O)c1ccc(NC(=O)CCCc2nc(-c3ccco3)no2)cc1,-8.19353,1
NC(=O)c1ccc(NC(=O)CCCc2nc(-c3ccncc3)no2)cc1,-7.14984,1
NC(=O)c1ccc(NC(=O)CCc2nc(-c3ccccn3)no2)cc1,-8.10965,1
NC(=O)c1ccc(NC(=O)CCc2nc(-c3ccco3)no2)cc1,-7.6755,1
NC(=O)c1ccc(NC(=O)CCn2c(=O)sc3ccccc32)cc1,-7.80321,1
NC(=O)c1ccc(NC(=O)CN2CCN(c3ccccc3)CC2)cc1,-5.78616,1
NC(=O)c1ccc(NC(=O)COc2cccc(-c3nc(-c4ccccc4)no3)c2)cc1,-5.56008,1
NC(=O)c1ccc(NC(=O)COc2ccccc2-c2nc(-c3ccccc3)no2)cc1,-6.49224,1
NC(=O)c1ccc(NC(=O)CSc2nc3c(cnn3-c3ccc(Cl)cc3)c(=O)[n-]2)cc1,-6.93108,1
NC(=O)c1ccc(NC(=O)CSc2nc3c(cnn3-c3ccc(Cl)cc3)c(=O)[nH]2)cc1,-7.45518,1
NC(=O)c1ccc(NC(=O)Cc2csc(NC(=O)C3CC3)n2)cc1,-7.74176,1
NC(=O)c1ccc(NC(=O)Cc2csc(NC(=O)c3ccc(Cl)cc3)n2)cc1,-6.88147,1
NC(=O)c1ccc(NC(=O)c2cc(-c3ccccc3)on2)cc1,-7.53546,1
NC(=O)c1ccc(NC(=O)c2ccc3c(c2)CCN3S(=O)(=O)c2ccccc2)cc1,-6.00482,1
NC(=O)c1ccc(N[C@@H]2CCN(c3ccc4ncccc4c3)C2=O)cc1,-9.586,1
NC(=O)c1ccc2[nH]c(=O)ccc2c1,-9.464,1
NC(=O)c1cnc(N2CCC(C[NH2+]Cc3c[nH]c4ccccc34)CC2)nc1,-9.328,1
NC1=C(c2[nH]c3ccccc3[nH+]2)C(=O)CN1c1ccc(O)cc1,-5.22082,1
NC1=C(c2nc3ccccc3[nH]2)C(=O)CN1c1ccc(C(=O)[O-])cc1,-6.07891,1
NC1=C(c2nc3ccccc3[nH]2)C(=O)CN1c1ccc(S(=O)(=O)[O-])cc1,-6.72805,1
NC1=C(c2nc3ccccc3[nH]2)C(=O)CN1c1ccc(S(N)(=O)=O)cc1,-4.05257,1
NC1=C(c2nc3ccccc3s2)C(=O)CN1c1ccc(C(=O)[O-])cc1,-5.81624,1
NC1=C(c2nc3ccccc3s2)C(=O)CN1c1ccc(O)cc1,-6.36862,1
NC1=C(c2nc3ccccc3s2)C(=O)CN1c1ccc(S(N)(=O)=O)cc1,-4.35011,1
NS(=O)(=O)c1ccc(/N=C2\NC(=O)[C@@H](CC(=O)Nc3ccc(Cl)cc3)S2)cc1,-1.13969,1
NS(=O)(=O)c1ccc(/N=C2\NC(=O)[C@@H](CC(=O)Nc3ccccc3)S2)cc1,-3.66831,1
NS(=O)(=O)c1ccc(NC(=O)CN2CCN(CC(=O)Nc3ccc(F)cc3)CC2)cc1,-4.76525,1
NS(=O)(=O)c1ccc(NC(=O)CSc2nc(=O)c3c([nH]2)CCCC3)cc1,-1.68878,1
NS(=O)(=O)c1ccc(NC(=O)CSc2nc3ccccc3[nH]2)cc1,-5.16464,1
NS(=O)(=O)c1ccc(NC2=NC(=O)[C@@H](CC(=O)Nc3ccc(Br)cc3)S2)cc1,-4.8966,1
NS(=O)(=O)c1ccc(NC2=NC(=O)[C@@H](CC(=O)Nc3ccc(Cl)cc3)S2)cc1,-4.08864,1
NS(=O)(=O)c1ccc(NC2=NC(=O)[C@@H](CC(=O)Nc3ccccc3)S2)cc1,-4.03849,1
NS(=O)(=O)c1ccc(NC2=NC(=O)[C@H](CC(=O)Nc3ccc(Br)cc3)S2)cc1,-4.28821,1
NS(=O)(=O)c1ccc(NC2=NC(=O)[C@H](CC(=O)Nc3ccc(Cl)cc3)S2)cc1,-4.40934,1
NS(=O)(=O)c1ccc(NC2=NC(=O)[C@H](CC(=O)Nc3ccccc3)S2)cc1,-5.5253,1
NS(=O)(=O)c1ccc(S(=O)(=O)N2CCC[C@@H](C(=O)[O-])C2)cc1,-3.69498,1
NS(=O)(=O)c1ccc(S(=O)(=O)N2CCC[C@H](C(=O)[O-])C2)cc1,-3.66477,1
NS(=O)(=O)c1ccc(S(=O)(=O)N2CCN(C/C=C/c3ccccc3)CC2)cc1,-1.83892,1
NS(=O)(=O)c1ccc(S(=O)(=O)N2CC[NH+](C/C=C/c3ccccc3)CC2)cc1,-3.70691,1
Nc1c(-c2nc(-c3ccc4c(c3)OCO4)no2)nnn1-c1ccc(Br)cc1,-5.71305,1
Nc1c(C(=O)Nc2ccc(C(=O)[O-])cc2)sc2nc3c(cc12)CCCCCC3,0.14057,1
Nc1c(C(=O)Nc2ccc(S(N)(=O)=O)cc2)sc2nc3c(cc12)CCCCC3,-5.82232,1
Nc1nonc1C(=O)NCCNCc1ccccc1OCc1ccccc1,-0.344476,1
Nc1nonc1C(=O)NCC[NH2+]Cc1cc(Cl)ccc1OCc1ccccc1,-2.61821,1
Nc1nonc1C(=O)NCC[NH2+]Cc1ccc(-c2ccc(Br)cc2)o1,-2.02067,1
Nc1nonc1C(=O)NCC[NH2+]Cc1ccc(-c2ccccc2)o1,-1.84543,1
O=C(/[NH+]=C(/NCCc1c[nH]c2ccccc12)Nc1ccc2c(c1)OCCO2)c1ccc2c(c1)OCO2,-6.06981,1
O=C(/[NH+]=C(/NCCc1c[nH]c2ccccc12)Nc1ccccc1F)c1ccc2c(c1)OCO2,-4.43822,1
O=C(/[NH+]=C(\NCCc1c[nH]c2ccccc12)Nc1ccccc1F)c1ccc2c(c1)OCO2,-4.66335,1
O=C(/[NH+]=C(\NCc1ccncc1)Nc1ccc(F)cc1)c1ccc2c(c1)OCO2,-5.73172,1
O=C(/[NH+]=C(\NCc1ccncc1)Nc1ccc(F)cc1)c1ccccc1,-4.25862,1
O=C(C1CCN(c2nc3cccnc3s2)CC1)N1CCCC1,-5.37289,1
O=C(CC1CCN(S(=O)(=O)c2ccc(Cl)cc2)CC1)NCCCN1CCOCC1,-4.41614,1
O=C(CC1CCN(S(=O)(=O)c2ccccc2)CC1)NCCCN1CCOCC1,-3.51216,1
O=C(CCC(=O)N1CCOc2ccccc21)NCCCN1CCOCC1,-2.11953,1
O=C(CCC(=O)N1CCc2cc(S(=O)(=O)NCc3ccc(F)cc3)ccc21)N1CCOCC1,-4.92555,1
O=C(CCC(=O)Nc1cc(Cl)ccc1Cl)N/N=C/c1cccc([N+](=O)[O-])c1,-3.54999,1
O=C(CCC(=O)Nc1ccc(Br)cc1)N/N=C/c1ccc([N+](=O)[O-])cc1,-3.45019,1
O=C(CCC(=O)Nc1ccc(F)cc1)N/N=C/c1ccc([N+](=O)[O-])cc1,-1.1591,1
O=C(CCC(=O)Nc1ccc(I)cc1)N/N=C/c1ccc([N+](=O)[O-])cc1,-2.86235,1
O=C(CCC(=O)Nc1ccccc1Br)N/N=C/c1ccc([N+](=O)[O-])cc1,-3.59653,1
O=C(CCCN1C(=O)c2ccccc2C1=O)Nc1ccc(C(=O)[O-])cc1,-4.9917,1
O=C(CCCN1C(=O)c2cccnc2Oc2ccc(Cl)cc21)NCc1ccc2c(c1)OCO2,-5.98581,1
O=C(CCCN1C(=O)c2cccnc2Oc2ccc(Cl)cc21)NCc1cccnc1,-6.13756,1
O=C(CCCN1C(=O)c2cccnc2Oc2ccccc21)NCc1ccc2c(c1)OCO2,-5.25739,1
O=C(CCCO)N/N=C/c1ccc([N+](=O)[O-])cc1,-3.57738,1
O=C(CCCO)N/N=C\c1ccc([N+](=O)[O-])cc1,-4.0752,1
O=C(CCCO)NCCc1[nH+]c2ccccc2n1Cc1cccc(Cl)c1,-5.49576,1
O=C(CCCO)NCCc1nc2ccccc2n1Cc1ccccc1,-6.07273,1
O=C(CCCOc1ccccc1)NCCc1nc2ccccc2[nH]1,-4.46392,1
O=C(CCCc1nc(-c2ccc(Cl)cc2)no1)Nc1ccc(O)cc1,-4.46496,1
O=C(CCCc1nc(-c2ccc(Cl)cc2)no1)Nc1cccc(C(=O)[O-])c1,-6.26631,1
O=C(CCCc1nc(-c2ccccc2)no1)Nc1ccc(C(=O)[O-])cc1,-3.93225,1
O=C(CCCc1nc(-c2ccccc2)no1)Nc1ccc(O)cc1,-4.14678,1
O=C(CCCc1nc(-c2ccccc2)no1)Nc1cccc(C(=O)[O-])c1,-6.37959,1
O=C(CCCc1nc(-c2ccccc2)no1)Nc1cccc(O)c1,-6.04703,1
O=C(CCCc1nc(-c2ccccc2)no1)Nc1nccs1,-5.91867,1
O=C(CCCc1nc(-c2cccnc2)no1)Nc1ccc(Cl)cc1,-6.16162,1
O=C(CCCc1nc(-c2cccnc2)no1)Nc1cccc(Br)c1,-3.44037,1
O=C(CCCc1nc(-c2cccnc2)no1)Nc1cccc(C(=O)[O-])c1,-4.28134,1
O=C(CCCc1nc(-c2cccnc2)no1)Nc1ccccc1Cl,-5.34751,1
O=C(CCCc1nc(-c2cccnc2)no1)Nc1nccs1,-5.73628,1
O=C(CCCc1nc(-c2ccco2)no1)NCc1ccc[nH+]c1,-0.973098,1
O=C(CCCc1nc(-c2ccco2)no1)NCc1ccccc1,-3.05851,1
O=C(CCCc1nc(-c2ccco2)no1)NCc1cccnc1,-4.98369,1
O=C(CCCc1nc(-c2ccco2)no1)NCc1ccco1,-4.00494,1
O=C(CCCc1nc(-c2ccco2)no1)Nc1ccccc1,-4.7926,1
O=C(CCCc1nc(-c2ccncc2)no1)Nc1ccc(Cl)cc1,-4.69986,1
O=C(CCCc1nc(-c2ccncc2)no1)Nc1cccnc1,-4.92991,1
O=C(CCCc1nc(-c2ccncc2)no1)Nc1nccs1,-6.3785,1
O=C(CCCc1nc2cccnc2n1Cc1ccc(F)cc1)Nc1cccnc1,-6.18946,1
O=C(CCCc1nnc(C(=O)Nc2ccccc2)s1)NCc1ccc2c(c1)OCO2,-5.2225,1
O=C(CCCn1nc(-c2ccccc2)c2cc(Cl)ccc21)NCCCN1CCOCC1,-4.59107,1
O=C(CCN(/N=C/c1ccc([N+](=O)[O-])cc1)C1=NS(=O)(=O)c2ccccc21)NC1CCCCC1,-3.68733,1
O=C(CCN1CCN(CCO)CC1)Nc1ccc2c(c1)OCO2,-5.27145,1
O=C(CCN1CC[NH+](CCO)CC1)Nc1ccc(Br)cc1,-7.46709,1
O=C(CCN1CC[NH+](CCO)CC1)Nc1ccc2c(c1)OCO2,-6.2662,1
O=C(CCNS(=O)(=O)c1ccc2[nH]c(=O)ccc2c1)NCc1ccc(Cl)cc1,-5.75098,1
O=C(CCNS(=O)(=O)c1ccc2[nH]c(=O)ccc2c1)NCc1ccc(F)cc1,-6.22117,1
O=C(CCNS(=O)(=O)c1ccc2c(c1)CCN2C(=O)C1CC1)N1CCOCC1,-3.9802,1
O=C(CCNc1n[nH]c(=O)nc1O)N/N=C/c1ccc(C(F)(F)F)cc1,-3.32532,1
O=C(CCNc1n[nH]c(=O)nc1O)N/N=C/c1ccc(Cl)cc1,-5.89487,1
O=C(CCNc1n[nH]c(=O)nc1O)N/N=C\c1ccc(Br)cc1,-3.79415,1
O=C(CCS(=O)(=O)c1cc2c(cc1Cl)NC(=O)CO2)Nc1cccc(F)c1,-8.14488,1
O=C(CCS(=O)(=O)c1ccc2c(c1)CCN2C(=O)C1CC1)Nc1cccc(Cl)c1,-5.92149,1
O=C(CCS(=O)(=O)c1ccc2c(c1)NC(=O)CO2)Nc1ccc(C(F)(F)F)cc1,-7.06036,1
O=C(CCS(=O)(=O)c1ccc2c(c1)NC(=O)CO2)Nc1ccc(OC(F)(F)F)cc1,-6.29149,1
O=C(CCS(=O)(=O)c1ccc2c(c1)NC(=O)CS2)Nc1ccc(F)c(Cl)c1,-8.05443,1
O=C(CC[C@@H]1C(=O)Nc2c3ccccc3nc(SCc3cccc(Cl)c3)[n+]21)NCc1ccco1,-6.20305,1
O=C(CC[C@@H]1C(=O)Nc2c3ccccc3nc(SCc3ccccc3Cl)[n+]21)NCc1ccco1,-5.5672,1
O=C(CC[N-]c1n[nH]c(=O)[n-]c1=O)N/N=C/c1ccc(C(F)(F)F)cc1,-7.95367,1
O=C(CC[N-]c1n[nH]c(=O)[n-]c1=O)N/N=C/c1ccc(Cl)cc1,-7.45843,1
O=C(CC[N-]c1n[nH]c(=O)[n-]c1=O)N/N=C\c1ccc(Br)cc1,-9.7338,1
O=C(CC[NH+]1CCN(CCO)CC1)Nc1ccc(Br)cc1,-5.16205,1
O=C(CC[NH+]1CCN(CCO)CC1)Nc1ccc2c(c1)OCO2,-6.02777,1
O=C(CCc1ccc(-c2ccccc2)o1)Nc1ccc(C(=O)[O-])cc1,-3.8908,1
O=C(CCc1cn(Cc2ccc(F)cc2)c2ccccc12)NCC[NH+]1CCOCC1,-3.15924,1
O=C(CCc1n[nH]c(=O)[n-]c1=O)N/N=C/c1ccc(Br)cc1,-9.49049,1
O=C(CCc1n[nH]c(=O)[n-]c1=O)N/N=C/c1ccc(C(F)(F)F)cc1,-8.58026,1
O=C(CCc1n[nH]c(=O)[n-]c1=O)N/N=C/c1ccc(F)cc1,-9.12449,1
O=C(CCc1n[nH]c(=O)[n-]c1=O)N/N=C/c1ccccc1,-9.28073,1
O=C(CCc1n[nH]c(=O)[n-]c1=O)N/N=C/c1ccncc1,-9.67488,1
O=C(CCc1n[nH]c(=O)[nH]c1=O)N/N=C/c1ccc(Br)cc1,-5.90125,1
O=C(CCc1n[nH]c(=O)[nH]c1=O)N/N=C/c1ccc(C(F)(F)F)cc1,-5.84024,1
O=C(CCc1n[nH]c(=O)[nH]c1=O)N/N=C/c1ccccc1,-6.35262,1
O=C(CCc1n[nH]c(=O)[nH]c1=O)N/N=C/c1ccncc1,-6.48915,1
O=C(CCc1nc(-c2ccc(Cl)cc2)no1)Nc1cccnc1,-6.75452,1
O=C(CCc1nc(-c2ccc(Cl)cc2)no1)Nc1nncs1,-5.11203,1
O=C(CCc1nc(-c2ccc(Cl)cc2)no1)[N-]c1nncs1,-1.64983,1
O=C(CCc1nc(-c2ccccc2)no1)Nc1cccnc1,-6.20183,1
O=C(CCc1nc(-c2ccco2)no1)Nc1ccccc1,-6.51623,1
O=C(CCc1nc(-c2ccco2)no1)Nc1cccnc1,-6.14012,1
O=C(CCc1nc(-c2ccco2)no1)Nc1ccncc1,-5.80435,1
O=C(CCc1nc(-c2cccs2)no1)Nc1ccc([N+](=O)[O-])cc1,-3.456,1
O=C(CCc1nc(-c2ccncc2)no1)Nc1ccc(Cl)cc1,-5.56423,1
O=C(CCc1nc(CSc2n[nH]c(-c3ccc(F)cc3)n2)no1)Nc1nccs1,-4.87433,1
O=C(CCc1nc(CSc2n[nH]c(-c3cccc(F)c3)n2)no1)Nc1nccs1,-5.64517,1
O=C(CCc1nc(CSc2nc(-c3ccc(F)cc3)n[nH]2)no1)Nc1nccs1,-2.44503,1
O=C(CCc1nc(CSc2nc3ccccc3[nH]2)no1)Nc1ccccc1F,-5.02113,1
O=C(CCc1nc(CSc2nc3ccccc3s2)no1)Nc1nccs1,-5.85891,1
O=C(CCc1nc(CSc2nc3ccccc3s2)no1)Nc1nncs1,-4.21477,1
O=C(CCc1nc(CSc2nc3ccccc3s2)no1)[N-]c1nncs1,-3.21402,1
O=C(CCc1nc(CSc2nnc(-c3ccccc3)o2)no1)Nc1nccs1,-4.6595,1
O=C(CCc1nc(CSc2nnc(-c3ccco3)o2)no1)Nc1ccc(F)cc1F,-5.17348,1
O=C(CCc1nc(CSc2nnc(-c3ccco3)o2)no1)Nc1ccccc1,-6.89505,1
O=C(CCc1nc(CSc2nnc(-c3ccco3)o2)no1)Nc1ccccc1F,-4.78187,1
O=C(CCc1nnc(C(=O)Nc2cccc(Cl)c2)s1)NCCN1CCOCC1,-4.71841,1
O=C(CCc1nnc2ccc(N3CCC4(CC3)OCCO4)nn12)Nc1ccc(F)cc1,-6.36685,1
O=C(CCc1nnc2ccc(N3CCC4(CC3)OCCO4)nn12)Nc1ccc(F)cc1F,-5.31087,1
O=C(CCc1nnc2ccc(N3CCC4(CC3)OCCO4)nn12)Nc1ccccc1F,-5.47627,1
O=C(CCc1nnc2ccc(N3CCOCC3)nn12)NCCC1=CCCCC1,-3.69487,1
O=C(CCc1nnc2ccc(N3CCOCC3)nn12)NCc1ccc(F)cc1,-6.80477,1
O=C(CCc1nnc2ccc(N3CCOCC3)nn12)NCc1ccco1,-6.57089,1
O=C(CCc1nnc2ccc(NCc3ccc(F)cc3)nn12)Nc1ccc2c(c1)OCCO2,-5.49976,1
O=C(CCc1nnc2ccc(NCc3ccc4c(c3)OCO4)nn12)N1CCN(Cc2ccccc2)CC1,-4.31227,1
O=C(CCc1nnc2ccc(NCc3cccnc3)nn12)N1CCCC1,-7.55937,1
O=C(CCc1nnc2ccc(NCc3cccnc3)nn12)N1CCN(c2ccc(F)cc2)CC1,-6.41151,1
O=C(CCc1nnc2ccc(NCc3cccnc3)nn12)N1CCN(c2ccccc2F)CC1,-6.38029,1
O=C(CCc1nnc2ccc(NCc3ccco3)nn12)NCC[NH+]1CCCC1,-4.93454,1
O=C(CCc1nnc2ccc(NCc3ccco3)nn12)NCc1ccco1,-2.55277,1
O=C(CCc1nnc2ccc(NCc3ccco3)nn12)Nc1cccc(F)c1,-5.92928,1
O=C(CCn1c(=O)sc2ccccc21)Nc1ccc(C(=O)[O-])cc1,-5.8184,1
O=C(CCn1c(=O)sc2ccccc21)Nc1cccc(C(=O)[O-])c1,-5.25413,1
O=C(CCn1c(=S)oc2ccccc21)Nc1ccc(OC(F)(F)F)cc1,-4.12038,1
O=C(CN(Cc1ccccc1)S(=O)(=O)c1ccc(Cl)cc1)Nc1ccc2c(c1)OCO2,-5.49418,1
O=C(CN(Cc1ccccc1)S(=O)(=O)c1ccccc1)Nc1ccc2c(c1)OCO2,-4.02214,1
O=C(CN1CCN(Cc2ccccc2)CC1)N/N=C\c1ccc(C(=O)[O-])cc1,-2.31455,1
O=C(CN1CC[NH+](Cc2ccccc2)CC1)N/N=C\c1ccc(C(=O)[O-])cc1,-5.24593,1
O=C(CN1c2ccc(Br)cc2-c2ccccc2S1(=O)=O)NCc1cccnc1,-5.56982,1
O=C(CNC(=O)C(c1ccccc1)c1ccccc1)N/N=C/c1ccc(C(=O)[O-])cc1,-4.47861,1
O=C(CNC(=O)c1ccc(Cl)cc1)N/N=C/c1ccc2c(c1)OCO2,-5.10333,1
O=C(CNC(=O)c1ccc(Cl)cc1)N/N=C/c1cccc(O)c1,-5.93497,1
O=C(CNC(=O)c1cccc(F)c1)N/N=C/c1ccc([N+](=O)[O-])cc1,-4.60734,1
O=C(CNC(=O)c1cccc(F)c1)N/N=C/c1cccc([N+](=O)[O-])c1,-4.73838,1
O=C(CNC(=O)c1ccco1)N/N=C/c1ccc(C(=O)[O-])cc1,-5.40798,1
O=C(CNC(=O)c1ccco1)N/N=C/c1ccc(F)cc1,-5.9467,1
O=C(CNC(=O)c1ccco1)N/N=C/c1ccc(OC(=O)c2ccco2)cc1,-5.22779,1
O=C(CNC(=O)c1cccs1)NCC(=O)OCc1ccc(F)cc1,-5.12253,1
O=C(CNc1ccc(F)cc1)N/N=C/c1ccc([N+](=O)[O-])cc1,-4.52046,1
O=C(CNc1ccc(I)cc1)N/N=C/c1ccc([N+](=O)[O-])cc1,-3.78592,1
O=C(CNc1cccc(Br)c1)N/N=C/c1cccc([N+](=O)[O-])c1,-5.62198,1
O=C(CNc1cccc2ccccc12)N/N=C/c1ccc([N+](=O)[O-])cc1,-4.66187,1
O=C(CNc1ccccc1)N/N=C/c1ccc([N+](=O)[O-])cc1,-4.51439,1
O=C(CO)Nc1n[nH]c2cc(-c3ccc(Cl)cc3)ccc12,-8.769,1
O=C(CO)Nc1n[nH]c2cc(-c3cccc(C(F)(F)F)c3)ccc12,-9.149,1
O=C(CO)Nc1n[nH]c2cc(-c3cccc(Cl)c3)ccc12,-9.218,1
O=C(CO)Nc1n[nH]c2cc(-c3ccccc3)ccc12,-9.258,1
O=C(CO)Nc1n[nH]c2cc(-c3ccccc3Cl)ccc12,-8.743,1
O=C(CO)Nc1n[nH]c2cc(-c3ccccc3F)ccc12,-9.315,1
O=C(CO)Nc1n[nH]c2cc(-c3ccncc3)ccc12,-9.112,1
O=C(CO)Nc1n[nH]c2cc(-c3ccsc3)ccc12,-9.213,1
O=C(CO)Nc1n[nH]c2ccccc12,-8.849,1
O=C(COC(=O)c1ccc(Br)c([N+](=O)[O-])c1)c1ccc([N+](=O)[O-])cc1,-4.6387,1
O=C(COC(=O)c1ccc(Cl)cc1)c1ccc([N+](=O)[O-])cc1,-5.20286,1
O=C(COC(=O)c1ccc([N+](=O)[O-])cc1)c1ccc([N+](=O)[O-])cc1,-4.91581,1
O=C(COC(=O)c1ccc2c(c1)C(=O)N(c1ccc(Cl)cc1)C2=O)c1ccc([N+](=O)[O-])cc1,-4.56755,1
O=C(COCc1cc(-c2ccc3c(c2)OCO3)on1)N1CCC2(CC1)OCCO2,-5.6921,1
O=C(COCc1cc(-c2ccc3c(c2)OCO3)on1)N1CCCCC1,-5.89616,1
O=C(COCc1cc(-c2ccc3c(c2)OCO3)on1)N1CCOCC1,-6.17345,1
O=C(COCc1cc(-c2ccc3c(c2)OCO3)on1)NCCc1ccccc1,-7.08093,1
O=C(COCc1cc(-c2ccc3c(c2)OCO3)on1)NCc1ccc[nH+]c1,-3.10907,1
O=C(COCc1cc(-c2ccc3c(c2)OCO3)on1)NCc1cccnc1,-3.616,1
O=C(COCc1cc(-c2ccc3c(c2)OCO3)on1)Nc1cc(Cl)cc(Cl)c1,-6.31159,1
O=C(COCc1cc(-c2ccc3c(c2)OCO3)on1)Nc1ccc(F)cc1,-6.41861,1
O=C(COCc1cc(-c2ccco2)on1)Nc1cc(Cl)cc(Cl)c1,-6.39458,1
O=C(COCc1cc(-c2cccs2)on1)NCc1cccnc1,-5.27745,1
O=C(COCc1nnc(C(=O)Nc2ccc(F)cc2)s1)NCc1cccnc1,-4.76176,1
O=C(COCc1nnc(C(=O)Nc2cccc(Cl)c2)s1)NCCCN1CCOCC1,-7.84424,1
O=C(COCc1nnc(C(=O)Nc2cccc(Cl)c2)s1)NCc1cccnc1,-6.06551,1
O=C(COCc1nnc(C(=O)Nc2cccc(F)c2)s1)NCCCN1CCOCC1,-8.40593,1
O=C(COCc1nnc(C(=O)Nc2ccccc2)s1)NCc1cccnc1,-5.63209,1
O=C(COCc1nnc(C(=O)Nc2ccccc2)s1)NCc1ccco1,-6.08624,1
O=C(COc1ccc(Br)cc1)N/N=C/c1ccc([N+](=O)[O-])cc1,-1.76409,1
O=C(COc1ccc(Br)cc1)Oc1ccc(-n2cnnn2)cc1,-3.61088,1
O=C(COc1ccc(Cl)cc1)N/N=C/c1ccc(-c2ccc([N+](=O)[O-])cc2)o1,-4.66298,1
O=C(COc1ccc(Cl)cc1)N/N=C/c1ccc(OC(=O)c2ccc([N+](=O)[O-])cc2)cc1,-1.9464,1
O=C(COc1ccc(Cl)cc1)N/N=C/c1ccc(OC(=O)c2ccccc2)cc1,-3.29525,1
O=C(COc1ccc(Cl)cc1)N1CCN(CCc2ccccn2)CC1,-6.38623,1
O=C(COc1ccc(Cl)cc1)N1CC[NH+](CCc2ccccn2)CC1,-4.88663,1
O=C(COc1ccc(Cl)cc1)NCc1ccc2c(c1)OCO2,-5.1288,1
O=C(COc1ccc(Cl)cc1)Nc1ccc(Br)cn1,-6.13902,1
O=C(COc1ccc(Cl)cc1)Nc1ccc2c(c1)NC(=O)CO2,-6.89971,1
O=C(COc1ccc(Cl)cc1)Oc1ccc(-n2cnnn2)cc1,-3.70196,1
O=C(COc1ccc(Cl)cc1)Oc1cccc(-n2cnnn2)c1,-3.29998,1
O=C(COc1ccc(Cl)cc1Cl)N/N=C/c1ccc(OC(=O)c2ccc([N+](=O)[O-])cc2)cc1,-1.59941,1
O=C(COc1ccc(Cl)cc1Cl)N/N=C/c1cccc(OC(=O)c2ccc([N+](=O)[O-])cc2)c1,-1.40682,1
O=C(COc1ccc(F)cc1)N(Cc1ccc(Br)o1)[C@@H]1CCS(=O)(=O)C1,-3.87936,1
O=C(COc1ccc(F)cc1)Oc1ccc(-n2cnnn2)cc1,-3.81169,1
O=C(COc1ccc([N+](=O)[O-])cc1)N/N=C/c1ccc(Cl)cc1,-4.58151,1
O=C(COc1ccc([N+](=O)[O-])cc1)N1CCN(CCc2ccccn2)CC1,2.28525,1
O=C(COc1ccc([N+](=O)[O-])cc1)N1CC[NH+](CCc2ccccn2)CC1,-5.78584,1
O=C(COc1ccc([N+](=O)[O-])cc1)NCCc1[nH]c2ccccc2[nH+]1,-4.33405,1
O=C(COc1ccc([N+](=O)[O-])cc1)NCCc1nc2ccccc2[nH]1,-5.42769,1
O=C(COc1ccc([N+](=O)[O-])cc1)NC[C@H](c1cccs1)[NH+]1CCCC1,-4.81154,1
O=C(COc1ccc([N+](=O)[O-])cc1)Nc1ccc(Cl)cn1,-4.08724,1
O=C(COc1ccc([N+](=O)[O-])cc1)Nc1ccc2c(c1)NC(=O)CO2,-7.6849,1
O=C(COc1cccc([N+](=O)[O-])c1)N/N=C/c1ccc(C(=O)[O-])cc1,-5.73055,1
O=C(COc1cccc([N+](=O)[O-])c1)N/N=C/c1ccncc1,-4.03215,1
O=C(COc1ccccc1)N1CCN(S(=O)(=O)c2ccc([N+](=O)[O-])cc2)CC1,-3.51554,1
O=C(COc1ccccc1)N1CC[NH+](CCc2ccccn2)CC1,-4.38905,1
O=C(COc1ccccc1)N1N=C(c2ccc([N+](=O)[O-])cc2)C[C@]1(O)C(F)(F)F,-4.83415,1
O=C(COc1ccccc1)NCCOc1ccc(-c2ccc(F)cc2)nn1,-4.69994,1
O=C(COc1ccccc1)Nc1cc(-c2ccc(F)c(F)c2)no1,-5.1312,1
O=C(COc1ccccc1)Nc1ccc2c(c1)N(C(=O)c1ccco1)CCC2,-4.37001,1
O=C(COc1ccccc1)Nc1ccc2c(c1)NC(=O)CO2,-7.20605,1
O=C(COc1ccccc1)Nc1nc(-c2ccc(Br)cc2)ns1,-4.13571,1
O=C(COc1ccccc1)Nc1nnc([C@H]2CC(=O)N(c3ccc(Cl)cc3)C2)s1,-4.31739,1
O=C(COc1ccccc1)Oc1ccc(-n2cnnn2)cc1,-3.49377,1
O=C(COc1ccccc1)Oc1cccc(-n2cnnn2)c1,-2.93179,1
O=C(COc1ccccc1-c1nc(-c2ccccc2)no1)N1CCOCC1,-4.95308,1
O=C(COc1ccccc1-c1nc(-c2ccccc2)no1)Nc1cccc([N+](=O)[O-])c1,-7.10359,1
O=C(COc1ccccc1Cl)Nc1cccc(N2CCn3c(nc4ccccc43)C2)c1,-5.3577,1
O=C(CSC1=NCCS1)Nc1ccc(OC(F)(F)F)cc1,-2.533,1
O=C(CSCc1nc(-c2ccc(Cl)cc2)no1)NCc1ccco1,-6.02217,1
O=C(CSCc1nc(-c2ccccc2)no1)NCc1ccco1,-4.93448,1
O=C(CSCc1nnc(C(=O)Nc2cccc(F)c2)s1)NCCCN1CCOCC1,-2.83971,1
O=C(CSCc1nnc(C(=O)Nc2cccc(F)c2)s1)NCc1ccc2c(c1)OCO2,-4.40134,1
O=C(CSCc1nnc(C(=O)Nc2ccccc2)s1)NCc1cccnc1,-5.18882,1
O=C(CS[C@@H]1CC(=O)N(c2ccc(C(=O)[O-])cc2)C1=O)Nc1cccc(F)c1,-4.73476,1
O=C(CS[C@H]1CC(=O)N(c2ccc(C(=O)[O-])cc2)C1=O)Nc1cccc(F)c1,-5.05224,1
O=C(CSc1[nH+]c2ccccc2n1Cc1ccc(Cl)cc1)N/N=C/c1ccc(C(=O)[O-])cc1,-1.41657,1
O=C(CSc1[nH+]cc(CO)n1Cc1ccccc1)NCc1ccco1,-3.78022,1
O=C(CSc1[nH+]ccn1Cc1ccc(F)cc1)Nc1ccc2c(c1)OCO2,-4.31486,1
O=C(CSc1[nH+]ccn1Cc1ccc(F)cc1)Nc1nccs1,-4.94852,1
O=C(CSc1[nH+]ccn1Cc1ccc2c(c1)OCO2)NCc1ccco1,-3.05675,1
O=C(CSc1[nH+]ccn1Cc1ccc2c(c1)OCO2)Nc1ccc2c(c1)OCO2,-2.49998,1
O=C(CSc1[nH+]ccn1Cc1ccccc1Cl)Nc1cccc([N+](=O)[O-])c1,-1.06003,1
O=C(CSc1[nH]c2ccccc2[nH+]1)N/N=C/c1ccncc1,-3.28843,1
O=C(CSc1cn(CC(=O)N2CCOCC2)c2ccccc12)N1CCCC1,-5.11776,1
O=C(CSc1n[n+]2c(s1)NC(=O)CCC2)Nc1ccc(Br)cc1,-5.70993,1
O=C(CSc1n[n+]2c(s1)NC(=O)CCC2)Nc1ccc(Cl)cc1,-3.946,1
O=C(CSc1n[n+]2c(s1)NC(=O)CCC2)Nc1ccc([N+](=O)[O-])cc1,-3.98277,1
O=C(CSc1nc(-c2ccncc2)n[nH]1)Nc1ccccc1Cl,-5.08268,1
O=C(CSc1nc(=O)c(S(=O)(=O)c2ccc(Cl)cc2)c[nH]1)Nc1ccc2c(c1)OCCO2,-2.84141,1
O=C(CSc1nc(=O)c2c([nH]1)CCCC2)Nc1cccc(O)c1,-5.09498,1
O=C(CSc1nc(=O)c2c([nH]1)CC[N@@H+](Cc1ccc3c(c1)OCO3)C2)Nc1ccc(F)c(F)c1,-2.96682,1
O=C(CSc1nc(=O)c2c([nH]1)CC[N@H+](Cc1ccc3c(c1)OCO3)C2)Nc1ccc(F)c(F)c1,-2.99978,1
O=C(CSc1nc(=O)c2c([nH]1)CC[N@H+](Cc1ccc3c(c1)OCO3)C2)Nc1ccccc1Cl,-5.27715,1
O=C(CSc1nc(=O)c2c([nH]1)CC[N@H+](Cc1ccc3c(c1)OCO3)C2)Nc1ccccc1F,-5.37758,1
O=C(CSc1nc(O)c2c(n1)CCCC2)Nc1cccc(O)c1,-3.53242,1
O=C(CSc1nc2c(c(=O)[n-]1)CCCC2)Nc1cccc(O)c1,-4.80741,1
O=C(CSc1nc2c(c(=O)[n-]1)CN(Cc1ccc3c(c1)OCO3)CC2)Nc1ccc(F)c(F)c1,-3.46389,1
O=C(CSc1nc2c(c(=O)[n-]1)CN(Cc1ccc3c(c1)OCO3)CC2)Nc1ccccc1F,-3.81895,1
O=C(CSc1nc2c(c(=O)[n-]1)C[N@H+](Cc1ccc3c(c1)OCO3)CC2)Nc1ccccc1F,-5.75088,1
O=C(CSc1nc2c(c(=O)[nH]1)CCCC2)Nc1cccc(O)c1,-5.358,1
O=C(CSc1nc2c(c(=O)[nH]1)C[N@@H+](Cc1ccc3c(c1)OCO3)CC2)Nc1ccccc1Cl,-4.61043,1
O=C(CSc1nc2c(c(=O)[nH]1)C[N@@H+](Cc1ccc3c(c1)OCO3)CC2)Nc1ccccc1F,-4.73055,1
O=C(CSc1nc2c(c(=O)n1-c1ccc(Br)cc1)SCC2)N1CCOCC1,-4.48129,1
O=C(CSc1nc2c(cnn2-c2ccc(Cl)cc2)c(=O)[n-]1)NCc1ccco1,-4.04187,1
O=C(CSc1nc2c(cnn2-c2ccc(Cl)cc2)c(=O)[n-]1)Nc1ccc2c(c1)OCO2,-4.75949,1
O=C(CSc1nc2c(cnn2-c2ccccc2)c(=O)[n-]1)NCc1ccco1,-4.05902,1
O=C(CSc1nc2c(cnn2-c2ccccc2)c(=O)[nH]1)Nc1ccc(OC(F)(F)F)cc1,-1.99176,1
O=C(CSc1nc2c(cnn2CCO)c(=O)[n-]1)Nc1ccc(Cl)c(Cl)c1,-4.38984,1
O=C(CSc1nc2c(cnn2CCO)c(=O)[n-]1)Nc1ccc(F)cc1,-5.22418,1
O=C(CSc1nc2c(cnn2CCO)c(=O)[n-]1)Nc1cccc(C(F)(F)F)c1,-5.79491,1
O=C(CSc1nc2c(cnn2CCO)c(=O)[n-]1)Nc1ccccc1,-5.43798,1
O=C(CSc1nc2c(cnn2CCO)c(=O)[nH]1)Nc1ccc(Cl)c(Cl)c1,-6.18535,1
O=C(CSc1nc2c(cnn2CCO)c(=O)[nH]1)Nc1cccc(C(F)(F)F)c1,-3.88051,1
O=C(CSc1nc2c(cnn2CCO)c(=O)[nH]1)Nc1cccc(Cl)c1,-6.67252,1
O=C(CSc1nc2c(cnn2CCO)c(=O)[nH]1)Nc1cccc(F)c1,-5.17239,1
O=C(CSc1nc2c(cnn2CCO)c(=O)[nH]1)Nc1ccccc1,-4.92253,1
O=C(CSc1nc2ccccc2[nH]1)N/N=C/c1ccncc1,-5.27659,1
O=C(CSc1nc2ccccc2n1Cc1ccc(Cl)cc1)N/N=C/c1ccc(C(=O)[O-])cc1,-5.12958,1
O=C(CSc1nc2ccccc2n1Cc1ccccc1)N/N=C/c1cccc(O)c1,-6.11687,1
O=C(CSc1nc2cccnc2[nH]1)Nc1ccc(Br)cc1,-4.86304,1
O=C(CSc1nc2cccnc2[nH]1)Nc1ccc(F)cc1,-4.81705,1
O=C(CSc1nc2ncccc2[nH]1)Nc1ccc(Br)cc1,-5.26186,1
O=C(CSc1nc2ncccc2[nH]1)Nc1ccc(F)cc1,-5.91213,1
O=C(CSc1nc2ncccc2o1)Nc1ccc(Cl)cc1,-7.04066,1
O=C(CSc1nc2ncccc2o1)Nc1ccc(F)cc1,-5.57055,1
O=C(CSc1ncc(-c2ccc(Br)cc2)o1)Nc1ccc2c(c1)OCCO2,-5.06486,1
O=C(CSc1ncc(-c2ccc(Cl)cc2)o1)Nc1ccc2c(c1)OCO2,-5.58466,1
O=C(CSc1ncc(-c2ccc(F)cc2)o1)Nc1ccc2c(c1)OCO2,-5.61613,1
O=C(CSc1ncc(-c2cccc(Cl)c2)o1)Nc1ccc2c(c1)OCO2,-6.32782,1
O=C(CSc1ncc(-c2ccccc2)o1)Nc1ccc2c(c1)OCCO2,-5.33636,1
O=C(CSc1ncc(CO)n1Cc1ccc(F)cc1)NCc1ccco1,-5.67535,1
O=C(CSc1ncc(CO)n1Cc1ccccc1)NCc1ccco1,-4.85806,1
O=C(CSc1ncc(S(=O)(=O)c2ccc(Cl)cc2)c(=O)[nH]1)Nc1ccc2c(c1)OCCO2,-2.6627,1
O=C(CSc1ncc(S(=O)(=O)c2ccccc2)c(=O)[nH]1)Nc1ccc2c(c1)OCCO2,-2.49954,1
O=C(CSc1ncccn1)N/N=C/c1ccc(Br)cc1,-5.20482,1
O=C(CSc1ncccn1)N/N=C/c1ccc(C(=O)[O-])cc1,-5.53221,1
O=C(CSc1ncccn1)N/N=C/c1ccc(Cl)cc1,-5.33683,1
O=C(CSc1ncccn1)N/N=C/c1ccc(F)cc1,-5.32997,1
O=C(CSc1ncccn1)N/N=C/c1ccccc1,-5.40961,1
O=C(CSc1ncccn1)N/N=C/c1ccncc1,-6.1826,1
O=C(CSc1nccn1-c1ccc([N+](=O)[O-])cc1)NCCc1ccccc1,-4.56531,1
O=C(CSc1nccn1-c1ccc([N+](=O)[O-])cc1)NCc1ccccc1,-2.98466,1
O=C(CSc1nccn1-c1ccc([N+](=O)[O-])cc1)Nc1cccc(Cl)c1,-5.80088,1
O=C(CSc1nccn1-c1ccc([N+](=O)[O-])cc1)Nc1ccccc1,-6.05469,1
O=C(CSc1nccn1Cc1ccc(F)cc1)Nc1nccs1,-5.5983,1
O=C(CSc1nccn1Cc1ccc2c(c1)OCO2)NCc1ccc(F)cc1,-6.04148,1
O=C(CSc1nccn1Cc1ccco1)NCc1ccc2c(c1)OCO2,-4.71473,1
O=C(CSc1nnc(-c2cc[nH+]cc2)n1-n1cccc1)Nc1ccc2c(c1)OCO2,-2.3751,1
O=C(CSc1nnc(-c2ccc(Cl)cc2)n1-c1ccccc1)N/N=C/c1ccc(C(=O)[O-])cc1,-4.67126,1
O=C(CSc1nnc(-c2ccc([N+](=O)[O-])cc2)o1)N1CCOCC1,-4.23487,1
O=C(CSc1nnc(-c2ccc([N+](=O)[O-])cc2)o1)N1CCc2ccccc21,-3.83508,1
O=C(CSc1nnc(-c2ccc3c(c2)OCO3)o1)Nc1cccc(C(F)(F)F)c1,-5.18743,1
O=C(CSc1nnc(-c2ccc3c(c2)OCO3)o1)Oc1ccccc1,-4.19209,1
O=C(CSc1nnc(-c2cccc([N+](=O)[O-])c2)n1-c1ccccc1)Nc1cccnc1,-6.96127,1
O=C(CSc1nnc(-c2ccccc2)n1-c1ccccc1)N1CCN(CCO)CC1,-6.80168,1
O=C(CSc1nnc(-c2ccccc2)n1-c1ccccc1)N1CC[NH+](CCO)CC1,-5.21986,1
O=C(CSc1nnc(-c2cccnc2)s1)Nc1ccc(Cl)cc1,-6.82371,1
O=C(CSc1nnc(-c2ccco2)n1-c1ccccc1)Nc1nccs1,-5.27461,1
O=C(CSc1nnc(-c2ccncc2)o1)N1CCCc2ccccc21,-1.36695,1
O=C(CSc1nnc(-c2ccncc2)o1)Nc1cccc(F)c1,-5.59279,1
O=C(CSc1nnc(-c2ccncc2)o1)OCc1ccccc1,-6.13658,1
O=C(CSc1nnc(CNC(=O)c2ccccc2F)n1-c1ccccc1)Nc1nccs1,-5.4129,1
O=C(CSc1nnc(CNC(=O)c2ccco2)n1-c1ccc(F)cc1)Nc1nccs1,-6.71772,1
O=C(CSc1nnc(CNC(=O)c2ccco2)n1-c1ccccc1)Nc1nccs1,-5.80063,1
O=C(CSc1nnc(CNC(=O)c2ccco2)o1)Nc1ccc(Cl)cc1,-5.44449,1
O=C(CSc1nnc(CNC(=O)c2ccco2)o1)Nc1ccc(F)cc1,-7.39615,1
O=C(CSc1nnc(NC(=O)Nc2ccccc2)s1)NCc1ccc2c(c1)OCO2,-3.45889,1
O=C(CSc1nnc2ccc(-c3ccc(Cl)cc3)nn12)NCc1ccc2c(c1)OCO2,-6.91976,1
O=C(CSc1nnc2ccc(-c3cccnc3)nn12)Nc1nccs1,-6.26365,1
O=C(CSc1nnnn1-c1ccc(C(=O)[O-])cc1)Nc1ccc(F)cc1,-6.24633,1
O=C(CSc1nnnn1-c1ccc(C(=O)[O-])cc1)Nc1ccccc1,-5.59324,1
O=C(CSc1nnnn1-c1ccc(OC(F)(F)F)cc1)Nc1ccc(OC(F)(F)Cl)cc1,-2.2835,1
O=C(CSc1nnnn1-c1ccccc1)Nc1ccc(C(=O)[O-])cc1,-5.20236,1
O=C(CSc1oc(-c2ccccc2)nc1S(=O)(=O)c1ccc(F)cc1)NC[C@@H]1CCCO1,-6.08789,1
O=C(CSc1oc(-c2ccco2)nc1S(=O)(=O)c1ccc(F)cc1)NC[C@H]1CCCO1,-4.44043,1
O=C(C[C@@H]1Nc2ccccc2NC1=O)Nc1ccc(OC(F)F)cc1,-3.46593,1
O=C(C[C@@H]1Sc2ccccc2NC1=O)Nc1ccc(O)cc1,-6.42168,1
O=C(C[C@@H]1Sc2ccccc2NC1=O)Nc1ccc([N+](=O)[O-])cc1,-4.98932,1
O=C(C[C@H]1Nc2ccccc2NC1=O)Nc1ccc(OC(F)F)cc1,-4.74312,1
O=C(C[C@H]1Sc2ccccc2NC1=O)Nc1ccc(O)cc1,-5.76529,1
O=C(C[NH+]1CCN(Cc2ccccc2)CC1)N/N=C\c1ccc(C(=O)[O-])cc1,-4.96475,1
O=C(C[NH+]1CCN(Cc2ccccc2Cl)CC1)N/N=C\c1cccc(O)c1,-4.34549,1
O=C(C[NH+]1CCN(S(=O)(=O)c2cccc([N+](=O)[O-])c2)CC1)Nc1ccc(Oc2ccccc2)cc1,-2.06065,1
O=C(C[NH+]1CCN(c2ccc(C(=O)[O-])cc2NC(=O)c2ccc(F)cc2)CC1)Nc1ccc(F)cc1,-3.38274,1
O=C(Cc1ccc(Br)cc1)N1CCN(c2ccc(-c3noc(C4CC4)n3)cc2)CC1,-3.96677,1
O=C(Cc1ccc(F)cc1)Nc1c2c(nn1-c1ccc([N+](=O)[O-])cc1)CS(=O)(=O)C2,-4.40404,1
O=C(Cc1ccc(NC(=O)N2CCCCc3ccccc32)cc1)NCc1ccco1,-6.01955,1
O=C(Cc1ccc([N+](=O)[O-])cc1)N/N=C/c1ccc(F)cc1,-4.60667,1
O=C(Cc1ccc([N+](=O)[O-])cc1)N/N=C/c1ccc([N+](=O)[O-])cc1,-4.35315,1
O=C(Cc1ccc([N+](=O)[O-])cc1)N1CCC(c2nc(-c3ccc(F)cc3)no2)CC1,-3.92591,1
O=C(Cc1cccc2ccccc12)N/N=C/c1ccc(C(=O)[O-])cc1,-4.78905,1
O=C(Cc1cccs1)N1CCN(c2ncnc3c2nnn3-c2ccccc2)CC1,-4.87565,1
O=C(Cc1csc(NC(=O)C2CC2)n1)NCc1ccc(Cl)cc1,-8.1189,1
O=C(Cc1csc(NC(=O)C2CC2)n1)Nc1ccc(Cl)c(Cl)c1,-8.0074,1
O=C(Cc1csc(NC(=O)C2CC2)n1)Nc1ccc(Cl)cc1,-7.33491,1
O=C(Cc1csc(NC(=O)C2CC2)n1)Nc1ccc(F)cc1,-8.07275,1
O=C(Cc1csc(NC(=O)Nc2ccccc2)n1)NCc1cccnc1,-5.1859,1
O=C(Cc1csc(NC(=O)c2ccco2)n1)Nc1ccc(Br)cc1,-7.09305,1
O=C(Cc1csc(NC(=O)c2ccco2)n1)Nc1ccc(F)cc1,-5.65344,1
O=C(Cc1csc(NC(=O)c2ccco2)n1)Nc1ccc(OC(F)(F)F)cc1,-6.18249,1
O=C(Cc1csc(NC(=O)c2ccco2)n1)Nc1ccc2c(c1)OCCO2,-5.9096,1
O=C(Cc1csc(NC(=O)c2ccco2)n1)Nc1ccccc1,-5.89704,1
O=C(Cc1csc2nc(-c3ccc(F)cc3)cn12)NCc1ccc2c(c1)OCO2,-7.32977,1
O=C(Cc1n[n-]c(=O)[nH]c1=O)N/N=C/c1ccc(F)cc1,-4.10368,1
O=C(Cc1n[n-]c(=O)[nH]c1=O)N/N=C/c1ccccc1,-5.89049,1
O=C(Cc1n[n-]c(=O)[nH]c1=O)N/N=C/c1ccncc1,-2.90758,1
O=C(Cc1n[n-]c(=O)[nH]c1=O)N/N=C\c1ccc(Br)cc1,-4.28059,1
O=C(Cc1n[nH]c(=O)[n-]c1=O)N/N=C/c1ccc(F)cc1,-9.95287,1
O=C(Cc1n[nH]c(=O)[n-]c1=O)N/N=C/c1ccccc1,-9.43912,1
O=C(Cc1n[nH]c(=O)[n-]c1=O)N/N=C/c1ccncc1,-9.02476,1
O=C(Cc1n[nH]c(=O)[n-]c1=O)N/N=C\c1ccc(Br)cc1,-9.46717,1
O=C(Cc1n[nH]c(=O)[nH]c1=O)N/N=C/c1ccc(F)cc1,-7.07134,1
O=C(Cc1n[nH]c(=O)[nH]c1=O)N/N=C/c1ccncc1,-4.5818,1
O=C(Cc1n[nH]c(=O)[nH]c1=O)N/N=C\c1ccc(Br)cc1,-6.60907,1
O=C(Cc1nnc(NC(=O)Nc2ccccc2)s1)N/N=C/c1cccc(O)c1,-5.6536,1
O=C(Cc1nnc(NC(=O)c2ccccc2)s1)N/N=C/c1cccc([N+](=O)[O-])c1,-4.79054,1
O=C(Cc1nnc([N-]C(=O)Nc2ccccc2)s1)N/N=C/c1cccc(O)c1,-1.25614,1
O=C(Cn1c(CO)c[nH+]c1SCC(=O)Nc1ccc2c(c1)OCO2)NCc1ccc(F)cc1,-4.6328,1
O=C(Cn1c(CO)cnc1SCC(=O)Nc1ccc2c(c1)OCCO2)NCc1ccccc1,-7.27157,1
O=C(Cn1c(CO)cnc1SCC(=O)Nc1ccc2c(c1)OCO2)NCc1ccc(F)cc1,-7.79849,1
O=C(Cn1c(SCCOc2ccccc2Cl)[nH+]c2ccccc21)N1CCOCC1,-2.39675,1
O=C(Cn1cc(C(=O)c2ccccc2)c2ccccc21)NCc1ccc2c(c1)OCO2,-5.59822,1
O=C(Cn1cc([N+](=O)[O-])cn1)Nc1ccc(OC(F)(F)F)cc1,-5.24307,1
O=C(Cn1cnc(S(=O)(=O)N2CCCC2)c1)Nc1ccc(-c2ccno2)cc1,-3.63341,1
O=C(Cn1cnc(S(=O)(=O)N2CCOCC2)c1)Nc1ccc(-c2ccno2)cc1,-3.99218,1
O=C(Cn1nnc(-c2ccc(Cl)cc2)n1)N1CCOCC1,-3.8937,1
O=C(N/N=C/c1c[nH]c2ccccc12)c1ccc([N+](=O)[O-])cc1,-4.56605,1
O=C(N/N=C/c1ccc(Cl)cc1)c1ccc(CN2CCOCC2)cc1,-4.47537,1
O=C(N/N=C/c1ccc(Oc2ccc([N+](=O)[O-])cn2)cc1)c1cccc(Cl)c1,-4.5453,1
O=C(N/N=C/c1ccc(Oc2ccc([N+](=O)[O-])cn2)cc1)c1cccc(F)c1,-4.5574,1
O=C(N/N=C/c1ccc(Oc2ccc([N+](=O)[O-])cn2)cc1)c1ccccc1,-4.934,1
O=C(N/N=C/c1ccc([N+](=O)[O-])cc1)c1ccc(O)cc1,-5.79748,1
O=C(N/N=C/c1ccc([N+](=O)[O-])cc1)c1ccc([O-])cc1,-2.46054,1
O=C(N/N=C/c1ccc([N+](=O)[O-])o1)c1cccc(I)c1,-3.70784,1
O=C(N/N=C/c1ccc([N+](=O)[O-])s1)c1cccc(NC(=O)c2cccc(Br)c2)c1,-7.08688,1
O=C(N/N=C/c1ccc2c(c1)OCO2)c1ccc(Br)cc1,-7.05658,1
O=C(N/N=C/c1ccc2c(c1)OCO2)c1ccc(Cl)cc1,-6.34677,1
O=C(N/N=C/c1ccc2c(c1)OCO2)c1ccc(F)cc1,-7.43147,1
O=C(N/N=C/c1cccc(O)c1)c1cc(-c2ccc(Br)s2)[nH]n1,-4.72773,1
O=C(N/N=C/c1cccc(O)c1)c1cc(-c2ccc(Br)s2)n[nH]1,-4.9607,1
O=C(N/N=C/c1cccc(Oc2ccccc2)c1)c1ccncc1,-5.9189,1
O=C(N/N=C/c1ccccc1)c1ccc(CN2CCOCC2)cc1,-3.98263,1
O=C(N/N=C/c1ccccn1)c1ccncc1,-4.9342,1
O=C(N/N=C/c1cccnc1)c1cc(Br)ccc1OCc1ccccc1,-5.02904,1
O=C(N/N=C/c1ccco1)c1ccc(Cl)cc1,-5.33787,1
O=C(N/N=C/c1ccco1)c1ccc(O)cc1,-6.319,1
O=C(N/N=C/c1ccco1)c1ccc([O-])cc1,-3.31229,1
O=C(N/N=C/c1ccco1)c1cccc(Br)c1,-5.31979,1
O=C(N/N=C/c1ccco1)c1cccc(NC(=O)c2ccccc2)c1,-2.55022,1
O=C(N/N=C/c1ccncc1)c1ccc(NC(=O)c2cccc([N+](=O)[O-])c2)cc1,-4.34995,1
O=C(N/N=C\c1c[nH]c2ccccc12)c1ccc(O)cc1,-6.6541,1
O=C(N/N=C\c1c[nH]c2ccccc12)c1ccc([O-])cc1,-2.7646,1
O=C(N/N=C\c1ccco1)c1ccc(Br)cc1,-4.5075,1
O=C(NC(=S)Nc1cccc(-c2nc3ncccc3o2)c1)c1ccc(F)cc1,-6.31863,1
O=C(NC(=S)Nc1cccc(-c2nc3ncccc3o2)c1)c1ccccc1,-6.88428,1
O=C(NCC(=O)N1CCC(c2nc(-c3ccc(Cl)cc3)no2)CC1)c1ccco1,-7.34673,1
O=C(NCC(=O)N1CCC(c2nc(-c3ccc(Cl)cc3)no2)CC1)c1cccs1,-6.09246,1
O=C(NCCCN1CCOCC1)C1CCN(S(=O)(=O)Cc2ccc(F)cc2)CC1,-2.12026,1
O=C(NCCCN1CCOCC1)c1cc(-c2ccccc2)c(N2CCCC2)s1,-4.97202,1
O=C(NCCCN1CCOCC1)c1nc(-c2ccc(C(F)(F)F)cc2)no1,-4.52452,1
O=C(NCCCO)C1CCN(c2ccc(Sc3ccc(Br)cc3)nn2)CC1,-6.49783,1
O=C(NCCCO)c1nn(-c2ccc(F)cc2)nc1CO,-3.77982,1
O=C(NCCCO)c1nnc(Cc2ccc(F)cc2Cl)o1,-6.72743,1
O=C(NCCCO)c1nnc(Cc2ccc3c(c2)OCO3)o1,-6.77672,1
O=C(NCCC[NH+]1CCOCC1)N[C@@H]1COc2ccccc2C1,-3.4152,1
O=C(NCCC[NH+]1CCOCC1)N[C@H]1COc2ccccc2C1,-5.00276,1
O=C(NCCCc1[nH+]c2ccccc2n1CCCOc1ccccc1)c1ccco1,-6.48101,1
O=C(NCCN1CCOCC1)C1CCN(c2ccc(-c3ccc(Br)s3)nn2)CC1,-3.21154,1
O=C(NCCN1CCOCC1)c1cc(-c2ccccc2)c(N2CCCCCC2)s1,-4.66585,1
O=C(NCCO)c1nc(-c2ccccc2)n(-c2cccc(Cl)c2)n1,-4.58272,1
O=C(NCCO)c1nn(-c2ccccc2Cl)nc1CO,-5.90411,1
O=C(NCCO)c1nnc(Cc2ccc3c(c2)OCO3)o1,-4.63461,1
O=C(NCCSCc1ccco1)C1CCN(S(=O)(=O)Cc2ccc(Cl)cc2)CC1,-4.13596,1
O=C(NCCc1[nH+]c2ccccc2n1CCCOc1ccc(Cl)cc1)c1ccco1,-3.47057,1
O=C(NCCc1[nH+]c2ccccc2n1CCOc1ccc(Cl)cc1)c1ccco1,-4.41108,1
O=C(NCCc1[nH+]c2ccccc2n1Cc1ccccc1)c1ccco1,-5.14369,1
O=C(NCCc1ccccc1)C1CCN(c2nc3cccnc3s2)CC1,-3.60633,1
O=C(NCCc1ccccc1)[C@@H]1CCCN(S(=O)(=O)c2ccc3[n-]c(=O)oc3c2)C1,-7.0675,1
O=C(NCCc1ccccc1)[C@H]1CCCN(S(=O)(=O)c2ccc3[nH]c(=O)oc3c2)C1,-6.00083,1
O=C(NCCc1ccco1)c1ccc(NC(=O)N2CCCCc3ccccc32)cc1,-5.65347,1
O=C(NCCc1csc2nc(-c3cccc(F)c3)nn12)c1ccc2c(c1)OCO2,-5.56564,1
O=C(NCCc1nc2ccccc2n1CCCOc1ccc(Cl)cc1)c1ccco1,-4.77733,1
O=C(NCCc1nc2ccccc2n1CCOc1ccccc1Cl)c1ccco1,-6.59659,1
O=C(NCCc1nc2ccccc2n1Cc1ccccc1)c1ccco1,-6.82013,1
O=C(NC[C@@H](c1ccc2c(c1)OCO2)N1CCN(c2ccccc2)CC1)c1ccc(F)c(F)c1,-5.35874,1
O=C(NC[C@@H](c1cccnc1)[NH+]1CCOCC1)c1ccc2c(c1)OCO2,-3.85992,1
O=C(NC[C@@H]1CCCO1)c1ccc(CSc2nc3cc[nH+]cc3n2Cc2ccccc2F)cc1,-3.57752,1
O=C(NC[C@H](c1ccc2c(c1)OCO2)N1CCN(c2ccc(F)cc2)CC1)c1ccc2c(c1)OCO2,-3.91098,1
O=C(NC[C@H](c1ccc2c(c1)OCO2)N1CCN(c2ccccc2)CC1)c1ccc2c(c1)OCO2,-4.27381,1
O=C(NC[C@H](c1ccc2c(c1)OCO2)[NH+]1CCN(c2ccccc2)CC1)c1ccc2c(c1)OCO2,-4.78223,1
O=C(NC[C@H](c1ccc2c(c1)OCO2)[NH+]1CCN(c2ccccc2)CC1)c1ccccc1F,-4.89291,1
O=C(NC[C@H](c1ccc2c(c1)OCO2)[NH+]1CCN(c2ccccc2)CC1)c1ccco1,-5.35875,1
O=C(NC[C@H](c1ccc2c(c1)OCO2)[NH+]1CCN(c2ccccc2F)CC1)c1ccc([N+](=O)[O-])cc1,-4.432,1
O=C(NC[C@H](c1ccc2c(c1)OCO2)[NH+]1CCN(c2ccccc2F)CC1)c1cccc(Cl)c1,-5.02999,1
O=C(NC[C@H](c1ccc2c(c1)OCO2)[NH+]1CCN(c2ccccc2F)CC1)c1cccc(F)c1,-4.84542,1
O=C(NC[C@H](c1ccc2c(c1)OCO2)[NH+]1CCN(c2ccccc2F)CC1)c1ccccc1,-5.08377,1
O=C(NC[C@H](c1cccs1)S(=O)(=O)c1ccc(F)cc1)c1ccc([N+](=O)[O-])cc1,-2.19185,1
O=C(NC[C@H]1CCCO1)c1cc(Sc2ccc(Cl)cc2)nc2ccccc12,-5.92006,1
O=C(NC[C@H]1CCCO1)c1ccc(Cn2c(SCc3ccc(F)cc3)nc3ccncc32)cc1,-5.50379,1
O=C(NC[C@H]1CCCO1)c1ccc2c(c1)CCCN2S(=O)(=O)c1ccc(Cl)cc1,-5.0382,1
O=C(NCc1[nH+]c2ccccc2n1CCCCOc1ccccc1)c1ccco1,-3.39863,1
O=C(NCc1[nH+]c2ccccc2n1CCOc1ccc(Cl)cc1)c1ccco1,-4.25443,1
O=C(NCc1ccc(Cl)cc1)c1cc(-c2cccc(O)c2)on1,-7.32808,1
O=C(NCc1ccc(F)cc1)C1CCN(c2cnccn2)CC1,-6.37607,1
O=C(NCc1ccc(F)cc1)[C@@H]1CCCN(S(=O)(=O)c2ccc3[nH]c(=O)ccc3c2)C1,-5.07985,1
O=C(NCc1ccc2c(c1)CCN2C(=O)c1ccc(F)cc1)c1ccco1,-4.67322,1
O=C(NCc1ccc2c(c1)CCN2C(=O)c1ccccc1)c1ccco1,-5.13307,1
O=C(NCc1ccc2c(c1)OCO2)C1CCN(c2ncnc3onc(-c4cccc(F)c4)c23)CC1,-4.66136,1
O=C(NCc1ccc2c(c1)OCO2)c1cc(-c2ccccc2)nc2ccccc12,-5.8153,1
O=C(NCc1ccc2c(c1)OCO2)c1nc(S(=O)(=O)Cc2ccccc2)ncc1Cl,-4.37018,1
O=C(NCc1ccccc1)C1CCN(c2cnccn2)CC1,-6.34732,1
O=C(NCc1ccccc1)[C@@H]1CCCN(S(=O)(=O)c2ccc3[nH]c(=O)ccc3c2)C1,-6.21582,1
O=C(NCc1ccccc1)[C@H]1CCCN(S(=O)(=O)c2ccc3[nH]c(=O)ccc3c2)C1,-4.90725,1
O=C(NCc1ccccc1)c1cc(-c2cccc(O)c2)on1,-6.64279,1
O=C(NCc1ccccc1)c1ccc(Cl)c(NC2=[NH+][C@@H]3CS(=O)(=O)C[C@@H]3S2)c1,-1.1556,1
O=C(NCc1ccccc1Cl)C1CCN(C(=O)c2cccn2-c2cccnc2)CC1,-3.69279,1
O=C(NCc1ccccn1)c1cc2n(n1)CCCN(Cc1ccc(F)cc1)C2=O,-4.92539,1
O=C(NCc1ccccn1)c1nc(Cn2c(C(F)(F)F)nc3ccccc32)no1,-5.425,1
O=C(NCc1cccnc1)C1CCN(S(=O)(=O)Cc2ccc(Cl)cc2)CC1,-4.93457,1
O=C(NCc1cccnc1)C1CCN(S(=O)(=O)Cc2ccccc2)CC1,-5.96372,1
O=C(NCc1cccnc1)C1CCN(S(=O)(=O)c2cccc3nonc23)CC1,-4.43712,1
O=C(NCc1cccnc1)c1cc(-c2ccccc2)nc2ccccc12,-7.32347,1
O=C(NCc1cccnc1)c1ccc(CN2C(=O)CSc3ncccc32)cc1,-6.85508,1
O=C(NCc1cccnc1)c1cccc(NC(=O)c2nsc3ccccc23)c1,-5.37181,1
O=C(NCc1cccnc1)c1cccn1-c1nnc(N2CCCCC2)s1,-5.37783,1
O=C(NCc1cccnc1)c1cnc2sc(N3CCCCC3)nn2c1=O,-6.20287,1
O=C(NCc1cccnc1)c1nc(CS(=O)(=O)c2ccc(Cl)cc2)no1,-6.691,1
O=C(NCc1cccnc1)c1nc(CS(=O)(=O)c2ccccc2)no1,-5.24705,1
O=C(NCc1cccnc1)c1nn(-c2ccc(Cl)cc2)nc1CO,-7.1032,1
O=C(NCc1cccnc1)c1nn(-c2ccc(F)cc2)nc1CO,-6.08657,1
O=C(NCc1ccco1)C1CCN(C(=O)c2cnn(-c3ccccc3)c2-n2cccc2)CC1,-6.37195,1
O=C(NCc1ccco1)C1CCN(c2ccc(Sc3ccc(Br)cc3)nn2)CC1,-5.18759,1
O=C(NCc1ccco1)C1CCN(c2ncnc3c2sc2ncccc23)CC1,-5.79477,1
O=C(NCc1ccco1)[C@@H]1CN(S(=O)(=O)c2ccccc2)c2cc(Cl)ccc2O1,-4.39209,1
O=C(NCc1ccco1)c1ccc2c(c1)CCCN2S(=O)(=O)c1ccc(Cl)cc1,-4.98729,1
O=C(NCc1ccco1)c1ccccc1NC(=O)[C@@H]1CCCN(S(=O)(=O)c2cccs2)C1,-2.01802,1
O=C(NCc1ccncc1)C1CCN(S(=O)(=O)Cc2ccc(Cl)cc2)CC1,-5.67452,1
O=C(NCc1ccncc1)C1CCN(S(=O)(=O)Cc2ccc(F)cc2)CC1,-5.75866,1
O=C(NCc1ccncc1)c1cc(-c2ccc(Cl)cc2)on1,-6.00412,1
O=C(NCc1nc(-c2ccc(Cl)cc2)no1)c1ccco1,-6.31407,1
O=C(NCc1nc(-c2ccc3c(c2)Sc2ccccc2C(=O)N3C2CC2)no1)c1ccco1,-7.29717,1
O=C(N[C@@H]1CC(=O)N(c2ccc(Cl)cc2)C1)c1cccs1,-5.42684,1
O=C(N[C@@H]1CC(=O)N(c2ccc(F)cc2)C1)c1ccc2c(c1)OCO2,-6.53834,1
O=C(N[C@H]1CC(=O)N(c2ccc(F)cc2)C1)c1ccc2c(c1)OCO2,-5.6124,1
O=C(N[C@]1(C(F)(F)F)NC(=O)N(c2ccc(OC(F)(F)F)cc2)C1=O)c1ccccc1,-1.19985,1
O=C(N[C@]1(C(F)(F)F)NC(=O)N(c2ccc(OC(F)(F)F)cc2)C1=O)c1ccccc1F,-0.940162,1
O=C(N[C@]1(C(F)(F)F)[N-]C(=O)N(c2ccc(OC(F)(F)F)cc2)C1=O)c1ccccc1F,-3.65921,1
O=C(Nc1c(C(=O)N2CCN(c3ncccn3)CC2)oc2ccccc12)c1c(F)cccc1F,-4.04672,1
O=C(Nc1c(C(=O)N2CCN(c3ncccn3)CC2)oc2ccccc12)c1ccccc1F,-2.79131,1
O=C(Nc1c2c(nn1-c1ccc([N+](=O)[O-])cc1)CS(=O)(=O)C2)c1cccc(C(F)(F)F)c1,-3.92503,1
O=C(Nc1c2c(nn1-c1cccc(Cl)c1)CS(=O)(=O)C2)c1ccc([N+](=O)[O-])cc1,-3.09039,1
O=C(Nc1cc(Cl)ccc1O)c1cc(-c2ccc(O)cc2)on1,-6.40758,1
O=C(Nc1cc(Cl)ccc1O)c1cc(-c2ccc([O-])cc2)on1,-3.35393,1
O=C(Nc1cc(F)ccc1F)c1cc(-c2cccnc2)on1,-6.32418,1
O=C(Nc1ccc(-c2nc3ncccc3o2)cc1)c1ccc(I)cc1,-6.61187,1
O=C(Nc1ccc(-c2nc3ncccc3o2)cc1)c1ccc([N+](=O)[O-])cc1,-6.92968,1
O=C(Nc1ccc(-c2nc3ncccc3o2)cc1)c1cccc([N+](=O)[O-])c1,-7.27926,1
O=C(Nc1ccc(-c2nc3ncccc3o2)cc1)c1ccccc1,-7.69144,1
O=C(Nc1ccc(Br)cc1)C1CCN(c2cnccn2)CC1,-6.54921,1
O=C(Nc1ccc(Br)cc1)c1cccs1,-6.21195,1
O=C(Nc1ccc(Br)cc1)c1cnn(-c2ccc([N+](=O)[O-])cc2)c1C1CC[NH2+]CC1,-3.85746,1
O=C(Nc1ccc(C(=O)N2CCC(c3nc(-c4ccccc4)no3)CC2)cc1)c1ccco1,-7.53458,1
O=C(Nc1ccc(Cl)cc1)N1CCN(Cc2ccc3c(c2)OCO3)CC1,-3.60193,1
O=C(Nc1ccc(Cl)cc1)[C@H]1CCCN(c2nc3cccnc3s2)C1,-5.81126,1
O=C(Nc1ccc(Cl)cc1)c1cc(-c2ccncc2)[nH]n1,-5.2796,1
O=C(Nc1ccc(Cl)cc1)c1cccs1,-6.50263,1
O=C(Nc1ccc(Cl)cc1)c1cnn(-c2ccc([N+](=O)[O-])cc2)c1C1CC[NH2+]CC1,-4.16528,1
O=C(Nc1ccc(Cl)cc1F)c1ccc(-c2noc(C3CC3)n2)cc1,-3.89946,1
O=C(Nc1ccc(F)c(Cl)c1)c1cc(-c2ccc(O)cc2)on1,-6.58815,1
O=C(Nc1ccc(F)c(Cl)c1)c1cc(-c2ccc([O-])cc2)on1,-2.81032,1
O=C(Nc1ccc(F)cc1)C1CCN(c2cnccn2)CC1,-5.07038,1
O=C(Nc1ccc(F)cc1)Nc1nnc(SCC(=O)N2CCOCC2)s1,-4.37135,1
O=C(Nc1ccc(F)cc1)[C@@H]1CC(=O)N(Cc2ccc3c(c2)OCO3)/C(=N/c2ccccc2)S1,-4.90814,1
O=C(Nc1ccc(F)cc1)[C@@H]1CCCN(S(=O)(=O)c2ccc3[n-]c(=O)oc3c2)C1,-5.83279,1
O=C(Nc1ccc(F)cc1)[C@H]1CC(=O)[N+](Cc2ccc3c(c2)OCO3)=C(Nc2ccccc2)S1,-3.72597,1
O=C(Nc1ccc(F)cc1)[C@H]1CCCN(S(=O)(=O)c2ccc3[n-]c(=O)oc3c2)C1,-0.656231,1
O=C(Nc1ccc(F)cc1)[C@H]1CCCN(S(=O)(=O)c2ccc3[nH]c(=O)oc3c2)C1,-4.17684,1
O=C(Nc1ccc(F)cc1)[C@H]1CCCN(c2nc3cccnc3s2)C1,-5.90015,1
O=C(Nc1ccc(F)cc1)c1ccc2snnc2c1,-4.32142,1
O=C(Nc1ccc(F)cc1)c1nnc(CSCC(=O)N2CCC3(CC2)OCCO3)s1,-5.73508,1
O=C(Nc1ccc(F)cc1F)c1cc(-c2cccnc2)on1,-6.21174,1
O=C(Nc1ccc(I)cc1)c1cccs1,-6.07522,1
O=C(Nc1ccc(N2CCn3c([nH+]c4ccccc43)C2)cc1Cl)c1ccco1,-4.8737,1
O=C(Nc1ccc(NC(=O)c2ccc([N+](=O)[O-])o2)cc1Cl)c1ccco1,-4.91896,1
O=C(Nc1ccc(NC(=O)c2cccs2)cc1)c1cccs1,-5.18096,1
O=C(Nc1ccc(OC(F)(F)F)cc1)[C@@H]1CCCN(S(=O)(=O)c2ccc3[nH]c(=O)oc3c2)C1,-4.92194,1
O=C(Nc1ccc(OC(F)(F)F)cc1)[C@@H]1CCCN1S(=O)(=O)c1cccc2nsnc12,-1.72934,1
O=C(Nc1ccc(OC(F)(F)F)cc1)[C@H]1CCCN(S(=O)(=O)c2ccc3[nH]c(=O)oc3c2)C1,-4.3162,1
O=C(Nc1ccc(OC(F)(F)F)cc1)c1cc(-c2ccccc2O)on1,-5.04148,1
O=C(Nc1ccc(OC(F)(F)F)cc1)c1cc(-c2ccccc2[O-])on1,-3.51101,1
O=C(Nc1ccc(OC(F)(F)F)cc1)c1cc(-c2cccnc2)on1,-6.06937,1
O=C(Nc1ccc(S(=O)(=O)[N-]c2ncccn2)cc1)c1nn(-c2ccc(Cl)cc2)ccc1=O,-2.63904,1
O=C(Nc1ccc(S(=O)(=O)[N-]c2ncccn2)cc1)c1nn(-c2cccc(Cl)c2)ccc1=O,-3.82637,1
O=C(Nc1ccc2c(c1)N(C(=O)c1ccco1)CCC2)c1ccccc1Br,-1.51289,1
O=C(Nc1ccc2c(c1)N(C(=O)c1ccco1)CCC2)c1ccco1,-0.74263,1
O=C(Nc1ccc2c(c1)OCO2)c1cc(-c2ccc(Br)cc2)on1,-3.21887,1
O=C(Nc1ccc2c(c1)OCO2)c1cc(-c2ccc(Cl)cc2)on1,-4.01824,1
O=C(Nc1ccc2c(c1)OCO2)c1cc(-c2ccc(F)cc2)on1,-5.19615,1
O=C(Nc1ccc2c(c1)OCO2)c1cc(-c2ccc([O-])cc2)on1,-1.87387,1
O=C(Nc1ccc2c(c1)OCO2)c1cc(-c2ccc3c(c2)OCO3)on1,-6.14376,1
O=C(Nc1ccc2c(c1)[nH+]c1n2CCN(Cc2ccccc2)C1)c1ccco1,-6.62594,1
O=C(Nc1ccc2c(c1)nc1n2CC[N@@H+](Cc2ccccc2)C1)c1ccco1,-7.05096,1
O=C(Nc1ccc2c(c1)nc1n2CC[N@H+](CCc2ccccc2)C1)c1ccco1,-4.46958,1
O=C(Nc1ccc2c(c1)nc1n2CC[N@H+](Cc2ccccc2)C1)c1ccco1,-4.81071,1
O=C(Nc1ccc2nc(SCc3cc(=O)n4nc(C5CC5)sc4n3)sc2c1)c1ccco1,-4.74608,1
O=C(Nc1cccc(-c2nc3ccccc3[nH]2)c1)c1ccc([N+](=O)[O-])cc1,-1.95759,1
O=C(Nc1cccc(-c2nc3cccnc3s2)c1)C1CC1,-5.30643,1
O=C(Nc1cccc(-c2nc3ncccc3o2)c1)c1ccccc1,-6.09373,1
O=C(Nc1cccc(-c2noc(C3CC3)n2)c1)[C@H]1CC(=O)N(c2ccccc2)C1,-3.64179,1
O=C(Nc1cccc(-n2cnnn2)c1)c1ccc(Br)cc1,-4.16204,1
O=C(Nc1cccc(-n2cnnn2)c1)c1ccccc1,-4.17694,1
O=C(Nc1cccc(C(=O)N2CCC(c3nc(-c4ccc(F)cc4)no3)CC2)c1)c1ccco1,-4.81341,1
O=C(Nc1cccc(C(F)(F)F)c1)[C@@H]1CCCN(S(=O)(=O)c2ccc3[n-]c(=O)oc3c2)C1,-5.75345,1
O=C(Nc1cccc(C(F)(F)F)c1)[C@@H]1CCCN(S(=O)(=O)c2ccc3[nH]c(=O)oc3c2)C1,-6.56332,1
O=C(Nc1cccc(C(F)(F)F)c1)[C@H]1CCCN(S(=O)(=O)c2ccc3[n-]c(=O)oc3c2)C1,-1.6706,1
O=C(Nc1cccc(C(F)(F)F)c1)c1cc(-c2ccc3c(c2)OCCO3)on1,-4.43133,1
O=C(Nc1cccc(C(F)(F)F)c1)c1cc(-c2ccc3c(c2)OCO3)on1,-5.38079,1
O=C(Nc1cccc(Cl)c1)c1cc(-c2ccc3c(c2)OCCO3)on1,-4.93743,1
O=C(Nc1cccc(Cl)c1)c1nnc(CCCC(=O)N2CCOCC2)s1,-3.93936,1
O=C(Nc1cccc(F)c1)C1CCN(C(=O)c2ccc(-c3noc(C4CC4)n3)cc2)CC1,-3.69829,1
O=C(Nc1cccc(F)c1)C1CCN(S(=O)(=O)c2ccc3[nH]c(=O)ccc3c2)CC1,-4.89135,1
O=C(Nc1cccc(F)c1)c1nnc(CCCC(=O)N2CCOCC2)s1,-5.99522,1
O=C(Nc1cccc(F)c1)c1nnc(COCC(=O)N2CCC3(CC2)OCCO3)s1,-4.84319,1
O=C(Nc1cccc(O)c1)c1cc(S(=O)(=O)N2CCCCCC2)ccc1Cl,-5.0374,1
O=C(Nc1ccccc1)c1cccc(-c2noc(C3CCC3)n2)c1,-3.49762,1
O=C(Nc1ccccc1)c1cccs1,-6.21161,1
O=C(Nc1ccccc1)c1nnc(CCCC(=O)N2CCC3(CC2)OCCO3)s1,-5.20723,1
O=C(Nc1ccccc1)c1nnc(CCCC(=O)N2CCOCC2)s1,-5.22567,1
O=C(Nc1ccccc1)c1nnc(CSCC(=O)N2CCC3(CC2)OCCO3)s1,-6.84053,1
O=C(Nc1ccccc1C(=O)N/N=C/c1c[nH]c2ccccc12)c1ccc([N+](=O)[O-])cc1,-5.0224,1
O=C(Nc1ccccc1F)c1cc(-c2cccnc2)on1,-6.41124,1
O=C(Nc1cccnc1)C1CCN(S(=O)(=O)Cc2c(F)cccc2Cl)CC1,-3.6061,1
O=C(Nc1cccnc1)c1nn(-c2ccc(F)cc2)ccc1=O,-5.61046,1
O=C(Nc1nc(-c2ccc(F)cc2)cs1)c1c(-c2ccccc2)nc2n1CCS2(=O)=O,-3.50072,1
O=C(Nc1nc(-c2ccc(F)cc2)cs1)c1cccnc1,-5.5154,1
O=C(Nc1nc(-c2cccc([N+](=O)[O-])c2)cs1)c1ccncc1,-5.51228,1
O=C(Nc1nc(-c2ccccc2)cs1)c1ccco1,-7.64034,1
O=C(Nc1nccs1)[C@@H]1CC(=O)N(c2ccc(Br)cc2)C1,-5.13671,1
O=C(Nc1nccs1)[C@@H]1CC(=O)N(c2ccc(Cl)cc2)C1,-6.05791,1
O=C(Nc1nccs1)[C@@H]1CC(=O)N(c2ccccc2)C1,-4.97297,1
O=C(Nc1nn2c(-c3cccc(Cl)c3)nnc2s1)C1CC1,-5.31325,1
O=C(OC[C@@H]1CCCO1)c1ccc2c(c1)N(Cc1ccccc1F)C(=O)c1ccccc1S2(=O)=O,-6.51778,1
O=C(OC[C@H]1CCCO1)c1ccc2c(c1)N(Cc1ccccc1F)C(=O)c1ccccc1S2(=O)=O,-4.43107,1
O=C(OCc1cc(=O)n2nc(C3CC3)sc2n1)c1cccc(NC(=O)c2ccco2)c1,-4.70386,1
O=C([C@@H]1COc2cc(S(=O)(=O)NCc3cccnc3)ccc2O1)N1CCCCC1,-1.54649,1
O=C([C@H]1COc2ccccc2O1)N(Cc1cccnc1)c1nc2c(F)cc(F)cc2s1,-4.74069,1
O=C([C@H]1COc2ccccc2O1)N(Cc1cccnc1)c1nc2c(F)cccc2s1,-4.48737,1
O=C([N-]C(=S)Nc1cccc(-c2nc3ncccc3o2)c1)c1ccccc1,-5.60276,1
O=C([N-]c1nc(-c2cccc([N+](=O)[O-])c2)cs1)c1ccncc1,-2.28393,1
O=C([N-]c1nc2c(s1)C[N@@H+](Cc1ccccc1)CC2)c1ccc([N+](=O)[O-])cc1,-1.6476,1
O=C([N-]c1nnc(SCC(=O)N2CCOCC2)s1)Nc1ccc(F)cc1,-2.24167,1
O=C([O-])C1CCN([C@@H]2CC(=O)N(c3cccc(Cl)c3)C2=O)CC1,-4.20546,1
O=C([O-])C1CCN([C@H]2CC(=O)N(c3cccc(Cl)c3)C2=O)CC1,-4.69068,1
O=C([O-])CCC(=O)/N=C1/S[C@H]2CS(=O)(=O)C[C@H]2N1Cc1ccccc1Cl,-5.02062,1
O=C([O-])CCC(=O)N1N=C(c2ccc(Br)cc2)C[C@H]1c1cccc([N+](=O)[O-])c1,-3.48162,1
O=C([O-])CCC(=O)Nc1ccc(S(=O)(=O)N2CCCCCC2)cc1,-3.82291,1
O=C([O-])CCCC(=O)Nc1nc2n(n1)[C@@H](c1ccccc1)C=C(c1ccc(Cl)cc1)N2,-3.21029,1
O=C([O-])CN1C(=O)COc2ccc(Cl)cc21,-4.93161,1
O=C([O-])COc1ccccc1/C=N/NC(=O)CSc1nc2ccccc2s1,-9.21964,1
O=C([O-])COc1ccccc1/C=c1\sc2nc3ccccc3n2c1=O,-5.60168,1
O=C([O-])CSc1nnc2c3ccccc3n(CCc3ccccc3)c2n1,-6.26182,1
O=C([O-])C[C@@H]1S/C(=N/N=C/c2ccc(Br)cc2)NC1=O,-5.14136,1
O=C([O-])C[C@@H]1S/C(=N/N=C/c2ccc(Cl)cc2)NC1=O,-5.5216,1
O=C([O-])C[C@H](NC(=O)c1ccc(F)cc1)c1ccc(Cl)cc1,1.41036,1
O=C([O-])C[C@H]1S/C(=N/N=C/c2ccc(Br)cc2)NC1=O,-5.3752,1
O=C([O-])C[C@H]1S/C(=N/N=C/c2ccc(Cl)cc2)NC1=O,-5.55096,1
O=C([O-])Cn1c(SCCOc2ccccc2)nc2ccccc21,-4.81874,1
O=C([O-])[C@@H]1CC(=O)[N+](Cc2ccc(Cl)cc2)=C(Nc2ccc(F)cc2)S1,-2.20834,1
O=C([O-])[C@@H]1CC(=O)[N+](Cc2ccccc2)=C(Nc2ccc(Cl)cc2)S1,-2.40489,1
O=C([O-])[C@@H]1CC(=O)[N+](Cc2ccccc2)=C(Nc2ccc(F)cc2)S1,-2.27212,1
O=C([O-])[C@@H]1CC(=O)[N+](Cc2ccccc2)=C(Nc2ccc(OC(F)(F)F)cc2)S1,-0.436804,1
O=C([O-])[C@@H]1CCCN(S(=O)(=O)c2ccc(Br)cc2)C1,-3.53146,1
O=C([O-])[C@@H]1CCCN(S(=O)(=O)c2ccc(Cl)cc2)C1,-3.81104,1
O=C([O-])[C@H]1CC(=O)[N+](Cc2ccc(Cl)cc2)=C(Nc2ccc(F)cc2)S1,-3.03809,1
O=C([O-])[C@H]1CC(=O)[N+](Cc2ccc(Cl)cc2)=C(Nc2ccccc2)S1,-3.25959,1
O=C([O-])[C@H]1CC(=O)[N+](Cc2ccccc2)=C(Nc2ccc(Cl)cc2)S1,-3.00732,1
O=C([O-])[C@H]1CC(=O)[N+](Cc2ccccc2)=C(Nc2ccc(F)cc2)S1,-3.29401,1
O=C([O-])[C@H]1CC[N@@H+](Cc2cc3ccccc3n2Cc2ccc(F)cc2)CC1,-4.58606,1
O=C([O-])c1cc(-c2ccc(O)cc2)nc2n[nH]c(-c3ccc(Br)cc3)c12,-5.75891,1
O=C([O-])c1cc2n(n1)[C@@H](C(F)(F)F)C[C@H](c1ccc(F)cc1)N2,-3.84854,1
O=C([O-])c1ccc(-c2cc(C(=O)[O-])c3c(-c4ccc(Br)cc4)[nH]nc3n2)cc1,-4.62602,1
O=C([O-])c1ccc(-c2ccc(/C=c3/sc4nc5ccccc5n4c3=O)o2)cc1,-5.11931,1
O=C([O-])c1ccc(-n2c(/C=C\c3ccc([N+](=O)[O-])cc3)nc3ccccc3c2=O)cc1,-5.44407,1
O=C([O-])c1ccc(-n2nnnc2SCC(=O)N2CCCCC2)cc1,-5.73503,1
O=C([O-])c1ccc(CNS(=O)(=O)c2cccc3nsnc23)cc1,-5.4251,1
O=C([O-])c1ccc(CSc2nc3n(n2)[C@@H](c2ccc(Cl)cc2)C2=C(O)CCC=C2N3)cc1,-6.56968,1
O=C([O-])c1ccc(CSc2nc3n(n2)[C@@H](c2ccc(Cl)cc2)C2=C([O-])CCC=C2N3)cc1,-3.51943,1
O=C([O-])c1ccc(CSc2nc3n(n2)[C@@H](c2ccc(F)cc2)C2=C(O)CCC=C2N3)cc1,-6.91554,1
O=C([O-])c1ccc(CSc2nc3n(n2)[C@@H](c2ccc(F)cc2)C2=C([O-])CCC=C2N3)cc1,-4.13289,1
O=C([O-])c1ccc(CSc2nc3n(n2)[C@@H](c2cccc(Cl)c2)C2=C(O)CCC=C2N3)cc1,-4.46033,1
O=C([O-])c1ccc(CSc2nc3n(n2)[C@@H](c2cccc(Cl)c2)C2=C([O-])CCC=C2N3)cc1,-4.56296,1
O=C([O-])c1ccc(CSc2nc3n(n2)[C@@H](c2ccccc2F)C2=C(O)CCC=C2N3)cc1,-4.81284,1
O=C([O-])c1ccc(CSc2nc3n(n2)[C@H](c2ccc(Cl)cc2)C2=C(O)CCC=C2N3)cc1,-4.64082,1
O=C([O-])c1ccc(CSc2nc3n(n2)[C@H](c2ccc(Cl)cc2)C2=C([O-])CCC=C2N3)cc1,-3.97934,1
O=C([O-])c1ccc(CSc2nc3n(n2)[C@H](c2ccc(F)cc2)C2=C(O)CCC=C2N3)cc1,-4.44599,1
O=C([O-])c1ccc(CSc2nc3n(n2)[C@H](c2ccc(F)cc2)C2=C([O-])CCC=C2N3)cc1,-4.37479,1
O=C([O-])c1ccc(CSc2nc3n(n2)[C@H](c2cccc(Cl)c2)C2=C(O)CCC=C2N3)cc1,-4.66785,1
O=C([O-])c1ccc(CSc2nc3n(n2)[C@H](c2cccc(Cl)c2)C2=C([O-])CCC=C2N3)cc1,-4.56488,1
O=C([O-])c1ccc(CSc2nc3n(n2)[C@H](c2ccccc2F)C2=C([O-])CCC=C2N3)cc1,-4.35628,1
O=C([O-])c1ccc(N2C(=O)C[C@@H](N3CCN(Cc4ccc5c(c4)OCO5)CC3)C2=O)cc1,-3.85552,1
O=C([O-])c1ccc(N2C(=O)C[C@@H](N3CCN(Cc4ccccc4)CC3)C2=O)cc1,-1.90209,1
O=C([O-])c1ccc(N2C(=O)C[C@@H]([N@H+]3CC[C@H](Cc4ccccc4)CC3)C2=O)cc1,-5.2951,1
O=C([O-])c1ccc(N2C(=O)C[C@@H]([NH+]3CCN(c4cccc(C(F)(F)F)c4)CC3)C2=O)cc1,-3.82107,1
O=C([O-])c1ccc(N2C(=O)C[C@H](N3CCC(Cc4ccccc4)CC3)C2=O)cc1,-2.08658,1
O=C([O-])c1ccc(N2C(=O)C[C@H](N3CCN(Cc4ccccc4)CC3)C2=O)cc1,-2.54954,1
O=C([O-])c1ccc(N2C(=O)C[C@H](N3CCN(c4cccc(C(F)(F)F)c4)CC3)C2=O)cc1,-5.5131,1
O=C([O-])c1ccc(N2C(=O)C[C@H]([N@H+]3CC[C@H](Cc4ccccc4)CC3)C2=O)cc1,-3.8807,1
O=C([O-])c1ccc(N2C(=O)C[C@H]([NH+]3CCN(Cc4ccccc4)CC3)C2=O)cc1,-4.38292,1
O=C([O-])c1ccc(N2C(=O)c3cccc4c([N+](=O)[O-])ccc(c34)C2=O)cc1,-5.11361,1
O=C([O-])c1ccc(NC(=O)[C@@H]2CC(=O)N(Cc3ccccc3)/C(=N/c3ccc(F)cc3)S2)cc1,-4.30705,1
O=C([O-])c1ccc(NC(=O)[C@@H]2CC(=O)[N+](CCc3ccccc3)=C(Nc3ccc(F)cc3)S2)cc1,-2.7154,1
O=C([O-])c1ccc(NC(=O)[C@@H]2CC(=O)[N+](Cc3ccccc3)=C(Nc3ccc(F)cc3)S2)cc1,-4.0063,1
O=C([O-])c1ccc(NC(=O)[C@H]2CC(=O)N(Cc3ccccc3)/C(=N/c3ccc(F)cc3)S2)cc1,-4.04303,1
O=C([O-])c1ccc(NC(=O)c2ccc(Cl)c([N+](=O)[O-])c2)cc1,-5.05744,1
O=C([O-])c1ccc(NC(=O)c2cccc(S(=O)(=O)N3CCOCC3)c2)cc1,-4.76106,1
O=C([O-])c1ccc(NC(=O)c2cccs2)cc1,-5.6,1
O=C([O-])c1ccc(NC(=O)c2nc(-n3cnnc3)ccc2Br)cc1,-5.11227,1
O=C([O-])c1ccc(NC(=O)c2nccnc2C(=O)[O-])cc1,-6.923,1
O=C([O-])c1ccc(Nc2c(-c3cccc(Cl)c3)nc3cnccn23)cc1,-5.10365,1
O=C([O-])c1ccc(Nc2nc3ccc(Cl)cc3n3cnnc23)cc1,-6.53784,1
O=C([O-])c1ccc(S(=O)(=O)c2ccc3c(c2)C(=O)N(c2ccncc2)C3=O)cc1,-5.83006,1
O=C([O-])c1ccc([C@@H]2Nc3ccc(Cl)cc3[C@H]3OCCC[C@H]32)cc1,-4.63494,1
O=C([O-])c1ccc([C@@H]2Nc3ccc(Cl)cc3[C@H]3OCC[C@H]32)cc1,-5.36161,1
O=C([O-])c1ccc([C@@H]2Nc3ccc(F)cc3[C@H]3OCCC[C@H]32)cc1,-4.81634,1
O=C([O-])c1ccc([C@H]2Nc3ccc(Br)cc3[C@H]3OCCC[C@@H]23)cc1,-5.594,1
O=C([O-])c1ccc([C@H]2Nc3ccc(Cl)cc3[C@H]3OCCC[C@@H]23)cc1,-6.42384,1
O=C([O-])c1ccc([C@H]2Nc3ccc(Cl)cc3[C@H]3OCC[C@@H]23)cc1,-6.56894,1
O=C([O-])c1ccc([C@H]2Nc3ccc(F)cc3[C@H]3OCCC[C@@H]23)cc1,-6.75509,1
O=C([O-])c1cccc(NC(=O)c2cccc(S(=O)(=O)N3CCOCC3)c2)c1,-4.27566,1
O=C([O-])c1cccc(Nc2c(-c3ccc([N+](=O)[O-])cc3)nc3cnccn23)c1,-6.60215,1
O=C([O-])c1cccc(Nc2c(-c3cccc(O)c3)nc3cnccn23)c1,-6.99239,1
O=C([O-])c1cnn2c(C(F)(F)F)cc(-c3ccc(Br)cc3)nc12,-4.23235,1
O=C([O-])c1cnn2c(C(F)(F)F)cc(-c3ccc(F)cc3)nc12,-4.72406,1
O=C([O-])c1nccnc1C(=O)Nc1ccc([N+](=O)[O-])cc1,-6.16013,1
O=C(c1cc(-c2ccc(Br)cc2)[nH]n1)N1CCN(Cc2ccc3c(c2)OCO3)CC1,-3.13083,1
O=C(c1cc(-c2ccc(Cl)cc2)n[nH]1)N1CCN(c2ncccn2)CC1,0.497737,1
O=C(c1ccc(F)c(Cl)c1)N1CCN(c2ccc(-c3noc(C4CC4)n3)cc2)CC1,-3.30305,1
O=C(c1cccc(Br)c1)N1CCN(c2ccc(-c3noc(C4CC4)n3)cc2)CC1,-3.15914,1
O=C(c1cccc(NC(=O)N2CCSc3ncccc32)c1)N1CCC2(CC1)OCCO2,0.624485,1
O=C(c1cccc(NC(=O)N2CCSc3ncccc32)c1)N1CCN(c2ncccn2)CC1,-4.53897,1
O=C(c1ccccc1Cl)N1CCN(c2ccc([N+](=O)[O-])c(NCc3ccco3)c2)CC1,-6.94643,1
O=C(c1ccco1)N1CCCc2cc([N-]S(=O)(=O)c3ccccc3)ccc21,0.328825,1
O=C(c1ccco1)N1CCN(C(=O)c2ccc(C[S@@](=O)c3cccc(Cl)c3)o2)CC1,-0.726497,1
O=C(c1ccco1)N1CCN(S(=O)(=O)c2ccccc2)CC1,-3.00422,1
O=C(c1ccco1)N1CCN(c2ccc([N+](=O)[O-])c(NCc3ccco3)c2)CC1,-6.26435,1
O=C(c1cccs1)N1CCN(Cc2cc(=O)n3nc(-c4ccc(Cl)cc4)sc3n2)CC1,-4.70115,1
O=C(c1cccs1)N1CCN(Cc2cc(=O)n3nc(-c4ccc(F)cc4)sc3n2)CC1,-5.23036,1
O=C/C=C/c1cccc(-c2cnc(Cc3ccccc3)n2[C@H]2CCC[NH2+]C2)c1,-8.807,1
O=C1CCCN2N=C(SCC(=O)Nc3ccc(Br)cc3)SC2=N1,-5.87305,1
O=C1CCCN2N=C(SCC(=O)Nc3ccc(Cl)cc3)SC2=N1,-5.64746,1
O=C1CCCN2N=C(SCC(=O)Nc3ccc([N+](=O)[O-])cc3)SC2=N1,-4.95793,1
O=C1CCCc2cc(S(=O)(=O)N3CCC[C@H](C(=O)NCc4ccccc4)C3)ccc2N1,-6.43127,1
O=C1CCCc2cc(S(=O)(=O)N3CCC[C@H](C(=O)Nc4ccc(F)cc4)C3)ccc2N1,-5.42595,1
O=C1CCCc2cc(S(=O)(=O)N3CCC[C@H](C(=O)Nc4ccccc4)C3)ccc2N1,-5.52091,1
O=C1CCCc2cc(S(=O)(=O)NC[C@H]3CC[C@@H](C(=O)NCc4ccccc4)CC3)ccc2N1,-6.6994,1
O=C1CCSc2ccc(S(=O)(=O)NCc3ccc(Br)cc3)cc2N1,-5.3444,1
O=C1CCSc2ccc(S(=O)(=O)NCc3ccc(Cl)cc3)cc2N1,-5.52323,1
O=C1COc2ccc(-c3csc(NC(=O)c4ccc(Br)cc4)n3)cc2N1,-7.15495,1
O=C1COc2ccc(-c3csc(NC(=O)c4ccc(F)cc4)n3)cc2N1,-7.44048,1
O=C1COc2ccc(NC(=O)c3ccc(Br)cc3)cc2N1,-6.19859,1
O=C1COc2ccc(NC(=O)c3ccc(Cl)cc3)cc2N1,-4.62401,1
O=C1COc2ccc(NC(=O)c3ccc(F)cc3)cc2N1,-5.75961,1
O=C1COc2ccc(NC(=O)c3ccc([N+](=O)[O-])cc3)cc2N1,-7.4699,1
O=C1COc2ccc(S(=O)(=O)N3CCC(C(=O)NCCCc4ccccc4)CC3)cc2N1,-6.25261,1
O=C1COc2ccc(S(=O)(=O)N3CCN(C(=O)Cc4ccc(Br)cc4)CC3)cc2N1,-6.39045,1
O=C1COc2ccc(S(=O)(=O)N3CCN(C(=O)Cc4ccc(Cl)cc4)CC3)cc2N1,-6.57061,1
O=C1COc2ccc(S(=O)(=O)N3CCN(C(=O)c4cccc(Br)c4)CC3)cc2N1,-7.26491,1
O=C1COc2ccc(S(=O)(=O)N3CCN(C(=O)c4cccc(Cl)c4)CC3)cc2N1,-7.17638,1
O=C1COc2ccc(S(=O)(=O)N3CCN(C(=O)c4cccc(F)c4)CC3)cc2N1,-7.45583,1
O=C1C[C@@H](C(=O)Nc2ccc(C(=O)[O-])cc2)SC(Nc2ccccc2)=N1,-4.26123,1
O=C1C[C@@H](C(=O)Nc2ccc([N+](=O)[O-])cc2)NC(Nc2ccc(F)cc2)=N1,-3.55717,1
O=C1C[C@@H](N2CCN(CCO)CC2)C(=O)N1c1ccc(Br)cc1,-5.12111,1
O=C1C[C@@H](N2CCN(CCO)CC2)C(=O)N1c1ccc(F)cc1,-5.47233,1
O=C1C[C@@H](N2CCN(CCO)CC2)C(=O)N1c1ccccc1,-5.98848,1
O=C1C[C@@H](N2CCN(c3ccc(O)cc3)CC2)C(=O)N1c1ccc(F)cc1,-5.34737,1
O=C1C[C@@H](N2CC[NH+](CCO)CC2)C(=O)N1c1ccc(Br)cc1,-6.01811,1
O=C1C[C@@H](N2CC[NH+](CCO)CC2)C(=O)N1c1ccc(F)cc1,-6.10314,1
O=C1C[C@@H](N2CC[NH+](Cc3ccc4c(c3)OCO4)CC2)C(=O)N1c1ccc(Br)cc1,-4.4593,1
O=C1C[C@@H](NCc2ccco2)C(=O)N1c1ccc(OC(F)(F)Cl)cc1,-4.28479,1
O=C1C[C@@H]([N@H+]2CC[C@@H](C(=O)[O-])CC2)C(=O)N1c1cccc(Cl)c1,-4.13067,1
O=C1C[C@@H]([NH+]2CCN(CCO)CC2)C(=O)N1c1ccc(Br)cc1,-6.11644,1
O=C1C[C@@H]([NH+]2CCN(CCO)CC2)C(=O)N1c1ccc(F)cc1,-6.36426,1
O=C1C[C@@H]([NH+]2CCN(CCO)CC2)C(=O)N1c1ccccc1,-5.0677,1
O=C1C[C@@H]([NH+]2CCN(Cc3ccc4c(c3)OCO4)CC2)C(=O)N1c1ccc(Cl)cc1,-3.55344,1
O=C1C[C@@H]([NH+]2CCN(Cc3ccc4c(c3)OCO4)CC2)C(=O)N1c1ccc(F)cc1,-3.52699,1
O=C1C[C@@H]([NH+]2CCN(c3ccc(O)cc3)CC2)C(=O)N1c1ccc(F)cc1,-3.1961,1
O=C1C[C@@H]([NH2+]Cc2ccco2)C(=O)N1c1ccc(F)cc1,-5.12616,1
O=C1C[C@@H]([NH2+]Cc2ccco2)C(=O)N1c1ccc(I)cc1,-4.37376,1
O=C1C[C@@H]([NH2+]Cc2ccco2)C(=O)N1c1ccc(OC(F)(F)Cl)cc1,-5.74158,1
O=C1C[C@@H](c2ccc(Cl)cc2)Cc2nc(N3CCN(Cc4ccc5c(c4)OCO5)CC3)ncc21,-2.79013,1
O=C1C[C@@H](c2ccc(F)cc2)Cc2nc(N3CCN(Cc4ccc5c(c4)OCO5)CC3)ncc21,-3.19032,1
O=C1C[C@@H](c2ccc(F)cc2)Cc2nc(N3CC[NH+](Cc4ccc5c(c4)OCO5)CC3)ncc21,-5.3931,1
O=C1C[C@@H](c2cccc(O)c2)C2=C([O-])N=C(SCc3cccc(Cl)c3)NC2=N1,-6.29689,1
O=C1C[C@@H](c2cccc(O)c2)c2c([nH]c(SCc3cccc(Cl)c3)nc2=O)N1,-5.35096,1
O=C1C[C@@H](c2cccc(O)c2)c2c(nc(SCc3cccc(Cl)c3)[nH]c2=O)N1,-5.88134,1
O=C1C[C@@H](c2ccccc2)Cc2nc(N3CC[NH+](Cc4ccc5c(c4)OCO5)CC3)ncc21,-5.48153,1
O=C1C[C@@H](c2ccccc2F)Cc2nc(N3CCN(c4ccccn4)CC3)ncc21,-2.61623,1
O=C1C[C@@H](c2ccco2)Cc2[nH]c(=O)c(C(=O)Nc3ccc(Cl)cc3)cc21,-4.69861,1
O=C1C[C@@H](c2ccco2)Cc2[nH]c(=O)c(C(=O)Nc3ccc(F)cc3)cc21,-4.75347,1
O=C1C[C@@H](c2ccco2)Cc2[nH]c(=O)c(C(=O)Nc3ccc(O)cc3)cc21,-4.8515,1
O=C1C[C@@H](c2ccco2)Cc2[nH]c(=O)c(C(=O)Nc3cccc(F)c3)cc21,-4.97629,1
O=C1C[C@@H](c2ccco2)Cc2[nH]c(=O)c(C(=O)Nc3ccccc3)cc21,-5.24885,1
O=C1C[C@@H](c2cccs2)Cc2nc(N3CC[NH+](Cc4ccc5c(c4)OCO5)CC3)ncc21,-4.33886,1
O=C1C[C@@H](c2nc(-c3ccc(N4CCOCC4)cc3)no2)CN1c1ccccc1,-4.89109,1
O=C1C[C@@H](c2nc(-c3ccc4c(c3)OCO4)no2)CN1c1ccc(Cl)cc1,-4.90192,1
O=C1C[C@@H](c2nc(-c3ccc4c(c3)OCO4)no2)CN1c1ccc(F)cc1,-5.80231,1
O=C1C[C@@H](c2nc(-c3ccccc3)no2)CN1c1ccc2c(c1)OCO2,-6.38126,1
O=C1C[C@@H](c2nc(-c3ccccn3)no2)CN1c1cccc(Cl)c1,-6.74974,1
O=C1C[C@@H](c2nc(-c3cccnc3)no2)CN1c1ccc2c(c1)OCO2,-4.96429,1
O=C1C[C@@H](c2nc(-c3ccncc3)no2)CN1c1ccc2c(c1)OCO2,-5.21861,1
O=C1C[C@@H](c2nc3ccccc3n2CCN2CCOCC2)CN1c1ccc(Cl)cc1,-3.11966,1
O=C1C[C@H](C(=O)Nc2ccc(C(=O)[O-])cc2)S/C(=N\c2ccccc2)N1,-6.42489,1
O=C1C[C@H](C(=O)Nc2ccc(C(=O)[O-])cc2)SC(Nc2ccccc2)=[NH+]1,-0.557536,1
O=C1C[C@H](N2CCN(CCO)CC2)C(=O)N1c1ccc(Br)cc1,-5.22767,1
O=C1C[C@H](N2CCN(CCO)CC2)C(=O)N1c1ccc(F)cc1,-2.80222,1
O=C1C[C@H](N2CCN(CCO)CC2)C(=O)N1c1ccccc1,-5.57102,1
O=C1C[C@H](N2CCN(Cc3ccc4c(c3)OCO4)CC2)C(=O)N1c1cccc(C(F)(F)F)c1,-4.63897,1
O=C1C[C@H](N2CC[NH+](CCO)CC2)C(=O)N1c1ccc(Br)cc1,-6.40147,1
O=C1C[C@H](N2CC[NH+](CCO)CC2)C(=O)N1c1ccc(F)cc1,-7.11749,1
O=C1C[C@H](N2CC[NH+](CCO)CC2)C(=O)N1c1ccccc1,-6.89265,1
O=C1C[C@H](N2CC[NH+](Cc3ccc4c(c3)OCO4)CC2)C(=O)N1c1ccc(F)cc1,-4.53469,1
O=C1C[C@H](N2CC[NH+](Cc3ccc4c(c3)OCO4)CC2)C(=O)N1c1ccc(OC(F)(F)Cl)cc1,-5.15362,1
O=C1C[C@H](NCc2ccco2)C(=O)N1c1ccc(Br)cc1,-4.47115,1
O=C1C[C@H](NCc2ccco2)C(=O)N1c1ccc(F)cc1,-4.84762,1
O=C1C[C@H](NCc2ccco2)C(=O)N1c1ccc(I)cc1,-4.30632,1
O=C1C[C@H](NCc2ccco2)C(=O)N1c1ccc(OC(F)(F)Cl)cc1,-5.55218,1
O=C1C[C@H](Nc2ccc(O)cc2)C(=O)N1c1ccccc1,-6.16211,1
O=C1C[C@H]([NH+]2CCN(CCO)CC2)C(=O)N1c1ccc(Br)cc1,-6.30392,1
O=C1C[C@H]([NH+]2CCN(CCO)CC2)C(=O)N1c1ccc(F)cc1,-6.41763,1
O=C1C[C@H]([NH+]2CCN(CCO)CC2)C(=O)N1c1ccccc1,-6.29875,1
O=C1C[C@H]([NH+]2CCN(Cc3ccc4c(c3)OCO4)CC2)C(=O)N1c1ccc(Br)cc1,-4.4688,1
O=C1C[C@H]([NH+]2CCN(Cc3ccc4c(c3)OCO4)CC2)C(=O)N1c1ccc(Cl)cc1,-4.72146,1
O=C1C[C@H]([NH+]2CCN(Cc3ccc4c(c3)OCO4)CC2)C(=O)N1c1ccc(F)cc1,-4.17701,1
O=C1C[C@H]([NH+]2CCN(Cc3ccc4c(c3)OCO4)CC2)C(=O)N1c1cccc(C(F)(F)F)c1,-3.25724,1
O=C1C[C@H]([NH2+]Cc2ccco2)C(=O)N1c1ccc(Br)cc1,-5.01279,1
O=C1C[C@H]([NH2+]Cc2ccco2)C(=O)N1c1ccc(F)cc1,-5.18446,1
O=C1C[C@H]([NH2+]Cc2ccco2)C(=O)N1c1ccc(I)cc1,-4.8007,1
O=C1C[C@H]([NH2+]Cc2ccco2)C(=O)N1c1ccc(OC(F)(F)Cl)cc1,-3.4786,1
O=C1C[C@H](c2ccco2)Cc2[nH]c(=O)c(C(=O)NCc3ccc(Cl)cc3)cc21,-4.86104,1
O=C1C[C@H](c2nc(-c3ccncc3)no2)CN1c1ccc2c(c1)OCO2,-5.36049,1
O=C1C[C@H](c2nc(-c3ccncc3)no2)CN1c1cccc(Cl)c1,-5.95566,1
O=C1N/C(=N/N=C/c2ccco2)S[C@@H]1Cc1ccc(Cl)cc1,-6.40837,1
O=C1N/C(=N/N=C/c2ccco2)S[C@@H]1Cc1ccccc1,-6.16704,1
O=C1N/C(=N/N=C/c2ccco2)S[C@H]1Cc1ccc(Cl)cc1,-6.34449,1
O=C1N/C(=N/N=C/c2ccco2)S[C@H]1Cc1ccccc1,-6.41145,1
O=C1N/C(=N\N=C\c2ccco2)S[C@H]1Cc1cccc(Cl)c1,-5.42685,1
O=C1NC2(CCN(C(=O)Nc3ccc4c(c3)OCO4)CC2)N=C1c1cccc(F)c1,-4.00067,1
O=C1NC2(CCN(C(=O)Nc3ccc4c(c3)OCO4)CC2)N=C1c1ccccc1,-5.39967,1
O=C1NCCC[C@H]1O,-8.336,1
O=C1N[C@H](c2ccc([N+](=O)[O-])cc2)[C@@H](C(=O)c2ccccc2)[C@@](O)(C(F)(F)F)N1,-4.68559,1
O=C1OC(c2ccc(Cl)cc2)=N/C1=C\Nc1ccc(C(=O)[O-])cc1,-6.45509,1
O=C1OC(c2ccc(Cl)cc2)=N/C1=C\Nc1ccc(O)cc1,-6.91538,1
O=C1OC(c2ccc([N+](=O)[O-])cc2)=N/C1=C/Nc1ccc(C(=O)[O-])cc1,-5.17935,1
O=C1OC(c2ccccc2Br)=N/C1=C\Nc1ccc(C(=O)[O-])cc1,-6.58474,1
O=C1OCC2=C1[C@@H](c1ccc3c(c1)OCO3)CC(=O)N2c1cccc(C(F)(F)F)c1,-5.12646,1
O=C1O[C@@H](OC(=O)c2ccccc2)C(Nc2ccc(C(=O)[O-])cc2)=C1Cl,-4.5459,1
O=C1O[C@H](OC(=O)c2ccccc2)C(Nc2ccc(C(=O)[O-])cc2)=C1Cl,-6.49552,1
O=C1c2ccc([N+](=O)[O-])cc2C(=O)N1CNc1ccc(Br)cc1,-4.9586,1
O=C1c2ccc([N+](=O)[O-])cc2C(=O)N1CNc1ccc(F)cc1,-5.1702,1
O=C1c2ccc([N+](=O)[O-])cc2C(=O)N1CNc1ccc(I)cc1,-4.28394,1
O=C1c2cccc3c([N+](=O)[O-])ccc(c23)C(=O)N1c1ccc(O)cc1,-5.66021,1
O=C1c2ccccc2[C@H](Nc2ccc(F)cc2)N1Cc1ccc2c(c1)OCO2,-4.94315,1
O=C1c2cccnc2C(=O)N1Cc1ccc(F)cc1S(=O)(=O)NCc1cccnc1,-4.73332,1
O=C1c2cccnc2C(=O)N1Cc1ccc(S(=O)(=O)[N-]c2cc(F)ccc2F)s1,-4.27073,1
O=C1c2cccnc2C(=O)N1Cc1ccc(S(=O)(=O)[N-]c2ccc(-c3ccno3)cc2)s1,-4.39552,1
O=C1c2cccnc2[C@H](Nc2cccc([N+](=O)[O-])c2)N1Cc1ccco1,-5.46148,1
O=CCCCCCNC(=O)Cn1cnc2cnc(Nc3ccccc3)nc21,-8.698,1
O=CNC(=O)/C=C/c1cccc(-c2[nH+]cc(Cc3ccccc3)n2CCc2ccccc2)c1,-8.89,1
O=CNC(=O)/C=C/c1cccc(-c2[nH]c(Cc3ccccc3)c[nH+]2)c1,-9.984,1
O=CNC(=O)/C=C/c1cccc(-c2c[nH+]c(-c3ccccc3)n2CCc2ccccc2)c1,-8.043,1
O=CNC(=O)/C=C/c1cccc(-c2c[nH+]c(Cc3ccccc3)[nH]2)c1,-10.38,1
O=CNC(=O)/C=C/c1cccc(-c2c[nH+]cn2CCc2ccccc2)c1,-10.92,1
O=CNC(=O)/C=C/c1cccc(-c2cnc(Cc3ccccc3)n2[C@H]2CCC[NH2+]C2)c1,-10.78,1
O=CNC(=O)/C=C/c1cccc(-c2nc(Cc3ccccc3)c[nH]2)c1,-10.07,1
O=CNC(=O)/C=C/c1cccc(-c2nc(Cc3ccccc3)cn2CCN2CCOCC2)c1,-9.823,1
O=CNC(=O)COc1ccc(CCNC(=O)Cc2ccccc2)cc1,-10.22,1
O=CNC(=O)c1ccc(CN2C(=O)c3ccccc3C2=O)cc1,-10.06,1
O=CNC(=O)c1ccc(CN2CC(=O)N(Cc3cccc(Cl)c3)CC2=O)cc1,-11.37,1
O=CNC(=O)c1ccc(CN2CC(=O)N(Cc3ccccc3)CC2=O)cc1,-11.0,1
O=CNC(=O)c1ccc(CN2CC(=O)N(Cc3ccccc3Cl)CC2=O)cc1,-10.96,1
O=CNC(=O)c1ccc(CN2CC(=O)N[C@@H](Cc3ccccc3)C2=O)cc1,-10.73,1
O=CNC(=O)c1ccc(CNC(=O)N2CCC(N3C[C@@H](c4ccccc4)C3=O)CC2)cc1,-10.87,1
O=CNC(=O)c1ccc(COc2ccc(/C=C3\NC(=O)CNC3=O)cc2)cc1,-10.44,1
O=CNC(=O)c1ccc(Cn2c(=O)[nH]c(=O)c3ccccc32)cc1,-9.966,1
O=CNC(=O)c1ccc(Cn2c(=O)[nH]c(=O)c3ccsc32)cc1,-9.442,1
O=CNC(=O)c1ccc(Cn2cnc3ccccc32)c(F)c1,-10.39,1
O=CNC(=O)c1ccc(N[C@@H]2CCN(c3ccc4ncccc4c3)C2=O)cc1,-10.25,1
O=CNC(=O)c1ccc2[nH]ccc2c1,-10.41,1
O=CNC(=O)c1ccccc1,-8.933,1
O=CNc1ccc2[nH]c(=O)ccc2c1,-9.707,1
O=CNc1ccc2c(c1)CCC(=O)N2,-9.879,1
O=CNc1n[nH]c2cc(-c3ccc(Cl)cc3)ccc12,-9.445,1
O=CNc1n[nH]c2cc(-c3cccc(C(F)(F)F)c3)ccc12,-9.202,1
O=CNc1n[nH]c2cc(-c3cccc(Cl)c3)ccc12,-9.333,1
O=CNc1n[nH]c2cc(-c3ccccc3)ccc12,-9.482,1
O=CNc1n[nH]c2cc(-c3ccncc3)ccc12,-9.474,1
O=CNc1n[nH]c2cc(-c3ccsc3)ccc12,-9.521,1
O=CNc1n[nH]c2cc(CN3C(=O)c4cccc(F)c4C3=O)ccc12,-9.513,1
O=CNc1n[nH]c2cc(CN3C(=O)c4ccccc4C3=O)ccc12,-9.466,1
O=CNc1n[nH]c2cc(CN3CC(=O)N(Cc4cccc(Cl)c4)CC3=O)ccc12,-9.237,1
O=CNc1n[nH]c2cc(CN3CC(=O)N(Cc4ccccc4)CC3=O)ccc12,-10.2,1
O=CNc1n[nH]c2cc(CN3CC(=O)N(Cc4ccccc4Cl)CC3=O)ccc12,-10.32,1
O=CNc1n[nH]c2cc(CNC(=O)N3CCC(N4C[C@@H](c5ccccc5)C4=O)CC3)ccc12,-10.86,1
O=CNc1n[nH]c2cc(CNC(=O)c3ccccc3)ccc12,-9.293,1
O=CNc1n[nH]c2cc(COc3ccc(/C=C4\NC(=O)CNC4=O)cc3)ccc12,-9.86,1
O=CNc1n[nH]c2cc(CS(=O)(=O)Nc3ccc4[nH]c(=O)ccc4c3)ccc12,-10.18,1
O=CNc1n[nH]c2cc(Cn3c(=O)[nH]c(=O)c4ccccc43)ccc12,-9.81,1
O=CNc1n[nH]c2cc(Cn3c(=O)[nH]c(=O)c4ccsc43)ccc12,-8.347,1
O=CNc1n[nH]c2cc(Cn3cnc4ccccc43)ccc12,-9.824,1
O=Cc1ccc(CN2C(=O)c3ccccc3C2=O)cc1,-9.03,1
O=Cc1ccc(CNC(=O)N2CCC(N3C[C@@H](c4ccccc4)C3=O)CC2)cc1,-10.05,1
O=Cc1ccc(COc2ccc(/C=C3\NC(=O)CNC3=O)cc2)cc1,-8.591,1
O=Cc1ccc(Cc2ccc3ncn(CCc4ccccc4)c(=O)c3c2)cc1,-9.792,1
O=Cc1ccc(Cn2c(=O)[nH]c(=O)c3ccccc32)cc1,-8.905,1
O=Cc1ccc(Cn2c(=O)[nH]c(=O)c3ccsc32)cc1,-8.971,1
O=Cc1cnc(N2CCC(C[NH2+]Cc3c[nH]c4ccccc34)CC2)nc1,-9.152,1
O=S(=O)(NCCCN1CCOCC1)c1ccc(-c2cc(C(F)(F)F)on2)s1,-1.45053,1
O=S(=O)(NCCC[NH+]1CCCCCC1)c1ccc(-c2cc(C(F)(F)F)on2)s1,-2.6962,1
O=S(=O)(NCCC[NH+]1CCOCC1)c1ccc(-c2cc(C(F)(F)F)on2)s1,-1.85386,1
O=S(=O)(NCCc1nc2ccccc2[nH]1)c1ccccc1,-4.93844,1
O=S(=O)(NCc1ccc(F)cc1)c1ccc(-c2cc(C(F)(F)F)on2)s1,-0.635948,1
O=S(=O)(NCc1ccccc1)c1ccc(-c2nnc(C3CC3)o2)s1,-4.91736,1
O=S(=O)(Nc1ccccc1F)c1ccc(-c2cc(C(F)(F)F)n[nH]2)s1,-4.82503,1
O=S(=O)([N-]c1ccccc1)c1ccc(-c2nnc(C3CCC3)o2)s1,-3.46899,1
O=S(=O)([N-]c1ccccc1F)c1ccc(-c2cc(C(F)(F)F)n[nH]2)s1,-6.11951,1
O=S(=O)(c1ccc(-c2nnc(C3CC3)o2)s1)N1CCN(c2cccc(Cl)c2)CC1,-1.65413,1
O=S(=O)(c1ccc(Br)cc1)N1CCC(c2nc(-c3ccc4c(c3)OCO4)no2)CC1,-3.64357,1
O=S(=O)(c1ccc(Br)cc1)N1CCC(c2nc(-c3cccs3)no2)CC1,-0.574307,1
O=S(=O)(c1ccc(Br)cc1)N1CCC[C@@H](c2nc(-c3cccnc3)no2)C1,-4.43992,1
O=S(=O)(c1ccc(Cl)cc1)c1nc(-c2ccc(F)cc2)oc1NCCCn1ccnc1,-4.97947,1
O=S(=O)(c1ccc(F)cc1)N1CCC(Oc2ccc(-n3cnnn3)cc2)CC1,-2.08616,1
O=S(=O)(c1ccc(F)cc1)[C@H]1N=C(c2ccccc2)O/C1=N/CCN1CCOCC1,-1.67115,1
O=S(=O)(c1ccccc1)[C@@H]1N=C(c2ccc(F)cc2)O/C1=N\Cc1ccc2c(c1)OCO2,-3.74055,1
O=S(=O)(c1ccccc1)c1nc(-c2ccc(F)cc2)oc1[N-]Cc1cccnc1,-5.40392,1
O=S1(=O)N=C(N(CCO)/N=C/c2cccc(O)c2)c2ccccc21,-7.08988,1
O=[N+]([O-])c1c(NCCCO)cc(N2CCCC2)c2nonc12,-6.08419,1
O=[N+]([O-])c1c(NCCCO)cc(N2CCN(c3ccccc3Cl)CC2)c2nonc12,-5.28396,1
O=[N+]([O-])c1c(NCCCO)cc(N2CCN(c3ccccc3F)CC2)c2nonc12,-6.3202,1
O=[N+]([O-])c1c(NCCCO)cc(N2CCOCC2)c2nonc12,-5.65846,1
O=[N+]([O-])c1c(NCCCO)cc(SC2CCCCC2)c2nonc12,-5.41394,1
O=[N+]([O-])c1c(NCCO)cc(Nc2ccc(F)cc2)c2nonc12,-6.49083,1
O=[N+]([O-])c1c(Nc2ccc(O)cc2)cc(N2CCOCC2)c2nonc12,-6.46002,1
O=[N+]([O-])c1cc(-c2nc(-c3ccccc3)no2)ccc1NC[C@@H]1CCCO1,-4.79349,1
O=[N+]([O-])c1cc(-c2nc(-c3cccnc3)no2)ccc1NCc1ccc[nH+]c1,-3.10783,1
O=[N+]([O-])c1cc(-c2nc(-c3cccnc3)no2)ccc1NCc1cccnc1,-5.97504,1
O=[N+]([O-])c1cc(-c2nc(-c3cccnc3)no2)ccc1NCc1ccco1,-5.68608,1
O=[N+]([O-])c1cc(-c2nc(-c3ccco3)no2)ccc1NCc1ccco1,-5.18044,1
O=[N+]([O-])c1cc(-c2nc(-c3ccncc3)no2)ccc1NCc1ccco1,-5.04323,1
O=[N+]([O-])c1cc(-c2noc(-c3cccnc3)n2)ccc1NCc1ccccc1,-4.99845,1
O=[N+]([O-])c1ccc(/C=N/Nc2nc(Nc3ccccc3)nc(N3CCOCC3)n2)cc1,-2.90411,1
O=[N+]([O-])c1ccc(N2CCN(CCO)CC2)cc1NCCOc1ccc(Cl)cc1,-7.45525,1
O=[N+]([O-])c1ccc(N2CCN(CCO)CC2)cc1NCCOc1ccccc1,-7.77398,1
O=[N+]([O-])c1ccc(N2CCN(S(=O)(=O)c3ccccc3)CC2)cc1NCc1cccnc1,-6.20247,1
O=[N+]([O-])c1ccc(N2CC[NH+](CCO)CC2)cc1NCCOc1ccccc1,-7.87903,1
O=[N+]([O-])c1ccc(NC(=S)N2CCN(Cc3ccc4c(c3)OCO4)CC2)cc1,-2.06709,1
O=[N+]([O-])c1ccc(NC(=S)N2CC[NH+](Cc3ccc4c(c3)OCO4)CC2)cc1,-5.83474,1
O=[N+]([O-])c1ccc(NCCCO)c2ncccc12,-6.89343,1
O=[N+]([O-])c1ccc(NCCO)c2ncccc12,-6.75412,1
O=[N+]([O-])c1ccc(S(=O)(=O)N2CCN(Cc3ccc4c(c3)OCO4)CC2)cc1,-4.22185,1
O=[N+]([O-])c1ccc(S(=O)(=O)NCCc2[nH]c3ccccc3[nH+]2)cc1,-3.73897,1
O=[N+]([O-])c1ccc(S(=O)(=O)NCCc2nc3ccccc3[nH]2)cc1,-5.11323,1
O=[N+]([O-])c1ccc(S(=O)(=O)NC[C@@H](c2ccco2)S(=O)(=O)c2ccc(Cl)cc2)cc1,-4.41971,1
O=[N+]([O-])c1ccc(S(=O)(=O)NC[C@H](c2ccco2)S(=O)(=O)c2cccs2)cc1,-4.33123,1
O=[N+]([O-])c1n[n+](-c2ccc3c(c2)OCCO3)n(O)c1Nc1ccc(Cl)cc1,-5.16805,1
O=[N+]([O-])c1nn(-c2ccc(Cl)cc2)[n+]([O-])c1NCCCO,-6.60166,1
O=c1/c(=C/c2cccnc2)sc2n1CN(c1cccc(C(F)(F)F)c1)CN=2,-5.45878,1
O=c1/c(=C/c2ccco2)sc2nc(-c3ccc(F)cc3)nn12,-5.40789,1
O=c1/c(=C/c2ccco2)sc2nc(-c3ccccc3)nn12,-5.30038,1
O=c1/c(=C\c2ccc([O-])cc2)sc2nc3ccccc3n12,-2.80431,1
O=c1/c(=C\c2cccc(O)c2)sc2nc3ccccc3n12,-6.69027,1
O=c1/c(=C\c2cccc([O-])c2)sc2nc3ccccc3n12,-2.31656,1
O=c1[n-]c(SCc2ccc(Cl)cc2)nc2c1cnn2CCO,-5.80721,1
O=c1[n-]c(SCc2ccc(F)cc2)nc2c1cnn2CCO,-5.95122,1
O=c1[n-]c(SCc2ccc([N+](=O)[O-])cc2)nc2c1[C@@H](c1cccc(F)c1)C1=C(O)CCC=C1N2,-4.64969,1
O=c1[n-]c(SCc2ccc([N+](=O)[O-])cc2)nc2c1[C@H](c1cccc(F)c1)C1=C(O)CCC=C1N2,-2.59386,1
O=c1[n-]c(SCc2ccccc2)nc2c1cnn2CCO,-6.27354,1
O=c1c(NCc2ccc3c(c2)OCO3)[nH+]ccn1-c1ccc(F)cc1,-2.30288,1
O=c1c(NCc2ccc3c(c2)OCO3)[nH+]ccn1-c1cccc(Cl)c1,-2.92661,1
O=c1c(NCc2ccc3c(c2)OCO3)nccn1-c1ccc(F)cc1,-5.79371,1
O=c1c(NCc2ccc3c(c2)OCO3)nccn1-c1ccc2c(c1)OCO2,-6.76399,1
O=c1c(NCc2ccc3c(c2)OCO3)nccn1-c1cccc(C(F)(F)F)c1,-5.76091,1
O=c1c2cc3c(cc2nc2sc(Nc4ccc(Br)cc4)nn12)OCO3,-6.10279,1
O=c1cc(C[NH+]2CCN(CCO)CC2)[nH]c2nc(NCc3ccccc3Cl)nn12,-5.68044,1
OCCCNc1nc(Nc2cccc(Cl)c2)c2cnn(-c3ccccc3)c2n1,-6.62365,1
OCCCc1[nH+]c2ccccc2n1Cc1ccccc1,-3.0948,1
OCCCc1[nH]c2ccccc2[nH+]1,-6.11518,1
OCCCc1nc2ccccc2[nH]1,-7.54113,1
OCCN1CCN(c2nc(Nc3ccc(Cl)cc3)c3cnn(-c4ccccc4)c3n2)CC1,-5.61495,1
OCCN1CCN(c2nc(Nc3ccc(F)cc3)c3cnn(-c4ccccc4)c3n2)CC1,-6.52388,1
OCCNc1[nH+]cnc2c1cnn2-c1ccc(Cl)cc1,-3.8168,1
OCCNc1nc(Nc2ccc(OC(F)(F)Cl)cc2)nc(OCC(F)(F)F)n1,-3.94317,1
OCCNc1nc(Nc2ccccc2)c2cnn(-c3ccccc3)c2n1,-4.55489,1
OCCNc1ncnc2c1cnn2-c1ccc(Cl)cc1,-6.27031,1
OCCNc1ncnc2c1cnn2-c1cccc(Cl)c1,-6.47546,1
OCCOCCNc1[nH+]cnc2c1cnn2-c1ccc(Cl)cc1,-3.19314,1
OCCOCCNc1ncnc2c1cnn2-c1ccc(Cl)cc1,-6.32431,1
OCC[NH+]1CCN(c2nc(Nc3ccc(Cl)cc3)c3cnn(-c4ccccc4)c3n2)CC1,-6.11792,1
OCC[NH+]1CCN(c2nc(Nc3ccc(F)cc3)c3cnn(-c4ccccc4)c3n2)CC1,-5.71994,1
ONCCc1c[nH]c2ccccc12,-6.582,1
ONc1ccc2c(c1)C[NH2+]CC2,-9.438,1
ONc1n[nH]c2cc(-c3ccc(Cl)cc3)ccc12,-7.766,1
ONc1n[nH]c2cc(-c3cccc(C(F)(F)F)c3)ccc12,-9.094,1
ONc1n[nH]c2cc(-c3cccc(Cl)c3)ccc12,-8.316,1
ONc1n[nH]c2cc(-c3ccccc3)ccc12,-9.1,1
ONc1n[nH]c2cc(-c3ccccc3Cl)ccc12,-9.556,1
ONc1n[nH]c2cc(-c3ccccc3F)ccc12,-9.12,1
ONc1n[nH]c2cc(-c3ccncc3)ccc12,-9.222,1
ONc1n[nH]c2cc(-c3ccsc3)ccc12,-9.223,1
ONc1n[nH]c2ccccc12,-9.473,1
ONc1nc2ccccc2s1,-10.21,1
Oc1c([C@@H](c2ccccc2Cl)N2CCOCC2)sc2nc(-c3ccco3)nn12,-4.12194,1
Oc1c([C@@H](c2ccccc2F)N2CCOCC2)sc2nc(-c3ccco3)nn12,-5.20319,1
Oc1cc2ccccc2o1,-8.748,1
Oc1ccc(-c2[nH+]c3ccccn3c2Nc2ccc3c(c2)OCCO3)cc1,-5.4793,1
Oc1ccc2c(c1)C[NH2+]CC2,-8.151,1
S=C(NCc1ccc2c(c1)OCO2)Nc1ccc(Cl)cc1,-6.06759,1
S=C(NCc1ccc2c(c1)OCO2)Nc1cccc(Cl)c1,-5.17004,1
[H]/N=C1/NC(=O)C[C@@H](C(=O)Nc2ccc(OC)cc2)S1,-4.77567,1
[H]/N=C1/NC(=O)C[C@H](C(=O)Nc2ccc(OC)cc2)S1,-5.25796,1
[H]/N=C1\NC(=O)C[C@H](C(=O)Nc2ccc(NC(C)=O)cc2)S1,-4.52252,1
[H]/N=C1\[C@H](c2nc3cc(C)ccc3[nH]2)C(=O)CN1c1cccc(O)c1,-4.7498,1
[O-]c1c([C@@H](c2ccccc2Cl)N2CCOCC2)sc2nc(-c3ccco3)nn12,-5.7457,1
[O-]c1c([C@@H](c2ccccc2Cl)[NH+]2CCOCC2)sc2nc(-c3ccco3)nn12,-3.48646,1
[O-]c1c([C@@H](c2ccccc2F)[NH+]2CCOCC2)sc2nc(-c3ccco3)nn12,-3.08631,1
[O-]c1c([C@H](c2cccc(Cl)c2)[NH+]2CCOCC2)sc2nc(-c3ccco3)nn12,-2.47068,1
[O-]c1c([C@H](c2ccccc2)[NH+]2CCOCC2)sc2nc(-c3ccco3)nn12,-3.55847,1
[O-]c1cc(C[N@H+]2CC[N@@H+](CCO)CC2)nc2nc(-c3ccc(Cl)cc3)nn12,-4.29083,1
[O-]c1cc(C[N@H+]2CC[N@@H+](CCO)CC2)nc2nc(NCc3ccccc3Cl)nn12,-3.58615,1
[O-]c1cc(C[N@H+]2CC[N@H+](CCO)CC2)nc2nc(-c3ccc(Cl)cc3)nn12,-4.69359,1
[O-]c1cc(C[N@H+]2CC[N@H+](CCO)CC2)nc2nc(NCc3ccccc3Cl)nn12,-5.82152,1
[O-]c1cc(C[NH+]2CCN(CCO)CC2)nc2nc(-c3ccc(Cl)cc3)nn12,-6.19087,1
[O-]c1cc(C[NH+]2CCN(CCO)CC2)nc2nc(NCc3ccccc3Cl)nn12,-6.12333,1
c1ccc(-n2ncc3c(Nc4ccc5c(c4)OCO5)nc(NC[C@H]4CCCO4)nc32)cc1,-6.00982,1
c1ccc(N2CCN(c3nc(Nc4ccc5c(c4)OCO5)c4cnn(-c5ccccc5)c4n3)CC2)cc1,-4.74621,1
c1ccc(OCc2nc(-c3cccnc3)no2)cc1,-4.36065,1
c1ccc2c(c1)[nH+]cn2Cc1nnc2sc(-c3ccncc3)nn12,-3.92835,1
